_id,operator_registration_number,address,unit,postal_code,property_type,ward_number,ward_name
4330427,STR-2303-GZJKVV,51 Dewson St,2,M6H,Single/Semi-detached House,9,Davenport
4330428,STR-2012-FVBHHD,454 Ruth Ave,,M2M,Single/Semi-detached House,18,Willowdale
4330429,STR-2208-GRWBHG,561 Sherbourne St,3603,M4X,Apartment,13,Toronto Centre
4330430,STR-2209-JCLRVM,91 Hove St,,M3H,Single/Semi-detached House,6,York Centre
4330431,STR-2310-FYTKVR,36 Zorra St,1410,M8Z,Condominium,3,Etobicoke-Lakeshore
4330432,STR-2310-HSKBHY,35 Grant St,,M4M,Single/Semi-detached House,14,Toronto-Danforth
4330433,STR-2311-JCDBHZ,251 Jarvis St,4801,M5B,Condominium,13,Toronto Centre
4330434,STR-2401-HKFKVX,223 Lisgar St,,M6J,Duplex/Triplex/Fourplex,9,Davenport
4330435,STR-2402-HJFKVW,7 Watkinson Ave,104,M6P,Condominium,4,Parkdale-High Park
4330436,STR-2404-FYFRVR,871 SHEPPARD AVE W,39,M3H,Townhouse/ Row House,6,York Centre
4330437,STR-2407-HHJHPW,942 Yonge St,722,M4W,Condominium,11,University-Rosedale
4330438,STR-2408-HVHFBY,327 King St West,3503,M5V,Condominium,10,Spadina-Fort York
4330439,STR-2009-GLDPBG,350 Ossington Ave,,M6J,Townhouse/ Row House,9,Davenport
4330440,STR-2009-GTKPBH,994 Dundas St W,3,M6J,Single/Semi-detached House,11,University-Rosedale
4330441,STR-2009-HSDPBL,59 Claremont St,,M6J,Duplex/Triplex/Fourplex,10,Spadina-Fort York
4330442,STR-2009-HZKPBM,47 Uxbridge Ave,,M6N,Single/Semi-detached House,9,Davenport
4330443,STR-2009-HZLVBM,217 York Mills Rd,,M2L,Single/Semi-detached House,15,Don Valley West
4330444,STR-2009-FFWHBB,9 Highhill Dr,,M1T,Single/Semi-detached House,22,Scarborough-Agincourt
4330445,STR-2009-FPCHBC,235 Seaton St,,M5A,Single/Semi-detached House,13,Toronto Centre
4330446,STR-2009-GDQHBF,153 Parkhurst Blvd,,M4G,Single/Semi-detached House,15,Don Valley West
4330447,STR-2009-GVCHBH,31 Irvington Cres,UL RM 1&2,M2N,Single/Semi-detached House,18,Willowdale
4330448,STR-2009-GFFVBF,67 Niagara St,,M5V,Townhouse/ Row House,10,Spadina-Fort York
4330449,STR-2009-GMLVBG,157 Euclid Ave,,M6J,Single/Semi-detached House,10,Spadina-Fort York
4330450,STR-2009-GVSVBH,217 Bathurst St,Unit 3,M5T,Duplex/Triplex/Fourplex,10,Spadina-Fort York
4330451,STR-2009-FHCHBB,126 Norseman St,,M8Z,Single/Semi-detached House,3,Etobicoke-Lakeshore
4330452,STR-2009-FHSVBB,96 Caithness Ave,,M4J,Single/Semi-detached House,14,Toronto-Danforth
4330453,STR-2009-FQYVBC,71 Kippendavie Ave,,M4L,Single/Semi-detached House,19,Beaches-East York
4330454,STR-2009-GRQHBG,112 George St,1107,M5A,Condominium,13,Toronto Centre
4330455,STR-2009-GHCHBF,30 Nelson St,20,M5V,Townhouse/ Row House,10,Spadina-Fort York
4330456,STR-2009-HWJHBL,243 Seaton St,,M5A,Townhouse/ Row House,13,Toronto Centre
4330457,STR-2009-JDQHBM,155 Yorkville Ave,1816,M5R,Condominium,11,University-Rosedale
4330458,STR-2009-GYFVBH,50 Lotherton Ptwy,815,M6B,Condominium,8,Eglinton-Lawrence
4330459,STR-2009-JFFVBM,270 Cummer Ave,,M2M,Single/Semi-detached House,18,Willowdale
4330460,STR-2009-FKQHBB,14 Bexhill Ave,,M1L,Single/Semi-detached House,20,Scarborough Southwest
4330461,STR-2009-FSWHBC,25 Greensides Ave,,M6G,Single/Semi-detached House,12,Toronto-St. Paul's
4330462,STR-2009-GYWHBH,1568 Dundas St E,,M4L,Single/Semi-detached House,14,Toronto-Danforth
4330463,STR-2009-HQJHBK,11 Sergio Marchi St,,M3L,Single/Semi-detached House,7,Humber River-Black Creek
4330464,STR-2009-FLFVBB,155 Yorkville Ave,1012,M5R,Condominium,11,University-Rosedale
4330465,STR-2009-GBSVBD,205 Howland Ave,,M5R,Single/Semi-detached House,11,University-Rosedale
4330466,STR-2009-FDQKPB,812 Dovercourt Rd,,M6H,Single/Semi-detached House,9,Davenport
4330467,STR-2009-GCJKPF,125 North Carson St,,M8W,Single/Semi-detached House,3,Etobicoke-Lakeshore
4330468,STR-2009-HBCKPJ,415 Palmerston Blvd,Main Unit,M6G,Duplex/Triplex/Fourplex,11,University-Rosedale
4330469,STR-2009-FFFXPB,3981A Bloor St W,,M9B,Single/Semi-detached House,3,Etobicoke-Lakeshore
4330470,STR-2009-FMLXPC,92 Wiley Ave,,M4J,Single/Semi-detached House,14,Toronto-Danforth
4330471,STR-2009-FVSXPD,15 Seneca Ave,,M5J,Single/Semi-detached House,10,Spadina-Fort York
4330472,STR-2009-HJYXPK,1126 Brimley Rd,,M1P,Single/Semi-detached House,21,Scarborough Centre
4330473,STR-2009-HZLXPM,50 Marchmount Rd,,M6G,Single/Semi-detached House,12,Toronto-St. Paul's
4330474,STR-2009-GVCKPH,32 White Birch Rd,,M1N,Single/Semi-detached House,20,Scarborough Southwest
4330475,STR-2009-HCYXPJ,22 Alma Ave,,M6J,Townhouse/ Row House,9,Davenport
4330476,STR-2009-GGLXPF,48 Dundonald St,,M4Y,Single/Semi-detached House,13,Toronto Centre
4330477,STR-2009-GWYXPH,499 Annette St,,M6P,Single/Semi-detached House,4,Parkdale-High Park
4330478,STR-2009-HFFXPJ,99 Hillside Ave,,M8V,Single/Semi-detached House,3,Etobicoke-Lakeshore
4330479,STR-2009-GXQKPH,159 Drayton Ave,,M4C,Single/Semi-detached House,19,Beaches-East York
4330480,STR-2009-FSFXPC,33 Springbank Ave,,M1N,Single/Semi-detached House,20,Scarborough Southwest
4330481,STR-2009-GQYXPG,27 McManus Rd,,M9P,Single/Semi-detached House,2,Etobicoke Centre
4330482,STR-2009-HWYXPL,120 Homewood Ave,2101,M4Y,Condominium,13,Toronto Centre
4330483,STR-2009-FSWKPC,44 McGill St,,M5B,Townhouse/ Row House,13,Toronto Centre
4330484,STR-2009-GBCKPD,69 Flamborough Dr,,M6M,Single/Semi-detached House,5,York South-Weston
4330485,STR-2009-GYWKPH,147 Broadview Ave,,M4M,Single/Semi-detached House,14,Toronto-Danforth
4330486,STR-2009-HXQKPL,1001 Bay St,2703,M5S,Condominium,13,Toronto Centre
4330487,STR-2009-FTLXPC,29 Parsonage Dr,,M1B,Single/Semi-detached House,25,Scarborough-Rouge Park
4330488,STR-2009-GJYXPF,67 Kildonan Dr,,M1N,Single/Semi-detached House,20,Scarborough Southwest
4330489,STR-2009-HHSXPJ,1240 Bloor St W,2,M6H,Apartment,9,Davenport
4330490,STR-2009-HYFXPL,72 Vauxhall Dr,,M1P,Single/Semi-detached House,21,Scarborough Centre
4330491,STR-2009-GKRRPG,32 Glendale Ave,,M6R,Single/Semi-detached House,4,Parkdale-High Park
4330492,STR-2009-GSXRPH,379 Ontario St,,M5A,Single/Semi-detached House,13,Toronto Centre
4330493,STR-2009-HYXRPM,10 Cromarty Dr,,M9W,Single/Semi-detached House,1,Etobicoke North
4330494,STR-2009-GDBDPF,6 Kalmar Ave,5,M1N,Townhouse/ Row House,20,Scarborough Southwest
4330495,STR-2009-GLHDPG,190 Rankin Cres,,M6P,Single/Semi-detached House,9,Davenport
4330496,STR-2009-GDRRPF,19 Churchill Ave,,M6J,Single/Semi-detached House,9,Davenport
4330497,STR-2009-GLXRPG,249 Shaw St,A,M6J,Townhouse/ Row House,10,Spadina-Fort York
4330498,STR-2009-GVDRPH,108 Denton Ave,,M1L,Single/Semi-detached House,20,Scarborough Southwest
4330499,STR-2009-HCKRPJ,263 Old Weston Rd,,M6N,Single/Semi-detached House,9,Davenport
4330500,STR-2009-FPVDPC,105 Sufi Cres,,M4A,Townhouse/ Row House,16,Don Valley East
4330501,STR-2009-GVVDPH,115A Homestead Road,,M1E,Single/Semi-detached House,25,Scarborough-Rouge Park
4330502,STR-2009-FHDRPB,2 Grimthorpe Rd,,M6C,Single/Semi-detached House,12,Toronto-St. Paul's
4330503,STR-2009-FXRRPD,95 Stafford St,,M6J,Townhouse/ Row House,10,Spadina-Fort York
4330504,STR-2009-GPDRPG,31A Dixon Rd,,M9P,Single/Semi-detached House,2,Etobicoke Centre
4330505,STR-2009-HLXRPK,2 Oakhurst Dr,,M2K,Single/Semi-detached House,17,Don Valley North
4330506,STR-2009-HVDRPL,37 Braddock Rd,,M9W,Single/Semi-detached House,1,Etobicoke North
4330507,STR-2009-FHVDPB,158 Hamilton St,,M4M,Single/Semi-detached House,14,Toronto-Danforth
4330508,STR-2009-GGPDPF,36 Maitland St,H04,M4Y,Apartment,13,Toronto Centre
4330509,STR-2009-GXBDPH,8 Trophy Dr,,M4A,Single/Semi-detached House,16,Don Valley East
4330510,STR-2009-HMPDPK,80 MacDonell Ave,,M6R,Single/Semi-detached House,4,Parkdale-High Park
4330511,STR-2009-HVVDPL,691 Shaw St,,M6G,Single/Semi-detached House,11,University-Rosedale
4330512,STR-2009-GQKRPG,88 Markham St,,M6J,Townhouse/ Row House,10,Spadina-Fort York
4330513,STR-2009-GXRRPH,3 Edgedale Rd,,M4X,Single/Semi-detached House,13,Toronto Centre
4330514,STR-2009-JDRRPM,10 Langbourne Pl,,M3B,Single/Semi-detached House,16,Don Valley East
4330515,STR-2009-GYHDPH,6 Havendale Rd,,M1S,Single/Semi-detached House,22,Scarborough-Agincourt
4330516,STR-2009-HGPDPJ,46 Glencoyne Cres,,M1W,Single/Semi-detached House,22,Scarborough-Agincourt
4330517,STR-2009-HPVDPK,246 Jones Ave,,M4M,Single/Semi-detached House,14,Toronto-Danforth
4330518,STR-2009-GRRRPG,16 Cole St,32,M5A,Townhouse/ Row House,13,Toronto Centre
4330519,STR-2009-GYXRPH,55 Tollerton Ave,,M2K,Single/Semi-detached House,17,Don Valley North
4330520,STR-2009-HXRRPL,69 Durie St,,M6S,Single/Semi-detached House,4,Parkdale-High Park
4330521,STR-2009-JFXRPM,10 Earlscourt Ave,,M6E,Single/Semi-detached House,9,Davenport
4330522,STR-2009-FVWKPD,8 Batavia Ave,,M6N,Townhouse/ Row House,5,York South-Weston
4330523,STR-2009-GBVDPD,927 Bathurst St,,M5R,Single/Semi-detached House,11,University-Rosedale
4330524,STR-2009-HRBDPK,28 Kingland Cres,,M2J,Single/Semi-detached House,17,Don Valley North
4330525,STR-2009-FDSXPB,40 Rameau Dr,,M2H,Single/Semi-detached House,17,Don Valley North
4330526,STR-2009-GLJKPG,3773 Kingston Rd,,M1J,Townhouse/ Row House,24,Scarborough-Guildwood
4330527,STR-2009-HBWKPJ,1339 Lansdowne Ave,2,M6H,Single/Semi-detached House,9,Davenport
4330528,STR-2009-HZQKPM,24 Leith Hill Rd,1709,M2J,Apartment,17,Don Valley North
4330529,STR-2009-GDSXPF,19 Candlebrook Cres,,M1W,Single/Semi-detached House,22,Scarborough-Agincourt
4330530,STR-2009-GVFXPH,219 Donlea Dr,,M4G,Single/Semi-detached House,15,Don Valley West
4330531,STR-2009-FGQKPB,84 Pembroke St,2,M5A,Duplex/Triplex/Fourplex,13,Toronto Centre
4330532,STR-2009-FPWKPC,85 Bloor St E,311,M4W,Condominium,11,University-Rosedale
4330533,STR-2009-GMQKPG,155 Yorkville Ave,708,M5R,Condominium,11,University-Rosedale
4330534,STR-2009-GVWKPH,85 Bloor St E,2001,M4W,Condominium,11,University-Rosedale
4330535,STR-2009-HDCKPJ,10 Sulkara Crt,,M4A,Single/Semi-detached House,16,Don Valley East
4330536,STR-2009-JBWKPM,464 Durie St,,M6S,Single/Semi-detached House,4,Parkdale-High Park
4330537,STR-2009-FHFXPB,56 Cumber Ave,,M1E,Single/Semi-detached House,24,Scarborough-Guildwood
4330538,STR-2009-FXSXPD,11 Burlingame Rd,,M8W,Single/Semi-detached House,3,Etobicoke-Lakeshore
4330539,STR-2009-JCLXPM,3112 Dundas St W,2,M6P,Duplex/Triplex/Fourplex,4,Parkdale-High Park
4330540,STR-2009-FRCKPC,48 Hiltz Ave,,M4L,Single/Semi-detached House,14,Toronto-Danforth
4330541,STR-2009-JDCKPM,269 Palmerston Ave,,M6J,Single/Semi-detached House,11,University-Rosedale
4330542,STR-2009-GQLXPG,163 Burnett Ave,,M2N,Single/Semi-detached House,18,Willowdale
4330543,STR-2009-HWLXPL,302 Cook Rd,,M3J,Single/Semi-detached House,7,Humber River-Black Creek
4330544,STR-2010-FZQKPD,143 Northover St,,M3L,Single/Semi-detached House,6,York Centre
4330545,STR-2010-FSYXPC,161 Faywood Blvd,Lower Level,M3H,Single/Semi-detached House,6,York Centre
4330546,STR-2010-GJLXPF,14 York St,4907,M5J,Condominium,10,Spadina-Fort York
4330547,STR-2010-JFYXPM,67 Lynvalley Cres,,M1R,Single/Semi-detached House,21,Scarborough Centre
4330548,STR-2010-GSJKPG,96 Mitchell Ave,Basement,M6J,Townhouse/ Row House,10,Spadina-Fort York
4330549,STR-2010-HRVDPL,480 Vaughan Rd,Unit 1,M6C,Duplex/Triplex/Fourplex,12,Toronto-St. Paul's
4330550,STR-2010-GMBDPG,14 York St,812,M5J,Condominium,10,Spadina-Fort York
4330551,STR-2010-GMRRPG,161 Angus Dr,,M2J,Single/Semi-detached House,17,Don Valley North
4330552,STR-2010-HTRRPL,13 Marshall St,,M6K,Townhouse/ Row House,9,Davenport
4330553,STR-2010-GWPDPH,143 Sorauren Ave,1,M6R,Single/Semi-detached House,4,Parkdale-High Park
4330554,STR-2010-GXVDPH,75 Thorncliffe Park Dr,815,M4H,Apartment,15,Don Valley West
4330555,STR-2010-HPHDPK,199 Mammoth Hall Trl,,M1B,Single/Semi-detached House,23,Scarborough North
4330556,STR-2010-FKDRPB,34 Columbus Ave,,M6R,Single/Semi-detached House,4,Parkdale-High Park
4330557,STR-2010-FZRRPD,5229 Dundas St W,2112,M9B,Condominium,3,Etobicoke-Lakeshore
4330558,STR-2010-HPXRPK,232 Woburn Ave,,M5M,Single/Semi-detached House,8,Eglinton-Lawrence
4330559,STR-2010-HXDRPL,347 Cedarvale Ave,,M4C,Single/Semi-detached House,19,Beaches-East York
4330560,STR-2010-JFKRPM,187 Hullmar Dr,,M3N,Single/Semi-detached House,7,Humber River-Black Creek
4330561,STR-2010-FKVDPB,10 Mountain Ash Crt,Lower level,M9C,Single/Semi-detached House,2,Etobicoke Centre
4330562,STR-2010-HHHDPJ,178 Hopedale Ave,,M4K,Single/Semi-detached House,14,Toronto-Danforth
4330563,STR-2010-HHXRPJ,73 Beaconsfield Ave,Lower Level,M6J,Single/Semi-detached House,9,Davenport
4330564,STR-2010-HRWKPL,39 Granby St,,M5B,Townhouse/ Row House,13,Toronto Centre
4330565,STR-2010-GTSXPH,105 Oakridge Dr,,M1M,Single/Semi-detached House,20,Scarborough Southwest
4330566,STR-2010-GMCKPG,13 Stephenson Ave,,M4C,Single/Semi-detached House,19,Beaches-East York
4330567,STR-2010-HKWKPK,2388 St Clair Ave W,,M6N,Single/Semi-detached House,5,York South-Weston
4330568,STR-2010-JBJKPM,140 Woodbine Ave,,M4L,Single/Semi-detached House,19,Beaches-East York
4330569,STR-2010-FXFXPD,6 Springbank Ave,,M1N,Single/Semi-detached House,20,Scarborough Southwest
4330570,STR-2010-GFLXPF,323 Delaware Ave,,M6H,Single/Semi-detached House,9,Davenport
4330571,STR-2010-HLLXPK,492 Ontario St,,M4X,Townhouse/ Row House,13,Toronto Centre
4330572,STR-2010-FQQKPC,972 Danforth Ave,2,M4J,Apartment,14,Toronto-Danforth
4330573,STR-2010-GGCKPF,31 Tracy St,,M5A,Single/Semi-detached House,13,Toronto Centre
4330574,STR-2010-GPYXPG,2690 Danforth Ave,A,M4C,Apartment,19,Beaches-East York
4330575,STR-2010-HMSXPK,311 Salem Ave,,M6H,Single/Semi-detached House,9,Davenport
4330576,STR-2010-FJQKPB,14 York St,4811,M5J,Condominium,10,Spadina-Fort York
4330577,STR-2010-GQQKPG,12 York St,2107,M5J,Condominium,10,Spadina-Fort York
4330578,STR-2010-HGCKPJ,57 Gloucester St,,M4Y,Townhouse/ Row House,13,Toronto Centre
4330579,STR-2010-HWQKPL,531 St Clarens Ave,,M6H,Single/Semi-detached House,9,Davenport
4330580,STR-2010-HQQKPK,366 Renforth Dr,,M9C,Single/Semi-detached House,2,Etobicoke Centre
4330581,STR-2010-GKFXPF,91B Claremont St,,M6J,Single/Semi-detached House,10,Spadina-Fort York
4330582,STR-2010-GZSXPH,919 Palmerston Ave,,M6G,Single/Semi-detached House,11,University-Rosedale
4330583,STR-2010-HHYXPJ,45 Cambridge Ave,,M4K,Single/Semi-detached House,14,Toronto-Danforth
4330584,STR-2010-HRFXPK,37 Dixon Ave,,M4L,Single/Semi-detached House,19,Beaches-East York
4330585,STR-2010-FVKRPD,654 Adelaide St W,,M6J,Single/Semi-detached House,10,Spadina-Fort York
4330586,STR-2010-GKXRPG,69 Harlow Cres,Main Floor,M9V,Single/Semi-detached House,1,Etobicoke North
4330587,STR-2010-HRXRPL,55 Bremner Blvd,2409,M5J,Condominium,10,Spadina-Fort York
4330588,STR-2010-FFPDPB,145 Kitchener Ave,,M6E,Single/Semi-detached House,9,Davenport
4330589,STR-2010-GLPDPG,55 Bremner Blvd,1609,M5J,Condominium,10,Spadina-Fort York
4330590,STR-2010-HZVDPM,75 Normandy Blvd,,M4L,Single/Semi-detached House,19,Beaches-East York
4330591,STR-2010-GMDRPG,29 Golden Ave,,M6R,Single/Semi-detached House,4,Parkdale-High Park
4330592,STR-2010-GVKRPH,91 Brunswick Ave,,M5S,Single/Semi-detached House,11,University-Rosedale
4330593,STR-2010-FQBDPC,1 Hubbard Blvd,,M4E,Single/Semi-detached House,19,Beaches-East York
4330594,STR-2010-HDHDPJ,66 Brookfield St,,M6J,Townhouse/ Row House,10,Spadina-Fort York
4330595,STR-2010-HLPDPK,27 Olga St,,M1M,Townhouse/ Row House,20,Scarborough Southwest
4330596,STR-2010-JCBDPM,16 Golden Ave,Main Floor,M6R,Single/Semi-detached House,4,Parkdale-High Park
4330597,STR-2010-FHKRPB,128 Fairholme Ave,,M6B,Single/Semi-detached House,8,Eglinton-Lawrence
4330598,STR-2010-FYPDPD,18 Yonge St,1204,M5E,Condominium,10,Spadina-Fort York
4330599,STR-2010-GGVDPF,65 Bremner Blvd,4109,M5J,Condominium,10,Spadina-Fort York
4330600,STR-2010-HFPDPJ,65 Bremner Blvd,4911,M5J,Condominium,10,Spadina-Fort York
4330601,STR-2010-GHKRPF,12 Chandler Dr,Upper Level,M1G,Single/Semi-detached House,24,Scarborough-Guildwood
4330602,STR-2010-FSPDPC,32 Gordon Rd,,M2P,Single/Semi-detached House,15,Don Valley West
4330603,STR-2010-GJBDPF,11 Lothian Ave,,M8Z,Single/Semi-detached House,3,Etobicoke-Lakeshore
4330604,STR-2010-HQBDPK,133 Alberta Ave,,M6H,Single/Semi-detached House,9,Davenport
4330605,STR-2010-JFPDPM,399 Perth Ave,,M6P,Townhouse/ Row House,9,Davenport
4330606,STR-2010-GJRRPF,204 Kenilworth Ave,1,M4L,Duplex/Triplex/Fourplex,19,Beaches-East York
4330607,STR-2010-HHKRPJ,646 College St,3,M6G,Apartment,11,University-Rosedale
4330608,STR-2010-FLPDPB,20 Nelles Ave,,M6S,Single/Semi-detached House,4,Parkdale-High Park
4330609,STR-2010-HRHDPK,155 Yorkville Ave,2117,M5R,Condominium,11,University-Rosedale
4330610,STR-2010-HYPDPL,123 Woodbine Ave,217,M4L,Condominium,19,Beaches-East York
4330611,STR-2010-HZFXPM,145 Chiltern Hill Rd,,M6C,Single/Semi-detached House,12,Toronto-St. Paul's
4330612,STR-2010-FFQKPB,123 Lindsey Ave,,M6H,Single/Semi-detached House,9,Davenport
4330613,STR-2010-GLQKPG,712 Rhodes Ave,,M4J,Single/Semi-detached House,14,Toronto-Danforth
4330614,STR-2010-HCCKPJ,425 Church St,3,M4Y,Apartment,13,Toronto Centre
4330615,STR-2010-GVLXPH,141 Boston Ave,,M4M,Single/Semi-detached House,14,Toronto-Danforth
4330616,STR-2010-HKYXPK,89 Dunfield Ave,3502,M4S,Condominium,12,Toronto-St. Paul's
4330617,STR-2010-GWCKPH,249 Seaton St,,M5A,Single/Semi-detached House,13,Toronto Centre
4330618,STR-2010-HFQKPJ,12 York St,2502,M5J,Condominium,10,Spadina-Fort York
4330619,STR-2010-HGFXPJ,100 Langford Ave,,M4J,Single/Semi-detached House,14,Toronto-Danforth
4330620,STR-2010-HPLXPK,2418 Queen Street East,,M1N,Townhouse/ Row House,20,Scarborough Southwest
4330621,STR-2010-JDYXPM,560 Front St W,608,M5V,Condominium,10,Spadina-Fort York
4330622,STR-2010-FSQKPC,217 Beverley St,4,M5T,Duplex/Triplex/Fourplex,11,University-Rosedale
4330623,STR-2010-HGWKPJ,14 Sydenham St,,M5A,Townhouse/ Row House,13,Toronto Centre
4330624,STR-2010-HYQKPL,101 Peter St,902,M5V,Condominium,10,Spadina-Fort York
4330625,STR-2010-GCVDPF,83 Snowdon Ave,,M4N,Single/Semi-detached House,15,Don Valley West
4330626,STR-2010-GTHDPH,571 Ontario St,,M4X,Single/Semi-detached House,13,Toronto Centre
4330627,STR-2010-FMXRPC,486 Shaw St,,M6G,Townhouse/ Row House,11,University-Rosedale
4330628,STR-2010-GDKRPF,5 Mountnoel Ave,Apartment 2,M4J,Single/Semi-detached House,14,Toronto-Danforth
4330629,STR-2010-GLRRPG,36 Castle Frank Rd,309,M4W,Apartment,11,University-Rosedale
4330630,STR-2010-FGHDPB,265 Brock Ave,lower level,M6K,Single/Semi-detached House,9,Davenport
4330631,STR-2010-GFBDPF,7 Cripps Ave,,M6N,Single/Semi-detached House,5,York South-Weston
4330632,STR-2010-JCDRPM,62 Augusta Ave,1,M5T,Duplex/Triplex/Fourplex,10,Spadina-Fort York
4330633,STR-2010-GXKRPH,510 St Clarens Ave,,M6H,Apartment,9,Davenport
4330634,STR-2010-HPPDPK,308 Broadway Ave,,M4P,Single/Semi-detached House,15,Don Valley West
4330635,STR-2010-HWVDPL,199 Niagara St,1,M5V,Single/Semi-detached House,10,Spadina-Fort York
4330636,STR-2010-JFBDPM,703 Richmond St W,,M6J,Single/Semi-detached House,10,Spadina-Fort York
4330637,STR-2010-FWFXPD,481 Rathburn Rd,Upper,M9C,Single/Semi-detached House,2,Etobicoke Centre
4330638,STR-2010-FLWKVC,29 Waverley Rd,,M4L,Single/Semi-detached House,19,Beaches-East York
4330639,STR-2010-HSSXPL,29 Evans Ave,bsmnt,M6S,Apartment,4,Parkdale-High Park
4330640,STR-2010-GFCKPF,28 Griggsden Ave,,M9P,Single/Semi-detached House,2,Etobicoke Centre
4330641,STR-2010-FGYXPB,18 Carey Rd,,M4S,Single/Semi-detached House,12,Toronto-St. Paul's
4330642,STR-2010-HDLXPJ,718 Adelaide St W,Upper,M6J,Townhouse/ Row House,10,Spadina-Fort York
4330643,STR-2010-GPQKPG,526 Clinton St,,M6G,Single/Semi-detached House,11,University-Rosedale
4330644,STR-2010-GWWKPH,54 Churchill Ave,main floor,M6J,Single/Semi-detached House,9,Davenport
4330645,STR-2010-HMYXPK,234 Church St,,M9N,Single/Semi-detached House,5,York South-Weston
4330646,STR-2010-GHQKPF,22 Avis Cres,,M4B,Single/Semi-detached House,19,Beaches-East York
4330647,STR-2010-HGJKPJ,27 Hay Ave,,M8Z,Single/Semi-detached House,3,Etobicoke-Lakeshore
4330648,STR-2010-HGYXPJ,12 York St,4405,M5J,Condominium,10,Spadina-Fort York
4330649,STR-2010-FTJKPC,35 Lockwood Rd,,M4L,Single/Semi-detached House,19,Beaches-East York
4330650,STR-2010-GZJKPH,108 Euclid Ave,,M6J,Single/Semi-detached House,10,Spadina-Fort York
4330651,STR-2010-JGYXPM,7 Lansdowne Ave,2,M6K,Single/Semi-detached House,4,Parkdale-High Park
4330652,STR-2010-FDPDVB,65 Maughan Cres,,M4L,Single/Semi-detached House,19,Beaches-East York
4330653,STR-2010-FLVDVC,300 Front St W,1308,M5V,Condominium,10,Spadina-Fort York
4330654,STR-2010-GKPDVG,60 Douro St,252,M6K,Townhouse/ Row House,10,Spadina-Fort York
4330655,STR-2310-HZPVHZ,121 lower Sherbourne st,841,M5A,Condominium,13,Toronto Centre
4330656,STR-2010-HJXRVK,89 Superior Ave,,M8V,Single/Semi-detached House,3,Etobicoke-Lakeshore
4330657,STR-2010-GDPDVF,38 Lippincott St,,M5T,Townhouse/ Row House,11,University-Rosedale
4330658,STR-2010-GMKRVG,59 Threadneedle Cres,,M2H,Single/Semi-detached House,17,Don Valley North
4330659,STR-2010-HCXRVJ,1228 Gerrard St E,,M4L,Single/Semi-detached House,14,Toronto-Danforth
4330660,STR-2010-HDPDVJ,16 Connaught Ave,,M4L,Single/Semi-detached House,14,Toronto-Danforth
4330661,STR-2010-HLVDVK,560 Front St W,809,M5V,Condominium,10,Spadina-Fort York
4330662,STR-2010-HVRRVL,95 Coleridge Ave,,M4C,Single/Semi-detached House,19,Beaches-East York
4330663,STR-2010-FZKRVD,85 Bloor St E,307,M4W,Condominium,11,University-Rosedale
4330664,STR-2010-GYDRVH,30 Shore Breeze Dr,338,M8V,Condominium,3,Etobicoke-Lakeshore
4330665,STR-2010-HPRRVK,55 Paradelle Cres,2,M3N,Single/Semi-detached House,7,Humber River-Black Creek
4330666,STR-2010-FDQKVB,300 Front St W,903,M5V,Condominium,10,Spadina-Fort York
4330667,STR-2010-GRPDVG,12 York St,2005,M5J,Condominium,10,Spadina-Fort York
4330668,STR-2010-JFVDVM,51 Homewood Ave,4,M4Y,Duplex/Triplex/Fourplex,13,Toronto Centre
4330669,STR-2010-FLDRVB,14 York St,1007,M5J,Condominium,10,Spadina-Fort York
4330670,STR-2010-HYDRVL,21 Larchmere Ave,,M9L,Single/Semi-detached House,7,Humber River-Black Creek
4330671,STR-2010-JGKRVM,46 Rippleton Rd,,M3B,Single/Semi-detached House,15,Don Valley West
4330672,STR-2010-FVCKVD,91 Malvern Ave,,M4E,Single/Semi-detached House,19,Beaches-East York
4330673,STR-2010-FFFXVB,208 Queens Quay W,2609,M5J,Condominium,10,Spadina-Fort York
4330674,STR-2010-FMLXVC,321 Windermere Ave,,M6S,Single/Semi-detached House,4,Parkdale-High Park
4330675,STR-2010-GLFXVG,1029 King St W,641,M6K,Condominium,10,Spadina-Fort York
4330676,STR-2010-GTLXVH,148 Gore Vale Ave,Main Floor,M6J,Single/Semi-detached House,10,Spadina-Fort York
4330677,STR-2011-FWJKVD,40 Nursewood Rd,,M4E,Single/Semi-detached House,19,Beaches-East York
4330678,STR-2011-GLWKVG,307 Beresford Ave,,M6S,Single/Semi-detached House,4,Parkdale-High Park
4330679,STR-2011-GVCKVH,14 York St,3907,M5J,Condominium,10,Spadina-Fort York
4330680,STR-2011-HKQKVK,58 Park Home Ave,,M2N,Single/Semi-detached House,18,Willowdale
4330681,STR-2011-GFFXVF,2744 Victoria Park Ave,,M2J,Single/Semi-detached House,17,Don Valley North
4330682,STR-2011-HDQKVJ,37 Grosvenor St,1403,M4Y,Condominium,13,Toronto Centre
4330683,STR-2011-JCYXVM,31 Fern Ave,,M6R,Single/Semi-detached House,4,Parkdale-High Park
4330684,STR-2011-FRQKVC,12 York St,810,M5J,Condominium,10,Spadina-Fort York
4330685,STR-2011-FYWKVD,27 George Webster Rd,1,M4B,Single/Semi-detached House,19,Beaches-East York
4330686,STR-2011-GHSXVF,12 Blue Forest Dr,,M3H,Single/Semi-detached House,6,York Centre
4330687,STR-2011-GYFXVH,24 Dunsany Cres,,M9R,Single/Semi-detached House,1,Etobicoke North
4330688,STR-2011-HPSXVK,12 York St,4905,M5J,Condominium,10,Spadina-Fort York
4330689,STR-2011-JFFXVM,14 York St,3107,M5J,Condominium,10,Spadina-Fort York
4330690,STR-2011-HHCKVJ,151 Rushton Rd,,M6G,Single/Semi-detached House,12,Toronto-St. Paul's
4330691,STR-2011-HHSXVJ,280 Windermere Ave,,M6S,Single/Semi-detached House,4,Parkdale-High Park
4330692,STR-2011-HYFXVL,210 Victoria St,4013,M5B,Condominium,13,Toronto Centre
4330693,STR-2011-HCKRVJ,25 Fermanagh Ave,,M6R,Townhouse/ Row House,4,Parkdale-High Park
4330694,STR-2011-GFHDVF,14 York St,3008,M5J,Condominium,10,Spadina-Fort York
4330695,STR-2011-HLHDVK,105 Isabella St,601,M4Y,Apartment,13,Toronto Centre
4330696,STR-2011-HTPDVL,79 O'Hara Ave,Front,M6K,Duplex/Triplex/Fourplex,4,Parkdale-High Park
4330697,STR-2011-FQKRVC,123 Strathcona Ave,2,M4J,Townhouse/ Row House,14,Toronto-Danforth
4330698,STR-2011-GFXRVF,110A Edgewood Ave,,M4L,Single/Semi-detached House,19,Beaches-East York
4330699,STR-2011-GWKRVH,36 Fermanagh Ave,,M6R,Single/Semi-detached House,4,Parkdale-High Park
4330700,STR-2011-JCKRVM,21 Cloud Dr,,M9L,Single/Semi-detached House,7,Humber River-Black Creek
4330701,STR-2011-GXBDVH,14 York St,5204,M5J,Condominium,10,Spadina-Fort York
4330702,STR-2011-HMPDVK,1013 Bathurst St,,M5R,Single/Semi-detached House,11,University-Rosedale
4330703,STR-2011-HVVDVL,685 Euclid Ave,Basement,M6G,Single/Semi-detached House,11,University-Rosedale
4330704,STR-2011-FRRRVC,41 Shannon St,,M6J,Townhouse/ Row House,9,Davenport
4330705,STR-2011-FSHDVC,39 Goodview Rd,,M2J,Single/Semi-detached House,17,Don Valley North
4330706,STR-2011-FZPDVD,82 Osler St,,M6P,Townhouse/ Row House,9,Davenport
4330707,STR-2501-FYTFBR,12 YORK ST,707,M5J,Condominium,10,Spadina-Fort York
4330708,STR-2011-JFHDVM,27 Florist Lane,,M1E,Townhouse/ Row House,24,Scarborough-Guildwood
4330709,STR-2011-FSXRVC,296 Maria St,,M6P,Single/Semi-detached House,4,Parkdale-High Park
4330710,STR-2011-GYXRVH,42 Rusholme Rd,,M6J,Single/Semi-detached House,9,Davenport
4330711,STR-2011-HHDRVJ,214 Lynedock Cres,,M3A,Single/Semi-detached House,16,Don Valley East
4330712,STR-2011-HQKRVK,14 York St,705,M5J,Condominium,10,Spadina-Fort York
4330713,STR-2011-FDSXVB,121 Morse St,,M4M,Single/Semi-detached House,14,Toronto-Danforth
4330714,STR-2011-GCLXVF,317 Sunnyside Ave,,M6R,Single/Semi-detached House,4,Parkdale-High Park
4330715,STR-2011-FFJKVB,515 Pape Ave,,M4K,Single/Semi-detached House,14,Toronto-Danforth
4330716,STR-2011-GTQKVH,85 Moberly Ave,,M4C,Single/Semi-detached House,19,Beaches-East York
4330717,STR-2011-HZQKVM,10 Navy Wharf Crt,3106,M5V,Condominium,10,Spadina-Fort York
4330718,STR-2011-GVFXVH,34 Woodside Ave,,M6P,Single/Semi-detached House,4,Parkdale-High Park
4330719,STR-2011-GVWKVH,21 Iceboat Ter,4701,M5V,Condominium,10,Spadina-Fort York
4330720,STR-2011-FQLXVC,12 York St,5201,M5J,Condominium,10,Spadina-Fort York
4330721,STR-2011-FXSXVD,14 York St,3010,M5J,Condominium,10,Spadina-Fort York
4330722,STR-2011-HVFXVL,436 Euclid Ave,,M6G,Single/Semi-detached House,11,University-Rosedale
4330723,STR-2011-JCLXVM,568 Oriole Pkwy,,M4R,Single/Semi-detached House,8,Eglinton-Lawrence
4330724,STR-2011-FHWKVB,47 Erinlea Cres,,M1H,Single/Semi-detached House,24,Scarborough-Guildwood
4330725,STR-2011-FJLXVB,300 Front St W,4106,M5V,Condominium,10,Spadina-Fort York
4330726,STR-2011-FRSXVC,71 Treverton Dr,,M1K,Single/Semi-detached House,21,Scarborough Centre
4330727,STR-2011-HPWKVK,300 Front St W,704,M5V,Condominium,10,Spadina-Fort York
4330728,STR-2011-FKSXVB,64 Pinemore Cres,,M3A,Single/Semi-detached House,16,Don Valley East
4330729,STR-2501-GGZFBS,97 Dewson St,,M6H,Single/Semi-detached House,9,Davenport
4330730,STR-2011-HHFXVJ,120 Homewood Ave,3303,M4Y,Condominium,13,Toronto Centre
4330731,STR-2011-JFYXVM,786 Dovercourt Rd,,M6H,Single/Semi-detached House,9,Davenport
4330732,STR-2011-HHWKVJ,6 Kings Park Blvd,,M4J,Single/Semi-detached House,14,Toronto-Danforth
4330733,STR-2011-FVHDVD,564 Sherbourne St,Unit 6,M4X,Apartment,13,Toronto Centre
4330734,STR-2011-HRVDVL,107 Walnut Ave,,M5V,Single/Semi-detached House,10,Spadina-Fort York
4330735,STR-2011-HZRRVM,312 Roxton Rd,,M6G,Single/Semi-detached House,11,University-Rosedale
4330736,STR-2501-GQGFBT,14 York St,1906,M5J,Condominium,10,Spadina-Fort York
4330737,STR-2011-FGRRVB,300 Front St W,606,M5V,Condominium,10,Spadina-Fort York
4330738,STR-2011-GMRRVG,300 Front St W,1806,M5V,Condominium,10,Spadina-Fort York
4330739,STR-2011-GGBDVF,83 Niagara St,,M5V,Townhouse/ Row House,10,Spadina-Fort York
4330740,STR-2011-FHXRVB,556 Delaware Ave N,,M6H,Single/Semi-detached House,9,Davenport
4330741,STR-2011-FYKRVD,231 Fort York Blvd,2112,M5V,Condominium,10,Spadina-Fort York
4330742,STR-2011-GGRRVF,95 Tamworth Rd,,M2N,Single/Semi-detached House,18,Willowdale
4330743,STR-2011-HVXRVL,10 Clementine Sq,,M1G,Single/Semi-detached House,24,Scarborough-Guildwood
4330744,STR-2011-FRVDVC,50 Russell St,,M5S,Duplex/Triplex/Fourplex,11,University-Rosedale
4330745,STR-2011-JDVDVM,92 Indian Grv,,M6R,Single/Semi-detached House,4,Parkdale-High Park
4330746,STR-2011-GSKRVG,40 Hawthorne Rd,,M9R,Single/Semi-detached House,2,Etobicoke Centre
4330747,STR-2011-HKFXVK,225 Sackville St,606,M5A,Condominium,13,Toronto Centre
4330748,STR-2011-FGSXVB,14 Alder Rd,,M4B,Single/Semi-detached House,19,Beaches-East York
4330749,STR-2011-GPYXVG,50 Martindale Rd,,M1M,Single/Semi-detached House,20,Scarborough Southwest
4330750,STR-2011-JFLXVM,12 York St,5007,M5J,Condominium,10,Spadina-Fort York
4330751,STR-2011-HHJKVJ,21 Iceboat Ter,3910,M5V,Condominium,10,Spadina-Fort York
4330752,STR-2011-GSLXVG,12 Ponymeadow Ter,,M1C,Single/Semi-detached House,25,Scarborough-Rouge Park
4330753,STR-2011-JGSXVM,32 Aberdeen Ave,,M4X,Single/Semi-detached House,13,Toronto Centre
4330754,STR-2011-GLPDVG,168 Ingleton Blvd,,M1V,Single/Semi-detached House,23,Scarborough North
4330755,STR-2011-HCBDVJ,400 Avenue Rd,101,M4V,Apartment,12,Toronto-St. Paul's
4330756,STR-2011-HSPDVL,101 Peter St,3908,M5V,Condominium,10,Spadina-Fort York
4330757,STR-2011-HCRRVJ,8 Newmains Crt,,M1C,Single/Semi-detached House,25,Scarborough-Rouge Park
4330758,STR-2011-FGVDVB,65 Bremner Blvd,3005,M5J,Condominium,10,Spadina-Fort York
4330759,STR-2011-HTVDVL,215 Fort York Blvd,2407,M5V,Condominium,10,Spadina-Fort York
4330760,STR-2011-HMDRVK,218 Weston Rd,,M6N,Single/Semi-detached House,5,York South-Weston
4330761,STR-2011-JCRRVM,11 Ashby Pl,,M5A,Townhouse/ Row House,13,Toronto Centre
4330762,STR-2011-FYPDVD,27 Brock Ave,206,M6K,Condominium,4,Parkdale-High Park
4330763,STR-2011-GQBDVG,155 Yorkville Ave,2001,M5R,Condominium,11,University-Rosedale
4330764,STR-2011-HFPDVJ,33 Wharfside Lane,ground,M1C,Townhouse/ Row House,25,Scarborough-Rouge Park
4330765,STR-2011-FZDRVD,26 Stag Hill Dr,bsmt unit,M4B,Single/Semi-detached House,19,Beaches-East York
4330766,STR-2011-FSPDVC,12 York St,4303,M5J,Condominium,10,Spadina-Fort York
4330767,STR-2011-HQBDVK,58 Orchard View Blvd,TH07,M4R,Condominium,8,Eglinton-Lawrence
4330768,STR-2011-FKXRVB,87 Pintail Cres,,M3A,Single/Semi-detached House,16,Don Valley East
4330769,STR-2011-GRXRVG,52 Briar Hill Ave,,M4R,Single/Semi-detached House,8,Eglinton-Lawrence
4330770,STR-2011-HHKRVJ,28 Mayland Ave,,M9C,Single/Semi-detached House,2,Etobicoke Centre
4330771,STR-2011-JGDRVM,155 Yorkville Ave,2715,M5R,Condominium,11,University-Rosedale
4330772,STR-2012-GTFXVH,22 Oxford St,,M5T,Single/Semi-detached House,11,University-Rosedale
4330773,STR-2012-FFQKVB,96 Aldwych Ave,,M4J,Single/Semi-detached House,14,Toronto-Danforth
4330774,STR-2012-FWCKVD,62 Dan Leckie Way,TH01,M5V,Townhouse/ Row House,10,Spadina-Fort York
4330775,STR-2012-GMFXVG,210 Victoria St,3006,M5B,Condominium,13,Toronto Centre
4330776,STR-2012-HKYXVK,6 Thyra Ave,Upper Unit,M4C,Duplex/Triplex/Fourplex,19,Beaches-East York
4330777,STR-2012-FXYXVD,151 Dan Leckie Way,1711,M5V,Condominium,10,Spadina-Fort York
4330778,STR-2012-GGFXVF,244 Cottingham St,,M4V,Single/Semi-detached House,12,Toronto-St. Paul's
4330779,STR-2012-HVLXVL,300 Front St W,2106,M5V,Condominium,10,Spadina-Fort York
4330780,STR-2012-FJSXVB,10 Capreol Crt,512,M5V,Condominium,10,Spadina-Fort York
4330781,STR-2012-FRYXVC,13 Berkshire Ave,,M4M,Single/Semi-detached House,14,Toronto-Danforth
4330782,STR-2012-HWSXVL,29 Mechanic Ave,,M6K,Single/Semi-detached House,9,Davenport
4330783,STR-2012-FSQKVC,101 Peter St,912,M5V,Condominium,10,Spadina-Fort York
4330784,STR-2012-FZWKVD,141 Regina Ave,,M6A,Single/Semi-detached House,8,Eglinton-Lawrence
4330785,STR-2012-GBLXVD,21 Iceboat Ter,632,M5V,Condominium,10,Spadina-Fort York
4330786,STR-2012-HBPDVJ,140 Spruce St,,M5A,Townhouse/ Row House,13,Toronto Centre
4330787,STR-2012-HZHDVM,7 Norfolk St,,M6K,Single/Semi-detached House,9,Davenport
4330788,STR-2012-FFRRVB,20 Rivercrest Rd,,M6S,Single/Semi-detached House,4,Parkdale-High Park
4330789,STR-2012-FWDRVD,8 Charlotte St,2706,M5V,Condominium,10,Spadina-Fort York
4330790,STR-2012-GDKRVF,11 Beresford Ave,,M6S,Single/Semi-detached House,4,Parkdale-High Park
4330791,STR-2012-GLRRVG,10 Beresford Ave,,M6S,Single/Semi-detached House,4,Parkdale-High Park
4330792,STR-2012-GFBDVF,49 Oakcrest Ave,,M4C,Single/Semi-detached House,19,Beaches-East York
4330793,STR-2012-GMXRVG,95 Summitcrest Dr,,M9P,Single/Semi-detached House,2,Etobicoke Centre
4330794,STR-2012-FQVDVC,23 Navaho Dr,,M2H,Single/Semi-detached House,17,Don Valley North
4330795,STR-2012-GWVDVH,199 Delta St,,M8W,Single/Semi-detached House,3,Etobicoke-Lakeshore
4330796,STR-2012-HFBDVJ,14 York St,3706,M5J,Condominium,10,Spadina-Fort York
4330797,STR-2012-JDKRVM,63 Innes Ave,,M6E,Single/Semi-detached House,9,Davenport
4330798,STR-2012-FJVDVB,250 Wellington St W,1233,M5V,Condominium,10,Spadina-Fort York
4330799,STR-2012-GQVDVG,2 Waringstown Dr,,M1R,Single/Semi-detached House,21,Scarborough Centre
4330800,STR-2012-HPPDVK,101 Peter St,3202,M5V,Condominium,10,Spadina-Fort York
4330801,STR-2012-FSRRVC,274 Clinton St,1,M6G,Duplex/Triplex/Fourplex,11,University-Rosedale
4330802,STR-2012-FZXRVD,518 Balliol St,,M4S,Single/Semi-detached House,15,Don Valley West
4330803,STR-2012-FTHDVC,219 Fort York Blvd,2104,M5V,Condominium,10,Spadina-Fort York
4330804,STR-2012-HQVDVK,81 Mulock Ave,,M6N,Single/Semi-detached House,5,York South-Weston
4330805,STR-2012-GSRRVG,37 EARL ST,,M4Y,Townhouse/ Row House,13,Toronto Centre
4330806,STR-2501-GXMFBV,21 Iceboat Ter,4712,M5V,Condominium,10,Spadina-Fort York
4330807,STR-2012-FFSXVB,151 Dan Leckie Way,1036,M5V,Condominium,10,Spadina-Fort York
4330808,STR-2012-GDLXVF,15 Benalto Rd,,M6A,Single/Semi-detached House,8,Eglinton-Lawrence
4330809,STR-2012-HCFXVJ,92 Blackwater Cres,,M1B,Single/Semi-detached House,25,Scarborough-Rouge Park
4330810,STR-2012-HSSXVL,11 Pintail Cres,Main,M3A,Single/Semi-detached House,16,Don Valley East
4330811,STR-2012-FPQKVC,78 Highcroft Rd,,M4L,Single/Semi-detached House,19,Beaches-East York
4330812,STR-2012-HLCKVK,23 Sproat Ave,,M4M,Single/Semi-detached House,14,Toronto-Danforth
4330813,STR-2012-FYCKVD,12 York St,1211,M5J,Condominium,10,Spadina-Fort York
4330814,STR-2012-HMJKVK,322 St George St,3,M5R,Duplex/Triplex/Fourplex,11,University-Rosedale
4330815,STR-2012-GQFXVG,71 Eaton Ave,,M4J,Single/Semi-detached House,14,Toronto-Danforth
4330816,STR-2012-HFSXVJ,95 Bathurst St,225,M5V,Condominium,10,Spadina-Fort York
4330817,STR-2012-GHQKVF,231 Fort York Blvd,716,M5V,Condominium,10,Spadina-Fort York
4330818,STR-2012-GYSXVH,151 Dan Leckie Way,1509,M5V,Condominium,10,Spadina-Fort York
4330819,STR-2012-GKLXVF,313 Murray Ross Pkwy,,M3J,Single/Semi-detached House,7,Humber River-Black Creek
4330820,STR-2012-GZYXVH,477 Richmond St W,910,M5V,Condominium,10,Spadina-Fort York
4330821,STR-2012-HJFXVJ,239 Lauder Ave,,M6E,Single/Semi-detached House,9,Davenport
4330822,STR-2012-GKPHHG,105 George St,808,M5A,Condominium,13,Toronto Centre
4330823,STR-2012-GCXVHF,219 Fort York Blvd,2902,M5V,Condominium,10,Spadina-Fort York
4330824,STR-2012-HJXVHK,12 York St,3309,M5J,Condominium,10,Spadina-Fort York
4330825,STR-2012-FPBHHC,8 Wellesley St E,307,M4Y,Condominium,13,Toronto Centre
4330826,STR-2012-GLVHHG,564 Sherbourne St,5,M4X,Apartment,13,Toronto Centre
4330827,STR-2012-GVBHHH,955 Bay St,3803,M5S,Condominium,13,Toronto Centre
4330828,STR-2012-JBBHHM,204 Rusholme Rd,,M6H,Single/Semi-detached House,9,Davenport
4330829,STR-2012-HTKVHL,37 Fairlawn Ave,B,M5M,Single/Semi-detached House,8,Eglinton-Lawrence
4330830,STR-2012-JBRVHM,11 Mitchell Ave,,M6J,Townhouse/ Row House,10,Spadina-Fort York
4330831,STR-2012-HVBHHL,2 Kingsdown Dr,,M1K,Single/Semi-detached House,21,Scarborough Centre
4330832,STR-2012-GPRVHG,209 Fort York Blvd,355,M5V,Condominium,10,Spadina-Fort York
4330833,STR-2012-GWXVHH,75 Cowan Ave,,M6K,Single/Semi-detached House,4,Parkdale-High Park
4330834,STR-2012-JCXVHM,259 Glebemount Ave,,M4C,Single/Semi-detached House,19,Beaches-East York
4330835,STR-2012-GHBHHF,560 Front St W,528,M5V,Condominium,10,Spadina-Fort York
4330836,STR-2012-GQHHHG,25 Berkham Rd,,M1H,Single/Semi-detached House,24,Scarborough-Guildwood
4330837,STR-2012-HWHHHL,345 St John's Rd,,M6S,Single/Semi-detached House,4,Parkdale-High Park
4330838,STR-2012-FZKVHD,65 Bremner Blvd,4405,M5J,Condominium,10,Spadina-Fort York
4330839,STR-2012-HPRVHK,116 James Park Sq,,M1V,Single/Semi-detached House,23,Scarborough North
4330840,STR-2012-FSVHHC,15 Mozart Ave,,M1K,Single/Semi-detached House,21,Scarborough Centre
4330841,STR-2012-GJHHHF,305 Booth Ave,,M4M,Single/Semi-detached House,14,Toronto-Danforth
4330842,STR-2012-HQHHHK,12 York St,1607,M5J,Condominium,10,Spadina-Fort York
4330843,STR-2012-FLDVHB,116 Sumach St,Main,M5A,Townhouse/ Row House,13,Toronto Centre
4330844,STR-2012-FTKVHC,49 Burnt Bark Dr,Room one,M1V,Single/Semi-detached House,22,Scarborough-Agincourt
4330845,STR-2012-HHRVHJ,188 Albertus Ave,,M4R,Single/Semi-detached House,8,Eglinton-Lawrence
4330846,STR-2012-HQXVHK,209 Ontario St,Unit B,M5A,Duplex/Triplex/Fourplex,13,Toronto Centre
4330847,STR-2012-FDQPHB,209 Fort York Blvd,1255,M5V,Condominium,10,Spadina-Fort York
4330848,STR-2012-GCJPHF,250 Gerrard St E,,M5A,Townhouse/ Row House,13,Toronto Centre
4330849,STR-2012-GLGBHG,28 Dewitt Rd,,M9B,Single/Semi-detached House,2,Etobicoke Centre
4330850,STR-2012-HSGBHL,224 Lippincott St,,M5S,Single/Semi-detached House,11,University-Rosedale
4330851,STR-2012-GMMBHG,37 Indian Rd,,M6R,Single/Semi-detached House,4,Parkdale-High Park
4330852,STR-2012-FQJPHC,34 Magwood Crt,,M6S,Single/Semi-detached House,4,Parkdale-High Park
4330853,STR-2012-HDQPHJ,140 Simcoe St,512,M5H,Condominium,10,Spadina-Fort York
4330854,STR-2012-HLWPHK,72 St Dunstan Dr,,M1L,Single/Semi-detached House,20,Scarborough Southwest
4330855,STR-2012-JCJPHM,228 Lisgar St,,M6J,Single/Semi-detached House,9,Davenport
4330856,STR-2012-FYGBHD,300 Front St W,2706,M5V,Condominium,10,Spadina-Fort York
4330857,STR-2012-GPVHHG,300 Front St W,2509,M5V,Condominium,10,Spadina-Fort York
4330858,STR-2012-GBTBHD,105 Pauline Ave,,M6H,Single/Semi-detached House,9,Davenport
4330859,STR-2012-HYXVHM,202 Kenilworth Ave,,M4L,Duplex/Triplex/Fourplex,19,Beaches-East York
4330860,STR-2012-HTPHHL,55 Bremner Blvd,3103,M5J,Condominium,10,Spadina-Fort York
4330861,STR-2012-HVDVHL,188 Scarborough Rd,,M4E,Single/Semi-detached House,19,Beaches-East York
4330862,STR-2012-HMPHHK,42 Bright St,,M5A,Townhouse/ Row House,13,Toronto Centre
4330863,STR-2012-HWKVHL,20 John St,624,M5V,Condominium,10,Spadina-Fort York
4330864,STR-2012-FKBHHB,742 Gerrard St E,,M4M,Single/Semi-detached House,14,Toronto-Danforth
4330865,STR-2012-FZPHHD,29 Rathnelly Ave,,M4V,Single/Semi-detached House,12,Toronto-St. Paul's
4330866,STR-2012-HPVHHK,199 Ontario St,,M5A,Single/Semi-detached House,13,Toronto Centre
4330867,STR-2012-FKRVHB,3 Fenwick Ave,,M4K,Single/Semi-detached House,14,Toronto-Danforth
4330868,STR-2012-GKTBHG,13 Trefann St,,M5A,Townhouse/ Row House,13,Toronto Centre
4330869,STR-2012-FMQPHC,36 Bayard Ave,,M1R,Single/Semi-detached House,21,Scarborough Centre
4330870,STR-2012-GLJPHG,278 Prince Edward Dr S,,M8Y,Single/Semi-detached House,3,Etobicoke-Lakeshore
4330871,STR-2012-HZQPHM,105 George St,1813,M5A,Condominium,13,Toronto Centre
4330872,STR-2012-FXCPHD,151 Dan Leckie Way,940,M5V,Condominium,10,Spadina-Fort York
4330873,STR-2012-GVWPHH,300 Front St W,3205,M5V,Condominium,10,Spadina-Fort York
4330874,STR-2012-HTQPHL,55 Bremner Blvd,1203,M5J,Condominium,10,Spadina-Fort York
4330875,STR-2012-FHWPHB,12 Waterbridge Way,,M1C,Single/Semi-detached House,25,Scarborough-Rouge Park
4330876,STR-2012-FRCPHC,209 Fort York Blvd,681,M5V,Condominium,10,Spadina-Fort York
4330877,STR-2012-HFJPHJ,3 Pembroke St,5,M5A,Townhouse/ Row House,13,Toronto Centre
4330878,STR-2012-HVWPHL,35 Montgomery Ave,,M4R,Single/Semi-detached House,8,Eglinton-Lawrence
4330879,STR-2012-HPGBHK,101 Peter St,409,M5V,Condominium,10,Spadina-Fort York
4330880,STR-2012-GJMBHF,78 Harrison Garden Blvd,1804,M2N,Condominium,18,Willowdale
4330881,STR-2012-HHGBHJ,30 Shannon St,,M6J,Single/Semi-detached House,9,Davenport
4330882,STR-2012-GKCPHF,11 Ingleton Blvd,,M1V,Single/Semi-detached House,23,Scarborough North
4330883,STR-2012-HYJPHL,33 Mystic Ave,,M1L,Single/Semi-detached House,20,Scarborough Southwest
4330884,STR-2012-GLKVHG,59 High Park Blvd,Basement,M6R,Single/Semi-detached House,4,Parkdale-High Park
4330885,STR-2012-GDVHHF,98 Lillian St,1720,M4S,Condominium,12,Toronto-St. Paul's
4330886,STR-2012-HKVHHK,261 Dovercourt Rd,,M6J,Single/Semi-detached House,10,Spadina-Fort York
4330887,STR-2012-HTRVHL,1960 Davenport Rd,1,M6N,Apartment,9,Davenport
4330888,STR-2012-FRVHHC,113 Glen Springs Dr,,M1W,Single/Semi-detached House,22,Scarborough-Agincourt
4330889,STR-2012-GYKVHH,139 Golfview Ave,,M4E,Single/Semi-detached House,19,Beaches-East York
4330890,STR-2012-GJPHHF,130 Warden Ave,,M1N,Single/Semi-detached House,20,Scarborough Southwest
4330891,STR-2012-HHHHHJ,209 Indian Road Cres,,M6P,Single/Semi-detached House,4,Parkdale-High Park
4330892,STR-2012-HHXVHJ,67 Chester Ave,,M4K,Single/Semi-detached House,14,Toronto-Danforth
4330893,STR-2012-HRWPHL,17 Pembroke St,40,M5A,Townhouse/ Row House,13,Toronto Centre
4330894,STR-2012-FWQPHD,162 Cabana Dr,,M9L,Single/Semi-detached House,7,Humber River-Black Creek
4330895,STR-2012-GMCPHG,317 Salem Ave,,M6H,Single/Semi-detached House,9,Davenport
4330896,STR-2012-FHJPHB,39 Miller St,,M6N,Single/Semi-detached House,9,Davenport
4330897,STR-2012-HMTBHK,14 Stamford Sq N,Main Floor,M1L,Single/Semi-detached House,20,Scarborough Southwest
4330898,STR-2012-JDGBHM,65 Jefferson Ave,303,M6K,Apartment,10,Spadina-Fort York
4330899,STR-2012-FJQPHB,310 Beresford Ave,,M6S,Single/Semi-detached House,4,Parkdale-High Park
4330900,STR-2012-HGCPHJ,345 Clinton St,,M6G,Single/Semi-detached House,11,University-Rosedale
4330901,STR-2012-JDWPHM,521 Jones Ave,Basement,M4J,Apartment,14,Toronto-Danforth
4330902,STR-2012-FKGBHB,521 Jones Ave,,M4J,Single/Semi-detached House,14,Toronto-Danforth
4330903,STR-2012-GHZBHF,457 Shuter St,,M5A,Townhouse/ Row House,13,Toronto Centre
4330904,STR-2012-GYMBHH,300 Front St W,404,M5V,Condominium,10,Spadina-Fort York
4330905,STR-2012-GRWPHG,112 George St,201,M5A,Condominium,13,Toronto Centre
4330906,STR-2012-HQQPHK,114 Beverley St,Upper,M5T,Single/Semi-detached House,10,Spadina-Fort York
4330907,STR-2012-HHZBHJ,20 John St,922,M5V,Condominium,10,Spadina-Fort York
4330908,STR-2012-GTVHHH,93 Glenholme Ave,Unit 1,M6H,Duplex/Triplex/Fourplex,9,Davenport
4330909,STR-2012-FXHHHD,169 Randolph Rd,,M4G,Single/Semi-detached House,15,Don Valley West
4330910,STR-2012-JCBHHM,200 McKee Ave,,M2N,Single/Semi-detached House,18,Willowdale
4330911,STR-2012-FXXVHD,42 Lester Ave,,M6M,Single/Semi-detached House,5,York South-Weston
4330912,STR-2012-FRHHHC,220 Dairy Dr,,M1L,Townhouse/ Row House,20,Scarborough Southwest
4330913,STR-2012-HMVHHK,153 Marlborough Pl,,M5R,Duplex/Triplex/Fourplex,11,University-Rosedale
4330914,STR-2012-HGVHHJ,149 Pearson Ave,,M6R,Single/Semi-detached House,4,Parkdale-High Park
4330915,STR-2012-GBKVHD,72 Riverdale Ave,Main,M4K,Single/Semi-detached House,14,Toronto-Danforth
4330916,STR-2012-HHKVHJ,156 Sorauren Ave,North entrance,M6R,Single/Semi-detached House,4,Parkdale-High Park
4330917,STR-2012-FVMBHD,14 York St,2101,M5J,Condominium,10,Spadina-Fort York
4330918,STR-2012-GKZBHG,205 Dovercourt Rd,,M6J,Townhouse/ Row House,10,Spadina-Fort York
4330919,STR-2012-HZWPHM,71 Ashbourne Dr,,M9B,Single/Semi-detached House,2,Etobicoke Centre
4330920,STR-2012-FWTBHD,72 Henry St,,M5T,Single/Semi-detached House,11,University-Rosedale
4330921,STR-2012-HCTBHJ,14 York St,907,M5J,Condominium,10,Spadina-Fort York
4330922,STR-2012-HTGBHL,389 King St W,2,M5V,Apartment,10,Spadina-Fort York
4330923,STR-2012-FQCPHC,500 Annette St,,M6P,Single/Semi-detached House,4,Parkdale-High Park
4330924,STR-2012-FJCPHB,363 Concord Ave,,M6H,Single/Semi-detached House,9,Davenport
4330925,STR-2012-FRZBHC,500 Doris Ave,2522,M2N,Condominium,18,Willowdale
4330926,STR-2012-FZWPHD,150 Yarmouth Rd,,M6G,Single/Semi-detached House,11,University-Rosedale
4330927,STR-2012-FTGBHC,165 Atlas Ave,Upper,M6C,Single/Semi-detached House,12,Toronto-St. Paul's
4330928,STR-2012-GRZBHG,60 Woodbine Ave,,M4L,Townhouse/ Row House,19,Beaches-East York
4330929,STR-2012-FVPHHD,101 Gladstone Ave,2,M6J,Single/Semi-detached House,9,Davenport
4330930,STR-2012-GLBHHG,143 Parkmount Rd,Upper,M4J,Single/Semi-detached House,14,Toronto-Danforth
4330931,STR-2012-HBPHHJ,9 Bralorne Cres,,M6S,Single/Semi-detached House,4,Parkdale-High Park
4330932,STR-2012-FMXVHC,30 Nelson St,907,M5V,Condominium,10,Spadina-Fort York
4330933,STR-2012-HZXVHM,56 Touraine Ave,BSMNT,M3H,Single/Semi-detached House,6,York Centre
4330934,STR-2012-GVPHHH,2 Bellevue Ave,,M5T,Single/Semi-detached House,11,University-Rosedale
4330935,STR-2012-HDKVHJ,537 Palmerston Blvd,1,M6G,Duplex/Triplex/Fourplex,11,University-Rosedale
4330936,STR-2012-HTXVHL,2582 Keele St,BSMT,M6L,Single/Semi-detached House,5,York South-Weston
4330937,STR-2012-FHPHHB,400 St Germain Ave,,M5M,Single/Semi-detached House,8,Eglinton-Lawrence
4330938,STR-2012-FZXVHD,38 Western Battery Rd,618,M6K,Townhouse/ Row House,10,Spadina-Fort York
4330939,STR-2101-FFTBHB,872 Sheppard Ave W,203,M3H,Condominium,6,York Centre
4330940,STR-2101-FWWPHD,223 Renforth Dr,,M9C,Single/Semi-detached House,2,Etobicoke Centre
4330941,STR-2101-HDMBHJ,140 Margueretta St,,M6H,Townhouse/ Row House,9,Davenport
4330942,STR-2101-HFCPHJ,241 Brunswick Ave,house upstairs,M5S,Single/Semi-detached House,11,University-Rosedale
4330943,STR-2101-GQGBHG,20 Fourth St,,M5J,Single/Semi-detached House,10,Spadina-Fort York
4330944,STR-2101-FSCPHC,122 Kendal Ave,B,M5R,Duplex/Triplex/Fourplex,11,University-Rosedale
4330945,STR-2101-FZJPHD,215 Fort York Blvd,307,M5V,Condominium,10,Spadina-Fort York
4330946,STR-2101-GYCPHH,109 Walnut Ave,Main,M5V,Duplex/Triplex/Fourplex,10,Spadina-Fort York
4330947,STR-2101-FZZBHD,352 Front St W,1602,M5V,Condominium,10,Spadina-Fort York
4330948,STR-2101-GBQPHD,10 Kintyre Ave,,M4M,Single/Semi-detached House,14,Toronto-Danforth
4330949,STR-2101-GCGBHD,673 Carlaw Ave,,M4K,Single/Semi-detached House,14,Toronto-Danforth
4330950,STR-2101-HYTBHL,59 Balmoral Ave,,M4V,Single/Semi-detached House,12,Toronto-St. Paul's
4330951,STR-2101-FDPKVB,451 Queen St E,,M5A,Townhouse/ Row House,13,Toronto Centre
4330952,STR-2101-FLVKVC,848 Shaw St,,M6G,Single/Semi-detached House,11,University-Rosedale
4330953,STR-2101-HBBKVJ,30 Sabrina Dr,1,M9R,Single/Semi-detached House,2,Etobicoke Centre
4330954,STR-2101-GCXXVF,769 Lansdowne Ave,,M6H,Single/Semi-detached House,9,Davenport
4330955,STR-2101-FWXXVD,9 Meaford Ave,B,M8V,Single/Semi-detached House,3,Etobicoke-Lakeshore
4330956,STR-2101-FQHKVC,155 Yorkville Ave,504,M5R,Condominium,11,University-Rosedale
4330957,STR-2101-GPBKVG,41 Derwyn Rd,,M4J,Single/Semi-detached House,14,Toronto-Danforth
4330958,STR-2101-HDPKVJ,41 Huntley St,1,M4Y,Single/Semi-detached House,13,Toronto Centre
4330959,STR-2101-GWXXVH,1267 Woodbine Ave,Back Entrance,M4C,Duplex/Triplex/Fourplex,19,Beaches-East York
4330960,STR-2101-JDPKVM,168 Wincott Dr,,M9R,Single/Semi-detached House,2,Etobicoke Centre
4330961,STR-2101-FSDXVC,40 Whitehall Rd,Lower Suite,M4W,Duplex/Triplex/Fourplex,11,University-Rosedale
4330962,STR-2101-FSVKVC,675 Queen St W,2,M6J,Apartment,10,Spadina-Fort York
4330963,STR-2101-GBBKVD,300 Front St W,1106,M5V,Condominium,10,Spadina-Fort York
4330964,STR-2101-GRPKVG,2 Parkcrest Dr,,M1M,Single/Semi-detached House,20,Scarborough Southwest
4330965,STR-2101-HYDXVL,529 Woodbine Ave,,M4E,Single/Semi-detached House,19,Beaches-East York
4330966,STR-2101-JGKXVM,14 York St,504,M5J,Condominium,10,Spadina-Fort York
4330967,STR-2101-HYWRVM,300 Front St W,2810,M5V,Condominium,10,Spadina-Fort York
4330968,STR-2101-HJZDVK,114 Claremore Ave,,M1N,Single/Semi-detached House,20,Scarborough Southwest
4330969,STR-2101-HLGDVK,118 Northland Ave,,M6N,Single/Semi-detached House,5,York South-Weston
4330970,STR-2101-FQZDVC,109 Northcliffe Blvd,,M6E,Single/Semi-detached House,9,Davenport
4330971,STR-2101-GPTDVG,23 Beresford Ave,,M6S,Apartment,4,Parkdale-High Park
4330972,STR-2101-HVTDVL,163 Clifton Ave,,M3H,Single/Semi-detached House,6,York Centre
4330973,STR-2101-GYGDVH,888 Queen St W,Upper,M6J,Duplex/Triplex/Fourplex,10,Spadina-Fort York
4330974,STR-2101-HBDXVJ,210 Victoria St,2803,M5B,Condominium,13,Toronto Centre
4330975,STR-2101-HJKXVK,219 Fort York Blvd,1401,M5V,Condominium,10,Spadina-Fort York
4330976,STR-2101-FWKXVD,88 Prust Ave,,M4L,Single/Semi-detached House,14,Toronto-Danforth
4330977,STR-2101-HSXXVL,155 Yorkville Ave,1410,M5R,Condominium,11,University-Rosedale
4330978,STR-2101-JBDXVM,621 Hillsdale Ave E,,M4S,Single/Semi-detached House,15,Don Valley West
4330979,STR-2101-FHDXVB,17 Osler St,,M6P,Single/Semi-detached House,9,Davenport
4330980,STR-2101-HDRXVJ,325 Bogert Ave,Unit 152,M2N,Apartment,18,Willowdale
4330981,STR-2101-HWKXVL,300 Front St W,3209,M5V,Condominium,10,Spadina-Fort York
4330982,STR-2101-GYHKVH,300 Front St W,3711,M5V,Condominium,10,Spadina-Fort York
4330983,STR-2101-GRRXVG,20 Page St.,,M6G,Duplex/Triplex/Fourplex,11,University-Rosedale
4330984,STR-2101-JGPKVM,1052 Queen St W,Penthouse,M6J,Apartment,10,Spadina-Fort York
4330985,STR-2102-GDTDVF,240 Lauder Ave,,M6E,Single/Semi-detached House,9,Davenport
4330986,STR-2102-HSZDVL,15 Sheridan Ave,,M6K,Townhouse/ Row House,9,Davenport
4330987,STR-2102-FPWRVC,240 Ashworth Ave,Lower Unit,M6G,Single/Semi-detached House,12,Toronto-St. Paul's
4330988,STR-2102-HTQRVL,419 Montrose Ave,basement,M6G,Duplex/Triplex/Fourplex,11,University-Rosedale
4330989,STR-2102-HLZDVK,18 Laburnham Ave,,M8V,Single/Semi-detached House,3,Etobicoke-Lakeshore
4330990,STR-2102-FHWRVB,55 Bremner Blvd,4706,M5J,Condominium,10,Spadina-Fort York
4330991,STR-2102-GXCRVH,270 Wellington St W,1017,M5V,Condominium,10,Spadina-Fort York
4330992,STR-2102-HVWRVL,215 Fort York Blvd,1803,M5V,Condominium,10,Spadina-Fort York
4330993,STR-2102-FRTDVC,300 Front St W,2107,M5V,Condominium,10,Spadina-Fort York
4330994,STR-2102-FYZDVD,105 George St,5,M5A,Condominium,13,Toronto Centre
4330995,STR-2102-HXTDVL,402 O'Connor Dr,,M4J,Single/Semi-detached House,14,Toronto-Danforth
4330996,STR-2102-GBWRVD,107 Massey St,3,M6J,Single/Semi-detached House,10,Spadina-Fort York
4330997,STR-2102-GLKXVG,369 Shuter St,2,M5A,Townhouse/ Row House,13,Toronto Centre
4330998,STR-2102-GMBKVG,2 Eva Rd,2623,M9C,Condominium,2,Etobicoke Centre
4330999,STR-2102-GGBKVF,170 Major St,,M5S,Single/Semi-detached House,11,University-Rosedale
4331000,STR-2102-FYKXVD,165 Clifton Ave,,M3H,Single/Semi-detached House,6,York Centre
4331001,STR-2102-GGRXVF,10 Avalon Ave,Main,M6N,Single/Semi-detached House,5,York South-Weston
4331002,STR-2103-HMRXVK,560 Front St W,420,M5V,Condominium,10,Spadina-Fort York
4331003,STR-2103-GRDXVG,560 Front St W,632,M5V,Condominium,10,Spadina-Fort York
4331004,STR-2103-GKDXVF,12 York St,709,M5J,Condominium,10,Spadina-Fort York
4331005,STR-2103-FMCRVC,83 Trethewey Dr,Main,M6M,Single/Semi-detached House,5,York South-Weston
4331006,STR-2211-FPQDVC,32 Lloyd George Ave,,M8W,Single/Semi-detached House,3,Etobicoke-Lakeshore
4331007,STR-2211-FXLRVD,119 Hallam St,Laneway,M6H,Single/Semi-detached House,9,Davenport
4331008,STR-2211-GYDKVH,1558 Queen St E,2,M4L,Apartment,14,Toronto-Danforth
4331009,STR-2211-FQWDVC,250 Wellington St W,1244,M5V,Condominium,10,Spadina-Fort York
4331010,STR-2211-GGJDVF,24 Carmichael Ave,,M5M,Single/Semi-detached House,8,Eglinton-Lawrence
4331011,STR-2211-GPQDVG,11 Prust Ave,,M4L,Single/Semi-detached House,14,Toronto-Danforth
4331012,STR-2211-FJFRVB,65 Bremner Blvd,3708,M5J,Apartment,10,Spadina-Fort York
4331013,STR-2211-GXLRVH,210 Victoria St,4108,M5B,Condominium,13,Toronto Centre
4331014,STR-2211-HWFRVL,39 Hill Cres,,M1M,Single/Semi-detached House,24,Scarborough-Guildwood
4331015,STR-2211-FJWDVB,20 Windham Dr,,M2K,Single/Semi-detached House,17,Don Valley North
4331016,STR-2211-FSCDVC,19 Waringstown Dr,,M1R,Single/Semi-detached House,21,Scarborough Centre
4331017,STR-2211-FZYRVD,57 Glenridge Rd,A,M1M,Single/Semi-detached House,20,Scarborough Southwest
4331018,STR-2211-GJFRVF,359 Brock Ave,A,M6H,Duplex/Triplex/Fourplex,9,Davenport
4331019,STR-2211-GRLRVG,256 Brock Ave,,M6K,Townhouse/ Row House,9,Davenport
4331020,STR-2211-GJWDVF,55 Regent St,13,M5A,Townhouse/ Row House,13,Toronto Centre
4331021,STR-2211-GSCDVG,20 Shore Breeze Dr,210,M8V,Condominium,3,Etobicoke-Lakeshore
4331022,STR-2211-GZJDVH,73 Chelsea Ave,Upper,M6P,Duplex/Triplex/Fourplex,4,Parkdale-High Park
4331023,STR-2211-GCFRVD,336 Berkeley St,,M5A,Single/Semi-detached House,13,Toronto Centre
4331024,STR-2211-GZYRVH,300 Front St W,4003,M5V,Condominium,10,Spadina-Fort York
4331025,STR-2211-HYSRVL,1096 Warden Ave,B,M1R,Single/Semi-detached House,21,Scarborough Centre
4331026,STR-2211-HZKKVM,357 Margueretta St,,M6H,Single/Semi-detached House,9,Davenport
4331027,STR-2211-FFTXVB,96 Chipwood Cres,,M2J,Duplex/Triplex/Fourplex,17,Don Valley North
4331028,STR-2211-GLTXVG,451 Shuter St,Lower,M5A,Duplex/Triplex/Fourplex,13,Toronto Centre
4331029,STR-2211-HSTXVL,381 Murray Ross Pkwy,,M3J,Single/Semi-detached House,7,Humber River-Black Creek
4331030,STR-2211-FGKKVB,38 Laughton Ave,1,M6N,Duplex/Triplex/Fourplex,9,Davenport
4331031,STR-2211-FWXKVD,1 Sunderland Cres,,M1H,Single/Semi-detached House,24,Scarborough-Guildwood
4331032,STR-2211-HCXKVJ,98 Lillian St,712,M4S,Condominium,12,Toronto-St. Paul's
4331033,STR-2211-FXMXVD,19 Bourdon Ave,,M6L,Single/Semi-detached House,5,York South-Weston
4331034,STR-2211-GMZXVG,833 King St W,303,M5V,Condominium,10,Spadina-Fort York
4331035,STR-2211-HDMXVJ,140 Simcoe St,1411,M5H,Condominium,10,Spadina-Fort York
4331036,STR-2211-GWXKVH,1409 King St W,1,M6K,Duplex/Triplex/Fourplex,4,Parkdale-High Park
4331037,STR-2211-HFDKVJ,300 Front St W,1108,M5V,Condominium,10,Spadina-Fort York
4331038,STR-2211-FJGXVB,20B Vanbrugh Ave,Main,M1N,Single/Semi-detached House,20,Scarborough Southwest
4331039,STR-2211-FRMXVC,1209 Queen St E,15,M4M,Townhouse/ Row House,14,Toronto-Danforth
4331040,STR-2211-GQGXVG,56 Cedarvale Ave,A,M4C,Single/Semi-detached House,19,Beaches-East York
4331041,STR-2211-FZKKVD,43 Ryerson Ave,2,M5T,Single/Semi-detached House,10,Spadina-Fort York
4331042,STR-2211-HGKKVJ,284 Poyntz Ave,,M2N,Single/Semi-detached House,18,Willowdale
4331043,STR-2211-FZZXVD,182 Coleman Ave,Main,M4C,Duplex/Triplex/Fourplex,19,Beaches-East York
4331044,STR-2211-GYTXVH,50 Aberdeen Ave,,M4X,Townhouse/ Row House,13,Toronto Centre
4331045,STR-2211-HXMXVL,477 Wilson Heights Blvd,,M3H,Single/Semi-detached House,6,York Centre
4331046,STR-2211-JFTXVM,12 York St,5002,M5J,Condominium,10,Spadina-Fort York
4331047,STR-2211-GSDKVG,101 Peter St,1702,M5V,Condominium,10,Spadina-Fort York
4331048,STR-2211-JGKKVM,47 Woburn Ave,,M5M,Single/Semi-detached House,8,Eglinton-Lawrence
4331049,STR-2211-HJGXVJ,2 Anndale Dr,3302,M2N,Condominium,18,Willowdale
4331050,STR-2211-GCHBHS,78 Elm Grove Ave,,M6K,Single/Semi-detached House,4,Parkdale-High Park
4331051,STR-2211-GKPBHT,300 Front St W,413,M5V,Condominium,10,Spadina-Fort York
4331052,STR-2211-HBBBHW,569 Ossington Ave,1,M6G,Single/Semi-detached House,11,University-Rosedale
4331053,STR-2211-HBRPHW,297 Keele St,,M6P,Single/Semi-detached House,4,Parkdale-High Park
4331054,STR-2211-HJXPHX,55 Bremner Blvd,4311,M5J,Condominium,10,Spadina-Fort York
4331055,STR-2211-HSDPHY,98 Lillian St,711,M4S,Condominium,12,Toronto-St. Paul's
4331056,STR-2211-HZKPHZ,44 Stephen Dr,,M8Y,Single/Semi-detached House,3,Etobicoke-Lakeshore
4331057,STR-2211-HKPBHX,24 Tyndall Ave,311,M6K,Apartment,4,Parkdale-High Park
4331058,STR-2211-HSVBHY,65 Bremner Blvd,4408,M5J,Condominium,10,Spadina-Fort York
4331059,STR-2211-GPBBHT,24 Noble St,408,M6K,Condominium,4,Parkdale-High Park
4331060,STR-2211-GWHBHV,89 William Duncan Rd,,M3K,Townhouse/ Row House,6,York Centre
4331061,STR-2211-HFDPHW,84 Bastedo Ave,UN-B,M4C,Single/Semi-detached House,19,Beaches-East York
4331062,STR-2212-HMFVHX,20 Stanley Greene Blvd,,M3K,Single/Semi-detached House,6,York Centre
4331063,STR-2211-JCXPHZ,215 Fort York Blvd,1701,M5V,Condominium,10,Spadina-Fort York
4331064,STR-2211-FRPBHQ,70 Jasper Ave,,M6N,Single/Semi-detached House,5,York South-Weston
4331065,STR-2211-FYVBHR,89 Riverdale Ave,,M4K,Single/Semi-detached House,14,Toronto-Danforth
4331066,STR-2211-GHBBHS,52 Vaughan Rd,B,M6G,Apartment,12,Toronto-St. Paul's
4331067,STR-2211-JDPBHZ,3 Sudbury St,303,M6J,Condominium,10,Spadina-Fort York
4331068,STR-2211-FJXPHP,103 Grand Ave,,M8Y,Single/Semi-detached House,3,Etobicoke-Lakeshore
4331069,STR-2211-HPRPHX,256 Blackthorn Ave,,M6N,Single/Semi-detached House,9,Davenport
4331070,STR-2211-JFDPHZ,165 Clifton Ave,,M3H,Single/Semi-detached House,6,York Centre
4331071,STR-2211-GJHBHS,30 Nelson St,3906,M5V,Condominium,10,Spadina-Fort York
4331072,STR-2211-HHBBHW,2541 Eglinton Ave W,1,M6M,Apartment,5,York South-Weston
4331073,STR-2211-HQHBHX,102 Regent St,18,M5A,Townhouse/ Row House,13,Toronto Centre
4331074,STR-2211-HXPBHY,262 Torrens Ave,,M4J,Single/Semi-detached House,14,Toronto-Danforth
4331075,STR-2211-FLDPHP,112 George St,320,M5A,Condominium,13,Toronto Centre
4331076,STR-2211-GGLVHS,836 Kennedy Rd,,M1K,Single/Semi-detached House,21,Scarborough Centre
4331077,STR-2211-FTKPHQ,630 Kingston Rd,404,M4E,Condominium,19,Beaches-East York
4331078,STR-2211-GBRPHR,394 Queen St W,2,M5V,Apartment,10,Spadina-Fort York
4331079,STR-2211-FVCHHR,70 Queens Wharf Rd,1207,M5V,Single/Semi-detached House,10,Spadina-Fort York
4331080,STR-2211-HYWHHZ,52 Ainsdale Rd,,M1R,Single/Semi-detached House,21,Scarborough Centre
4331081,STR-2211-FMLVHQ,279 Cocksfield Ave,,M3H,Single/Semi-detached House,6,York Centre
4331082,STR-2211-GTLVHV,11 Blaydon Ave,BSMT,M3M,Single/Semi-detached House,6,York Centre
4331083,STR-2211-HJYVHX,239 Harvie Ave,Laneway,M6E,Single/Semi-detached House,9,Davenport
4331084,STR-2211-HZLVHZ,1173 Dundas St E,236,M4M,Condominium,14,Toronto-Danforth
4331085,STR-2211-FPCHHQ,22 Western Battery Rd,106,M6K,Townhouse/ Row House,10,Spadina-Fort York
4331086,STR-2211-GDQHHS,115 Richmond St E,406,M5C,Condominium,13,Toronto Centre
4331087,STR-2211-GLWHHT,106 Ranee Ave,Basement,M6A,Single/Semi-detached House,8,Eglinton-Lawrence
4331088,STR-2211-HSWHHY,209 Fort York Blvd,958,M5V,Condominium,10,Spadina-Fort York
4331089,STR-2211-FGLVHP,21 Iceboat Ter,2102,M5V,Condominium,10,Spadina-Fort York
4331090,STR-2211-GFFVHS,60 Eastwood Ave,,M1N,Single/Semi-detached House,20,Scarborough Southwest
4331091,STR-2211-HCYVHW,1136 Queen St W,2,M6J,Apartment,9,Davenport
4331092,STR-2211-HLFVHX,139 Scarboro Cres,,M1M,Single/Semi-detached House,20,Scarborough Southwest
4331093,STR-2211-FQJHHQ,87 Peter St,711,M5V,Condominium,10,Spadina-Fort York
4331094,STR-2211-GWJHHV,215 Sutherland Dr,,M4G,Single/Semi-detached House,15,Don Valley West
4331095,STR-2211-JCJHHZ,174 Indian Grv,Upper,M6P,Duplex/Triplex/Fourplex,4,Parkdale-High Park
4331096,STR-2211-FHSVHP,28 Griggsden Ave,,M9P,Single/Semi-detached House,2,Etobicoke Centre
4331097,STR-2211-FYFVHR,109 Gore Vale Ave,,M6J,Single/Semi-detached House,10,Spadina-Fort York
4331098,STR-2211-GXQHHV,924 Ossington Ave,203,M6G,Duplex/Triplex/Fourplex,9,Davenport
4331099,STR-2211-FKQHHP,154 Alameda Ave,,M6C,Single/Semi-detached House,12,Toronto-St. Paul's
4331100,STR-2211-HHCHHW,231 Fort York Blvd,921,M5V,Condominium,10,Spadina-Fort York
4331101,STR-2211-GSFVHT,300 Front St W,1001,M5V,Condominium,10,Spadina-Fort York
4331102,STR-2211-HZPBHZ,852 Dundas St W,,M6J,Single/Semi-detached House,11,University-Rosedale
4331103,STR-2211-JBDPHZ,12 York St,4706,M5J,Condominium,10,Spadina-Fort York
4331104,STR-2211-GFHBHS,66 Albani St,,M8V,Single/Semi-detached House,3,Etobicoke-Lakeshore
4331105,STR-2211-FRBBHQ,3 Hagley Rd,Basement,M1M,Single/Semi-detached House,20,Scarborough Southwest
4331106,STR-2211-HFXPHW,6 Eva Rd,1609,M9C,Condominium,2,Etobicoke Centre
4331107,STR-2211-FSHBHQ,361 Waverley Rd,,M4L,Single/Semi-detached House,19,Beaches-East York
4331108,STR-2211-GHVBHS,59 Guestville Ave,,M6N,Single/Semi-detached House,5,York South-Weston
4331109,STR-2211-GYHBHV,514 Wilson Heights Blvd,,M3H,Single/Semi-detached House,6,York Centre
4331110,STR-2211-HGPBHW,560 Front St W,532,M5V,Condominium,10,Spadina-Fort York
4331111,STR-2211-FKRPHP,181 Downsview Park Blvd,,M3K,Townhouse/ Row House,6,York Centre
4331112,STR-2211-FLHBHP,209 Fort York Blvd,176,M5V,Condominium,10,Spadina-Fort York
4331113,STR-2211-GZPBHV,2181 Yonge St,1606,M4S,Condominium,12,Toronto-St. Paul's
4331114,STR-2211-HRBBHX,42 Westmoreland Ave,,M6H,Single/Semi-detached House,9,Davenport
4331115,STR-2211-GKSVHT,112 Langley Ave,,M4K,Single/Semi-detached House,14,Toronto-Danforth
4331116,STR-2211-FFJHHP,902 Davenport Rd,3,M6G,Duplex/Triplex/Fourplex,12,Toronto-St. Paul's
4331117,STR-2211-FVWHHR,155 Yorkville Ave,2907,M5R,Condominium,11,University-Rosedale
4331118,STR-2211-GLJHHT,9 Sepia Dr,,M2J,Single/Semi-detached House,17,Don Valley North
4331119,STR-2211-HZQHHZ,95 Fontainbleau Dr,,M2M,Single/Semi-detached House,18,Willowdale
4331120,STR-2211-GLYVHT,34 Bellwoods Ave,,M6J,Townhouse/ Row House,10,Spadina-Fort York
4331121,STR-2211-HCLVHW,2 Elway Crt,3,M6B,Apartment,8,Eglinton-Lawrence
4331122,STR-2211-JBFVHZ,155 Yorkville Ave,1214,M5R,Condominium,11,University-Rosedale
4331123,STR-2211-JBWHHZ,5 Hargrave Lane,,M4N,Townhouse/ Row House,15,Don Valley West
4331124,STR-2211-FYYVHR,407 Symington Ave,,M6N,Townhouse/ Row House,9,Davenport
4331125,STR-2211-GHFVHS,230 Campbell Ave,,M6P,Single/Semi-detached House,9,Davenport
4331126,STR-2211-HPFVHX,151 Lee Ave,,M4E,Single/Semi-detached House,19,Beaches-East York
4331127,STR-2211-FKCHHP,701 Sheppard Ave W,409,M3H,Condominium,6,York Centre
4331128,STR-2211-JFJHHZ,50 Joe Shuster Way,208,M6K,Townhouse/ Row House,10,Spadina-Fort York
4331129,STR-2211-FKSVHP,14 York St,1311,M5J,Condominium,10,Spadina-Fort York
4331130,STR-2211-HXSVHY,955 Bay St,724,M5S,Condominium,13,Toronto Centre
4331131,STR-2211-FLJHHP,208 Churchill Ave,,M2R,Single/Semi-detached House,18,Willowdale
4331132,STR-2211-HRCHHX,166 Huron St,C,M5T,Single/Semi-detached House,11,University-Rosedale
4331133,STR-2211-FDVBHP,119 Pleasant Ave,,M2M,Single/Semi-detached House,18,Willowdale
4331134,STR-2211-FVHBHR,145 Winona Dr,,M6G,Single/Semi-detached House,12,Toronto-St. Paul's
4331135,STR-2211-GCPBHS,156 Codsell Ave,,M3H,Single/Semi-detached House,6,York Centre
4331136,STR-2211-GKVBHT,128 Ulster St,1,M6G,Duplex/Triplex/Fourplex,11,University-Rosedale
4331137,STR-2211-GTRPHV,21 Iceboat Ter,2610,M5V,Condominium,10,Spadina-Fort York
4331138,STR-2212-GDVBHS,56 Forest Manor Rd,3010,M2J,Condominium,17,Don Valley North
4331139,STR-2212-GMBBHT,1 Constance St,1,M6R,Duplex/Triplex/Fourplex,4,Parkdale-High Park
4331140,STR-2212-GVHBHV,10 Navy Wharf Crt,603,M5V,Condominium,10,Spadina-Fort York
4331141,STR-2212-HTBBHY,184 Montclair Ave,,M5P,Single/Semi-detached House,12,Toronto-St. Paul's
4331142,STR-2212-FXDPHR,14 York St,3901,M5J,Condominium,10,Spadina-Fort York
4331143,STR-2212-GMRPHT,35 Gentian Dr,,M9C,Single/Semi-detached House,2,Etobicoke Centre
4331144,STR-2212-GVXPHV,2 Prince Hal Cres,,M1T,Single/Semi-detached House,22,Scarborough-Agincourt
4331145,STR-2212-HTRPHY,1929 Dundas St E,,M4L,Single/Semi-detached House,19,Beaches-East York
4331146,STR-2212-GPHBHT,151 Dan Leckie Way,355,M5V,Condominium,10,Spadina-Fort York
4331147,STR-2212-HMBBHX,1445 Military Trl,,M1C,Single/Semi-detached House,25,Scarborough-Rouge Park
4331148,STR-2212-GXDPHV,18 Croft St,,M5S,Single/Semi-detached House,11,University-Rosedale
4331149,STR-2212-HMRPHX,18 Hillcrest Ave,1503,M2N,Condominium,18,Willowdale
4331150,STR-2212-HPHBHX,359 Lauder Ave,,M6E,Single/Semi-detached House,9,Davenport
4331151,STR-2212-GRDPHT,151 Dan Leckie Way,745,M5V,Condominium,10,Spadina-Fort York
4331152,STR-2212-GRVBHT,21 Iceboat Ter,2707,M5V,Condominium,10,Spadina-Fort York
4331153,STR-2212-GZBBHV,6 Kent Rd,,M4L,Single/Semi-detached House,14,Toronto-Danforth
4331154,STR-2212-FWQHHR,17 Bertram St,,M6M,Single/Semi-detached House,5,York South-Weston
4331155,STR-2212-HTSVHY,16 Boothroyd Ave,Basement,M4J,Single/Semi-detached House,14,Toronto-Danforth
4331156,STR-2212-JBYVHZ,128 Carlaw Ave,,M4M,Single/Semi-detached House,14,Toronto-Danforth
4331157,STR-2301-FTHBHQ,1441 Dufferin St,1,M6H,Apartment,9,Davenport
4331158,STR-2212-HVJHHY,1030 King St W,107,M6K,Condominium,10,Spadina-Fort York
4331159,STR-2212-FRFVHQ,189 Hounslow Ave,,M2N,Single/Semi-detached House,18,Willowdale
4331160,STR-2212-GPYVHT,1889 Queen St E,Front Unit,M4L,Duplex/Triplex/Fourplex,19,Beaches-East York
4331161,STR-2212-HMSVHX,100 MacDonald St,,M8V,Single/Semi-detached House,3,Etobicoke-Lakeshore
4331162,STR-2212-FJQHHP,12 York St,307,M5J,Condominium,10,Spadina-Fort York
4331163,STR-2212-FZCHHR,273A Delta St,,M8W,Single/Semi-detached House,3,Etobicoke-Lakeshore
4331164,STR-2212-HWQHHY,15 Iceboat Ter,2009,M5V,Condominium,10,Spadina-Fort York
4331165,STR-2212-HRFVHX,83 Livingstone Ave,,M6E,Single/Semi-detached House,8,Eglinton-Lawrence
4331166,STR-2212-FVKPHR,20 Bruyeres Mews,2203,M5V,Condominium,10,Spadina-Fort York
4331167,STR-2212-GTDPHV,14 York St,2405,M5J,Condominium,10,Spadina-Fort York
4331168,STR-2212-HJRPHX,300 Front St W,3102,M5V,Condominium,10,Spadina-Fort York
4331169,STR-2212-GDHBHS,584 Parliament St,1,M4X,Townhouse/ Row House,13,Toronto Centre
4331170,STR-2212-GLPBHT,651 Jane St,,M6N,Single/Semi-detached House,5,York South-Weston
4331171,STR-2212-GTVBHV,67 Parkington Cres,,M1H,Single/Semi-detached House,24,Scarborough-Guildwood
4331172,STR-2212-GVKPHV,87 Lesmount Ave,,M4J,Single/Semi-detached House,14,Toronto-Danforth
4331173,STR-2212-HKXPHX,26 Sarah Ashbridge Ave,,M4L,Single/Semi-detached House,19,Beaches-East York
4331174,STR-2212-FQBBHQ,169A Chisholm Ave,,M4C,Single/Semi-detached House,19,Beaches-East York
4331175,STR-2212-HTVBHY,100 Gloucester St,207,M4Y,Apartment,13,Toronto Centre
4331176,STR-2501-HFTFBW,90 De Quincy Blvd,,M3H,Single/Semi-detached House,6,York Centre
4331177,STR-2212-FXXPHR,218 Northwood Dr,,M2M,Single/Semi-detached House,18,Willowdale
4331178,STR-2212-HVKPHY,18 Methuen Ave,,M6S,Single/Semi-detached House,4,Parkdale-High Park
4331179,STR-2212-GGVBHS,48 Massey St,2,M6J,Townhouse/ Row House,10,Spadina-Fort York
4331180,STR-2212-HWBBHY,177 Delhi Ave,,M3H,Single/Semi-detached House,6,York Centre
4331181,STR-2212-GHKPHS,14 York St,3803,M5J,Condominium,10,Spadina-Fort York
4331182,STR-2212-FKXPHP,74 Oxford St,Upper,M5T,Townhouse/ Row House,11,University-Rosedale
4331183,STR-2212-FTDPHQ,21 Simpson Ave,,M4K,Single/Semi-detached House,14,Toronto-Danforth
4331184,STR-2212-GZDPHV,158 Ellsworth Ave,,M6G,Single/Semi-detached House,12,Toronto-St. Paul's
4331185,STR-2212-HQRPHX,955 Bay St,702,M5S,Condominium,13,Toronto Centre
4331186,STR-2212-JGVBHZ,223 Lisgar St,Rear,M6J,Single/Semi-detached House,9,Davenport
4331187,STR-2212-FVLVHR,230 Sterling Rd,Basement,M6R,Townhouse/ Row House,9,Davenport
4331188,STR-2212-FFQHHP,8 Wellesley St E,5,M4Y,Condominium,13,Toronto Centre
4331189,STR-2212-GMFVHT,843 Queen St W,B,M6J,Apartment,10,Spadina-Fort York
4331190,STR-2212-HKYVHX,54 Halsey Ave,,M4B,Single/Semi-detached House,19,Beaches-East York
4331191,STR-2212-JBLVHZ,39 Salem Ave,,M6H,Duplex/Triplex/Fourplex,9,Davenport
4331192,STR-2212-FQCHHQ,12 York St,3007,M5J,Condominium,10,Spadina-Fort York
4331193,STR-2212-GMWHHT,82 Otonabee Ave,,M2M,Single/Semi-detached House,18,Willowdale
4331194,STR-2212-HLQHHX,270 Adelaide St W,306,M5H,Condominium,10,Spadina-Fort York
4331195,STR-2212-HTWHHY,92 Seaforth Ave,Main,M6K,Single/Semi-detached House,4,Parkdale-High Park
4331196,STR-2212-JCCHHZ,290 Berkeley St,,M5A,Townhouse/ Row House,13,Toronto Centre
4331197,STR-2212-FQSVHQ,201 Sherbourne St,1501,M5A,Apartment,13,Toronto Centre
4331198,STR-2212-GQCHHT,69 Benjamin Boake Trl,,M3J,Single/Semi-detached House,6,York Centre
4331199,STR-2212-FJSVHP,120 Homewood Ave,606,M4Y,Condominium,13,Toronto Centre
4331200,STR-2212-GXYVHV,60 Huron St,3,M5T,Apartment,10,Spadina-Fort York
4331201,STR-2212-HGFVHW,1141 Lansdowne Ave,Upper Unit,M6H,Apartment,9,Davenport
4331202,STR-2212-GJCHHS,155 Yorkville Ave,2009,M5R,Condominium,11,University-Rosedale
4331203,STR-2212-GRJHHT,19 Monkton Ave,,M8Z,Single/Semi-detached House,3,Etobicoke-Lakeshore
4331204,STR-2212-JFQHHZ,4 Lakeshore Ave,,M5J,Single/Semi-detached House,10,Spadina-Fort York
4331205,STR-2212-GBLVHR,674 Dufferin St,4,M6K,Duplex/Triplex/Fourplex,9,Davenport
4331206,STR-2212-GZFVHV,8 Charlotte St,2207,M5V,Condominium,10,Spadina-Fort York
4331207,STR-2501-HMZFBX,21 Iceboat Ter,2103,M5V,Condominium,10,Spadina-Fort York
4331208,STR-2212-FWDPHR,143 Silas Hill Dr,,M2J,Single/Semi-detached House,17,Don Valley North
4331209,STR-2301-HZXPHZ,1600 Keele St,1020,M6N,Condominium,5,York South-Weston
4331210,STR-2301-HTHBHY,30 Nelson St,308,M5V,Condominium,10,Spadina-Fort York
4331211,STR-2301-FQDPHQ,231 Christie St,1,M6G,Single/Semi-detached House,11,University-Rosedale
4331212,STR-2301-FXKPHR,89 Darlingside Dr,,M1E,Single/Semi-detached House,25,Scarborough-Rouge Park
4331213,STR-2301-HTXPHY,151 Dan Leckie Way,1002,M5V,Condominium,10,Spadina-Fort York
4331214,STR-2301-FHPBHP,14 York St,3808,M5J,Condominium,10,Spadina-Fort York
4331215,STR-2301-FQVBHQ,622 Bathurst St,2,M5S,Apartment,11,University-Rosedale
4331216,STR-2301-FYBBHR,17B Poplar Rd,Basement,M1E,Duplex/Triplex/Fourplex,24,Scarborough-Guildwood
4331217,STR-2301-FJDPHP,69 Vermont Ave,,M6G,Single/Semi-detached House,11,University-Rosedale
4331218,STR-2301-FSBBHQ,2221 Yonge St,1803,M4S,Apartment,12,Toronto-St. Paul's
4331219,STR-2301-HGHBHW,6 Brussels Rd,Basement,M1K,Single/Semi-detached House,20,Scarborough Southwest
4331220,STR-2301-HPPBHX,38 Joe Shuster Way,2010,M6K,Condominium,10,Spadina-Fort York
4331221,STR-2301-FSRPHQ,5 Bellefontaine St,,M1S,Single/Semi-detached House,22,Scarborough-Agincourt
4331222,STR-2301-GJDPHS,33 Gemshaw Cres,,M1B,Single/Semi-detached House,25,Scarborough-Rouge Park
4331223,STR-2301-HXKPHY,161 Lawrence Ave W,Basement Apart,M5M,Duplex/Triplex/Fourplex,8,Eglinton-Lawrence
4331224,STR-2301-FLBBHP,55 Bremner Blvd,4802,M5J,Condominium,10,Spadina-Fort York
4331225,STR-2301-GJVBHS,12 Petman Ave,,M4S,Single/Semi-detached House,15,Don Valley West
4331226,STR-2301-FLRPHP,155 Geoffrey St,,M6R,Single/Semi-detached House,4,Parkdale-High Park
4331227,STR-2301-GZXPHV,54 Richland Cres,,M9C,Single/Semi-detached House,2,Etobicoke Centre
4331228,STR-2301-HRKPHX,55 Bremner Blvd,3401,M5J,Condominium,10,Spadina-Fort York
4331229,STR-2301-FMJHHQ,7 Robinson St,,M6J,Duplex/Triplex/Fourplex,10,Spadina-Fort York
4331230,STR-2301-GTJHHV,1029 King St W,637,M6K,Condominium,10,Spadina-Fort York
4331231,STR-2301-HBQHHW,137 Danforth Ave,1,M4K,Apartment,14,Toronto-Danforth
4331232,STR-2301-HZJHHZ,36 Devon Rd,B,M4E,Single/Semi-detached House,19,Beaches-East York
4331233,STR-2301-FFSVHP,15 Eldora Ave,27,M2M,Townhouse/ Row House,18,Willowdale
4331234,STR-2301-GLSVHT,36 Augusta Ave,Lower,M5T,Townhouse/ Row House,10,Spadina-Fort York
4331235,STR-2301-FGJHHP,50 Lotherton Ptwy,814,M6B,Condominium,8,Eglinton-Lawrence
4331236,STR-2301-FPQHHQ,2690 Danforth Ave,B,M4C,Apartment,19,Beaches-East York
4331237,STR-2301-HCWHHW,4 Park Vista,1212,M4B,Condominium,19,Beaches-East York
4331238,STR-2301-FQFVHQ,495 Clinton St,1,M6G,Duplex/Triplex/Fourplex,11,University-Rosedale
4331239,STR-2301-HDLVHW,14 York St,5905,M5J,Condominium,10,Spadina-Fort York
4331240,STR-2301-FQWHHQ,1939 Dufferin St,,M6E,Single/Semi-detached House,9,Davenport
4331241,STR-2301-GGJHHS,5 Blue Forest Dr,,M3H,Single/Semi-detached House,6,York Centre
4331242,STR-2301-GWWHHV,35 Lailey Cres,,M2N,Single/Semi-detached House,18,Willowdale
4331243,STR-2301-HMJHHX,955 Bay St,1615,M5S,Condominium,13,Toronto Centre
4331244,STR-2301-GGYVHS,209 Park Lawn Rd,Basement,M8Y,Single/Semi-detached House,3,Etobicoke-Lakeshore
4331245,STR-2301-GQFVHT,891 Queen St W,1,M6J,Apartment,10,Spadina-Fort York
4331246,STR-2301-JDLVHZ,106 Rainsford Rd,Basement,M4L,Single/Semi-detached House,19,Beaches-East York
4331247,STR-2301-GQWHHT,34 Ferris Rd,,M4B,Single/Semi-detached House,19,Beaches-East York
4331248,STR-2301-FZYVHR,12 York St,2802,M5J,Condominium,10,Spadina-Fort York
4331249,STR-2501-HWGFBY,832 Bay St,4208,M5S,Condominium,11,University-Rosedale
4331250,STR-2301-FLCHHP,12 Warfield Dr,Upper,M2J,Duplex/Triplex/Fourplex,17,Don Valley North
4331251,STR-2301-HQWHHX,91 Riverdale Ave,,M4K,Single/Semi-detached House,14,Toronto-Danforth
4331252,STR-2301-HYSVHY,210 Victoria St,3205,M5B,Condominium,13,Toronto Centre
4331253,STR-2301-GCHDVS,130 Mulock Ave,,M6N,Single/Semi-detached House,5,York South-Weston
4331254,STR-2301-HJHDVX,61 Creekbank Rd,2,M6L,Duplex/Triplex/Fourplex,5,York South-Weston
4331255,STR-2301-GCXRVS,329 Douglas Ave,,M5M,Single/Semi-detached House,8,Eglinton-Lawrence
4331256,STR-2301-HBRRVW,76 Greensides Ave,,M6G,Single/Semi-detached House,12,Toronto-St. Paul's
4331257,STR-2301-HSVDVY,115 Esgore Dr,,M5M,Single/Semi-detached House,8,Eglinton-Lawrence
4331258,STR-2301-GFDRVS,273 Queensdale Ave,,M4C,Single/Semi-detached House,19,Beaches-East York
4331259,STR-2301-HCXRVW,151 Clanton Park Rd,,M3H,Single/Semi-detached House,6,York Centre
4331260,STR-2301-HLDRVX,2 Collinson Blvd,,M3H,Single/Semi-detached House,6,York Centre
4331261,STR-2301-HDPDVW,923 Bathurst St,Upper,M5R,Townhouse/ Row House,11,University-Rosedale
4331262,STR-2301-HMKRVX,21 Hackett Ave,,M3J,Single/Semi-detached House,7,Humber River-Black Creek
4331263,STR-2301-FJHDVP,30 Cavotti Cres,,M3H,Single/Semi-detached House,6,York Centre
4331264,STR-2301-GXPDVV,14 York St,1904,M5J,Condominium,10,Spadina-Fort York
4331265,STR-2301-FSDRVQ,306 Driftwood Ave,,M3N,Single/Semi-detached House,7,Humber River-Black Creek
4331266,STR-2301-GHRRVS,955 Bay St,1607,M5S,Condominium,13,Toronto Centre
4331267,STR-2301-GBRRVR,70 Queens Wharf Rd,908,M5V,Condominium,10,Spadina-Fort York
4331268,STR-2301-HHRRVW,631 Queens St W,2,M5V,Apartment,10,Spadina-Fort York
4331269,STR-2301-FVCKVR,550 Dufferin St,2,M6K,Apartment,9,Davenport
4331270,STR-2301-HRQKVY,388 Yonge St,7310,M5B,Condominium,11,University-Rosedale
4331271,STR-2301-FFFXVP,188 Cumberland St,2211,M5R,Condominium,11,University-Rosedale
4331272,STR-2301-FPCKVQ,21 Iceboat Ter,2601,M5V,Condominium,10,Spadina-Fort York
4331273,STR-2501-JDMFBZ,832 Bay St,4103,M5S,Condominium,11,University-Rosedale
4331274,STR-2301-GVCKVV,26 Leyton Ave,,M1L,Single/Semi-detached House,20,Scarborough Southwest
4331275,STR-2301-FGLXVP,557 Ossington Ave,,M6G,Single/Semi-detached House,11,University-Rosedale
4331276,STR-2301-GFFXVS,219 Fort York Blvd,310,M5V,Condominium,10,Spadina-Fort York
4331277,STR-2301-GVSXVV,101 Peter St,3702,M5V,Condominium,10,Spadina-Fort York
4331278,STR-2301-HCYXVW,66 Gatesview Ave,,M1J,Single/Semi-detached House,24,Scarborough-Guildwood
4331279,STR-2301-HLFXVX,800 King St W,407,M5V,Condominium,10,Spadina-Fort York
4331280,STR-2301-FHSXVP,364 Renforth Dr,,M9C,Single/Semi-detached House,2,Etobicoke Centre
4331281,STR-2301-GPSXVT,158 Glenmount Park Rd,,M4E,Single/Semi-detached House,19,Beaches-East York
4331282,STR-2301-HFFXVW,680 Mortimer Ave,,M4C,Single/Semi-detached House,19,Beaches-East York
4331283,STR-2301-FJJKVP,188 Cumberland St,2205,M5R,Condominium,11,University-Rosedale
4331284,STR-2301-FYWKVR,11 Wellesley St W,406,M4Y,Condominium,13,Toronto Centre
4331285,STR-2501-FJWSBP,21 Matthew Crt,,M9B,Townhouse/ Row House,2,Etobicoke Centre
4331286,STR-2301-HWJKVY,479 Wilson Heights Blvd,,M3H,Single/Semi-detached House,6,York Centre
4331287,STR-2301-GHSXVS,225 Wellesley St E,714,M4X,Condominium,13,Toronto Centre
4331288,STR-2301-GBCKVR,8 Runnymede Rd,,M6S,Single/Semi-detached House,4,Parkdale-High Park
4331289,STR-2301-HHCKVW,551 King St E,,M5A,Townhouse/ Row House,13,Toronto Centre
4331290,STR-2301-FTLXVQ,300 Front St W,505,M5V,Condominium,10,Spadina-Fort York
4331291,STR-2301-GBSXVR,270 Wellington St W,924,M5V,Condominium,10,Spadina-Fort York
4331292,STR-2301-GSFXVT,12 York St,5307,M5J,Condominium,10,Spadina-Fort York
4331293,STR-2301-HQYXVX,38 Templar Dr,1,M9R,Single/Semi-detached House,2,Etobicoke Centre
4331294,STR-2301-HZPDVZ,48 Massey St,1,M6J,Townhouse/ Row House,10,Spadina-Fort York
4331295,STR-2301-FGPDVP,20 John St,321,M5V,Condominium,10,Spadina-Fort York
4331296,STR-2301-FPVDVQ,20 John St,522,M5V,Condominium,10,Spadina-Fort York
4331297,STR-2301-GMPDVT,246 Gerrard St E,2,M5A,Duplex/Triplex/Fourplex,13,Toronto Centre
4331298,STR-2301-HDBDVW,155 Yorkville Ave,2817,M5R,Condominium,11,University-Rosedale
4331299,STR-2301-FHDRVP,452 Glengrove Ave,,M5N,Single/Semi-detached House,8,Eglinton-Lawrence
4331300,STR-2301-GFXRVS,70 August Ave,,M1L,Single/Semi-detached House,20,Scarborough Southwest
4331301,STR-2301-HVDRVY,73 Thirty First St,,M8W,Single/Semi-detached House,3,Etobicoke-Lakeshore
4331302,STR-2301-GPVDVT,97 Hadrian Dr,,M9W,Single/Semi-detached House,1,Etobicoke North
4331303,STR-2301-GQKRVT,300 Front St W,PH3,M5V,Condominium,10,Spadina-Fort York
4331304,STR-2301-GXRRVV,91 Shaw St,,M6J,Townhouse/ Row House,10,Spadina-Fort York
4331305,STR-2301-FKBDVP,14 Atkins Ave,,M6K,Single/Semi-detached House,9,Davenport
4331306,STR-2301-FSHDVQ,187 Ontario St,,M5A,Townhouse/ Row House,13,Toronto Centre
4331307,STR-2301-GRBDVT,41 River St,2,M5A,Condominium,13,Toronto Centre
4331308,STR-2301-JFHDVZ,227 Victoria Park Ave,,M4E,Single/Semi-detached House,20,Scarborough Southwest
4331309,STR-2301-GRRRVT,25 Oakridge Dr,,M1M,Single/Semi-detached House,20,Scarborough Southwest
4331310,STR-2301-JFXRVZ,61 McGill St,,M5B,Townhouse/ Row House,13,Toronto Centre
4331311,STR-2301-GSHDVT,386 Yonge St,4307,M5B,Condominium,11,University-Rosedale
4331312,STR-2301-JGPDVZ,101 Peter St,3012,M5V,Condominium,10,Spadina-Fort York
4331313,STR-2301-HBFXVW,3630B St Clair Ave E,,M1N,Townhouse/ Row House,20,Scarborough Southwest
4331314,STR-2301-HJLXVX,62 Pilkington Dr,,M1L,Townhouse/ Row House,20,Scarborough Southwest
4331315,STR-2301-HRSXVY,3 Pindar Cres,,M2J,Single/Semi-detached House,17,Don Valley North
4331316,STR-2302-FMQKVQ,7 East York Ave,,M4K,Townhouse/ Row House,14,Toronto-Danforth
4331317,STR-2302-GLJKVT,326 Carlaw Ave,207,M4M,Apartment,14,Toronto-Danforth
4331318,STR-2302-FDVDVP,3 Dennett Dr,,M1S,Single/Semi-detached House,23,Scarborough North
4331319,STR-2302-GTQKVV,47 Katie Crt,Basement,M6L,Single/Semi-detached House,5,York South-Weston
4331320,STR-2302-HSJKVY,39 Queens Quay E,830,M5E,Condominium,10,Spadina-Fort York
4331321,STR-2302-GDSXVS,14 York St,5010,M5J,Condominium,10,Spadina-Fort York
4331322,STR-2302-HKSXVX,40 Darnborough Way,,M1W,Single/Semi-detached House,22,Scarborough-Agincourt
4331323,STR-2302-HSYXVY,713 College St,A,M6G,Apartment,11,University-Rosedale
4331324,STR-2302-FGQKVP,9 Douville Crt,,M5A,Townhouse/ Row House,10,Spadina-Fort York
4331325,STR-2302-FPWKVQ,19 Earnbridge St,2,M6K,Duplex/Triplex/Fourplex,4,Parkdale-High Park
4331326,STR-2302-HLJKVX,53 Abbott Ave,Upper,M6P,Duplex/Triplex/Fourplex,4,Parkdale-High Park
4331327,STR-2302-HTQKVY,21 Iceboat Ter,933,M5V,Condominium,10,Spadina-Fort York
4331328,STR-2302-JBWKVZ,295 Adelaide St W,4104,M5V,Condominium,10,Spadina-Fort York
4331329,STR-2302-FQLXVQ,65 Bremner Blvd,3411,M5J,Condominium,10,Spadina-Fort York
4331330,STR-2302-GPFXVT,2 Anndale Dr,308,M2N,Apartment,18,Willowdale
4331331,STR-2302-HDSXVW,10 Farmington Cres,,M1S,Single/Semi-detached House,22,Scarborough-Agincourt
4331332,STR-2302-HFJKVW,381 Murray Ross Pkwy,,M3J,Single/Semi-detached House,7,Humber River-Black Creek
4331333,STR-2302-GQLXVT,34 Chipping Rd,,M3B,Single/Semi-detached House,16,Don Valley East
4331334,STR-2302-GXSXVV,110A Sackville St,,M5A,Townhouse/ Row House,13,Toronto Centre
4331335,STR-2302-HFYXVW,162 Hilda Ave,,M2M,Single/Semi-detached House,18,Willowdale
4331336,STR-2302-FSJKVQ,1572 Dundas St E,,M4L,Single/Semi-detached House,14,Toronto-Danforth
4331337,STR-2302-HXCKVY,275 Newton Dr,,M2M,Single/Semi-detached House,18,Willowdale
4331338,STR-2302-GJLXVS,8 Geneva Ave,Basement,M5A,Apartment,13,Toronto Centre
4331339,STR-2302-GYYXVV,68 Carr St,17,M5T,Townhouse/ Row House,10,Spadina-Fort York
4331340,STR-2302-HXSXVY,65 Bremner Blvd,4803,M5J,Condominium,10,Spadina-Fort York
4331341,STR-2302-HRCKVX,69 Lynn Williams St,813,M6K,Condominium,10,Spadina-Fort York
4331342,STR-2302-GDDRVS,151 Dan Leckie Way,845,M5V,Condominium,10,Spadina-Fort York
4331343,STR-2302-GLKRVT,151 Dan Leckie Way,906,M5V,Condominium,10,Spadina-Fort York
4331344,STR-2302-HKDRVX,14 York St,6611,M5J,Condominium,10,Spadina-Fort York
4331345,STR-2302-GDVDVS,72 Robert St,,M9N,Single/Semi-detached House,5,York South-Weston
4331346,STR-2302-HKVDVX,138 Kenwood Ave,,M6C,Single/Semi-detached House,12,Toronto-St. Paul's
4331347,STR-2302-HTBDVY,14 York St,3206,M5J,Condominium,10,Spadina-Fort York
4331348,STR-2302-FPXRVQ,111 Harrison St,,M6J,Townhouse/ Row House,9,Davenport
4331349,STR-2302-FXDRVR,282 Ossington Ave,Basement,M6J,Single/Semi-detached House,9,Davenport
4331350,STR-2302-GVXRVV,745 Queen St W,2,M6J,Duplex/Triplex/Fourplex,10,Spadina-Fort York
4331351,STR-2302-HDDRVW,300 Front St W,1005,M5V,Condominium,10,Spadina-Fort York
4331352,STR-2302-JBXRVZ,38 Euclid Ave,main floor,M6J,Single/Semi-detached House,10,Spadina-Fort York
4331353,STR-2302-FQPDVQ,75 Grackle Trl,,M1X,Single/Semi-detached House,23,Scarborough North
4331354,STR-2302-GPHDVT,251 Jarvis St,3804,M5B,Condominium,13,Toronto Centre
4331355,STR-2302-HDVDVW,165 Legion Rd N,1928,M8Y,Condominium,3,Etobicoke-Lakeshore
4331356,STR-2302-JCPDVZ,262 Beatrice St,A,M6G,Townhouse/ Row House,11,University-Rosedale
4331357,STR-2302-JDDRVZ,219 Fort York Blvd,1808,M5V,Condominium,10,Spadina-Fort York
4331358,STR-2302-GXVDVV,188 Cumberland St,801,M5R,Apartment,11,University-Rosedale
4331359,STR-2302-JDVDVZ,101 Peter St,2303,M5V,Condominium,10,Spadina-Fort York
4331360,STR-2302-FKDRVP,560 Front St W,518,M5V,Condominium,10,Spadina-Fort York
4331361,STR-2302-FKVDVP,43 Geneva Ave,,M5A,Townhouse/ Row House,13,Toronto Centre
4331362,STR-2302-JGBDVZ,155 Yorkville Ave,718,M5R,Condominium,11,University-Rosedale
4331363,STR-2302-GBXRVR,187 Downsview Park Blvd,,M3K,Townhouse/ Row House,6,York Centre
4331364,STR-2302-GKDRVS,324 Beech Ave,,M4E,Single/Semi-detached House,19,Beaches-East York
4331365,STR-2302-HHXRVW,151 Dan Leckie Way,806,M5V,Condominium,10,Spadina-Fort York
4331366,STR-2302-HYKRVY,15 Bayfield Cres,,M4K,Single/Semi-detached House,14,Toronto-Danforth
4331367,STR-2302-FDWKVP,39 Verwood Ave,,M3H,Single/Semi-detached House,6,York Centre
4331368,STR-2302-FVJKVR,207 Dunn Ave,,M6K,Single/Semi-detached House,4,Parkdale-High Park
4331369,STR-2302-HJQKVX,232 St Helen's Ave,,M6H,Townhouse/ Row House,9,Davenport
4331370,STR-2302-HZCKVZ,30 Nelson St,16,M5V,Condominium,10,Spadina-Fort York
4331371,STR-2302-FMSXVQ,120 Homewood Ave,603,M4Y,Condominium,13,Toronto Centre
4331372,STR-2302-HBYXVW,117 Boston Ave,,M4M,Single/Semi-detached House,14,Toronto-Danforth
4331373,STR-2302-HKFXVX,5131 Sheppard Ave E,411,M1B,Condominium,23,Scarborough North
4331374,STR-2302-FWQKVR,373 Front St W,101,M5V,Condominium,10,Spadina-Fort York
4331375,STR-2302-GDWKVS,147 Brickworks Lane,,M6N,Townhouse/ Row House,5,York South-Weston
4331376,STR-2302-GMCKVT,63 Alcorn Ave,,M4V,Single/Semi-detached House,12,Toronto-St. Paul's
4331377,STR-2302-HKWKVX,105 Jersey Ave,,M6G,Single/Semi-detached House,11,University-Rosedale
4331378,STR-2302-JBJKVZ,153 Logan Ave,,M4M,Apartment,14,Toronto-Danforth
4331379,STR-2302-FXFXVR,536 Dupont St,Upper,M6G,Single/Semi-detached House,11,University-Rosedale
4331380,STR-2302-HTSXVY,300 Front St W,808,M5V,Condominium,10,Spadina-Fort York
4331381,STR-2302-JBYXVZ,2 Aberdeen Ave,,M4X,Single/Semi-detached House,13,Toronto Centre
4331382,STR-2302-FQQKVQ,1 Garnier Crt,,M2M,Single/Semi-detached House,17,Don Valley North
4331383,STR-2302-FXWKVR,992 Dundas St E,,M4M,Townhouse/ Row House,14,Toronto-Danforth
4331384,STR-2302-GGCKVS,298 Ossington Ave,1,M6J,Duplex/Triplex/Fourplex,9,Davenport
4331385,STR-2302-HMCKVX,377 Lansdowne Ave,Upper,M6H,Single/Semi-detached House,9,Davenport
4331386,STR-2302-HFLXVW,25 Learmont Dr,,M9R,Single/Semi-detached House,2,Etobicoke Centre
4331387,STR-2302-HMSXVX,130 Macpherson Ave,11,M5R,Apartment,11,University-Rosedale
4331388,STR-2302-HGCKVW,15 Iceboat Ter,942A,M5V,Condominium,10,Spadina-Fort York
4331389,STR-2302-FSLXVQ,21 Iceboat Ter,829,M5V,Condominium,10,Spadina-Fort York
4331390,STR-2302-JFLXVZ,20 Shore Breeze Dr,304,M8V,Condominium,3,Etobicoke-Lakeshore
4331391,STR-2302-GJQKVS,78 Augusta Ave,,M5T,Townhouse/ Row House,10,Spadina-Fort York
4331392,STR-2302-HQQKVX,21 Iceboat Ter,328,M5V,Condominium,10,Spadina-Fort York
4331393,STR-2302-HXWKVY,54 Brunswick Ave,,M5S,Single/Semi-detached House,11,University-Rosedale
4331394,STR-2302-JGCKVZ,215 Fort York Blvd,619,M5V,Condominium,10,Spadina-Fort York
4331395,STR-2302-GKFXVS,98 Lillian St,2412,M4S,Condominium,12,Toronto-St. Paul's
4331396,STR-2302-GSLXVT,13 Woodfield Rd,Lower,M4L,Duplex/Triplex/Fourplex,14,Toronto-Danforth
4331397,STR-2302-HRFXVX,96 Oakmeadow Blvd,,M1E,Single/Semi-detached House,24,Scarborough-Guildwood
4331398,STR-2302-HJRRVX,3 Channel Ave,,M5J,Single/Semi-detached House,10,Spadina-Fort York
4331399,STR-2302-HRXRVY,973 Willowdale Ave,,M2M,Single/Semi-detached House,18,Willowdale
4331400,STR-2302-GDHDVS,30 Fernwood Park Ave,2,M4E,Duplex/Triplex/Fourplex,19,Beaches-East York
4331401,STR-2302-HKHDVX,211 Van Dusen Blvd,,M8Z,Single/Semi-detached House,3,Etobicoke-Lakeshore
4331402,STR-2302-FPKRVQ,560 Front St W,613,M5V,Condominium,10,Spadina-Fort York
4331403,STR-2302-GMDRVT,3 Kimbourne Ave,,M4J,Single/Semi-detached House,14,Toronto-Danforth
4331404,STR-2302-GVKRVV,2 Eva Rd,1328,M9C,Condominium,2,Etobicoke Centre
4331405,STR-2302-FXHDVR,151 Dan Leckie Way,518,M5V,Condominium,10,Spadina-Fort York
4331406,STR-2302-HDHDVW,2 Ollerton Rd,,M3J,Single/Semi-detached House,7,Humber River-Black Creek
4331407,STR-2302-JCBDVZ,92 Highfield Rd,Upper,M4L,Single/Semi-detached House,14,Toronto-Danforth
4331408,STR-2302-FQRRVQ,238 Manning Ave,,M6J,Townhouse/ Row House,11,University-Rosedale
4331409,STR-2302-GWRRVV,8 Petman Ave,,M4S,Single/Semi-detached House,15,Don Valley West
4331410,STR-2302-HMDRVX,14 York St,5605,M5J,Condominium,10,Spadina-Fort York
4331411,STR-2302-HMVDVX,155 Church St,201,M5B,Apartment,13,Toronto Centre
4331412,STR-2302-GHKRVS,209 Fort York Blvd,1262,M5V,Condominium,10,Spadina-Fort York
4331413,STR-2302-HGDRVW,20 Prust Ave,,M4L,Single/Semi-detached House,14,Toronto-Danforth
4331414,STR-2302-FKXRVP,65 Bremner Blvd,1503,M5J,Condominium,10,Spadina-Fort York
4331415,STR-2302-FTDRVQ,155 Yorkville Ave,2107,M5R,Condominium,11,University-Rosedale
4331416,STR-2302-JGDRVZ,231 Fort York Blvd,111,M5V,Condominium,10,Spadina-Fort York
4331417,STR-2302-HRHDVX,12 York St,411,M5J,Condominium,10,Spadina-Fort York
4331418,STR-2302-FDYXVP,24 Harrow Dr,,M6M,Single/Semi-detached House,5,York South-Weston
4331419,STR-2302-FMFXVQ,449 Rogers Rd,,M6M,Single/Semi-detached House,9,Davenport
4331420,STR-2302-GKYXVT,74 Lanark Ave,105,M6E,Townhouse/ Row House,12,Toronto-St. Paul's
4331421,STR-2302-HBLXVW,254 Christie St,3,M6G,Apartment,11,University-Rosedale
4331422,STR-2302-HRYXVY,158 Almore Ave,A,M3H,Single/Semi-detached House,6,York Centre
4331423,STR-2302-HZFXVZ,132 Belsize Dr,,M4S,Single/Semi-detached House,12,Toronto-St. Paul's
4331424,STR-2302-FFQKVP,560 Front St W,904,M5V,Condominium,10,Spadina-Fort York
4331425,STR-2302-FMWKVQ,300 Front St W,3801,M5V,Condominium,10,Spadina-Fort York
4331426,STR-2302-HSQKVY,328 Brunswick Ave,5,M5R,Duplex/Triplex/Fourplex,11,University-Rosedale
4331427,STR-2302-GMFXVT,243 Havelock St,,M6H,Single/Semi-detached House,9,Davenport
4331428,STR-2302-HDJKVW,28 Rosebank Dr,1701,M1B,Townhouse/ Row House,23,Scarborough North
4331429,STR-2302-HLQKVX,58 Beaty Ave,Upper,M6K,Single/Semi-detached House,4,Parkdale-High Park
4331430,STR-2302-HDYXVW,295 Dufferin St,516,M6K,Apartment,10,Spadina-Fort York
4331431,STR-2302-JCSXVZ,16 Minto St,1,M4L,Duplex/Triplex/Fourplex,14,Toronto-Danforth
4331432,STR-2302-FJCKVP,30 Mitchell Ave,,M6J,Townhouse/ Row House,10,Spadina-Fort York
4331433,STR-2302-GQCKVT,562 Parliament St,2,M4X,Duplex/Triplex/Fourplex,13,Toronto Centre
4331434,STR-2302-GXJKVV,39 Pinto Dr,,M2J,Single/Semi-detached House,17,Don Valley North
4331435,STR-2302-HWCKVY,251 Manitoba St,2503,M8Y,Condominium,3,Etobicoke-Lakeshore
4331436,STR-2302-JDJKVZ,33 Edwin Ave,Lanewy,M6P,Single/Semi-detached House,9,Davenport
4331437,STR-2302-HGFXVW,56 Minnacote Ave,,M1E,Single/Semi-detached House,25,Scarborough-Rouge Park
4331438,STR-2302-HWSXVY,8 Charlotte St,504,M5V,Condominium,10,Spadina-Fort York
4331439,STR-2302-FSQKVQ,243 Roxton Rd,,M6G,Single/Semi-detached House,11,University-Rosedale
4331440,STR-2302-GJCKVS,87 Peter St,612,M5V,Condominium,10,Spadina-Fort York
4331441,STR-2302-GRJKVT,209 Fort York Blvd,1672,M5V,Condominium,10,Spadina-Fort York
4331442,STR-2303-HGWKVW,10 Lowell Ave,,M1M,Single/Semi-detached House,20,Scarborough Southwest
4331443,STR-2303-JFQKVZ,1171 Queen St W,S907,M6J,Condominium,9,Davenport
4331444,STR-2303-HXYXVY,17 Cosmic Dr,,M3B,Single/Semi-detached House,15,Don Valley West
4331445,STR-2303-FLQKVP,24 Alton Ave,,M4L,Single/Semi-detached House,14,Toronto-Danforth
4331446,STR-2303-FTWKVQ,19 Niantic Cres,,M3A,Single/Semi-detached House,16,Don Valley East
4331447,STR-2303-HJCKVW,3704 St Clair Ave E,Main,M1M,Single/Semi-detached House,20,Scarborough Southwest
4331448,STR-2303-JGWKVZ,643B Mount Pleasant Rd,1,M4S,Apartment,15,Don Valley West
4331449,STR-2303-GCVDVS,12 York St,903,M5J,Apartment,10,Spadina-Fort York
4331450,STR-2303-HBPDVW,15 Iceboat Ter,3206,M5V,Condominium,10,Spadina-Fort York
4331451,STR-2303-HKKRVX,300 Front St W,302,M5V,Apartment,10,Spadina-Fort York
4331452,STR-2303-HZXRVZ,25 Heatherington Dr,,M1T,Single/Semi-detached House,22,Scarborough-Agincourt
4331453,STR-2303-HLRRVX,287 Booth Ave,1,M4M,Single/Semi-detached House,14,Toronto-Danforth
4331454,STR-2303-HTXRVY,30 Grand Trunk Cres,2107,M5J,Condominium,10,Spadina-Fort York
4331455,STR-2303-FQVDVQ,128 Hove St,,M3H,Single/Semi-detached House,6,York Centre
4331456,STR-2303-GPPDVT,251 Jarvis St,1132,M5B,Condominium,13,Toronto Centre
4331457,STR-2303-HMHDVX,20 Trenton Ter,,M6K,Townhouse/ Row House,4,Parkdale-High Park
4331458,STR-2303-HVPDVY,14 York St,5305,M5J,Condominium,10,Spadina-Fort York
4331459,STR-2303-FZHDVR,10 Wyndham St,,M6K,Single/Semi-detached House,9,Davenport
4331460,STR-2303-GQVDVT,114 Milton St,,M8Y,Single/Semi-detached House,3,Etobicoke-Lakeshore
4331461,STR-2303-FKKRVP,710 Ossington Ave,1,M6G,Duplex/Triplex/Fourplex,9,Davenport
4331462,STR-2303-FSRRVQ,210 Victoria St,3809,M5B,Condominium,13,Toronto Centre
4331463,STR-2303-HHPDVW,65 Bremner Blvd,2003,M5J,Condominium,10,Spadina-Fort York
4331464,STR-2303-HQVDVX,627 Davenport Rd,,M5R,Single/Semi-detached House,12,Toronto-St. Paul's
4331465,STR-2303-GKKRVS,69 Oakmount Rd,2,M6P,Apartment,4,Parkdale-High Park
4331466,STR-2303-HJDRVW,300 Front St W,701,M5V,Condominium,10,Spadina-Fort York
4331467,STR-2303-HYRRVY,108 Moberly Ave,REAR,M4C,Single/Semi-detached House,19,Beaches-East York
4331468,STR-2303-FMJKVQ,270 Wellington St W,809,M5V,Condominium,10,Spadina-Fort York
4331469,STR-2303-GLCKVT,254 Milan St,,M5A,Townhouse/ Row House,13,Toronto Centre
4331470,STR-2303-HSCKVY,15 D'Albret Cres,,M1T,Single/Semi-detached House,22,Scarborough-Agincourt
4331471,STR-2303-FFSXVP,11 Charles St W,,M4Y,Townhouse/ Row House,13,Toronto Centre
4331472,STR-2303-FMYXVQ,13 Charles St W,,M4Y,Townhouse/ Row House,13,Toronto Centre
4331473,STR-2303-GTYXVV,30 Shore Breeze Dr,235,M8V,Condominium,3,Etobicoke-Lakeshore
4331474,STR-2303-HZYXVZ,45 Royal York Rd,,M8V,Single/Semi-detached House,3,Etobicoke-Lakeshore
4331475,STR-2303-HCWKVW,292 Evelyn Ave,,M6P,Single/Semi-detached House,4,Parkdale-High Park
4331476,STR-2303-FGYXVP,101 Peter St,816,M5V,Condominium,10,Spadina-Fort York
4331477,STR-2303-GFSXVS,27 Glasgow St,2,M5T,Apartment,11,University-Rosedale
4331478,STR-2303-GMYXVT,10 Capreol Crt,647,M5V,Apartment,10,Spadina-Fort York
4331479,STR-2303-FYCKVR,12 Sombrero Crt,,M9L,Single/Semi-detached House,7,Humber River-Black Creek
4331480,STR-2303-GWWKVV,168 Simcoe St,1119,M5H,Condominium,10,Spadina-Fort York
4331481,STR-2303-FJFXVP,54 Southwood Dr,,M4E,Single/Semi-detached House,19,Beaches-East York
4331482,STR-2303-FRLXVQ,210 Horsham Ave,,M2N,Single/Semi-detached House,18,Willowdale
4331483,STR-2303-GGYXVS,5 Temple Ave,B,M6K,Single/Semi-detached House,4,Parkdale-High Park
4331484,STR-2303-GXLXVV,78 East Dr,,M6N,Single/Semi-detached House,5,York South-Weston
4331485,STR-2303-HFSXVW,65 Bremner Blvd,1109,M5J,Condominium,10,Spadina-Fort York
4331486,STR-2303-FJWKVP,300 Front St W,1909,M5V,Condominium,10,Spadina-Fort York
4331487,STR-2303-FZJKVR,11 Kirkton Rd,,M3H,Single/Semi-detached House,6,York Centre
4331488,STR-2303-GQWKVT,150 Burrows Hall Blvd,120,M1B,Townhouse/ Row House,23,Scarborough North
4331489,STR-2303-HGJKVW,219 Fort York Blvd,3303,M5V,Condominium,10,Spadina-Fort York
4331490,STR-2501-GYCSBV,126 Muirhead Rd,,M2J,Single/Semi-detached House,17,Don Valley North
4331491,STR-2303-GCFXVR,35 Major St,1,M5S,Duplex/Triplex/Fourplex,11,University-Rosedale
4331492,STR-2303-GYSXVV,22 Delaney Cres,,M6K,Single/Semi-detached House,9,Davenport
4331493,STR-2303-GSCKVT,55 Bremner Blvd,4904,M5J,Condominium,10,Spadina-Fort York
4331494,STR-2303-HQWKVX,12 York St,2009,M5J,Condominium,10,Spadina-Fort York
4331495,STR-2303-GKLXVS,261 Berkeley St,1,M5A,Duplex/Triplex/Fourplex,13,Toronto Centre
4331496,STR-2303-HRLXVX,251 Jarvis St,4602,M5B,Condominium,13,Toronto Centre
4331497,STR-2303-HYSXVY,2 Crosland Dr,,M1R,Single/Semi-detached House,21,Scarborough Centre
4331498,STR-2303-JGYXVZ,41 Aberdeen Ave,,M4X,Single/Semi-detached House,13,Toronto Centre
4331499,STR-2303-FDPHHP,112 Springhurst Ave,3A,M6K,Duplex/Triplex/Fourplex,4,Parkdale-High Park
4331500,STR-2303-FVBHHR,300 Front St W,1113,M5V,Condominium,10,Spadina-Fort York
4331501,STR-2303-GCHHHS,18 Ravenrock Crt,,M3A,Single/Semi-detached House,16,Don Valley East
4331502,STR-2303-GKPHHT,21 Iceboat Ter,2705,M5V,Condominium,10,Spadina-Fort York
4331503,STR-2303-HBBHHW,83 Frederick Tisdale Dr,,M3K,Townhouse/ Row House,6,York Centre
4331504,STR-2303-FFDVHP,45 Geneva Ave,,M5A,Townhouse/ Row House,13,Toronto Centre
4331505,STR-2303-HBRVHW,615 Ossington Ave,1,M6G,Apartment,11,University-Rosedale
4331506,STR-2303-HSDVHY,18 Yonge St,602,M5E,Condominium,10,Spadina-Fort York
4331507,STR-2303-FWHHHR,29 Larchmount Ave,Main,M4M,Single/Semi-detached House,14,Toronto-Danforth
4331508,STR-2303-GVBHHV,371 Rathburn Rd,,M9B,Single/Semi-detached House,2,Etobicoke Centre
4331509,STR-2303-HSVHHY,65 Bremner Blvd,4509,M5J,Condominium,10,Spadina-Fort York
4331510,STR-2303-GFDVHS,48 Grenoble Dr,503,M3C,Apartment,16,Don Valley East
4331511,STR-2303-HLDVHX,12 York St,4501,M5J,Condominium,10,Spadina-Fort York
4331512,STR-2303-HDPHHW,24 Clarion Rd,BSMT,M9R,Single/Semi-detached House,1,Etobicoke North
4331513,STR-2303-JCHHHZ,432 Rustic Rd,,M6L,Single/Semi-detached House,5,York South-Weston
4331514,STR-2303-HFDVHW,246 Campbell Ave,,M6P,Single/Semi-detached House,9,Davenport
4331515,STR-2303-HMKVHX,166A Silverthorn Ave,,M6N,Single/Semi-detached House,9,Davenport
4331516,STR-2303-GHRVHS,90 Waniska Ave,,M8Y,Single/Semi-detached House,3,Etobicoke-Lakeshore
4331517,STR-2303-GYDVHV,300 Front St W,4306,M5V,Condominium,10,Spadina-Fort York
4331518,STR-2303-FKPHHP,230 Queens Quay W,2811,M5J,Condominium,10,Spadina-Fort York
4331519,STR-2303-GJHHHS,22 Haliburton Ave,,M9B,Single/Semi-detached House,2,Etobicoke Centre
4331520,STR-2303-FLDVHP,16 Lucy Ave,,M1L,Single/Semi-detached House,20,Scarborough Southwest
4331521,STR-2303-GJXVHS,3 Brett Ave,,M3H,Single/Semi-detached House,6,York Centre
4331522,STR-2303-FQKVHQ,11 Briarscross Blvd,,M1S,Single/Semi-detached House,23,Scarborough North
4331523,STR-2303-FLWPHQ,46 Poulett St,,M5A,Townhouse/ Row House,13,Toronto Centre
4331524,STR-2303-HBCPHW,40 Albany Ave,,M5R,Single/Semi-detached House,11,University-Rosedale
4331525,STR-2303-HRQPHY,41 Shanly St,9,M6H,Condominium,9,Davenport
4331526,STR-2303-FFGBHP,639 Lawrence Ave W,322,M6A,Townhouse/ Row House,8,Eglinton-Lawrence
4331527,STR-2303-GTMBHV,21 Iceboat Ter,2002,M5V,Condominium,10,Spadina-Fort York
4331528,STR-2303-HZMBHZ,21 Homestead Rd,,M1E,Single/Semi-detached House,25,Scarborough-Rouge Park
4331529,STR-2303-FWJPHR,55 East Dr,,M6N,Single/Semi-detached House,5,York South-Weston
4331530,STR-2303-HCJPHW,219 Fort York Blvd,523,M5V,Condominium,10,Spadina-Fort York
4331531,STR-2303-FWZBHR,441 Westmoreland Ave N,,M6H,Single/Semi-detached House,9,Davenport
4331532,STR-2303-FHCPHP,482 King St E,,M5A,Single/Semi-detached House,13,Toronto Centre
4331533,STR-2303-GPCPHT,152 Beatrice St,Main,M6J,Single/Semi-detached House,11,University-Rosedale
4331534,STR-2303-HFWPHW,31 Earnscliffe Rd,,M6E,Single/Semi-detached House,9,Davenport
4331535,STR-2303-FJZBHP,16 Chipwood Cres,,M2J,Single/Semi-detached House,17,Don Valley North
4331536,STR-2303-GQZBHT,148 Springhurst Ave,201,M6K,Duplex/Triplex/Fourplex,4,Parkdale-High Park
4331537,STR-2303-GYGBHV,65 Mattice Ave,,M9B,Single/Semi-detached House,2,Etobicoke Centre
4331538,STR-2303-FSWPHQ,1116 Kipling Ave,,M9B,Single/Semi-detached House,2,Etobicoke Centre
4331539,STR-2303-HQJPHX,23 Earl St,,M4Y,Townhouse/ Row House,13,Toronto Centre
4331540,STR-2303-GBTBHR,101 Yonge Blvd,,M5M,Single/Semi-detached House,8,Eglinton-Lawrence
4331541,STR-2303-GZMBHV,37 Brantwood Dr,,M1H,Single/Semi-detached House,24,Scarborough-Guildwood
4331542,STR-2303-GKRVHT,495 Euclid Ave,2,M6G,Duplex/Triplex/Fourplex,11,University-Rosedale
4331543,STR-2303-HBDVHW,27 Eugene St,,M6B,Single/Semi-detached House,8,Eglinton-Lawrence
4331544,STR-2303-HRRVHY,10 Rolyat St,A,M6J,Single/Semi-detached House,10,Spadina-Fort York
4331545,STR-2303-GDBHHS,270 Wellington St W,825,M5V,Condominium,10,Spadina-Fort York
4331546,STR-2303-HZPHHZ,8 Park Rd,2010,M4W,Condominium,11,University-Rosedale
4331547,STR-2303-GDRVHS,269 Major St,,M5S,Single/Semi-detached House,11,University-Rosedale
4331548,STR-2303-GLXVHT,41 Heathrow Dr,Main Floor,M3M,Single/Semi-detached House,6,York Centre
4331549,STR-2303-HCKVHW,19 Broadbridge Dr,,M1C,Single/Semi-detached House,25,Scarborough-Rouge Park
4331550,STR-2303-JBDVHZ,327 Coronation Dr,,M1E,Single/Semi-detached House,25,Scarborough-Rouge Park
4331551,STR-2303-GMPHHT,360 Harvie Ave,,M6E,Single/Semi-detached House,9,Davenport
4331552,STR-2303-GVVHHV,68 Winston Park Blvd,10,M3K,Condominium,6,York Centre
4331553,STR-2303-JBVHHZ,51 Huron St,,M5T,Single/Semi-detached House,10,Spadina-Fort York
4331554,STR-2303-FHDVHP,54 Stephen Dr,Lower,M8Y,Duplex/Triplex/Fourplex,3,Etobicoke-Lakeshore
4331555,STR-2303-FXRVHR,80 Carr St,8,M5T,Townhouse/ Row House,10,Spadina-Fort York
4331556,STR-2303-GWKVHV,692 Hillsdale Ave E,Lower,M4S,Single/Semi-detached House,15,Don Valley West
4331557,STR-2303-HDRVHW,10 Edgecliff Golfway,1411,M3C,Condominium,16,Don Valley East
4331558,STR-2303-JCKVHZ,30 Nelson St,2703,M5V,Condominium,10,Spadina-Fort York
4331559,STR-2303-FHVHHP,499 Midland Ave,Main,M1N,Single/Semi-detached House,20,Scarborough Southwest
4331560,STR-2303-FRBHHQ,241 Dundas St E,3,M5A,Duplex/Triplex/Fourplex,13,Toronto Centre
4331561,STR-2303-GXBHHV,188 Jones Ave,2,M4M,Single/Semi-detached House,14,Toronto-Danforth
4331562,STR-2303-HFHHHW,27 Manning Ave,,M6J,Townhouse/ Row House,10,Spadina-Fort York
4331563,STR-2303-FJKVHP,64 Ravenscroft Crcl,,M2K,Single/Semi-detached House,17,Don Valley North
4331564,STR-2303-GXRVHV,30 Woodstream Dr,14,M9W,Townhouse/ Row House,1,Etobicoke North
4331565,STR-2303-HWKVHY,21 Carlton St,1305,M5B,Condominium,13,Toronto Centre
4331566,STR-2303-JDRVHZ,69 Oakmount Rd,1,M6P,Apartment,4,Parkdale-High Park
4331567,STR-2303-FSHHHQ,1 Greencoat Rd,,M9C,Single/Semi-detached House,2,Etobicoke Centre
4331568,STR-2303-GHVHHS,34 Goulden Cres,,M1L,Single/Semi-detached House,20,Scarborough Southwest
4331569,STR-2303-GRBHHT,50 Hillsboro Ave,1503,M5R,Apartment,11,University-Rosedale
4331570,STR-2303-JFHHHZ,14 York St,4008,M5J,Condominium,10,Spadina-Fort York
4331571,STR-2303-FSXVHQ,64 Dovercourt Rd,2,M6J,Duplex/Triplex/Fourplex,9,Davenport
4331572,STR-2303-GRRVHT,16 Ashdale Ave,B,M4L,Duplex/Triplex/Fourplex,14,Toronto-Danforth
4331573,STR-2303-HXRVHY,117 Lippincott St,Basement,M5S,Duplex/Triplex/Fourplex,11,University-Rosedale
4331574,STR-2303-JFXVHZ,58 Margueretta St,Basement,M6H,Duplex/Triplex/Fourplex,9,Davenport
4331575,STR-2303-GKBHHS,138 Booth Ave,,M4M,Single/Semi-detached House,14,Toronto-Danforth
4331576,STR-2303-HRBHHX,359 Brock Ave,,M6H,Duplex/Triplex/Fourplex,9,Davenport
4331577,STR-2303-JGPHHZ,173 Concord Ave,,M6H,Single/Semi-detached House,9,Davenport
4331578,STR-2303-FLZBHQ,15 Northtown Way,1525,M2N,Condominium,18,Willowdale
4331579,STR-2303-GKTBHT,1100 King St W,A1614,M6K,Condominium,10,Spadina-Fort York
4331580,STR-2303-GSZBHV,14 York St,5901,M5J,Condominium,10,Spadina-Fort York
4331581,STR-2303-FVWPHR,68 William Duncan Rd,,M3K,Townhouse/ Row House,6,York Centre
4331582,STR-2303-GLJPHT,100 Harrison Garden Blvd,506,M2N,Condominium,18,Willowdale
4331583,STR-2303-HKCPHX,21 Iceboat Ter,3707,M5V,Condominium,10,Spadina-Fort York
4331584,STR-2303-HSJPHY,357 Eglinton Ave W,A,M5N,Apartment,12,Toronto-St. Paul's
4331585,STR-2303-FFZBHP,33 Dundalk Dr,21,M1P,Townhouse/ Row House,21,Scarborough Centre
4331586,STR-2303-FPGBHQ,252 Westlake Ave,,M4C,Single/Semi-detached House,19,Beaches-East York
4331587,STR-2303-GDTBHS,298 Maxwell St,,M3H,Single/Semi-detached House,6,York Centre
4331588,STR-2303-HKTBHX,52 Arnold Ave,,M5A,Townhouse/ Row House,13,Toronto Centre
4331589,STR-2304-FXCPHR,861 Scarborough Golf Club Rd,,M1G,Single/Semi-detached House,24,Scarborough-Guildwood
4331590,STR-2304-HDCPHW,76 Craiglee Dr,B,M1N,Duplex/Triplex/Fourplex,20,Scarborough Southwest
4331591,STR-2304-GPGBHT,94 Virginia Ave,Rear Entrance,M4C,Single/Semi-detached House,19,Beaches-East York
4331592,STR-2304-FHWPHP,8 Willow Ave,,M5J,Single/Semi-detached House,10,Spadina-Fort York
4331593,STR-2304-GPWPHT,15 Yachters Lane,,M8V,Townhouse/ Row House,3,Etobicoke-Lakeshore
4331594,STR-2304-FJMBHP,8 Wilberton Rd,1,M4V,Duplex/Triplex/Fourplex,12,Toronto-St. Paul's
4331595,STR-2304-FYZBHR,10 Capreol Crt,1808,M5V,Condominium,10,Spadina-Fort York
4331596,STR-2304-GQMBHT,251 Jarvis St,1701,M5B,Condominium,13,Toronto Centre
4331597,STR-2304-HPGBHX,668 Yonge St,B,M4Y,Townhouse/ Row House,13,Toronto Centre
4331598,STR-2304-HWMBHY,1171 Queen St W,504,M6J,Condominium,9,Davenport
4331599,STR-2304-JDTBHZ,160 Vanderhoof Ave,1213,M4G,Condominium,15,Don Valley West
4331600,STR-2304-FKCPHP,27 Meadow Ave,,M1N,Single/Semi-detached House,20,Scarborough Southwest
4331601,STR-2304-FZQPHR,168 Park Home Ave,,M2N,Single/Semi-detached House,18,Willowdale
4331602,STR-2304-HXCPHY,85 Bloor St E,301,M4W,Condominium,11,University-Rosedale
4331603,STR-2304-FSZBHQ,155 Yorkville Ave,1615,M5R,Condominium,11,University-Rosedale
4331604,STR-2304-GJMBHS,219 Fort York Blvd,714,M5V,Condominium,10,Spadina-Fort York
4331605,STR-2304-HHGBHW,48 Michener Crt,,M6J,Townhouse/ Row House,10,Spadina-Fort York
4331606,STR-2304-HQMBHX,60 Faywood Blvd,,M3H,Single/Semi-detached House,6,York Centre
4331607,STR-2304-HXTBHY,159 Cocksfield Ave,,M3H,Single/Semi-detached House,6,York Centre
4331608,STR-2304-FLJPHP,165 Legion Rd N,1026,M8Y,Condominium,3,Etobicoke-Lakeshore
4331609,STR-2304-FTQPHQ,300 Front St W,2101,M5V,Condominium,10,Spadina-Fort York
4331610,STR-2304-HRVHHY,40 Karen Rd,basement,M3A,Single/Semi-detached House,16,Don Valley East
4331611,STR-2304-FMRVHQ,140 Simcoe St,1021,M5H,Condominium,10,Spadina-Fort York
4331612,STR-2304-GLKVHT,798 Bloor St W,3,M6G,Duplex/Triplex/Fourplex,11,University-Rosedale
4331613,STR-2304-HKVHHX,3107 Dundas St W,1,M6P,Apartment,4,Parkdale-High Park
4331614,STR-2304-GMRVHT,9 Salisbury Ave,Upper,M4X,Single/Semi-detached House,13,Toronto Centre
4331615,STR-2304-GVXVHV,98 Lillian St,426,M4S,Condominium,12,Toronto-St. Paul's
4331616,STR-2304-HTRVHY,26 Anson Ave,,M1M,Single/Semi-detached House,20,Scarborough Southwest
4331617,STR-2304-HMBHHX,75 Emmett Ave,2415,M6M,Condominium,5,York South-Weston
4331618,STR-2304-FHXVHP,100 Long Branch,11,M8W,Condominium,3,Etobicoke-Lakeshore
4331619,STR-2304-GGRVHS,155 Yorkville Ave,2204,M5R,Condominium,11,University-Rosedale
4331620,STR-2304-GPXVHT,62 Clouston Ave,Basement,M9N,Single/Semi-detached House,5,York South-Weston
4331621,STR-2304-JDDVHZ,924 Dovercourt Rd,Lower,M6H,Single/Semi-detached House,9,Davenport
4331622,STR-2304-GXVHHV,16 Abell St,,M6J,Condominium,9,Davenport
4331623,STR-2304-HWPHHY,330 Brooke Ave,,M5M,Single/Semi-detached House,8,Eglinton-Lawrence
4331624,STR-2304-FKDVHP,81 Summerhill Ave,,M4T,Townhouse/ Row House,11,University-Rosedale
4331625,STR-2304-FZRVHR,357 Patricia Ave,,M2R,Single/Semi-detached House,18,Willowdale
4331626,STR-2304-GHXVHS,28 Douro St,223,M6K,Townhouse/ Row House,10,Spadina-Fort York
4331627,STR-2304-HGRVHW,858 Royal York Rd,,M8Y,Single/Semi-detached House,3,Etobicoke-Lakeshore
4331628,STR-2304-HPXVHX,30 Deering Cres,,M2M,Single/Semi-detached House,18,Willowdale
4331629,STR-2304-HXDVHY,103 Avenue Rd,404,M5R,Apartment,11,University-Rosedale
4331630,STR-2304-FKVHHP,80 Glenstroke Dr,,M1S,Single/Semi-detached House,23,Scarborough North
4331631,STR-2304-GBHHHR,10 Killamarsh Dr,,M3J,Single/Semi-detached House,7,Humber River-Black Creek
4331632,STR-2304-JGBHHZ,53 Sherwood Ave,,M4P,Single/Semi-detached House,15,Don Valley West
4331633,STR-2304-FTRVHQ,77 Delburn Dr,,M1V,Single/Semi-detached House,23,Scarborough North
4331634,STR-2304-GKDVHS,63 Ossington Ave,C,M6J,Apartment,10,Spadina-Fort York
4331635,STR-2304-HRDVHX,155 Yorkville Ave,2206,M5R,Condominium,11,University-Rosedale
4331636,STR-2304-HYKVHY,832 Bay St,4501,M5S,Condominium,11,University-Rosedale
4331637,STR-2304-JGRVHZ,155 Yorkville Ave,1707,M5R,Condominium,11,University-Rosedale
4331638,STR-2304-FDWPHP,36 High Park Blvd,,M6R,Single/Semi-detached House,4,Parkdale-High Park
4331639,STR-2304-FMCPHQ,110 Wallace Ave,Basement,M6H,Single/Semi-detached House,9,Davenport
4331640,STR-2304-HJQPHX,73 Neilson Ave,,M1M,Single/Semi-detached House,20,Scarborough Southwest
4331641,STR-2304-GLMBHT,105 White Heather Blvd,,M1V,Single/Semi-detached House,23,Scarborough North
4331642,STR-2304-GTTBHV,2 Eva Rd,524,M9C,Condominium,2,Etobicoke Centre
4331643,STR-2304-HKGBHX,259 Brunswick Ave,,M5S,Single/Semi-detached House,11,University-Rosedale
4331644,STR-2304-FGCPHP,210 Victoria St,2310,M5B,Condominium,13,Toronto Centre
4331645,STR-2304-GVJPHV,21 Iceboat Ter,2715,M5V,Condominium,10,Spadina-Fort York
4331646,STR-2304-FPZBHQ,313 Hillmount Ave,,M6B,Single/Semi-detached House,8,Eglinton-Lawrence
4331647,STR-2304-FXGBHR,5 Iceboat Ter,G12,M5V,Condominium,10,Spadina-Fort York
4331648,STR-2304-GMTBHT,209 Fort York Blvd,767,M5V,Condominium,10,Spadina-Fort York
4331649,STR-2304-HDGBHW,22 Applewood Lane,36,M9C,Townhouse/ Row House,2,Etobicoke Centre
4331650,STR-2304-HLMBHX,44 Park Blvd,,M8W,Single/Semi-detached House,3,Etobicoke-Lakeshore
4331651,STR-2304-FHJPHP,21 Iceboat Ter,3001,M5V,Condominium,10,Spadina-Fort York
4331652,STR-2304-HDWPHW,210 Victoria St,2210,M5B,Apartment,13,Toronto Centre
4331653,STR-2304-HMCPHX,88 Cumberland St,509,M5R,Condominium,11,University-Rosedale
4331654,STR-2304-FRGBHQ,110 Lawlor Ave,,M4E,Single/Semi-detached House,19,Beaches-East York
4331655,STR-2304-FYMBHR,125 Spring Garden Ave,,M2N,Single/Semi-detached House,18,Willowdale
4331656,STR-2304-GGTBHS,215 Fort York Blvd,2109,M5V,Condominium,10,Spadina-Fort York
4331657,STR-2304-HFMBHW,46 Connaught Ave,,M2M,Single/Semi-detached House,18,Willowdale
4331658,STR-2304-HMTBHX,148 Robina Ave,,M6C,Single/Semi-detached House,9,Davenport
4331659,STR-2304-FJQPHP,119 Gough Ave,,M4K,Single/Semi-detached House,14,Toronto-Danforth
4331660,STR-2304-FZCPHR,88 Merryfield Dr,,M1P,Single/Semi-detached House,21,Scarborough Centre
4331661,STR-2304-HWQPHY,11 Castle Green Cres,,M9R,Single/Semi-detached House,2,Etobicoke Centre
4331662,STR-2304-FKGBHP,268 Glen Manor Dr W,,M4E,Single/Semi-detached House,19,Beaches-East York
4331663,STR-2304-GRGBHT,59 East Liberty St,608,M6K,Condominium,10,Spadina-Fort York
4331664,STR-2304-GYMBHV,700 Bathurst St,2,M5S,Duplex/Triplex/Fourplex,11,University-Rosedale
4331665,STR-2304-HXGBHY,50 Fairhill Cres,,M3A,Single/Semi-detached House,16,Don Valley East
4331666,STR-2304-JFMBHZ,112 Kennedy Ave,,M6S,Single/Semi-detached House,4,Parkdale-High Park
4331667,STR-2501-HGJSBW,231 Chisholm Ave,,M4C,Single/Semi-detached House,19,Beaches-East York
4331668,STR-2304-FTCPHQ,520 Clinton St,,M6G,Townhouse/ Row House,11,University-Rosedale
4331669,STR-2304-HHJPHW,62 Glenstroke Dr,,M1S,Single/Semi-detached House,23,Scarborough North
4331670,STR-2304-GZTBHV,120 Hounslow Ave,,M2N,Single/Semi-detached House,18,Willowdale
4331671,STR-2304-HHZBHW,700 Humberwood Blvd,2921,M9W,Condominium,1,Etobicoke North
4331672,STR-2304-HYMBHY,16 Pannahill Rd,,M3H,Single/Semi-detached House,6,York Centre
4331673,STR-2304-GCRVHS,2134 Dundas St W,Upper,M6R,Duplex/Triplex/Fourplex,4,Parkdale-High Park
4331674,STR-2304-GTDVHV,155 Yorkville Ave,720,M5R,Condominium,11,University-Rosedale
4331675,STR-2304-HRXVHY,474 Martin Grove Rd,,M9B,Single/Semi-detached House,2,Etobicoke Centre
4331676,STR-2304-FMVHHQ,12 Mountview Ave,,M6P,Single/Semi-detached House,4,Parkdale-High Park
4331677,STR-2304-FWBHHR,17 Yates Ave,,M1L,Townhouse/ Row House,20,Scarborough Southwest
4331678,STR-2304-FPKVHQ,57 Finch Ave W,7,M2N,Townhouse/ Row House,18,Willowdale
4331679,STR-2304-FWRVHR,10 Capreol Crt,612,M5V,Condominium,10,Spadina-Fort York
4331680,STR-2304-GVKVHV,730 Ontario St,1404,M4X,Apartment,13,Toronto Centre
4331681,STR-2304-HCRVHW,49 Norden Cres,,M3B,Single/Semi-detached House,16,Don Valley East
4331682,STR-2304-JBKVHZ,61 Cameron St,1,M5T,Duplex/Triplex/Fourplex,10,Spadina-Fort York
4331683,STR-2304-GFPHHS,40 Gerrard St E,701,M5B,Apartment,13,Toronto Centre
4331684,STR-2304-GMVHHT,124 Lappin Ave,,M6H,Single/Semi-detached House,9,Davenport
4331685,STR-2304-HDHHHW,21 Iceboat Ter,4106,M5V,Condominium,10,Spadina-Fort York
4331686,STR-2304-HTVHHY,238 Danzig St,,M1E,Single/Semi-detached House,25,Scarborough-Rouge Park
4331687,STR-2304-JCBHHZ,159 Argyle St,Main,M6J,Townhouse/ Row House,9,Davenport
4331688,STR-2304-GWRVHV,219 Fort York Blvd,205,M5V,Condominium,10,Spadina-Fort York
4331689,STR-2304-FJBHHP,296 Highfield Rd,,M4L,Single/Semi-detached House,14,Toronto-Danforth
4331690,STR-2304-FRHHHQ,196 Dovercourt Rd,,M6J,Single/Semi-detached House,9,Davenport
4331691,STR-2304-FYPHHR,270 Wellington St W,1109,M5V,Condominium,10,Spadina-Fort York
4331692,STR-2304-GGVHHS,31 Salem Ave,,M6H,Single/Semi-detached House,9,Davenport
4331693,STR-2304-HFPHHW,3 Ward St,,M6H,Single/Semi-detached House,9,Davenport
4331694,STR-2304-FZDVHR,235 Prescott Ave,,M6N,Single/Semi-detached House,9,Davenport
4331695,STR-2304-GXXVHV,300 Front St W,4401,M5V,Condominium,10,Spadina-Fort York
4331696,STR-2304-HGDVHW,630 Rhodes Ave,,M4J,Single/Semi-detached House,14,Toronto-Danforth
4331697,STR-2304-HPKVHX,52 Ruthmar Cres,,M3N,Single/Semi-detached House,7,Humber River-Black Creek
4331698,STR-2304-GJBHHS,59 Humberside Ave,,M6P,Single/Semi-detached House,4,Parkdale-High Park
4331699,STR-2304-GRHHHT,5 Flatwoods Dr,,M1V,Single/Semi-detached House,23,Scarborough North
4331700,STR-2304-GYPHHV,2 St Clarens Ave,,M6K,Single/Semi-detached House,9,Davenport
4331701,STR-2304-HGVHHW,169 Gladstone Ave,2,M6J,Townhouse/ Row House,9,Davenport
4331702,STR-2304-HXHHHY,155 Yorkville Ave,1020,M5R,Condominium,11,University-Rosedale
4331703,STR-2304-FKXVHP,14 York St,3402,M5J,Condominium,10,Spadina-Fort York
4331704,STR-2304-GBKVHR,103 Gladstone Ave,2,M6J,Duplex/Triplex/Fourplex,9,Davenport
4331705,STR-2501-HPQSBX,83 Armstrong Ave,,M6H,Single/Semi-detached House,9,Davenport
4331706,STR-2304-HHKVHW,12 Foxley St,,M6J,Single/Semi-detached House,10,Spadina-Fort York
4331707,STR-2304-FLPHHP,15 Bruyeres Mews,1108,M5V,Condominium,10,Spadina-Fort York
4331708,STR-2304-FMGBHQ,14 York St,4308,M5J,Condominium,10,Spadina-Fort York
4331709,STR-2304-GKZBHT,3 Mosedale Cres,,M2J,Single/Semi-detached House,17,Don Valley North
4331710,STR-2304-HJTBHX,232 Blackthorn Ave,,M6N,Single/Semi-detached House,9,Davenport
4331711,STR-2304-HZGBHZ,30 Cheritan Ave,,M4R,Single/Semi-detached House,8,Eglinton-Lawrence
4331712,STR-2304-GDJPHS,51 Tidworth Sq,,M1S,Single/Semi-detached House,23,Scarborough North
4331713,STR-2304-GTWPHV,3 Arkley Cres,,M9R,Single/Semi-detached House,2,Etobicoke Centre
4331714,STR-2304-HKJPHX,408 Rosemary Rd,,M5P,Single/Semi-detached House,12,Toronto-St. Paul's
4331715,STR-2304-FPMBHQ,14 York St,5303,M5J,Condominium,10,Spadina-Fort York
4331716,STR-2304-FWTBHR,11 Deeth Dr,,M9P,Single/Semi-detached House,2,Etobicoke Centre
4331717,STR-2304-GVMBHV,408 Brunswick Ave,Main,M5R,Single/Semi-detached House,11,University-Rosedale
4331718,STR-2304-HKZBHX,60 Colborne St,1107,M5E,Condominium,13,Toronto Centre
4331719,STR-2304-HTGBHY,12 York St,5104,M5J,Condominium,10,Spadina-Fort York
4331720,STR-2304-JBMBHZ,705 King St W,404,M5V,Condominium,10,Spadina-Fort York
4331721,STR-2304-FGWPHP,382 Spadina Rd,basement,M5P,Single/Semi-detached House,12,Toronto-St. Paul's
4331722,STR-2304-FQCPHQ,101 Peter St,3108,M5V,Condominium,10,Spadina-Fort York
4331723,STR-2304-JCCPHZ,30 Aurora Crt,405,M1W,Apartment,22,Scarborough-Agincourt
4331724,STR-2304-FHMBHP,14 Laxton Ave,1,M6K,Single/Semi-detached House,4,Parkdale-High Park
4331725,STR-2304-FXZBHR,197 Ontario St,,M5A,Single/Semi-detached House,13,Toronto Centre
4331726,STR-2304-GGGBHS,15 Iceboat Ter,3702,M5V,Condominium,10,Spadina-Fort York
4331727,STR-2304-HDZBHW,19 Markham St,1,M6J,Duplex/Triplex/Fourplex,10,Spadina-Fort York
4331728,STR-2304-GGWPHS,251 Grenview Blvd S,,M8Y,Single/Semi-detached House,3,Etobicoke-Lakeshore
4331729,STR-2304-GQCPHT,70 Sarah Ashbridge Ave,,M4L,Single/Semi-detached House,19,Beaches-East York
4331730,STR-2304-HMWPHX,232 Sterling Rd,,M6R,Single/Semi-detached House,9,Davenport
4331731,STR-2304-HWCPHY,300 Front St W,611,M5V,Condominium,10,Spadina-Fort York
4331732,STR-2304-FZGBHR,299 Arlington Ave,,M6C,Single/Semi-detached House,12,Toronto-St. Paul's
4331733,STR-2304-GQTBHT,495 Warden Ave,,M1L,Single/Semi-detached House,20,Scarborough Southwest
4331734,STR-2304-JDZBHZ,800 Lawrence Ave W,704,M6A,Condominium,8,Eglinton-Lawrence
4331735,STR-2304-FZWPHR,45 O'Hara Ave,BSMT,M6K,Single/Semi-detached House,4,Parkdale-High Park
4331736,STR-2304-GRJPHT,42 Russell St,,M5S,Single/Semi-detached House,11,University-Rosedale
4331737,STR-2304-HQCPHX,99 Alhart Dr,,M9V,Single/Semi-detached House,1,Etobicoke North
4331738,STR-2304-GJTBHS,43 Delaney Cres,,M6K,Single/Semi-detached House,9,Davenport
4331739,STR-2304-GZGBHV,443 Merton St,,M4S,Duplex/Triplex/Fourplex,15,Don Valley West
4331740,STR-2304-HQTBHX,199 Richmond St W,809,M5V,Condominium,10,Spadina-Fort York
4331741,STR-2304-HXZBHY,19 Grand Trunk Cres,505,M5J,Apartment,10,Spadina-Fort York
4331742,STR-2304-FTWPHQ,630 Evans Ave,8,M8W,Townhouse/ Row House,3,Etobicoke-Lakeshore
4331743,STR-2304-GCCPHR,511 Bellamy Rd N,,M1H,Single/Semi-detached House,24,Scarborough-Guildwood
4331744,STR-2304-GKJPHS,300 Front St W,3813,M5V,Condominium,10,Spadina-Fort York
4331745,STR-2304-GSQPHT,131 Frederick Tisdale Dr,,M3K,Townhouse/ Row House,6,York Centre
4331746,STR-2304-HJCPHW,118 William St,,M9N,Single/Semi-detached House,5,York South-Weston
4331747,STR-2304-HRJPHX,426 Montrose Ave,2,M6G,Duplex/Triplex/Fourplex,11,University-Rosedale
4331748,STR-2304-JGWPHZ,300 Front St W,907,M5V,Condominium,10,Spadina-Fort York
4331749,STR-2304-FMHHHQ,188 Cumberland St,1001,M5R,Condominium,11,University-Rosedale
4331750,STR-2304-FVPHHR,55 Bremner Blvd,1503,M5J,Condominium,10,Spadina-Fort York
4331751,STR-2304-GLBHHT,198 Robert Hicks Dr,BACKSIDE,M2R,Apartment,6,York Centre
4331752,STR-2304-FFRVHP,576 Balliol St,,M4S,Single/Semi-detached House,15,Don Valley West
4331753,STR-2304-FMXVHQ,202 Augusta Ave,3,M5T,Apartment,11,University-Rosedale
4331754,STR-2304-HCDVHW,6 Arkley Cres,,M9R,Single/Semi-detached House,2,Etobicoke Centre
4331755,STR-2304-HSRVHY,17 Princess St,,M5A,Townhouse/ Row House,10,Spadina-Fort York
4331756,STR-2304-FPPHHQ,457 Brock Ave,,M6H,Single/Semi-detached House,9,Davenport
4331757,STR-2304-GFBHHS,100 Wellesley St E,2807,M4Y,Condominium,13,Toronto Centre
4331758,STR-2304-HCVHHW,15 Atkins Ave,,M6K,Single/Semi-detached House,9,Davenport
4331759,STR-2304-FGXVHP,208 Queens Quay W,2403,M5J,Condominium,10,Spadina-Fort York
4331760,STR-2501-HWWSBY,15 Lavinia Ave,,M6S,Single/Semi-detached House,4,Parkdale-High Park
4331761,STR-2305-GFRVHS,1968B Bloor St W,3,M6P,Townhouse/ Row House,4,Parkdale-High Park
4331762,STR-2305-GMXVHT,23 Monkton Ave,,M8Z,Single/Semi-detached House,3,Etobicoke-Lakeshore
4331763,STR-2305-HLRVHX,300 Front St W,211,M5V,Condominium,10,Spadina-Fort York
4331764,STR-2305-HTXVHY,10 Rednor Rd,,M4C,Single/Semi-detached House,19,Beaches-East York
4331765,STR-2305-JCDVHZ,265 Manning Ave,,M6J,Single/Semi-detached House,11,University-Rosedale
4331766,STR-2305-FHPHHP,103 Gladstone Ave,1,M6J,Duplex/Triplex/Fourplex,9,Davenport
4331767,STR-2305-FYBHHR,300 Front St W,1104,M5V,Condominium,10,Spadina-Fort York
4331768,STR-2305-HFBHHW,18 Verne Cres,,M1B,Townhouse/ Row House,23,Scarborough North
4331769,STR-2305-HVPHHY,2 Fee Pl,,M5A,Single/Semi-detached House,13,Toronto Centre
4331770,STR-2305-FYRVHR,301 Grace St,,M6G,Single/Semi-detached House,11,University-Rosedale
4331771,STR-2305-GGXVHS,21 Parravano Crt,,M2R,Single/Semi-detached House,18,Willowdale
4331772,STR-2501-JFCSBZ,201 Hendon Ave,,M2M,Single/Semi-detached House,18,Willowdale
4331773,STR-2305-GHPHHS,251 Jarvis St,2104,M5B,Condominium,13,Toronto Centre
4331774,STR-2305-FSRVHQ,12 York St,1107,M5J,Condominium,10,Spadina-Fort York
4331775,STR-2305-FZXVHR,14 York St,3104,M5J,Condominium,10,Spadina-Fort York
4331776,STR-2305-GJDVHS,99 Reiner Rd,,M3H,Single/Semi-detached House,6,York Centre
4331777,STR-2305-JFRVHZ,231 Fort York Blvd,215,M5V,Condominium,10,Spadina-Fort York
4331778,STR-2305-GSBHHT,209 Fort York Blvd,869,M5V,Condominium,10,Spadina-Fort York
4331779,STR-2305-GZHHHV,251 Jarvis St,1218,M5B,Condominium,13,Toronto Centre
4331780,STR-2305-FLRVHP,173 Belsize Dr,,M4S,Single/Semi-detached House,12,Toronto-St. Paul's
4331781,STR-2305-FTXVHQ,1953 Dufferin St,,M6E,Single/Semi-detached House,9,Davenport
4331782,STR-2305-GKKVHS,955 Bay St,426,M5S,Condominium,13,Toronto Centre
4331783,STR-2305-HJDVHW,29 Beverley St,,M5T,Single/Semi-detached House,10,Spadina-Fort York
4331784,STR-2305-HRKVHX,10 Capreol Crt,745,M5V,Condominium,10,Spadina-Fort York
4331785,STR-2305-FMJPHQ,401 Delaware Ave,Main,M6H,Single/Semi-detached House,9,Davenport
4331786,STR-2305-HBQPHW,9 Canerouth Dr,,M9C,Apartment,2,Etobicoke Centre
4331787,STR-2305-HSCPHY,30 Minto St,,M4L,Single/Semi-detached House,14,Toronto-Danforth
4331788,STR-2305-FMZBHQ,29 Esther Lorrie Dr,Basement,M9W,Single/Semi-detached House,1,Etobicoke North
4331789,STR-2305-FWGBHR,29 Alton Ave,,M4L,Single/Semi-detached House,14,Toronto-Danforth
4331790,STR-2305-GDMBHS,33 Donald Ave,,M6M,Single/Semi-detached House,5,York South-Weston
4331791,STR-2305-GLTBHT,518 Dufferin St,1,M6K,Single/Semi-detached House,9,Davenport
4331792,STR-2305-HSTBHY,327 Coronation Dr,,M1E,Single/Semi-detached House,25,Scarborough-Rouge Park
4331793,STR-2305-GBQPHR,4 Bathgate Dr,,M1C,Single/Semi-detached House,25,Scarborough-Rouge Park
4331794,STR-2305-FPQPHQ,80 Western Battery Rd,603,M6K,Condominium,10,Spadina-Fort York
4331795,STR-2305-FWWPHR,3 Cosburn Ave,303,M4K,Duplex/Triplex/Fourplex,14,Toronto-Danforth
4331796,STR-2305-HCWPHW,183 Oak Park Ave,,M4C,Single/Semi-detached House,19,Beaches-East York
4331797,STR-2305-GMZBHT,30 Gemshaw Cres,,M1B,Single/Semi-detached House,25,Scarborough-Rouge Park
4331798,STR-2305-HDMBHW,1194 Dufferin St,2,M6H,Single/Semi-detached House,9,Davenport
4331799,STR-2305-GSVKVV,2 Bleecker St,,M4X,Townhouse/ Row House,13,Toronto Centre
4331800,STR-2305-FQWPHQ,328 Brock Ave,Upper,M6K,Single/Semi-detached House,9,Davenport
4331801,STR-2305-HFCPHW,63 Berkeley St,,M5A,Townhouse/ Row House,13,Toronto Centre
4331802,STR-2305-HMJPHX,67 Clubhouse Crt,,M3L,Single/Semi-detached House,7,Humber River-Black Creek
4331803,STR-2305-HVQPHY,494 Clinton St,B,M6G,Single/Semi-detached House,11,University-Rosedale
4331804,STR-2305-FJGBHP,105 Dowswell Dr,,M1B,Single/Semi-detached House,23,Scarborough North
4331805,STR-2305-FYTBHR,117 Howard Park Ave,Upper,M6R,Duplex/Triplex/Fourplex,4,Parkdale-High Park
4331806,STR-2305-HFTBHW,9 Rory Rd,,M6L,Single/Semi-detached House,5,York South-Weston
4331807,STR-2305-FSCPHQ,209 Fort York Blvd,564,M5V,Condominium,10,Spadina-Fort York
4331808,STR-2305-FZJPHR,2412 Danforth Ave,4,M4C,Apartment,19,Beaches-East York
4331809,STR-2305-GHQPHS,25 Madison Ave,E,M5R,Apartment,11,University-Rosedale
4331810,STR-2305-HWWPHY,11094 Sheppard Ave E,,M1B,Single/Semi-detached House,25,Scarborough-Rouge Park
4331811,STR-2305-JFCPHZ,524 Dufferin St,1,M6K,Single/Semi-detached House,9,Davenport
4331812,STR-2305-FKMBHP,55 Shirley St,,M6K,Townhouse/ Row House,9,Davenport
4331813,STR-2305-HQGBHX,300 Front St W,1609,M5V,Condominium,10,Spadina-Fort York
4331814,STR-2305-FLCPHP,2212 Lake Shore Blvd W,1109,M8V,Condominium,3,Etobicoke-Lakeshore
4331815,STR-2305-GSCPHT,97 Oakcrest Ave,,M4C,Single/Semi-detached House,19,Beaches-East York
4331816,STR-2305-GZJPHV,21 Iceboat Ter,1712,M5V,Condominium,10,Spadina-Fort York
4331817,STR-2305-JGJPHZ,884 College St,Second Floor,M6H,Duplex/Triplex/Fourplex,9,Davenport
4331818,STR-2305-FLTBHP,41 Dunkirk Rd,,M4C,Single/Semi-detached House,19,Beaches-East York
4331819,STR-2305-GCGBHR,12 York St,4801,M5J,Condominium,10,Spadina-Fort York
4331820,STR-2305-GKMBHS,188 Cumberland St,1908,M5R,Condominium,11,University-Rosedale
4331821,STR-2305-GSTBHT,107 Riverdale Ave,,M4K,Single/Semi-detached House,14,Toronto-Danforth
4331822,STR-2305-HBBKVW,12 York St,3709,M5J,Condominium,10,Spadina-Fort York
4331823,STR-2305-HJHKVX,25 Rankin Cres,,M6P,Townhouse/ Row House,9,Davenport
4331824,STR-2305-HYVKVZ,300 Front St W,2906,M5V,Condominium,10,Spadina-Fort York
4331825,STR-2305-FMKXVQ,832 Bay St,3408,M5S,Condominium,11,University-Rosedale
4331826,STR-2305-GCXXVS,107 Searle Ave,,M3H,Single/Semi-detached House,6,York Centre
4331827,STR-2305-GTKXVV,72 Dewson St,1,M6H,Duplex/Triplex/Fourplex,9,Davenport
4331828,STR-2305-HZKXVZ,29 Alma Ave,Laneway,M6J,Single/Semi-detached House,9,Davenport
4331829,STR-2305-FFVKVP,20 John St,224,M5V,Condominium,10,Spadina-Fort York
4331830,STR-2305-FPBKVQ,12 York St,501,M5J,Condominium,10,Spadina-Fort York
4331831,STR-2305-GVBKVV,132 Queensdale Ave,,M4J,Single/Semi-detached House,14,Toronto-Danforth
4331832,STR-2305-HCHKVW,55 Bremner Blvd,1504,M5J,Condominium,10,Spadina-Fort York
4331833,STR-2305-JBBKVZ,33 Sackville St,2,M5A,Townhouse/ Row House,13,Toronto Centre
4331834,STR-2305-FGKXVP,20 Teesdale Pl,201,M1L,Apartment,20,Scarborough Southwest
4331835,STR-2305-FPRXVQ,72 Piperbrook Cres,,M1E,Single/Semi-detached House,25,Scarborough-Rouge Park
4331836,STR-2305-FWXXVR,22 Gough Ave,,M4K,Single/Semi-detached House,14,Toronto-Danforth
4331837,STR-2305-GFDXVS,77 St Georges Blvd,,M9R,Single/Semi-detached House,1,Etobicoke North
4331838,STR-2305-GMKXVT,27 Overbank Cres,,M3A,Single/Semi-detached House,16,Don Valley East
4331839,STR-2305-FQHKVQ,141 Connaught Ave,,M2M,Single/Semi-detached House,18,Willowdale
4331840,STR-2305-GPBKVT,8 Charlotte St,608,M5V,Condominium,10,Spadina-Fort York
4331841,STR-2305-GWHKVV,44 Donofree Rd,Basement,M6L,Single/Semi-detached House,5,York South-Weston
4331842,STR-2305-HDPKVW,42 Pearson Ave,,M6R,Single/Semi-detached House,4,Parkdale-High Park
4331843,STR-2305-HVRXVY,35 Herbert Ave,,M4L,Single/Semi-detached House,19,Beaches-East York
4331844,STR-2305-FJHKVP,1153A Glencairn Ave,,M6B,Single/Semi-detached House,8,Eglinton-Lawrence
4331845,STR-2305-FRPKVQ,237 Holborne Ave,,M4C,Single/Semi-detached House,19,Beaches-East York
4331846,STR-2305-GXPKVV,22 Tambrook Dr,Basement,M1W,Single/Semi-detached House,22,Scarborough-Agincourt
4331847,STR-2305-GHRXVS,29 Notley Pl,,M4B,Single/Semi-detached House,19,Beaches-East York
4331848,STR-2305-GQXXVT,64 Gillespie Ave,,M6N,Single/Semi-detached House,9,Davenport
4331849,STR-2305-GYDXVV,92 Jay St,,M6L,Single/Semi-detached House,5,York South-Weston
4331850,STR-2305-HPRXVX,339 Byng Ave,,M2N,Single/Semi-detached House,18,Willowdale
4331851,STR-2305-FKPKVP,225 Lisgar St,1,M6J,Single/Semi-detached House,9,Davenport
4331852,STR-2305-FSVKVQ,28 O'Leary Ave,,M6E,Single/Semi-detached House,9,Davenport
4331853,STR-2305-GBBKVR,14 York St,301,M5J,Condominium,10,Spadina-Fort York
4331854,STR-2305-HHBKVW,415 Markham St,,M6G,Single/Semi-detached House,11,University-Rosedale
4331855,STR-2305-HQHKVX,847 College St,2,M6H,Apartment,9,Davenport
4331856,STR-2305-HXPKVY,1066 Lillian St,,M2M,Single/Semi-detached House,18,Willowdale
4331857,STR-2305-GJXXVS,53 Hertle Ave,,M4L,Single/Semi-detached House,14,Toronto-Danforth
4331858,STR-2305-HQXXVX,7 Isleworth Ave,,M4E,Single/Semi-detached House,19,Beaches-East York
4331859,STR-2305-FDQRVP,47 Vermont Ave,,M6G,Single/Semi-detached House,11,University-Rosedale
4331860,STR-2305-FLWRVQ,42C Yarmouth Rd,,M6G,Single/Semi-detached House,11,University-Rosedale
4331861,STR-2305-GCJRVS,222 Hillsdale Ave E,,M4S,Single/Semi-detached House,12,Toronto-St. Paul's
4331862,STR-2305-GSWRVV,33 Singer Crt,1008,M2K,Condominium,17,Don Valley North
4331863,STR-2305-FVTDVR,123 Belgravia Ave,,M6E,Single/Semi-detached House,8,Eglinton-Lawrence
4331864,STR-2305-HJZDVX,72 Elmer Ave,,M4L,Single/Semi-detached House,19,Beaches-East York
4331865,STR-2305-HZMDVZ,98 Topcliff Ave,,M3N,Single/Semi-detached House,7,Humber River-Black Creek
4331866,STR-2305-FWJRVR,48 Gwynne Ave,1,M6K,Single/Semi-detached House,4,Parkdale-High Park
4331867,STR-2305-GDQRVS,155 Yorkville Ave,802,M5R,Condominium,11,University-Rosedale
4331868,STR-2305-HCJRVW,14 York St,4911,M5J,Condominium,10,Spadina-Fort York
4331869,STR-2305-HSWRVY,2 Russett Ave,2,M6H,Duplex/Triplex/Fourplex,9,Davenport
4331870,STR-2305-JBCRVZ,33 Dundonald St,1,M4Y,Townhouse/ Row House,13,Toronto Centre
4331871,STR-2305-FGMDVP,300 Front St W,2710,M5V,Condominium,10,Spadina-Fort York
4331872,STR-2305-FPTDVQ,300 Front St W,1606,M5V,Condominium,10,Spadina-Fort York
4331873,STR-2305-GFGDVS,18 Yonge St,606,M5E,Condominium,10,Spadina-Fort York
4331874,STR-2305-GVTDVV,42 Saulter St,B,M4M,Duplex/Triplex/Fourplex,14,Toronto-Danforth
4331875,STR-2305-HCZDVW,36 Via Bagnato,840,M6A,Condominium,8,Eglinton-Lawrence
4331876,STR-2305-FHCRVP,90 Wye Valley Rd,,M1P,Single/Semi-detached House,21,Scarborough Centre
4331877,STR-2305-FXQRVR,50 Sherwood Ave,,M4P,Single/Semi-detached House,15,Don Valley West
4331878,STR-2305-GWJRVV,85 Scarboro Beach Blvd,,M4E,Single/Semi-detached House,19,Beaches-East York
4331879,STR-2305-FQZDVQ,176 Wiltshire Ave,,M6N,Townhouse/ Row House,9,Davenport
4331880,STR-2501-FKMFBP,36 Mitchell Ave,,M6J,Townhouse/ Row House,10,Spadina-Fort York
4331881,STR-2305-GWZDVV,15 Vicora Linkway,904,M3C,Condominium,16,Don Valley East
4331882,STR-2305-GHCRVS,1 Gwynne Ave,,M6K,Single/Semi-detached House,4,Parkdale-High Park
4331883,STR-2305-HWJRVY,565 Conacher Dr,,M2M,Single/Semi-detached House,18,Willowdale
4331884,STR-2305-FJZDVP,98 Lloyd Manor Rd,,M9B,Single/Semi-detached House,2,Etobicoke Centre
4331885,STR-2305-FZMDVR,832 Bay St,4504,M5S,Condominium,11,University-Rosedale
4331886,STR-2305-GHTDVS,26 Dentonia Park Ave,,M4C,Single/Semi-detached House,19,Beaches-East York
4331887,STR-2305-GQZDVT,118 Fulton Ave,,M4K,Single/Semi-detached House,14,Toronto-Danforth
4331888,STR-2502-HYTFBY,10 Capreol Crt,550,M5V,Condominium,10,Spadina-Fort York
4331889,STR-2305-GYGDVV,55 Charles St W,2601,M5S,Apartment,11,University-Rosedale
4331890,STR-2305-HGMDVW,560 Front St W,718,M5V,Condominium,10,Spadina-Fort York
4331891,STR-2305-HPTDVX,57 Rosethorn Ave,,M6N,Single/Semi-detached House,9,Davenport
4331892,STR-2305-HWZDVY,456 Crawford St,1,M6G,Single/Semi-detached House,11,University-Rosedale
4331893,STR-2305-FKQRVP,270 Wellington St W,1011,M5V,Condominium,10,Spadina-Fort York
4331894,STR-2305-GYWRVV,93 Rameau Dr,3,M2H,Townhouse/ Row House,17,Don Valley North
4331895,STR-2305-GZMDVV,31 Heyworth Cres,,M4E,Single/Semi-detached House,19,Beaches-East York
4331896,STR-2305-HYGDVY,345 Clinton St,1,M6G,Single/Semi-detached House,11,University-Rosedale
4331897,STR-2305-FDRXVP,151 Dan Leckie Way,209,M5V,Condominium,10,Spadina-Fort York
4331898,STR-2305-FLXXVQ,962 Logan Ave,,M4K,Single/Semi-detached House,14,Toronto-Danforth
4331899,STR-2305-GKRXVT,251 Jarvis St,1712,M5B,Condominium,13,Toronto Centre
4331900,STR-2210-FJQDVB,32 Alma Ave,2,M6J,Single/Semi-detached House,9,Davenport
4331901,STR-2210-HGCDVJ,50 East Liberty St,1136,M6K,Condominium,10,Spadina-Fort York
4331902,STR-2210-HPJDVK,201 Pickering St,,M4E,Single/Semi-detached House,19,Beaches-East York
4331903,STR-2210-GRFRVG,18 Fourth St,,M8V,Single/Semi-detached House,3,Etobicoke-Lakeshore
4331904,STR-2210-GYLRVH,52 Orchard Park Blvd,,M4L,Townhouse/ Row House,19,Beaches-East York
4331905,STR-2210-HPYRVK,4 Thyme Crt,,M9V,Single/Semi-detached House,1,Etobicoke North
4331906,STR-2210-FKWDVB,42 Sparrow Ave,,M6A,Single/Semi-detached House,8,Eglinton-Lawrence
4331907,STR-2210-FLLRVB,35 Mariner Ter,809,M5V,Condominium,10,Spadina-Fort York
4331908,STR-2210-GKFRVF,69 Blackthorn Ave,,M6N,Single/Semi-detached House,9,Davenport
4331909,STR-2210-HHYRVJ,98 Lillian St,1619,M4S,Condominium,12,Toronto-St. Paul's
4331910,STR-2210-GTDKVH,219 Fort York Blvd,1807,M5V,Condominium,10,Spadina-Fort York
4331911,STR-2210-HRXKVL,38 Grenville St,4406,M4Y,Condominium,13,Toronto Centre
4331912,STR-2210-FVZXVD,343 Clinton St,,M6G,Single/Semi-detached House,11,University-Rosedale
4331913,STR-2210-GDGXVF,494 Jones Ave,,M4J,Single/Semi-detached House,14,Toronto-Danforth
4331914,STR-2210-GLMXVG,125 Bartlett Ave,2,M6H,Duplex/Triplex/Fourplex,9,Davenport
4331915,STR-2210-GMDKVG,278 Renforth Dr,,M9C,Single/Semi-detached House,2,Etobicoke Centre
4331916,STR-2210-HKXKVK,3 Moncrieff Dr,,M9W,Single/Semi-detached House,1,Etobicoke North
4331917,STR-2210-GGDKVF,21 Iceboat Ter,1915,M5V,Condominium,10,Spadina-Fort York
4331918,STR-2210-HDXKVJ,97 Claremont St,,M6J,Single/Semi-detached House,10,Spadina-Fort York
4331919,STR-2210-FRGXVC,139 Glenholme Ave,,M6E,Single/Semi-detached House,9,Davenport
4331920,STR-2210-GPZXVG,202 Augusta Ave,2,M5T,Apartment,11,University-Rosedale
4331921,STR-2210-JDGXVM,99 Hayden St,902,M4Y,Condominium,11,University-Rosedale
4331922,STR-2210-FZDKVD,151 Dan Leckie Way,646,M5V,Condominium,10,Spadina-Fort York
4331923,STR-2210-FZTXVD,101 Peter St,1101,M5V,Condominium,10,Spadina-Fort York
4331924,STR-2210-GHZXVF,173 Humewood Dr,,M6C,Single/Semi-detached House,12,Toronto-St. Paul's
4331925,STR-2210-GRGXVG,98 Fenelon Dr,,M3A,Single/Semi-detached House,16,Don Valley East
4331926,STR-2210-GYMXVH,165A Beta St,,M8W,Single/Semi-detached House,3,Etobicoke-Lakeshore
4331927,STR-2210-FKXKVB,114 Greenlaw Ave,,M6H,Single/Semi-detached House,9,Davenport
4331928,STR-2210-FTDKVC,10 Capreol Crt,502,M5V,Condominium,10,Spadina-Fort York
4331929,STR-2210-HHKKVJ,90 Niagara St,313,M5V,Condominium,10,Spadina-Fort York
4331930,STR-2210-FLMXVB,28 Linden St,207,M4Y,Condominium,13,Toronto Centre
4331931,STR-2210-FTTXVC,80 Western Battery Rd,2210,M6K,Condominium,10,Spadina-Fort York
4331932,STR-2210-GSMXVG,350 Harbord St,,M6G,Apartment,11,University-Rosedale
4331933,STR-2210-HRGXVK,22 Sarnia Ave,,M6P,Single/Semi-detached House,9,Davenport
4331934,STR-2210-FWCDVD,42 Camden St,405,M5V,Condominium,10,Spadina-Fort York
4331935,STR-2210-FWSRVD,62 Brunswick Ave,1,M5S,Duplex/Triplex/Fourplex,11,University-Rosedale
4331936,STR-2210-GDYRVF,570 Bay St,1009,M5G,Condominium,10,Spadina-Fort York
4331937,STR-2210-HKYRVK,65 Bremner Blvd,1404,M5J,Condominium,10,Spadina-Fort York
4331938,STR-2210-FXJDVD,155 Legion Rd N,1003,M8Y,Condominium,3,Etobicoke-Lakeshore
4331939,STR-2210-GMWDVG,91 Alton Ave,,M4L,Single/Semi-detached House,14,Toronto-Danforth
4331940,STR-2210-JCCDVM,910 St Clarens Ave,Main,M6H,Duplex/Triplex/Fourplex,9,Davenport
4331941,STR-2210-FHLRVB,264 Howland Ave,,M5R,Single/Semi-detached House,11,University-Rosedale
4331942,STR-2210-GPLRVG,9 Silverview Dr,Upper,M2M,Single/Semi-detached House,18,Willowdale
4331943,STR-2210-HDYRVJ,616 Indian Rd,,M6P,Single/Semi-detached House,4,Parkdale-High Park
4331944,STR-2210-HMFRVK,7 Yvonne Ave,,M3L,Single/Semi-detached House,7,Humber River-Black Creek
4331945,STR-2210-GXJDVH,1576 Queen St W,2,M6R,Apartment,4,Parkdale-High Park
4331946,STR-2210-HFQDVJ,142 Eaton Ave,,M4J,Single/Semi-detached House,14,Toronto-Danforth
4331947,STR-2210-HMWDVK,8 Charlotte St,416,M5V,Condominium,10,Spadina-Fort York
4331948,STR-2210-JDJDVM,200 Dufferin St,19,M6K,Apartment,4,Parkdale-High Park
4331949,STR-2210-FZFRVD,44 Springhurst Ave,3,M6K,Single/Semi-detached House,4,Parkdale-High Park
4331950,STR-2210-GXYRVH,21 Iceboat Ter,2702,M5V,Condominium,10,Spadina-Fort York
4331951,STR-2210-HGFRVJ,3 Rockwell Ave,,M6N,Single/Semi-detached House,9,Davenport
4331952,STR-2210-GJCDVF,138 St Helen's Ave,511,M6H,Condominium,9,Davenport
4331953,STR-2210-GYQDVH,65 Bremner Blvd,3906,M5J,Condominium,10,Spadina-Fort York
4331954,STR-2210-HGWDVJ,51 Greenlaw Ave,,M6H,Single/Semi-detached House,9,Davenport
4331955,STR-2210-HXJDVL,16 Sultana Ave,,M6A,Single/Semi-detached House,8,Eglinton-Lawrence
4331956,STR-2210-JFQDVM,60 Shuter St,2711,M5B,Condominium,13,Toronto Centre
4331957,STR-2210-GBLRVD,110 Kimbark Blvd,,M5N,Single/Semi-detached House,8,Eglinton-Lawrence
4331958,STR-2210-GCCDVD,710 Humberwood Blvd,8,M9W,Condominium,1,Etobicoke North
4331959,STR-2210-GZWDVH,83 Brinloor Blvd,,M1M,Single/Semi-detached House,24,Scarborough-Guildwood
4331960,STR-2210-HRJDVK,215 Fort York Blvd,2506,M5V,Condominium,10,Spadina-Fort York
4331961,STR-2210-HYQDVL,10 Capreol Crt,306,M5V,Condominium,10,Spadina-Fort York
4331962,STR-2210-JGWDVM,155 Yorkville Ave,3013,M5R,Condominium,11,University-Rosedale
4331963,STR-2210-GKZXVG,263 Pape Ave,5,M4M,Duplex/Triplex/Fourplex,14,Toronto-Danforth
4331964,STR-2210-HRZXVL,300 Front St W,4502,M5V,Condominium,10,Spadina-Fort York
4331965,STR-2210-HKKKVK,116 Seaton St,1,M5A,Duplex/Triplex/Fourplex,13,Toronto Centre
4331966,STR-2210-GMGXVG,118 Brookside Ave,,M6S,Single/Semi-detached House,4,Parkdale-High Park
4331967,STR-2405-FWMXVR,151 Poyntz Ave,,M2N,Single/Semi-detached House,18,Willowdale
4331968,STR-2210-FGXKVB,123 Overture Rd,,M1E,Single/Semi-detached House,24,Scarborough-Guildwood
4331969,STR-2210-FQDKVC,359 Sackville St,,M5A,Single/Semi-detached House,13,Toronto Centre
4331970,STR-2210-GWDKVH,30 Nelson St,1003,M5V,Condominium,10,Spadina-Fort York
4331971,STR-2210-HTXKVL,477 Richmond St W,507,M5V,Condominium,10,Spadina-Fort York
4331972,STR-2210-JCDKVM,263B Gamble Ave,,M4J,Single/Semi-detached House,14,Toronto-Danforth
4331973,STR-2210-FHMXVB,711 Crawford St,2nd Floor,M6G,Duplex/Triplex/Fourplex,11,University-Rosedale
4331974,STR-2210-GGGXVF,58 Langside Ave,Basement,M9N,Single/Semi-detached House,5,York South-Weston
4331975,STR-2210-GPMXVG,23 Legume Rd,,M9M,Single/Semi-detached House,7,Humber River-Black Creek
4331976,STR-2210-GWTXVH,73 Acton Ave,,M3H,Single/Semi-detached House,6,York Centre
4331977,STR-2210-HMXKVK,630 Rogers Rd,18,M6M,Townhouse/ Row House,5,York South-Weston
4331978,STR-2210-GQTXVG,197 Markland Dr,,M9C,Single/Semi-detached House,2,Etobicoke Centre
4331979,STR-2210-GXZXVH,300 Front St W,1713,M5V,Condominium,10,Spadina-Fort York
4331980,STR-2210-JDZXVM,147 Porchester Dr,,M1J,Single/Semi-detached House,24,Scarborough-Guildwood
4331981,STR-2210-FKKKVB,424 Christie St,,M6G,Single/Semi-detached House,12,Toronto-St. Paul's
4331982,STR-2210-GJDKVF,35 Simpson Ave,,M4K,Single/Semi-detached House,14,Toronto-Danforth
4331983,STR-2210-GRKKVG,300 Front St W,905,M5V,Condominium,10,Spadina-Fort York
4331984,STR-2210-HXKKVL,77 Spencer Ave,209,M6K,Apartment,4,Parkdale-High Park
4331985,STR-2210-GBMXVD,29 Clissold Rd,,M8Z,Single/Semi-detached House,3,Etobicoke-Lakeshore
4331986,STR-2210-GJTXVF,58 Hertle Ave,,M4L,Single/Semi-detached House,14,Toronto-Danforth
4331987,STR-2210-HQTXVK,89 Kingsdale Ave,,M2N,Single/Semi-detached House,18,Willowdale
4331988,STR-2210-HJDKVJ,488 Ontario St,,M4X,Townhouse/ Row House,13,Toronto Centre
4331989,STR-2210-HJWDVK,48 Talent Cres,,M9M,Single/Semi-detached House,7,Humber River-Black Creek
4331990,STR-2210-FFSRVB,67 Ruthmar Cres,,M3N,Single/Semi-detached House,7,Humber River-Black Creek
4331991,STR-2210-HZYRVM,771 Manning Ave,,M6G,Single/Semi-detached House,11,University-Rosedale
4331992,STR-2404-FSJDVQ,155 Yorkville Ave,1618,M5R,Condominium,11,University-Rosedale
4331993,STR-2404-GHWDVS,112 Springhurst Ave,2B,M6K,Duplex/Triplex/Fourplex,4,Parkdale-High Park
4331994,STR-2404-GRCDVT,270 Dufferin St,902,M6K,Condominium,4,Parkdale-High Park
4331995,STR-2404-GYJDVV,265 Glenholme Ave,,M6E,Single/Semi-detached House,9,Davenport
4331996,STR-2404-HPWDVX,65 Arcadian Crcl,10,M8W,Apartment,3,Etobicoke-Lakeshore
4331997,STR-2404-HXCDVY,251 Jarvis St,1425,M5B,Condominium,13,Toronto Centre
4331998,STR-2404-JFJDVZ,40 Nanton Ave,Upper,M4W,Single/Semi-detached House,11,University-Rosedale
4331999,STR-2404-FSYRVQ,872 Bloor St W,A,M6G,Apartment,11,University-Rosedale
4332000,STR-2405-GRTXVT,81 Wellesley St E,1103,M4Y,Condominium,13,Toronto Centre
4332001,STR-2405-GYZXVV,148 Margueretta St,,M6H,Single/Semi-detached House,9,Davenport
4332002,STR-2404-GRSRVT,200 McKee Ave,,M2N,Single/Semi-detached House,18,Willowdale
4332003,STR-2404-GYYRVV,310 Windermere Ave,,M6S,Single/Semi-detached House,4,Parkdale-High Park
4332004,STR-2404-HQLRVX,151 Dan Leckie Way,1611,M5V,Condominium,10,Spadina-Fort York
4332005,STR-2404-HXSRVY,30 Grand Trunk Cres,3505,M5J,Condominium,10,Spadina-Fort York
4332006,STR-2404-FLJDVP,101 Peter St,3301,M5V,Condominium,10,Spadina-Fort York
4332007,STR-2404-GBWDVR,33 Rockvale Ave,,M6E,Single/Semi-detached House,12,Toronto-St. Paul's
4332008,STR-2404-GSJDVT,5 Norwich Pl,,M9V,Single/Semi-detached House,1,Etobicoke North
4332009,STR-2404-GZQDVV,30 Nelson St,2504,M5V,Condominium,10,Spadina-Fort York
4332010,STR-2404-HHWDVW,7 Stayner Ave,,M6B,Single/Semi-detached House,8,Eglinton-Lawrence
4332011,STR-2405-HRCDVX,23 Hollywood Ave,3702,M2N,Condominium,18,Willowdale
4332012,STR-2405-JGQDVZ,155 Yorkville Ave,1107,M5R,Condominium,11,University-Rosedale
4332013,STR-2405-FLZXVQ,155 Church St,203,M5B,Apartment,13,Toronto Centre
4332014,STR-2405-FVGXVR,14 York St,906,M5J,Apartment,10,Spadina-Fort York
4332015,STR-2405-GKTXVT,270 Dufferin St,1106,M6K,Condominium,4,Parkdale-High Park
4332016,STR-2405-GSZXVV,120 Homewood Ave,2905,M4Y,Condominium,13,Toronto Centre
4332017,STR-2405-FFKKVP,101 Peter St,2010,M5V,Condominium,10,Spadina-Fort York
4332018,STR-2405-FMRKVQ,21 Iceboat Ter,2101,M5V,Condominium,10,Spadina-Fort York
4332019,STR-2405-GDDKVS,219 Fort York Blvd,6,M5V,Condominium,10,Spadina-Fort York
4332020,STR-2405-GLKKVT,222 Elm St,1006,M5T,Apartment,11,University-Rosedale
4332021,STR-2405-GTRKVV,222 Elm St,702,M5T,Apartment,11,University-Rosedale
4332022,STR-2405-FPGXVQ,209 Fort York Blvd,1255,M5V,Condominium,10,Spadina-Fort York
4332023,STR-2405-GLZXVT,155 Yorkville Ave,2012,M5R,Condominium,11,University-Rosedale
4332024,STR-2405-GVGXVV,73 Castlefield Ave,,M4R,Single/Semi-detached House,8,Eglinton-Lawrence
4332025,STR-2405-HKTXVX,66 Pape Ave,,M4M,Single/Semi-detached House,14,Toronto-Danforth
4332026,STR-2405-JBGXVZ,159 Harewood Ave,159,M1M,Single/Semi-detached House,20,Scarborough Southwest
4332027,STR-2405-FGRKVP,909 Bay St,808,M5S,Condominium,13,Toronto Centre
4332028,STR-2405-GFKKVS,38 Grenville St,3603,M4Y,Apartment,13,Toronto Centre
4332029,STR-2405-GMRKVT,20 Joe Shuster Way,507,M6K,Condominium,10,Spadina-Fort York
4332030,STR-2405-GVXKVV,21 Iceboat Ter,1806,M5V,Apartment,10,Spadina-Fort York
4332031,STR-2405-HDDKVW,14 York St,1404,M5J,Condominium,10,Spadina-Fort York
4332032,STR-2405-HLKKVX,22 Kappele Ave,,M4N,Single/Semi-detached House,15,Don Valley West
4332033,STR-2405-HTRKVY,955 Bay St,2018,M5S,Condominium,13,Toronto Centre
4332034,STR-2405-JBXKVZ,79 Cameron Ave,,M2N,Single/Semi-detached House,18,Willowdale
4332035,STR-2405-FQMXVQ,131 Coleridge Ave,,M4C,Single/Semi-detached House,19,Beaches-East York
4332036,STR-2405-FXTXVR,21 Iceboat Ter,3015,M5V,Condominium,10,Spadina-Fort York
4332037,STR-2405-GPGXVT,38 Grenville St,4306,M4Y,Condominium,13,Toronto Centre
4332038,STR-2405-GWMXVV,35 Margueretta St,,M6K,Single/Semi-detached House,9,Davenport
4332039,STR-2405-HDTXVW,73 Richmond St W,PH4,M5H,Apartment,10,Spadina-Fort York
4332040,STR-2405-HVGXVY,36 Charlotte St,606,M5V,Condominium,10,Spadina-Fort York
4332041,STR-2405-JCMXVZ,201 Emerson Ave,,M6H,Single/Semi-detached House,9,Davenport
4332042,STR-2405-FHXKVP,159 Marlborough Pl,,M5R,Single/Semi-detached House,11,University-Rosedale
4332043,STR-2405-FYKKVR,382 Burnhamthorpe Rd,,M9B,Single/Semi-detached House,2,Etobicoke Centre
4332044,STR-2405-GGRKVS,49 Lonborough Ave,B,M6M,Single/Semi-detached House,5,York South-Weston
4332045,STR-2405-GXDKVV,51 East Liberty St,301,M6K,Condominium,10,Spadina-Fort York
4332046,STR-2405-HFKKVW,915 King St W,309,M6K,Condominium,10,Spadina-Fort York
4332047,STR-2405-HMRKVX,18 Garnet Ave,A,M6G,Duplex/Triplex/Fourplex,11,University-Rosedale
4332048,STR-2405-HVXKVY,696 Indian Rd,,M6P,Single/Semi-detached House,4,Parkdale-High Park
4332049,STR-2405-JDDKVZ,512 Bathurst St,2,M5S,Duplex/Triplex/Fourplex,11,University-Rosedale
4332050,STR-2405-FJMXVP,300 Front St W,2008,M5V,Condominium,10,Spadina-Fort York
4332051,STR-2405-FRTXVQ,12 York St,2010,M5J,Condominium,10,Spadina-Fort York
4332052,STR-2405-FYZXVR,35 Mariner Ter,1009,M5V,Apartment,10,Spadina-Fort York
4332053,STR-2405-GHGXVS,46 East Liberty St,503,M6K,Townhouse/ Row House,10,Spadina-Fort York
4332054,STR-2405-GQMXVT,15 Iceboat Ter,3303,M5V,Condominium,10,Spadina-Fort York
4332055,STR-2405-GXTXVV,18 Maitland Ter,1806,M4Y,Condominium,13,Toronto Centre
4332056,STR-2405-HFZXVW,110 Foch Ave,,M8W,Single/Semi-detached House,3,Etobicoke-Lakeshore
4332057,STR-2405-HWMXVY,402 McRoberts Ave,,M6E,Single/Semi-detached House,9,Davenport
4332058,STR-2405-FKDKVP,100 Harrison Garden Blvd,218,M2N,Condominium,18,Willowdale
4332059,STR-2405-FSKKVQ,155 Dalhousie St,861,M5B,Condominium,13,Toronto Centre
4332060,STR-2405-GHXKVS,27 Clinton St,BSMT,M6J,Townhouse/ Row House,11,University-Rosedale
4332061,STR-2405-HPXKVX,36 Lee Centre Dr,915,M1H,Condominium,24,Scarborough-Guildwood
4332062,STR-2405-FKTXVP,28 York Downs Dr,,M3H,Single/Semi-detached House,6,York Centre
4332063,STR-2405-FSZXVQ,1690 Victoria Park Ave,201,M1R,Condominium,16,Don Valley East
4332064,STR-2405-GBGXVR,46 Addington Ave,,M2N,Single/Semi-detached House,18,Willowdale
4332065,STR-2405-HHGXVW,5 St Joseph St,327,M4Y,Condominium,13,Toronto Centre
4332066,STR-2405-HQMXVX,45 Baseball Pl,502,M4M,Condominium,14,Toronto-Danforth
4332067,STR-2405-HXTXVY,31 Phipps St,501R,M4Y,Apartment,13,Toronto Centre
4332068,STR-2405-HHXKVW,101 Peter St,2310,M5V,Condominium,10,Spadina-Fort York
4332069,STR-2405-HRDKVX,35 Acores Ave,,M6G,Single/Semi-detached House,12,Toronto-St. Paul's
4332070,STR-2405-HYKKVY,321 Windermere Ave,,M6S,Single/Semi-detached House,4,Parkdale-High Park
4332071,STR-2405-JGRKVZ,44 Rhodes Ave,,M4L,Single/Semi-detached House,14,Toronto-Danforth
4332072,STR-2405-FDWDVP,35 Mariner Ter,2908,M5V,Condominium,10,Spadina-Fort York
4332073,STR-2405-FMCDVQ,5 Sheppard Ave E,4417,M2N,Condominium,18,Willowdale
4332074,STR-2405-GTCDVV,219 Fort York Blvd,3105,M5V,Condominium,10,Spadina-Fort York
4332075,STR-2405-HJQDVX,222 Elm St,1009,M5T,Apartment,11,University-Rosedale
4332076,STR-2405-HRWDVY,29 Highbourne Rd,,M5P,Single/Semi-detached House,12,Toronto-St. Paul's
4332077,STR-2405-HZCDVZ,2191 Yonge St,2510,M4S,Condominium,12,Toronto-St. Paul's
4332078,STR-2405-FMSRVQ,151 Dan Leckie Way,848,M5V,Condominium,10,Spadina-Fort York
4332079,STR-2405-GDFRVS,215 Fort York Blvd,3211,M5V,Condominium,10,Spadina-Fort York
4332080,STR-2405-HBYRVW,48 Meadowcliffe Dr,,M1M,Single/Semi-detached House,20,Scarborough Southwest
4332081,STR-2405-HKFRVX,45 Botany Hill Rd,,M1G,Single/Semi-detached House,24,Scarborough-Guildwood
4332082,STR-2405-HSLRVY,152 McNicoll Ave,,M2H,Single/Semi-detached House,17,Don Valley North
4332083,STR-2405-HZSRVZ,300 Front St W,503,M5V,Condominium,10,Spadina-Fort York
4332084,STR-2405-FGCDVP,294 Richmond St E,301,M5A,Apartment,13,Toronto Centre
4332085,STR-2108-FMQVHC,76 Harrison Rd,,M2L,Single/Semi-detached House,15,Don Valley West
4332086,STR-2108-HSJVHL,34 Victoria Blvd,,M6M,Single/Semi-detached House,5,York South-Weston
4332087,STR-2108-FPGHHC,25 Charlemont Cres,,M1T,Single/Semi-detached House,22,Scarborough-Agincourt
4332088,STR-2108-FWMHHD,29 Mechanic Ave,B,M6K,Single/Semi-detached House,9,Davenport
4332089,STR-2108-HSZHHL,5 Donora Dr,,M4B,Single/Semi-detached House,19,Beaches-East York
4332090,STR-2108-FGQVHB,3428 Bathurst St,102,M6A,Apartment,8,Eglinton-Lawrence
4332091,STR-2502-HCHPPW,75 Sellers Ave,,M6E,Single/Semi-detached House,9,Davenport
4332092,STR-2108-GVWVHH,492 Northcliffe Blvd,BSMT,M6E,Duplex/Triplex/Fourplex,12,Toronto-St. Paul's
4332093,STR-2108-FQMHHC,246 Logan Ave,406,M4M,Condominium,14,Toronto-Danforth
4332094,STR-2108-GPWVHG,98 Pembroke St,,M5A,Single/Semi-detached House,13,Toronto Centre
4332095,STR-2108-HPGHHK,68 Viella St,,M6N,Single/Semi-detached House,5,York South-Weston
4332096,STR-2108-FKCVHB,24 Denrock Dr,,M2K,Single/Semi-detached House,17,Don Valley North
4332097,STR-2108-GHWVHF,2 Ravenwood Pl,,M4B,Single/Semi-detached House,19,Beaches-East York
4332098,STR-2108-FKTHHB,16 Lippincott St W,,M9N,Single/Semi-detached House,5,York South-Weston
4332099,STR-2108-FSZHHC,363 Strathmore Blvd,,M4C,Single/Semi-detached House,19,Beaches-East York
4332100,STR-2108-HXTHHL,223 Seaton St,,M5A,Single/Semi-detached House,13,Toronto Centre
4332101,STR-2108-FFLBHB,347 Davisville Ave,,M4S,Single/Semi-detached House,15,Don Valley West
4332102,STR-2108-HSLBHL,34 Crow Trl,,M1B,Single/Semi-detached House,23,Scarborough North
4332103,STR-2108-HKVPHK,29 Glen Ames,,M4E,Single/Semi-detached House,19,Beaches-East York
4332104,STR-2108-FXVPHD,65 Inniswood Dr,,M1R,Single/Semi-detached House,21,Scarborough Centre
4332105,STR-2108-GGBPHF,10 Doverwood Crt,,M2M,Single/Semi-detached House,18,Willowdale
4332106,STR-2108-GWPPHH,3 Bellwoods Ave,,M6J,Single/Semi-detached House,10,Spadina-Fort York
4332107,STR-2108-HFLBHJ,23 Laredo Crt,,M2M,Single/Semi-detached House,18,Willowdale
4332108,STR-2108-HVYBHL,88 Heron Park Pl,,M1E,Townhouse/ Row House,25,Scarborough-Rouge Park
4332109,STR-2108-GQPPHG,69 Shaw St,,M6J,Single/Semi-detached House,10,Spadina-Fort York
4332110,STR-2108-HWPPHL,12 York St,4505,M5J,Condominium,10,Spadina-Fort York
4332111,STR-2108-FTBPHC,299 Logan Ave,,M4M,Single/Semi-detached House,14,Toronto-Danforth
4332112,STR-2108-GZBPHH,47 Kingston Rd,,M4L,Single/Semi-detached House,19,Beaches-East York
4332113,STR-2108-HQPPHK,17 Glengrove Ave E,B,M4N,Duplex/Triplex/Fourplex,15,Don Valley West
4332114,STR-2109-HHYBHJ,127 Wallace Ave,,M6H,Townhouse/ Row House,9,Davenport
4332115,STR-2109-GTTHHH,9 Pendeen Ave,,M6N,Single/Semi-detached House,5,York South-Weston
4332116,STR-2109-HBZHHJ,104 Oakvale Ave,,M4J,Single/Semi-detached House,14,Toronto-Danforth
4332117,STR-2109-GVJVHH,62 Kearney Dr,,M9W,Single/Semi-detached House,1,Etobicoke North
4332118,STR-2109-HKWVHK,566 Annette St,,M6S,Single/Semi-detached House,4,Parkdale-High Park
4332119,STR-2109-FQQVHC,11 Watson St,,M1C,Single/Semi-detached House,25,Scarborough-Rouge Park
4332120,STR-2109-FXWVHD,178 Bartlett Ave,,M6H,Duplex/Triplex/Fourplex,9,Davenport
4332121,STR-2109-HMCVHK,393 Margueretta St,,M6H,Single/Semi-detached House,9,Davenport
4332122,STR-2109-GPZHHG,168 Simcoe St,307,M5H,Condominium,10,Spadina-Fort York
4332123,STR-2109-HPZHHK,69 Chryessa Ave,Basement,M6N,Single/Semi-detached House,5,York South-Weston
4332124,STR-2109-GBZHHD,105 George St,604,M5A,Condominium,13,Toronto Centre
4332125,STR-2109-GKGHHF,92 Pleasant Ave,,M2M,Single/Semi-detached House,18,Willowdale
4332126,STR-2109-GCSBHF,244 Delaware Ave,1,M6H,Townhouse/ Row House,9,Davenport
4332127,STR-2109-GTFBHH,67 Wolcott Ave,,M1L,Single/Semi-detached House,20,Scarborough Southwest
4332128,STR-2502-HKPPPX,447 Parkside Dr,2,M6R,Duplex/Triplex/Fourplex,4,Parkdale-High Park
4332129,STR-2109-FMVPHC,195 Erskine Ave,,M4P,Single/Semi-detached House,15,Don Valley West
4332130,STR-2109-GDHPHF,222 Perth Ave,BSMT,M6P,Duplex/Triplex/Fourplex,9,Davenport
4332131,STR-2109-FXHPHD,250 Wellington St W,527,M5V,Condominium,10,Spadina-Fort York
4332132,STR-2109-HLPPHK,65 Bremner Blvd,1102,M5J,Apartment,10,Spadina-Fort York
4332133,STR-2109-HMFBHK,3097 Dundas St W,A,M6P,Apartment,4,Parkdale-High Park
4332134,STR-2109-HVLBHL,183 Bowie Ave,1,M6E,Duplex/Triplex/Fourplex,8,Eglinton-Lawrence
4332135,STR-2109-JCSBHM,63 Sylvan Ave,Basement Suite,M1M,Single/Semi-detached House,24,Scarborough-Guildwood
4332136,STR-2109-GXHPHH,648A Yonge St,303,M4Y,Duplex/Triplex/Fourplex,13,Toronto Centre
4332137,STR-2109-HFPPHJ,1653 St Clair Ave W,B,M6N,Duplex/Triplex/Fourplex,9,Davenport
4332138,STR-2109-JDHPHM,183 Cornelius Pkwy,,M6L,Single/Semi-detached House,5,York South-Weston
4332139,STR-2109-GHLBHF,308 Old Weston Rd,,M6N,Single/Semi-detached House,9,Davenport
4332140,STR-2109-JDYBHM,210 Victoria St,3004,M5B,Condominium,13,Toronto Centre
4332141,STR-2109-FKHPHB,219 Symington Ave,Upstairs Unit,M6P,Single/Semi-detached House,9,Davenport
4332142,STR-2109-HQBPHK,8 Charlotte St,509,M5V,Condominium,10,Spadina-Fort York
4332143,STR-2109-GRYBHG,164 St Clair Ave E,,M4T,Single/Semi-detached House,11,University-Rosedale
4332144,STR-2109-GZFBHH,101 Peter St,2212,M5V,Apartment,10,Spadina-Fort York
4332145,STR-2109-FDZHHB,105 George St,2013,M5A,Condominium,13,Toronto Centre
4332146,STR-2109-FMGHHC,37 Highfield Rd,,M4L,Single/Semi-detached House,14,Toronto-Danforth
4332147,STR-2109-FMWVHC,12 York St,303,M5J,Condominium,10,Spadina-Fort York
4332148,STR-2110-HKJVHK,190 Borough Dr,3105,M1P,Condominium,21,Scarborough Centre
4332149,STR-2110-FQCVHC,125 George Appleton Way,2009,M3M,Townhouse/ Row House,6,York Centre
4332150,STR-2502-JBBPPZ,260 Belsize Dr,,M4S,Single/Semi-detached House,15,Don Valley West
4332151,STR-2110-JCTHHM,305 Augusta Ave,,M5T,Single/Semi-detached House,11,University-Rosedale
4332152,STR-2110-HFQVHJ,55 Ann O'Reilly Rd,1903,M2J,Condominium,17,Don Valley North
4332153,STR-2110-HWCVHL,149 Seaton St,Upper,M5A,Single/Semi-detached House,13,Toronto Centre
4332154,STR-2110-GHMHHF,2460 Eglinton Ave E,415,M1K,Condominium,21,Scarborough Centre
4332155,STR-2110-HWTHHL,294 Euclid Ave,,M6J,Single/Semi-detached House,11,University-Rosedale
4332156,STR-2110-GJCVHF,51 Markham St,,M6J,Single/Semi-detached House,10,Spadina-Fort York
4332157,STR-2110-HQCVHK,21 Carlton St,3001,M5B,Condominium,13,Toronto Centre
4332158,STR-2110-FKZHHB,574 Wellington St W,600A,M5V,Condominium,10,Spadina-Fort York
4332159,STR-2110-GJTHHF,65 Bremner Blvd,4306,M5J,Condominium,10,Spadina-Fort York
4332160,STR-2110-GRZHHG,74 Coulter Ave,,M9N,Single/Semi-detached House,5,York South-Weston
4332161,STR-2110-HQTHHK,188 Cumberland St,612,M5R,Condominium,11,University-Rosedale
4332162,STR-2110-HXZHHL,1960 Dundas St E,,M4L,Single/Semi-detached House,19,Beaches-East York
4332163,STR-2110-FFBPHB,113 Pitt Ave,,M1L,Single/Semi-detached House,20,Scarborough Southwest
4332164,STR-2110-HSBPHL,300 Front St W,2907,M5V,Condominium,10,Spadina-Fort York
4332165,STR-2110-HZHPHM,5 Massey Sq,219,M4C,Condominium,19,Beaches-East York
4332166,STR-2110-HLSBHK,56 Pendrith St,,M6G,Townhouse/ Row House,11,University-Rosedale
4332167,STR-2110-GVPPHH,19 Gatwick Ave,,M4C,Single/Semi-detached House,19,Beaches-East York
4332168,STR-2110-HCVPHJ,188 Cumberland St,2507,M5R,Condominium,11,University-Rosedale
4332169,STR-2110-GFSBHF,21 Madawaska Ave,,M2M,Single/Semi-detached House,18,Willowdale
4332170,STR-2110-FHPPHB,30 Hedgewood Rd,,M2L,Single/Semi-detached House,15,Don Valley West
4332171,STR-2110-HFBPHJ,15 Sproat Ave,,M4M,Single/Semi-detached House,14,Toronto-Danforth
4332172,STR-2110-HMHPHK,1227 Dundas St W,201,M6J,Apartment,10,Spadina-Fort York
4332173,STR-2110-HVPPHL,21 Iceboat Ter,2201,M5V,Condominium,10,Spadina-Fort York
4332174,STR-2110-JCVPHM,41 Huntley St,2,M4Y,Single/Semi-detached House,13,Toronto Centre
4332175,STR-2111-GRPRVG,193 Boon Ave,,M6E,Townhouse/ Row House,9,Davenport
4332176,STR-2110-GYBPHH,243 Silver Springs Blvd,,M1V,Single/Semi-detached House,22,Scarborough-Agincourt
4332177,STR-2110-FSSBHC,223 Lonsmount Dr,,M5P,Single/Semi-detached House,12,Toronto-St. Paul's
4332178,STR-2111-FXMHHD,41 Dewhurst Blvd,2,M4J,Duplex/Triplex/Fourplex,14,Toronto-Danforth
4332179,STR-2110-GRLBHG,15 Fermanagh Ave,,M6R,Single/Semi-detached House,4,Parkdale-High Park
4332180,STR-2110-HQVPHK,89 Dunfield Ave,2401,M4S,Condominium,12,Toronto-St. Paul's
4332181,STR-2110-FTYBHC,233 Lansdowne Ave,,M6K,Single/Semi-detached House,9,Davenport
4332182,STR-2110-GCFBHD,19 Caines Ave,,M2M,Single/Semi-detached House,18,Willowdale
4332183,STR-2110-GZYBHH,730 Ontario St,1004,M4X,Apartment,13,Toronto Centre
4332184,STR-2110-JGYBHM,100 Western Battery Rd,102,M6K,Condominium,10,Spadina-Fort York
4332185,STR-2110-FFTHHB,8 Dixfield Dr,,M9C,Single/Semi-detached House,2,Etobicoke Centre
4332186,STR-2110-HLCVHK,55 Gerrard St W,3812,M5G,Apartment,11,University-Rosedale
4332187,STR-2111-GMZHHG,22 Distin Ave,,M8Z,Single/Semi-detached House,3,Etobicoke-Lakeshore
4332188,STR-2111-GWWVHH,2427 Warden Ave,Main,M1W,Single/Semi-detached House,22,Scarborough-Agincourt
4332189,STR-2111-HMJVHK,111 Davisville Ave,2004,M4S,Apartment,12,Toronto-St. Paul's
4332190,STR-2111-GYCVHH,10 Jeff Dr,,M9C,Single/Semi-detached House,2,Etobicoke Centre
4332191,STR-2111-JGJVHM,99 Broadway Ave,804,M4P,Condominium,12,Toronto-St. Paul's
4332192,STR-2111-FVBRVD,12 Warfield Dr,Lower,M2J,Single/Semi-detached House,17,Don Valley North
4332193,STR-2111-GKPRVG,177 Redpath Ave,1203,M4P,Apartment,12,Toronto-St. Paul's
4332194,STR-2111-HRPRVL,6 Grogan Mews,,M6H,Townhouse/ Row House,9,Davenport
4332195,STR-2111-HYVRVM,119 1/2 Maplewood Ave,,M6C,Single/Semi-detached House,12,Toronto-St. Paul's
4332196,STR-2111-HBSDVJ,21 Kensington Ave,Floor 2,M5T,Townhouse/ Row House,11,University-Rosedale
4332197,STR-2111-FWHRVD,155 Yorkville Ave,1411,M5R,Condominium,11,University-Rosedale
4332198,STR-2111-GVBRVH,12 York St,2705,M5J,Condominium,10,Spadina-Fort York
4332199,STR-2111-JBBRVM,12 Ashby Pl,,M5A,Townhouse/ Row House,13,Toronto Centre
4332200,STR-2111-FGLDVB,47 Caroline Ave,,M4M,Single/Semi-detached House,14,Toronto-Danforth
4332201,STR-2111-JBSDVM,123 Ashridge Dr,,M1V,Single/Semi-detached House,23,Scarborough North
4332202,STR-2111-FHSDVB,322 Albany Ave,,M5R,Single/Semi-detached House,12,Toronto-St. Paul's
4332203,STR-2111-FYFDVD,11 Hammersmith Ave,Lower,M4E,Duplex/Triplex/Fourplex,19,Beaches-East York
4332204,STR-2111-GGLDVF,268 High Park Ave,,M6P,Single/Semi-detached House,4,Parkdale-High Park
4332205,STR-2111-GPSDVG,14 Wardell St,B,M4M,Single/Semi-detached House,14,Toronto-Danforth
4332206,STR-2111-FRPRVC,107 Portland St,,M5V,Single/Semi-detached House,10,Spadina-Fort York
4332207,STR-2111-GQHRVG,8 Minos Cres,,M1G,Single/Semi-detached House,24,Scarborough-Guildwood
4332208,STR-2111-HWHRVL,19 Ivy Lea Cres,,M8Y,Single/Semi-detached House,3,Etobicoke-Lakeshore
4332209,STR-2111-GBBRVD,131 Aldwych Ave,,M4J,Single/Semi-detached House,14,Toronto-Danforth
4332210,STR-2111-GYVRVH,69 Lynn Williams St,1603,M6K,Condominium,10,Spadina-Fort York
4332211,STR-2111-HQHRVK,117 Oxford St,,M5T,Single/Semi-detached House,11,University-Rosedale
4332212,STR-2111-FTLDVC,495 Queen St E,,M5A,Townhouse/ Row House,13,Toronto Centre
4332213,STR-2111-HQYDVK,51 Tobruk Cres,,M2M,Single/Semi-detached House,18,Willowdale
4332214,STR-2201-HTSDVL,20 John St,622,M5V,Condominium,10,Spadina-Fort York
4332215,STR-2502-GWYBPV,55 Bremner Blvd,1210,M5J,Condominium,10,Spadina-Fort York
4332216,STR-2111-HBCXVJ,290 Adelaide St W,3502,M5V,Condominium,10,Spadina-Fort York
4332217,STR-2111-HJJXVK,55 Bremner Blvd,3101,M5J,Condominium,10,Spadina-Fort York
4332218,STR-2111-HRQXVL,71 Essex St,,M6G,Duplex/Triplex/Fourplex,11,University-Rosedale
4332219,STR-2111-HJZKVK,419 Spadina Ave,201,M5T,Single/Semi-detached House,11,University-Rosedale
4332220,STR-2111-FWJXVD,101 Peter St,1210,M5V,Condominium,10,Spadina-Fort York
4332221,STR-2111-JBCXVM,921 College St,2,M6H,Apartment,9,Davenport
4332222,STR-2111-GMMKVG,31 Aldergrove Ave,,M4C,Single/Semi-detached House,19,Beaches-East York
4332223,STR-2111-HLGKVK,215 Yarmouth Rd,Main,M6G,Single/Semi-detached House,11,University-Rosedale
4332224,STR-2111-JBTKVM,7 Dashwood Cres,,M9V,Single/Semi-detached House,1,Etobicoke North
4332225,STR-2111-GFWXVF,391 Painted Post Dr,,M1G,Single/Semi-detached House,24,Scarborough-Guildwood
4332226,STR-2112-HPVRVK,15 Ross St,201,M5T,Single/Semi-detached House,11,University-Rosedale
4332227,STR-2111-GWZKVH,62 McGill St,,M5B,Single/Semi-detached House,13,Toronto Centre
4332228,STR-2111-HVTKVL,12 Bater Ave,309,M4K,Apartment,14,Toronto-Danforth
4332229,STR-2111-FSGKVC,22 Stonehenge Cres,,M1G,Single/Semi-detached House,24,Scarborough-Guildwood
4332230,STR-2111-HWZKVL,325 Robina Ave,,M6C,Single/Semi-detached House,12,Toronto-St. Paul's
4332231,STR-2111-JFWXVM,10 Milkwood Ave,,M9V,Single/Semi-detached House,1,Etobicoke North
4332232,STR-2111-FTMKVC,65 Bremner Blvd,1901,M5J,Condominium,10,Spadina-Fort York
4332233,STR-2111-HHTKVJ,1222 Islington Ave,,M8Z,Single/Semi-detached House,3,Etobicoke-Lakeshore
4332234,STR-2112-HBFDVJ,65 Berkshire Ave,,M4M,Single/Semi-detached House,14,Toronto-Danforth
4332235,STR-2112-FMPRVC,237 Dovercourt Rd,D,M6J,Apartment,10,Spadina-Fort York
4332236,STR-2502-FKPPPP,151 Dan Leckie Way,347,M5V,Condominium,10,Spadina-Fort York
4332237,STR-2112-HKBRVK,300 Front St W,802,M5V,Condominium,10,Spadina-Fort York
4332238,STR-2112-HLHRVK,33 Erskine Ave,503,M4P,Apartment,15,Don Valley West
4332239,STR-2112-FQLDVC,113 Wineva Ave,,M4E,Single/Semi-detached House,19,Beaches-East York
4332240,STR-2112-GFYDVF,65 Bremner Blvd,1704,M5J,Condominium,10,Spadina-Fort York
4332241,STR-2112-HGPRVJ,251 Jarvis St,520,M5B,Condominium,13,Toronto Centre
4332242,STR-2112-HMPRVK,1 Shaw St,622,M6K,Condominium,10,Spadina-Fort York
4332243,STR-2112-HFYDVJ,1041 Gerrard St E,Upper Unit,M4M,Single/Semi-detached House,14,Toronto-Danforth
4332244,STR-2112-FZPRVD,352 Front St W,2003,M5V,Condominium,10,Spadina-Fort York
4332245,STR-2112-HXBRVL,30 Amesbury Dr,,M6M,Single/Semi-detached House,5,York South-Weston
4332246,STR-2112-FSYDVC,31 Sharron Dr,,M4G,Single/Semi-detached House,15,Don Valley West
4332247,STR-2112-GSHRVG,14 York St,4906,M5J,Condominium,10,Spadina-Fort York
4332248,STR-2112-HHVRVJ,257 Finch Ave E,Main,M2N,Single/Semi-detached House,18,Willowdale
4332249,STR-2112-HYHRVL,16 McCowan Rd,,M1M,Single/Semi-detached House,20,Scarborough Southwest
4332250,STR-2112-JGPRVM,41 Sullivan St,,M5T,Townhouse/ Row House,10,Spadina-Fort York
4332251,STR-2112-FVGKVD,82 Shangarry Dr,,M1R,Single/Semi-detached House,21,Scarborough Centre
4332252,STR-2112-HBGKVJ,155 Yorkville Ave,2608,M5R,Condominium,11,University-Rosedale
4332253,STR-2112-HJMKVK,1253 Gerrard St E,,M4L,Single/Semi-detached House,14,Toronto-Danforth
4332254,STR-2112-HYZKVM,210 Victoria St,3105,M5B,Condominium,13,Toronto Centre
4332255,STR-2112-GLZKVG,755 Merton St,3,M4S,Duplex/Triplex/Fourplex,15,Don Valley West
4332256,STR-2112-HCMKVJ,560 Front St W,505,M5V,Condominium,10,Spadina-Fort York
4332257,STR-2112-HKTKVK,45 Lorindale Ave,102,M5M,Condominium,8,Eglinton-Lawrence
4332258,STR-2112-HSZKVL,49 Bywood Dr,,M9A,Single/Semi-detached House,2,Etobicoke Centre
4332259,STR-2112-GFZKVF,23 Northcote Ave,,M6J,Duplex/Triplex/Fourplex,9,Davenport
4332260,STR-2112-GWMKVH,50 Ordnance St,422,M6K,Condominium,10,Spadina-Fort York
4332261,STR-2112-HVGKVL,99 Mossbank Dr,Main,M1G,Single/Semi-detached House,24,Scarborough-Guildwood
4332262,STR-2112-HVWXVL,2978 Weston Rd,,M9M,Single/Semi-detached House,7,Humber River-Black Creek
4332263,STR-2112-FJMKVB,557 Runnymede Rd,1,M6S,Duplex/Triplex/Fourplex,4,Parkdale-High Park
4332264,STR-2112-HWMKVL,260 Carlaw Ave,205B,M4M,Apartment,14,Toronto-Danforth
4332265,STR-2112-GRCXVG,251 Jarvis St,1116,M5B,Condominium,13,Toronto Centre
4332266,STR-2112-FSZKVC,21 Iceboat Ter,931,M5V,Condominium,10,Spadina-Fort York
4332267,STR-2112-FMSDVC,298 Seaton St,1,M5A,Duplex/Triplex/Fourplex,13,Toronto Centre
4332268,STR-2112-FWPRVD,120 Saturn Rd,,M9C,Single/Semi-detached House,2,Etobicoke Centre
4332269,STR-2201-GMSDVG,57 James St,,M8W,Single/Semi-detached House,3,Etobicoke-Lakeshore
4332270,STR-2201-GPHRVG,47 O'Connor Dr,,M4K,Single/Semi-detached House,14,Toronto-Danforth
4332271,STR-2201-HVHRVL,131 Markham St,,M6J,Duplex/Triplex/Fourplex,10,Spadina-Fort York
4332272,STR-2503-GHTHPS,62 Turtle Island Rd,,M6A,Townhouse/ Row House,8,Eglinton-Lawrence
4332273,STR-2201-HMSDVK,58 Ron Attwell St,,M9M,Single/Semi-detached House,7,Humber River-Black Creek
4332274,STR-2201-JDFDVM,42 Scarborough Rd,,M4E,Single/Semi-detached House,19,Beaches-East York
4332275,STR-2201-GQPRVG,18 Vermont Ave,Rear,M6G,Duplex/Triplex/Fourplex,11,University-Rosedale
4332276,STR-2201-JDVRVM,2835 Islington Ave,708,M9L,Condominium,7,Humber River-Black Creek
4332277,STR-2201-FZSDVD,159 Dan Leckie Way,G12,M5V,Condominium,10,Spadina-Fort York
4332278,STR-2201-HPYDVK,586 Spadina Ave,1,M5S,Apartment,11,University-Rosedale
4332279,STR-2201-FVZKVD,1470 Islington Ave,,M9A,Single/Semi-detached House,2,Etobicoke Centre
4332280,STR-2202-GKZKVG,149 Seaton St,Basement,M5A,Townhouse/ Row House,13,Toronto Centre
4332281,STR-2201-HZTKVM,91 Woodside Ave,,M6P,Single/Semi-detached House,4,Parkdale-High Park
4332282,STR-2201-GPJXVG,48 Haslett Ave,,M4L,Single/Semi-detached House,19,Beaches-East York
4332283,STR-2201-GWQXVH,21 Geraldton Cres,,M2J,Single/Semi-detached House,17,Don Valley North
4332284,STR-2201-HVZKVL,99 Seaton St,,M5A,Single/Semi-detached House,13,Toronto Centre
4332285,STR-2201-HWQXVL,55 Bremner Blvd,4205,M5J,Condominium,10,Spadina-Fort York
4332286,STR-2201-FKGKVB,168 Simcoe St,1,M5H,Apartment,10,Spadina-Fort York
4332287,STR-2201-GHZKVF,152 Boon Ave,,M6E,Single/Semi-detached House,9,Davenport
4332288,STR-2201-HZVRVM,152 Clinton St,3,M6G,Duplex/Triplex/Fourplex,11,University-Rosedale
4332289,STR-2201-HKYDVK,2949 Weston Rd,,M9M,Single/Semi-detached House,7,Humber River-Black Creek
4332290,STR-2201-JBLDVM,375 Whitmore Ave,,M6E,Single/Semi-detached House,8,Eglinton-Lawrence
4332291,STR-2201-HDHRVJ,141 Glenvale Blvd,,M4G,Single/Semi-detached House,15,Don Valley West
4332292,STR-2201-HLPRVK,200 Dufferin St,309,M6K,Apartment,4,Parkdale-High Park
4332293,STR-2201-GPLDVG,21 Iceboat Ter,4809,M5V,Apartment,10,Spadina-Fort York
4332294,STR-2201-HDYDVJ,9 Spadina Ave,506,M5V,Condominium,10,Spadina-Fort York
4332295,STR-2201-JCSDVM,300 Front St W,2105,M5V,Apartment,10,Spadina-Fort York
4332296,STR-2201-HFPRVJ,300 Front St W,2503,M5V,Condominium,10,Spadina-Fort York
4332297,STR-2202-GRYDVG,202 Boon Ave,,M6E,Single/Semi-detached House,9,Davenport
4332298,STR-2202-GZFDVH,65 Bremner Blvd,2806,M5J,Condominium,10,Spadina-Fort York
4332299,STR-2202-GKHRVF,1 Rockland Dr,,M2M,Duplex/Triplex/Fourplex,17,Don Valley North
4332300,STR-2202-GZVRVH,21 Iceboat Ter,3201,M5V,Condominium,10,Spadina-Fort York
4332301,STR-2202-HJBRVJ,105 Sultana Ave,,M6A,Single/Semi-detached House,8,Eglinton-Lawrence
4332302,STR-2202-GTGKVH,105 George St,1710,M5A,Condominium,13,Toronto Centre
4332303,STR-2202-HBMKVJ,1528 Dufferin St,,M6H,Single/Semi-detached House,9,Davenport
4332304,STR-2202-HTGKVL,12 Swan Ave,,M9B,Single/Semi-detached House,2,Etobicoke Centre
4332305,STR-2202-FQCXVC,155 Yorkville Ave,315,M5R,Condominium,11,University-Rosedale
4332306,STR-2202-FQTKVC,661 Dovercourt Rd,,M6H,Single/Semi-detached House,9,Davenport
4332307,STR-2202-HMGKVK,219 Fort York Blvd,1402,M5V,Condominium,10,Spadina-Fort York
4332308,STR-2202-GQCXVG,550 Spadina Cres,,M5S,Single/Semi-detached House,11,University-Rosedale
4332309,STR-2202-HMWXVK,648 Wellington St W,,M5V,Townhouse/ Row House,10,Spadina-Fort York
4332310,STR-2202-HWCXVL,965 Dufferin St,,M6H,Single/Semi-detached House,9,Davenport
4332311,STR-2202-FZGKVD,68 Abell St,307,M6J,Condominium,9,Davenport
4332312,STR-2202-FSQXVC,296 Brighton Ave,,M3H,Single/Semi-detached House,6,York Centre
4332313,STR-2202-HJCXVJ,54 Elm Ave,,M4W,Single/Semi-detached House,11,University-Rosedale
4332314,STR-2202-FMHRVC,30 Sabrina Dr,Unit 2,M9R,Duplex/Triplex/Fourplex,2,Etobicoke Centre
4332315,STR-2202-GLBRVG,209 Fort York Blvd,370,M5V,Condominium,10,Spadina-Fort York
4332316,STR-2202-FWFDVD,87 Rhodes Ave,,M4L,Single/Semi-detached House,14,Toronto-Danforth
4332317,STR-2202-HZYDVM,48 Gladstone Ave,3rd floor,M6J,Duplex/Triplex/Fourplex,9,Davenport
4332318,STR-2202-FGHRVB,55 Charles St W,1405,M5S,Apartment,11,University-Rosedale
4332319,STR-2202-FWVRVD,267 Otonabee Ave,,M2M,Single/Semi-detached House,18,Willowdale
4332320,STR-2202-HDLDVJ,176 Wineva Ave,,M4E,Single/Semi-detached House,19,Beaches-East York
4332321,STR-2202-GPPRVG,49 Dixon Ave,,M4L,Single/Semi-detached House,19,Beaches-East York
4332322,STR-2202-HFBRVJ,26 Hamer Blvd,,M9R,Single/Semi-detached House,1,Etobicoke North
4332323,STR-2202-HVPRVL,4 Annapearl Crt,,M2N,Single/Semi-detached House,18,Willowdale
4332324,STR-2202-GXLDVH,955 BAY ST,4007,M5S,Condominium,13,Toronto Centre
4332325,STR-2202-HWFDVL,12 York St,1310,M5J,Condominium,10,Spadina-Fort York
4332326,STR-2202-FSBRVC,10 Oak Park Ave,,M4C,Single/Semi-detached House,19,Beaches-East York
4332327,STR-2202-GYBRVH,245 Bellwoods Ave,,M6J,Townhouse/ Row House,11,University-Rosedale
4332328,STR-2202-HGHRVJ,426 Markham St,1C,M6G,Single/Semi-detached House,11,University-Rosedale
4332329,STR-2202-JFBRVM,2 Anndale Dr,1110,M2N,Condominium,18,Willowdale
4332330,STR-2202-FZYDVD,49 Bernice Cres,,M6N,Single/Semi-detached House,5,York South-Weston
4332331,STR-2202-FLBRVB,592 Brookdale Ave,A,M5M,Single/Semi-detached House,8,Eglinton-Lawrence
4332332,STR-2202-FTHRVC,14 York St,2604,M5J,Condominium,10,Spadina-Fort York
4332333,STR-2202-FTYDVC,42 Rosevear Ave,,M4C,Single/Semi-detached House,19,Beaches-East York
4332334,STR-2202-FVQXVD,269 Ashdale Ave,,M4L,Single/Semi-detached House,14,Toronto-Danforth
4332335,STR-2202-HBQXVJ,94 Grenadier Rd,,M6R,Single/Semi-detached House,4,Parkdale-High Park
4332336,STR-2202-GDMKVF,155 Yorkville Ave,2910,M5R,Condominium,11,University-Rosedale
4332337,STR-2202-GTZKVH,38 Glenaden Ave E,,M8Y,Single/Semi-detached House,3,Etobicoke-Lakeshore
4332338,STR-2202-HKMKVK,10 San Romanoway,808,M3N,Apartment,7,Humber River-Black Creek
4332339,STR-2203-FPQXVC,207 Downsview Park Blvd,,M3K,Townhouse/ Row House,6,York Centre
4332340,STR-2203-FGZKVB,1294 Queen St W,A,M6K,Apartment,4,Parkdale-High Park
4332341,STR-2203-GMZKVG,8 Charlotte St,204,M5V,Condominium,10,Spadina-Fort York
4332342,STR-2203-GWWXVH,104 Great Oak Dr,,M9A,Single/Semi-detached House,2,Etobicoke Centre
4332343,STR-2203-HMJXVK,259 Ontario St,,M5A,Townhouse/ Row House,13,Toronto Centre
4332344,STR-2203-JCWXVM,5229 Dundas St W,603,M9B,Condominium,3,Etobicoke-Lakeshore
4332345,STR-2203-GGZKVF,300 Front St W,1111,M5V,Condominium,10,Spadina-Fort York
4332346,STR-2203-HFTKVJ,392 Rathburn Rd,,M9B,Single/Semi-detached House,2,Etobicoke Centre
4332347,STR-2203-HWGKVL,106 Duplex Ave,Upper Unit,M5P,Single/Semi-detached House,12,Toronto-St. Paul's
4332348,STR-2203-JDMKVM,65 Bremner Blvd,2811,M5J,Condominium,10,Spadina-Fort York
4332349,STR-2203-FZJXVD,12 York St,1110,M5J,Condominium,10,Spadina-Fort York
4332350,STR-2203-GHQXVF,103 Bellwoods Ave,,M6J,Townhouse/ Row House,10,Spadina-Fort York
4332351,STR-2203-HQGKVK,215 Fort York Blvd,3302,M5V,Condominium,10,Spadina-Fort York
4332352,STR-2203-HHQXVJ,43 Markham St,,M6J,Single/Semi-detached House,10,Spadina-Fort York
4332353,STR-2203-HQWXVK,18 Heather Rd,,M1S,Single/Semi-detached House,23,Scarborough North
4332354,STR-2203-FTZKVC,48 Westmoreland Ave,,M6H,Single/Semi-detached House,9,Davenport
4332355,STR-2203-HJGKVJ,297 Roxton Rd,,M6G,Townhouse/ Row House,11,University-Rosedale
4332356,STR-2203-JGZKVM,352 Albany Ave,,M5R,Single/Semi-detached House,12,Toronto-St. Paul's
4332357,STR-2203-GKPVHG,16 Kidbrooke Cres,,M1M,Single/Semi-detached House,20,Scarborough Southwest
4332358,STR-2203-HBBVHJ,681 Adelaide St W,,M6J,Single/Semi-detached House,10,Spadina-Fort York
4332359,STR-2203-HRPVHL,11 Lobb Ave,,M6J,Single/Semi-detached House,10,Spadina-Fort York
4332360,STR-2203-GLFHHG,12 Whistling Hills Dr,,M1V,Single/Semi-detached House,23,Scarborough North
4332361,STR-2203-HSFHHL,25 Oxley St,602,M5V,Condominium,10,Spadina-Fort York
4332362,STR-2203-HSVVHL,28A Dundonald St,,M4Y,Townhouse/ Row House,13,Toronto Centre
4332363,STR-2203-FWYHHD,69 Lynn Williams St,1002,M6K,Condominium,10,Spadina-Fort York
4332364,STR-2203-GVSHHH,5 London St,,M6G,Single/Semi-detached House,11,University-Rosedale
4332365,STR-2203-HCYHHJ,33 Spindlewood Dr,,M2J,Single/Semi-detached House,17,Don Valley North
4332366,STR-2203-GWHVHH,713 Woodbine Ave,,M4E,Single/Semi-detached House,19,Beaches-East York
4332367,STR-2203-HLVVHK,36 Rolyat St,Main,M6J,Single/Semi-detached House,10,Spadina-Fort York
4332368,STR-2203-HVBVHL,210 Victoria St,2001,M5B,Condominium,13,Toronto Centre
4332369,STR-2203-JCHVHM,90 Ling Rd,205,M1E,Condominium,25,Scarborough-Rouge Park
4332370,STR-2203-FYFHHD,105 Soudan Ave,,M4S,Single/Semi-detached House,12,Toronto-St. Paul's
4332371,STR-2203-GPSHHG,646 Davenport Rd,,M5R,Single/Semi-detached House,12,Toronto-St. Paul's
4332372,STR-2203-HVSHHL,1 Mallon Ave,,M4M,Single/Semi-detached House,14,Toronto-Danforth
4332373,STR-2203-FJHVHB,270 Wellington St W,211,M5V,Condominium,10,Spadina-Fort York
4332374,STR-2203-HPBVHK,264 Lippincott St,,M5S,Single/Semi-detached House,11,University-Rosedale
4332375,STR-2203-HGLHHJ,151 Dan Leckie Way,841,M5V,Condominium,10,Spadina-Fort York
4332376,STR-2203-FKPVHB,49 East Liberty St,803,M6K,Condominium,10,Spadina-Fort York
4332377,STR-2203-HHBVHJ,101 Peter St,1902,M5V,Condominium,10,Spadina-Fort York
4332378,STR-2203-GSFHHG,46 Pinemore Cres,,M3A,Single/Semi-detached House,16,Don Valley East
4332379,STR-2203-JGLHHM,234 Queen St E,2nd & 3rd Floor,M5A,Townhouse/ Row House,13,Toronto Centre
4332380,STR-2203-FDRBHB,44 Fuller Ave,,M6R,Single/Semi-detached House,4,Parkdale-High Park
4332381,STR-2203-HRRBHL,155 Yorkville Ave,1901,M5R,Condominium,11,University-Rosedale
4332382,STR-2203-FMMPHC,67 Niagara St,,M5V,Single/Semi-detached House,10,Spadina-Fort York
4332383,STR-2203-HJZPHK,258 Ontario St,Main,M5A,Townhouse/ Row House,13,Toronto Centre
4332384,STR-2203-HSGPHL,102 McAllister Rd,,M3H,Single/Semi-detached House,6,York Centre
4332385,STR-2203-HZMPHM,37 Nealon Ave,,M4K,Single/Semi-detached House,14,Toronto-Danforth
4332386,STR-2203-FWKBHD,72 Dunn Ave,,M6K,Single/Semi-detached House,4,Parkdale-High Park
4332387,STR-2203-HKRBHK,73 Haslam St,,M1N,Single/Semi-detached House,20,Scarborough Southwest
4332388,STR-2203-FGMPHB,16 Foxwell St,,M6N,Single/Semi-detached House,5,York South-Weston
4332389,STR-2203-GMMPHG,300 Front St W,2510,M5V,Condominium,10,Spadina-Fort York
4332390,STR-2203-HLGPHK,375 King St W,2201,M5V,Condominium,10,Spadina-Fort York
4332391,STR-2203-GGMPHF,955 Bay St,214,M5S,Condominium,13,Toronto Centre
4332392,STR-2203-GPTPHG,300 Front St W,1710,M5V,Condominium,10,Spadina-Fort York
4332393,STR-2203-HVTPHL,19 Belanger Cres,Upper Unit,M1L,Townhouse/ Row House,20,Scarborough Southwest
4332394,STR-2203-GXRBHH,101 Peter St,2407,M5V,Condominium,10,Spadina-Fort York
4332395,STR-2203-JDRBHM,157 Symington Ave,,M6P,Single/Semi-detached House,9,Davenport
4332396,STR-2203-GHTPHF,459 Main St,,M4C,Single/Semi-detached House,19,Beaches-East York
4332397,STR-2203-HWZPHL,90 Main St,,M4E,Single/Semi-detached House,19,Beaches-East York
4332398,STR-2203-JFGPHM,103 Auburn Ave,2nd floor,M6H,Single/Semi-detached House,9,Davenport
4332399,STR-2203-HHDBHJ,112 West Lodge Ave,,M6K,Townhouse/ Row House,4,Parkdale-High Park
4332400,STR-2203-GBTPHD,231 Fort York Blvd,334,M5V,Condominium,10,Spadina-Fort York
4332401,STR-2203-GJZPHF,200 Sackville St,1107,M5A,Condominium,13,Toronto Centre
4332402,STR-2203-GSGPHG,574 Wellington St W,616A,M5V,Townhouse/ Row House,10,Spadina-Fort York
4332403,STR-2203-HYGPHL,54B Wanita Rd,,M1C,Single/Semi-detached House,25,Scarborough-Rouge Park
4332404,STR-2203-FVFHHD,501 Adelaide St W,1110,M5V,Condominium,10,Spadina-Fort York
4332405,STR-2203-GCLHHF,155 Yorkville Ave,418,M5R,Condominium,11,University-Rosedale
4332406,STR-2203-GKSHHG,540 Northcliffe Blvd,,M6E,Single/Semi-detached House,12,Toronto-St. Paul's
4332407,STR-2203-FFHVHB,955 Bay St,2807,M5S,Condominium,13,Toronto Centre
4332408,STR-2204-GDSHHF,9 Southport St,,M6S,Townhouse/ Row House,4,Parkdale-High Park
4332409,STR-2204-GVVVHH,174 Yarmouth Rd,,M6G,Single/Semi-detached House,11,University-Rosedale
4332410,STR-2204-JBVVHM,10 Tangreen Crt,1401,M2M,Condominium,18,Willowdale
4332411,STR-2204-FHFHHB,30 Grand Trunk Cres,1209,M5J,Condominium,10,Spadina-Fort York
4332412,STR-2204-GFYHHF,70 Pauline Ave,,M6H,Single/Semi-detached House,9,Davenport
4332413,STR-2204-FYHVHD,62 Blue Forest Dr,,M3H,Single/Semi-detached House,6,York Centre
4332414,STR-2204-GGPVHF,219 Coxwell Ave,,M4L,Townhouse/ Row House,19,Beaches-East York
4332415,STR-2204-GPVVHG,82 Marion St,,M6R,Single/Semi-detached House,4,Parkdale-High Park
4332416,STR-2204-JDBVHM,27 Kennaley Cres,,M1V,Single/Semi-detached House,23,Scarborough North
4332417,STR-2204-FJLHHB,51 Howland Ave,,M5R,Single/Semi-detached House,11,University-Rosedale
4332418,STR-2204-GHFHHF,823 Adelaide St W,Main Unit,M6J,Duplex/Triplex/Fourplex,10,Spadina-Fort York
4332419,STR-2204-GXSHHH,2 Wendigo Way,,M6S,Single/Semi-detached House,4,Parkdale-High Park
4332420,STR-2204-HWLHHL,65 London St,Upper,M6G,Single/Semi-detached House,11,University-Rosedale
4332421,STR-2204-GHVVHF,46 Arnold Ave,,M5A,Single/Semi-detached House,13,Toronto Centre
4332422,STR-2204-GRBVHG,4 Bank St,,M6K,Single/Semi-detached House,9,Davenport
4332423,STR-2204-HRBVHK,751 Markham St,2nd Floor,M6G,Single/Semi-detached House,11,University-Rosedale
4332424,STR-2204-HSKBHL,21 Iceboat Ter,3105,M5V,Condominium,10,Spadina-Fort York
4332425,STR-2204-FWMPHD,230 Christie St,,M6G,Duplex/Triplex/Fourplex,11,University-Rosedale
4332426,STR-2204-GVGPHH,520 Lauder Ave,,M6E,Single/Semi-detached House,12,Toronto-St. Paul's
4332427,STR-2204-HKTPHK,49 Park Blvd,,M8W,Single/Semi-detached House,3,Etobicoke-Lakeshore
4332428,STR-2204-HSZPHL,8 Old Weston Rd,2,M6P,Apartment,4,Parkdale-High Park
4332429,STR-2204-JBGPHM,284 St Helen's Ave,104,M6H,Condominium,9,Davenport
4332430,STR-2204-GVXBHH,208 Queens Quay W,2009,M5J,Condominium,10,Spadina-Fort York
4332431,STR-2204-HTRBHL,219 Fort York Blvd,2812,M5V,Condominium,10,Spadina-Fort York
4332432,STR-2204-GPGPHG,155 Yorkville Ave,1212,M5R,Condominium,11,University-Rosedale
4332433,STR-2204-HVGPHL,12 Addison Cres,,M3B,Single/Semi-detached House,16,Don Valley East
4332434,STR-2204-GGRBHF,89 Dunfield Ave,2308,M4S,Condominium,12,Toronto-St. Paul's
4332435,STR-2204-HMRBHK,231 Shaw St,2nd floor,M6J,Duplex/Triplex/Fourplex,10,Spadina-Fort York
4332436,STR-2204-FJMPHB,21 Iceboat Ter,1209,M5V,Condominium,10,Spadina-Fort York
4332437,STR-2204-FYZPHD,101 Peter St,3211,M5V,Condominium,10,Spadina-Fort York
4332438,STR-2204-GHGPHF,248 Fulton Ave,,M4K,Single/Semi-detached House,14,Toronto-Danforth
4332439,STR-2204-HPGPHK,477 Richmond St W,709,M5V,Condominium,10,Spadina-Fort York
4332440,STR-2204-GHXBHF,411 Carlton St,,M5A,Single/Semi-detached House,13,Toronto Centre
4332441,STR-2204-HGRBHJ,1621 Queen St W,54,M6R,Apartment,4,Parkdale-High Park
4332442,STR-2204-HXTPHL,388 Berkeley St,,M5A,Single/Semi-detached House,13,Toronto Centre
4332443,STR-2204-JFZPHM,491 Evans Ave,,M8W,Single/Semi-detached House,3,Etobicoke-Lakeshore
4332444,STR-2204-FTRBHC,55 Bremner Blvd,2008,M5J,Condominium,10,Spadina-Fort York
4332445,STR-2204-GKDBHF,942 Greenwood Ave,,M4J,Single/Semi-detached House,14,Toronto-Danforth
4332446,STR-2204-GSKBHG,798 Richmond St W,763,M6J,Apartment,10,Spadina-Fort York
4332447,STR-2204-GZRBHH,199 Richmond St W,720,M5V,Condominium,10,Spadina-Fort York
4332448,STR-2204-HYKBHL,155 Yorkville Ave,2312,M5R,Condominium,11,University-Rosedale
4332449,STR-2204-FDVVHB,1243 Kingston Rd,,M1N,Single/Semi-detached House,20,Scarborough Southwest
4332450,STR-2204-FVHVHD,300 Front St W,1008,M5V,Condominium,10,Spadina-Fort York
4332451,STR-2204-GKVVHG,18 Yonge St,3602,M5E,Condominium,10,Spadina-Fort York
4332452,STR-2204-FMSHHC,65 Jefferson Ave,205,M6K,Apartment,10,Spadina-Fort York
4332453,STR-2204-GDFHHF,55 Bremner Blvd,4008,M5J,Condominium,10,Spadina-Fort York
4332454,STR-2204-GLLHHG,8 Eaton Park Lane,20,M1W,Townhouse/ Row House,22,Scarborough-Agincourt
4332455,STR-2204-HSLHHL,21 Evermede Dr,,M3A,Single/Semi-detached House,16,Don Valley East
4332456,STR-2204-GDVVHF,3 Chalfont Rd,,M9W,Single/Semi-detached House,1,Etobicoke North
4332457,STR-2204-HKVVHK,155 Yorkville Ave,2704,M5R,Condominium,11,University-Rosedale
4332458,STR-2204-HTBVHL,101 Peter St,2909,M5V,Condominium,10,Spadina-Fort York
4332459,STR-2204-FGSHHB,71 Kendal Ave,,M5R,Single/Semi-detached House,11,University-Rosedale
4332460,STR-2204-HTSHHL,103 Pindar Cres,,M2J,Single/Semi-detached House,17,Don Valley North
4332461,STR-2204-JBYHHM,14 York St,6209,M5J,Condominium,10,Spadina-Fort York
4332462,STR-2204-FQPVHC,39 Galbraith Ave,Upper,M4B,Single/Semi-detached House,19,Beaches-East York
4332463,STR-2204-GPHVHG,42 Stephen Dr,,M8Y,Duplex/Triplex/Fourplex,3,Etobicoke-Lakeshore
4332464,STR-2204-HDVVHJ,197 Crawford St,,M6J,Single/Semi-detached House,10,Spadina-Fort York
4332465,STR-2204-FHYHHB,247B McIntosh St,,M1N,Single/Semi-detached House,20,Scarborough Southwest
4332466,STR-2204-FYLHHD,633 Huron St,,M5R,Single/Semi-detached House,11,University-Rosedale
4332467,STR-2204-GPYHHG,138 Patricia Ave,Basement,M2M,Single/Semi-detached House,18,Willowdale
4332468,STR-2204-GXFHHH,468 Pape Ave,A,M4K,Townhouse/ Row House,14,Toronto-Danforth
4332469,STR-2204-HVYHHL,114 Queensdale Ave,,M4J,Single/Semi-detached House,14,Toronto-Danforth
4332470,STR-2204-JDFHHM,141 Brock Ave,,M6K,Single/Semi-detached House,9,Davenport
4332471,STR-2204-FJPVHB,181 Huron St,1605,M5T,Condominium,11,University-Rosedale
4332472,STR-2204-FRVVHC,285 Roxton Rd,,M6G,Townhouse/ Row House,11,University-Rosedale
4332473,STR-2204-GHHVHF,27 Bowmore Rd,,M4L,Single/Semi-detached House,19,Beaches-East York
4332474,STR-2204-FKVVHB,219 Fort York Blvd,2407,M5V,Condominium,10,Spadina-Fort York
4332475,STR-2204-HHHVHJ,62 Bridlegrove Dr,,M1M,Townhouse/ Row House,20,Scarborough Southwest
4332476,STR-2204-FLLHHB,279 Major St,Upper,M5S,Single/Semi-detached House,11,University-Rosedale
4332477,STR-2204-FTSHHC,329 Mutual St,1,M4Y,Apartment,13,Toronto Centre
4332478,STR-2204-JGSHHM,141 Burbank Dr,,M2K,Single/Semi-detached House,17,Don Valley North
4332479,STR-2204-FVKBHD,28 Sackville Pl,,M4X,Single/Semi-detached House,13,Toronto Centre
4332480,STR-2204-GCRBHF,89 Beaconsfield Ave,Basement,M6J,Single/Semi-detached House,9,Davenport
4332481,STR-2204-HJRBHK,18 Laxton Ave,Basement,M6K,Single/Semi-detached House,4,Parkdale-High Park
4332482,STR-2204-GLMPHG,8 Wellesley St E,308,M4Y,Condominium,13,Toronto Centre
4332483,STR-2204-FWRBHD,67 Woodstream Dr,,M9W,Townhouse/ Row House,1,Etobicoke North
4332484,STR-2204-GVKBHH,52 Robert St,Upper,M5S,Single/Semi-detached House,11,University-Rosedale
4332485,STR-2204-HTDBHL,460 Montrose Ave,,M6G,Single/Semi-detached House,11,University-Rosedale
4332486,STR-2204-GFMPHF,170 Sumach St,1306,M5A,Condominium,13,Toronto Centre
4332487,STR-2204-GVZPHH,47 Holbrooke Ave,,M8Y,Single/Semi-detached House,3,Etobicoke-Lakeshore
4332488,STR-2204-JBZPHM,21 Douville Crt,,M5A,Townhouse/ Row House,10,Spadina-Fort York
4332489,STR-2204-FXXBHD,2164 St Clair Ave W,,M6N,Single/Semi-detached House,5,York South-Weston
4332490,STR-2204-GGDBHF,650 Lawrence Ave W,905,M6A,Condominium,8,Eglinton-Lawrence
4332491,STR-2204-GPKBHG,11 Stephenson Ave,,M4C,Single/Semi-detached House,19,Beaches-East York
4332492,STR-2204-HMDBHK,176 Manitoba St,8,M8Y,Townhouse/ Row House,3,Etobicoke-Lakeshore
4332493,STR-2204-FYMPHD,31 Oxford St,,M5T,Single/Semi-detached House,11,University-Rosedale
4332494,STR-2204-GGTPHF,14 York St,1301,M5J,Condominium,10,Spadina-Fort York
4332495,STR-2204-GPZPHG,439 Parliament St,301,M5A,Duplex/Triplex/Fourplex,13,Toronto Centre
4332496,STR-2204-GXGPHH,325 Jarvis St,13,M5B,Townhouse/ Row House,13,Toronto Centre
4332497,STR-2204-HFMPHJ,3 Highfield Rd,Main Floor,M4L,Single/Semi-detached House,14,Toronto-Danforth
4332498,STR-2204-HVZPHL,266 John St,Upper Unit,M9N,Single/Semi-detached House,5,York South-Weston
4332499,STR-2204-GXXBHH,188 Cumberland St,712,M5R,Condominium,11,University-Rosedale
4332500,STR-2204-HWRBHL,88 Thursfield Cres,,M4G,Single/Semi-detached House,15,Don Valley West
4332501,STR-2204-FKGPHB,391 Whitmore Ave,,M6E,Single/Semi-detached House,8,Eglinton-Lawrence
4332502,STR-2204-GRXBHG,196 Gillard Ave,,M4J,Single/Semi-detached House,14,Toronto-Danforth
4332503,STR-2204-GZDBHH,155 Yorkville Ave,903,M5R,Condominium,11,University-Rosedale
4332504,STR-2204-HQRBHK,47 Albacore Cres,,M1H,Single/Semi-detached House,24,Scarborough-Guildwood
4332505,STR-2204-HXXBHL,183 Howland Ave,,M5R,Single/Semi-detached House,11,University-Rosedale
4332506,STR-2204-JGDBHM,225 Wellesley St E,614,M4X,Condominium,13,Toronto Centre
4332507,STR-2204-FTTPHC,832 Bay St,503,M5S,Apartment,11,University-Rosedale
4332508,STR-2204-GBZPHD,9 Macey Ave,,M1L,Single/Semi-detached House,20,Scarborough Southwest
4332509,STR-2204-HHZPHJ,1340 Bloor St W,1,M6H,Duplex/Triplex/Fourplex,9,Davenport
4332510,STR-2204-HRGPHK,128 Willow Ave,,M4E,Single/Semi-detached House,19,Beaches-East York
4332511,STR-2204-FVLHHD,2 Eva Rd,1721,M9C,Condominium,2,Etobicoke Centre
4332512,STR-2204-HJSHHK,38 Western Battery Rd,631,M6K,Townhouse/ Row House,10,Spadina-Fort York
4332513,STR-2204-FMVVHC,227 Fern Ave,,M6R,Single/Semi-detached House,4,Parkdale-High Park
4332514,STR-2204-HSPVHL,14 York St,5710,M5J,Condominium,10,Spadina-Fort York
4332515,STR-2204-FWSHHD,682 Indian Rd,,M6P,Single/Semi-detached House,4,Parkdale-High Park
4332516,STR-2204-GMFHHG,130 Pickering St,BSMT,M4E,Single/Semi-detached House,19,Beaches-East York
4332517,STR-2204-FGVVHB,12 York St,604,M5J,Condominium,10,Spadina-Fort York
4332518,STR-2204-FXHVHD,23 Symington Ave,,M6P,Townhouse/ Row House,9,Davenport
4332519,STR-2204-HLPVHK,14 York St,3303,M5J,Condominium,10,Spadina-Fort York
4332520,STR-2204-HTVVHL,700 Ontario St,1508,M4X,Apartment,13,Toronto Centre
4332521,STR-2204-FHLHHB,14 York St,5210,M5J,Condominium,10,Spadina-Fort York
4332522,STR-2204-FJBVHB,21 Bournville Dr,,M1E,Single/Semi-detached House,24,Scarborough-Guildwood
4332523,STR-2204-GGVVHF,209 Fort York Blvd,668,M5V,Condominium,10,Spadina-Fort York
4332524,STR-2205-GRHVHG,122A Neville Park Blvd,,M4E,Single/Semi-detached House,19,Beaches-East York
4332525,STR-2205-HQBVHK,21 Iceboat Ter,4511,M5V,Condominium,10,Spadina-Fort York
4332526,STR-2205-HXHVHL,161 Hillside Ave,,M8V,Single/Semi-detached House,3,Etobicoke-Lakeshore
4332527,STR-2205-GCBVHD,2417 St Clair Ave W,,M6N,Townhouse/ Row House,5,York South-Weston
4332528,STR-2205-GKHVHF,797 Craven Rd,,M4L,Single/Semi-detached House,14,Toronto-Danforth
4332529,STR-2205-GSPVHG,30 Nelson St,902,M5V,Condominium,10,Spadina-Fort York
4332530,STR-2205-FVMPHD,394 Hillsdale Ave E,,M4S,Single/Semi-detached House,15,Don Valley West
4332531,STR-2205-GTGPHH,278 Wright Ave,,M6R,Single/Semi-detached House,4,Parkdale-High Park
4332532,STR-2205-HBMPHJ,560 Front St W,1123,M5V,Condominium,10,Spadina-Fort York
4332533,STR-2205-HRZPHL,78 Ashdale Ave,,M4L,Single/Semi-detached House,14,Toronto-Danforth
4332534,STR-2205-HZGPHM,83 Elm Ave,309,M4W,Apartment,11,University-Rosedale
4332535,STR-2205-FWDBHD,101 Peter St,1117,M5V,Condominium,10,Spadina-Fort York
4332536,STR-2205-GDKBHF,87 Dunelm St,,M1J,Single/Semi-detached House,24,Scarborough-Guildwood
4332537,STR-2205-GLRBHG,14 Bingley Rd,,M1X,Single/Semi-detached House,25,Scarborough-Rouge Park
4332538,STR-2205-HCDBHJ,15 Chatfield Dr,,M3B,Single/Semi-detached House,16,Don Valley East
4332539,STR-2205-HSRBHL,12 York St,4005,M5J,Condominium,10,Spadina-Fort York
4332540,STR-2205-JBMPHM,41 Glenmount Park Rd,,M4E,Single/Semi-detached House,19,Beaches-East York
4332541,STR-2205-FQTPHC,258 Ontario St,Upper,M5A,Townhouse/ Row House,13,Toronto Centre
4332542,STR-2205-FXZPHD,270 Wellington St W,306,M5V,Condominium,10,Spadina-Fort York
4332543,STR-2205-GPMPHG,49 Jersey Ave,Lower,M6G,Duplex/Triplex/Fourplex,11,University-Rosedale
4332544,STR-2205-FJDBHB,151 Rhodes Ave,,M4L,Single/Semi-detached House,14,Toronto-Danforth
4332545,STR-2205-GXKBHH,17 Maple Grove Ave,,M6K,Single/Semi-detached House,4,Parkdale-High Park
4332546,STR-2205-FSRBHC,332 Willowdale Ave,,M2N,Single/Semi-detached House,18,Willowdale
4332547,STR-2205-JFRBHM,693 Queen St W,3,M6J,Apartment,10,Spadina-Fort York
4332548,STR-2205-FKZPHB,54 Fenwick Ave,,M4K,Single/Semi-detached House,14,Toronto-Danforth
4332549,STR-2205-JGGPHM,41 Sunnylea Ave W,,M8Y,Single/Semi-detached House,3,Etobicoke-Lakeshore
4332550,STR-2205-GSRBHG,501 St Clair Ave W,1302,M5P,Condominium,12,Toronto-St. Paul's
4332551,STR-2205-HRKBHK,284 Sherbourne St,2,M5A,Townhouse/ Row House,13,Toronto Centre
4332552,STR-2205-HYRBHL,17 Bromley Cres,,M9A,Single/Semi-detached House,2,Etobicoke Centre
4332553,STR-2205-FVPVHD,332 Kennedy Ave,,M6P,Single/Semi-detached House,4,Parkdale-High Park
4332554,STR-2205-HBPVHJ,219 Fort York Blvd,2410,M5V,Condominium,10,Spadina-Fort York
4332555,STR-2205-HSBVHL,151 Dan Leckie Way,603,M5V,Apartment,10,Spadina-Fort York
4332556,STR-2205-HZHVHM,418 Brookdale Ave,,M5M,Single/Semi-detached House,8,Eglinton-Lawrence
4332557,STR-2205-FWFHHD,42 Crossbow Cres,BSMT,M2J,Single/Semi-detached House,17,Don Valley North
4332558,STR-2205-GTYHHH,14 York St,6006,M5J,Condominium,10,Spadina-Fort York
4332559,STR-2205-HCFHHJ,9 First Ave,,M4M,Single/Semi-detached House,14,Toronto-Danforth
4332560,STR-2205-GVPVHH,185 Deloraine Ave,,M5M,Single/Semi-detached House,8,Eglinton-Lawrence
4332561,STR-2205-JBPVHM,155 Yorkville Ave,507,M5R,Condominium,11,University-Rosedale
4332562,STR-2205-JCFHHM,300 Seaton St,1,M5A,Duplex/Triplex/Fourplex,13,Toronto Centre
4332563,STR-2205-FYBVHD,26 Myrtle Ave,,M4M,Single/Semi-detached House,14,Toronto-Danforth
4332564,STR-2205-GGHVHF,210 Victoria St,2402,M5B,Condominium,13,Toronto Centre
4332565,STR-2205-HVPVHL,73 Richmond St W,L05,M5H,Condominium,10,Spadina-Fort York
4332566,STR-2205-GQFHHG,300 Front St W,810,M5V,Condominium,10,Spadina-Fort York
4332567,STR-2205-HFSHHJ,10 Mendelssohn St,205,M1L,Condominium,20,Scarborough Southwest
4332568,STR-2205-HWFHHL,18 Yonge St,714,M5E,Condominium,10,Spadina-Fort York
4332569,STR-2205-JDLHHM,154 Jones Ave,Lower Unit,M4M,Single/Semi-detached House,14,Toronto-Danforth
4332570,STR-2205-HGHVHJ,138 Roywood Dr,,M3A,Single/Semi-detached House,16,Don Valley East
4332571,STR-2205-HGYHHJ,60 Annette St,,M6P,Townhouse/ Row House,4,Parkdale-High Park
4332572,STR-2205-HQFHHK,33 Riverlea Dr,Upper Unit,M9P,Single/Semi-detached House,2,Etobicoke Centre
4332573,STR-2205-JFSHHM,434 Dundas St W,3A,M5T,Apartment,11,University-Rosedale
4332574,STR-2205-FLBVHB,12 York St,3810,M5J,Condominium,10,Spadina-Fort York
4332575,STR-2205-HHPVHJ,101 Peter St,1102,M5V,Condominium,10,Spadina-Fort York
4332576,STR-2205-HQVVHK,88 Carr St,29,M5T,Condominium,10,Spadina-Fort York
4332577,STR-2205-GKLHHF,13 Mulberry Cres,,M6C,Single/Semi-detached House,12,Toronto-St. Paul's
4332578,STR-2205-GSSHHG,215 Fort York Blvd,316,M5V,Condominium,10,Spadina-Fort York
4332579,STR-2205-HJFHHJ,77 Browning Ave,,M4K,Single/Semi-detached House,14,Toronto-Danforth
4332580,STR-2205-FVRBHD,38 Grenville St,3904,M4Y,Condominium,13,Toronto Centre
4332581,STR-2205-HBRBHJ,155 Yorkville Ave,918,M5R,Condominium,11,University-Rosedale
4332582,STR-2205-FFTPHB,300 Front St W,604,M5V,Condominium,10,Spadina-Fort York
4332583,STR-2205-HKMPHK,560 Front St W,210,M5V,Condominium,10,Spadina-Fort York
4332584,STR-2205-HSTPHL,5 Adelaide Pl,,M5V,Townhouse/ Row House,10,Spadina-Fort York
4332585,STR-2205-GVRBHH,679 Mortimer Ave,,M4C,Single/Semi-detached House,19,Beaches-East York
4332586,STR-2205-HLDBHK,148 Old Sheppard Ave,,M2J,Single/Semi-detached House,17,Don Valley North
4332587,STR-2205-GFTPHF,47 Lewis St,2,M4M,Single/Semi-detached House,14,Toronto-Danforth
4332588,STR-2205-HLTPHK,5 Greystone Walk Dr,515,M1K,Condominium,20,Scarborough Southwest
4332589,STR-2205-GPRBHG,707 Mortimer Ave,,M4C,Single/Semi-detached House,19,Beaches-East York
4332590,STR-2205-HFDBHJ,1676 St Clair Ave W,,M6N,Apartment,9,Davenport
4332591,STR-2205-FJGPHB,52 Perth Ave,,M6R,Townhouse/ Row House,9,Davenport
4332592,STR-2205-HWGPHL,209 Fort York Blvd,1557,M5V,Condominium,10,Spadina-Fort York
4332593,STR-2205-GYDBHH,19 Riverton Dr,,M9L,Single/Semi-detached House,7,Humber River-Black Creek
4332594,STR-2205-HGKBHJ,78 Harrison Garden Blvd,1008,M2N,Condominium,18,Willowdale
4332595,STR-2205-HQGPHK,21 Westminster Ave,,M6R,Townhouse/ Row House,4,Parkdale-High Park
4332596,STR-2205-HXMPHL,899 Lansdowne Ave,,M6H,Single/Semi-detached House,9,Davenport
4332597,STR-2205-JFTPHM,41 Creekbank Rd,Upper,M6L,Townhouse/ Row House,5,York South-Weston
4332598,STR-2205-GBRBHD,17 Farmstead Rd,503,M2L,Apartment,15,Don Valley West
4332599,STR-2205-GKMPHF,78 King Edward Ave,,M4C,Single/Semi-detached House,19,Beaches-East York
4332600,STR-2205-GSTPHG,68 Fernalroy Blvd,,M8Z,Single/Semi-detached House,3,Etobicoke-Lakeshore
4332601,STR-2205-JGZPHM,38 Veerland Dr,,M6L,Single/Semi-detached House,5,York South-Weston
4332602,STR-2205-GTLKVH,112 Wesley St,,M8Y,Single/Semi-detached House,3,Etobicoke-Lakeshore
4332603,STR-2205-FPBXVC,228 Hollywood Ave,,M2N,Single/Semi-detached House,18,Willowdale
4332604,STR-2205-FGLKVB,44 Tefley Rd,,M2M,Single/Semi-detached House,18,Willowdale
4332605,STR-2205-FPSKVC,80 Ferrier Ave,,M4K,Single/Semi-detached House,14,Toronto-Danforth
4332606,STR-2205-HLFKVK,12 York St,3511,M5J,Condominium,10,Spadina-Fort York
4332607,STR-2205-GSXDVH,12 York St,3407,M5J,Condominium,10,Spadina-Fort York
4332608,STR-2205-FQHXVC,155 Yorkville Ave,2803,M5R,Condominium,11,University-Rosedale
4332609,STR-2205-HVBXVL,627 Glebeholme Blvd,,M4C,Single/Semi-detached House,19,Beaches-East York
4332610,STR-2205-FQYKVC,2 King Edward Ave,,M4C,Single/Semi-detached House,19,Beaches-East York
4332611,STR-2205-GPSKVG,24 Leith Hill Rd,809,M2J,Apartment,17,Don Valley North
4332612,STR-2205-JCYKVM,666 Ontario St,906,M4X,Apartment,13,Toronto Centre
4332613,STR-2205-FRPXVC,280 Drewry Ave,BSMT,M2M,Single/Semi-detached House,18,Willowdale
4332614,STR-2205-FYVXVD,33 Aura Lea Blvd,,M9M,Single/Semi-detached House,7,Humber River-Black Creek
4332615,STR-2205-GQHXVG,263 Berkeley St,,M5A,Single/Semi-detached House,13,Toronto Centre
4332616,STR-2205-FSVXVC,11A St Andrews Blvd,,M9R,Single/Semi-detached House,1,Etobicoke North
4332617,STR-2205-GRPXVG,49 Waverley Rd,Upper,M4L,Townhouse/ Row House,19,Beaches-East York
4332618,STR-2205-FTLKVC,215 Fort York Blvd,2012,M5V,Condominium,10,Spadina-Fort York
4332619,STR-2205-GJYKVF,25 Overbank Cres,,M3A,Single/Semi-detached House,16,Don Valley East
4332620,STR-2205-JGLKVM,25 Westminster Ave,,M6R,Single/Semi-detached House,4,Parkdale-High Park
4332621,STR-2205-FLXDVC,11 Givins St,,M6J,Single/Semi-detached House,10,Spadina-Fort York
4332622,STR-2205-HJKDVK,289 Queen St E,Upper,M5A,Townhouse/ Row House,13,Toronto Centre
4332623,STR-2205-FVTRVD,105 George St,1614,M5A,Condominium,13,Toronto Centre
4332624,STR-2205-HJZRVK,101 Peter St,3903,M5V,Condominium,10,Spadina-Fort York
4332625,STR-2205-FFXDVB,1372 Queen St W,1,M6K,Apartment,4,Parkdale-High Park
4332626,STR-2205-GDRDVF,22 Galley Ave,Upper,M6R,Single/Semi-detached House,4,Parkdale-High Park
4332627,STR-2205-GVDDVH,22 Galley Ave,Garden,M6R,Single/Semi-detached House,4,Parkdale-High Park
4332628,STR-2205-FGMRVB,24 Rose Valley Cres,,M6N,Single/Semi-detached House,5,York South-Weston
4332629,STR-2205-FPTRVC,72 Craigmore Cres,,M2N,Single/Semi-detached House,18,Willowdale
4332630,STR-2206-HZBXVM,2 Eva Rd,1022,M9C,Condominium,2,Etobicoke Centre
4332631,STR-2205-GMMRVG,138 St Helen's Ave,611,M6H,Condominium,9,Davenport
4332632,STR-2205-HTMRVL,45 Sloane Ave,,M4A,Townhouse/ Row House,16,Don Valley East
4332633,STR-2206-FHDDVB,82 Muriel Ave,,M4J,Single/Semi-detached House,14,Toronto-Danforth
4332634,STR-2206-FQKDVC,423 Ossington Ave,,M6J,Townhouse/ Row House,11,University-Rosedale
4332635,STR-2206-GPDDVG,629 Duplex Ave,,M4R,Single/Semi-detached House,8,Eglinton-Lawrence
4332636,STR-2206-GWKDVH,219 Fort York Blvd,1109,M5V,Condominium,10,Spadina-Fort York
4332637,STR-2206-JCKDVM,126 Bannockburn Ave,,M5M,Single/Semi-detached House,8,Eglinton-Lawrence
4332638,STR-2206-FQZRVC,47 Gledhill Ave,,M4C,Single/Semi-detached House,19,Beaches-East York
4332639,STR-2206-FYGRVD,185 Bonis Ave,1115,M1T,Condominium,22,Scarborough-Agincourt
4332640,STR-2206-GGMRVF,64 Millicent St,1,M6H,Single/Semi-detached House,9,Davenport
4332641,STR-2206-GHDDVF,21 Iceboat Ter,4009,M5V,Condominium,10,Spadina-Fort York
4332642,STR-2206-GQKDVG,1074A St Clair Ave W,1,M6E,Apartment,9,Davenport
4332643,STR-2206-HFXDVJ,300 Front St W,1910,M5V,Condominium,10,Spadina-Fort York
4332644,STR-2206-HWZRVL,251 Jarvis St,217,M5B,Condominium,13,Toronto Centre
4332645,STR-2206-HHDDVJ,54 Applefield Dr,,M1P,Single/Semi-detached House,21,Scarborough Centre
4332646,STR-2206-GJZRVF,90 Power St,Apt 1,M5A,Duplex/Triplex/Fourplex,13,Toronto Centre
4332647,STR-2206-HQZRVK,65 Gledhill Ave,,M4C,Single/Semi-detached House,19,Beaches-East York
4332648,STR-2206-FDSKVB,14 York St,4703,M5J,Condominium,10,Spadina-Fort York
4332649,STR-2206-HBFKVJ,19 Mulholland Ave,,M6A,Single/Semi-detached House,8,Eglinton-Lawrence
4332650,STR-2206-HJLKVK,199 The Westway,,M9R,Single/Semi-detached House,2,Etobicoke Centre
4332651,STR-2206-HRSKVL,14 York St,2909,M5J,Condominium,10,Spadina-Fort York
4332652,STR-2206-HYYKVM,3 Caines Ave,,M2M,Single/Semi-detached House,18,Willowdale
4332653,STR-2206-HZPXVM,38 Columbine Ave,,M4L,Single/Semi-detached House,19,Beaches-East York
4332654,STR-2206-GDSKVF,206 Drewry Ave,,M2M,Single/Semi-detached House,18,Willowdale
4332655,STR-2206-FXBXVD,369 Shaw St,,M6J,Single/Semi-detached House,11,University-Rosedale
4332656,STR-2206-GFHXVF,151 Dan Leckie Way,1039,M5V,Condominium,10,Spadina-Fort York
4332657,STR-2206-HDBXVJ,3 Concord Ave,,M6H,Townhouse/ Row House,9,Davenport
4332658,STR-2206-GFYKVF,12 York St,1802,M5J,Condominium,10,Spadina-Fort York
4332659,STR-2206-GPFKVG,70 Devondale Ave,,M2R,Single/Semi-detached House,18,Willowdale
4332660,STR-2206-HVVXVL,219 Finch Ave E,,M2N,Duplex/Triplex/Fourplex,18,Willowdale
4332661,STR-2206-FSHXVC,4 Moorefield Dr,,M1C,Single/Semi-detached House,25,Scarborough-Rouge Park
4332662,STR-2206-HXBXVL,112 George St,706,M5A,Condominium,13,Toronto Centre
4332663,STR-2206-FSYKVC,55 Glen Everest Rd,,M1N,Single/Semi-detached House,20,Scarborough Southwest
4332664,STR-2206-GJLKVF,30 Baseball Pl,927,M4M,Condominium,14,Toronto-Danforth
4332665,STR-2206-JFYKVM,12 St Dennis Dr,215,M3C,Apartment,16,Don Valley East
4332666,STR-2206-FTPXVC,23 Old Mill Ter,,M8X,Single/Semi-detached House,3,Etobicoke-Lakeshore
4332667,STR-2206-GSHXVG,1 Crewe Ave,,M4C,Single/Semi-detached House,19,Beaches-East York
4332668,STR-2206-GZPXVH,39 Barksdale Ave,,M3H,Single/Semi-detached House,6,York Centre
4332669,STR-2206-HRBXVK,176 Indian Grv,2,M6P,Duplex/Triplex/Fourplex,4,Parkdale-High Park
4332670,STR-2206-HRTRVL,231 Fort York Blvd,2509,M5V,Condominium,10,Spadina-Fort York
4332671,STR-2206-HYZRVM,220 Rosemount Ave,,M6H,Single/Semi-detached House,9,Davenport
4332672,STR-2206-FFKDVB,155 Yorkville Ave,3017,M5R,Condominium,11,University-Rosedale
4332673,STR-2206-FMRDVC,266 Dovercourt Rd,Main/Lower,M6J,Duplex/Triplex/Fourplex,9,Davenport
4332674,STR-2206-GLKDVG,14 York St,3310,M5J,Condominium,10,Spadina-Fort York
4332675,STR-2206-HSKDVL,562 Ontario St,,M4X,Townhouse/ Row House,13,Toronto Centre
4332676,STR-2206-GLZRVG,107 Prescott Ave,,M6N,Single/Semi-detached House,9,Davenport
4332677,STR-2206-GVGRVH,209 Fort York Blvd,381,M5V,Condominium,10,Spadina-Fort York
4332678,STR-2206-FGRDVB,80 Orchid Place Dr,202,M1B,Condominium,23,Scarborough North
4332679,STR-2206-HLKDVK,292 Gladstone Ave,,M6J,Single/Semi-detached House,9,Davenport
4332680,STR-2206-JBXDVM,361 Front St W,3012,M5V,Condominium,10,Spadina-Fort York
4332681,STR-2206-FHGRVB,33 Shore Breeze Dr,1204,M8V,Condominium,3,Etobicoke-Lakeshore
4332682,STR-2206-JCMRVM,20 John St,524,M5V,Condominium,10,Spadina-Fort York
4332683,STR-2206-FHXDVB,155 Yorkville Ave,813,M5R,Condominium,11,University-Rosedale
4332684,STR-2206-FRDDVC,268 Ashdale Ave,,M4L,Single/Semi-detached House,14,Toronto-Danforth
4332685,STR-2206-GPXDVG,53 Pearson Ave,,M6R,Single/Semi-detached House,4,Parkdale-High Park
4332686,STR-2206-HFKDVJ,65 Bremner Blvd,4105,M5J,Condominium,10,Spadina-Fort York
4332687,STR-2206-JDDDVM,215 Fort York Blvd,1411,M5V,Condominium,10,Spadina-Fort York
4332688,STR-2206-FYZRVD,105 George St,1013,M5A,Condominium,13,Toronto Centre
4332689,STR-2206-GHGRVF,238 River St,,M5A,Townhouse/ Row House,13,Toronto Centre
4332690,STR-2206-GXTRVH,292 Carlton St,,M5A,Single/Semi-detached House,13,Toronto Centre
4332691,STR-2206-HGRDVJ,65 Lillian St,617,M4S,Apartment,12,Toronto-St. Paul's
4332692,STR-2206-FKTRVB,337 Bain Ave,,M4J,Single/Semi-detached House,14,Toronto-Danforth
4332693,STR-2206-HHGRVJ,77 Howard St,2209,M4X,Apartment,13,Toronto Centre
4332694,STR-2206-HXTRVL,300 Front St W,1702,M5V,Condominium,10,Spadina-Fort York
4332695,STR-2206-JFZRVM,60 Pebblehill Sq,,M1S,Single/Semi-detached House,23,Scarborough North
4332696,STR-2206-FLKDVB,635 Ossington Ave,1,M6G,Duplex/Triplex/Fourplex,11,University-Rosedale
4332697,STR-2206-GZRDVH,664 Gladstone Ave,2,M6H,Single/Semi-detached House,9,Davenport
4332698,STR-2206-GCPXVF,118 Wheeler Ave,,M4L,Single/Semi-detached House,19,Beaches-East York
4332699,STR-2206-GKVXVG,14 York St,6201,M5J,Condominium,10,Spadina-Fort York
4332700,STR-2206-HBHXVJ,497 Northcliffe Blvd,,M6E,Single/Semi-detached House,12,Toronto-St. Paul's
4332701,STR-2206-HJPXVK,99 John St,3906,M5V,Condominium,10,Spadina-Fort York
4332702,STR-2206-HRVXVL,30 Westwood Ave,,M4K,Single/Semi-detached House,14,Toronto-Danforth
4332703,STR-2206-FFLKVB,200 Victoria St,1407,M5B,Condominium,13,Toronto Centre
4332704,STR-2206-GLLKVG,151 Dan Leckie Way,1058,M5V,Condominium,10,Spadina-Fort York
4332705,STR-2206-GVHXVH,48 Fulwell Cres,,M3J,Single/Semi-detached House,7,Humber River-Black Creek
4332706,STR-2206-HCPXVJ,55 Wilkes Cres,Upper,M1L,Townhouse/ Row House,20,Scarborough Southwest
4332707,STR-2206-FGSKVB,55 Bremner Blvd,3407,M5J,Condominium,10,Spadina-Fort York
4332708,STR-2206-JBYKVM,83 Glen Watford Dr,,M1S,Single/Semi-detached House,23,Scarborough North
4332709,STR-2206-FHHXVB,365 Murray Ross Pkwy,17,M3J,Townhouse/ Row House,7,Humber River-Black Creek
4332710,STR-2206-GWPXVH,413 Cook Rd,,M3J,Single/Semi-detached House,7,Humber River-Black Creek
4332711,STR-2206-JCPXVM,14 York St,312,M5J,Condominium,10,Spadina-Fort York
4332712,STR-2206-FHYKVB,832 Bay St,5010,M5S,Condominium,11,University-Rosedale
4332713,STR-2206-FRFKVC,21 Iceboat Ter,3101,M5V,Condominium,10,Spadina-Fort York
4332714,STR-2206-GPYKVG,494 Northcliffe Blvd,BSMT,M6E,Single/Semi-detached House,12,Toronto-St. Paul's
4332715,STR-2206-HMSKVK,270 Beatrice St,3,M6G,Apartment,11,University-Rosedale
4332716,STR-2206-GQPXVG,41 Wild Rose Gdns,Main,M6L,Single/Semi-detached House,5,York South-Weston
4332717,STR-2206-GXVXVH,12 York St,4908,M5J,Condominium,10,Spadina-Fort York
4332718,STR-2206-HWPXVL,157 Rosewell Ave,,M4R,Single/Semi-detached House,8,Eglinton-Lawrence
4332719,STR-2206-JDVXVM,56 Ford St,,M6N,Single/Semi-detached House,9,Davenport
4332720,STR-2206-FSLKVC,151 Avenue Rd,604,M5R,Condominium,11,University-Rosedale
4332721,STR-2206-GHYKVF,8 Charlotte St,1104,M5V,Condominium,10,Spadina-Fort York
4332722,STR-2206-GYLKVH,255 Snowdon Ave,,M4N,Single/Semi-detached House,15,Don Valley West
4332723,STR-2206-FKVXVB,32 Glenora Ave,,M6C,Single/Semi-detached House,12,Toronto-St. Paul's
4332724,STR-2206-FTBXVC,105 Dewhurst Blvd,,M4J,Single/Semi-detached House,14,Toronto-Danforth
4332725,STR-2206-GZSKVH,492 Shaw St,,M6G,Townhouse/ Row House,11,University-Rosedale
4332726,STR-2206-HHYKVJ,21 Hilldale Rd,,M6N,Single/Semi-detached House,5,York South-Weston
4332727,STR-2206-HZDDVM,466 Pape Ave,B,M4K,Duplex/Triplex/Fourplex,14,Toronto-Danforth
4332728,STR-2206-HBZRVJ,155 Yorkville Ave,1806,M5R,Condominium,11,University-Rosedale
4332729,STR-2206-GGDDVF,320 Euclid Ave,Main,M6J,Duplex/Triplex/Fourplex,11,University-Rosedale
4332730,STR-2206-GPKDVG,351 Manning Ave,1,M6J,Duplex/Triplex/Fourplex,11,University-Rosedale
4332731,STR-2206-HVKDVL,757 Queen St E,,M4M,Apartment,14,Toronto-Danforth
4332732,STR-2206-JCRDVM,1158 College St,2,M6H,Duplex/Triplex/Fourplex,9,Davenport
4332733,STR-2206-FHZRVB,22 Wuthering Heights Rd,,M1C,Townhouse/ Row House,25,Scarborough-Rouge Park
4332734,STR-2206-FRGRVC,2 Anndale Dr,2901,M2N,Condominium,18,Willowdale
4332735,STR-2206-HVZRVL,19 Markham St,2,M6J,Duplex/Triplex/Fourplex,10,Spadina-Fort York
4332736,STR-2206-FZDDVD,73 Gormley Ave,,M4V,Single/Semi-detached House,12,Toronto-St. Paul's
4332737,STR-2206-GXXDVH,15 Nora Rd,,M9A,Single/Semi-detached House,3,Etobicoke-Lakeshore
4332738,STR-2206-FKGRVB,300 Front St W,1014,M5V,Condominium,10,Spadina-Fort York
4332739,STR-2206-GRGRVG,90 Garthdale Crt,,M3H,Single/Semi-detached House,6,York Centre
4332740,STR-2206-GYMRVH,211 Nairn Ave,BSMT,M6E,Single/Semi-detached House,9,Davenport
4332741,STR-2206-GQSKVG,452 Lansdowne Ave,,M6H,Single/Semi-detached House,9,Davenport
4332742,STR-2206-FLMRVB,8 Mc Gee St,,M4M,Townhouse/ Row House,14,Toronto-Danforth
4332743,STR-2206-GBZRVD,61 Dane Ave,,M6A,Single/Semi-detached House,8,Eglinton-Lawrence
4332744,STR-2206-GSMRVG,24 Wyndham St,,M6K,Single/Semi-detached House,9,Davenport
4332745,STR-2206-GZTRVH,140 Simcoe St,1209,M5H,Condominium,10,Spadina-Fort York
4332746,STR-2206-FDYKVB,19 Bournville Dr,,M1E,Single/Semi-detached House,24,Scarborough-Guildwood
4332747,STR-2206-GCSKVF,23 Kilbarry Rd,,M5P,Single/Semi-detached House,12,Toronto-St. Paul's
4332748,STR-2206-HJSKVK,270 Wellington St W,415,M5V,Condominium,10,Spadina-Fort York
4332749,STR-2206-FMVXVC,241 Emerson Ave,,M6H,Single/Semi-detached House,9,Davenport
4332750,STR-2206-HCBXVJ,501 Markham St,5,M6G,Duplex/Triplex/Fourplex,11,University-Rosedale
4332751,STR-2206-HZVXVM,45 Gillespie Ave,1,M6N,Duplex/Triplex/Fourplex,9,Davenport
4332752,STR-2206-FWSKVD,786 Crawford St,100,M6G,Duplex/Triplex/Fourplex,11,University-Rosedale
4332753,STR-2206-GMFKVG,56 Marchmount Rd,Upper,M6G,Single/Semi-detached House,12,Toronto-St. Paul's
4332754,STR-2206-HCSKVJ,832 Bay St,4306,M5S,Condominium,11,University-Rosedale
4332755,STR-2206-FQBXVC,80 Western Battery Rd,2308,M6K,Condominium,10,Spadina-Fort York
4332756,STR-2206-GMVXVG,86 Watson St,,M1C,Single/Semi-detached House,25,Scarborough-Rouge Park
4332757,STR-2206-FQSKVC,1007 Ossington Ave,,M6G,Single/Semi-detached House,11,University-Rosedale
4332758,STR-2206-GGFKVF,60 Teignmouth Ave,,M6E,Single/Semi-detached House,9,Davenport
4332759,STR-2206-GPLKVG,116 George St,N305,M5A,Condominium,13,Toronto Centre
4332760,STR-2206-GWSKVH,114 Robina Ave,,M6C,Townhouse/ Row House,9,Davenport
4332761,STR-2206-HMFKVK,7 Lukow Ter,Upper,M6R,Single/Semi-detached House,4,Parkdale-High Park
4332762,STR-2206-FYPXVD,955 Bay St,3506,M5S,Condominium,13,Toronto Centre
4332763,STR-2206-GQBXVG,54 Hamilton St,,M4M,Townhouse/ Row House,14,Toronto-Danforth
4332764,STR-2206-GXYKVH,151 Dan Leckie Way,341,M5V,Condominium,10,Spadina-Fort York
4332765,STR-2206-HGFKVJ,46 Clydesdale Dr,,M2J,Single/Semi-detached House,17,Don Valley North
4332766,STR-2206-HWSKVL,58 Cuffley Cres S,,M3K,Single/Semi-detached House,6,York Centre
4332767,STR-2206-FKHXVB,47 Katie Crt,Main,M6L,Single/Semi-detached House,5,York South-Weston
4332768,STR-2206-GJBXVF,267 Christie St,,M6G,Single/Semi-detached House,11,University-Rosedale
4332769,STR-2206-FTFKVC,361 Front St W,1502,M5V,Condominium,10,Spadina-Fort York
4332770,STR-2206-HXYKVL,350 Queens Quay W,1906,M5V,Apartment,10,Spadina-Fort York
4332771,STR-2206-GKHXVF,155 Legion Rd N,2712,M8Y,Condominium,3,Etobicoke-Lakeshore
4332772,STR-2206-HRHXVK,869 Coxwell Ave,,M4C,Single/Semi-detached House,19,Beaches-East York
4332773,STR-2206-FDZRVB,27 Ray Ave,,M6M,Duplex/Triplex/Fourplex,5,York South-Weston
4332774,STR-2206-GTGRVH,65 Turntable Cres,92,M6H,Townhouse/ Row House,9,Davenport
4332775,STR-2207-GTXDVH,14 York St,710,M5J,Condominium,10,Spadina-Fort York
4332776,STR-2207-HSRDVL,26 Fieldway Rd,42,M8Z,Condominium,3,Etobicoke-Lakeshore
4332777,STR-2207-GMGRVG,224 Hallam St,Main Floor,M6H,Duplex/Triplex/Fourplex,9,Davenport
4332778,STR-2207-HKZRVK,89 Dunfield Ave,504,M4S,Condominium,12,Toronto-St. Paul's
4332779,STR-2207-JBMRVM,36 St Paul St,,M5A,Single/Semi-detached House,13,Toronto Centre
4332780,STR-2207-FXKDVD,6 May Apple Ter,,M1E,Single/Semi-detached House,25,Scarborough-Rouge Park
4332781,STR-2207-HDKDVJ,192 Pacific Ave,,M6P,Single/Semi-detached House,4,Parkdale-High Park
4332782,STR-2207-JCDDVM,723 Cosburn Ave,Main,M4C,Single/Semi-detached House,19,Beaches-East York
4332783,STR-2207-FQTRVC,85 Porchester Dr,,M1J,Single/Semi-detached House,24,Scarborough-Guildwood
4332784,STR-2207-GPMRVG,151 Dan Leckie Way,205,M5V,Condominium,10,Spadina-Fort York
4332785,STR-2207-HMGRVK,78 Carr St,22,M5T,Condominium,10,Spadina-Fort York
4332786,STR-2207-HVMRVL,43 Meighen Ave,,M4B,Single/Semi-detached House,19,Beaches-East York
4332787,STR-2207-GGXDVF,24 Erindale Ave,,M4K,Single/Semi-detached House,14,Toronto-Danforth
4332788,STR-2207-HWDDVL,310 Robert St,,M5S,Single/Semi-detached House,11,University-Rosedale
4332789,STR-2207-FJTRVB,133 Port Royal Trl,,M1V,Single/Semi-detached House,23,Scarborough North
4332790,STR-2207-GQTRVG,251 Murray Ross Pkwy,,M3J,Single/Semi-detached House,7,Humber River-Black Creek
4332791,STR-2207-HPMRVK,12 Esgore Dr,,M5M,Single/Semi-detached House,8,Eglinton-Lawrence
4332792,STR-2207-JDZRVM,10 Park Lawn Rd,2506,M8V,Condominium,3,Etobicoke-Lakeshore
4332793,STR-2207-FSRDVC,2798 Eglinton Ave E,8,M1J,Townhouse/ Row House,21,Scarborough Centre
4332794,STR-2207-HQDDVK,151 Dan Leckie Way,756,M5V,Condominium,10,Spadina-Fort York
4332795,STR-2207-HXKDVL,54 Duncannon Dr,,M5P,Single/Semi-detached House,12,Toronto-St. Paul's
4332796,STR-2207-GTHXVH,140 Simcoe St,1003,M5H,Condominium,10,Spadina-Fort York
4332797,STR-2207-FTXDVC,300 Front St W,1602,M5V,Condominium,10,Spadina-Fort York
4332798,STR-2207-GCDDVD,288 Margueretta St,,M6H,Single/Semi-detached House,9,Davenport
4332799,STR-2207-HYRDVL,47 Bonnydon Cres,,M1B,Single/Semi-detached House,25,Scarborough-Rouge Park
4332800,STR-2207-GLSKVG,37 Ashburnham Rd,,M6H,Single/Semi-detached House,9,Davenport
4332801,STR-2207-FWVXVD,1824 Gerrard St E,,M4L,Single/Semi-detached House,19,Beaches-East York
4332802,STR-2207-GVPXVH,114 Denton Ave,,M1L,Single/Semi-detached House,20,Scarborough Southwest
4332803,STR-2207-FXLKVD,12 York St,2302,M5J,Condominium,10,Spadina-Fort York
4332804,STR-2207-GFSKVF,66 Lanark Ave,,M6E,Townhouse/ Row House,12,Toronto-St. Paul's
4332805,STR-2207-HDLKVJ,99 Westhumber Blvd,Lower,M9W,Duplex/Triplex/Fourplex,1,Etobicoke North
4332806,STR-2207-HTYKVL,26 Carus Ave,,M6G,Single/Semi-detached House,12,Toronto-St. Paul's
4332807,STR-2207-JCFKVM,50 West Ave,Basement,M4M,Single/Semi-detached House,14,Toronto-Danforth
4332808,STR-2207-FHPXVB,215 Fort York Blvd,3203,M5V,Condominium,10,Spadina-Fort York
4332809,STR-2207-FQVXVC,30 Breadner Dr,,M9R,Single/Semi-detached House,2,Etobicoke Centre
4332810,STR-2207-GGHXVF,24 Glenavy Ave,,M4P,Single/Semi-detached House,15,Don Valley West
4332811,STR-2207-HVPXVL,16 Lightbourn Ave,,M6H,Townhouse/ Row House,9,Davenport
4332812,STR-2207-JCVXVM,617 Wellington St W,,M5V,Townhouse/ Row House,10,Spadina-Fort York
4332813,STR-2207-FJFKVB,579A Kennedy Rd,,M1K,Duplex/Triplex/Fourplex,20,Scarborough Southwest
4332814,STR-2207-HFSKVJ,1 Shaw St,1029,M6K,Apartment,10,Spadina-Fort York
4332815,STR-2207-HMYKVK,560 Front St W,606,M5V,Condominium,10,Spadina-Fort York
4332816,STR-2207-HWVXVL,30 Western Battery Rd,329,M6K,Condominium,10,Spadina-Fort York
4332817,STR-2207-FSSKVC,62 Bellwoods Ave,,M6J,Single/Semi-detached House,10,Spadina-Fort York
4332818,STR-2207-FZYKVD,210 Victoria St,4008,M5B,Condominium,13,Toronto Centre
4332819,STR-2207-HQFKVK,41 Winter Ave,,M1K,Single/Semi-detached House,20,Scarborough Southwest
4332820,STR-2207-GBPXVD,26 Glacier Cres,,M1X,Single/Semi-detached House,23,Scarborough North
4332821,STR-2207-GZHXVH,151 Dan Leckie Way,608,M5V,Condominium,10,Spadina-Fort York
4332822,STR-2207-HQVXVK,30 Nelson St,1409,M5V,Condominium,10,Spadina-Fort York
4332823,STR-2207-FLSKVB,175 Lisgar St,,M6J,Single/Semi-detached House,9,Davenport
4332824,STR-2207-GCFKVD,300 Front St W,4002,M5V,Condominium,10,Spadina-Fort York
4332825,STR-2207-GKLKVF,4 Bryant Ave,,M4C,Single/Semi-detached House,19,Beaches-East York
4332826,STR-2207-GZYKVH,915 King St W,303,M6K,Apartment,10,Spadina-Fort York
4332827,STR-2207-HJFKVJ,573 Conacher Dr,,M2M,Single/Semi-detached House,18,Willowdale
4332828,STR-2207-HRLKVK,209 Fort York Blvd,579,M5V,Condominium,10,Spadina-Fort York
4332829,STR-2207-FFDDVB,14 York St,512,M5J,Condominium,10,Spadina-Fort York
4332830,STR-2207-FVRDVD,14 York St,908,M5J,Condominium,10,Spadina-Fort York
4332831,STR-2207-HZKDVM,50 Gillespie Ave,,M6N,Single/Semi-detached House,9,Davenport
4332832,STR-2207-FFTRVB,16 True Davidson Dr,,M4W,Single/Semi-detached House,11,University-Rosedale
4332833,STR-2207-GDMRVF,743 Manning Ave,,M6G,Single/Semi-detached House,11,University-Rosedale
4332834,STR-2207-HCGRVJ,168 Simcoe St,508,M5H,Condominium,10,Spadina-Fort York
4332835,STR-2207-HSTRVL,107 Rainier Sq,,M1T,Single/Semi-detached House,22,Scarborough-Agincourt
4332836,STR-2207-FGZRVB,56 Blandford St,,M6E,Single/Semi-detached House,12,Toronto-St. Paul's
4332837,STR-2207-FYTRVD,88 Harbord St,Upper,M5S,Apartment,11,University-Rosedale
4332838,STR-2207-FXMRVD,408 Brown's Line,206,M8W,Condominium,3,Etobicoke-Lakeshore
4332839,STR-2207-GWGRVH,35 Beatrice St,,M6J,Single/Semi-detached House,11,University-Rosedale
4332840,STR-2207-HLTRVK,200 Bogert Ave,Upper,M2N,Single/Semi-detached House,18,Willowdale
4332841,STR-2207-GGZRVF,154 Symington Ave,Basement,M6P,Single/Semi-detached House,9,Davenport
4332842,STR-2207-HMZRVK,14 York St,1605,M5J,Condominium,10,Spadina-Fort York
4332843,STR-2207-GYDDVH,73 Ellerbeck St,,M4K,Single/Semi-detached House,14,Toronto-Danforth
4332844,STR-2207-HGKDVJ,188 Cumberland St,1402,M5R,Condominium,11,University-Rosedale
4332845,STR-2207-FSTRVC,12 Hearthstone Cres,,M2R,Single/Semi-detached House,6,York Centre
4332846,STR-2207-GYTRVH,132 Ardwick Blvd,Main,M9M,Single/Semi-detached House,7,Humber River-Black Creek
4332847,STR-2207-GSDDVG,624 Shaw St,,M6G,Single/Semi-detached House,11,University-Rosedale
4332848,STR-2207-HHRDVJ,93 Springhurst Ave,,M6K,Single/Semi-detached House,4,Parkdale-High Park
4332849,STR-2207-HYDDVL,955 Bay St,2001,M5S,Condominium,13,Toronto Centre
4332850,STR-2207-FDQBHB,155 Yorkville Ave,1418,M5R,Condominium,11,University-Rosedale
4332851,STR-2207-GKQBHG,59 Ossington Ave,2,M6J,Apartment,10,Spadina-Fort York
4332852,STR-2207-GSWBHH,300 Front St W,2108,M5V,Apartment,10,Spadina-Fort York
4332853,STR-2207-FFFPHB,1384 Queen St W,1,M6K,Apartment,4,Parkdale-High Park
4332854,STR-2207-GCYPHF,838 Sammon Ave,,M4C,Single/Semi-detached House,19,Beaches-East York
4332855,STR-2207-GTLPHH,28 Lippincott St,Main,M5T,Townhouse/ Row House,11,University-Rosedale
4332856,STR-2207-HBSPHJ,39 Sherbourne St,903,M5A,Condominium,13,Toronto Centre
4332857,STR-2207-FFWBHB,830 Dundas St W,2nd Floor,M6J,Apartment,11,University-Rosedale
4332858,STR-2207-FPCBHC,300 Front St W,803,M5V,Apartment,10,Spadina-Fort York
4332859,STR-2207-GLWBHG,11 Livingstone Ave,,M6E,Single/Semi-detached House,8,Eglinton-Lawrence
4332860,STR-2207-GFFPHF,37 Firgrove Cres,20,M3N,Townhouse/ Row House,7,Humber River-Black Creek
4332861,STR-2207-JCJBHM,10 Capreol Crt,1009,M5V,Condominium,10,Spadina-Fort York
4332862,STR-2207-FHSPHB,108 Hertle Ave,,M4L,Single/Semi-detached House,14,Toronto-Danforth
4332863,STR-2207-FQYPHC,300 Front St W,4801,M5V,Condominium,10,Spadina-Fort York
4332864,STR-2207-FYFPHD,10 Walmer Rd,303,M5R,Apartment,11,University-Rosedale
4332865,STR-2207-GWYPHH,80 Western Battery Rd,1013,M6K,Condominium,10,Spadina-Fort York
4332866,STR-2207-HMLPHK,68 Carr St,16,M5T,Townhouse/ Row House,10,Spadina-Fort York
4332867,STR-2207-HFWBHJ,120 Lisgar St,Upper,M6J,Townhouse/ Row House,9,Davenport
4332868,STR-2207-HPCBHK,8 Gladstone Ave,705,M6J,Condominium,9,Davenport
4332869,STR-2207-FJYPHB,12 Norwin St,,M2M,Single/Semi-detached House,18,Willowdale
4332870,STR-2207-HPSPHK,667 Eglinton Ave E,,M4G,Single/Semi-detached House,15,Don Valley West
4332871,STR-2207-HWYPHL,20 Shore Breeze Dr,223,M8V,Condominium,3,Etobicoke-Lakeshore
4332872,STR-2207-GBCBHD,30 Berkindale Dr,,M2L,Single/Semi-detached House,15,Don Valley West
4332873,STR-2207-HHCBHJ,588 Yonge St,3,M4Y,Apartment,13,Toronto Centre
4332874,STR-2207-FLFPHB,164 Alton Ave,,M4L,Single/Semi-detached House,14,Toronto-Danforth
4332875,STR-2207-JGLPHM,14 York St,5906,M5J,Condominium,10,Spadina-Fort York
4332876,STR-2207-FDRHHB,101 Reiner Rd,,M3H,Single/Semi-detached House,6,York Centre
4332877,STR-2207-FLXHHC,70 Borden St,,M5S,Townhouse/ Row House,11,University-Rosedale
4332878,STR-2207-HJKHHK,433 Roxton Rd,2,M6G,Single/Semi-detached House,11,University-Rosedale
4332879,STR-2207-GCZVHF,39 Lankin Blvd,,M4J,Single/Semi-detached House,14,Toronto-Danforth
4332880,STR-2207-GLGVHG,12 York St,3307,M5J,Condominium,10,Spadina-Fort York
4332881,STR-2207-GLXHHG,3091 Dufferin St,828,M6A,Condominium,8,Eglinton-Lawrence
4332882,STR-2207-FPTVHC,210 Victoria St,3013,M5B,Condominium,13,Toronto Centre
4332883,STR-2207-HTMVHL,161 Euclid Ave,,M6J,Single/Semi-detached House,10,Spadina-Fort York
4332884,STR-2207-HDRHHJ,955 Bay St,3806,M5S,Condominium,13,Toronto Centre
4332885,STR-2207-HLXHHK,389 Lansdowne Ave,,M6H,Single/Semi-detached House,9,Davenport
4332886,STR-2207-HMMVHK,219 Fort York Blvd,1804,M5V,Condominium,10,Spadina-Fort York
4332887,STR-2207-HFXHHJ,51 Jefferson Ave,102,M6K,Apartment,10,Spadina-Fort York
4332888,STR-2207-FJZVHB,204 Bogert Ave,,M2N,Single/Semi-detached House,18,Willowdale
4332889,STR-2207-HWZVHL,301 Dudley Ave,,M2N,Single/Semi-detached House,18,Willowdale
4332890,STR-2207-JFGVHM,10 Macey Ave,809,M1L,Apartment,20,Scarborough Southwest
4332891,STR-2207-GBDHHD,10 Park Lawn Rd,3309,M8V,Condominium,3,Etobicoke-Lakeshore
4332892,STR-2207-GRRHHG,25 Stafford St,408,M5V,Condominium,10,Spadina-Fort York
4332893,STR-2208-GDDHHF,25 Lappin Ave,,M6H,Single/Semi-detached House,9,Davenport
4332894,STR-2207-FTMVHC,85 Penmarric Pl,,M1V,Single/Semi-detached House,23,Scarborough North
4332895,STR-2207-GZMVHH,9 Henderson Ave,,M6J,Single/Semi-detached House,11,University-Rosedale
4332896,STR-2207-HHTVHJ,266 Gowan Ave,,M4J,Single/Semi-detached House,14,Toronto-Danforth
4332897,STR-2207-HQZVHK,1531 Islington Ave,,M9A,Single/Semi-detached House,2,Etobicoke Centre
4332898,STR-2207-FLYPHC,352 Front St W,814,M5V,Condominium,10,Spadina-Fort York
4332899,STR-2207-GKSPHG,209 Fort York Blvd,957,M5V,Condominium,10,Spadina-Fort York
4332900,STR-2207-HBFPHJ,109A Robinson Ave,,M1L,Single/Semi-detached House,20,Scarborough Southwest
4332901,STR-2207-HJLPHK,305 St George St,Upper,M5R,Single/Semi-detached House,11,University-Rosedale
4332902,STR-2207-FMQBHC,56 Houston Cres,,M2J,Single/Semi-detached House,17,Don Valley North
4332903,STR-2207-HBWBHJ,93 Ashbourne Dr,,M9B,Single/Semi-detached House,2,Etobicoke Centre
4332904,STR-2207-GVFPHH,65 Bremner Blvd,4507,M5J,Condominium,10,Spadina-Fort York
4332905,STR-2207-JBFPHM,252 Royal York Rd,211,M8V,Townhouse/ Row House,3,Etobicoke-Lakeshore
4332906,STR-2207-HLJBHK,106 Mountview Ave,BSMT,M6P,Single/Semi-detached House,4,Parkdale-High Park
4332907,STR-2207-JCLPHM,300 Front St W,310,M5V,Condominium,10,Spadina-Fort York
4332908,STR-2207-GPWBHG,536 Bathurst St,Upper,M5S,Duplex/Triplex/Fourplex,11,University-Rosedale
4332909,STR-2207-GHFPHF,29 Esther Lorrie Dr,,M9W,Single/Semi-detached House,1,Etobicoke North
4332910,STR-2208-HPWBHK,87 Peter St,3710,M5V,Condominium,10,Spadina-Fort York
4332911,STR-2208-GJLPHF,84 Edith Dr,Main Unit,M4R,Single/Semi-detached House,8,Eglinton-Lawrence
4332912,STR-2208-GYYPHH,725 Dupont St,Main,M6G,Single/Semi-detached House,11,University-Rosedale
4332913,STR-2208-FLJBHB,300 Front St W,407,M5V,Condominium,10,Spadina-Fort York
4332914,STR-2208-GSZVHH,397 Front St W,2712,M5V,Condominium,10,Spadina-Fort York
4332915,STR-2208-HBGVHJ,443 St Clarens Ave,,M6H,Single/Semi-detached House,9,Davenport
4332916,STR-2208-HBXHHJ,103 Palmerston Ave,,M6J,Single/Semi-detached House,10,Spadina-Fort York
4332917,STR-2208-HKDHHK,489 Ontario St,,M4X,Single/Semi-detached House,13,Toronto Centre
4332918,STR-2208-HSKHHL,858 Danforth Rd,,M1K,Single/Semi-detached House,20,Scarborough Southwest
4332919,STR-2208-FFZVHB,51 Morewood Cres,,M2K,Single/Semi-detached House,17,Don Valley North
4332920,STR-2208-GLZVHG,61 St Georges Blvd,,M9R,Single/Semi-detached House,1,Etobicoke North
4332921,STR-2208-GVGVHH,21 Iceboat Ter,1709,M5V,Condominium,10,Spadina-Fort York
4332922,STR-2208-HKTVHK,257 Perth Ave,Upper,M6P,Single/Semi-detached House,9,Davenport
4332923,STR-2208-HSZVHL,21 Iceboat Ter,2815,M5V,Condominium,10,Spadina-Fort York
4332924,STR-2208-JBXHHM,53 Lilian Dr,,M1R,Single/Semi-detached House,21,Scarborough Centre
4332925,STR-2208-FQMVHC,151 Chaplin Cres,,M5P,Single/Semi-detached House,12,Toronto-St. Paul's
4332926,STR-2208-GPGVHG,325 Carlton St,,M5A,Single/Semi-detached House,13,Toronto Centre
4332927,STR-2208-HDTVHJ,33 Iceboat Ter,G19,M5V,Condominium,10,Spadina-Fort York
4332928,STR-2208-GPXHHG,94 Geoffrey St,,M6R,Single/Semi-detached House,4,Parkdale-High Park
4332929,STR-2208-HPGVHK,155 Yorkville Ave,2716,M5R,Condominium,11,University-Rosedale
4332930,STR-2208-JDTVHM,29 Clissold Rd,Unit B,M8Z,Single/Semi-detached House,3,Etobicoke-Lakeshore
4332931,STR-2208-FZRHHD,497 Warden Ave,,M1L,Single/Semi-detached House,20,Scarborough Southwest
4332932,STR-2208-GYKHHH,238 Horsham Ave,,M2N,Single/Semi-detached House,18,Willowdale
4332933,STR-2208-GBGVHD,879 St Clair Ave W,Unit 1,M6C,Apartment,9,Davenport
4332934,STR-2208-GYZVHH,24 Coe Hill Dr,,M6S,Single/Semi-detached House,4,Parkdale-High Park
4332935,STR-2208-FLKHHB,160 Margueretta St,Upstairs,M6H,Single/Semi-detached House,9,Davenport
4332936,STR-2208-HBJBHJ,116 Seventh St,,M8V,Single/Semi-detached House,3,Etobicoke-Lakeshore
4332937,STR-2208-HRWBHL,1109 Ossington Ave,,M6G,Single/Semi-detached House,12,Toronto-St. Paul's
4332938,STR-2208-HKFPHK,172 Old Sheppard Ave,,M2J,Single/Semi-detached House,17,Don Valley North
4332939,STR-2208-FZCBHD,478 Bloor St W,1,M5S,Apartment,11,University-Rosedale
4332940,STR-2208-GMCBHG,636 Evans Ave,2,M8W,Single/Semi-detached House,3,Etobicoke-Lakeshore
4332941,STR-2208-HTCBHL,56 Peterborough Ave,,M6H,Single/Semi-detached House,9,Davenport
4332942,STR-2208-JBJBHM,172 Alfred Ave,,M2N,Single/Semi-detached House,18,Willowdale
4332943,STR-2208-HLLPHK,82 Lincoln Ave,,M6S,Single/Semi-detached House,4,Parkdale-High Park
4332944,STR-2208-HTSPHL,80 Dallimore Crcl,,M3C,Townhouse/ Row House,16,Don Valley East
4332945,STR-2208-FXWBHD,42 Melville Ave,,M6G,Single/Semi-detached House,11,University-Rosedale
4332946,STR-2208-HMCBHK,100B Seventeenth St,,M8V,Single/Semi-detached House,3,Etobicoke-Lakeshore
4332947,STR-2208-FYLPHD,43 Hillsboro Ave,3,M5R,Apartment,11,University-Rosedale
4332948,STR-2208-HVYPHL,3022 BAYVIEW AVE,,M2N,Single/Semi-detached House,18,Willowdale
4332949,STR-2208-GQQBHG,185 Torresdale Ave,,M2R,Single/Semi-detached House,6,York Centre
4332950,STR-2208-HPJBHK,8 Wellesley St E,7,M4Y,Condominium,13,Toronto Centre
4332951,STR-2208-HWQBHL,120 Homewood Ave,1108,M4Y,Condominium,13,Toronto Centre
4332952,STR-2208-JFLPHM,321 Sherbourne St,409,M5A,Apartment,13,Toronto Centre
4332953,STR-2208-JGCBHM,77 Maitland Pl,601,M4Y,Condominium,13,Toronto Centre
4332954,STR-2208-FTSPHC,110 Winnett Ave,,M6C,Single/Semi-detached House,12,Toronto-St. Paul's
4332955,STR-2208-GKFPHF,66 Rosemount Ave,,M9N,Single/Semi-detached House,5,York South-Weston
4332956,STR-2208-HHYPHJ,83 Mondeo Dr,121,M1P,Townhouse/ Row House,21,Scarborough Centre
4332957,STR-2208-GKXHHG,119 McGill St,Upper,M5B,Duplex/Triplex/Fourplex,13,Toronto Centre
4332958,STR-2208-FMTVHC,236 Lauder Ave,,M6E,Single/Semi-detached House,9,Davenport
4332959,STR-2208-FWRHHD,117 William Duncan Rd,,M3K,Townhouse/ Row House,6,York Centre
4332960,STR-2208-GFMVHF,300 Front St W,3404,M5V,Condominium,10,Spadina-Fort York
4332961,STR-2208-GMTVHG,30 Canerouth Dr,,M9C,Single/Semi-detached House,2,Etobicoke Centre
4332962,STR-2208-FHKHHB,426 Queen St E,206,M5A,Apartment,13,Toronto Centre
4332963,STR-2208-GWRHHH,21 Montrose Ave,Basement,M6J,Single/Semi-detached House,11,University-Rosedale
4332964,STR-2208-GGTVHF,280 Woburn Ave,,M5M,Single/Semi-detached House,8,Eglinton-Lawrence
4332965,STR-2208-HFMVHJ,481 Concord Ave,,M6H,Single/Semi-detached House,9,Davenport
4332966,STR-2208-FRXHHC,12 Glenavon Rd,1,M6K,Single/Semi-detached House,4,Parkdale-High Park
4332967,STR-2208-FZDHHD,24 Westbrook Ave,,M4C,Single/Semi-detached House,19,Beaches-East York
4332968,STR-2208-GHKHHF,48 Commonwealth Ave,,M1K,Single/Semi-detached House,20,Scarborough Southwest
4332969,STR-2208-FZTVHD,27 Dixon Rd,,M9P,Single/Semi-detached House,2,Etobicoke Centre
4332970,STR-2208-GRGVHG,11 Jacinta Dr,,M6L,Single/Semi-detached House,5,York South-Weston
4332971,STR-2208-HPZVHK,100 Dupont St,2,M5R,Townhouse/ Row House,11,University-Rosedale
4332972,STR-2208-JFMVHM,8 Ferndale Ave,,M4T,Single/Semi-detached House,12,Toronto-St. Paul's
4332973,STR-2208-HRGVHK,67 Frater Ave,,M4C,Single/Semi-detached House,19,Beaches-East York
4332974,STR-2208-JGTVHM,31 Lewis St,2,M4M,Single/Semi-detached House,14,Toronto-Danforth
4332975,STR-2208-GCSPHF,221 Sterling Rd,16,M6R,Apartment,9,Davenport
4332976,STR-2208-HBLPHJ,12 York St,2907,M5J,Condominium,10,Spadina-Fort York
4332977,STR-2208-HZFPHM,62 Marion St,Upper,M6R,Single/Semi-detached House,4,Parkdale-High Park
4332978,STR-2208-FWSPHD,21 Iceboat Ter,825,M5V,Condominium,10,Spadina-Fort York
4332979,STR-2208-GDYPHF,60 Thomas Mulholland Dr,3,M3K,Townhouse/ Row House,6,York Centre
4332980,STR-2208-FQCBHC,165 Legion Rd N,522,M8Y,Condominium,3,Etobicoke-Lakeshore
4332981,STR-2208-JCCBHM,208 North Carson St,2,M8W,Single/Semi-detached House,3,Etobicoke-Lakeshore
4332982,STR-2208-FHLPHB,118 Lisgar St,Upper Floor,M6J,Townhouse/ Row House,9,Davenport
4332983,STR-2208-FQSPHC,105 George St,1505,M5A,Condominium,13,Toronto Centre
4332984,STR-2208-FXYPHD,49 Westlake Cres,,M4C,Single/Semi-detached House,19,Beaches-East York
4332985,STR-2208-GGFPHF,122 Darlingside Dr,,M1E,Single/Semi-detached House,25,Scarborough-Rouge Park
4332986,STR-2208-GWSPHH,106 Berkeley St,,M5A,Townhouse/ Row House,13,Toronto Centre
4332987,STR-2208-HDYPHJ,39 Woodcrest Dr,,M9A,Single/Semi-detached House,2,Etobicoke Centre
4332988,STR-2208-JDJBHM,11 Fulford Pl,,M9R,Single/Semi-detached House,2,Etobicoke Centre
4332989,STR-2208-FKJBHB,78 William Durie Way,,M2R,Single/Semi-detached House,18,Willowdale
4332990,STR-2208-FSQBHC,80 Grandravine Dr,812,M3J,Condominium,7,Humber River-Black Creek
4332991,STR-2208-FZWBHD,568 Dovercourt Rd,,M6H,Single/Semi-detached House,9,Davenport
4332992,STR-2208-GRJBHG,6 Rolyat St,C,M6J,Single/Semi-detached House,10,Spadina-Fort York
4332993,STR-2208-JFQBHM,955 Bay St,3118,M5S,Condominium,13,Toronto Centre
4332994,STR-2208-HXYPHL,25 Turntable Cres,125,M6H,Townhouse/ Row House,9,Davenport
4332995,STR-2208-FLQBHB,68 Woodbine Ave,,M4L,Townhouse/ Row House,19,Beaches-East York
4332996,STR-2208-HYQBHL,317 Murray Ross Pkwy,,M3J,Single/Semi-detached House,7,Humber River-Black Creek
4332997,STR-2208-FMGVHC,2 Ollerton Rd,,M3J,Single/Semi-detached House,7,Humber River-Black Creek
4332998,STR-2208-FVMVHD,53 Adamede Cres,,M2H,Single/Semi-detached House,17,Don Valley North
4332999,STR-2208-GTGVHH,300 Front St W,4308,M5V,Condominium,10,Spadina-Fort York
4333000,STR-2208-FMXHHC,181 Cottonwood Dr,,M3C,Single/Semi-detached House,16,Don Valley East
4333001,STR-2208-GTXHHH,38 Weatherell St,,M6S,Single/Semi-detached House,4,Parkdale-High Park
4333002,STR-2208-HCDHHJ,300 Front St W,3810,M5V,Condominium,10,Spadina-Fort York
4333003,STR-2208-HSRHHL,16 Crowfoot Pl,,M1W,Single/Semi-detached House,22,Scarborough-Agincourt
4333004,STR-2208-GMGVHG,12 Geoffrey St,,M6R,Townhouse/ Row House,4,Parkdale-High Park
4333005,STR-2208-HCTVHJ,499 Palmerston Blvd,Upper,M6G,Single/Semi-detached House,11,University-Rosedale
4333006,STR-2208-HTGVHL,300 Front St W,2612,M5V,Condominium,10,Spadina-Fort York
4333007,STR-2208-FQDHHC,71 Haynes Ave,,M3J,Single/Semi-detached House,7,Humber River-Black Creek
4333008,STR-2208-FXKHHD,23 Pitt Ave,,M1L,Single/Semi-detached House,20,Scarborough Southwest
4333009,STR-2208-GMXHHG,19 Harlton Cres,,M6M,Single/Semi-detached House,5,York South-Weston
4333010,STR-2209-HTLRVL,7 Gwynne Ave,B,M6K,Townhouse/ Row House,4,Parkdale-High Park
4333011,STR-2208-FRKHHC,565 Sherbourne St,1911,M4X,Apartment,13,Toronto Centre
4333012,STR-2208-HFRHHJ,8 Wellesley St E,509,M4Y,Condominium,13,Toronto Centre
4333013,STR-2208-HGGVHJ,2191 Yonge St,906,M4S,Condominium,12,Toronto-St. Paul's
4333014,STR-2208-GJDHHF,98 Burbank Dr,,M2K,Single/Semi-detached House,17,Don Valley North
4333015,STR-2208-FKZVHB,31 Cloverhill Rd,,M8Y,Single/Semi-detached House,3,Etobicoke-Lakeshore
4333016,STR-2208-HHMVHJ,9 John Graham Crt,,M1B,Single/Semi-detached House,25,Scarborough-Rouge Park
4333017,STR-2208-HQTVHK,249 Harbord St,1,M6G,Duplex/Triplex/Fourplex,11,University-Rosedale
4333018,STR-2208-GZXHHH,86 Exford Dr,,M1P,Single/Semi-detached House,21,Scarborough Centre
4333019,STR-2208-HJDHHJ,14 Trenton Ter,,M6K,Townhouse/ Row House,4,Parkdale-High Park
4333020,STR-2208-HRKHHK,1201 Pharmacy Ave,,M1R,Single/Semi-detached House,21,Scarborough Centre
4333021,STR-2208-FMJBHC,270 Wellington St W,811,M5V,Condominium,10,Spadina-Fort York
4333022,STR-2208-GTJBHH,94 Snowhill Cres,,M1S,Single/Semi-detached House,23,Scarborough North
4333023,STR-2208-HJWBHK,560 Ontario St,,M4X,Townhouse/ Row House,13,Toronto Centre
4333024,STR-2208-FWWBHD,208 Queens Quay W,808,M5J,Condominium,10,Spadina-Fort York
4333025,STR-2209-HTJBHL,298 Huntsmill Blvd,,M1W,Single/Semi-detached House,22,Scarborough-Agincourt
4333026,STR-2209-HLSPHK,101 McGill St,4,M5B,Townhouse/ Row House,13,Toronto Centre
4333027,STR-2209-FYCBHD,33 Avon Ave,,M6N,Single/Semi-detached House,5,York South-Weston
4333028,STR-2209-GGJBHF,1 Conan Rd,,M9W,Single/Semi-detached House,1,Etobicoke North
4333029,STR-2209-HMJBHK,34 Rushbrooke Ave,,M4M,Single/Semi-detached House,14,Toronto-Danforth
4333030,STR-2209-JCWBHM,14 York St,3207,M5J,Condominium,10,Spadina-Fort York
4333031,STR-2209-GGYPHF,155 Yorkville Ave,1016,M5R,Condominium,11,University-Rosedale
4333032,STR-2209-GXLPHH,60 Churchill Ave,2,M6J,Duplex/Triplex/Fourplex,9,Davenport
4333033,STR-2209-FJWBHB,1 Frater Ave,,M4C,Single/Semi-detached House,19,Beaches-East York
4333034,STR-2209-HPQBHK,867 Wilson Ave,2A,M3K,Townhouse/ Row House,6,York Centre
4333035,STR-2209-GJFPHF,64 Elderwood Dr,2,M5P,Duplex/Triplex/Fourplex,12,Toronto-St. Paul's
4333036,STR-2209-HXLPHL,227 Spadina Rd,2nd Floor,M5R,Duplex/Triplex/Fourplex,11,University-Rosedale
4333037,STR-2209-HQWBHK,209 Fort York Blvd,173,M5V,Condominium,10,Spadina-Fort York
4333038,STR-2209-FLSPHB,879 Cosburn Ave,,M4C,Single/Semi-detached House,19,Beaches-East York
4333039,STR-2209-HBRHHJ,84 Watson St,Basement,M1C,Single/Semi-detached House,25,Scarborough-Rouge Park
4333040,STR-2209-FWGVHD,20 Snowy Owl Way,,M1X,Single/Semi-detached House,23,Scarborough North
4333041,STR-2209-GTZVHH,649 Manning Ave,,M6G,Single/Semi-detached House,11,University-Rosedale
4333042,STR-2209-HZZVHM,55 Bremner Blvd,4501,M5J,Condominium,10,Spadina-Fort York
4333043,STR-2209-HTKHHL,208 Queens Quay W,3005,M5J,Condominium,10,Spadina-Fort York
4333044,STR-2209-FXMVHD,3 Edilou Dr,,M8W,Single/Semi-detached House,3,Etobicoke-Lakeshore
4333045,STR-2209-HDSRVJ,100 Gloucester St,901,M4Y,Apartment,13,Toronto Centre
4333046,STR-2209-FHRHHB,80 Western Battery Rd,2111,M6K,Condominium,10,Spadina-Fort York
4333047,STR-2209-GGKHHF,463 Shuter St,,M5A,Townhouse/ Row House,13,Toronto Centre
4333048,STR-2209-GPRHHG,36 Robinson St,A,M6J,Duplex/Triplex/Fourplex,10,Spadina-Fort York
4333049,STR-2209-GWXHHH,130 Baldwin St,2,M5T,Townhouse/ Row House,11,University-Rosedale
4333050,STR-2209-HVRHHL,50 Roseheath Ave,,M4C,Single/Semi-detached House,19,Beaches-East York
4333051,STR-2209-JCXHHM,46 Spruce Hill Rd,,M4E,Single/Semi-detached House,19,Beaches-East York
4333052,STR-2209-JDMVHM,94 George Anderson Dr,,M6M,Single/Semi-detached House,5,York South-Weston
4333053,STR-2209-FJXHHB,8 Charlotte St,2608,M5V,Condominium,10,Spadina-Fort York
4333054,STR-2209-GQXHHG,165 Legion Rd N,2730,M8Y,Condominium,3,Etobicoke-Lakeshore
4333055,STR-2209-GYDHHH,215 Fort York Blvd,1907,M5V,Condominium,10,Spadina-Fort York
4333056,STR-2209-HWXHHL,1191 Pharmacy Ave,,M1R,Single/Semi-detached House,21,Scarborough Centre
4333057,STR-2209-GYTVHH,50 Griggsden Ave,,M9P,Single/Semi-detached House,2,Etobicoke Centre
4333058,STR-2209-FLDHHB,18 Yonge St,2309,M5E,Condominium,10,Spadina-Fort York
4333059,STR-2209-JGKHHM,122 Silverhill Dr,,M9B,Single/Semi-detached House,3,Etobicoke-Lakeshore
4333060,STR-2209-HRMVHK,189 Kingsview Blvd,,M9R,Single/Semi-detached House,1,Etobicoke North
4333061,STR-2209-JGZVHM,22 Kamloops Dr,,M2J,Single/Semi-detached House,17,Don Valley North
4333062,STR-2209-GCJDVF,921 Woodbine Ave,BSMT,M4C,Single/Semi-detached House,19,Beaches-East York
4333063,STR-2209-FVSRVD,40 Carnation Ave,111,M8V,Townhouse/ Row House,3,Etobicoke-Lakeshore
4333064,STR-2209-HZLRVM,9 Maypole St,,M9B,Single/Semi-detached House,3,Etobicoke-Lakeshore
4333065,STR-2209-FWJDVD,101 Peter St,2403,M5V,Condominium,10,Spadina-Fort York
4333066,STR-2209-GLWDVG,54 Rangoon Rd,,M9C,Single/Semi-detached House,2,Etobicoke Centre
4333067,STR-2209-FPSRVC,650 Parliament St,1216,M4X,Apartment,13,Toronto Centre
4333068,STR-2209-GVSRVH,241 Lee Ave,,M4E,Single/Semi-detached House,19,Beaches-East York
4333069,STR-2209-FQJDVC,14 York St,4302,M5J,Condominium,10,Spadina-Fort York
4333070,STR-2209-GWJDVH,295 Waverley Rd,Main Unit,M4L,Duplex/Triplex/Fourplex,19,Beaches-East York
4333071,STR-2209-GGLRVF,53 Hazelton Ave,,M5R,Single/Semi-detached House,11,University-Rosedale
4333072,STR-2209-FJJDVB,123 Strathcona Ave,5,M4J,Townhouse/ Row House,14,Toronto-Danforth
4333073,STR-2209-FRQDVC,15 Iceboat Ter,1706,M5V,Condominium,10,Spadina-Fort York
4333074,STR-2209-FSFRVC,15 Iceboat Terr,Ph11,M5V,Condominium,10,Spadina-Fort York
4333075,STR-2209-FZLRVD,24 Kidbrooke Cres,,M1M,Single/Semi-detached House,20,Scarborough Southwest
4333076,STR-2209-GYFRVH,559 Delaware Ave N,Ground Floor,M6H,Single/Semi-detached House,9,Davenport
4333077,STR-2209-HLYRVK,1 Ketchum Pl,,M1V,Single/Semi-detached House,23,Scarborough North
4333078,STR-2209-FSWDVC,81 Byng Ave,,M1L,Single/Semi-detached House,20,Scarborough Southwest
4333079,STR-2209-GRQDVG,248 Dovercourt Rd,BSMT,M6J,Duplex/Triplex/Fourplex,9,Davenport
4333080,STR-2209-JFWDVM,52 Balfour Ave,,M4C,Townhouse/ Row House,19,Beaches-East York
4333081,STR-2209-JGLRVM,95 Bathurst St,1404,M5V,Condominium,10,Spadina-Fort York
4333082,STR-2209-FDRKVB,93 Dearbourne Ave,,M4K,Single/Semi-detached House,14,Toronto-Danforth
4333083,STR-2209-HBDKVJ,28 Linden St,1906,M4Y,Condominium,13,Toronto Centre
4333084,STR-2209-HRRKVL,7 Craven Rd,Main Unit,M4L,Single/Semi-detached House,14,Toronto-Danforth
4333085,STR-2209-FVTXVD,101 Glen Long Ave,,M6B,Single/Semi-detached House,8,Eglinton-Lawrence
4333086,STR-2209-GLGXVG,117 Sheridan Ave,1,M6K,Single/Semi-detached House,9,Davenport
4333087,STR-2209-FFXKVB,74 Dale Ave,,M4W,Single/Semi-detached House,11,University-Rosedale
4333088,STR-2209-GQKKVG,35 Kenneth Ave,,M2N,Single/Semi-detached House,18,Willowdale
4333089,STR-2209-HSXKVL,33 Westlake Ave,,M4C,Single/Semi-detached House,19,Beaches-East York
4333090,STR-2209-FWZXVD,8 Wellesley St E,501,M4Y,Condominium,13,Toronto Centre
4333091,STR-2209-GMMXVG,300 Front St W,3806,M5V,Condominium,10,Spadina-Fort York
4333092,STR-2209-HDRKVJ,95 Green Meadows Crcl,,M2J,Single/Semi-detached House,17,Don Valley North
4333093,STR-2209-HVDKVL,36 Milton St,,M8Y,Single/Semi-detached House,3,Etobicoke-Lakeshore
4333094,STR-2209-FHTXVB,16 Brightview Cres,,M1E,Single/Semi-detached House,25,Scarborough-Rouge Park
4333095,STR-2209-HGMXVJ,151 Dan Leckie Way,615,M5V,Condominium,10,Spadina-Fort York
4333096,STR-2209-GJKKVF,22 Western Battery Rd,122,M6K,Townhouse/ Row House,10,Spadina-Fort York
4333097,STR-2209-GRRKVG,117 Falstaff Ave,,M6L,Single/Semi-detached House,5,York South-Weston
4333098,STR-2209-HXRKVL,21 Orchard Park Blvd,,M4L,Single/Semi-detached House,19,Beaches-East York
4333099,STR-2209-JFXKVM,37 St Andrews Blvd,,M9R,Single/Semi-detached House,1,Etobicoke North
4333100,STR-2209-FLGXVB,50 Foxbar Rd,,M4V,Single/Semi-detached House,12,Toronto-St. Paul's
4333101,STR-2209-GSGXVG,10 Oakfield Dr,,M8Y,Single/Semi-detached House,3,Etobicoke-Lakeshore
4333102,STR-2209-HQZXVK,16 Mallon Ave,,M4M,Single/Semi-detached House,14,Toronto-Danforth
4333103,STR-2209-FDSRVB,58 Langside Ave,Upper,M9N,Single/Semi-detached House,5,York South-Weston
4333104,STR-2209-GSYRVH,82 Lansdowne Ave,,M6K,Townhouse/ Row House,4,Parkdale-High Park
4333105,STR-2209-HBFRVJ,17 Purdon Dr,,M3H,Single/Semi-detached House,6,York Centre
4333106,STR-2209-HRSRVL,436 Clinton St,Laneway House,M6G,Single/Semi-detached House,11,University-Rosedale
4333107,STR-2209-GDCDVF,141 Booth Ave,,M4M,Single/Semi-detached House,14,Toronto-Danforth
4333108,STR-2209-GTQDVH,32 Alma Ave,1,M6J,Single/Semi-detached House,9,Davenport
4333109,STR-2209-HBWDVJ,50 Medford Ave,,M1L,Single/Semi-detached House,20,Scarborough Southwest
4333110,STR-2209-GDSRVF,350 Queens Quay W,2112,M5V,Apartment,10,Spadina-Fort York
4333111,STR-2209-GPFRVG,14 York St,6303,M5J,Condominium,10,Spadina-Fort York
4333112,STR-2209-FJLRVB,345 McKee Ave,,M2N,Single/Semi-detached House,18,Willowdale
4333113,STR-2209-GHWDVF,43 Cecil St,A,M5T,Duplex/Triplex/Fourplex,11,University-Rosedale
4333114,STR-2209-GRCDVG,64 Hillside Dr,,M4K,Single/Semi-detached House,14,Toronto-Danforth
4333115,STR-2209-GRSRVG,4645 Jane St,1101,M3N,Condominium,7,Humber River-Black Creek
4333116,STR-2209-HQLRVK,32 Albani St,,M8V,Single/Semi-detached House,3,Etobicoke-Lakeshore
4333117,STR-2209-GBWDVD,120 Homewood Ave,116,M4Y,Condominium,13,Toronto Centre
4333118,STR-2209-GSJDVG,35 Heaslip Ter,,M1T,Single/Semi-detached House,22,Scarborough-Agincourt
4333119,STR-2209-HHWDVJ,117 Meadowcliffe Dr,,M1M,Single/Semi-detached House,20,Scarborough Southwest
4333120,STR-2209-HYJDVL,21 Iceboat Ter,723,M5V,Condominium,10,Spadina-Fort York
4333121,STR-2209-JGQDVM,567 Craven Rd,,M4L,Single/Semi-detached House,14,Toronto-Danforth
4333122,STR-2209-FLZXVC,30 Nelson St,14,M5V,Townhouse/ Row House,10,Spadina-Fort York
4333123,STR-2209-FVGXVD,250 Major St,2,M5S,Duplex/Triplex/Fourplex,11,University-Rosedale
4333124,STR-2210-GKTXVG,300 Front St W,3502,M5V,Condominium,10,Spadina-Fort York
4333125,STR-2210-HBGXVJ,350 Horsham Ave,,M2R,Single/Semi-detached House,18,Willowdale
4333126,STR-2210-FMRKVC,16 Burlington St,,M8V,Single/Semi-detached House,3,Etobicoke-Lakeshore
4333127,STR-2210-GDDKVF,56 Avonlea Blvd,,M4C,Single/Semi-detached House,19,Beaches-East York
4333128,STR-2210-GLKKVG,151 Dawes Rd,,M4C,Single/Semi-detached House,19,Beaches-East York
4333129,STR-2210-HZRKVM,757 Huntingwood Dr,,M1T,Single/Semi-detached House,22,Scarborough-Agincourt
4333130,STR-2210-GDTXVF,35 Orpington Cres,,M9V,Single/Semi-detached House,1,Etobicoke North
4333131,STR-2210-HCMXVJ,87 Pintail Cres,BSMT,M3A,Duplex/Triplex/Fourplex,16,Don Valley East
4333132,STR-2210-HKTXVK,255 Homewood Ave,,M2R,Single/Semi-detached House,18,Willowdale
4333133,STR-2210-HSZXVL,1501 Woodbine Ave,804,M4C,Apartment,19,Beaches-East York
4333134,STR-2210-GFKKVF,44 Barkwood Cres,,M2H,Single/Semi-detached House,17,Don Valley North
4333135,STR-2210-GMRKVG,215 Fort York Blvd,2010,M5V,Condominium,10,Spadina-Fort York
4333136,STR-2210-GVXKVH,1706 Gerrard St E,,M4L,Single/Semi-detached House,19,Beaches-East York
4333137,STR-2210-FHGXVB,12 York St,4203,M5J,Condominium,10,Spadina-Fort York
4333138,STR-2210-FXTXVD,133 Brooklawn Ave,Main Fl,M1M,Single/Semi-detached House,20,Scarborough Southwest
4333139,STR-2210-GFZXVF,148 Pleasant Ave,,M2M,Single/Semi-detached House,18,Willowdale
4333140,STR-2210-GWMXVH,832 Bay St,1506,M5S,Condominium,11,University-Rosedale
4333141,STR-2210-HDTXVJ,153 Denison Ave,,M5T,Townhouse/ Row House,11,University-Rosedale
4333142,STR-2210-HLZXVK,8 Flagler St,,M4X,Townhouse/ Row House,13,Toronto Centre
4333143,STR-2210-GPXKVG,14 York St,1108,M5J,Condominium,10,Spadina-Fort York
4333144,STR-2210-GXDKVH,98 Lloyd Manor Rd,,M9B,Single/Semi-detached House,2,Etobicoke Centre
4333145,STR-2210-HFKKVJ,155 Downsview Park Blvd,115,M3K,Townhouse/ Row House,6,York Centre
4333146,STR-2210-GXTXVH,11 Abbs St,,M6K,Single/Semi-detached House,4,Parkdale-High Park
4333147,STR-2210-HFZXVJ,151 Dan Leckie Way,210,M5V,Condominium,10,Spadina-Fort York
4333148,STR-2210-HXDKVL,155 Strachan Ave,,M6J,Single/Semi-detached House,10,Spadina-Fort York
4333149,STR-2210-GKDKVF,120 Homewood Ave,2102,M4Y,Condominium,13,Toronto Centre
4333150,STR-2210-GCQDVF,51 Snapdragon Dr,,M2J,Single/Semi-detached House,17,Don Valley North
4333151,STR-2210-GKWDVG,23 Moncrieff Dr,,M9W,Single/Semi-detached House,1,Etobicoke North
4333152,STR-2210-HBJDVJ,27 Eastdale Ave,,M4C,Single/Semi-detached House,19,Beaches-East York
4333153,STR-2210-FFLRVB,55 Bremner Blvd,3206,M5J,Condominium,10,Spadina-Fort York
4333154,STR-2210-FVYRVD,22 Felicity Dr,,M1H,Single/Semi-detached House,24,Scarborough-Guildwood
4333155,STR-2210-GDFRVF,63 Brooklyn Ave,,M4M,Duplex/Triplex/Fourplex,14,Toronto-Danforth
4333156,STR-2210-GLLRVG,27 Irvington Cres,,M2N,Single/Semi-detached House,18,Willowdale
4333157,STR-2210-HSLRVL,999A Dovercourt Rd,,M6H,Single/Semi-detached House,9,Davenport
4333158,STR-2210-HZSRVM,16 Archway Cres,,M9M,Single/Semi-detached House,7,Humber River-Black Creek
4333159,STR-2210-GDWDVF,21 Iceboat Ter,2502,M5V,Condominium,10,Spadina-Fort York
4333160,STR-2210-HCQDVJ,71 Robbins Ave,,M4L,Single/Semi-detached House,19,Beaches-East York
4333161,STR-2210-HKWDVK,42 Amberley Dr,,M1R,Single/Semi-detached House,21,Scarborough Centre
4333162,STR-2210-HTCDVL,151 Dan Leckie Way,512,M5V,Condominium,10,Spadina-Fort York
4333163,STR-2210-FGSRVB,2652 Lake Shore Blvd W,,M8V,Single/Semi-detached House,3,Etobicoke-Lakeshore
4333164,STR-2210-FPYRVC,129 Pearson Ave,,M6R,Townhouse/ Row House,4,Parkdale-High Park
4333165,STR-2210-GVYRVH,13 Glen Baillie Pl,,M5T,Townhouse/ Row House,11,University-Rosedale
4333166,STR-2210-HLLRVK,213 Nairn Ave,,M6E,Single/Semi-detached House,9,Davenport
4333167,STR-2210-FXWDVD,36 Abitibi Ave,,M2M,Single/Semi-detached House,18,Willowdale
4333168,STR-2210-GWQDVH,215 Fort York Blvd,2309,M5V,Condominium,10,Spadina-Fort York
4333169,STR-2210-HDWDVJ,358 Glen Park Ave,,M6B,Single/Semi-detached House,8,Eglinton-Lawrence
4333170,STR-2210-HMCDVK,251 Jarvis St,902,M5B,Condominium,13,Toronto Centre
4333171,STR-2103-FWQRVD,111 Wheeler Ave,1,M4L,Single/Semi-detached House,19,Beaches-East York
4333172,STR-2103-FGTDVB,350 Queens Quay W,1207,M5V,Apartment,10,Spadina-Fort York
4333173,STR-2103-FXGDVD,12 York St,1609,M5J,Condominium,10,Spadina-Fort York
4333174,STR-2103-JBZDVM,300 Front St W,3902,M5V,Condominium,10,Spadina-Fort York
4333175,STR-2103-FYMDVD,12 York St,1109,M5J,Condominium,10,Spadina-Fort York
4333176,STR-2103-GGTDVF,300 Front St W,706,M5V,Condominium,10,Spadina-Fort York
4333177,STR-2103-GXGDVH,15 Glengrove Ave E,,M4N,Duplex/Triplex/Fourplex,15,Don Valley West
4333178,STR-2103-FRWRVC,140 Hilton Ave,,M5R,Single/Semi-detached House,12,Toronto-St. Paul's
4333179,STR-2103-HPZDVK,151 Dan Leckie Way,503,M5V,Apartment,10,Spadina-Fort York
4333180,STR-2103-GBZDVD,14 York St,612,M5J,Condominium,10,Spadina-Fort York
4333181,STR-2103-FVKXVD,1578 Queen St E,Upper Unit,M4L,Apartment,14,Toronto-Danforth
4333182,STR-2103-HSPKVL,101 Peter St,1705,M5V,Condominium,10,Spadina-Fort York
4333183,STR-2103-FWRXVD,39 Larabee Cres,,M3A,Single/Semi-detached House,16,Don Valley East
4333184,STR-2103-FXHKVD,81 Pickering St,,M4E,Single/Semi-detached House,19,Beaches-East York
4333185,STR-2104-HDXXVJ,155 Winchester St,1,M4X,Duplex/Triplex/Fourplex,13,Toronto Centre
4333186,STR-2104-HWBKVL,477 Richmond St W,201,M5V,Condominium,10,Spadina-Fort York
4333187,STR-2104-FZDXVD,219 Fort York Blvd,903,M5V,Condominium,10,Spadina-Fort York
4333188,STR-2104-GQRXVG,12 Alder Rd,Upper,M4B,Single/Semi-detached House,19,Beaches-East York
4333189,STR-2104-GJBKVF,26 Unsworth Ave,,M5M,Single/Semi-detached House,8,Eglinton-Lawrence
4333190,STR-2104-GRHKVG,153 Church St,A,M5B,Apartment,13,Toronto Centre
4333191,STR-2104-HGVKVJ,12 York St,304,M5J,Condominium,10,Spadina-Fort York
4333192,STR-2104-HXHKVL,30 Nelson St,1609,M5V,Condominium,10,Spadina-Fort York
4333193,STR-2104-GRXXVG,36 Kent Rd,,M4L,Single/Semi-detached House,14,Toronto-Danforth
4333194,STR-2104-FLPKVB,120 Homewood Ave,3309,M4Y,Condominium,13,Toronto Centre
4333195,STR-2104-FTVKVC,188 Cumberland St,1913,M5R,Condominium,11,University-Rosedale
4333196,STR-2104-FMWRVC,148 Springhurst Ave,102,M6K,Apartment,4,Parkdale-High Park
4333197,STR-2104-FQCRVC,1 Lake Shore Dr,Lakefront unit,M8V,Single/Semi-detached House,3,Etobicoke-Lakeshore
4333198,STR-2104-JCCRVM,195 Pinewood Ave,,M6C,Single/Semi-detached House,12,Toronto-St. Paul's
4333199,STR-2105-FJCRVB,64 Beatrice St,Upper Unit,M6J,Single/Semi-detached House,11,University-Rosedale
4333200,STR-2105-GQCRVG,14 York St,2905,M5J,Condominium,10,Spadina-Fort York
4333201,STR-2105-JDZDVM,21 Slater Crt,,M3L,Single/Semi-detached House,6,York Centre
4333202,STR-2105-GDKXVF,135 Maitland St,102,M4Y,Condominium,13,Toronto Centre
4333203,STR-2105-GJCRVF,34 Glenallan Rd,,M4N,Single/Semi-detached House,15,Don Valley West
4333204,STR-2105-HQCRVK,9 Westbank Cres,UPPER,M9P,Single/Semi-detached House,2,Etobicoke Centre
4333205,STR-2105-HXJRVL,55 Bremner Blvd,3005,M5J,Condominium,10,Spadina-Fort York
4333206,STR-2105-JFQRVM,7 Eleventh St,Upper,M8V,Single/Semi-detached House,3,Etobicoke-Lakeshore
4333207,STR-2105-GJTDVF,3091 Dufferin St,325,M6A,Condominium,8,Eglinton-Lawrence
4333208,STR-2105-GZWRVH,12 York St,905,M5J,Condominium,10,Spadina-Fort York
4333209,STR-2105-HYQRVL,156 Cummer Ave,,M2M,Single/Semi-detached House,18,Willowdale
4333210,STR-2105-JBPKVM,197 Palmerston Ave,,M6J,Single/Semi-detached House,11,University-Rosedale
4333211,STR-2105-GMXXVG,34 Tecumseth St,,M5V,Townhouse/ Row House,10,Spadina-Fort York
4333212,STR-2105-HLRXVK,780 O'Connor Dr,Basement,M4B,Single/Semi-detached House,19,Beaches-East York
4333213,STR-2105-FQVKVC,251 St George St,301,M5R,Apartment,11,University-Rosedale
4333214,STR-2105-HFBKVJ,119 Brickworks Lane,,M6N,Townhouse/ Row House,5,York South-Weston
4333215,STR-2105-FRKXVC,295 Rhodes Ave,,M4L,Single/Semi-detached House,14,Toronto-Danforth
4333216,STR-2105-FYRXVD,666 Yonge St,2,M4Y,Single/Semi-detached House,13,Toronto Centre
4333217,STR-2105-HMXXVK,136 Spears St,,M6N,Single/Semi-detached House,5,York South-Weston
4333218,STR-2105-JDKXVM,266 Maria St,,M6P,Single/Semi-detached House,4,Parkdale-High Park
4333219,STR-2105-FJVKVB,477 Richmond St W,401,M5V,Condominium,10,Spadina-Fort York
4333220,STR-2105-GQVKVG,215 Fort York Blvd,2711,M5V,Condominium,10,Spadina-Fort York
4333221,STR-2105-HPPKVK,14 York St,6708,M5J,Condominium,10,Spadina-Fort York
4333222,STR-2105-HWVKVL,565 Sherbourne St,2511,M4X,Apartment,13,Toronto Centre
4333223,STR-2105-FZXXVD,534 Strathmore Blvd,Main/Upper Floor,M4C,Duplex/Triplex/Fourplex,19,Beaches-East York
4333224,STR-2105-GRKXVG,12 York St,3211,M5J,Condominium,10,Spadina-Fort York
4333225,STR-2105-GYRXVH,13A Delaware Ave,Main,M6H,Single/Semi-detached House,9,Davenport
4333226,STR-2106-GZHKVH,80 Western Battery Rd,1506,M6K,Condominium,10,Spadina-Fort York
4333227,STR-2106-HHPKVJ,645 Davenport Rd,8,M5R,Condominium,12,Toronto-St. Paul's
4333228,STR-2106-FTXXVC,21 Iceboat Ter,2507,M5V,Condominium,10,Spadina-Fort York
4333229,STR-2106-GSRXVG,24 Denrock Dr,,M2K,Single/Semi-detached House,17,Don Valley North
4333230,STR-2106-GZXXVH,391 Ontario St,,M5A,Single/Semi-detached House,13,Toronto Centre
4333231,STR-2106-HYRXVL,94 Tecumseth St,B,M6J,Duplex/Triplex/Fourplex,10,Spadina-Fort York
4333232,STR-2106-GCWRVF,5 Orleans Dr,,M1C,Single/Semi-detached House,25,Scarborough-Rouge Park
4333233,STR-2106-FMZDVC,300 Front St W,3408,M5V,Condominium,10,Spadina-Fort York
4333234,STR-2106-HCGDVJ,270 Wellington St W,1110,M5V,Condominium,10,Spadina-Fort York
4333235,STR-2106-HKMDVK,198 Merton St,,M4S,Townhouse/ Row House,12,Toronto-St. Paul's
4333236,STR-2106-GFCRVF,14 York St,4602,M5J,Condominium,10,Spadina-Fort York
4333237,STR-2106-GMJRVG,95 Grandville Ave,,M6N,Single/Semi-detached House,5,York South-Weston
4333238,STR-2106-HTJRVL,77 Arlington Ave,,M6G,Single/Semi-detached House,12,Toronto-St. Paul's
4333239,STR-2106-FYCRVD,168 Simcoe St,803,M5H,Condominium,10,Spadina-Fort York
4333240,STR-2106-GGJRVF,50 Wells St,Main Floor,M5R,Single/Semi-detached House,11,University-Rosedale
4333241,STR-2106-HVQRVL,219 Fort York Blvd,3702,M5V,Condominium,10,Spadina-Fort York
4333242,STR-2106-GGZDVF,300 Front St W,2412,M5V,Condominium,10,Spadina-Fort York
4333243,STR-2106-HFTDVJ,382 Ontario St,,M5A,Single/Semi-detached House,13,Toronto Centre
4333244,STR-2106-HMZDVK,55 Bremner Blvd,1303,M5J,Condominium,10,Spadina-Fort York
4333245,STR-2106-FJWRVB,33 Roseheath Ave,,M4C,Single/Semi-detached House,19,Beaches-East York
4333246,STR-2106-GQWRVG,300 Front St W,3906,M5V,Condominium,10,Spadina-Fort York
4333247,STR-2106-GYCRVH,199 Richmond St W,601,M5V,Condominium,10,Spadina-Fort York
4333248,STR-2106-HGJRVJ,300 Front St W,3606,M5V,Condominium,10,Spadina-Fort York
4333249,STR-2106-HWWRVL,357 Kingston Rd,,M4L,Single/Semi-detached House,19,Beaches-East York
4333250,STR-2106-GJGDVF,456 College St,408,M6G,Condominium,11,University-Rosedale
4333251,STR-2106-HXMDVL,65 Bremner Blvd,4910,M5J,Condominium,10,Spadina-Fort York
4333252,STR-2106-FLTDVB,40 Silas Hill Dr,,M2J,Single/Semi-detached House,17,Don Valley North
4333253,STR-2106-GLFBHG,243 Beatrice St,,M6G,Townhouse/ Row House,11,University-Rosedale
4333254,STR-2106-HKPPHK,155 Yorkville Ave,606,M5R,Condominium,11,University-Rosedale
4333255,STR-2106-HSVPHL,761 Kingston Rd,basement,M4E,Single/Semi-detached House,19,Beaches-East York
4333256,STR-2106-JBBPHM,21 Iceboat Ter,2803,M5V,Condominium,10,Spadina-Fort York
4333257,STR-2106-FPSBHC,89 Dunfield Ave,407,M4S,Condominium,12,Toronto-St. Paul's
4333258,STR-2106-FQHPHC,10 Goodwood Ave,,M6E,Single/Semi-detached House,9,Davenport
4333259,STR-2106-HVBPHL,309 Lake Promenade,,M8W,Single/Semi-detached House,3,Etobicoke-Lakeshore
4333260,STR-2107-HVSBHL,61 Delaney Cres,,M6K,Single/Semi-detached House,9,Davenport
4333261,STR-2107-FRPPHC,17 Lormar Dr,,M9B,Single/Semi-detached House,2,Etobicoke Centre
4333262,STR-2107-GQHPHG,55 Bremner Blvd,4104,M5J,Condominium,10,Spadina-Fort York
4333263,STR-2107-HHBPHJ,21 Rialto Dr,,M3A,Single/Semi-detached House,16,Don Valley East
4333264,STR-2107-HFVPHJ,263A Gamble Ave,,M4J,Single/Semi-detached House,14,Toronto-Danforth
4333265,STR-2107-HWHPHL,230 Queens Quay W,729,M5J,Condominium,10,Spadina-Fort York
4333266,STR-2107-FJYBHB,195 Bonis Ave,502,M1T,Condominium,22,Scarborough-Agincourt
4333267,STR-2107-FSFBHC,217 Crawford St,,M6J,Single/Semi-detached House,10,Spadina-Fort York
4333268,STR-2107-HGLBHJ,71 Longbow Sq,,M1W,Single/Semi-detached House,22,Scarborough-Agincourt
4333269,STR-2107-FKPPHB,14 Lanark Ave,,M6C,Single/Semi-detached House,12,Toronto-St. Paul's
4333270,STR-2107-GJHPHF,216 Lippincott St,2nd floor,M5S,Duplex/Triplex/Fourplex,11,University-Rosedale
4333271,STR-2107-HXPPHL,15 Denison Rd W,,M9N,Single/Semi-detached House,5,York South-Weston
4333272,STR-2107-GSFBHG,111 Woodfield Rd,,M4L,Single/Semi-detached House,14,Toronto-Danforth
4333273,STR-2107-JGLBHM,902 Davenport Rd,2,M6G,Duplex/Triplex/Fourplex,12,Toronto-St. Paul's
4333274,STR-2107-FLWVHC,33 Curzon St,,M4M,Single/Semi-detached House,14,Toronto-Danforth
4333275,STR-2107-FVCVHD,200 St Helen's Ave,Main Floor,M6H,Single/Semi-detached House,9,Davenport
4333276,STR-2107-GKQVHG,270 Wellington St W,1001,M5V,Condominium,10,Spadina-Fort York
4333277,STR-2107-GCZHHF,1074 Warden Ave,,M1R,Single/Semi-detached House,21,Scarborough Centre
4333278,STR-2107-HBTHHJ,282 Westmount Ave,,M6E,Single/Semi-detached House,9,Davenport
4333279,STR-2107-HZMHHM,21 Iceboat Ter,3202,M5V,Condominium,10,Spadina-Fort York
4333280,STR-2107-GVCVHH,21 Iceboat Ter,2203,M5V,Condominium,10,Spadina-Fort York
4333281,STR-2107-JBCVHM,14 Katherine Rd,,M3K,Single/Semi-detached House,6,York Centre
4333282,STR-2107-FGMHHB,65 Bremner Blvd,1610,M5J,Condominium,10,Spadina-Fort York
4333283,STR-2107-GFGHHF,67 Orchardcroft Cres,,M3J,Single/Semi-detached House,6,York Centre
4333284,STR-2107-HCZHHJ,12 York St,705,M5J,Condominium,10,Spadina-Fort York
4333285,STR-2107-FQJVHC,142 Rhodes Ave,,M4L,Townhouse/ Row House,14,Toronto-Danforth
4333286,STR-2107-GWJVHH,30 Shore Breeze Dr,330,M8V,Condominium,3,Etobicoke-Lakeshore
4333287,STR-2107-HDQVHJ,24 Ford St,Upper,M6N,Duplex/Triplex/Fourplex,9,Davenport
4333288,STR-2107-JCJVHM,3 Mitchell Ave,,M6J,Townhouse/ Row House,10,Spadina-Fort York
4333289,STR-2107-FQZHHC,83 Hilda Ave,,M2M,Single/Semi-detached House,18,Willowdale
4333290,STR-2107-FRQVHC,145 Denison Ave,,M5T,Single/Semi-detached House,11,University-Rosedale
4333291,STR-2107-GQJVHG,151 Dan Leckie Way,716,M5V,Condominium,10,Spadina-Fort York
4333292,STR-2107-HWJVHL,12 York St,2002,M5J,Condominium,10,Spadina-Fort York
4333293,STR-2107-FSGHHC,29 Glenmount Park Rd,,M4E,Single/Semi-detached House,19,Beaches-East York
4333294,STR-2107-GHTHHF,12 York St,5602,M5J,Condominium,10,Spadina-Fort York
4333295,STR-2107-JFGHHM,319 Markham St,,M6G,Duplex/Triplex/Fourplex,11,University-Rosedale
4333296,STR-2107-FSWVHC,20 John St,518,M5V,Condominium,10,Spadina-Fort York
4333297,STR-2107-GRQVHG,14 York St,6506,M5J,Condominium,10,Spadina-Fort York
4333298,STR-2107-GBTHHD,249 Logan Ave,1,M4M,Apartment,14,Toronto-Danforth
4333299,STR-2107-HQZHHK,64 Millicent St,2,M6H,Duplex/Triplex/Fourplex,9,Davenport
4333300,STR-2107-HJLBHK,251 Jarvis St,3008,M5B,Condominium,13,Toronto Centre
4333301,STR-2107-HRSBHL,151 Dan Leckie Way,348,M5V,Condominium,10,Spadina-Fort York
4333302,STR-2107-HYYBHM,233 Shaw St,A,M6J,Duplex/Triplex/Fourplex,10,Spadina-Fort York
4333303,STR-2107-FMPPHC,252 Woodfield Rd,,M4L,Single/Semi-detached House,14,Toronto-Danforth
4333304,STR-2107-FVVPHD,750 Crawford St,,M6G,Single/Semi-detached House,11,University-Rosedale
4333305,STR-2107-GLHPHG,55 Bremner Blvd,2910,M5J,Condominium,10,Spadina-Fort York
4333306,STR-2107-HSHPHL,1257 Dundas St W,,M6J,Single/Semi-detached House,10,Spadina-Fort York
4333307,STR-2107-HZPPHM,955 Bay St,620,M5S,Condominium,13,Toronto Centre
4333308,STR-2107-JBVPHM,542 Roxton Rd,,M6G,Single/Semi-detached House,11,University-Rosedale
4333309,STR-2107-FHFBHB,304 Glebemount Ave,,M4C,Single/Semi-detached House,19,Beaches-East York
4333310,STR-2107-FQLBHC,300 Front St W,708,M5V,Condominium,10,Spadina-Fort York
4333311,STR-2107-GPFBHG,208 Queens Quay W,1413,M5J,Condominium,10,Spadina-Fort York
4333312,STR-2107-HLYBHK,175 Jeffcoat Dr,Upstairs Unit,M9W,Single/Semi-detached House,1,Etobicoke North
4333313,STR-2107-GPVPHG,216 Lippincott St,1st Floor,M5S,Duplex/Triplex/Fourplex,11,University-Rosedale
4333314,STR-2107-JDBPHM,12 York St,3807,M5J,Condominium,10,Spadina-Fort York
4333315,STR-2107-FJLBHB,153 Shaw St,,M6J,Single/Semi-detached House,10,Spadina-Fort York
4333316,STR-2107-GHVPHF,63A Drewry Ave,,M2M,Townhouse/ Row House,18,Willowdale
4333317,STR-2108-GYYBHH,93 Boulton Ave,,M4M,Townhouse/ Row House,14,Toronto-Danforth
4333318,STR-2108-HQLBHK,635 Greenwood Ave,,M4J,Duplex/Triplex/Fourplex,14,Toronto-Danforth
4333319,STR-2108-JFYBHM,105 George St,1414,M5A,Condominium,13,Toronto Centre
4333320,STR-2108-FTPPHC,984 Midland Ave,,M1K,Single/Semi-detached House,21,Scarborough Centre
4333321,STR-2108-HRBPHK,27 George Webster Rd,2,M4B,Single/Semi-detached House,19,Beaches-East York
4333322,STR-2108-FLZHHC,113 Navenby Cres,,M9L,Single/Semi-detached House,7,Humber River-Black Creek
4333323,STR-2404-FKCDVP,54 Lockheed Blvd,,M9P,Single/Semi-detached House,2,Etobicoke Centre
4333324,STR-2305-HBDXVW,1804 Dundas St E,,M4L,Single/Semi-detached House,14,Toronto-Danforth
4333325,STR-2305-HJKXVX,73 Widdicombe Hill Blvd,705,M9R,Condominium,2,Etobicoke Centre
4333326,STR-2305-HRRXVY,21 Clydesdale Dr,,M2J,Single/Semi-detached House,17,Don Valley North
4333327,STR-2305-GDRXVS,103 Gladstone Ave,3,M6J,Duplex/Triplex/Fourplex,9,Davenport
4333328,STR-2305-GMPKVT,743 Glencairn Ave,,M6B,Single/Semi-detached House,8,Eglinton-Lawrence
4333329,STR-2305-HTPKVY,103 Wells Hill Ave,,M5R,Single/Semi-detached House,12,Toronto-St. Paul's
4333330,STR-2305-FQKXVQ,71 Hepbourne St,2,M6H,Duplex/Triplex/Fourplex,9,Davenport
4333331,STR-2305-FXRXVR,1189 Woodbine Ave,,M4C,Single/Semi-detached House,19,Beaches-East York
4333332,STR-2305-HLXXVX,22 William Duncan Rd,,M3K,Townhouse/ Row House,6,York Centre
4333333,STR-2305-HVDXVY,55 Bremner Blvd,4409,M5J,Condominium,10,Spadina-Fort York
4333334,STR-2305-HMPKVX,210 Victoria St,2906,M5B,Condominium,13,Toronto Centre
4333335,STR-2305-HVVKVY,9 Mabelle Ave,223,M9A,Condominium,3,Etobicoke-Lakeshore
4333336,STR-2305-FRRXVQ,12 Joseph Salsberg Lane,,M6J,Townhouse/ Row House,10,Spadina-Fort York
4333337,STR-2305-GHDXVS,209 Fort York Blvd,757,M5V,Condominium,10,Spadina-Fort York
4333338,STR-2305-GQKXVT,300 Front St W,3005,M5V,Condominium,10,Spadina-Fort York
4333339,STR-2305-GXRXVV,3091 Dufferin St,439,M6A,Condominium,8,Eglinton-Lawrence
4333340,STR-2305-HBXXVW,300 Front St W,2714,M5V,Condominium,10,Spadina-Fort York
4333341,STR-2305-FSHKVQ,151 Dan Leckie Way,517,M5V,Condominium,10,Spadina-Fort York
4333342,STR-2305-GYHKVV,1 Falaise Rd,214,M1E,Condominium,24,Scarborough-Guildwood
4333343,STR-2305-FKRXVP,9 Donald Ave,2,M6M,Duplex/Triplex/Fourplex,5,York South-Weston
4333344,STR-2305-FSXXVQ,565 Shuter St,,M5A,Townhouse/ Row House,13,Toronto Centre
4333345,STR-2305-JFXXVZ,15 Fennings St,,M6J,Single/Semi-detached House,10,Spadina-Fort York
4333346,STR-2305-FLHKVP,12 Lincoln Ave,,M6P,Single/Semi-detached House,4,Parkdale-High Park
4333347,STR-2305-HYHKVY,378 Roncesvalles Ave,3,M6R,Single/Semi-detached House,4,Parkdale-High Park
4333348,STR-2305-JGPKVZ,225 Lisgar St,2,M6J,Duplex/Triplex/Fourplex,9,Davenport
4333349,STR-2305-FVGDVR,300 Front St W,4505,M5V,Condominium,10,Spadina-Fort York
4333350,STR-2305-GKTDVT,300 Front St W,3713,M5V,Condominium,10,Spadina-Fort York
4333351,STR-2305-HRTDVY,3 Fermanagh Ave,,M6R,Single/Semi-detached House,4,Parkdale-High Park
4333352,STR-2305-FFJRVP,28 Centennial Rd,,M1C,Single/Semi-detached House,25,Scarborough-Rouge Park
4333353,STR-2305-GDCRVS,300 Front St W,3013,M5V,Condominium,10,Spadina-Fort York
4333354,STR-2305-HBWRVW,14 York St,6603,M5J,Condominium,10,Spadina-Fort York
4333355,STR-2305-HSJRVY,560 Front St W,932,M5V,Condominium,10,Spadina-Fort York
4333356,STR-2305-FWMDVR,181 King St,,M9N,Single/Semi-detached House,5,York South-Weston
4333357,STR-2305-GFJRVS,20 Blue Jays Way,1516,M5V,Condominium,10,Spadina-Fort York
4333358,STR-2305-GMQRVT,101 Peter St,1103,M5V,Condominium,10,Spadina-Fort York
4333359,STR-2305-HDCRVW,55 Bremner Blvd,2305,M5J,Condominium,10,Spadina-Fort York
4333360,STR-2305-HTQRVY,155 Yorkville Ave,3010,M5R,Condominium,11,University-Rosedale
4333361,STR-2305-FHGDVP,219 Fort York Blvd,2910,M5V,Condominium,10,Spadina-Fort York
4333362,STR-2305-GPGDVT,46 Western Battery Rd,825,M6K,Townhouse/ Row House,10,Spadina-Fort York
4333363,STR-2305-FYJRVR,231 Otonabee Ave,,M2M,Single/Semi-detached House,18,Willowdale
4333364,STR-2305-GPWRVT,300 Front St W,214,M5V,Condominium,10,Spadina-Fort York
4333365,STR-2305-GXCRVV,102 Bestview Dr,Main,M2M,Single/Semi-detached House,17,Don Valley North
4333366,STR-2305-HFJRVW,1 Shaw St,707,M6K,Condominium,10,Spadina-Fort York
4333367,STR-2305-HVWRVY,38 Afton Ave,,M6J,Single/Semi-detached House,9,Davenport
4333368,STR-2305-FRTDVQ,86 Hatherley Rd,,M6E,Single/Semi-detached House,9,Davenport
4333369,STR-2305-FYZDVR,234 Euclid Ave,,M6J,Townhouse/ Row House,11,University-Rosedale
4333370,STR-2305-GXTDVV,932 St Clarens Ave,,M6H,Single/Semi-detached House,9,Davenport
4333371,STR-2305-HPGDVX,80 Western Battery Rd,2203,M6K,Condominium,10,Spadina-Fort York
4333372,STR-2305-HWMDVY,155 Yorkville Ave,2018,M5R,Condominium,11,University-Rosedale
4333373,STR-2305-FKCRVP,200 Victoria St,1004,M5B,Condominium,13,Toronto Centre
4333374,STR-2305-HGQRVW,24 Noble St,409,M6K,Condominium,4,Parkdale-High Park
4333375,STR-2305-HPWRVX,411 Westmount Ave,,M6E,Single/Semi-detached House,12,Toronto-St. Paul's
4333376,STR-2305-HXCRVY,129 Roywood Dr,,M3A,Single/Semi-detached House,16,Don Valley East
4333377,STR-2305-FKTDVP,30 Denton Ave,1702,M1L,Apartment,20,Scarborough Southwest
4333378,STR-2305-FTQRVQ,32 Purdon Dr,,M3H,Single/Semi-detached House,6,York Centre
4333379,STR-2305-GKCRVS,14 York St,3811,M5J,Condominium,10,Spadina-Fort York
4333380,STR-2305-GSJRVT,155 Yorkville Ave,2813,M5R,Condominium,11,University-Rosedale
4333381,STR-2305-HHWRVW,25 Fuller Ave,,M6R,Townhouse/ Row House,4,Parkdale-High Park
4333382,STR-2305-HRCRVX,3 Norwich Pl,,M9V,Single/Semi-detached House,1,Etobicoke North
4333383,STR-2305-HBHKVW,335 Clinton St,2,M6G,Single/Semi-detached House,11,University-Rosedale
4333384,STR-2305-HRVKVY,736 Bay St,902,M5G,Condominium,11,University-Rosedale
4333385,STR-2305-FMRXVQ,30 Highcroft Rd,,M4L,Single/Semi-detached House,19,Beaches-East York
4333386,STR-2305-GDDXVS,105 George St,1711,M5A,Condominium,13,Toronto Centre
4333387,STR-2305-HSKXVY,284 St Helen's Ave,138,M6H,Condominium,9,Davenport
4333388,STR-2305-HZRXVZ,3 Thyra Ave,,M4C,Single/Semi-detached House,19,Beaches-East York
4333389,STR-2305-FPHKVQ,164 Franklin Ave,,M2N,Single/Semi-detached House,18,Willowdale
4333390,STR-2305-FWPKVR,53 Gloucester St,,M4Y,Townhouse/ Row House,13,Toronto Centre
4333391,STR-2305-HKVKVX,54 Second St,,M8V,Single/Semi-detached House,3,Etobicoke-Lakeshore
4333392,STR-2305-JBHKVZ,110 Erskine Ave,905,M4P,Apartment,15,Don Valley West
4333393,STR-2305-FGRXVP,107 Eastville Ave,,M1M,Single/Semi-detached House,20,Scarborough Southwest
4333394,STR-2305-GMRXVT,60 Carr St,3,M5T,Townhouse/ Row House,10,Spadina-Fort York
4333395,STR-2305-HDDXVW,1029 King St W,403,M6K,Condominium,10,Spadina-Fort York
4333396,STR-2306-HTRXVY,85 Bloor St E,911,M4W,Condominium,11,University-Rosedale
4333397,STR-2306-FHXXVP,101 Peter St,3801,M5V,Condominium,10,Spadina-Fort York
4333398,STR-2306-FRDXVQ,136 L'Amoreaux Dr,,M1W,Single/Semi-detached House,22,Scarborough-Agincourt
4333399,STR-2306-HFKXVW,101 Peter St,1712,M5V,Condominium,10,Spadina-Fort York
4333400,STR-2306-FKVKVP,100 Gloucester St,718,M4Y,Apartment,13,Toronto Centre
4333401,STR-2306-GXVKVV,55 Bamburgh Crcl,1704,M1W,Condominium,22,Scarborough-Agincourt
4333402,STR-2306-JDVKVZ,35 Mariner Ter,4602,M5V,Condominium,10,Spadina-Fort York
4333403,STR-2306-JFKXVZ,902 Davenport Rd,1,M6G,Apartment,12,Toronto-St. Paul's
4333404,STR-2306-GZBKVV,21 Iceboat Ter,4615,M5V,Condominium,10,Spadina-Fort York
4333405,STR-2306-HHHKVW,626 Manning Ave,,M6G,Single/Semi-detached House,11,University-Rosedale
4333406,STR-2306-HXVKVY,141 Garden Ave,,M6R,Single/Semi-detached House,4,Parkdale-High Park
4333407,STR-2306-FTRXVQ,15 Wareside Rd,,M9C,Single/Semi-detached House,2,Etobicoke Centre
4333408,STR-2306-GBXXVR,132 Chatham Ave,,M4J,Single/Semi-detached House,14,Toronto-Danforth
4333409,STR-2306-GKDXVS,160 Glenholme Ave,,M6E,Single/Semi-detached House,9,Davenport
4333410,STR-2306-GSKXVT,56 Parker Ave,,M8Z,Single/Semi-detached House,3,Etobicoke-Lakeshore
4333411,STR-2306-FVJRVR,48 Houston Cres,,M2J,Single/Semi-detached House,17,Don Valley North
4333412,STR-2306-GCQRVS,91 Craven Rd,,M4L,Townhouse/ Row House,14,Toronto-Danforth
4333413,STR-2306-FFMDVP,47 Lewis St,BSMT,M4M,Single/Semi-detached House,14,Toronto-Danforth
4333414,STR-2306-FVZDVR,10 Bowman St,2,M4X,Duplex/Triplex/Fourplex,13,Toronto Centre
4333415,STR-2306-GDGDVS,163 Augusta Ave,Main Floor,M5T,Duplex/Triplex/Fourplex,11,University-Rosedale
4333416,STR-2306-GLMDVT,1108 St Clair Ave W,B,M6E,Apartment,9,Davenport
4333417,STR-2306-HSMDVY,210 Victoria St,804,M5B,Apartment,13,Toronto Centre
4333418,STR-2306-HZTDVZ,955 Bay St,1506,M5S,Condominium,13,Toronto Centre
4333419,STR-2306-FPJRVQ,200 Victor Ave,Basement,M4K,Single/Semi-detached House,14,Toronto-Danforth
4333420,STR-2306-HCQRVW,75 Beaty Ave,,M6K,Single/Semi-detached House,4,Parkdale-High Park
4333421,STR-2306-HKWRVX,275 Willard Ave,,M6S,Single/Semi-detached House,4,Parkdale-High Park
4333422,STR-2306-FXGDVR,20 Blue Jays Way,814,M5V,Condominium,10,Spadina-Fort York
4333423,STR-2306-GFMDVS,350 Indian Road Cres,,M6P,Single/Semi-detached House,4,Parkdale-High Park
4333424,STR-2306-GMTDVT,28 Linden St,1105,M4Y,Condominium,13,Toronto Centre
4333425,STR-2306-HDGDVW,165 Legion Rd N,728,M8Y,Condominium,3,Etobicoke-Lakeshore
4333426,STR-2306-HTTDVY,5 Vicora Linkway,1111,M3C,Condominium,16,Don Valley East
4333427,STR-2306-JBZDVZ,225 Lisgar St,3,M6J,Duplex/Triplex/Fourplex,9,Davenport
4333428,STR-2306-FQQRVQ,560 Front St W,26,M5V,Condominium,10,Spadina-Fort York
4333429,STR-2306-FXWRVR,225 Lisgar St,4,M6J,Duplex/Triplex/Fourplex,9,Davenport
4333430,STR-2306-GPJRVT,131 Cambridge Ave,,M4K,Single/Semi-detached House,14,Toronto-Danforth
4333431,STR-2306-GWQRVV,14 York St,5904,M5J,Condominium,10,Spadina-Fort York
4333432,STR-2306-HMCRVX,100 Gloucester St,910,M4Y,Apartment,13,Toronto Centre
4333433,STR-2306-HVJRVY,98 Reiner Rd,,M3H,Single/Semi-detached House,6,York Centre
4333434,STR-2306-HMTDVX,268 Huntsmill Blvd,,M1W,Single/Semi-detached House,22,Scarborough-Agincourt
4333435,STR-2306-HVZDVY,152 St Patrick St,1108,M5T,Condominium,10,Spadina-Fort York
4333436,STR-2306-FJQRVP,525 Ossington Ave,1,M6G,Apartment,11,University-Rosedale
4333437,STR-2306-FRWRVQ,39 Merkley Sq,,M1G,Single/Semi-detached House,24,Scarborough-Guildwood
4333438,STR-2306-FZCRVR,47 Pannahill Rd,,M3H,Single/Semi-detached House,6,York Centre
4333439,STR-2306-GXWRVV,50 Wellesley St E,607,M4Y,Condominium,13,Toronto Centre
4333440,STR-2306-HWQRVY,56 Gledhill Ave,,M4C,Single/Semi-detached House,19,Beaches-East York
4333441,STR-2306-GHZDVS,523 Quebec Ave,,M6P,Townhouse/ Row House,4,Parkdale-High Park
4333442,STR-2306-HGTDVW,208 Queens Quay W,1001,M5J,Condominium,10,Spadina-Fort York
4333443,STR-2306-GBJRVR,155 Yorkville Ave,1218,M5R,Condominium,11,University-Rosedale
4333444,STR-2306-HHJRVW,21 Iceboat Ter,3908,M5V,Condominium,10,Spadina-Fort York
4333445,STR-2306-JGCRVZ,145 Portland St,,M5V,Single/Semi-detached House,10,Spadina-Fort York
4333446,STR-2306-GSMDVT,215 Fort York Blvd,415,M5V,Condominium,10,Spadina-Fort York
4333447,STR-2306-FDXXVP,14 York St,6507,M5J,Condominium,10,Spadina-Fort York
4333448,STR-2306-HBKXVW,202 Dairy Dr,,M1L,Townhouse/ Row House,20,Scarborough Southwest
4333449,STR-2306-HZDXVZ,34 Yonge Blvd,,M5M,Single/Semi-detached House,8,Eglinton-Lawrence
4333450,STR-2306-FWBKVR,81 Navy Wharf Crt,2905,M5V,Condominium,10,Spadina-Fort York
4333451,STR-2306-GTVKVV,231 Fort York Blvd,1709,M5V,Condominium,10,Spadina-Fort York
4333452,STR-2306-HKHKVX,42 Weir Cres,,M1E,Single/Semi-detached House,24,Scarborough-Guildwood
4333453,STR-2306-FPKXVQ,238 Greenwood Ave,,M4L,Townhouse/ Row House,14,Toronto-Danforth
4333454,STR-2306-GDXXVS,292 Warden Ave,,M1N,Single/Semi-detached House,20,Scarborough Southwest
4333455,STR-2306-GMDXVT,219 Fort York Blvd,1503,M5V,Condominium,10,Spadina-Fort York
4333456,STR-2306-HCRXVW,151 Dan Leckie Way,951,M5V,Condominium,10,Spadina-Fort York
4333457,STR-2306-GFPKVS,215 Fort York Blvd,1807,M5V,Condominium,10,Spadina-Fort York
4333458,STR-2306-HDHKVW,12 York St,5709,M5J,Condominium,10,Spadina-Fort York
4333459,STR-2306-GWRXVV,20 Woodbank Rd,,M9B,Single/Semi-detached House,2,Etobicoke Centre
4333460,STR-2306-HDXXVW,40 Hampton Ave,,M4K,Single/Semi-detached House,14,Toronto-Danforth
4333461,STR-2306-JCRXVZ,20 Bruyeres Mews,317,M5V,Condominium,10,Spadina-Fort York
4333462,STR-2306-FRHKVQ,21 Iceboat Ter,1615,M5V,Condominium,10,Spadina-Fort York
4333463,STR-2306-FYPKVR,12 Bonnycastle St,909,M5A,Condominium,10,Spadina-Fort York
4333464,STR-2306-HFPKVW,89 Olive Ave,,M2N,Single/Semi-detached House,18,Willowdale
4333465,STR-2306-HMVKVX,1 Edgewater Dr,GPH26,M5A,Condominium,10,Spadina-Fort York
4333466,STR-2306-JDHKVZ,152 Evelyn Cres,,M6P,Single/Semi-detached House,4,Parkdale-High Park
4333467,STR-2306-FRXXVQ,38 Larkin Ave,,M6S,Single/Semi-detached House,4,Parkdale-High Park
4333468,STR-2306-FZDXVR,47 O'Connor Dr,,M4K,Single/Semi-detached House,14,Toronto-Danforth
4333469,STR-2306-HGDXVW,475A Clinton St,,M6G,Single/Semi-detached House,11,University-Rosedale
4333470,STR-2306-FSPKVQ,130 Amelia St,,M4X,Single/Semi-detached House,13,Toronto Centre
4333471,STR-2306-GJBKVS,65 Bremner Blvd,4603,M5J,Condominium,10,Spadina-Fort York
4333472,STR-2306-GYPKVV,231 Fort York Blvd,121,M5V,Condominium,10,Spadina-Fort York
4333473,STR-2306-HGVKVW,167 Sammon Ave,,M4J,Single/Semi-detached House,14,Toronto-Danforth
4333474,STR-2306-FTDXVQ,12 York St,3404,M5J,Condominium,10,Spadina-Fort York
4333475,STR-2306-GBKXVR,37 Grosvenor St,3205,M4Y,Condominium,13,Toronto Centre
4333476,STR-2306-GRXXVT,74 Cronin Dr,,M9B,Single/Semi-detached House,2,Etobicoke Centre
4333477,STR-2306-HQRXVX,181 Beatrice St,B,M6G,Single/Semi-detached House,11,University-Rosedale
4333478,STR-2306-HXXXVY,195 Woodville Ave,,M4J,Single/Semi-detached House,14,Toronto-Danforth
4333479,STR-2306-GSPKVT,381 Front St W,2111,M5V,Condominium,10,Spadina-Fort York
4333480,STR-2306-FMGDVQ,21 Iceboat Ter,1806,M5V,Apartment,10,Spadina-Fort York
4333481,STR-2306-GDJRVS,17 Pharmacy Ave,,M1L,Single/Semi-detached House,20,Scarborough Southwest
4333482,STR-2306-GLQRVT,300 Front St W,4404,M5V,Condominium,10,Spadina-Fort York
4333483,STR-2306-GTWRVV,55 Bremner Blvd,3404,M5J,Condominium,10,Spadina-Fort York
4333484,STR-2306-GDZDVS,5 Parkway Forest Dr,802,M2J,Condominium,17,Don Valley North
4333485,STR-2306-HCTDVW,78 Ash Cres,,M8W,Single/Semi-detached House,3,Etobicoke-Lakeshore
4333486,STR-2306-HTGDVY,25 Carlton St,2507,M5B,Condominium,13,Toronto Centre
4333487,STR-2306-HLQRVX,2 Feldbar Crt,,M2N,Single/Semi-detached House,18,Willowdale
4333488,STR-2306-FHMDVP,166 Van Dusen Blvd,,M8Z,Single/Semi-detached House,3,Etobicoke-Lakeshore
4333489,STR-2306-FQTDVQ,2330 Queen St E,B,M4E,Duplex/Triplex/Fourplex,19,Beaches-East York
4333490,STR-2306-FXZDVR,256 Indian Road Cres,,M6P,Single/Semi-detached House,4,Parkdale-High Park
4333491,STR-2306-GWTDVV,108B Gough Ave,,M4K,Single/Semi-detached House,14,Toronto-Danforth
4333492,STR-2306-HMGDVX,165 Lascelles Blvd,,M5P,Single/Semi-detached House,12,Toronto-St. Paul's
4333493,STR-2306-HVMDVY,159 Gerrard St E,2,M5A,Duplex/Triplex/Fourplex,13,Toronto Centre
4333494,STR-2306-GQCRVT,20 Penzance Dr,,M1K,Single/Semi-detached House,21,Scarborough Centre
4333495,STR-2306-GXJRVV,383 horsham ave,,M2R,Townhouse/ Row House,18,Willowdale
4333496,STR-2306-HFQRVW,2480 St Clair Ave W,,M6N,Single/Semi-detached House,5,York South-Weston
4333497,STR-2306-HMWRVX,151 Dan Leckie Way,1003,M5V,Condominium,10,Spadina-Fort York
4333498,STR-2306-HWCRVY,155 Yorkville Ave,2115,M5R,Condominium,11,University-Rosedale
4333499,STR-2306-FRZDVQ,195 St Clarens Ave,1,M6H,Duplex/Triplex/Fourplex,9,Davenport
4333500,STR-2306-GHMDVS,21 Iceboat Ter,726,M5V,Condominium,10,Spadina-Fort York
4333501,STR-2306-GJCRVS,10 Maple Bush Ave,,M9N,Single/Semi-detached House,5,York South-Weston
4333502,STR-2306-GRJRVT,105 Seaton St,,M5A,Townhouse/ Row House,13,Toronto Centre
4333503,STR-2306-JFQRVZ,134 Harrison St,B,M6J,Duplex/Triplex/Fourplex,9,Davenport
4333504,STR-2306-GBMDVR,30 Shore Breeze Dr,528,M8V,Condominium,3,Etobicoke-Lakeshore
4333505,STR-2306-HHMDVW,1591 Dufferin St,1,M6H,Duplex/Triplex/Fourplex,9,Davenport
4333506,STR-2306-FTWRVQ,33 Van Stassen Blvd,,M6S,Single/Semi-detached House,4,Parkdale-High Park
4333507,STR-2306-GKJRVS,116 Galt Ave,,M4M,Single/Semi-detached House,14,Toronto-Danforth
4333508,STR-2306-FFBKVP,120 Homewood Ave,120,M4Y,Condominium,13,Toronto Centre
4333509,STR-2306-FVPKVR,153 Kenilworth Ave,,M4L,Single/Semi-detached House,19,Beaches-East York
4333510,STR-2306-GTHKVV,475 Jones Ave,,M4J,Single/Semi-detached House,14,Toronto-Danforth
4333511,STR-2306-HBPKVW,381 Lawrence Ave W,,M5M,Single/Semi-detached House,8,Eglinton-Lawrence
4333512,STR-2306-HSBKVY,8 Charlotte St,3405,M5V,Condominium,10,Spadina-Fort York
4333513,STR-2306-FFRXVP,300 Seaton St,2,M5A,Duplex/Triplex/Fourplex,13,Toronto Centre
4333514,STR-2306-GDKXVS,412 Sumach St,,M4X,Single/Semi-detached House,13,Toronto Centre
4333515,STR-2306-GLRXVT,100 Hill Cres,,M1M,Single/Semi-detached House,24,Scarborough-Guildwood
4333516,STR-2306-GTXXVV,105 George St,1304,M5A,Condominium,13,Toronto Centre
4333517,STR-2306-HSRXVY,52 Bairstow Cres,,M9W,Single/Semi-detached House,1,Etobicoke North
4333518,STR-2306-GMHKVT,2 Anndale Dr,3103,M2N,Condominium,18,Willowdale
4333519,STR-2306-GVPKVV,29 Aldergrove Ave,,M4C,Single/Semi-detached House,19,Beaches-East York
4333520,STR-2306-HCVKVW,21 Iceboat Ter,1508,M5V,Condominium,10,Spadina-Fort York
4333521,STR-2306-JBPKVZ,69 Elm St,3rd floor,M5G,Single/Semi-detached House,11,University-Rosedale
4333522,STR-2306-FGXXVP,33 Beechwood Dr,,M4K,Single/Semi-detached House,14,Toronto-Danforth
4333523,STR-2306-FQDXVQ,20 Shore Breeze Dr,542,M8V,Condominium,3,Etobicoke-Lakeshore
4333524,STR-2306-GFRXVS,29 Tonon Dr,,M3N,Single/Semi-detached House,7,Humber River-Black Creek
4333525,STR-2306-HDKXVW,17 Myers Lane,,M2H,Single/Semi-detached House,17,Don Valley North
4333526,STR-2306-HLRXVX,582 Ridelle Ave,,M6B,Single/Semi-detached House,8,Eglinton-Lawrence
4333527,STR-2306-HTXXVY,425 Drewry Ave,,M2R,Single/Semi-detached House,18,Willowdale
4333528,STR-2306-GGHKVS,101 Erskine Ave,1907,M4P,Condominium,15,Don Valley West
4333529,STR-2306-GPPKVT,804 Gladstone Ave,,M6H,Single/Semi-detached House,9,Davenport
4333530,STR-2306-HFBKVW,42 Western Battery Rd,745,M6K,Townhouse/ Row House,10,Spadina-Fort York
4333531,STR-2306-HMHKVX,209 Fort York Blvd,876,M5V,Condominium,10,Spadina-Fort York
4333532,STR-2306-FJDXVP,224 Geoffrey St,,M6R,Single/Semi-detached House,4,Parkdale-High Park
4333533,STR-2306-GGXXVS,147 Silver Springs Blvd,,M1V,Single/Semi-detached House,22,Scarborough-Agincourt
4333534,STR-2306-GQDXVT,37 Berryman St,,M5R,Townhouse/ Row House,11,University-Rosedale
4333535,STR-2306-GXKXVV,39 Lappin Ave,Main,M6H,Duplex/Triplex/Fourplex,9,Davenport
4333536,STR-2306-GQVKVT,2 Anndale Dr,1806,M2N,Condominium,18,Willowdale
4333537,STR-2306-HPPKVX,27 Hector Ave,Lower Level,M6G,Duplex/Triplex/Fourplex,12,Toronto-St. Paul's
4333538,STR-2306-JFBKVZ,57 Finch Ave W,4,M2N,Condominium,18,Willowdale
4333539,STR-2306-FKKXVP,363 Shaw St,,M6J,Single/Semi-detached House,11,University-Rosedale
4333540,STR-2306-FSRXVQ,184 Emerson Ave,1,M6H,Townhouse/ Row House,9,Davenport
4333541,STR-2306-HQDXVX,44 Huntley St,202,M4Y,Apartment,13,Toronto Centre
4333542,STR-2306-HXKXVY,349 Logan Ave,,M4M,Single/Semi-detached House,14,Toronto-Danforth
4333543,STR-2306-GSBKVT,28 Linden St,1002,M4Y,Condominium,13,Toronto Centre
4333544,STR-2306-JGHKVZ,21 Cora Cres,,M1P,Single/Semi-detached House,21,Scarborough Centre
4333545,STR-2306-FTXXVQ,117 Warden Ave,,M1N,Single/Semi-detached House,20,Scarborough Southwest
4333546,STR-2306-GZXXVV,58 Farningham Cres,,M9B,Single/Semi-detached House,2,Etobicoke Centre
4333547,STR-2306-HJDXVW,17 Winston Ave,,M1N,Single/Semi-detached House,20,Scarborough Southwest
4333548,STR-2306-HRKXVX,667 College St,3,M6G,Apartment,11,University-Rosedale
4333549,STR-2306-FMJRVQ,20 John St,620,M5V,Condominium,10,Spadina-Fort York
4333550,STR-2306-FVQRVR,130 Beech Ave,,M4E,Single/Semi-detached House,19,Beaches-East York
4333551,STR-2306-HBQRVW,19 Perth Ave,,M6R,Townhouse/ Row House,9,Davenport
4333552,STR-2306-HJWRVX,279 Reiner Rd,,M3H,Single/Semi-detached House,6,York Centre
4333553,STR-2306-HSCRVY,198 Newton Dr,,M2M,Single/Semi-detached House,18,Willowdale
4333554,STR-2306-FFTDVP,352 Front St W,320,M5V,Condominium,10,Spadina-Fort York
4333555,STR-2306-FMZDVQ,58 Teignmouth Ave,,M6E,Single/Semi-detached House,9,Davenport
4333556,STR-2306-GLTDVT,268 Logan Ave,3,M4M,Apartment,14,Toronto-Danforth
4333557,STR-2306-HSTDVY,47 Manderley Dr,,M1N,Single/Semi-detached House,20,Scarborough Southwest
4333558,STR-2306-FGJRVP,204 Pacific Ave,,M6P,Single/Semi-detached House,4,Parkdale-High Park
4333559,STR-2306-GPQRVT,84 Dairy Dr,,M1L,Townhouse/ Row House,20,Scarborough Southwest
4333560,STR-2306-HCWRVW,21 Iceboat Ter,631,M5V,Condominium,10,Spadina-Fort York
4333561,STR-2306-HLCRVX,104 Goodwood Park Crt,209,M4C,Apartment,19,Beaches-East York
4333562,STR-2306-FZZDVR,9 Tangmere Rd,,M3B,Single/Semi-detached House,16,Don Valley East
4333563,STR-2306-GFTDVS,151 Dan Leckie Way,2209,M5V,Condominium,10,Spadina-Fort York
4333564,STR-2306-GWGDVV,300 Front St W,1708,M5V,Condominium,10,Spadina-Fort York
4333565,STR-2306-HFCRVW,155 Yorkville Ave,2307,M5R,Condominium,11,University-Rosedale
4333566,STR-2306-HVQRVY,140 Simcoe St,814,M5H,Condominium,10,Spadina-Fort York
4333567,STR-2306-JCWRVZ,630 Kingston Rd,301,M4E,Condominium,19,Beaches-East York
4333568,STR-2306-FYTDVR,209 Fort York Blvd,873,M5V,Condominium,10,Spadina-Fort York
4333569,STR-2306-GGZDVS,174 Wineva Ave,,M4E,Single/Semi-detached House,19,Beaches-East York
4333570,STR-2306-GXMDVV,216 Sterling Rd,,M6R,Single/Semi-detached House,9,Davenport
4333571,STR-2306-HWGDVY,91 Oakwood Ave,2,M6H,Duplex/Triplex/Fourplex,9,Davenport
4333572,STR-2306-GQWRVT,47 Geneva Ave,,M5A,Townhouse/ Row House,13,Toronto Centre
4333573,STR-2306-FKMDVP,41 Mariposa Ave,,M6N,Single/Semi-detached House,5,York South-Weston
4333574,STR-2306-GYTDVV,215 Fort York Blvd,3011,M5V,Condominium,10,Spadina-Fort York
4333575,STR-2306-HGZDVW,9 Love Cres,1,M4E,Duplex/Triplex/Fourplex,19,Beaches-East York
4333576,STR-2306-HQGDVX,112 George St,434,M5A,Condominium,13,Toronto Centre
4333577,STR-2306-HXMDVY,18 Yonge st,1403,M5E,Condominium,10,Spadina-Fort York
4333578,STR-2306-GBQRVR,1646 Dupont St,1,M6P,Single/Semi-detached House,9,Davenport
4333579,STR-2306-GZJRVV,8 Charlotte St,808,M5V,Condominium,10,Spadina-Fort York
4333580,STR-2306-HHQRVW,197 Bellefontaine St,,M1S,Townhouse/ Row House,22,Scarborough-Agincourt
4333581,STR-2306-FLTDVP,151 Dan Leckie Way,947,M5V,Condominium,10,Spadina-Fort York
4333582,STR-2306-FTZDVQ,97 Berkshire Ave,,M4M,Townhouse/ Row House,14,Toronto-Danforth
4333583,STR-2306-GSTDVT,81 Heman St,1,M8V,Duplex/Triplex/Fourplex,3,Etobicoke-Lakeshore
4333584,STR-2306-HJGDVW,367 Caledonia Rd,,M6E,Single/Semi-detached House,9,Davenport
4333585,STR-2306-FDPPHP,21 Iceboat Ter,4101,M5V,Condominium,10,Spadina-Fort York
4333586,STR-2306-GCHPHS,57 Macaulay Ave,703,M6P,Condominium,9,Davenport
4333587,STR-2306-GSVPHV,101 Peter St,906,M5V,Condominium,10,Spadina-Fort York
4333588,STR-2306-FMLBHQ,137 Roebuck Dr,,M1K,Single/Semi-detached House,20,Scarborough Southwest
4333589,STR-2306-FVSBHR,1540 King St W,3A,M6K,Condominium,4,Parkdale-High Park
4333590,STR-2306-GTLBHV,95 Lightbourn Ave,,M6H,Single/Semi-detached House,9,Davenport
4333591,STR-2306-HSFBHY,90 Oxford St,11,M5T,Apartment,11,University-Rosedale
4333592,STR-2306-HZLBHZ,22 Western Battery Rd,117,M6K,Townhouse/ Row House,10,Spadina-Fort York
4333593,STR-2306-GLVPHT,687 Glencairn Ave,,M6B,Single/Semi-detached House,8,Eglinton-Lawrence
4333594,STR-2306-HCHPHW,438 Christie St,,M6G,Single/Semi-detached House,12,Toronto-St. Paul's
4333595,STR-2306-HSVPHY,14 York St,3302,M5J,Condominium,10,Spadina-Fort York
4333596,STR-2306-FGLBHP,55 Ann O'Reilly Rd,621,M2J,Condominium,17,Don Valley North
4333597,STR-2306-FPSBHQ,36 Servington Cres,,M4S,Single/Semi-detached House,12,Toronto-St. Paul's
4333598,STR-2306-GMLBHT,101 Peter St,3110,M5V,Condominium,10,Spadina-Fort York
4333599,STR-2306-GPBPHT,88 Wareside Rd,,M9C,Single/Semi-detached House,2,Etobicoke Centre
4333600,STR-2306-GWHPHV,20 Shannon St,,M6J,Single/Semi-detached House,9,Davenport
4333601,STR-2306-HVBPHY,477 The East Mall,,M9B,Single/Semi-detached House,2,Etobicoke Centre
4333602,STR-2306-FYFBHR,88 Carr St,26,M5T,Townhouse/ Row House,10,Spadina-Fort York
4333603,STR-2307-GWYBHV,955 Bay St,2007,M5S,Condominium,13,Toronto Centre
4333604,STR-2307-HFFBHW,99 Cameron St,803,M5T,Condominium,10,Spadina-Fort York
4333605,STR-2307-HMLBHX,270 Palmdale Dr,1701,M1T,Condominium,22,Scarborough-Agincourt
4333606,STR-2307-FRPPHQ,43 Parkway Ave,,M6R,Single/Semi-detached House,4,Parkdale-High Park
4333607,STR-2307-FYVPHR,14 York St,5510,M5J,Condominium,10,Spadina-Fort York
4333608,STR-2307-FJYBHP,87 Peter St,4111,M5V,Condominium,10,Spadina-Fort York
4333609,STR-2307-FSFBHQ,33 Lawnmere Cres,,M1S,Single/Semi-detached House,23,Scarborough North
4333610,STR-2307-HWYBHY,94 Ninth St,,M8V,Single/Semi-detached House,3,Etobicoke-Lakeshore
4333611,STR-2307-JFFBHZ,50 Joe Shuster Way,203,M6K,Townhouse/ Row House,10,Spadina-Fort York
4333612,STR-2307-FKPPHP,237 Seaton St,,M5A,Townhouse/ Row House,13,Toronto Centre
4333613,STR-2307-FSVPHQ,250 Wellington St W,1642,M5V,Condominium,10,Spadina-Fort York
4333614,STR-2307-GBBPHR,101 Peter St,2105,M5V,Condominium,10,Spadina-Fort York
4333615,STR-2307-GRPPHT,279 Lisgar St,,M6J,Single/Semi-detached House,9,Davenport
4333616,STR-2307-HQHPHX,64 Venetian Cres,Upper Floor,M3N,Single/Semi-detached House,7,Humber River-Black Creek
4333617,STR-2307-GBSBHR,41 Huntsmill Blvd,,M1W,Single/Semi-detached House,22,Scarborough-Agincourt
4333618,STR-2307-GJYBHS,146 Sellers Ave,,M6E,Single/Semi-detached House,9,Davenport
4333619,STR-2307-HQYBHX,33 Struthers St,,M8V,Single/Semi-detached House,3,Etobicoke-Lakeshore
4333620,STR-2307-GCJVHS,230 Queens Quay W,729,M5J,Condominium,10,Spadina-Fort York
4333621,STR-2307-GSWVHV,30 NELSON St,2208,M5V,Condominium,10,Spadina-Fort York
4333622,STR-2307-FFGHHP,20 Six Nations Ave,,M1H,Single/Semi-detached House,24,Scarborough-Guildwood
4333623,STR-2307-FMMHHQ,15 Shudell Ave,,M4J,Single/Semi-detached House,14,Toronto-Danforth
4333624,STR-2307-GTMHHV,300 Front St W,3706,M5V,Condominium,10,Spadina-Fort York
4333625,STR-2307-HJZHHX,101 Peter St,3412,M5V,Condominium,10,Spadina-Fort York
4333626,STR-2307-HZMHHZ,160 Bellwoods Ave,,M6J,Single/Semi-detached House,10,Spadina-Fort York
4333627,STR-2307-GLWVHT,136 Glen Albert Dr,,M4B,Single/Semi-detached House,19,Beaches-East York
4333628,STR-2307-GVCVHV,300 Front St W,4101,M5V,Condominium,10,Spadina-Fort York
4333629,STR-2307-FPTHHQ,2 Hurdman St,,M6M,Single/Semi-detached House,5,York South-Weston
4333630,STR-2307-HLGHHX,155 Yorkville Ave,1811,M5R,Condominium,11,University-Rosedale
4333631,STR-2307-FRQVHQ,70 Scarborough Rd,1,M4E,Duplex/Triplex/Fourplex,19,Beaches-East York
4333632,STR-2307-JBTHHZ,30 Nelson St,212,M5V,Condominium,10,Spadina-Fort York
4333633,STR-2307-FQJVHQ,65 High Park Ave,1610,M6P,Apartment,4,Parkdale-High Park
4333634,STR-2307-FXQVHR,71 Leslie St,,M4M,Single/Semi-detached House,14,Toronto-Danforth
4333635,STR-2307-HDQVHW,955 Bay St,1616,M5S,Condominium,13,Toronto Centre
4333636,STR-2307-FHTHHP,83 Chester Ave,,M4K,Single/Semi-detached House,14,Toronto-Danforth
4333637,STR-2307-FQZHHQ,550 Jane St,,M6S,Single/Semi-detached House,4,Parkdale-High Park
4333638,STR-2307-FYGHHR,208 Queens Quay W,1204,M5J,Condominium,10,Spadina-Fort York
4333639,STR-2307-HFGHHW,300 Front St W,809,M5V,Condominium,10,Spadina-Fort York
4333640,STR-2307-HFWVHW,216 Balsam Ave,,M4E,Single/Semi-detached House,19,Beaches-East York
4333641,STR-2307-HPCVHX,12 Earl Haig Ave,,M4C,Single/Semi-detached House,19,Beaches-East York
4333642,STR-2307-HWJVHY,38 Joe Shuster Way,1422,M6K,Condominium,10,Spadina-Fort York
4333643,STR-2307-FSGHHQ,300 Front St W,3710,M5V,Condominium,10,Spadina-Fort York
4333644,STR-2307-GBCVHR,22 Shannon St,,M6J,Single/Semi-detached House,9,Davenport
4333645,STR-2307-FSJVHQ,54 Afton Ave,,M6J,Single/Semi-detached House,9,Davenport
4333646,STR-2307-GRQVHT,140 Harrison St,,M6J,Single/Semi-detached House,9,Davenport
4333647,STR-2307-GYWVHV,199 Richmond St W,1503,M5V,Condominium,10,Spadina-Fort York
4333648,STR-2307-HQJVHX,13 Corbett Ave,,M6N,Single/Semi-detached House,5,York South-Weston
4333649,STR-2307-JFWVHZ,14 York St,3612,M5J,Condominium,10,Spadina-Fort York
4333650,STR-2307-FLGHHP,105 Silverthorn Ave,,M6N,Single/Semi-detached House,9,Davenport
4333651,STR-2307-GJZHHS,300 Front St W,2501,M5V,Condominium,10,Spadina-Fort York
4333652,STR-2307-HQZHHX,18 Yonge St,3807,M5E,Condominium,10,Spadina-Fort York
4333653,STR-2307-FVFBHR,320 Fairlawn Ave,,M5M,Single/Semi-detached House,8,Eglinton-Lawrence
4333654,STR-2307-GCLBHS,2459 Dundas St W,,M6P,Single/Semi-detached House,4,Parkdale-High Park
4333655,STR-2307-GSYBHV,478 King St W,1110,M5V,Condominium,10,Spadina-Fort York
4333656,STR-2307-HRSBHY,5 Homestead Rd,,M1E,Single/Semi-detached House,25,Scarborough-Rouge Park
4333657,STR-2307-FMPPHQ,29 Monarch Park Ave,2,M4J,Single/Semi-detached House,14,Toronto-Danforth
4333658,STR-2307-GDBPHS,1 Shaw St,621,M6K,Condominium,10,Spadina-Fort York
4333659,STR-2307-HBVPHW,80 Western Battery Rd,2304,M6K,Condominium,10,Spadina-Fort York
4333660,STR-2307-FFYBHP,31 Shaver Ave S,,M9B,Single/Semi-detached House,3,Etobicoke-Lakeshore
4333661,STR-2307-FPFBHQ,575 Clendenan Ave,,M6P,Single/Semi-detached House,4,Parkdale-High Park
4333662,STR-2307-FWLBHR,11 Charleston Rd,,M9B,Single/Semi-detached House,2,Etobicoke Centre
4333663,STR-2307-GVFBHV,95 Wright Ave,,M6R,Single/Semi-detached House,4,Parkdale-High Park
4333664,STR-2307-HCLBHW,237 Dovercourt Rd,F,M6J,Apartment,10,Spadina-Fort York
4333665,STR-2307-HSYBHY,3257-3259 Lake Shore Blvd W,3,M8V,Apartment,3,Etobicoke-Lakeshore
4333666,STR-2307-FGPPHP,241 St John's Rd,,M6P,Single/Semi-detached House,4,Parkdale-High Park
4333667,STR-2307-FPVPHQ,10 Rexford Rd,,M6S,Single/Semi-detached House,4,Parkdale-High Park
4333668,STR-2307-GMPPHT,250 Wellington St W,1235,M5V,Condominium,10,Spadina-Fort York
4333669,STR-2307-GVVPHV,1001 Pharmacy Ave,,M1R,Single/Semi-detached House,21,Scarborough Centre
4333670,STR-2307-HDBPHW,80 Grandravine Dr,616,M3J,Condominium,7,Humber River-Black Creek
4333671,STR-2307-FYHPHR,148 1/2 Bellwoods Ave,,M6J,Townhouse/ Row House,10,Spadina-Fort York
4333672,STR-2307-HMPPHX,1398 Queen St E,,M4L,Single/Semi-detached House,14,Toronto-Danforth
4333673,STR-2307-JDBPHZ,25 Sandyhook Sq,,M1W,Single/Semi-detached House,22,Scarborough-Agincourt
4333674,STR-2307-FRSBHQ,38 Joe Shuster Way,704,M6K,Condominium,10,Spadina-Fort York
4333675,STR-2307-GQLBHT,12 York St,3904,M5J,Condominium,10,Spadina-Fort York
4333676,STR-2307-HPFBHX,25 Humewood Dr,,M6C,Single/Semi-detached House,12,Toronto-St. Paul's
4333677,STR-2307-GHVPHS,223 River St,B3,M5A,Townhouse/ Row House,13,Toronto Centre
4333678,STR-2307-GRBPHT,65 Thicket Rd,,M9C,Single/Semi-detached House,2,Etobicoke Centre
4333679,STR-2307-GJLBHS,578 Spadina Ave,4,M5S,Condominium,11,University-Rosedale
4333680,STR-2307-GRSBHT,143 Yorkview Dr,,M8Z,Single/Semi-detached House,3,Etobicoke-Lakeshore
4333681,STR-2307-GZPPHV,22 Somerset Ave,,M6H,Townhouse/ Row House,9,Davenport
4333682,STR-2307-GMBPHT,21 Iceboat Ter,1501,M5V,Condominium,10,Spadina-Fort York
4333683,STR-2307-FDTHHP,155 Yorkville Ave,2717,M5R,Condominium,11,University-Rosedale
4333684,STR-2307-FVGHHR,978 Bathurst St,2,M5R,Duplex/Triplex/Fourplex,11,University-Rosedale
4333685,STR-2307-HBGHHW,208 Osler St,,M6N,Single/Semi-detached House,9,Davenport
4333686,STR-2307-GTQVHV,516 Indian Grv,,M6P,Single/Semi-detached House,4,Parkdale-High Park
4333687,STR-2307-FFZHHP,80 Queens Wharf Rd,1511,M5V,Condominium,10,Spadina-Fort York
4333688,STR-2307-GDTHHS,47 Haven Hill Sq,,M1V,Single/Semi-detached House,23,Scarborough North
4333689,STR-2307-FPWVHQ,1141 Broadview Ave,1,M4K,Single/Semi-detached House,14,Toronto-Danforth
4333690,STR-2307-FXCVHR,101 Peter St,1710,M5V,Apartment,10,Spadina-Fort York
4333691,STR-2307-GMQVHT,76 Bellefair Ave,Upper,M4L,Duplex/Triplex/Fourplex,19,Beaches-East York
4333692,STR-2308-HYPPHY,11 Valentine Dr,,M3A,Single/Semi-detached House,16,Don Valley East
4333693,STR-2307-FHGHHP,10 Arrowstook Rd,,M2K,Single/Semi-detached House,17,Don Valley North
4333694,STR-2307-GPGHHT,300 Front St W,304,M5V,Condominium,10,Spadina-Fort York
4333695,STR-2307-HLZHHX,2 Edilou Dr,,M8W,Single/Semi-detached House,3,Etobicoke-Lakeshore
4333696,STR-2307-JCMHHZ,2 Danesbury Ave,Main FL,M6B,Single/Semi-detached House,8,Eglinton-Lawrence
4333697,STR-2307-FHWVHP,138 Dovercourt Rd,,M6J,Single/Semi-detached House,9,Davenport
4333698,STR-2307-GXCVHV,39 Baltic Ave,,M4J,Single/Semi-detached House,14,Toronto-Danforth
4333699,STR-2307-HVWVHY,102 Sammon Ave,,M4J,Single/Semi-detached House,14,Toronto-Danforth
4333700,STR-2307-FJMHHP,17 Monastery Lane,,M1L,Single/Semi-detached House,20,Scarborough Southwest
4333701,STR-2307-FYZHHR,1122 Greenwood Ave,,M4J,Single/Semi-detached House,14,Toronto-Danforth
4333702,STR-2307-GXTHHV,491 Donlands Ave,,M4J,Single/Semi-detached House,14,Toronto-Danforth
4333703,STR-2307-HPGHHX,55 Bremner Blvd,4308,M5J,Condominium,10,Spadina-Fort York
4333704,STR-2307-HWMHHY,7 Silver Spruce Dr,,M1W,Single/Semi-detached House,22,Scarborough-Agincourt
4333705,STR-2307-JDTHHZ,57 Thirty Seventh St,,M8W,Single/Semi-detached House,3,Etobicoke-Lakeshore
4333706,STR-2307-GHWVHS,2300 St Clair Ave W,1006,M6N,Condominium,5,York South-Weston
4333707,STR-2307-HGQVHW,183 Bowie Ave,3,M6E,Duplex/Triplex/Fourplex,8,Eglinton-Lawrence
4333708,STR-2307-HPWVHX,151 Dan Leckie Way,706,M5V,Condominium,10,Spadina-Fort York
4333709,STR-2307-GJMHHS,1279 Davenport Rd,1,M6H,Single/Semi-detached House,9,Davenport
4333710,STR-2307-HQMHHX,175 Bleecker St,216,M4X,Condominium,13,Toronto Centre
4333711,STR-2307-FTQVHQ,101 Peter St,907,M5V,Condominium,10,Spadina-Fort York
4333712,STR-2307-GKCVHS,222 Elm St,1014,M5T,Apartment,11,University-Rosedale
4333713,STR-2307-JGQVHZ,170 Ingleton Blvd,,M1V,Single/Semi-detached House,23,Scarborough North
4333714,STR-2307-FMBPHQ,87 Rivercrest Rd,,M6S,Single/Semi-detached House,4,Parkdale-High Park
4333715,STR-2307-GKVPHT,151 Dan Leckie Way,911,M5V,Condominium,10,Spadina-Fort York
4333716,STR-2307-GTBPHV,35 Walmer Rd,504,M5R,Apartment,11,University-Rosedale
4333717,STR-2307-HRVPHY,65 Bremner Blvd,2809,M5J,Condominium,10,Spadina-Fort York
4333718,STR-2307-GDFBHS,65 Bremner Blvd,3406,M5J,Condominium,10,Spadina-Fort York
4333719,STR-2307-GLLBHT,1612 O'Connor Dr,,M4B,Townhouse/ Row House,19,Beaches-East York
4333720,STR-2307-HBYBHW,4 Knowland Dr,,M9A,Single/Semi-detached House,2,Etobicoke Centre
4333721,STR-2307-HSLBHY,15 Victoria Ave W,,M9N,Single/Semi-detached House,5,York South-Weston
4333722,STR-2307-FWPPHR,1 Shaw St,115,M6K,Condominium,10,Spadina-Fort York
4333723,STR-2307-JBHPHZ,2A Church St,612,M5E,Condominium,10,Spadina-Fort York
4333724,STR-2307-FPYBHQ,26 Twenty Ninth St,1,M8W,Townhouse/ Row House,3,Etobicoke-Lakeshore
4333725,STR-2307-FXFBHR,680 Brown's Line,,M8W,Single/Semi-detached House,3,Etobicoke-Lakeshore
4333726,STR-2307-GFLBHS,21 Iceboat Ter,531,M5V,Condominium,10,Spadina-Fort York
4333727,STR-2307-GVYBHV,12 York St,502,M5J,Condominium,10,Spadina-Fort York
4333728,STR-2307-HTSBHY,151 Dan Leckie Way,312,M5V,Condominium,10,Spadina-Fort York
4333729,STR-2307-FHHPHP,57 Hopperton Dr,,M2L,Single/Semi-detached House,15,Don Valley West
4333730,STR-2307-FXVPHR,17 Tarmola Park Crt,,M9L,Townhouse/ Row House,7,Humber River-Black Creek
4333731,STR-2307-GGBPHS,50 White Ave,,M1C,Single/Semi-detached House,25,Scarborough-Rouge Park
4333732,STR-2307-HVHPHY,32 Simpson Ave,,M4K,Single/Semi-detached House,14,Toronto-Danforth
4333733,STR-2307-FYLBHR,99 Cameron St,709,M5T,Condominium,10,Spadina-Fort York
4333734,STR-2307-HFLBHW,482 Dufferin St,,M6K,Townhouse/ Row House,9,Davenport
4333735,STR-2307-HMSBHX,15 Iceboat Ter,1612,M5V,Condominium,10,Spadina-Fort York
4333736,STR-2307-GQPPHT,363 Strathmore Blvd,,M4C,Single/Semi-detached House,19,Beaches-East York
4333737,STR-2307-GXVPHV,3 Jean Dempsey Gt,,M1C,Single/Semi-detached House,25,Scarborough-Rouge Park
4333738,STR-2307-HPHPHX,363 Strathmore Blvd,Basement,M4C,Single/Semi-detached House,19,Beaches-East York
4333739,STR-2307-JDVPHZ,1540A King St W,2A,M6K,Condominium,4,Parkdale-High Park
4333740,STR-2307-FSLBHQ,12 York St,4808,M5J,Condominium,10,Spadina-Fort York
4333741,STR-2307-GJPPHS,832 The Queensway,A,M8Z,Apartment,3,Etobicoke-Lakeshore
4333742,STR-2307-HXVPHY,158 Grenadier Rd,1,M6R,Single/Semi-detached House,4,Parkdale-High Park
4333743,STR-2307-JGBPHZ,194 Dixon Rd,,M9P,Single/Semi-detached House,1,Etobicoke North
4333744,STR-2307-JGSBHZ,151 Dan Leckie Way,908,M5V,Condominium,10,Spadina-Fort York
4333745,STR-2307-FVJVHR,145 Marlee Ave,1702,M6B,Apartment,8,Eglinton-Lawrence
4333746,STR-2307-GCQVHS,20 Whistle Post St,,M4E,Single/Semi-detached House,19,Beaches-East York
4333747,STR-2307-HBJVHW,35 Mariner Ter,1111,M5V,Condominium,10,Spadina-Fort York
4333748,STR-2307-FFMHHP,19 Hillsboro Ave,,M5R,Single/Semi-detached House,11,University-Rosedale
4333749,STR-2307-FMTHHQ,549 Perth Ave,Upper,M6N,Duplex/Triplex/Fourplex,9,Davenport
4333750,STR-2307-GLMHHT,9 Fairmount Cres,,M4L,Single/Semi-detached House,19,Beaches-East York
4333751,STR-2307-GMCVHT,287 Humberside Ave,,M6P,Single/Semi-detached House,4,Parkdale-High Park
4333752,STR-2307-HTCVHY,2 Houston Cres,,M2J,Single/Semi-detached House,17,Don Valley North
4333753,STR-2307-FXGHHR,137 Pineway Blvd,,M2H,Single/Semi-detached House,17,Don Valley North
4333754,STR-2307-GFMHHS,101 Poynter Dr,,M9R,Single/Semi-detached House,2,Etobicoke Centre
4333755,STR-2307-GVZHHV,321 Concord Ave,,M6H,Single/Semi-detached House,9,Davenport
4333756,STR-2307-HDGHHW,69 Lynn Williams St,814,M6K,Condominium,10,Spadina-Fort York
4333757,STR-2307-FQQVHQ,8 Tottenham Rd,,M3C,Single/Semi-detached House,16,Don Valley East
4333758,STR-2307-GPJVHT,604 O'Connor Dr,,M4C,Single/Semi-detached House,19,Beaches-East York
4333759,STR-2307-HMCVHX,342 Harvie Ave,,M6E,Single/Semi-detached House,9,Davenport
4333760,STR-2307-FRWVHQ,200 Victoria St,1506,M5B,Apartment,13,Toronto Centre
4333761,STR-2307-FZCVHR,15 Merchants' Wharf,805,M5A,Condominium,10,Spadina-Fort York
4333762,STR-2307-GHJVHS,21 Iceboat Ter,532,M5V,Condominium,10,Spadina-Fort York
4333763,STR-2307-GXWVHV,955 Bay St,1010,M5S,Condominium,13,Toronto Centre
4333764,STR-2307-HPJVHX,85 Bloor St E,2008,M4W,Condominium,11,University-Rosedale
4333765,STR-2307-HWQVHY,251 Jarvis St,4106,M5B,Condominium,13,Toronto Centre
4333766,STR-2307-HGTHHW,13 Fifth St,,M5J,Single/Semi-detached House,10,Spadina-Fort York
4333767,STR-2307-JFMHHZ,1 Cotillion Crt,,M9A,Single/Semi-detached House,2,Etobicoke Centre
4333768,STR-2307-GBJVHR,163 Donald Ave,,M6M,Single/Semi-detached House,5,York South-Weston
4333769,STR-2307-JGCVHZ,55 Bremner Blvd,1111,M5J,Condominium,10,Spadina-Fort York
4333770,STR-2307-GZTHHV,81 Mitchell Ave,,M6J,Single/Semi-detached House,10,Spadina-Fort York
4333771,STR-2307-HHZHHW,120 Harrison Garden Blvd,306,M2N,Condominium,18,Willowdale
4333772,STR-2307-FMFBHQ,26 Purdon Dr,,M3H,Single/Semi-detached House,6,York Centre
4333773,STR-2307-HJSBHX,18 Cedarwood Ave,,M2L,Single/Semi-detached House,15,Don Valley West
4333774,STR-2307-FMVPHQ,277 Hiawatha Rd,,M4L,Single/Semi-detached House,14,Toronto-Danforth
4333775,STR-2307-HKHPHX,932 Royal York Rd,,M8Y,Single/Semi-detached House,3,Etobicoke-Lakeshore
4333776,STR-2307-GDYBHS,115 Isaac Devins Blvd,,M9M,Townhouse/ Row House,7,Humber River-Black Creek
4333777,STR-2307-GMFBHT,11 Plainfield Rd,,M9N,Single/Semi-detached House,5,York South-Weston
4333778,STR-2307-GVLBHV,120 Bell Estate Rd,,M1L,Single/Semi-detached House,20,Scarborough Southwest
4333779,STR-2307-HCSBHW,101 Peter St,1802,M5V,Condominium,10,Spadina-Fort York
4333780,STR-2307-HKYBHX,350 Mill Rd,408,M9C,Condominium,2,Etobicoke Centre
4333781,STR-2307-FGVPHP,12 York St,4603,M5J,Condominium,10,Spadina-Fort York
4333782,STR-2307-FQBPHQ,92 Power St,APT 2,M5A,Duplex/Triplex/Fourplex,13,Toronto Centre
4333783,STR-2307-FXHPHR,19 Agnes Lane,,M4L,Townhouse/ Row House,14,Toronto-Danforth
4333784,STR-2307-GWBPHV,14 York St,6103,M5J,Condominium,10,Spadina-Fort York
4333785,STR-2307-FXYBHR,48 Applemore Rd,,M1B,Single/Semi-detached House,23,Scarborough North
4333786,STR-2307-GPLBHT,120 Homewood Ave,705,M4Y,Apartment,13,Toronto Centre
4333787,STR-2307-HMFBHX,121 Stafford Rd,,M2R,Single/Semi-detached House,18,Willowdale
4333788,STR-2307-HVLBHY,321 Lonsdale Rd,F,M4V,Apartment,12,Toronto-St. Paul's
4333789,STR-2307-FJBPHP,500 Doris Ave,1521,M2N,Condominium,18,Willowdale
4333790,STR-2307-FYPPHR,217 Melita Ave,,M6G,Single/Semi-detached House,12,Toronto-St. Paul's
4333791,STR-2307-GXHPHV,300 Front St W,3312,M5V,Condominium,10,Spadina-Fort York
4333792,STR-2308-FRYBHQ,6 Rolyat St,A,M6J,Single/Semi-detached House,10,Spadina-Fort York
4333793,STR-2308-HPLBHX,482 Milverton Blvd,,M4C,Single/Semi-detached House,19,Beaches-East York
4333794,STR-2308-JDYBHZ,500 Doris Ave,1421,M2N,Condominium,18,Willowdale
4333795,STR-2308-FSPPHQ,12 Glenn Arthur Dr,,M8Y,Single/Semi-detached House,3,Etobicoke-Lakeshore
4333796,STR-2308-FTVPHQ,195 Boulton Ave,,M4M,Single/Semi-detached House,14,Toronto-Danforth
4333797,STR-2308-GCBPHR,217 Beverley St,3,M5T,Apartment,11,University-Rosedale
4333798,STR-2308-GKHPHS,117A Coxwell Ave,,M4L,Single/Semi-detached House,19,Beaches-East York
4333799,STR-2308-GZVPHV,12 York St,3206,M5J,Condominium,10,Spadina-Fort York
4333800,STR-2308-JGVPHZ,38 Dan Leckie Way,2908,M5V,Condominium,10,Spadina-Fort York
4333801,STR-2308-FMGHHQ,8 Harlow Cres,,M9V,Single/Semi-detached House,1,Etobicoke North
4333802,STR-2308-GTGHHV,229 Coleridge Ave,,M4C,Single/Semi-detached House,19,Beaches-East York
4333803,STR-2308-HBMHHW,366 Runnymede Rd,,M6S,Single/Semi-detached House,4,Parkdale-High Park
4333804,STR-2308-HRZHHY,27 Concord Ave,,M6H,Single/Semi-detached House,9,Davenport
4333805,STR-2308-HZGHHZ,226 Glengarry Ave,,M5M,Single/Semi-detached House,8,Eglinton-Lawrence
4333806,STR-2308-FWCVHR,5 Cushendun Rd,,M1E,Single/Semi-detached House,25,Scarborough-Rouge Park
4333807,STR-2308-GDJVHS,15 Wadsworth Blvd,,M9N,Single/Semi-detached House,5,York South-Weston
4333808,STR-2308-HCCVHW,114 John Tabor Trl,,M1B,Single/Semi-detached House,25,Scarborough-Rouge Park
4333809,STR-2308-HCTHHW,18 Yonge St,3002,M5E,Condominium,10,Spadina-Fort York
4333810,STR-2308-FXJVHR,51 Willow Ave,Main,M4E,Single/Semi-detached House,19,Beaches-East York
4333811,STR-2308-GMWVHT,117 Dawes Rd,,M4C,Single/Semi-detached House,19,Beaches-East York
4333812,STR-2308-GWCVHV,50 Stephanie St,2309,M5T,Apartment,10,Spadina-Fort York
4333813,STR-2308-FHMHHP,155 Yorkville Ave,410,M5R,Condominium,11,University-Rosedale
4333814,STR-2308-FXZHHR,34 Tiago Ave,,M4B,Single/Semi-detached House,19,Beaches-East York
4333815,STR-2308-HDZHHW,10 Capreol Crt,746,M5V,Condominium,10,Spadina-Fort York
4333816,STR-2308-HMGHHX,427 Armadale Ave,,M6S,Single/Semi-detached House,4,Parkdale-High Park
4333817,STR-2308-FRJVHQ,37 Canham Cres,,M1S,Single/Semi-detached House,23,Scarborough North
4333818,STR-2308-HLSBHX,84 Frater Ave,,M4C,Single/Semi-detached House,19,Beaches-East York
4333819,STR-2308-JDJVHZ,1095 Dundas St W,2,M6J,Single/Semi-detached House,10,Spadina-Fort York
4333820,STR-2308-FJTHHP,101 Peter St,1403,M5V,Condominium,10,Spadina-Fort York
4333821,STR-2308-FRZHHQ,251 Jarvis St,1134,M5B,Condominium,13,Toronto Centre
4333822,STR-2308-GHMHHS,73 Langley Ave,,M4K,Single/Semi-detached House,14,Toronto-Danforth
4333823,STR-2308-FKJVHP,289 Burnett Ave,,M2N,Single/Semi-detached House,18,Willowdale
4333824,STR-2308-GYQVHV,98 Lillian St,726,M4S,Condominium,12,Toronto-St. Paul's
4333825,STR-2308-FTGHHQ,151 Dan Leckie Way,918,M5V,Condominium,10,Spadina-Fort York
4333826,STR-2308-JGGHHZ,213 Franklin Ave,,M6P,Single/Semi-detached House,9,Davenport
4333827,STR-2308-GKJVHS,34 Elmfield Cres,,M1V,Single/Semi-detached House,22,Scarborough-Agincourt
4333828,STR-2308-GSQVHT,15 Zorra St,2205,M8Z,Condominium,3,Etobicoke-Lakeshore
4333829,STR-2308-JGWVHZ,1948 Danforth Avenue,1,M4C,Apartment,19,Beaches-East York
4333830,STR-2308-FVPPHR,520A Bloor St W,1,M5S,Apartment,11,University-Rosedale
4333831,STR-2308-GCVPHS,60 Robinson St,,M6J,Townhouse/ Row House,10,Spadina-Fort York
4333832,STR-2308-GTHPHV,300 Front St W,2104,M5V,Condominium,10,Spadina-Fort York
4333833,STR-2308-HBPPHW,12 York St,3908,M5J,Condominium,10,Spadina-Fort York
4333834,STR-2308-HJVPHX,769 Ossington Ave,,M6G,Single/Semi-detached House,11,University-Rosedale
4333835,STR-2308-HZHPHZ,26 Ridley Gdns,,M6R,Single/Semi-detached House,4,Parkdale-High Park
4333836,STR-2308-GLSBHT,14 York St,5111,M5J,Apartment,10,Spadina-Fort York
4333837,STR-2308-GTYBHV,683 Shaw St,,M6G,Single/Semi-detached House,11,University-Rosedale
4333838,STR-2308-HKLBHX,55 Bremner Blvd,2005,M5J,Condominium,10,Spadina-Fort York
4333839,STR-2308-HLBPHX,177 Betty Ann Dr,,M2N,Single/Semi-detached House,18,Willowdale
4333840,STR-2308-JBPPHZ,878 Bloor St W,3,M6G,Apartment,11,University-Rosedale
4333841,STR-2308-FGYBHP,31 Harjolyn Dr,,M9B,Single/Semi-detached House,3,Etobicoke-Lakeshore
4333842,STR-2308-FXLBHR,155 Murison Blvd,,M1B,Single/Semi-detached House,25,Scarborough-Rouge Park
4333843,STR-2308-GFSBHS,35 Blackburn St,,M4M,Townhouse/ Row House,14,Toronto-Danforth
4333844,STR-2308-GMYBHT,219 Fort York Blvd,623,M5V,Condominium,10,Spadina-Fort York
4333845,STR-2308-FHPPHP,1 Trefann St,E,M5A,Condominium,13,Toronto Centre
4333846,STR-2308-FQVPHQ,12 New Haven Dr,,M5N,Single/Semi-detached House,8,Eglinton-Lawrence
4333847,STR-2308-GWVPHV,287 Richmond St E,302,M5A,Condominium,13,Toronto Centre
4333848,STR-2308-GXLBHV,55 Bremner Blvd,1603,M5J,Condominium,10,Spadina-Fort York
4333849,STR-2308-GHPPHS,210 Victoria St,1802,M5B,Apartment,13,Toronto Centre
4333850,STR-2308-FZYBHR,441 Sackville St,,M4X,Single/Semi-detached House,13,Toronto Centre
4333851,STR-2308-GJFBHS,94 Caledonia Park Rd,4,M6H,Townhouse/ Row House,9,Davenport
4333852,STR-2308-GRLBHT,2300 St Clair Ave W,906,M6N,Condominium,5,York South-Weston
4333853,STR-2308-HQVPHX,12 York St,3601,M5J,Condominium,10,Spadina-Fort York
4333854,STR-2308-HYBPHY,58 Lyall Ave,,M4E,Single/Semi-detached House,19,Beaches-East York
4333855,STR-2308-FTYBHQ,509 Beecroft Rd,616,M2N,Condominium,18,Willowdale
4333856,STR-2308-GKLBHS,105 George St,1211,M5A,Condominium,13,Toronto Centre
4333857,STR-2308-GZYBHV,71 First Ave,,M4M,Single/Semi-detached House,14,Toronto-Danforth
4333858,STR-2308-HRLBHX,674 Bathurst St,,M5S,Single/Semi-detached House,11,University-Rosedale
4333859,STR-2308-HYSBHY,45 Brookmount Rd,1,M4L,Single/Semi-detached House,19,Beaches-East York
4333860,STR-2308-JGYBHZ,8 Knollview Cres,,M2K,Single/Semi-detached House,17,Don Valley North
4333861,STR-2308-GLCVHT,49 Wicklow Dr,,M1T,Single/Semi-detached House,22,Scarborough-Agincourt
4333862,STR-2308-HSCVHY,1 Amberdale Dr,,M1P,Single/Semi-detached House,21,Scarborough Centre
4333863,STR-2308-HCGHHW,92 Celeste Dr,,M1E,Single/Semi-detached House,24,Scarborough-Guildwood
4333864,STR-2308-HZZHHZ,65 Woodbury Rd,,M8W,Single/Semi-detached House,3,Etobicoke-Lakeshore
4333865,STR-2308-FPQVHQ,19 Hill Garden Rd,,M9P,Single/Semi-detached House,2,Etobicoke Centre
4333866,STR-2308-GVQVHV,2 Augusta Ave,801,M5V,Condominium,10,Spadina-Fort York
4333867,STR-2308-GWGHHV,341 Lumsden Ave,,M4C,Single/Semi-detached House,19,Beaches-East York
4333868,STR-2308-JCGHHZ,34 Western Battery Rd,432,M6K,Townhouse/ Row House,10,Spadina-Fort York
4333869,STR-2308-FHQVHP,21 Belanger Cres,,M1L,Townhouse/ Row House,20,Scarborough Southwest
4333870,STR-2308-GPQVHT,955 Bay St,1111,M5S,Condominium,13,Toronto Centre
4333871,STR-2308-HFCVHW,60 Princess St,446,M5A,Condominium,13,Toronto Centre
4333872,STR-2308-FJGHHP,40 Fountainhead Rd,314,M3J,Apartment,7,Humber River-Black Creek
4333873,STR-2308-GGZHHS,21 Iceboat Ter,729,M5V,Condominium,10,Spadina-Fort York
4333874,STR-2309-FRHRVQ,1 Flax Field Ln,,M2N,Townhouse/ Row House,18,Willowdale
4333875,STR-2308-GQGHHT,832 Bay St,2008,M5S,Condominium,11,University-Rosedale
4333876,STR-2308-HFTHHW,10 Capreol Crt,917,M5V,Condominium,10,Spadina-Fort York
4333877,STR-2308-GQWVHT,32 Fifeshire Rd,,M2L,Single/Semi-detached House,15,Don Valley West
4333878,STR-2308-GJGHHS,3477 Dundas St W,,M6S,Single/Semi-detached House,4,Parkdale-High Park
4333879,STR-2308-JFTHHZ,43 Rhodes Ave,,M4L,Single/Semi-detached House,14,Toronto-Danforth
4333880,STR-2308-GCGHHR,44 Duplex Ave,,M5P,Single/Semi-detached House,12,Toronto-St. Paul's
4333881,STR-2308-GZZHHV,1239 Dundas St W,306,M6J,Apartment,10,Spadina-Fort York
4333882,STR-2308-JGZHHZ,62 Northcote Ave,2,M6J,Single/Semi-detached House,9,Davenport
4333883,STR-2308-FDPRVP,21 Iceboat Ter,3301,M5V,Condominium,10,Spadina-Fort York
4333884,STR-2308-FLVRVQ,47 Andona Cres,,M1C,Single/Semi-detached House,25,Scarborough-Rouge Park
4333885,STR-2308-FVBRVR,112 Withrow Ave,,M4K,Single/Semi-detached House,14,Toronto-Danforth
4333886,STR-2308-GKPRVT,300 Front St W,3411,M5V,Condominium,10,Spadina-Fort York
4333887,STR-2308-GSVRVV,14 York St,4809,M5J,Condominium,10,Spadina-Fort York
4333888,STR-2308-FVSDVR,52 Pintail Cres,,M3A,Single/Semi-detached House,16,Don Valley East
4333889,STR-2308-GLFDVT,15 Greenview Ave,2510,M2M,Condominium,18,Willowdale
4333890,STR-2308-FWHRVR,250 Westview Blvd,,M4B,Single/Semi-detached House,19,Beaches-East York
4333891,STR-2308-GLVRVT,238 Pineway Blvd,,M2H,Single/Semi-detached House,17,Don Valley North
4333892,STR-2308-HCHRVW,721 Dupont St,,M6G,Duplex/Triplex/Fourplex,11,University-Rosedale
4333893,STR-2308-JBBRVZ,477 Richmond St W,503,M5V,Condominium,10,Spadina-Fort York
4333894,STR-2308-FWYDVR,155 Yorkville Ave,2917,M5R,Condominium,11,University-Rosedale
4333895,STR-2308-GVSDVV,215 Fort York Blvd,2809,M5V,Condominium,10,Spadina-Fort York
4333896,STR-2308-HCYDVW,15 Wales Ave,,M5T,Townhouse/ Row House,11,University-Rosedale
4333897,STR-2308-FHSDVP,215 Fort York Blvd,3811,M5V,Condominium,10,Spadina-Fort York
4333898,STR-2308-GGLDVS,8 Mayfield Ave,,M6S,Single/Semi-detached House,4,Parkdale-High Park
4333899,STR-2308-GPSDVT,300 Front St W,2506,M5V,Condominium,10,Spadina-Fort York
4333900,STR-2308-GQHRVT,62 Prust Ave,BSMT,M4L,Single/Semi-detached House,14,Toronto-Danforth
4333901,STR-2308-JDPRVZ,14 York St,1809,M5J,Condominium,10,Spadina-Fort York
4333902,STR-2308-FJYDVP,12 York St,504,M5J,Condominium,10,Spadina-Fort York
4333903,STR-2308-FZLDVR,300 Front St W,805,M5V,Condominium,10,Spadina-Fort York
4333904,STR-2308-GHSDVS,65 Bremner Blvd,1605,M5J,Condominium,10,Spadina-Fort York
4333905,STR-2308-HGLDVW,151 Dan Leckie Way,516,M5V,Condominium,10,Spadina-Fort York
4333906,STR-2308-HWYDVY,363 Dovercourt Rd,2nd floor,M6J,Single/Semi-detached House,9,Davenport
4333907,STR-2308-FKPRVP,272 St Clarens Ave,Basement,M6H,Single/Semi-detached House,9,Davenport
4333908,STR-2308-FSVRVQ,300 Front St W,2407,M5V,Condominium,10,Spadina-Fort York
4333909,STR-2308-GBBRVR,219 Fort York Blvd,3307,M5V,Condominium,10,Spadina-Fort York
4333910,STR-2308-GRPRVT,197 Osler St,,M6N,Single/Semi-detached House,9,Davenport
4333911,STR-2308-GYVRVV,300 Front St W,4504,M5V,Condominium,10,Spadina-Fort York
4333912,STR-2308-HHBRVW,210 Victoria St,608,M5B,Condominium,13,Toronto Centre
4333913,STR-2308-GJYDVS,68 Shaver Ave S,,M9B,Single/Semi-detached House,3,Etobicoke-Lakeshore
4333914,STR-2308-HHSDVW,439 St Clarens Ave,BSMT,M6H,Duplex/Triplex/Fourplex,9,Davenport
4333915,STR-2308-FLWXVQ,428 Kenneth Ave,1,M2N,Townhouse/ Row House,18,Willowdale
4333916,STR-2308-FVCXVR,13 Adair Rd,,M4B,Single/Semi-detached House,19,Beaches-East York
4333917,STR-2308-GKQXVT,9 London St,,M6G,Single/Semi-detached House,11,University-Rosedale
4333918,STR-2308-HBCXVW,181 Booth Ave,,M4M,Single/Semi-detached House,14,Toronto-Danforth
4333919,STR-2308-HJJXVX,206 Cummer Ave,,M2M,Single/Semi-detached House,18,Willowdale
4333920,STR-2308-GTMKVV,22 Rayside Dr,,M9C,Single/Semi-detached House,2,Etobicoke Centre
4333921,STR-2308-GVCXVV,300 Front St W,2309,M5V,Apartment,10,Spadina-Fort York
4333922,STR-2308-FHCXVP,125 Barker Ave,,M4C,Single/Semi-detached House,19,Beaches-East York
4333923,STR-2308-FQJXVQ,80 Western Battery Rd,2309,M6K,Condominium,10,Spadina-Fort York
4333924,STR-2308-GWJXVV,64 Lionel Heights Cres,,M3A,Single/Semi-detached House,16,Don Valley East
4333925,STR-2308-HVCXVY,19 Revcoe Dr,,M2M,Single/Semi-detached House,18,Willowdale
4333926,STR-2308-HFGKVW,32 East Lynn Ave,,M4C,Single/Semi-detached House,19,Beaches-East York
4333927,STR-2308-HVTKVY,139 Day Ave,,M6E,Single/Semi-detached House,9,Davenport
4333928,STR-2308-GHCXVS,226 Garden Ave,,M6R,Single/Semi-detached House,4,Parkdale-High Park
4333929,STR-2308-JDQXVZ,151 Dan Leckie Way,1038,M5V,Condominium,10,Spadina-Fort York
4333930,STR-2308-GQZKVT,30 Nelson St,202,M5V,Condominium,10,Spadina-Fort York
4333931,STR-2308-HPTKVX,63 Shippigan Cres,,M2J,Single/Semi-detached House,17,Don Valley North
4333932,STR-2308-HQJXVX,251 Jarvis St,4212,M5B,Condominium,13,Toronto Centre
4333933,STR-2308-HXQXVY,13 Allen Ave,,M4M,Single/Semi-detached House,14,Toronto-Danforth
4333934,STR-2308-FTMKVQ,62 Burnaby Blvd,,M5N,Single/Semi-detached House,8,Eglinton-Lawrence
4333935,STR-2308-GBTKVR,1838 Dufferin St,,M6E,Single/Semi-detached House,9,Davenport
4333936,STR-2308-GSGKVT,176 Rosemount Ave,,M9N,Single/Semi-detached House,5,York South-Weston
4333937,STR-2308-HYGKVY,139 Rhodes Ave,,M4L,Single/Semi-detached House,14,Toronto-Danforth
4333938,STR-2308-FDSDVP,1176 Shaw St,,M6G,Single/Semi-detached House,12,Toronto-St. Paul's
4333939,STR-2308-FVFDVR,245 Woburn Ave,,M5M,Single/Semi-detached House,8,Eglinton-Lawrence
4333940,STR-2308-GSYDVV,120 Dallimore Crcl,713,M3C,Condominium,16,Don Valley East
4333941,STR-2308-HRSDVY,21 Haddon Ave,,M1N,Single/Semi-detached House,20,Scarborough Southwest
4333942,STR-2308-FMPRVQ,54 Golden Ave,,M6R,Single/Semi-detached House,4,Parkdale-High Park
4333943,STR-2308-GLHRVT,154 Amberjack Blvd,,M1H,Single/Semi-detached House,24,Scarborough-Guildwood
4333944,STR-2308-FFYDVP,270 Wellington St W,1217,M5V,Condominium,10,Spadina-Fort York
4333945,STR-2308-HKSDVX,645 Davenport Rd,3,M5R,Townhouse/ Row House,12,Toronto-St. Paul's
4333946,STR-2308-FPVRVQ,116 Navenby Cres,,M9L,Townhouse/ Row House,7,Humber River-Black Creek
4333947,STR-2308-GVVRVV,101 Peter St,PH 01,M5V,Condominium,10,Spadina-Fort York
4333948,STR-2308-GWLDVV,39 Twenty Fifth St,2,M8V,Duplex/Triplex/Fourplex,3,Etobicoke-Lakeshore
4333949,STR-2308-HLYDVX,191 Beatrice St,,M6G,Single/Semi-detached House,11,University-Rosedale
4333950,STR-2308-HVFDVY,140 Simcoe St,1104,M5H,Condominium,10,Spadina-Fort York
4333951,STR-2308-HFHRVW,8 Wellesley St E,305,M4Y,Condominium,13,Toronto Centre
4333952,STR-2309-FKBRVP,55 Bremner Blvd,2109,M5J,Condominium,10,Spadina-Fort York
4333953,STR-2309-GYHRVV,2 Parmbelle Cres,,M3A,Single/Semi-detached House,16,Don Valley East
4333954,STR-2309-HXBRVY,208 Queens Quay  W,2213,M5J,Condominium,10,Spadina-Fort York
4333955,STR-2309-FKSDVP,231 Fort York Blvd,1304,M5V,Condominium,10,Spadina-Fort York
4333956,STR-2309-FSYDVQ,101 Peter St,618,M5V,Condominium,10,Spadina-Fort York
4333957,STR-2309-GRSDVT,955 Bay St,405,M5S,Condominium,13,Toronto Centre
4333958,STR-2309-HHFDVW,88 Carr St,5,M5T,Condominium,10,Spadina-Fort York
4333959,STR-2309-HQLDVX,45 White Heather Blvd,,M1V,Single/Semi-detached House,23,Scarborough North
4333960,STR-2309-HXSDVY,25 St Mary St,1003,M4Y,Apartment,13,Toronto Centre
4333961,STR-2309-FLHRVP,14 York St,3112,M5J,Condominium,10,Spadina-Fort York
4333962,STR-2309-GKBRVS,155 Yorkville Ave,1101,M5R,Condominium,11,University-Rosedale
4333963,STR-2309-HHVRVW,126 Owen Blvd,,M2P,Single/Semi-detached House,15,Don Valley West
4333964,STR-2309-HYHRVY,349 Huntsmill Blvd,,M1W,Single/Semi-detached House,22,Scarborough-Agincourt
4333965,STR-2309-FVGKVR,336 Trudelle St,Upper,M1J,Single/Semi-detached House,21,Scarborough Centre
4333966,STR-2309-GKTKVT,88 Corporate Dr,2708,M1H,Condominium,24,Scarborough-Guildwood
4333967,STR-2309-HJMKVX,98 Nipigon Ave,,M2M,Single/Semi-detached House,18,Willowdale
4333968,STR-2309-HRTKVY,65 Margueretta St,,M6H,Single/Semi-detached House,9,Davenport
4333969,STR-2309-FVWXVR,36 Lorraine Gdns,,M9B,Single/Semi-detached House,2,Etobicoke Centre
4333970,STR-2309-GLJXVT,17 Pembroke St,13,M5A,Condominium,13,Toronto Centre
4333971,STR-2309-HSJXVY,65 Bremner Blvd,2901,M5J,Condominium,10,Spadina-Fort York
4333972,STR-2309-FFZKVP,326 Carlaw Ave,203,M4M,Condominium,14,Toronto-Danforth
4333973,STR-2309-HKTKVX,126 Crawford St,,M6J,Single/Semi-detached House,10,Spadina-Fort York
4333974,STR-2309-GFJXVS,8 Fieldway Rd,214,M8Z,Condominium,3,Etobicoke-Lakeshore
4333975,STR-2309-GMQXVT,52 Castlebury Cres,,M2H,Single/Semi-detached House,17,Don Valley North
4333976,STR-2309-GFZKVS,858 Shaw St,,M6G,Single/Semi-detached House,11,University-Rosedale
4333977,STR-2309-HWMKVY,196 Clonmore Dr,Upper,M1N,Single/Semi-detached House,20,Scarborough Southwest
4333978,STR-2309-JCMKVZ,1 Doverwood Crt,,M2M,Single/Semi-detached House,18,Willowdale
4333979,STR-2309-FHWXVP,38 Santa Barbara Rd,,M2N,Single/Semi-detached House,18,Willowdale
4333980,STR-2309-FRCXVQ,65 Dane Ave,,M6A,Single/Semi-detached House,8,Eglinton-Lawrence
4333981,STR-2309-GGQXVS,71 Denvale Rd,,M4B,Single/Semi-detached House,19,Beaches-East York
4333982,STR-2309-HVWXVY,276 Bogert Ave,,M2N,Single/Semi-detached House,18,Willowdale
4333983,STR-2309-FZQXVR,62 Chartland Blvd S,,M1S,Single/Semi-detached House,23,Scarborough North
4333984,STR-2309-HPWXVX,21 Iceboat Ter,PH07,M5V,Condominium,10,Spadina-Fort York
4333985,STR-2309-GJMKVS,59 Lonborough Ave,,M6M,Single/Semi-detached House,5,York South-Weston
4333986,STR-2309-HHGKVW,18 Maitland Ter,412,M4Y,Condominium,13,Toronto Centre
4333987,STR-2309-HXTKVY,209 Fort York Blvd,374,M5V,Condominium,10,Spadina-Fort York
4333988,STR-2309-FLJXVP,30 Sunnycrest Rd,1,M2R,Single/Semi-detached House,6,York Centre
4333989,STR-2309-GBWXVR,593 Greenwood Ave,,M4J,Single/Semi-detached House,14,Toronto-Danforth
4333990,STR-2309-JGQXVZ,35 Gledhill Ave,,M4C,Single/Semi-detached House,19,Beaches-East York
4333991,STR-2309-FDVRVP,155 Yorkville Ave,710,M5R,Condominium,11,University-Rosedale
4333992,STR-2309-FMBRVQ,134 Bartlett Ave,R,M6H,Single/Semi-detached House,9,Davenport
4333993,STR-2309-FVHRVR,165 Legion Rd N,723,M8Y,Condominium,3,Etobicoke-Lakeshore
4333994,STR-2309-GCPRVS,65 Bremner Blvd,4607,M5J,Condominium,10,Spadina-Fort York
4333995,STR-2309-GTBRVV,130 Combe Ave,,M3H,Single/Semi-detached House,6,York Centre
4333996,STR-2309-HBHRVW,28 Pakenham Dr,,M9W,Single/Semi-detached House,1,Etobicoke North
4333997,STR-2309-FFLDVP,2154 Dundas St W,205,M6R,Condominium,4,Parkdale-High Park
4333998,STR-2309-FMSDVQ,74 Pembroke St,A,M5A,Single/Semi-detached House,13,Toronto Centre
4333999,STR-2309-GLLDVT,112 George St,702,M5A,Condominium,13,Toronto Centre
4334000,STR-2309-GTSDVV,2 Orley Ave,,M4C,Single/Semi-detached House,19,Beaches-East York
4334001,STR-2309-HKFDVX,155 Yorkville Ave,2011,M5R,Apartment,11,University-Rosedale
4334002,STR-2309-FGBRVP,78 Willesden Rd,,M2H,Single/Semi-detached House,17,Don Valley North
4334003,STR-2309-GVHRVV,323 Armadale Ave,,M6S,Single/Semi-detached House,4,Parkdale-High Park
4334004,STR-2309-HTBRVY,51 Paul Lane Gdns,2,M5T,Townhouse/ Row House,10,Spadina-Fort York
4334005,STR-2309-FPYDVQ,55 Bremner Blvd,3510,M5J,Condominium,10,Spadina-Fort York
4334006,STR-2309-GVYDVV,14 York St,2207,M5J,Condominium,10,Spadina-Fort York
4334007,STR-2309-HTSDVY,223 Timberbank Blvd,,M1W,Single/Semi-detached House,22,Scarborough-Agincourt
4334008,STR-2309-HDVRVW,20 John St,618,M5V,Condominium,10,Spadina-Fort York
4334009,STR-2309-HMBRVX,306 Renforth Dr,,M9C,Single/Semi-detached House,2,Etobicoke Centre
4334010,STR-2309-JCPRVZ,138 Horsham Ave,,M2N,Single/Semi-detached House,18,Willowdale
4334011,STR-2309-FHYDVP,24 Avonwick Gt,,M3A,Single/Semi-detached House,16,Don Valley East
4334012,STR-2309-GGSDVS,165 Legion Rd N,1128,M8Y,Condominium,3,Etobicoke-Lakeshore
4334013,STR-2309-GXFDVV,38 Grenville St,810,M4Y,Condominium,13,Toronto Centre
4334014,STR-2309-HVYDVY,76 MacDonell Ave,,M6R,Single/Semi-detached House,4,Parkdale-High Park
4334015,STR-2309-FRVRVQ,439 Wellesley St E,,M4X,Single/Semi-detached House,13,Toronto Centre
4334016,STR-2309-FZBRVR,27 Spindlewood Dr,,M2J,Single/Semi-detached House,17,Don Valley North
4334017,STR-2309-HGSDVW,560 Front St W,1128,M5V,Condominium,10,Spadina-Fort York
4334018,STR-2309-HPYDVX,266 Harvie Ave,,M6E,Single/Semi-detached House,9,Davenport
4334019,STR-2309-FTBRVQ,222 Elm St,704,M5T,Apartment,11,University-Rosedale
4334020,STR-2309-GBHRVR,2421 Gerrard St E,,M4E,Single/Semi-detached House,19,Beaches-East York
4334021,STR-2309-HQPRVX,206 Queen's Dr,,M9N,Single/Semi-detached House,5,York South-Weston
4334022,STR-2309-HXVRVY,50 Regent St,,M6N,Single/Semi-detached House,5,York South-Weston
4334023,STR-2309-GKFDVS,2573 Lake Shore Blvd W,5,M8V,Apartment,3,Etobicoke-Lakeshore
4334024,STR-2309-HHYDVW,73 Guthrie Ave,,M8Y,Single/Semi-detached House,3,Etobicoke-Lakeshore
4334025,STR-2309-HRFDVX,168 Simcoe St,513,M5H,Condominium,10,Spadina-Fort York
4334026,STR-2309-JGSDVZ,4 Crendon Dr,,M9C,Single/Semi-detached House,2,Etobicoke Centre
4334027,STR-2309-FVJXVR,251 Jarvis St,4512,M5B,Condominium,13,Toronto Centre
4334028,STR-2309-FVZKVR,114 Tandridge Cres,,M9W,Single/Semi-detached House,1,Etobicoke North
4334029,STR-2309-HSMKVY,11 Hucknall Rd,,M3J,Single/Semi-detached House,7,Humber River-Black Creek
4334030,STR-2309-FPJXVQ,451 Pacific Ave,,M6P,Single/Semi-detached House,4,Parkdale-High Park
4334031,STR-2309-GDWXVS,453 Soudan Ave,,M4S,Single/Semi-detached House,15,Don Valley West
4334032,STR-2309-GMTKVT,25 Indian Trl,Lower,M6R,Single/Semi-detached House,4,Parkdale-High Park
4334033,STR-2309-GVZKVV,44 Garnock Ave,,M4K,Single/Semi-detached House,14,Toronto-Danforth
4334034,STR-2309-HLMKVX,7 Trent Ave,,M4C,Single/Semi-detached House,19,Beaches-East York
4334035,STR-2309-FHJXVP,30 Northbrook Rd,,M4J,Single/Semi-detached House,14,Toronto-Danforth
4334036,STR-2309-GGCXVS,80 Western Battery Rd,1912,M6K,Condominium,10,Spadina-Fort York
4334037,STR-2309-GPJXVT,30 Fernwood Park Ave,4,M4E,Duplex/Triplex/Fourplex,19,Beaches-East York
4334038,STR-2309-HMCXVX,112 Springhurst Ave,2A,M6K,Duplex/Triplex/Fourplex,4,Parkdale-High Park
4334039,STR-2309-FYMKVR,68 Pine Cres,,M4E,Single/Semi-detached House,19,Beaches-East York
4334040,STR-2309-GPZKVT,47 Moon Valley Dr,,M9W,Single/Semi-detached House,1,Etobicoke North
4334041,STR-2309-GXGKVV,20 Blue Jays Way,1410,M5V,Condominium,10,Spadina-Fort York
4334042,STR-2309-HMTKVX,26 Parkcrest Dr,,M1M,Single/Semi-detached House,20,Scarborough Southwest
4334043,STR-2309-HVZKVY,7 Crowland Dr,,M9W,Single/Semi-detached House,1,Etobicoke North
4334044,STR-2309-FJQXVP,7 Leggett Ave,,M9P,Single/Semi-detached House,2,Etobicoke Centre
4334045,STR-2309-JDWXVZ,69 Palmerston Ave,Main Floor,M6J,Single/Semi-detached House,10,Spadina-Fort York
4334046,STR-2309-GRGKVT,36 Zorra St,2104,M8Z,Condominium,3,Etobicoke-Lakeshore
4334047,STR-2309-GYMKVV,2028 Dundas St E,,M4L,Single/Semi-detached House,19,Beaches-East York
4334048,STR-2309-FKWXVP,19 Brant St,605,M5V,Condominium,10,Spadina-Fort York
4334049,STR-2309-GBJXVR,14 York St,2608,M5J,Condominium,10,Spadina-Fort York
4334050,STR-2309-JGCXVZ,5 Bisley St,,M4M,Townhouse/ Row House,14,Toronto-Danforth
4334051,STR-2309-FTTKVQ,17 Queen Victoria St,,M4J,Single/Semi-detached House,14,Toronto-Danforth
4334052,STR-2309-GBZKVR,175 Jones Ave,1,M4M,Condominium,14,Toronto-Danforth
4334053,STR-2309-GSMKVT,230 Queens Quay  W,2523,M5J,Condominium,10,Spadina-Fort York
4334054,STR-2309-HHZKVW,42 Gwendolen Cres,,M2N,Single/Semi-detached House,18,Willowdale
4334055,STR-2309-JGTKVZ,668 Victoria Park Ave,,M4C,Single/Semi-detached House,19,Beaches-East York
4334056,STR-2309-FMFDVQ,137 Mammoth Hall Trl,,M1B,Townhouse/ Row House,23,Scarborough North
4334057,STR-2309-FVLDVR,73 Osler St,,M6P,Townhouse/ Row House,9,Davenport
4334058,STR-2309-FWBRVR,151 Dan Leckie Way,912,M5V,Condominium,10,Spadina-Fort York
4334059,STR-2309-GLPRVT,151 Dan Leckie Way,558,M5V,Condominium,10,Spadina-Fort York
4334060,STR-2309-GTVRVV,14 York St,3605,M5J,Condominium,10,Spadina-Fort York
4334061,STR-2309-HZVRVZ,19 Mulham Pl,,M9A,Single/Semi-detached House,2,Etobicoke Centre
4334062,STR-2309-GMFDVT,119 Lascelles Blvd,,M5P,Single/Semi-detached House,12,Toronto-St. Paul's
4334063,STR-2309-GVLDVV,77 Sweeney Dr,,M4A,Single/Semi-detached House,16,Don Valley East
4334064,STR-2309-HKYDVX,25 Tumbleweed Rd,,M2J,Single/Semi-detached House,17,Don Valley North
4334065,STR-2309-HTFDVY,21 Iceboat Ter,2112,M5V,Condominium,10,Spadina-Fort York
4334066,STR-2309-JBLDVZ,101 Peter St,4002,M5V,Condominium,10,Spadina-Fort York
4334067,STR-2309-GFPRVS,2300 St Clair Ave W,113,M6N,Condominium,5,York South-Weston
4334068,STR-2309-HTVRVY,151 Dan Leckie Way,537,M5V,Condominium,10,Spadina-Fort York
4334069,STR-2309-JCBRVZ,54 East Liberty St,1021,M6K,Condominium,10,Spadina-Fort York
4334070,STR-2309-FXYDVR,748 St Clair Ave W,1,M6C,Apartment,12,Toronto-St. Paul's
4334071,STR-2309-GGFDVS,73 Ambercroft Blvd,,M1W,Single/Semi-detached House,22,Scarborough-Agincourt
4334072,STR-2309-FJBRVP,2 Eva Rd,1928,M9C,Condominium,2,Etobicoke Centre
4334073,STR-2309-FYPRVR,235 Rosemount Ave,,M9N,Single/Semi-detached House,5,York South-Weston
4334074,STR-2309-GXHRVV,120 Homewood Ave,311,M4Y,Condominium,13,Toronto Centre
4334075,STR-2309-HFPRVW,120 Homewood Ave,324,M4Y,Condominium,13,Toronto Centre
4334076,STR-2309-HMVRVX,251 Jarvis St,827,M5B,Condominium,13,Toronto Centre
4334077,STR-2309-FRYDVQ,30 Nelson St,1702,M5V,Condominium,10,Spadina-Fort York
4334078,STR-2309-FZFDVR,9 Euclid Ave,,M6J,Townhouse/ Row House,10,Spadina-Fort York
4334079,STR-2309-FKHRVP,196 Delaware Ave,,M6H,Single/Semi-detached House,9,Davenport
4334080,STR-2309-HFQXVW,638 Oakwood Ave,,M6E,Single/Semi-detached House,12,Toronto-St. Paul's
4334081,STR-2309-GJBRVS,138 St Helen's Ave,710,M6H,Condominium,9,Davenport
4334082,STR-2309-HGVRVW,59 East Liberty St,112,M6K,Condominium,10,Spadina-Fort York
4334083,STR-2309-HXHRVY,33 Dundonald St,2,M4Y,Townhouse/ Row House,13,Toronto Centre
4334084,STR-2309-JFPRVZ,735 Richmond St W,basement,M6J,Single/Semi-detached House,10,Spadina-Fort York
4334085,STR-2309-FKYDVP,215 Jarvis St,4,M5B,Apartment,13,Toronto Centre
4334086,STR-2309-GRYDVT,18 Burnhamthorpe Park Blvd,,M9A,Single/Semi-detached House,3,Etobicoke-Lakeshore
4334087,STR-2309-HQSDVX,326 Strathmore Blvd,,M4J,Single/Semi-detached House,14,Toronto-Danforth
4334088,STR-2309-HXYDVY,26 Winslow St,,M8Y,Single/Semi-detached House,3,Etobicoke-Lakeshore
4334089,STR-2309-FLPRVP,16 Embers Dr,,M9C,Duplex/Triplex/Fourplex,2,Etobicoke Centre
4334090,STR-2309-GCBRVR,21 Iceboat Ter,3305,M5V,Condominium,10,Spadina-Fort York
4334091,STR-2309-HRHRVX,21 Iceboat Ter,4810,M5V,Condominium,10,Spadina-Fort York
4334092,STR-2309-GCTKVS,4 Claremore Ave,,M1N,Single/Semi-detached House,20,Scarborough Southwest
4334093,STR-2309-HZGKVZ,108 Randolph Rd,,M4G,Single/Semi-detached House,15,Don Valley West
4334094,STR-2309-FMWXVQ,21 Iceboat Ter,223,M5V,Condominium,10,Spadina-Fort York
4334095,STR-2310-HXJXVY,3 Gloucester St,1506,M4Y,Condominium,13,Toronto Centre
4334096,STR-2309-GTWXVV,30 Nelson St,1104,M5V,Condominium,10,Spadina-Fort York
4334097,STR-2309-HKJXVX,30 Western Battery Rd,330,M6K,Townhouse/ Row House,10,Spadina-Fort York
4334098,STR-2309-GMGKVT,65 Hargrave Lane,,M4N,Townhouse/ Row House,15,Don Valley West
4334099,STR-2309-HKZKVX,46 Hewitt Ave,,M6R,Single/Semi-detached House,4,Parkdale-High Park
4334100,STR-2309-HTGKVY,25 Savarin St,,M1J,Single/Semi-detached House,21,Scarborough Centre
4334101,STR-2309-HLQXVX,10049 Sheppard Ave E,,M1B,Single/Semi-detached House,25,Scarborough-Rouge Park
4334102,STR-2309-GWTKVV,156 Portland St,615,M5V,Condominium,10,Spadina-Fort York
4334103,STR-2309-JCTKVZ,1161 Islington Ave,,M8Z,Single/Semi-detached House,3,Etobicoke-Lakeshore
4334104,STR-2309-FRJXVQ,463 Warden Ave,,M1L,Single/Semi-detached House,20,Scarborough Southwest
4334105,STR-2309-GGWXVS,512 Bathurst St,1,M5S,Duplex/Triplex/Fourplex,11,University-Rosedale
4334106,STR-2309-GQCXVT,955 Bay St,2008,M5S,Condominium,13,Toronto Centre
4334107,STR-2309-JDJXVZ,300 Front St W,2901,M5V,Condominium,10,Spadina-Fort York
4334108,STR-2310-GXZKVV,118 Mavety St,,M6P,Single/Semi-detached House,4,Parkdale-High Park
4334109,STR-2310-HWTKVY,28 Linden St,307,M4Y,Condominium,13,Toronto Centre
4334110,STR-2310-JFQXVZ,14 Lightwood Dr,,M9V,Single/Semi-detached House,1,Etobicoke North
4334111,STR-2310-GRZKVT,300 Front St W,312,M5V,Condominium,10,Spadina-Fort York
4334112,STR-2310-GZGKVV,493 Bloor St W,3,M5S,Apartment,19,Beaches-East York
4334113,STR-2310-HHMKVW,300 Front St W,3613,M5V,Condominium,10,Spadina-Fort York
4334114,STR-2310-HQTKVX,19 Pettibone Sq,,M1W,Single/Semi-detached House,22,Scarborough-Agincourt
4334115,STR-2310-GSQXVT,55 Dallas Rd,,M2R,Single/Semi-detached House,18,Willowdale
4334116,STR-2310-GZWXVV,295 Adelaide St W,801,M5V,Condominium,10,Spadina-Fort York
4334117,STR-2310-HRJXVX,300 Front St W,3009,M5V,Condominium,10,Spadina-Fort York
4334118,STR-2310-GBPRVR,107 Scollard St,2nd,M5R,Single/Semi-detached House,11,University-Rosedale
4334119,STR-2310-JGWXVZ,11 Brunel Crt,4508,M5V,Condominium,10,Spadina-Fort York
4334120,STR-2310-GTHRVV,19 Fareham Cres,,M1E,Single/Semi-detached House,24,Scarborough-Guildwood
4334121,STR-2310-HBPRVW,71 Centennial Rd,,M1C,Single/Semi-detached House,25,Scarborough-Rouge Park
4334122,STR-2310-HJVRVX,18 Yonge St,1715,M5E,Condominium,10,Spadina-Fort York
4334123,STR-2310-FMYDVQ,18 Riverdale Ave,,M4K,Single/Semi-detached House,14,Toronto-Danforth
4334124,STR-2310-HCFDVW,128 Burgess Ave,,M4E,Single/Semi-detached House,19,Beaches-East York
4334125,STR-2310-HZYDVZ,9 Talent Cres,,M9M,Single/Semi-detached House,7,Humber River-Black Creek
4334126,STR-2310-FPPRVQ,21 Iceboat Ter,4509,M5V,Condominium,10,Spadina-Fort York
4334127,STR-2310-GVPRVV,300 Front St W,4506,M5V,Condominium,10,Spadina-Fort York
4334128,STR-2310-HCVRVW,100 Hamilton St,,M4M,Townhouse/ Row House,14,Toronto-Danforth
4334129,STR-2310-HLBRVX,155 Yorkville Ave,1714,M5R,Condominium,11,University-Rosedale
4334130,STR-2310-HTHRVY,245 Carlaw Ave,403,M4M,Condominium,14,Toronto-Danforth
4334131,STR-2310-FGYDVP,21 Iceboat Ter,3701,M5V,Apartment,10,Spadina-Fort York
4334132,STR-2310-FQFDVQ,56 Kilchurn Castle Dr,,M1T,Single/Semi-detached House,22,Scarborough-Agincourt
4334133,STR-2310-GFSDVS,3931 Bloor St W,,M9B,Single/Semi-detached House,3,Etobicoke-Lakeshore
4334134,STR-2310-GMYDVT,236 Thistle Down Blvd,,M9V,Single/Semi-detached House,1,Etobicoke North
4334135,STR-2310-JCFDVZ,92 Whitburn Cres,Main Floor,M3M,Single/Semi-detached House,6,York Centre
4334136,STR-2310-FHPRVP,140 Simcoe St,602,M5H,Condominium,10,Spadina-Fort York
4334137,STR-2310-FYBRVR,47 Vradenberg Dr,,M1T,Single/Semi-detached House,22,Scarborough-Agincourt
4334138,STR-2310-HFBRVW,45 Minnacote Ave,,M1E,Single/Semi-detached House,25,Scarborough-Rouge Park
4334139,STR-2310-FRLDVQ,23 Sheppard Ave E,2705,M2N,Condominium,18,Willowdale
4334140,STR-2310-GGYDVS,800 King St W,209,M5V,Condominium,10,Spadina-Fort York
4334141,STR-2310-HMYDVX,300 Front St W,2213,M5V,Condominium,10,Spadina-Fort York
4334142,STR-2310-GHPRVS,7 Bow Valley Dr,,M1G,Single/Semi-detached House,24,Scarborough-Guildwood
4334143,STR-2310-GYBRVV,1185 The Queensway,603,M8Z,Condominium,3,Etobicoke-Lakeshore
4334144,STR-2310-HGHRVW,551 Eglinton Ave E,604,M4P,Apartment,15,Don Valley West
4334145,STR-2310-FSSDVQ,65 Ellerbeck St,,M4K,Single/Semi-detached House,14,Toronto-Danforth
4334146,STR-2310-FZYDVR,95 Walnut Ave,,M5V,Single/Semi-detached House,10,Spadina-Fort York
4334147,STR-2310-GJFDVS,1755 Bayview Ave,101,M4G,Apartment,15,Don Valley West
4334148,STR-2310-HQFDVX,11 Ozark Cres,,M4K,Single/Semi-detached House,14,Toronto-Danforth
4334149,STR-2310-HXLDVY,30 Nelson St,2002,M5V,Condominium,10,Spadina-Fort York
4334150,STR-2310-JFSDVZ,26 Symington Ave,,M6P,Townhouse/ Row House,9,Davenport
4334151,STR-2310-GZHRVV,17 Baylawn Dr,,M1S,Single/Semi-detached House,22,Scarborough-Agincourt
4334152,STR-2310-HYSDVY,2046 Gerrard St E,,M4E,Single/Semi-detached House,19,Beaches-East York
4334153,STR-2310-JGYDVZ,151 Dan Leckie Way,1602,M5V,Condominium,10,Spadina-Fort York
4334154,STR-2310-GLCXVT,80 Western Battery Rd,1105,M6K,Condominium,10,Spadina-Fort York
4334155,STR-2310-HZJXVZ,27 Vernon St,1,M6P,Single/Semi-detached House,4,Parkdale-High Park
4334156,STR-2310-GDMKVS,215 Fort York Blvd,3003,M5V,Condominium,10,Spadina-Fort York
4334157,STR-2310-GTZKVV,6 Valia Rd,,M1E,Single/Semi-detached House,25,Scarborough-Rouge Park
4334158,STR-2310-HKMKVX,9A Megan Ave,,M1E,Single/Semi-detached House,25,Scarborough-Rouge Park
4334159,STR-2310-FPQXVQ,13 Humbert St,,M6J,Single/Semi-detached House,10,Spadina-Fort York
4334160,STR-2310-GVQXVV,1265 Birchmount Rd,2,M1P,Townhouse/ Row House,21,Scarborough Centre
4334161,STR-2310-HCWXVW,7 Cavell Ave,,M4K,Single/Semi-detached House,14,Toronto-Danforth
4334162,STR-2310-HTJXVY,33 Bay St,4412,M5J,Condominium,10,Spadina-Fort York
4334163,STR-2310-FGZKVP,172 Carolbreen Sq,,M1V,Single/Semi-detached House,23,Scarborough North
4334164,STR-2310-GWGKVV,224 Forest Hill Rd,,M5P,Single/Semi-detached House,12,Toronto-St. Paul's
4334165,STR-2310-HDMKVW,21 Iceboat Ter,3612,M5V,Condominium,10,Spadina-Fort York
4334166,STR-2310-HLTKVX,219 Fort York Blvd,508,M5V,Condominium,10,Spadina-Fort York
4334167,STR-2310-GGJXVS,55 Triller Ave,305,M6R,Apartment,4,Parkdale-High Park
4334168,STR-2310-GQGKVT,219 Fort York Blvd,416,M5V,Condominium,10,Spadina-Fort York
4334169,STR-2310-GXMKVV,46 Grove Park Cres,,M2J,Single/Semi-detached House,17,Don Valley North
4334170,STR-2310-HWGKVY,1571 Dupont St,2,M6P,Single/Semi-detached House,9,Davenport
4334171,STR-2310-FZJXVR,38 Grenville St,4408,M4Y,Condominium,13,Toronto Centre
4334172,STR-2310-GYCXVV,36 McNicoll Ave,,M2H,Single/Semi-detached House,17,Don Valley North
4334173,STR-2310-HGJXVW,136 Manitoba St,,M8Y,Townhouse/ Row House,3,Etobicoke-Lakeshore
4334174,STR-2310-HPQXVX,34 Hannaford St,,M4E,Single/Semi-detached House,19,Beaches-East York
4334175,STR-2310-HWWXVY,18 Yonge St,3912,M5E,Condominium,10,Spadina-Fort York
4334176,STR-2310-JFCXVZ,241 Renforth Dr,,M9C,Single/Semi-detached House,2,Etobicoke Centre
4334177,STR-2310-GSCXVT,152 Linsmore Cres,,M4J,Single/Semi-detached House,14,Toronto-Danforth
4334178,STR-2310-GZJXVV,251 Jarvis St,3015,M5B,Condominium,13,Toronto Centre
4334179,STR-2310-HYCXVY,300 Front St W,314,M5V,Condominium,10,Spadina-Fort York
4334180,STR-2310-FLTKVP,6 Elway Crt,3,M6B,Duplex/Triplex/Fourplex,8,Eglinton-Lawrence
4334181,STR-2310-GZZKVV,44 Sherwood Ave,,M1R,Single/Semi-detached House,21,Scarborough Centre
4334182,STR-2310-HRMKVX,300 Front St W,2712,M5V,Condominium,10,Spadina-Fort York
4334183,STR-2310-HYTKVY,38 Abell St,216,M6J,Condominium,9,Davenport
4334184,STR-2310-FDPVHP,14 York St,2912,M5J,Apartment,10,Spadina-Fort York
4334185,STR-2310-FLVVHQ,955 Bay St,,M5S,Condominium,13,Toronto Centre
4334186,STR-2310-FVBVHR,144 Morse St,,M4M,Single/Semi-detached House,14,Toronto-Danforth
4334187,STR-2310-HBBVHW,219 Fort York Blvd,1001,M5V,Apartment,10,Spadina-Fort York
4334188,STR-2310-HJHVHX,219 Fort York Blvd,317,M5V,Apartment,10,Spadina-Fort York
4334189,STR-2310-FFFHHP,216 Argyle St,,M6J,Single/Semi-detached House,9,Davenport
4334190,STR-2310-FVSHHR,2246 Queen St E,B,M4E,Duplex/Triplex/Fourplex,19,Beaches-East York
4334191,STR-2310-GCYHHS,848 Dovercourt Rd,,M6H,Single/Semi-detached House,9,Davenport
4334192,STR-2310-HZLHHZ,12 York St,3408,M5J,Condominium,10,Spadina-Fort York
4334193,STR-2310-FPBVHQ,65 Bremner Blvd,3707,M5J,Condominium,10,Spadina-Fort York
4334194,STR-2310-GDPVHS,10 Capreol Crt,1016,M5V,Condominium,10,Spadina-Fort York
4334195,STR-2310-HSVVHY,300 Front St W,3512,M5V,Condominium,10,Spadina-Fort York
4334196,STR-2310-FWYHHR,259 Donlands Ave,,M4J,Duplex/Triplex/Fourplex,14,Toronto-Danforth
4334197,STR-2310-GMLHHT,110 Erskine Ave,907,M4P,Apartment,15,Don Valley West
4334198,STR-2310-GVSHHV,81 Glendora Ave,,M2N,Single/Semi-detached House,18,Willowdale
4334199,STR-2310-HCYHHW,300 Front St W,4008,M5V,Condominium,10,Spadina-Fort York
4334200,STR-2310-FHBVHP,86 Greenbrook Dr,,M6M,Single/Semi-detached House,5,York South-Weston
4334201,STR-2310-FQHVHQ,7 Triller Ave,,M6K,Single/Semi-detached House,4,Parkdale-High Park
4334202,STR-2310-GPBVHT,14 York St,3705,M5J,Condominium,10,Spadina-Fort York
4334203,STR-2310-GWHVHV,44 Gossamer Ave,,M2M,Single/Semi-detached House,18,Willowdale
4334204,STR-2310-HLVVHX,104 Hollywood Ave,,M2N,Single/Semi-detached House,18,Willowdale
4334205,STR-2310-FHSHHP,102 Ulster St,,M5S,Single/Semi-detached House,11,University-Rosedale
4334206,STR-2310-FQYHHQ,11 Arnott St,,M1K,Single/Semi-detached House,21,Scarborough Centre
4334207,STR-2310-FYFHHR,117 Baycrest Ave,,M6A,Single/Semi-detached House,8,Eglinton-Lawrence
4334208,STR-2310-GPSHHT,196A Beta St,,M8W,Single/Semi-detached House,3,Etobicoke-Lakeshore
4334209,STR-2310-FYVVHR,25 Neighbourhood Lane,104,M8Y,Condominium,3,Etobicoke-Lakeshore
4334210,STR-2310-GHBVHS,915 King St W,201,M6K,Apartment,10,Spadina-Fort York
4334211,STR-2310-JDPVHZ,118 Courcelette Rd,,M1N,Single/Semi-detached House,20,Scarborough Southwest
4334212,STR-2310-GHSHHS,17 Coneflower Cres,204,M2R,Townhouse/ Row House,6,York Centre
4334213,STR-2310-JFFHHZ,1209 Glencairn Ave,,M6B,Single/Semi-detached House,8,Eglinton-Lawrence
4334214,STR-2310-FSVVHQ,41 Athabaska Ave,1,M2M,Single/Semi-detached House,18,Willowdale
4334215,STR-2310-GJHVHS,11 Ellington Dr,,M1R,Single/Semi-detached House,21,Scarborough Centre
4334216,STR-2310-JFVVHZ,12 Beechwood Ave,,M6N,Single/Semi-detached House,5,York South-Weston
4334217,STR-2310-FTLHHQ,100 Western Battery Rd,421,M6K,Condominium,10,Spadina-Fort York
4334218,STR-2310-GZLHHV,60 St David St,,M5A,Townhouse/ Row House,13,Toronto Centre
4334219,STR-2310-HQYHHX,18 Yonge St,1615,M5E,Condominium,10,Spadina-Fort York
4334220,STR-2310-FLXBHQ,275 Blackthorn Ave,,M6N,Single/Semi-detached House,9,Davenport
4334221,STR-2310-FVDBHR,852 Dundas St W,A,M6J,Duplex/Triplex/Fourplex,11,University-Rosedale
4334222,STR-2310-GKRBHT,35 Mariner Ter,809,M5V,Condominium,10,Spadina-Fort York
4334223,STR-2310-HJKBHX,300 Front St W,614,M5V,Condominium,10,Spadina-Fort York
4334224,STR-2310-FFGPHP,291 Glenforest Rd,2A,M4N,Duplex/Triplex/Fourplex,15,Don Valley West
4334225,STR-2310-FMMPHQ,300 Front St W,2902,M5V,Condominium,10,Spadina-Fort York
4334226,STR-2310-GLGPHT,188 Lippincott St,A,M5S,Condominium,11,University-Rosedale
4334227,STR-2310-HJZPHX,300 Front St W,2802,M5V,Condominium,10,Spadina-Fort York
4334228,STR-2310-GDRBHS,250 Havelock St,,M6H,Single/Semi-detached House,9,Davenport
4334229,STR-2310-HCKBHW,409 Huron St,101,M5S,Apartment,11,University-Rosedale
4334230,STR-2310-FPTPHQ,8 Eaton Park Lane,16,M1W,Townhouse/ Row House,22,Scarborough-Agincourt
4334231,STR-2310-GFGPHS,65 Bremner Blvd,2909,M5J,Condominium,10,Spadina-Fort York
4334232,STR-2310-HCZPHW,11 Jimmy Wisdom Way,,M6E,Single/Semi-detached House,8,Eglinton-Lawrence
4334233,STR-2310-FHDBHP,21 Iceboat Terr,929,M5V,Condominium,10,Spadina-Fort York
4334234,STR-2310-GPDBHT,27 William Duncan Rd,,M3K,Townhouse/ Row House,6,York Centre
4334235,STR-2310-HDRBHW,165 Legion Rd N,2734,M8Y,Condominium,3,Etobicoke-Lakeshore
4334236,STR-2310-FQZPHQ,12 York St,1803,M5J,Condominium,10,Spadina-Fort York
4334237,STR-2310-GGMPHS,8 Mc Kenzie Ave,,M4W,Single/Semi-detached House,11,University-Rosedale
4334238,STR-2310-GPTPHT,151 Dan Leckie Way,909,M5V,Condominium,10,Spadina-Fort York
4334239,STR-2310-HMMPHX,453 Adelaide St W,,M5V,Townhouse/ Row House,10,Spadina-Fort York
4334240,STR-2310-JFGPHZ,55 Bremner Blvd,2502,M5J,Condominium,10,Spadina-Fort York
4334241,STR-2310-FYXBHR,50 Ashbury Ave,,M6E,Duplex/Triplex/Fourplex,12,Toronto-St. Paul's
4334242,STR-2310-HFXBHW,64 Shrewsbury Sq,,M1T,Single/Semi-detached House,22,Scarborough-Agincourt
4334243,STR-2310-HWKBHY,327 Riverdale Ave,,M4J,Single/Semi-detached House,14,Toronto-Danforth
4334244,STR-2310-JDRBHZ,72 Glenridge Rd,,M1M,Single/Semi-detached House,20,Scarborough Southwest
4334245,STR-2310-GHTPHS,500 Sherbourne St,117,M4X,Condominium,13,Toronto Centre
4334246,STR-2310-GJKBHS,219 Fort York Blvd,304,M5V,Apartment,10,Spadina-Fort York
4334247,STR-2310-GJZPHS,151 Dan Leckie Way,2002,M5V,Condominium,10,Spadina-Fort York
4334248,STR-2310-GZMPHV,31 Berwick Ave,,M5P,Single/Semi-detached House,12,Toronto-St. Paul's
4334249,STR-2310-FDSHHP,27 Island Rd,18,M1C,Condominium,25,Scarborough-Rouge Park
4334250,STR-2310-FVFHHR,332 Delaware Ave,Bsmt,M6H,Duplex/Triplex/Fourplex,9,Davenport
4334251,STR-2310-HBFHHW,955 Bay St,1212,M5S,Condominium,13,Toronto Centre
4334252,STR-2310-HJLHHX,225 Gladstone Ave,306,M6J,Apartment,9,Davenport
4334253,STR-2310-HRSHHY,1208 Huntingwood Dr,,M1S,Single/Semi-detached House,23,Scarborough North
4334254,STR-2310-HYYHHZ,208 Queens Quay  W,1209,M5J,Condominium,10,Spadina-Fort York
4334255,STR-2310-FFHVHP,955 Bay St,1502,M5S,Condominium,13,Toronto Centre
4334256,STR-2310-FMPVHQ,231 Fort York Blvd,1022,M5V,Condominium,10,Spadina-Fort York
4334257,STR-2310-GLHVHT,210 Simcoe St,1001,M5T,Condominium,10,Spadina-Fort York
4334258,STR-2310-GTPVHV,85 Dawlish Ave,,M4N,Single/Semi-detached House,15,Don Valley West
4334259,STR-2310-FWLHHR,15 Kintyre Ave,,M4M,Single/Semi-detached House,14,Toronto-Danforth
4334260,STR-2310-GDSHHS,14 York St,1107,M5J,Condominium,10,Spadina-Fort York
4334261,STR-2310-GLYHHT,21 Iceboat Ter,2612,M5V,Condominium,10,Spadina-Fort York
4334262,STR-2310-HSYHHY,253 Woodsworth Rd,,M2L,Single/Semi-detached House,15,Don Valley West
4334263,STR-2310-JBFHHZ,87 Leroy Ave,,M4J,Single/Semi-detached House,14,Toronto-Danforth
4334264,STR-2310-FXBVHR,43 Wychwood Ave,,M6G,Single/Semi-detached House,12,Toronto-St. Paul's
4334265,STR-2310-GFHVHS,11A Norwood Rd,,M4E,Single/Semi-detached House,19,Beaches-East York
4334266,STR-2310-GMPVHT,250 Wellington St W,PH40,M5V,Condominium,10,Spadina-Fort York
4334267,STR-2310-FQLHHQ,260 Fisherville Rd,,M2R,Single/Semi-detached House,6,York Centre
4334268,STR-2310-FXSHHR,300 Front St W,2309,M5V,Condominium,10,Spadina-Fort York
4334269,STR-2310-HDSHHW,155 Yorkville Ave,2711,M5R,Condominium,11,University-Rosedale
4334270,STR-2310-HVFHHY,22 Cuthbert Cres,,M4S,Single/Semi-detached House,12,Toronto-St. Paul's
4334271,STR-2310-GGPVHS,955 Bay St,617,M5S,Condominium,13,Toronto Centre
4334272,STR-2310-HMPVHX,29 Lyndale Dr,,M2N,Single/Semi-detached House,18,Willowdale
4334273,STR-2310-JDBVHZ,955 Bay St,3703,M5S,Condominium,13,Toronto Centre
4334274,STR-2310-FRSHHQ,62 Frost St,,M9W,Single/Semi-detached House,1,Etobicoke North
4334275,STR-2310-GHFHHS,832 Bay St,3807,M5S,Condominium,11,University-Rosedale
4334276,STR-2310-HWLHHY,62 East Dr,,M6N,Single/Semi-detached House,5,York South-Weston
4334277,STR-2310-HGPVHW,115 Palm Dr,,M3H,Single/Semi-detached House,6,York Centre
4334278,STR-2310-FKSHHP,31 Hedgewood rd,,M2L,Single/Semi-detached House,15,Don Valley West
4334279,STR-2310-GJLHHS,143 Kingston Rd,,M4L,Single/Semi-detached House,19,Beaches-East York
4334280,STR-2310-GYYHHV,46 Palomino Cres,,M2K,Single/Semi-detached House,17,Don Valley North
4334281,STR-2310-JFYHHZ,251 Manitoba St,605,M8Y,Condominium,3,Etobicoke-Lakeshore
4334282,STR-2310-FTPVHQ,250 Delaware Ave,Laneway,M6H,Single/Semi-detached House,9,Davenport
4334283,STR-2310-HHVVHW,197 East Ave,,M1C,Single/Semi-detached House,25,Scarborough-Rouge Park
4334284,STR-2310-GKTPHT,1A Normandy Blvd,,M4L,Single/Semi-detached House,19,Beaches-East York
4334285,STR-2310-FVXBHR,58B Poulett St,,M5A,Townhouse/ Row House,13,Toronto Centre
4334286,STR-2310-HBXBHW,890 Mount Pleasant Rd,207,M4P,Apartment,12,Toronto-St. Paul's
4334287,STR-2310-FFZPHP,155 Yorkville Ave,3112,M5R,Condominium,11,University-Rosedale
4334288,STR-2310-FPGPHQ,3 Rowntree Rd,811,M9V,Condominium,1,Etobicoke North
4334289,STR-2310-GDTPHS,67 Lynvalley Cres,,M1R,Single/Semi-detached House,21,Scarborough Centre
4334290,STR-2311-FGRBHP,1086 Dufferin St,,M6H,Single/Semi-detached House,9,Davenport
4334291,STR-2311-FPXBHQ,871 Sheppard Ave W,47,M3H,Townhouse/ Row House,6,York Centre
4334292,STR-2311-GMRBHT,14 York St,4307,M5J,Condominium,10,Spadina-Fort York
4334293,STR-2311-GVXBHV,5229 Dundas St W,711,M9B,Condominium,3,Etobicoke-Lakeshore
4334294,STR-2311-HTRBHY,145 Medland St,,M6P,Single/Semi-detached House,4,Parkdale-High Park
4334295,STR-2311-GWMPHV,359 Westmoreland Ave N,,M6H,Single/Semi-detached House,9,Davenport
4334296,STR-2311-GXDBHV,119 Barker Ave,,M4C,Single/Semi-detached House,19,Beaches-East York
4334297,STR-2311-FYZPHR,88 Tecumseth St,Main Floor,M6J,Townhouse/ Row House,10,Spadina-Fort York
4334298,STR-2311-GHGPHS,77 Thirty First St,,M8W,Single/Semi-detached House,3,Etobicoke-Lakeshore
4334299,STR-2311-HFZPHW,10 Nassau St,,M5T,Single/Semi-detached House,11,University-Rosedale
4334300,STR-2311-HPGPHX,65 Bremner Blvd,3401,M5J,Condominium,10,Spadina-Fort York
4334301,STR-2311-HPXBHX,220 Gladstone Ave,,M6J,Single/Semi-detached House,9,Davenport
4334302,STR-2311-FKTPHP,815 Dovercourt Rd,,M6H,Single/Semi-detached House,9,Davenport
4334303,STR-2311-GBGPHR,708 Royal York Rd,,M8Y,Single/Semi-detached House,3,Etobicoke-Lakeshore
4334304,STR-2311-GRTPHT,92 Bowie Ave,,M6E,Single/Semi-detached House,8,Eglinton-Lawrence
4334305,STR-2311-GYZPHV,24 Mooreshead Dr,,M9C,Single/Semi-detached House,2,Etobicoke Centre
4334306,STR-2311-HQMPHX,145A Bexhill Ave,,M1L,Single/Semi-detached House,20,Scarborough Southwest
4334307,STR-2311-GSKBHT,35 Mariner Ter,1702,M5V,Condominium,10,Spadina-Fort York
4334308,STR-2311-JGRBHZ,73 Heathview Ave,,M2K,Single/Semi-detached House,17,Don Valley North
4334309,STR-2311-FMBVHQ,108 Northland Ave,,M6N,Single/Semi-detached House,5,York South-Weston
4334310,STR-2311-GCPVHS,194 Sweeney Dr,,M4A,Single/Semi-detached House,16,Don Valley East
4334311,STR-2311-GKVVHT,955 Bay St,320,M5S,Condominium,13,Toronto Centre
4334312,STR-2311-HRVVHY,66 Edgewood Ave,Unit 5,M4L,Apartment,19,Beaches-East York
4334313,STR-2311-HSLHHY,10 Gibbs Rd,407,M9B,Condominium,2,Etobicoke Centre
4334314,STR-2311-HZSHHZ,20 Blue Jays Way,817,M5V,Condominium,10,Spadina-Fort York
4334315,STR-2311-FPHVHQ,18 Yonge St,2908,M5E,Condominium,10,Spadina-Fort York
4334316,STR-2311-FXFHHR,66 Jasper Ave,,M6N,Single/Semi-detached House,5,York South-Weston
4334317,STR-2311-GMSHHT,300 Front St W,714,M5V,Apartment,10,Spadina-Fort York
4334318,STR-2311-GVYHHV,927 Logan Ave,,M4K,Single/Semi-detached House,14,Toronto-Danforth
4334319,STR-2311-JBYHHZ,127 Littles Rd,,M1B,Single/Semi-detached House,25,Scarborough-Rouge Park
4334320,STR-2311-FQPVHQ,219 Fort York Blvd,1302,M5V,Condominium,10,Spadina-Fort York
4334321,STR-2311-FXVVHR,14 York St,2208,M5J,Condominium,10,Spadina-Fort York
4334322,STR-2311-HMBVHX,222 Combe Ave,,M3H,Single/Semi-detached House,6,York Centre
4334323,STR-2311-HVHVHY,12 York St,2901,M5J,Condominium,10,Spadina-Fort York
4334324,STR-2311-GGSHHS,274 Glebeholme Blvd,,M4J,Single/Semi-detached House,14,Toronto-Danforth
4334325,STR-2311-GXFHHV,55 Bremner Blvd,1510,M5J,Condominium,10,Spadina-Fort York
4334326,STR-2311-GXVVHV,1992 Danforth Ave,A,M4C,Townhouse/ Row House,19,Beaches-East York
4334327,STR-2311-HGBVHW,165 Legion Rd N,927,M8Y,Condominium,3,Etobicoke-Lakeshore
4334328,STR-2311-JDVVHZ,88 Harbour St,5209,M5J,Condominium,10,Spadina-Fort York
4334329,STR-2311-JFLHHZ,41 Memorial Park Ave,,M4J,Single/Semi-detached House,14,Toronto-Danforth
4334330,STR-2311-FTBVHQ,37 Boustead Ave,1,M6R,Duplex/Triplex/Fourplex,4,Parkdale-High Park
4334331,STR-2311-HQPVHX,62 Garnet Ave,,M6G,Single/Semi-detached House,11,University-Rosedale
4334332,STR-2311-FLLHHP,67 Madawaska Ave,,M2M,Single/Semi-detached House,18,Willowdale
4334333,STR-2311-FRYHHQ,27 Austin Cres,,M5R,Single/Semi-detached House,12,Toronto-St. Paul's
4334334,STR-2311-GZSHHV,12 York St,5109,M5J,Condominium,10,Spadina-Fort York
4334335,STR-2311-HBKBHW,8 Gladstone Ave,514,M6J,Condominium,9,Davenport
4334336,STR-2311-HZDBHZ,42 Bowmore Rd,,M4L,Single/Semi-detached House,19,Beaches-East York
4334337,STR-2311-FFMPHP,500 Duplex Ave,2608,M4R,Apartment,8,Eglinton-Lawrence
4334338,STR-2311-HSBVHY,63 Chartway Blvd,,M1C,Single/Semi-detached House,25,Scarborough-Rouge Park
4334339,STR-2311-GLMPHT,34 Western Battery Rd,440,M6K,Condominium,10,Spadina-Fort York
4334340,STR-2311-GTTPHV,11 Lillian St,310,M4S,Condominium,12,Toronto-St. Paul's
4334341,STR-2311-HKGPHX,328 Howland Ave,,M5R,Single/Semi-detached House,12,Toronto-St. Paul's
4334342,STR-2311-HSMPHY,330 Salem Ave,,M6H,Single/Semi-detached House,9,Davenport
4334343,STR-2311-HCRBHW,58 Amsterdam Ave,,M4B,Single/Semi-detached House,19,Beaches-East York
4334344,STR-2311-JBKBHZ,130 Rosedale Valley Rd,801,M4W,Apartment,11,University-Rosedale
4334345,STR-2311-FGTPHP,12 York St,4611,M5J,Condominium,10,Spadina-Fort York
4334346,STR-2311-FPZPHQ,109 Galley Ave,,M6R,Single/Semi-detached House,4,Parkdale-High Park
4334347,STR-2311-GMTPHT,1780 Dufferin St,,M6E,Duplex/Triplex/Fourplex,9,Davenport
4334348,STR-2311-HDGPHW,215 Fort York Blvd,2403,M5V,Condominium,10,Spadina-Fort York
4334349,STR-2311-HLMPHX,23 Idyllwood Cres,,M6P,Single/Semi-detached House,4,Parkdale-High Park
4334350,STR-2311-GGDBHS,49 Leslie St,,M4M,Townhouse/ Row House,14,Toronto-Danforth
4334351,STR-2311-HMDBHX,924 Ossington Ave,200,M6G,Duplex/Triplex/Fourplex,9,Davenport
4334352,STR-2311-HVKBHY,16 Tower Dr,,M1R,Single/Semi-detached House,21,Scarborough Centre
4334353,STR-2311-JCRBHZ,841 Queen St W,B,M6J,Apartment,10,Spadina-Fort York
4334354,STR-2311-FHZPHP,93 Maclean Ave,Suite B,M4E,Duplex/Triplex/Fourplex,19,Beaches-East York
4334355,STR-2311-GPZPHT,101 Peter St,2612,M5V,Condominium,10,Spadina-Fort York
4334356,STR-2311-HFMPHW,16 Newington Cres,,M9C,Single/Semi-detached House,2,Etobicoke Centre
4334357,STR-2311-JDGPHZ,560 Front St W,602,M5V,Condominium,10,Spadina-Fort York
4334358,STR-2311-HXGPHY,713 Lawrence Ave W,8,M6A,Townhouse/ Row House,8,Eglinton-Lawrence
4334359,STR-2311-GBKBHR,14 York St,6402,M5J,Condominium,10,Spadina-Fort York
4334360,STR-2311-GRXBHT,38 Abell St,219,M6J,Condominium,9,Davenport
4334361,STR-2311-HHKBHW,21 Iceboat Ter,4715,M5V,Condominium,10,Spadina-Fort York
4334362,STR-2311-GBZPHR,350 Wellington St W,206,M5V,Condominium,10,Spadina-Fort York
4334363,STR-2311-GKGPHS,804 Millwood Rd,,M4G,Single/Semi-detached House,15,Don Valley West
4334364,STR-2311-HYMPHY,143 Broadlands Blvd,,M3A,Single/Semi-detached House,16,Don Valley East
4334365,STR-2311-FDYHHP,1233 King St W,,M6K,Single/Semi-detached House,4,Parkdale-High Park
4334366,STR-2311-FMFHHQ,92 Earlton Rd,,M1T,Single/Semi-detached House,22,Scarborough-Agincourt
4334367,STR-2311-FVLHHR,161 Elmer Ave,,M4L,Single/Semi-detached House,19,Beaches-East York
4334368,STR-2311-GCSHHS,209 Fort York Blvd,672,M5V,Condominium,10,Spadina-Fort York
4334369,STR-2311-HBLHHW,600 Fleet St,2206,M5V,Condominium,10,Spadina-Fort York
4334370,STR-2311-HJSHHX,695 Gladstone Ave,B,M6H,Single/Semi-detached House,9,Davenport
4334371,STR-2311-HZFHHZ,12 York St,2108,M5J,Condominium,10,Spadina-Fort York
4334372,STR-2311-FFPVHP,69 Lawton Blvd,,M4V,Single/Semi-detached House,12,Toronto-St. Paul's
4334373,STR-2311-GLPVHT,573 Shuter St,,M5A,Townhouse/ Row House,13,Toronto Centre
4334374,STR-2311-HKHVHX,4 MacKenzie Cres,1,M6J,Duplex/Triplex/Fourplex,9,Davenport
4334375,STR-2311-HSPVHY,209 Fort York Blvd,364,M5V,Condominium,10,Spadina-Fort York
4334376,STR-2311-HTFHHY,309 St George St,,M5R,Single/Semi-detached House,11,University-Rosedale
4334377,STR-2311-JBLHHZ,170 Indian Grv,,M6P,Single/Semi-detached House,4,Parkdale-High Park
4334378,STR-2311-FXHVHR,21 Cloud Dr,,M9L,Single/Semi-detached House,7,Humber River-Black Creek
4334379,STR-2311-GMVVHT,123 Bristol Ave,,M6H,Single/Semi-detached House,9,Davenport
4334380,STR-2311-HDHVHW,32 Harrington Cres,,M2M,Single/Semi-detached House,17,Don Valley North
4334381,STR-2311-JCBVHZ,101 Peter St,3008,M5V,Condominium,10,Spadina-Fort York
4334382,STR-2311-FQSHHQ,219 Fort York Blvd,520,M5V,Condominium,10,Spadina-Fort York
4334383,STR-2311-HMFHHX,315 Delaware Ave,,M6H,Single/Semi-detached House,9,Davenport
4334384,STR-2311-FRHVHQ,46 Brock Ave,B,M6K,Single/Semi-detached House,4,Parkdale-High Park
4334385,STR-2311-GGVVHS,300 Front St W,3010,M5V,Condominium,10,Spadina-Fort York
4334386,STR-2311-GQBVHT,560 Front St W,506,M5V,Condominium,10,Spadina-Fort York
4334387,STR-2311-HWBVHY,300 Front St W,2410,M5V,Condominium,10,Spadina-Fort York
4334388,STR-2311-FZFHHR,160 Bedford Rd,307,M5R,Condominium,11,University-Rosedale
4334389,STR-2311-GXYHHV,1666 Queen St E,25,M4L,Townhouse/ Row House,19,Beaches-East York
4334390,STR-2311-JDYHHZ,300 Front St W,1005,M5V,Condominium,10,Spadina-Fort York
4334391,STR-2311-GYPVHV,7 Milk Bottle Lane,,M4C,Apartment,19,Beaches-East York
4334392,STR-2311-HQBVHX,135 Village Green Sq,3422,M1S,Condominium,22,Scarborough-Agincourt
4334393,STR-2311-JFPVHZ,263 Woodfield Rd,,M4L,Single/Semi-detached House,14,Toronto-Danforth
4334394,STR-2311-GBLHHR,133 Ambercroft Blvd,,M1W,Single/Semi-detached House,22,Scarborough-Agincourt
4334395,STR-2311-GCBVHR,238 Horsham Ave,,M2N,Single/Semi-detached House,18,Willowdale
4334396,STR-2311-JGVVHZ,1204 Avenue Rd,,M5N,Townhouse/ Row House,8,Eglinton-Lawrence
4334397,STR-2311-GKZPHT,20 Rosemount Dr,,M1K,Single/Semi-detached House,21,Scarborough Centre
4334398,STR-2311-GTGPHV,91 Strathcona Ave,,M4J,Townhouse/ Row House,14,Toronto-Danforth
4334399,STR-2311-HJTPHX,15 Iceboat Ter,2216,M5V,Condominium,10,Spadina-Fort York
4334400,STR-2311-HZGPHZ,160 Bedford Rd,308,M5R,Condominium,11,University-Rosedale
4334401,STR-2311-FFRBHP,12 Havelock St,,M6H,Single/Semi-detached House,9,Davenport
4334402,STR-2311-GDKBHS,51 Haven Rd,,M6B,Single/Semi-detached House,8,Eglinton-Lawrence
4334403,STR-2311-HKKBHX,6 Angus Dr,,M2J,Single/Semi-detached House,17,Don Valley North
4334404,STR-2312-FRLHHQ,34 Moran Rd,,M1S,Single/Semi-detached House,23,Scarborough North
4334405,STR-2311-FQDBHQ,55 Bremner Blvd,4003,M5J,Condominium,10,Spadina-Fort York
4334406,STR-2311-FXKBHR,60 Tannery Rd,1113,M5A,Condominium,13,Toronto Centre
4334407,STR-2311-HTXBHY,24 Noble St,405,M6K,Condominium,4,Parkdale-High Park
4334408,STR-2311-GPMPHT,37 Tweedrock Cres,,M1E,Single/Semi-detached House,24,Scarborough-Guildwood
4334409,STR-2311-GWTPHV,144 Booth Ave,,M4M,Single/Semi-detached House,14,Toronto-Danforth
4334410,STR-2311-HDZPHW,226 Nairn Ave,,M6E,Single/Semi-detached House,9,Davenport
4334411,STR-2311-JCTPHZ,31 Broomfield Dr,,M1S,Single/Semi-detached House,23,Scarborough North
4334412,STR-2311-GGXBHS,153 Chaplin Cres,,M5P,Single/Semi-detached House,12,Toronto-St. Paul's
4334413,STR-2311-HFRBHW,45 Allen Ave,,M4M,Single/Semi-detached House,14,Toronto-Danforth
4334414,STR-2311-HWDBHY,73 Forest Grove Dr,,M2K,Single/Semi-detached House,17,Don Valley North
4334415,STR-2311-GXZPHV,36 Zorra St,2706,M8Z,Condominium,3,Etobicoke-Lakeshore
4334416,STR-2311-HGGPHW,21 Iceboat Ter,2006,M5V,Condominium,10,Spadina-Fort York
4334417,STR-2311-HPMPHX,49 Trehorne Dr,,M9P,Single/Semi-detached House,2,Etobicoke Centre
4334418,STR-2311-FZXBHR,55 Bremner Blvd,2402,M5J,Condominium,10,Spadina-Fort York
4334419,STR-2311-HQDBHX,78 Carr St,5,M5T,Condominium,10,Spadina-Fort York
4334420,STR-2311-GRZPHT,477 Richmond St W,303,M5V,Condominium,10,Spadina-Fort York
4334421,STR-2311-GZGPHV,14 York St,4208,M5J,Condominium,10,Spadina-Fort York
4334422,STR-2311-GZXBHV,70 Simpson Ave,,M4K,Single/Semi-detached House,14,Toronto-Danforth
4334423,STR-2311-HRKBHX,2 Patrick Blvd,,M2J,Single/Semi-detached House,17,Don Valley North
4334424,STR-2311-FFBVHP,155 Yorkville Ave,2304,M5R,Apartment,11,University-Rosedale
4334425,STR-2311-FMHVHQ,57 Crawford St,,M6J,Single/Semi-detached House,10,Spadina-Fort York
4334426,STR-2311-FVPVHR,151 Dan Leckie Way,356,M5V,Condominium,10,Spadina-Fort York
4334427,STR-2311-GTHVHV,275 Manse Rd,94,M1E,Townhouse/ Row House,25,Scarborough-Rouge Park
4334428,STR-2311-GTYHHV,151 Dan Leckie Way,1008,M5V,Condominium,10,Spadina-Fort York
4334429,STR-2311-HCFHHW,411 Craven Rd,1,M4L,Single/Semi-detached House,14,Toronto-Danforth
4334430,STR-2311-HSSHHY,6 Prince Hal Cres,,M1T,Single/Semi-detached House,22,Scarborough-Agincourt
4334431,STR-2311-FWVVHR,783 Sammon Ave,,M4C,Single/Semi-detached House,19,Beaches-East York
4334432,STR-2311-GVPVHV,214 Sixth St,,M8V,Single/Semi-detached House,3,Etobicoke-Lakeshore
4334433,STR-2311-HTHVHY,124 Van Horne Ave,1,M2J,Single/Semi-detached House,17,Don Valley North
4334434,STR-2311-FQFHHQ,10 Meadowglen Pl,202,M1G,Condominium,24,Scarborough-Guildwood
4334435,STR-2312-GFSHHS,151 Dan Leckie Way,735,M5V,Condominium,10,Spadina-Fort York
4334436,STR-2312-HTYHHY,40 Leitch Ave,,M3J,Single/Semi-detached House,7,Humber River-Black Creek
4334437,STR-2312-FHPVHP,859 The Queensway,526,M8Z,Condominium,3,Etobicoke-Lakeshore
4334438,STR-2312-FQVVHQ,387 Willard Ave,2,M6S,Single/Semi-detached House,4,Parkdale-High Park
4334439,STR-2312-FYBVHR,250 Wellington St W,933,M5V,Condominium,10,Spadina-Fort York
4334440,STR-2312-GWVVHV,111 Virginia Ave,,M4C,Single/Semi-detached House,19,Beaches-East York
4334441,STR-2312-JCVVHZ,2 Anndale Dr,1802,M2N,Condominium,18,Willowdale
4334442,STR-2312-FJFHHP,145 Blackthorn Ave,,M6N,Single/Semi-detached House,9,Davenport
4334443,STR-2312-FYSHHR,65 Bremner Blvd,3311,M5J,Condominium,10,Spadina-Fort York
4334444,STR-2312-GXLHHV,151 Dan Leckie Way,2205,M5V,Condominium,10,Spadina-Fort York
4334445,STR-2312-HMYHHX,68 Zezel Way,,M1P,Townhouse/ Row House,21,Scarborough Centre
4334446,STR-2312-HWFHHY,802 Coxwell Ave,,M4C,Single/Semi-detached House,14,Toronto-Danforth
4334447,STR-2312-HWVVHY,321 Mortimer Ave,,M4J,Single/Semi-detached House,14,Toronto-Danforth
4334448,STR-2312-GYSHHV,349C Royal York Rd,6,M8Y,Apartment,3,Etobicoke-Lakeshore
4334449,STR-2312-HQFHHX,318 Richmond St W,704,M5V,Condominium,10,Spadina-Fort York
4334450,STR-2312-FLBVHP,64 Scarboro Beach Blvd,Upper,M4E,Duplex/Triplex/Fourplex,19,Beaches-East York
4334451,STR-2312-FTHVHQ,251 Jarvis St,1514,M5B,Condominium,13,Toronto Centre
4334452,STR-2312-GBPVHR,270 Wellington St W,1105,M5V,Condominium,10,Spadina-Fort York
4334453,STR-2312-GZHVHV,3 Brumwell St,,M1C,Single/Semi-detached House,25,Scarborough-Rouge Park
4334454,STR-2312-FTYHHQ,215 Fort York Blvd,2601,M5V,Condominium,10,Spadina-Fort York
4334455,STR-2312-GCFHHR,25 Sheldonbury Cres,,M1W,Single/Semi-detached House,22,Scarborough-Agincourt
4334456,STR-2402-FRLKVQ,955 Bay St,904,M5S,Condominium,13,Toronto Centre
4334457,STR-2312-GZYHHV,21 Iceboat Ter,3115,M5V,Condominium,10,Spadina-Fort York
4334458,STR-2312-HJFHHW,409 Huron St,210,M5S,Apartment,11,University-Rosedale
4334459,STR-2312-JGYHHZ,155 Yorkville Ave,1809,M5R,Condominium,11,University-Rosedale
4334460,STR-2312-FMKBHQ,77 Avenue Rd,511,M5R,Apartment,11,University-Rosedale
4334461,STR-2312-GTKBHV,12 York St,5006,M5J,Condominium,10,Spadina-Fort York
4334462,STR-2312-GDMPHS,151 Dan Leckie Way,551,M5V,Condominium,10,Spadina-Fort York
4334463,STR-2312-HKMPHX,300 Front St W,3206,M5V,Condominium,10,Spadina-Fort York
4334464,STR-2312-FGKBHP,300 Front St W,1903,M5V,Condominium,10,Spadina-Fort York
4334465,STR-2312-FWXBHR,221 Balliol St,1626,M4S,Apartment,12,Toronto-St. Paul's
4334466,STR-2312-GMKBHT,300 Front St W,3501,M5V,Condominium,10,Spadina-Fort York
4334467,STR-2312-GVRBHV,8 Hazel Ave,,M4E,Single/Semi-detached House,19,Beaches-East York
4334468,STR-2312-HCXBHW,30 Shore Breeze Dr,228,M8V,Condominium,3,Etobicoke-Lakeshore
4334469,STR-2312-HLTPHX,14 York St,6705,M5J,Condominium,10,Spadina-Fort York
4334470,STR-2312-JCGPHZ,429 Shuter St,B,M5A,Townhouse/ Row House,13,Toronto Centre
4334471,STR-2312-FHRBHP,172 Angus Dr,B,M2J,Single/Semi-detached House,17,Don Valley North
4334472,STR-2312-GPRBHT,219 Fort York Blvd,1912,M5V,Condominium,10,Spadina-Fort York
4334473,STR-2312-HFDBHW,215 Fort York Blvd,3310,M5V,Condominium,10,Spadina-Fort York
4334474,STR-2312-JCXBHZ,66 Amelia St,3,M4X,Apartment,13,Toronto Centre
4334475,STR-2312-JDMPHZ,955 Bay St,1320,M5S,Condominium,13,Toronto Centre
4334476,STR-2312-FSDBHQ,47 Newton Dr,,M2M,Single/Semi-detached House,18,Willowdale
4334477,STR-2312-GHRBHS,177 Holmes Ave,,M2N,Single/Semi-detached House,18,Willowdale
4334478,STR-2312-HPRBHX,197 Ashworth Ave,,M6G,Single/Semi-detached House,12,Toronto-St. Paul's
4334479,STR-2312-GRMPHT,210 Victoria St,2711,M5B,Condominium,13,Toronto Centre
4334480,STR-2312-GSDBHT,14 York St,5804,M5J,Condominium,10,Spadina-Fort York
4334481,STR-2312-FTZPHQ,54 Stephen Dr,A,M8Y,Duplex/Triplex/Fourplex,3,Etobicoke-Lakeshore
4334482,STR-2312-GCGPHR,8 Charlotte St,1006,M5V,Condominium,10,Spadina-Fort York
4334483,STR-2312-GZZPHV,15 Chapman Ave,,M4B,Single/Semi-detached House,19,Beaches-East York
4334484,STR-2312-HRMPHX,80 Western Battery Rd,1802,M6K,Condominium,10,Spadina-Fort York
4334485,STR-2312-HYTPHY,33 Wycliffe Cres,,M2K,Single/Semi-detached House,17,Don Valley North
4334486,STR-2312-JGZPHZ,26 Rolyat St,1,M6J,Duplex/Triplex/Fourplex,10,Spadina-Fort York
4334487,STR-2312-FWHXVR,90 Waterloo Ave,,M3H,Single/Semi-detached House,6,York Centre
4334488,STR-2312-HBBXVW,12 Lacewood Cres,,M3A,Single/Semi-detached House,16,Don Valley East
4334489,STR-2312-HRPXVY,155 Yorkville Ave,501,M5R,Condominium,11,University-Rosedale
4334490,STR-2312-HYVXVZ,128 Angus Dr,,M2J,Single/Semi-detached House,17,Don Valley North
4334491,STR-2312-FWYKVR,51 Chestnut Park Rd,,M4W,Single/Semi-detached House,11,University-Rosedale
4334492,STR-2312-HLFKVX,314 Robert St,,M5S,Single/Semi-detached House,11,University-Rosedale
4334493,STR-2312-HLVXVX,98 Lillian St,1412,M4S,Condominium,12,Toronto-St. Paul's
4334494,STR-2312-FQYKVQ,9 Donald Ave,1,M6M,Apartment,5,York South-Weston
4334495,STR-2312-FYFKVR,96 Hollywood Cres,,M4L,Single/Semi-detached House,19,Beaches-East York
4334496,STR-2312-GPSKVT,28 Havelock St,,M6H,Single/Semi-detached House,9,Davenport
4334497,STR-2312-HVSKVY,7 West Lynn Ave,A,M4C,Single/Semi-detached House,19,Beaches-East York
4334498,STR-2312-GXPXVV,210 Victoria St,1816,M5B,Condominium,13,Toronto Centre
4334499,STR-2312-HWYKVY,181C De Grassi St,,M4M,Single/Semi-detached House,14,Toronto-Danforth
4334500,STR-2312-GRPXVT,66 Edgewood Ave,4,M4L,Apartment,19,Beaches-East York
4334501,STR-2312-HQHXVX,63 Claremont St,1,M6J,Single/Semi-detached House,10,Spadina-Fort York
4334502,STR-2312-HXPXVY,11 Ovida Ave,,M9B,Single/Semi-detached House,3,Etobicoke-Lakeshore
4334503,STR-2312-JFVXVZ,21 Iceboat Ter,4811,M5V,Condominium,10,Spadina-Fort York
4334504,STR-2312-FTLKVQ,155 Yorkville Ave,1009,M5R,Apartment,11,University-Rosedale
4334505,STR-2312-HHSKVW,10 Lakeview Ave,Main,M6J,Duplex/Triplex/Fourplex,9,Davenport
4334506,STR-2312-FDRDVP,98 Upper Canada Dr,,M2P,Single/Semi-detached House,15,Don Valley West
4334507,STR-2312-GSXDVV,22 Western Battery Rd,119,M6K,Townhouse/ Row House,10,Spadina-Fort York
4334508,STR-2312-HRRDVY,21 Iceboat Ter,2712,M5V,Condominium,10,Spadina-Fort York
4334509,STR-2312-FFGRVP,17 Berkinshaw Cres,BSMT,M3B,Single/Semi-detached House,16,Don Valley East
4334510,STR-2312-FMMRVQ,300 Front St W,4304,M5V,Condominium,10,Spadina-Fort York
4334511,STR-2312-GCZRVS,1173 Dundas St E,218,M4M,Condominium,14,Toronto-Danforth
4334512,STR-2312-GTMRVV,438 Vaughan Rd,,M6C,Single/Semi-detached House,12,Toronto-St. Paul's
4334513,STR-2312-HJZRVX,439 Lansdowne Ave,,M6H,Single/Semi-detached House,9,Davenport
4334514,STR-2312-FWKDVR,23 Norval St,,M6N,Single/Semi-detached House,5,York South-Weston
4334515,STR-2312-HCKDVW,346E Jarvis St,,M4Y,Townhouse/ Row House,13,Toronto Centre
4334516,STR-2312-FGMRVP,12 York St,3508,M5J,Condominium,10,Spadina-Fort York
4334517,STR-2312-FPTRVQ,2088 Lawrence Ave W,1007,M9N,Condominium,5,York South-Weston
4334518,STR-2312-GMMRVT,449 St Clarens Ave,,M6H,Single/Semi-detached House,9,Davenport
4334519,STR-2312-FXRDVR,12 York St,2905,M5J,Condominium,10,Spadina-Fort York
4334520,STR-2312-GWKDVV,18 Yonge St,1410,M5E,Condominium,10,Spadina-Fort York
4334521,STR-2312-HLXDVX,300 Front St W,3602,M5V,Condominium,10,Spadina-Fort York
4334522,STR-2312-FQZRVQ,84 Darby Crt,,M1B,Single/Semi-detached House,25,Scarborough-Rouge Park
4334523,STR-2312-FZMRVR,38 Abell St,218,M6J,Condominium,9,Davenport
4334524,STR-2312-GJKDVS,10 Capreol Crt,509,M5V,Condominium,10,Spadina-Fort York
4334525,STR-2312-GYXDVV,139 Tamworth Rd,,M2N,Single/Semi-detached House,18,Willowdale
4334526,STR-2312-GBTRVR,28 Coatsworth Cres,,M4C,Single/Semi-detached House,19,Beaches-East York
4334527,STR-2312-GSGRVT,227 Donald Ave,,M6M,Single/Semi-detached House,5,York South-Weston
4334528,STR-2312-HHTRVW,14 York St,1805,M5J,Condominium,10,Spadina-Fort York
4334529,STR-2312-HYGRVY,45 Baseball Place,201,M4M,Condominium,14,Toronto-Danforth
4334530,STR-2312-JGMRVZ,24 Noble St,411,M6K,Apartment,4,Parkdale-High Park
4334531,STR-2312-FFHXVP,85 Cavell Ave,,M4J,Single/Semi-detached House,14,Toronto-Danforth
4334532,STR-2312-GTPXVV,14 Wyvern Rd,,M2K,Single/Semi-detached House,17,Don Valley North
4334533,STR-2312-HSHXVY,8 Gladstone Ave,315,M6J,Condominium,9,Davenport
4334534,STR-2312-HZPXVZ,36 Dixon Ave,Lower,M4L,Duplex/Triplex/Fourplex,19,Beaches-East York
4334535,STR-2312-FFYKVP,50 Beckwith Rd,,M9C,Single/Semi-detached House,2,Etobicoke Centre
4334536,STR-2312-FPFKVQ,172 Curzon St,,M4M,Single/Semi-detached House,14,Toronto-Danforth
4334537,STR-2312-FWLKVR,89 Dunfield Ave,2404,M4S,Condominium,12,Toronto-St. Paul's
4334538,STR-2401-JBVXVZ,300 Front St W,1902,M5V,Condominium,10,Spadina-Fort York
4334539,STR-2401-GFYKVS,300 Front St W,3705,M5V,Apartment,10,Spadina-Fort York
4334540,STR-2401-HVFKVY,96 Seaton St,B,M5A,Single/Semi-detached House,13,Toronto Centre
4334541,STR-2401-FHVXVP,252B Berkeley St,,M5A,Townhouse/ Row House,13,Toronto Centre
4334542,STR-2401-GXBXVV,79 William Duncan Rd,,M3K,Single/Semi-detached House,6,York Centre
4334543,STR-2401-HFHXVW,20 Sheridan Ave,,M6K,Single/Semi-detached House,9,Davenport
4334544,STR-2401-FJLKVP,597 O'Connor Dr,,M4C,Single/Semi-detached House,19,Beaches-East York
4334545,STR-2401-GQLKVT,300 Front St W,3805,M5V,Condominium,10,Spadina-Fort York
4334546,STR-2401-HFYKVW,30 Baseball Pl,330,M4M,Condominium,14,Toronto-Danforth
4334547,STR-2401-FKBXVP,1A Branstone Rd,,M6E,Duplex/Triplex/Fourplex,9,Davenport
4334548,STR-2401-GRBXVT,36 Erindale Ave,B,M4K,Duplex/Triplex/Fourplex,14,Toronto-Danforth
4334549,STR-2401-HXBXVY,63 Rusholme Rd,,M6J,Single/Semi-detached House,9,Davenport
4334550,STR-2401-JFHXVZ,440 Ashdale Ave,,M4L,Single/Semi-detached House,14,Toronto-Danforth
4334551,STR-2401-GJLKVS,47 Dunraven Dr,,M6M,Single/Semi-detached House,5,York South-Weston
4334552,STR-2401-HZBXVZ,41 Beatrice St,C,M6J,Single/Semi-detached House,11,University-Rosedale
4334553,STR-2401-GBVXVR,2 Anndale Dr,1602,M2N,Condominium,18,Willowdale
4334554,STR-2401-GSHXVT,123 Hillsdale Ave E,,M4S,Single/Semi-detached House,12,Toronto-St. Paul's
4334555,STR-2401-GZPXVV,15 Iceboat Ter,1709,M5V,Condominium,10,Spadina-Fort York
4334556,STR-2401-HYHXVY,15 Hertle Ave,,M4L,Single/Semi-detached House,14,Toronto-Danforth
4334557,STR-2401-FDTRVP,21 Iceboat Ter,1115,M5V,Condominium,10,Spadina-Fort York
4334558,STR-2401-FLZRVQ,145 Caledonia Rd,,M6E,Single/Semi-detached House,9,Davenport
4334559,STR-2401-GCMRVS,20 Rainsford Rd,,M4L,Single/Semi-detached House,19,Beaches-East York
4334560,STR-2401-HRTRVY,123 Woodbine Ave,112,M4L,Condominium,19,Beaches-East York
4334561,STR-2401-FFKDVP,26 Fennings St,,M6J,Townhouse/ Row House,10,Spadina-Fort York
4334562,STR-2401-GLKDVT,101 Peter St,1701,M5V,Condominium,10,Spadina-Fort York
4334563,STR-2401-HBXDVW,10 Stamford Sq S,,M1L,Single/Semi-detached House,20,Scarborough Southwest
4334564,STR-2401-HKDDVX,1239 Victoria Park Ave,,M4B,Single/Semi-detached House,20,Scarborough Southwest
4334565,STR-2401-FFZRVP,133 Bethany Leigh Dr,,M1V,Single/Semi-detached House,23,Scarborough North
4334566,STR-2401-FWMRVR,10 Park Lawn Rd,4003,M8V,Condominium,3,Etobicoke-Lakeshore
4334567,STR-2401-GDTRVS,24 Sheridan Ave,1,M6K,Duplex/Triplex/Fourplex,9,Davenport
4334568,STR-2401-GVGRVV,8 Eaton Park Lane,5,M1W,Townhouse/ Row House,22,Scarborough-Agincourt
4334569,STR-2401-HKTRVX,33 Coxwell Ave,,M4L,Single/Semi-detached House,19,Beaches-East York
4334570,STR-2401-GFKDVS,41 Eileen Ave,,M6N,Single/Semi-detached House,5,York South-Weston
4334571,STR-2401-GMRDVT,2300 St Clair Ave W,509,M6N,Apartment,5,York South-Weston
4334572,STR-2401-GVXDVV,14 York St,307,M5J,Condominium,10,Spadina-Fort York
4334573,STR-2401-JBXDVZ,2 Anndale Dr,607,M2N,Condominium,18,Willowdale
4334574,STR-2401-FXTRVR,209 Fort York Blvd,1273,M5V,Condominium,10,Spadina-Fort York
4334575,STR-2401-FHXDVP,24 Unity Rd,,M4J,Single/Semi-detached House,14,Toronto-Danforth
4334576,STR-2401-FRDDVQ,55 Paradelle Cres,1,M3N,Single/Semi-detached House,7,Humber River-Black Creek
4334577,STR-2401-FYKDVR,57 Fairview Ave,,M6P,Single/Semi-detached House,4,Parkdale-High Park
4334578,STR-2401-GXDDVV,14 York St,5610,M5J,Condominium,10,Spadina-Fort York
4334579,STR-2401-HFKDVW,49 Heath St W,,M4V,Single/Semi-detached House,12,Toronto-St. Paul's
4334580,STR-2401-FJMRVP,20 Littlewood Cres,,M9C,Single/Semi-detached House,2,Etobicoke Centre
4334581,STR-2401-FRTRVQ,2738 St Clair Ave E,Main,M4B,Single/Semi-detached House,19,Beaches-East York
4334582,STR-2401-FYZRVR,44 D'Arcy St,B,M5T,Single/Semi-detached House,11,University-Rosedale
4334583,STR-2401-HFZRVW,68 Monkton Ave,,M8Z,Single/Semi-detached House,3,Etobicoke-Lakeshore
4334584,STR-2401-FKDDVP,51 Ingham Ave,,M4K,Single/Semi-detached House,14,Toronto-Danforth
4334585,STR-2401-GHXDVS,173 Timberbank Blvd,,M1W,Single/Semi-detached House,22,Scarborough-Agincourt
4334586,STR-2401-GYKDVV,9 Wilkins Ave,,M5A,Townhouse/ Row House,13,Toronto Centre
4334587,STR-2401-HGRDVW,43 Bernice Cres,,M6N,Single/Semi-detached House,5,York South-Weston
4334588,STR-2401-HXDDVY,783 Adelaide St W,,M6J,Single/Semi-detached House,10,Spadina-Fort York
4334589,STR-2401-FKTRVP,50 Charles St E,2410,M4Y,Condominium,11,University-Rosedale
4334590,STR-2401-GJMRVS,14 York St,5904,M5J,Condominium,10,Spadina-Fort York
4334591,STR-2401-HRDDVX,21 Iceboat Ter,4603,M5V,Condominium,10,Spadina-Fort York
4334592,STR-2401-HYKDVY,701 King St W,411,M5V,Condominium,10,Spadina-Fort York
4334593,STR-2401-JGRDVZ,36 Zorra St,330,M8Z,Condominium,3,Etobicoke-Lakeshore
4334594,STR-2401-GTBXVV,947 Willowdale Ave,,M2M,Apartment,18,Willowdale
4334595,STR-2401-HBHXVW,73 Richmond St W,205A,M5H,Condominium,10,Spadina-Fort York
4334596,STR-2401-HJPXVX,285 Willow Ave,,M4E,Single/Semi-detached House,19,Beaches-East York
4334597,STR-2401-HZSKVZ,1183 Kipling Ave,,M9B,Single/Semi-detached House,2,Etobicoke Centre
4334598,STR-2401-FPHXVQ,219 Fort York Blvd,1406,M5V,Condominium,10,Spadina-Fort York
4334599,STR-2401-FWPXVR,75 Oak Park Ave,,M4C,Single/Semi-detached House,19,Beaches-East York
4334600,STR-2401-GVHXVV,101 Peter St,3610,M5V,Condominium,10,Spadina-Fort York
4334601,STR-2401-GMSKVT,21 Iceboat Ter,2111,M5V,Condominium,10,Spadina-Fort York
4334602,STR-2401-GVYKVV,42 Aspendale Dr,upper,M1P,Single/Semi-detached House,21,Scarborough Centre
4334603,STR-2401-HDFKVW,33 Anewen Dr,,M4A,Single/Semi-detached House,16,Don Valley East
4334604,STR-2401-FQPXVQ,151 Dan Leckie Way,937,M5V,Apartment,10,Spadina-Fort York
4334605,STR-2401-FXVXVR,76 Milverton Blvd,,M4J,Single/Semi-detached House,14,Toronto-Danforth
4334606,STR-2401-GGBXVS,120 Glendale Ave,,M6R,Single/Semi-detached House,4,Parkdale-High Park
4334607,STR-2401-HMBXVX,21 Grand Magazine St,709,M5V,Apartment,10,Spadina-Fort York
4334608,STR-2401-FHYKVP,28 Ted Rogers Way,4302,M4Y,Apartment,11,University-Rosedale
4334609,STR-2401-JDFKVZ,37 Dundonald St,,M4Y,Single/Semi-detached House,13,Toronto Centre
4334610,STR-2401-HGBXVW,251 Jarvis St,2703,M5B,Condominium,13,Toronto Centre
4334611,STR-2401-GRFKVT,41 South Marine Dr,,M1E,Single/Semi-detached House,24,Scarborough-Guildwood
4334612,STR-2401-HGSKVW,60 Princess St,1113,M5A,Condominium,13,Toronto Centre
4334613,STR-2401-JFLKVZ,41 Brightwood St,BSMENT,M3H,Apartment,6,York Centre
4334614,STR-2401-GBHXVR,108 Grenadier Rd,,M6R,Single/Semi-detached House,4,Parkdale-High Park
4334615,STR-2401-HQPXVX,300 Front St W,711,M5V,Condominium,10,Spadina-Fort York
4334616,STR-2401-HXVXVY,199 Richmond St W,1805,M5V,Condominium,10,Spadina-Fort York
4334617,STR-2401-FLLKVP,105 George St,2009,M5A,Condominium,13,Toronto Centre
4334618,STR-2401-GBYKVR,65 Bremner Blvd,4606,M5J,Condominium,10,Spadina-Fort York
4334619,STR-2401-GKFKVS,150 Logan Ave,207,M4M,Condominium,14,Toronto-Danforth
4334620,STR-2401-GSLKVT,300 Front St W,2502,M5V,Condominium,10,Spadina-Fort York
4334621,STR-2401-GZSKVV,300 Front St W,4202,M5V,Condominium,10,Spadina-Fort York
4334622,STR-2401-FMDDVQ,890 Queen St E,A,M4M,Duplex/Triplex/Fourplex,14,Toronto-Danforth
4334623,STR-2401-FVKDVR,715 Lawrence Ave W,24,M6A,Condominium,8,Eglinton-Lawrence
4334624,STR-2401-HBZRVW,181 Baldwin St,202,M5T,Apartment,11,University-Rosedale
4334625,STR-2401-HKGRVX,57 Cameron St,B,M5T,Duplex/Triplex/Fourplex,10,Spadina-Fort York
4334626,STR-2401-HSMRVY,14 York St,707,M5J,Condominium,10,Spadina-Fort York
4334627,STR-2401-FWRDVR,43 Barksdale Ave,,M3H,Single/Semi-detached House,6,York Centre
4334628,STR-2401-GDXDVS,247 Gamble Ave,,M4J,Single/Semi-detached House,14,Toronto-Danforth
4334629,STR-2401-HKXDVX,21 Iceboat Ter,1022,M5V,Condominium,10,Spadina-Fort York
4334630,STR-2401-HTDDVY,213 Mutual St,,M5B,Townhouse/ Row House,13,Toronto Centre
4334631,STR-2401-GMTRVT,113 Walnut Ave,,M5V,Duplex/Triplex/Fourplex,10,Spadina-Fort York
4334632,STR-2401-GWRDVV,300 Front St W,2514,M5V,Condominium,10,Spadina-Fort York
4334633,STR-2401-HMDDVX,8 Wellesley St E,707,M4Y,Condominium,13,Toronto Centre
4334634,STR-2401-HVKDVY,231 Fort York Blvd,2205,M5V,Condominium,10,Spadina-Fort York
4334635,STR-2401-GPZRVT,300 Front St W,2203,M5V,Condominium,10,Spadina-Fort York
4334636,STR-2401-GXGRVV,7 Glencrest Blvd,,M4B,Single/Semi-detached House,19,Beaches-East York
4334637,STR-2401-FJRDVP,413 Brock Ave,,M6H,Single/Semi-detached House,9,Davenport
4334638,STR-2401-FZDDVR,919 Dufferin St,303,M6H,Apartment,9,Davenport
4334639,STR-2401-HPZRVX,101 Peter St,608,M5V,Condominium,10,Spadina-Fort York
4334640,STR-2401-JFMRVZ,1415 Gerrard St E,2A,M4L,Apartment,14,Toronto-Danforth
4334641,STR-2401-HRGRVX,300 Front St W,2004,M5V,Condominium,10,Spadina-Fort York
4334642,STR-2401-HYMRVY,65 Bertha Ave,,M1L,Single/Semi-detached House,20,Scarborough Southwest
4334643,STR-2401-FFPXVP,181E De Grassi St,,M4M,Single/Semi-detached House,14,Toronto-Danforth
4334644,STR-2401-GDHXVS,1190 Dundas St E,620,M4M,Condominium,14,Toronto-Danforth
4334645,STR-2401-FGFKVP,386 Rosewell Ave,A,M4R,Single/Semi-detached House,8,Eglinton-Lawrence
4334646,STR-2401-FPLKVQ,87 Robinson St,,M6J,Single/Semi-detached House,10,Spadina-Fort York
4334647,STR-2401-FWSKVR,40 Scollard St,902,M5R,Apartment,11,University-Rosedale
4334648,STR-2401-GDYKVS,175 Cumberland St,1211,M5R,Apartment,11,University-Rosedale
4334649,STR-2401-HCSKVW,14 York St,2305,M5J,Condominium,10,Spadina-Fort York
4334650,STR-2401-JBLKVZ,77 Avenue Rd,204,M5R,Apartment,11,University-Rosedale
4334651,STR-2401-FQBXVQ,219 Fort York Blvd,701,M5V,Condominium,10,Spadina-Fort York
4334652,STR-2401-GMVXVT,192 Roselawn Ave,,M4R,Single/Semi-detached House,8,Eglinton-Lawrence
4334653,STR-2401-HTVXVY,14 York St,1901,M5J,Condominium,10,Spadina-Fort York
4334654,STR-2401-GGFKVS,501 Yonge St,4613,M4Y,Condominium,13,Toronto Centre
4334655,STR-2401-GPLKVT,270 Wellington St W,818,M5V,Condominium,10,Spadina-Fort York
4334656,STR-2401-GWSKVV,44 Hooyo Ter,,M6A,Townhouse/ Row House,8,Eglinton-Lawrence
4334657,STR-2401-FRHXVQ,14 York St,2008,M5J,Condominium,10,Spadina-Fort York
4334658,STR-2401-HMVXVX,15 Endean Ave,,M4M,Single/Semi-detached House,14,Toronto-Danforth
4334659,STR-2401-HWBXVY,325 Westmoreland Ave N,2,M6H,Duplex/Triplex/Fourplex,9,Davenport
4334660,STR-2401-FJSKVP,19 Crosland Dr,,M1R,Single/Semi-detached House,21,Scarborough Centre
4334661,STR-2401-FRYKVQ,14 Crofton Rd,,M4G,Single/Semi-detached House,15,Don Valley West
4334662,STR-2401-GQSKVT,237 Niagara St,,M6J,Townhouse/ Row House,10,Spadina-Fort York
4334663,STR-2401-GXYKVV,300 Front St W,4212,M5V,Condominium,10,Spadina-Fort York
4334664,STR-2401-FSPXVQ,171 Symons St,,M8V,Single/Semi-detached House,3,Etobicoke-Lakeshore
4334665,STR-2401-GJBXVS,2 Glenheather Ter,Main,M1B,Single/Semi-detached House,25,Scarborough-Rouge Park
4334666,STR-2401-JFPXVZ,136 Gilmour Ave,,M6P,Single/Semi-detached House,4,Parkdale-High Park
4334667,STR-2401-FKYKVP,56 Brookmount Rd,,M4L,Single/Semi-detached House,19,Beaches-East York
4334668,STR-2401-FTFKVQ,284 Gladstone Ave,,M6J,Duplex/Triplex/Fourplex,9,Davenport
4334669,STR-2401-GJSKVS,213 Parliament St,B,M5A,Single/Semi-detached House,13,Toronto Centre
4334670,STR-2401-HHLKVW,39 Niagara St,534,M5V,Apartment,10,Spadina-Fort York
4334671,STR-2401-JGFKVZ,2405 Queen St E,101,M4E,Apartment,19,Beaches-East York
4334672,STR-2401-FLPXVP,26 Glenora Ave,,M6C,Single/Semi-detached House,12,Toronto-St. Paul's
4334673,STR-2401-FTVXVQ,9 Twenty Fourth St,Lower,M8V,Single/Semi-detached House,3,Etobicoke-Lakeshore
4334674,STR-2401-GCBXVR,46 Archwood Cres,,M1R,Single/Semi-detached House,21,Scarborough Centre
4334675,STR-2401-GZVXVV,955 Bay St,2306,M5S,Condominium,13,Toronto Centre
4334676,STR-2401-HRHXVX,98 Seaton St,,M5A,Single/Semi-detached House,13,Toronto Centre
4334677,STR-2401-HJTRVX,14 York St,2106,M5J,Apartment,10,Spadina-Fort York
4334678,STR-2401-HRZRVY,207 Glenwood Cres,,M4B,Single/Semi-detached House,19,Beaches-East York
4334679,STR-2401-GLRDVT,31 Skelmore Cres,,M3A,Single/Semi-detached House,16,Don Valley East
4334680,STR-2401-HSRDVY,65 Bremner Blvd,4007,M5J,Condominium,10,Spadina-Fort York
4334681,STR-2401-FWTRVR,87 Peter St,3101,M5V,Condominium,10,Spadina-Fort York
4334682,STR-2401-GDZRVS,19 Kensington Ave,1,M5T,Single/Semi-detached House,11,University-Rosedale
4334683,STR-2402-HTGRVY,51 East Liberty St,2508,M6K,Condominium,10,Spadina-Fort York
4334684,STR-2402-FQDDVQ,29 Skyridge Rd,,M1E,Single/Semi-detached House,24,Scarborough-Guildwood
4334685,STR-2402-FXKDVR,43 Conamore Cres,,M3J,Single/Semi-detached House,7,Humber River-Black Creek
4334686,STR-2402-GFRDVS,114 Helena Ave,SECOND,M6G,Single/Semi-detached House,12,Toronto-St. Paul's
4334687,STR-2402-GWDDVV,34 Western Battery Rd,422,M6K,Townhouse/ Row House,10,Spadina-Fort York
4334688,STR-2402-HDKDVW,121 Trudelle St,609,M1J,Condominium,21,Scarborough Centre
4334689,STR-2402-FHMRVP,209 Boulton Ave,,M4M,Townhouse/ Row House,14,Toronto-Danforth
4334690,STR-2402-FXZRVR,538 Crawford St,,M6G,Single/Semi-detached House,11,University-Rosedale
4334691,STR-2402-GPMRVT,81 Armadale Ave,,M6S,Single/Semi-detached House,4,Parkdale-High Park
4334692,STR-2402-GWTRVV,1441 Dufferin St,3,M6H,Apartment,9,Davenport
4334693,STR-2402-HGGRVW,38 Bexhill Ave,BSMT,M1L,Single/Semi-detached House,20,Scarborough Southwest
4334694,STR-2402-HDZRVW,390 Queens Quay W,1115,M5V,Apartment,10,Spadina-Fort York
4334695,STR-2402-HMGRVX,55 Evelyn Ave,,M6P,Single/Semi-detached House,4,Parkdale-High Park
4334696,STR-2402-FRKDVQ,29 Dunraven Dr,1,M6M,Duplex/Triplex/Fourplex,5,York South-Weston
4334697,STR-2402-GGXDVS,300 Front St W,3907,M5V,Condominium,10,Spadina-Fort York
4334698,STR-2402-HFRDVW,955 Bay St,426,M5S,Condominium,13,Toronto Centre
4334699,STR-2402-FJTRVP,63 Tillplain Rd,Suite-BSMT,M3H,Single/Semi-detached House,6,York Centre
4334700,STR-2402-GHMRVS,36 Ashbury Ave,1,M6E,Duplex/Triplex/Fourplex,12,Toronto-St. Paul's
4334701,STR-2402-HWTRVY,300 Front St W,814,M5V,Condominium,10,Spadina-Fort York
4334702,STR-2402-GYRDVV,188 Cumberland St,805,M5R,Condominium,11,University-Rosedale
4334703,STR-2402-HQDDVX,329 Brunswick Ave,,M5R,Single/Semi-detached House,11,University-Rosedale
4334704,STR-2402-GBMRVR,128 1/2 Lansdowne Ave,A,M6K,Single/Semi-detached House,4,Parkdale-High Park
4334705,STR-2402-HHMRVW,6 Clayland Dr,,M3A,Single/Semi-detached House,16,Don Valley East
4334706,STR-2402-FTXDVQ,8 Charlotte St,1903,M5V,Condominium,10,Spadina-Fort York
4334707,STR-2402-GCDDVR,50 Scarborough Golf Club Rd,99,M1M,Townhouse/ Row House,24,Scarborough-Guildwood
4334708,STR-2402-HYRDVY,51 Homewood Ave,2,M4Y,Apartment,13,Toronto Centre
4334709,STR-2402-JGXDVZ,49 Arjay Cres,,M2L,Single/Semi-detached House,15,Don Valley West
4334710,STR-2402-FFBXVP,262 Beatrice St,B,M6G,Townhouse/ Row House,11,University-Rosedale
4334711,STR-2402-FMHXVQ,77 Kay Dr,,M9V,Single/Semi-detached House,1,Etobicoke North
4334712,STR-2402-GCVXVS,300 Front St W,610,M5V,Condominium,10,Spadina-Fort York
4334713,STR-2402-HBPXVW,52 Bellevue Ave,1,M5T,Duplex/Triplex/Fourplex,11,University-Rosedale
4334714,STR-2402-HSBXVY,175 Greyabbey Trl,,M1E,Single/Semi-detached House,25,Scarborough-Rouge Park
4334715,STR-2402-FFSKVP,77 Harbour Sq,1205,M5J,Condominium,10,Spadina-Fort York
4334716,STR-2402-FMYKVQ,21 Iceboat Ter,626,M5V,Condominium,10,Spadina-Fort York
4334717,STR-2402-GLSKVT,84 Clarion Rd,,M9R,Single/Semi-detached House,1,Etobicoke North
4334718,STR-2402-HCFKVW,14 York St,1412,M5J,Apartment,10,Spadina-Fort York
4334719,STR-2402-HKLKVX,251 Jarvis St,2902,M5B,Condominium,13,Toronto Centre
4334720,STR-2402-FWVXVR,101 Peter St,1501,M5V,Condominium,10,Spadina-Fort York
4334721,STR-2402-GFBXVS,55 Bremner Blvd,2208,M5J,Condominium,10,Spadina-Fort York
4334722,STR-2402-HLBXVX,155 Legion Rd N,1313,M8Y,Apartment,3,Etobicoke-Lakeshore
4334723,STR-2402-HTHXVY,194 Clinton St,,M6G,Single/Semi-detached House,11,University-Rosedale
4334724,STR-2402-JBPXVZ,650 Queens Quay W,1116,M5V,Condominium,10,Spadina-Fort York
4334725,STR-2402-FXLKVR,662 Davenport Rd,,M5R,Single/Semi-detached House,12,Toronto-St. Paul's
4334726,STR-2402-GFSKVS,10 Cree Ave,,M1M,Single/Semi-detached House,20,Scarborough Southwest
4334727,STR-2402-GWFKVV,155 Yorkville Ave,1718,M5R,Condominium,11,University-Rosedale
4334728,STR-2402-JCFKVZ,185 Thirtieth St,,M8W,Single/Semi-detached House,3,Etobicoke-Lakeshore
4334729,STR-2402-FHPXVP,18 Yonge St,2310,M5E,Condominium,10,Spadina-Fort York
4334730,STR-2402-FQVXVQ,91A Claremont St,BSMT,M6J,Single/Semi-detached House,10,Spadina-Fort York
4334731,STR-2402-FYBXVR,21 Risdon Crt,,M9C,Single/Semi-detached House,2,Etobicoke Centre
4334732,STR-2402-FJFKVP,10 Plymouth Ave,4,M6J,Townhouse/ Row House,11,University-Rosedale
4334733,STR-2402-FYSKVR,661 Conacher Dr,,M2M,Single/Semi-detached House,18,Willowdale
4334734,STR-2402-GGYKVS,12 Harley Ave,,M5M,Single/Semi-detached House,8,Eglinton-Lawrence
4334735,STR-2402-GXLKVV,25 Nicholas Ave,1709,M5A,Apartment,13,Toronto Centre
4334736,STR-2402-GHPXVS,22 Nanton Ave,,M4W,Single/Semi-detached House,11,University-Rosedale
4334737,STR-2402-GQVXVT,7 Lorraine Dr,1810,M2N,Condominium,18,Willowdale
4334738,STR-2402-HPPXVX,120 Harrison Garden Blvd,912,M2N,Condominium,18,Willowdale
4334739,STR-2402-HWVXVY,135 Isabella St,405,M4Y,Apartment,13,Toronto Centre
4334740,STR-2402-HXLKVY,1209 Queen St E,85,M4M,Townhouse/ Row House,14,Toronto-Danforth
4334741,STR-2402-JFSKVZ,840 Queen's Plate Dr,1403,M9W,Condominium,1,Etobicoke North
4334742,STR-2402-GBPXVR,11 Wellesley St W,3503,M4Y,Condominium,13,Toronto Centre
4334743,STR-2402-HCJBHW,263 Wellington St W,1005,M5V,Condominium,10,Spadina-Fort York
4334744,STR-2402-GKLKVS,14 York St,6001,M5J,Condominium,10,Spadina-Fort York
4334745,STR-2402-FMKDVQ,85 Bloor St E,708,M4W,Condominium,11,University-Rosedale
4334746,STR-2402-GCXDVS,4 Omaha Ave,,M5J,Single/Semi-detached House,10,Spadina-Fort York
4334747,STR-2402-HJXDVX,20 Carlton St,521,M5B,Condominium,13,Toronto Centre
4334748,STR-2402-HSDDVY,219 Fort York Blvd,1606,M5V,Condominium,10,Spadina-Fort York
4334749,STR-2402-HZKDVZ,46 Western Battery Rd,820,M6K,Townhouse/ Row House,10,Spadina-Fort York
4334750,STR-2402-FMZRVQ,27 Gamble Ave,611,M4K,Apartment,14,Toronto-Danforth
4334751,STR-2402-FWGRVR,316 Oakwood Ave,Basement,M6E,Apartment,9,Davenport
4334752,STR-2402-GTZRVV,59 Hocken Ave,,M6G,Single/Semi-detached House,12,Toronto-St. Paul's
4334753,STR-2402-HCGRVW,12 York St,5506,M5J,Condominium,10,Spadina-Fort York
4334754,STR-2402-FWXDVR,70 Douro St,115,M6K,Condominium,10,Spadina-Fort York
4334755,STR-2402-GFDDVS,209 Fort York Blvd,1272,M5V,Condominium,10,Spadina-Fort York
4334756,STR-2402-GMKDVT,38 Millicent St,2,M6H,Duplex/Triplex/Fourplex,9,Davenport
4334757,STR-2402-GVRDVV,14 York St,3806,M5J,Condominium,10,Spadina-Fort York
4334758,STR-2402-HCXDVW,440 Lansdowne Ave,Upper,M6H,Duplex/Triplex/Fourplex,9,Davenport
4334759,STR-2402-HLDDVX,300 Front St W,4204,M5V,Condominium,10,Spadina-Fort York
4334760,STR-2402-FGZRVP,832 Bay St,1505,M5S,Condominium,11,University-Rosedale
4334761,STR-2402-FQGRVQ,199 Richmond St W,313,M5V,Condominium,10,Spadina-Fort York
4334762,STR-2402-GMZRVT,1470 Midland Ave,713,M1P,Condominium,21,Scarborough Centre
4334763,STR-2402-HDMRVW,174 Darlingside Dr,,M1E,Single/Semi-detached House,25,Scarborough-Rouge Park
4334764,STR-2402-FHRDVP,208 Queens Quay W,3604,M5J,Condominium,10,Spadina-Fort York
4334765,STR-2402-FYDDVR,118 Tyndall Ave,809,M6K,Apartment,4,Parkdale-High Park
4334766,STR-2402-GPRDVT,897 Dundas St W,AP 2,M6J,Apartment,10,Spadina-Fort York
4334767,STR-2402-GWXDVV,75 Boon Ave,,M6E,Single/Semi-detached House,9,Davenport
4334768,STR-2402-HMKDVX,134 King Edward Ave,,M4C,Single/Semi-detached House,19,Beaches-East York
4334769,STR-2402-JCXDVZ,26 Glaive Dr,,M1P,Single/Semi-detached House,21,Scarborough Centre
4334770,STR-2402-FJGRVP,6 Brockton Ave,,M6K,Single/Semi-detached House,9,Davenport
4334771,STR-2402-GGZRVS,101 Peter St,3210,M5V,Condominium,10,Spadina-Fort York
4334772,STR-2402-GQGRVT,764 Pape Ave,,M4K,Single/Semi-detached House,14,Toronto-Danforth
4334773,STR-2402-JDMRVZ,300 Front St W,2306,M5V,Condominium,10,Spadina-Fort York
4334774,STR-2402-GYDDVV,513 Milverton Blvd,,M4C,Single/Semi-detached House,19,Beaches-East York
4334775,STR-2402-JFDDVZ,21 Iceboat Ter,4111,M5V,Condominium,10,Spadina-Fort York
4334776,STR-2402-FKMRVP,6A Leaside Park Dr,,M4H,Townhouse/ Row House,15,Don Valley West
4334777,STR-2402-FZZRVR,60 Bathurst St,814,M5V,Condominium,10,Spadina-Fort York
4334778,STR-2402-GYTRVV,14 Fairglen Ave,,M1T,Single/Semi-detached House,22,Scarborough-Agincourt
4334779,STR-2402-HGZRVW,24 Basswood Rd,,M2N,Single/Semi-detached House,18,Willowdale
4334780,STR-2402-HXMRVY,10 Capreol Crt,1022,M5V,Condominium,10,Spadina-Fort York
4334781,STR-2402-FTKDVQ,8 Kingscross Sq,Main,M8Z,Single/Semi-detached House,3,Etobicoke-Lakeshore
4334782,STR-2402-GSDDVT,300 Front St W,3905,M5V,Condominium,10,Spadina-Fort York
4334783,STR-2402-FTZRVQ,188 Fairview Mall Dr,215,M2J,Condominium,17,Don Valley North
4334784,STR-2402-GCGRVR,71 Dawes Rd,,M4C,Single/Semi-detached House,19,Beaches-East York
4334785,STR-2402-GKMRVS,199 Richmond St W,219,M5V,Condominium,10,Spadina-Fort York
4334786,STR-2402-GZZRVV,360 Coxwell Ave,,M4L,Single/Semi-detached House,14,Toronto-Danforth
4334787,STR-2402-HRMRVX,57 Brock Ave,604,M6K,Condominium,4,Parkdale-High Park
4334788,STR-2402-JGZRVZ,41 Delaney Cres,,M6K,Single/Semi-detached House,9,Davenport
4334789,STR-2402-GCJBHS,303 Pape Ave,,M4M,Townhouse/ Row House,14,Toronto-Danforth
4334790,STR-2402-GSWBHV,209 Fort York Blvd,1559,M5V,Condominium,10,Spadina-Fort York
4334791,STR-2402-HRQBHY,65 Oakfield Dr,,M8Y,Single/Semi-detached House,3,Etobicoke-Lakeshore
4334792,STR-2402-HYWBHZ,64 The Westway,,M9P,Single/Semi-detached House,2,Etobicoke Centre
4334793,STR-2402-FMLPHQ,208 Queens Quay W,2210,M5J,Condominium,10,Spadina-Fort York
4334794,STR-2402-GLFPHT,104 Goodwood Park Crt,209,M4C,Apartment,19,Beaches-East York
4334795,STR-2402-HJYPHX,885 Lansdowne Ave,,M6H,Single/Semi-detached House,9,Davenport
4334796,STR-2402-JBCBHZ,114 Palmerston Ave,,M6J,Single/Semi-detached House,10,Spadina-Fort York
4334797,STR-2402-FGLPHP,28 Ted Rogers Way,2502,M4Y,Condominium,11,University-Rosedale
4334798,STR-2402-FWYPHR,30 Barrington Ave,,M4C,Single/Semi-detached House,19,Beaches-East York
4334799,STR-2402-GFFPHS,300 Front St W,3409,M5V,Condominium,10,Spadina-Fort York
4334800,STR-2402-HLFPHX,18 Treford Pl,,M6J,Townhouse/ Row House,11,University-Rosedale
4334801,STR-2402-HTLPHY,24 Nassau St,,M5T,Single/Semi-detached House,11,University-Rosedale
4334802,STR-2402-FHCBHP,121 Colonel Danforth Trl,,M1C,Single/Semi-detached House,25,Scarborough-Rouge Park
4334803,STR-2402-FQJBHQ,64 John Lindsay Crt,,M3L,Single/Semi-detached House,7,Humber River-Black Creek
4334804,STR-2402-GWJBHV,65 Bremner Blvd,2506,M5J,Condominium,10,Spadina-Fort York
4334805,STR-2402-HVCBHY,413 Ossington Ave,,M6J,Single/Semi-detached House,11,University-Rosedale
4334806,STR-2402-GGLPHS,44 Ollerton Rd,,M3J,Single/Semi-detached House,7,Humber River-Black Creek
4334807,STR-2402-FRQBHQ,196 Poyntz Ave,,M2N,Single/Semi-detached House,18,Willowdale
4334808,STR-2402-GXQBHV,390 Berkeley St,,M5A,Single/Semi-detached House,13,Toronto Centre
4334809,STR-2402-HFWBHW,14 York St,607,M5J,Condominium,10,Spadina-Fort York
4334810,STR-2402-JDQBHZ,62 The Queensway,,M6S,Single/Semi-detached House,4,Parkdale-High Park
4334811,STR-2402-FJYPHP,5 Leonard Ave,B,M5T,Duplex/Triplex/Fourplex,11,University-Rosedale
4334812,STR-2402-FSFPHQ,121 Kingston Rd,,M4L,Single/Semi-detached House,19,Beaches-East York
4334813,STR-2402-GHSPHS,965 Dufferin St,,M6H,Single/Semi-detached House,9,Davenport
4334814,STR-2402-GYFPHV,15 Bruyeres Mews,1306,M5V,Condominium,10,Spadina-Fort York
4334815,STR-2402-HGLPHW,300 Front St W,1708,M5V,Condominium,10,Spadina-Fort York
4334816,STR-2402-FKQBHP,2 Heathdale Rd,2,M6C,Apartment,12,Toronto-St. Paul's
4334817,STR-2402-GJJBHS,20 High Park Gdns,,M6R,Single/Semi-detached House,4,Parkdale-High Park
4334818,STR-2403-FLGVHP,270 Dufferin St,212,M6K,Condominium,4,Parkdale-High Park
4334819,STR-2402-FTLPHQ,29 Oakcrest Ave,,M4C,Single/Semi-detached House,19,Beaches-East York
4334820,STR-2402-GJYPHS,21 Iceboat Ter,1905,M5V,Condominium,10,Spadina-Fort York
4334821,STR-2402-HHSPHW,306 Scarborough Rd,,M4E,Single/Semi-detached House,19,Beaches-East York
4334822,STR-2402-HQYPHX,678 Mortimer Ave,,M4C,Single/Semi-detached House,19,Beaches-East York
4334823,STR-2402-HYFPHY,12 Lark St,Main,M4L,Single/Semi-detached House,19,Beaches-East York
4334824,STR-2402-FDRHHP,50 Merchant Lane,103,M6P,Condominium,9,Davenport
4334825,STR-2402-GCKHHS,127 Frederick Tisdale Dr,,M3K,Townhouse/ Row House,6,York Centre
4334826,STR-2402-GSXHHV,17 Whitaker Ave,,M6J,Townhouse/ Row House,10,Spadina-Fort York
4334827,STR-2402-HJKHHX,61 Tom Wells Cres,,M1V,Single/Semi-detached House,22,Scarborough-Agincourt
4334828,STR-2402-GCZVHS,155 Yorkville Ave,902,M5R,Condominium,11,University-Rosedale
4334829,STR-2402-GLGVHT,60 George Butchart Dr,310,M3K,Condominium,6,York Centre
4334830,STR-2402-GTMVHV,75 Pettibone Sq,,M1W,Single/Semi-detached House,22,Scarborough-Agincourt
4334831,STR-2402-HBTVHW,109 Huron St,,M5T,Townhouse/ Row House,11,University-Rosedale
4334832,STR-2402-HJZVHX,104 Norton Ave,,M2N,Single/Semi-detached House,18,Willowdale
4334833,STR-2402-GDRHHS,3700 St Clair Ave E,,M1M,Single/Semi-detached House,20,Scarborough Southwest
4334834,STR-2402-HCKHHW,1 Scenic Hill Crt,Main,M1C,Single/Semi-detached House,25,Scarborough-Rouge Park
4334835,STR-2402-HKRHHX,31 1/2 Granby St,B,M5B,Townhouse/ Row House,13,Toronto Centre
4334836,STR-2402-FWZVHR,300 Front St W,4111,M5V,Condominium,10,Spadina-Fort York
4334837,STR-2402-GMMVHT,300 Front St W,1101,M5V,Condominium,10,Spadina-Fort York
4334838,STR-2402-HCZVHW,300 Front St W,2007,M5V,Condominium,10,Spadina-Fort York
4334839,STR-2402-JBTVHZ,55 Bremner Blvd,2606,M5J,Condominium,10,Spadina-Fort York
4334840,STR-2402-FQKHHQ,65 Bremner Blvd,1807,M5J,Condominium,10,Spadina-Fort York
4334841,STR-2402-FXRHHR,466 Pape Ave,Upper,M4K,Duplex/Triplex/Fourplex,14,Toronto-Danforth
4334842,STR-2402-GPDHHT,181 Mill St,1811,M5A,Apartment,10,Spadina-Fort York
4334843,STR-2402-FJKHHP,389 Broadway Ave,,M4P,Single/Semi-detached House,15,Don Valley West
4334844,STR-2402-FYXHHR,57 Berkeley St,,M5A,Townhouse/ Row House,13,Toronto Centre
4334845,STR-2402-GHDHHS,155 Yorkville Ave,319,M5R,Condominium,11,University-Rosedale
4334846,STR-2402-GQKHHT,16 Landour Ave,,M6M,Single/Semi-detached House,5,York South-Weston
4334847,STR-2402-GXRHHV,37 Melville Ave,Upper,M6G,Single/Semi-detached House,11,University-Rosedale
4334848,STR-2402-HFXHHW,132 Major St,,M5S,Single/Semi-detached House,11,University-Rosedale
4334849,STR-2402-HWKHHY,12 Danesbury Ave,,M6B,Single/Semi-detached House,8,Eglinton-Lawrence
4334850,STR-2402-FZMVHR,53 Aldridge Ave,,M4C,Single/Semi-detached House,19,Beaches-East York
4334851,STR-2402-GYGVHV,51 Howland Ave,A,M5R,Single/Semi-detached House,11,University-Rosedale
4334852,STR-2402-HPTVHX,155 Yorkville Ave,502,M5R,Condominium,11,University-Rosedale
4334853,STR-2402-HWZVHY,38 Widmer St,1708,M5V,Condominium,10,Spadina-Fort York
4334854,STR-2402-JFGVHZ,222 Elm St,1203,M5T,Apartment,11,University-Rosedale
4334855,STR-2403-FKRHHP,40 Sheppard Ave E,219,M2N,Townhouse/ Row House,18,Willowdale
4334856,STR-2403-FSXHHQ,95 Woodbine Ave,,M4L,Single/Semi-detached House,19,Beaches-East York
4334857,STR-2403-GBDHHR,560 Front St W,318,M5V,Condominium,10,Spadina-Fort York
4334858,STR-2403-GJKHHS,14 Disan Crt,,M9V,Single/Semi-detached House,1,Etobicoke North
4334859,STR-2403-GRRHHT,30 Fontenay Crt,805,M9A,Apartment,2,Etobicoke Centre
4334860,STR-2403-GBTVHR,2720 Dundas St W,904,M6P,Condominium,4,Parkdale-High Park
4334861,STR-2403-GSGVHT,151 Dan Leckie Way,812,M5V,Condominium,10,Spadina-Fort York
4334862,STR-2403-GZMVHV,38 Royal St,,M6N,Single/Semi-detached House,5,York South-Weston
4334863,STR-2403-GCLPHS,352 Front St W,2214,M5V,Condominium,10,Spadina-Fort York
4334864,STR-2403-HJLPHX,8 Amherst Ave,Main,M6E,Single/Semi-detached House,12,Toronto-St. Paul's
4334865,STR-2403-HRSPHY,200 Highfield Rd,,M4L,Single/Semi-detached House,14,Toronto-Danforth
4334866,STR-2403-HYYPHZ,6 Loney Ave,,M3L,Single/Semi-detached House,7,Humber River-Black Creek
4334867,STR-2403-FFJBHP,200 Gamma St,Upstairs,M8W,Single/Semi-detached House,3,Etobicoke-Lakeshore
4334868,STR-2403-FMQBHQ,22 Stonebridge Blvd,,M1W,Single/Semi-detached House,22,Scarborough-Agincourt
4334869,STR-2403-GDCBHS,60 Dixon Ave,,M4L,Single/Semi-detached House,19,Beaches-East York
4334870,STR-2403-FWLPHR,236 Greenwood Ave,Second Floor,M4L,Duplex/Triplex/Fourplex,14,Toronto-Danforth
4334871,STR-2403-GVFPHV,146 Mulock Ave,Laneway Suite,M6N,Single/Semi-detached House,5,York South-Weston
4334872,STR-2403-HCLPHW,9518 Sheppard Ave E,,M1B,Townhouse/ Row House,25,Scarborough-Rouge Park
4334873,STR-2403-HKSPHX,8 Charlotte St,402,M5V,Condominium,10,Spadina-Fort York
4334874,STR-2403-FPWBHQ,36 Zorra Street,Unit 517,M8Z,Condominium,3,Etobicoke-Lakeshore
4334875,STR-2403-GFJBHS,151 Dan Leckie Way,212,M5V,Condominium,10,Spadina-Fort York
4334876,STR-2403-JBWBHZ,1285 Queen St E,609,M4L,Condominium,14,Toronto-Danforth
4334877,STR-2403-FHFPHP,1029 King St W,1021,M6K,Condominium,10,Spadina-Fort York
4334878,STR-2403-GFYPHS,348 Brunswick Ave,2,M5R,Duplex/Triplex/Fourplex,11,University-Rosedale
4334879,STR-2403-HDSPHW,31 Ranleigh Ave,3,M4N,Apartment,15,Don Valley West
4334880,STR-2403-FHWBHP,231 Fort York Blvd,719,M5V,Condominium,10,Spadina-Fort York
4334881,STR-2403-FRCBHQ,21 Iceboat Ter,1605,M5V,Condominium,10,Spadina-Fort York
4334882,STR-2403-GGQBHS,5 Council Cres,,M3J,Single/Semi-detached House,7,Humber River-Black Creek
4334883,STR-2403-GXCBHV,792 Davenport Rd,,M6G,Single/Semi-detached House,12,Toronto-St. Paul's
4334884,STR-2403-HVWBHY,21 Sorauren Ave,101,M6R,Single/Semi-detached House,4,Parkdale-High Park
4334885,STR-2403-GHFPHS,8 Wellesley St E,602,M4Y,Condominium,13,Toronto Centre
4334886,STR-2403-GXSPHV,38 Grenville St,4008,M4Y,Condominium,13,Toronto Centre
4334887,STR-2403-FKCBHP,2 Hathway Dr,Main,M1P,Single/Semi-detached House,21,Scarborough Centre
4334888,STR-2403-FZQBHR,52 Amberdale Dr,,M1P,Single/Semi-detached House,21,Scarborough Centre
4334889,STR-2403-HPWBHX,16A Resolution Cres,A,M2H,Single/Semi-detached House,17,Don Valley North
4334890,STR-2403-GBFPHR,80 Western Battery Rd,223,M6K,Condominium,10,Spadina-Fort York
4334891,STR-2403-GJLPHS,10 Navy Wharf Crt,2810,M5V,Condominium,10,Spadina-Fort York
4334892,STR-2403-GRSPHT,33 Dundonald St,31B,M4Y,Single/Semi-detached House,13,Toronto Centre
4334893,STR-2403-GYYPHV,5 Sheppard Ave E,1918,M2N,Condominium,18,Willowdale
4334894,STR-2403-HXSPHY,3065 Weston Rd,,M9M,Single/Semi-detached House,7,Humber River-Black Creek
4334895,STR-2403-HRCBHX,45 Enderby Rd,,M4E,Single/Semi-detached House,19,Beaches-East York
4334896,STR-2403-JGQBHZ,151 Dan Leckie Way,1511,M5V,Condominium,10,Spadina-Fort York
4334897,STR-2403-GCMVHS,30 Western Battery Rd,325,M6K,Townhouse/ Row House,10,Spadina-Fort York
4334898,STR-2403-GKTVHT,2 Kames Ave,B,M9N,Single/Semi-detached House,5,York South-Weston
4334899,STR-2403-HBGVHW,822 Sheppard Ave W,1,M3H,Apartment,6,York Centre
4334900,STR-2403-HRTVHY,151 Dan Leckie Way,805,M5V,Condominium,10,Spadina-Fort York
4334901,STR-2403-HKDHHX,1 Ernest Ave,,M6P,Single/Semi-detached House,9,Davenport
4334902,STR-2403-HZRHHZ,215 Lonsdale Rd,410,M4V,Condominium,12,Toronto-St. Paul's
4334903,STR-2403-FPGVHQ,2737 Kipling Ave,2002,M9V,Apartment,1,Etobicoke North
4334904,STR-2403-FWMVHR,21 Iceboat Ter,PH06,M5V,Condominium,10,Spadina-Fort York
4334905,STR-2403-GLZVHT,165 Byng Ave,,M1L,Single/Semi-detached House,20,Scarborough Southwest
4334906,STR-2403-GVGVHV,151 Dan Leckie Way,510,M5V,Condominium,10,Spadina-Fort York
4334907,STR-2403-HKTVHX,324 Lee Ave,,M4E,Single/Semi-detached House,19,Beaches-East York
4334908,STR-2403-HSZVHY,110 Beresford Ave,,M6S,Single/Semi-detached House,4,Parkdale-High Park
4334909,STR-2403-FPXHHQ,21 Iceboat Ter,3810,M5V,Condominium,10,Spadina-Fort York
4334910,STR-2403-GVXHHV,264 Markham St,Main,M6J,Single/Semi-detached House,11,University-Rosedale
4334911,STR-2403-HDDHHW,17 Gowan Ave,,M4K,Single/Semi-detached House,14,Toronto-Danforth
4334912,STR-2403-FQMVHQ,1100 King St W,1305,M6K,Condominium,10,Spadina-Fort York
4334913,STR-2403-GFZVHS,2369 Danforth Ave,213,M4C,Condominium,19,Beaches-East York
4334914,STR-2403-HVGVHY,17 Boston Ave,,M4M,Single/Semi-detached House,14,Toronto-Danforth
4334915,STR-2403-FHXHHP,209 Fort York Blvd,468,M5V,Condominium,10,Spadina-Fort York
4334916,STR-2403-FRDHHQ,55 Bremner Blvd,2403,M5J,Condominium,10,Spadina-Fort York
4334917,STR-2403-GXDHHV,184 Parkmount Rd,,M4J,Single/Semi-detached House,14,Toronto-Danforth
4334918,STR-2403-HFKHHW,19 Waringstown Dr,B,M1R,Single/Semi-detached House,21,Scarborough Centre
4334919,STR-2403-HMRHHX,251 Jarvis St,3906,M5B,Condominium,13,Toronto Centre
4334920,STR-2403-HWMVHY,64 Lippincott St,,M5T,Single/Semi-detached House,11,University-Rosedale
4334921,STR-2403-GHXHHS,2 Kingston Rd,16,M4L,Apartment,19,Beaches-East York
4334922,STR-2403-HGRHHW,1269 King St W,2,M6K,Duplex/Triplex/Fourplex,4,Parkdale-High Park
4334923,STR-2403-HPXHHX,108 Fort York Blvd,,M5V,Townhouse/ Row House,10,Spadina-Fort York
4334924,STR-2403-HQMVHX,9 Selby St,Basement,M4Y,Townhouse/ Row House,13,Toronto Centre
4334925,STR-2403-FLKHHP,152 Gore Vale Ave,,M6J,Single/Semi-detached House,10,Spadina-Fort York
4334926,STR-2403-GKDHHS,17 Lyndhurst Crt,,M5R,Single/Semi-detached House,12,Toronto-St. Paul's
4334927,STR-2403-HYKHHY,150 Spears St,,M6N,Single/Semi-detached House,5,York South-Weston
4334928,STR-2403-GKWBHT,33 Dundonald St,35A,M4Y,Single/Semi-detached House,13,Toronto Centre
4334929,STR-2403-GTCBHV,621 Grandview Way,,M2N,Townhouse/ Row House,18,Willowdale
4334930,STR-2403-HRWBHY,31 Granby St,B,M5B,Townhouse/ Row House,13,Toronto Centre
4334931,STR-2403-HZSPHZ,36 Zorra St,328,M8Z,Condominium,3,Etobicoke-Lakeshore
4334932,STR-2403-FGCBHP,10 Meath Rd,,M9W,Single/Semi-detached House,1,Etobicoke North
4334933,STR-2403-FWQBHR,228 Homewood Ave,,M2M,Single/Semi-detached House,18,Willowdale
4334934,STR-2403-GVJBHV,338 Berkeley St,,M5A,Single/Semi-detached House,13,Toronto Centre
4334935,STR-2403-HCQBHW,15 Sweeney Dr,,M4A,Single/Semi-detached House,16,Don Valley East
4334936,STR-2403-HKWBHX,2225 Queen St E,1,M4E,Apartment,19,Beaches-East York
4334937,STR-2403-JBJBHZ,210 Victoria St,4012,M5B,Condominium,13,Toronto Centre
4334938,STR-2403-GFLPHS,368 Spring Garden Ave,,M2N,Single/Semi-detached House,18,Willowdale
4334939,STR-2403-FHJBHP,300 Front St W,3310,M5V,Condominium,10,Spadina-Fort York
4334940,STR-2403-GWQBHV,55 Bremner Blvd,2504,M5J,Condominium,10,Spadina-Fort York
4334941,STR-2403-JCQBHZ,26 Exford Dr,Lower Unit,M1P,Single/Semi-detached House,21,Scarborough Centre
4334942,STR-2403-FHYPHP,12 York St,5001,M5J,Condominium,10,Spadina-Fort York
4334943,STR-2403-FRFPHQ,250 Wellington St W,434,M5V,Condominium,10,Spadina-Fort York
4334944,STR-2403-GPYPHT,18 Yonge St,903,M5E,Condominium,10,Spadina-Fort York
4334945,STR-2403-HFLPHW,402 King St E,A,M5A,Townhouse/ Row House,13,Toronto Centre
4334946,STR-2403-HVYPHY,46 Wildwood Cres,,M4L,Single/Semi-detached House,19,Beaches-East York
4334947,STR-2403-JDFPHZ,955 Bay St,2602,M5S,Condominium,13,Toronto Centre
4334948,STR-2403-FJQBHP,188 Cumberland St,2310,M5R,Condominium,11,University-Rosedale
4334949,STR-2403-FZCBHR,25 Lower Simcoe St,508,M5J,Condominium,10,Spadina-Fort York
4334950,STR-2403-GQQBHT,300 Front St W,1904,M5V,Condominium,10,Spadina-Fort York
4334951,STR-2403-GXWBHV,158 Wineva Ave,,M4E,Single/Semi-detached House,19,Beaches-East York
4334952,STR-2403-HGCBHW,15 Ellerslie Ave,2307,M2N,Condominium,18,Willowdale
4334953,STR-2403-HWQBHY,636 Oakwood Ave,,M6E,Single/Semi-detached House,12,Toronto-St. Paul's
4334954,STR-2403-JDWBHZ,418 Delaware Ave,,M6H,Townhouse/ Row House,9,Davenport
4334955,STR-2403-FZSPHR,178 Hanna Rd,,M4G,Single/Semi-detached House,15,Don Valley West
4334956,STR-2403-GRFPHT,155 Yorkville Ave,2808,M5R,Condominium,11,University-Rosedale
4334957,STR-2403-GYLPHV,18 Yonge St,912,M5E,Condominium,10,Spadina-Fort York
4334958,STR-2403-HGSPHW,21 Iceboat Ter,222,M5V,Condominium,10,Spadina-Fort York
4334959,STR-2403-JFLPHZ,9 Kingsbridge Crt,101,M2R,Apartment,6,York Centre
4334960,STR-2403-FKWBHP,188 Cumberland St,1110,M5R,Condominium,11,University-Rosedale
4334961,STR-2403-FTCBHQ,87 Peter St,1006,M5V,Condominium,10,Spadina-Fort York
4334962,STR-2403-GJQBHS,921 Lansdowne Ave,,M6H,Single/Semi-detached House,9,Davenport
4334963,STR-2403-GRWBHT,12 York St,5106,M5J,Condominium,10,Spadina-Fort York
4334964,STR-2403-HHJBHW,832 Bay St,1005,M5S,Condominium,11,University-Rosedale
4334965,STR-2403-HHYPHW,151 Dan Leckie Way,819,M5V,Condominium,10,Spadina-Fort York
4334966,STR-2403-HBKHHW,286 Evelyn Ave,,M6P,Single/Semi-detached House,4,Parkdale-High Park
4334967,STR-2403-HZDHHZ,15 Brenthall Ave,7,M2R,Townhouse/ Row House,18,Willowdale
4334968,STR-2403-FFMVHP,83 Elmer Ave,2,M4L,Single/Semi-detached House,19,Beaches-East York
4334969,STR-2403-GLMVHT,155 Yorkville Ave,3104,M5R,Condominium,11,University-Rosedale
4334970,STR-2403-HZTVHZ,700 Bathurst St,1,M5S,Duplex/Triplex/Fourplex,11,University-Rosedale
4334971,STR-2403-FGDHHP,300 Front St W,2314,M5V,Condominium,10,Spadina-Fort York
4334972,STR-2403-FWRHHR,215 Fort York Blvd,2205,M5V,Condominium,10,Spadina-Fort York
4334973,STR-2403-GDXHHS,91 Charleswood Dr,,M3H,Single/Semi-detached House,6,York Centre
4334974,STR-2403-GMDHHT,85 Bloor St E,1601,M4W,Condominium,11,University-Rosedale
4334975,STR-2403-HCRHHW,163 Dan Leckie Way,,M5V,Townhouse/ Row House,10,Spadina-Fort York
4334976,STR-2403-HKXHHX,23 Miranda Ave,,M6E,Duplex/Triplex/Fourplex,8,Eglinton-Lawrence
4334977,STR-2403-FPZVHQ,66 Amelia St,2,M4X,Apartment,13,Toronto Centre
4334978,STR-2403-FXGVHR,38 Whittaker Cres,,M2K,Single/Semi-detached House,17,Don Valley North
4334979,STR-2403-GMTVHT,44 Draycott Dr,,M4A,Single/Semi-detached House,16,Don Valley East
4334980,STR-2403-GVZVHV,24 Avis Cres,,M4B,Single/Semi-detached House,19,Beaches-East York
4334981,STR-2403-JBZVHZ,564 Sherbourne St,3,M4X,Duplex/Triplex/Fourplex,13,Toronto Centre
4334982,STR-2403-FQRHHQ,32 Widdicombe Hill,,M9R,Single/Semi-detached House,2,Etobicoke Centre
4334983,STR-2403-GGDHHS,250 St George St,701,M5R,Apartment,11,University-Rosedale
4334984,STR-2403-HDXHHW,10 Craigton Dr,29,M1L,Apartment,21,Scarborough Centre
4334985,STR-2403-FRGVHQ,861 Sheppard Ave W,32,M3H,Townhouse/ Row House,6,York Centre
4334986,STR-2403-HMTVHX,1497 Wilson Ave,305,M3M,Apartment,6,York Centre
4334987,STR-2403-FJRHHP,55 Maitland St,1213,M4Y,Apartment,13,Toronto Centre
4334988,STR-2403-FRXHHQ,726 Lansdowne Ave,Main,M6H,Duplex/Triplex/Fourplex,9,Davenport
4334989,STR-2403-FZDHHR,78 Baby Point Rd,,M6S,Single/Semi-detached House,4,Parkdale-High Park
4334990,STR-2403-GQRHHT,251 Bartlett Ave,,M6H,Single/Semi-detached House,9,Davenport
4334991,STR-2403-GXXHHV,192 Browning Ave,BSMT,M4K,Duplex/Triplex/Fourplex,14,Toronto-Danforth
4334992,STR-2403-HWRHHY,42 Sproat Ave,,M4M,Single/Semi-detached House,14,Toronto-Danforth
4334993,STR-2403-FZTVHR,45A Melville Ave,Main,M6G,Single/Semi-detached House,11,University-Rosedale
4334994,STR-2403-GHZVHS,14 Clarence Sq,1,M5V,Duplex/Triplex/Fourplex,10,Spadina-Fort York
4334995,STR-2403-HGTVHW,52 Empress Ave,,M2N,Single/Semi-detached House,18,Willowdale
4334996,STR-2403-HPZVHX,209 Fort York Blvd,572,M5V,Condominium,10,Spadina-Fort York
4334997,STR-2403-JFMVHZ,22 Yorkleigh Ave,,M9P,Single/Semi-detached House,2,Etobicoke Centre
4334998,STR-2403-GBKHHR,166 Wilson Ave,317,M5M,Apartment,8,Eglinton-Lawrence
4334999,STR-2403-GJRHHS,215 Fort York Blvd,2402,M5V,Condominium,10,Spadina-Fort York
4335000,STR-2403-GRXHHT,155 Yorkville Ave,2816,M5R,Condominium,11,University-Rosedale
4335001,STR-2403-HXXHHY,251 Jarvis St,3803,M5B,Condominium,13,Toronto Centre
4335002,STR-2403-JGDHHZ,1535 Islington Ave,,M9A,Single/Semi-detached House,2,Etobicoke Centre
4335003,STR-2403-FTTVHQ,81 Blackwell Ave,3,M1B,Townhouse/ Row House,23,Scarborough North
4335004,STR-2403-GBZVHR,12 York St,711,M5J,Apartment,10,Spadina-Fort York
4335005,STR-2403-JGTVHZ,205 Morningside Ave,507,M1E,Apartment,25,Scarborough-Rouge Park
4335006,STR-2403-FMFPHQ,30 Bald Eagle Ave,,M1B,Single/Semi-detached House,25,Scarborough-Rouge Park
4335007,STR-2403-FVLPHR,203 Markham St,Main,M6J,Single/Semi-detached House,11,University-Rosedale
4335008,STR-2403-GCSPHS,223 Beech Ave,,M4E,Single/Semi-detached House,19,Beaches-East York
4335009,STR-2403-GKYPHT,369 Shuter St,,M5A,Townhouse/ Row House,13,Toronto Centre
4335010,STR-2403-HBLPHW,14 Hillary Ave,,M6N,Single/Semi-detached House,5,York South-Weston
4335011,STR-2403-HJSPHX,294 Salem Ave,,M6H,Single/Semi-detached House,9,Davenport
4335012,STR-2403-HRYPHY,101 Peter St,717,M5V,Condominium,10,Spadina-Fort York
4335013,STR-2403-FFQBHP,1 Bellefontaine St,Basement,M1S,Single/Semi-detached House,22,Scarborough-Agincourt
4335014,STR-2403-FWCBHR,231 Fort York Blvd,639,M5V,Condominium,10,Spadina-Fort York
4335015,STR-2403-GTWBHV,155 Yorkville Ave,2620,M5R,Condominium,11,University-Rosedale
4335016,STR-2403-HZWBHZ,30 Jopling Ave N,,M9B,Single/Semi-detached House,2,Etobicoke Centre
4335017,STR-2403-FGFPHP,144 Glebemount Ave,,M4C,Single/Semi-detached House,19,Beaches-East York
4335018,STR-2403-FPLPHQ,15 Albemarle Ave,,M4K,Single/Semi-detached House,14,Toronto-Danforth
4335019,STR-2403-GVLPHV,61 Dane Ave,BSMT,M6A,Single/Semi-detached House,8,Eglinton-Lawrence
4335020,STR-2403-HTFPHY,148 Catalina Dr,,M1E,Single/Semi-detached House,24,Scarborough-Guildwood
4335021,STR-2403-JBLPHZ,972 Bathurst St,4,M5R,Apartment,11,University-Rosedale
4335022,STR-2403-FQCBHQ,300 Front St W,2403,M5V,Condominium,10,Spadina-Fort York
4335023,STR-2403-FXJBHR,118 Tyndall Ave,807,M6K,Apartment,4,Parkdale-High Park
4335024,STR-2403-GJCBHS,4875 Dundas St W,501,M9A,Apartment,3,Etobicoke-Lakeshore
4335025,STR-2403-GMWBHT,155 Yorkville Ave,509,M5R,Condominium,11,University-Rosedale
4335026,STR-2403-GPLPHT,16 Yonge St,1301,M5E,Condominium,10,Spadina-Fort York
4335027,STR-2403-GWSPHV,151 Dan Leckie Way,839,M5V,Condominium,10,Spadina-Fort York
4335028,STR-2403-FRJBHQ,151 Dan Leckie Way,1051,M5V,Condominium,10,Spadina-Fort York
4335029,STR-2403-FYQBHR,300 Front St W,4311,M5V,Condominium,10,Spadina-Fort York
4335030,STR-2403-GGWBHS,21 Iceboat Ter,3111,M5V,Condominium,10,Spadina-Fort York
4335031,STR-2403-GQCBHT,151 Dan Leckie Way,506,M5V,Condominium,10,Spadina-Fort York
4335032,STR-2403-GXJBHV,19 Abitibi Ave,,M2M,Single/Semi-detached House,18,Willowdale
4335033,STR-2403-HFQBHW,151 Dan Leckie Way,656,M5V,Condominium,10,Spadina-Fort York
4335034,STR-2403-JDJBHZ,15 Iceboat Ter,1503,M5V,Condominium,10,Spadina-Fort York
4335035,STR-2403-FJSPHP,9D Woodfield Rd,,M4L,Townhouse/ Row House,14,Toronto-Danforth
4335036,STR-2403-FZFPHR,46 Russell St,,M5S,Single/Semi-detached House,11,University-Rosedale
4335037,STR-2403-GHLPHS,331 Trudelle St,31,M1J,Townhouse/ Row House,21,Scarborough Centre
4335038,STR-2403-GXYPHV,1591 Dufferin St,Upper,M6H,Duplex/Triplex/Fourplex,9,Davenport
4335039,STR-2403-HPLPHX,19 English Garden Way,,M2M,Townhouse/ Row House,18,Willowdale
4335040,STR-2403-HWSPHY,300 Front St W,2814,M5V,Condominium,10,Spadina-Fort York
4335041,STR-2403-JDYPHZ,16 Rolyat St,,M6J,Single/Semi-detached House,10,Spadina-Fort York
4335042,STR-2403-FSQBHQ,336 Davenport Rd,102,M5R,Condominium,11,University-Rosedale
4335043,STR-2403-GYQBHV,47 Wright Ave,,M6R,Single/Semi-detached House,4,Parkdale-High Park
4335044,STR-2403-HGWBHW,172 Pacific Ave,,M6P,Single/Semi-detached House,4,Parkdale-High Park
4335045,STR-2403-HQCBHX,155 Yorkville Ave,1620,M5R,Condominium,11,University-Rosedale
4335046,STR-2403-JFQBHZ,210 Victoria St,3904,M5B,Apartment,13,Toronto Centre
4335047,STR-2403-FTFPHQ,314 Cosburn Ave,,M4J,Single/Semi-detached House,14,Toronto-Danforth
4335048,STR-2403-GJSPHS,1012 Kipling Ave,,M9B,Single/Semi-detached House,2,Etobicoke Centre
4335049,STR-2403-GRYPHT,20 Cameron St,,M5T,Single/Semi-detached House,10,Spadina-Fort York
4335050,STR-2403-GZFPHV,282 Beta St,,M8W,Single/Semi-detached House,3,Etobicoke-Lakeshore
4335051,STR-2403-HQSPHX,9 Corner Lane,,M1K,Townhouse/ Row House,21,Scarborough Centre
4335052,STR-2403-HXYPHY,50 Wellesley St E,705,M4Y,Apartment,13,Toronto Centre
4335053,STR-2403-JGFPHZ,14 York St,5806,M5J,Condominium,10,Spadina-Fort York
4335054,STR-2403-FTWBHQ,36 Via Bagnato,738,M6A,Condominium,8,Eglinton-Lawrence
4335055,STR-2403-GCCBHR,2221 Yonge St,1905,M4S,Condominium,12,Toronto-St. Paul's
4335056,STR-2403-GKJBHS,16 Birchmount Rd,,M1N,Single/Semi-detached House,20,Scarborough Southwest
4335057,STR-2403-GSQBHT,166 Elmwood Ave,,M2N,Single/Semi-detached House,18,Willowdale
4335058,STR-2404-HJCBHW,334 Delaware Ave,,M6H,Single/Semi-detached House,9,Davenport
4335059,STR-2404-HYQBHY,209 Fort York Blvd,1063,M5V,Condominium,10,Spadina-Fort York
4335060,STR-2404-JGWBHZ,14 York St,4806,M5J,Condominium,10,Spadina-Fort York
4335061,STR-2404-FDZVHP,126 Euclid Ave,,M6J,Townhouse/ Row House,10,Spadina-Fort York
4335062,STR-2404-GCTVHS,12 Cavehill Cres,,M1R,Single/Semi-detached House,21,Scarborough Centre
4335063,STR-2404-HBMVHW,256 Parliament St,,M5A,Single/Semi-detached House,13,Toronto Centre
4335064,STR-2404-HZGVHZ,661 Old Weston Rd,,M6N,Single/Semi-detached House,9,Davenport
4335065,STR-2404-FWDHHR,27 Gore Vale Ave,,M6J,Single/Semi-detached House,10,Spadina-Fort York
4335066,STR-2404-GDKHHS,96 William Duncan Rd,,M3K,Townhouse/ Row House,6,York Centre
4335067,STR-2404-GLRHHT,115A Harrison St,,M6J,Townhouse/ Row House,9,Davenport
4335068,STR-2404-HCDHHW,8 Wellesley St E,603,M4Y,Condominium,13,Toronto Centre
4335069,STR-2404-HSRHHY,1139 College St,304,M6H,Apartment,9,Davenport
4335070,STR-2404-FGGVHP,21 Iceboat Ter,3907,M5V,Condominium,10,Spadina-Fort York
4335071,STR-2404-FPMVHQ,165 Symington Ave,,M6P,Single/Semi-detached House,9,Davenport
4335072,STR-2404-GMGVHT,293 Harbord St,Main Floor,M6G,Duplex/Triplex/Fourplex,11,University-Rosedale
4335073,STR-2404-JBMVHZ,38 Grenville St,2601,M4Y,Condominium,13,Toronto Centre
4335074,STR-2404-FGXHHP,244 Gerrard St E,103,M5A,Townhouse/ Row House,13,Toronto Centre
4335075,STR-2404-GMXHHT,101 Peter St,701,M5V,Condominium,10,Spadina-Fort York
4335076,STR-2404-FHMVHP,12 York St,4708,M5J,Condominium,10,Spadina-Fort York
4335077,STR-2404-FXZVHR,41 Stanhope Ave,,M4K,Single/Semi-detached House,14,Toronto-Danforth
4335078,STR-2404-GPMVHT,17 Pembroke St,38,M5A,Apartment,13,Toronto Centre
4335079,STR-2404-JCTVHZ,2 Sheridan Ave,,M6K,Single/Semi-detached House,9,Davenport
4335080,STR-2404-GGXHHS,300 Front St W,4313,M5V,Apartment,10,Spadina-Fort York
4335081,STR-2404-HFRHHW,185 Glenholme Ave,,M6E,Duplex/Triplex/Fourplex,9,Davenport
4335082,STR-2404-HMXHHX,116 Harding Blvd,Main,M1N,Single/Semi-detached House,20,Scarborough Southwest
4335083,STR-2404-HWDHHY,300 Front St W,3107,M5V,Condominium,10,Spadina-Fort York
4335084,STR-2404-JDKHHZ,133 Lauder Ave,1,M6H,Single/Semi-detached House,9,Davenport
4335085,STR-2404-GHMVHS,2 Eva Rd,PH23,M9C,Condominium,2,Etobicoke Centre
4335086,STR-2404-HWTVHY,993 Queen St W,303,M6J,Condominium,10,Spadina-Fort York
4335087,STR-2404-JDZVHZ,55 Homestead Rd,,M1E,Single/Semi-detached House,25,Scarborough-Rouge Park
4335088,STR-2404-GJDHHS,101 Peter St,3003,M5V,Condominium,10,Spadina-Fort York
4335089,STR-2404-HGXHHW,69 Lynn Williams St,1211,M6K,Condominium,10,Spadina-Fort York
4335090,STR-2404-HQDHHX,120 Jameson Ave,712,M6K,Apartment,4,Parkdale-High Park
4335091,STR-2404-GRZVHT,8 Charlotte St,2707,M5V,Condominium,10,Spadina-Fort York
4335092,STR-2404-GZGVHV,309 Crawford St,BSMT,M6J,Duplex/Triplex/Fourplex,11,University-Rosedale
4335093,STR-2404-HQTVHX,429 Shuter St,,M5A,Townhouse/ Row House,13,Toronto Centre
4335094,STR-2404-HXZVHY,158 Galley Ave,,M6R,Single/Semi-detached House,4,Parkdale-High Park
4335095,STR-2404-FLRHHP,701 King St W,605,M5V,Condominium,10,Spadina-Fort York
4335096,STR-2404-FTXHHQ,185 Legion Rd N,2306,M8Y,Condominium,3,Etobicoke-Lakeshore
4335097,STR-2404-GCDHHR,1787 St Clair Ave W,521,M6N,Condominium,9,Davenport
4335098,STR-2404-GSRHHT,20 John St,319,M5V,Condominium,10,Spadina-Fort York
4335099,STR-2406-FZKKVR,36 Zorra St,110,M8Z,Condominium,3,Etobicoke-Lakeshore
4335100,STR-2404-HJDHHW,14 York St,406,M5J,Condominium,10,Spadina-Fort York
4335101,STR-2404-FFCBHP,300 Front St W,1102,M5V,Condominium,10,Spadina-Fort York
4335102,STR-2404-FVQBHR,30 Nelson St,3209,M5V,Condominium,10,Spadina-Fort York
4335103,STR-2404-GCWBHS,17 Richmond Park Blvd,,M1V,Single/Semi-detached House,23,Scarborough North
4335104,STR-2404-GLCBHT,101 Peter St,2112,M5V,Condominium,10,Spadina-Fort York
4335105,STR-2404-HJWBHX,35 Major St,2,M5S,Duplex/Triplex/Fourplex,11,University-Rosedale
4335106,STR-2404-HSCBHY,55 Bremner Blvd,4909,M5J,Condominium,10,Spadina-Fort York
4335107,STR-2404-FMYPHQ,10 Mimico Ave,,M8V,Single/Semi-detached House,3,Etobicoke-Lakeshore
4335108,STR-2404-FWFPHR,352 Front St W,1022,M5V,Condominium,10,Spadina-Fort York
4335109,STR-2404-GDLPHS,9 Humewood Dr,22,M6C,Apartment,12,Toronto-St. Paul's
4335110,STR-2404-GTYPHV,209 Fort York Blvd,357,M5V,Condominium,10,Spadina-Fort York
4335111,STR-2404-HZYPHZ,208 Leslie St,,M4M,Single/Semi-detached House,14,Toronto-Danforth
4335112,STR-2404-FPQBHQ,161 Thirteenth St,10,M8V,Townhouse/ Row House,3,Etobicoke-Lakeshore
4335113,STR-2404-FQFPHQ,25 Havelock St,Main,M6H,Single/Semi-detached House,9,Davenport
4335114,STR-2404-FXLPHR,155 Yorkville Ave,2203,M5R,Condominium,11,University-Rosedale
4335115,STR-2404-GFSPHS,12 York St,4508,M5J,Condominium,10,Spadina-Fort York
4335116,STR-2404-HLSPHX,33 Dundonald St,31A,M4Y,Single/Semi-detached House,13,Toronto Centre
4335117,STR-2404-GPQBHT,21 Iceboat Ter,4508,M5V,Condominium,10,Spadina-Fort York
4335118,STR-2404-HMJBHX,50 Boustead Ave,,M6R,Single/Semi-detached House,4,Parkdale-High Park
4335119,STR-2404-HVQBHY,553 Euclid Ave,2,M6G,Duplex/Triplex/Fourplex,11,University-Rosedale
4335120,STR-2404-JCWBHZ,251 Jarvis St,4102,M5B,Condominium,13,Toronto Centre
4335121,STR-2404-FJFPHP,22 Mintwood Dr,,M2M,Single/Semi-detached House,17,Don Valley North
4335122,STR-2404-FYSPHR,300 Front St W,4213,M5V,Condominium,10,Spadina-Fort York
4335123,STR-2404-GQFPHT,181 Huron St,402,M5T,Condominium,11,University-Rosedale
4335124,STR-2404-HFSPHW,211 Andona Cres,,M1C,Single/Semi-detached House,25,Scarborough-Rouge Park
4335125,STR-2404-JDLPHZ,34 Iangrove Ter,,M1W,Single/Semi-detached House,22,Scarborough-Agincourt
4335126,STR-2404-FJWBHP,219 Fort York Blvd,721,M5V,Condominium,10,Spadina-Fort York
4335127,STR-2404-HPQBHX,22 Kiskadee Dr,,M9V,Single/Semi-detached House,1,Etobicoke North
4335128,STR-2404-HWWBHY,412 Delaware Ave,2,M6H,Duplex/Triplex/Fourplex,9,Davenport
4335129,STR-2404-FSSPHQ,10 Navy Wharf Crt,309,M5V,Condominium,10,Spadina-Fort York
4335130,STR-2404-FZYPHR,30 Roden Place,,M5R,Single/Semi-detached House,11,University-Rosedale
4335131,STR-2404-GJFPHS,1840 Victoria Park Ave,1006,M1R,Apartment,16,Don Valley East
4335132,STR-2404-GRLPHT,41 McAdam Ave,,M6A,Single/Semi-detached House,8,Eglinton-Lawrence
4335133,STR-2404-GYSPHV,560 Front St W,224,M5V,Condominium,10,Spadina-Fort York
4335134,STR-2404-HGYPHW,219 Fort York Blvd,505,M5V,Condominium,10,Spadina-Fort York
4335135,STR-2404-HXLPHY,116 York Downs Dr,,M3H,Single/Semi-detached House,6,York Centre
4335136,STR-2404-JFSPHZ,263 Woodfield Rd,,M4L,Single/Semi-detached House,14,Toronto-Danforth
4335137,STR-2404-FLCBHP,21 Iceboat Ter,2309,M5V,Condominium,10,Spadina-Fort York
4335138,STR-2404-GBQBHR,727 Rhodes Ave,,M4J,Single/Semi-detached House,14,Toronto-Danforth
4335139,STR-2404-GJWBHS,300 Front St W,504,M5V,Condominium,10,Spadina-Fort York
4335140,STR-2404-GSCBHT,41 Churchill Ave,,M6J,Single/Semi-detached House,9,Davenport
4335141,STR-2404-HHQBHW,52 Malta St,,M1N,Single/Semi-detached House,20,Scarborough Southwest
4335142,STR-2404-HQWBHX,2 Laurel Gt,,M9B,Single/Semi-detached House,2,Etobicoke Centre
4335143,STR-2404-GCFPHR,22 Bright St,,M5A,Townhouse/ Row House,13,Toronto Centre
4335144,STR-2404-GSSPHT,335 St Clair Ave E,,M4T,Single/Semi-detached House,11,University-Rosedale
4335145,STR-2404-GZYPHV,453 Soudan Ave,BSMT,M4S,Single/Semi-detached House,15,Don Valley West
4335146,STR-2404-HRLPHX,101 Peter St,3002,M5V,Condominium,10,Spadina-Fort York
4335147,STR-2404-FMKHHQ,10 Redwood Ave,A,M4L,Duplex/Triplex/Fourplex,14,Toronto-Danforth
4335148,STR-2404-GCXHHS,210 Victoria St,3512,M5B,Condominium,13,Toronto Centre
4335149,STR-2404-HBRHHW,12 York St,1001,M5J,Condominium,10,Spadina-Fort York
4335150,STR-2404-HSDHHY,62 Hillside Dr,,M4K,Single/Semi-detached House,14,Toronto-Danforth
4335151,STR-2404-HZKHHZ,180 Sorauren Ave,,M6R,Single/Semi-detached House,4,Parkdale-High Park
4335152,STR-2404-FMZVHQ,797 Pape Ave,Main,M4K,Duplex/Triplex/Fourplex,14,Toronto-Danforth
4335153,STR-2404-FWGVHR,14 York St,3009,M5J,Condominium,10,Spadina-Fort York
4335154,STR-2404-GLTVHT,31 Galley Ave,B,M6R,Single/Semi-detached House,4,Parkdale-High Park
4335155,STR-2404-GTZVHV,10 Willison Sq,205,M5T,Condominium,10,Spadina-Fort York
4335156,STR-2404-HCGVHW,21 Iceboat Ter,1911,M5V,Condominium,10,Spadina-Fort York
4335157,STR-2404-HKMVHX,444 Markham St,1,M6G,Single/Semi-detached House,11,University-Rosedale
4335158,STR-2404-HSTVHY,300 Front St W,1605,M5V,Condominium,10,Spadina-Fort York
4335159,STR-2404-HZZVHZ,1239 Dundas St W,307,M6J,Condominium,10,Spadina-Fort York
4335160,STR-2404-FPRHHQ,10 Willison Sq,PH03,M5T,Condominium,10,Spadina-Fort York
4335161,STR-2404-GVRHHV,21 Iceboat Ter,3309,M5V,Condominium,10,Spadina-Fort York
4335162,STR-2404-HCXHHW,101 Peter St,710,M5V,Condominium,10,Spadina-Fort York
4335163,STR-2404-HLDHHX,101 Peter St,1606,M5V,Condominium,10,Spadina-Fort York
4335164,STR-2404-HTKHHY,55 Bremner Blvd,4301,M5J,Condominium,10,Spadina-Fort York
4335165,STR-2404-JBRHHZ,182 Rankin Cres,,M6P,Single/Semi-detached House,9,Davenport
4335166,STR-2404-GFTVHS,861 Sheppard Avenue West,AP22,M3H,Townhouse/ Row House,6,York Centre
4335167,STR-2404-GMZVHT,532 Merton St,,M4S,Single/Semi-detached House,15,Don Valley West
4335168,STR-2404-JCGVHZ,144 Castlewood Rd,,M5N,Single/Semi-detached House,8,Eglinton-Lawrence
4335169,STR-2404-FQXHHQ,220 Atlas Ave,,M6C,Single/Semi-detached House,12,Toronto-St. Paul's
4335170,STR-2404-FYDHHR,124 New Forest Sq,,M1V,Single/Semi-detached House,22,Scarborough-Agincourt
4335171,STR-2404-GGKHHS,832 Bay St,4602,M5S,Apartment,11,University-Rosedale
4335172,STR-2404-GWXHHV,300 Front St W,3903,M5V,Condominium,10,Spadina-Fort York
4335173,STR-2404-HFDHHW,20 John St,721,M5V,Condominium,10,Spadina-Fort York
4335174,STR-2404-HMKHHX,65 Bremner Blvd,3110,M5J,Condominium,10,Spadina-Fort York
4335175,STR-2404-HVRHHY,21 Iceboat Ter,3603,M5V,Condominium,10,Spadina-Fort York
4335176,STR-2404-JCXHHZ,93 Sheridan Ave,,M6K,Single/Semi-detached House,9,Davenport
4335177,STR-2404-FJGVHP,3 Butterfield Dr,,M3A,Single/Semi-detached House,16,Don Valley East
4335178,STR-2404-FRMVHQ,158 Westview Blvd,,M4B,Single/Semi-detached House,19,Beaches-East York
4335179,STR-2404-GQGVHT,215 Fort York Blvd,2907,M5V,Condominium,10,Spadina-Fort York
4335180,STR-2404-GXMVHV,1 Ferncliff Crt,,M4B,Single/Semi-detached House,19,Beaches-East York
4335181,STR-2404-HFTVHW,58 Seymour Ave,,M4J,Single/Semi-detached House,14,Toronto-Danforth
4335182,STR-2404-HWGVHY,32A Fernbank Ave,,M6H,Single/Semi-detached House,9,Davenport
4335183,STR-2404-JDMVHZ,30 Roehampton Ave,409,M4P,Apartment,12,Toronto-St. Paul's
4335184,STR-2404-FJXHHP,1121 Bay St,1008,M5S,Condominium,13,Toronto Centre
4335185,STR-2404-FZKHHR,300 Front St W,2806,M5V,Condominium,10,Spadina-Fort York
4335186,STR-2404-GQXHHT,300 Front St W,2903,M5V,Condominium,10,Spadina-Fort York
4335187,STR-2404-HPRHHX,33 Mill St,2104,M5A,Condominium,10,Spadina-Fort York
4335188,STR-2404-JFDHHZ,817 Gerrard St E,Up 2,M4M,Apartment,14,Toronto-Danforth
4335189,STR-2404-FSTVHQ,57 Brock ave,516,M6K,Condominium,4,Parkdale-High Park
4335190,STR-2404-FZZVHR,213 Brooke Ave,,M5M,Single/Semi-detached House,8,Eglinton-Lawrence
4335191,STR-2404-GJGVHS,33 Murray Ave,,M1S,Single/Semi-detached House,23,Scarborough North
4335192,STR-2404-GRMVHT,151 Dan Leckie Way,850,M5V,Condominium,10,Spadina-Fort York
4335193,STR-2404-GYTVHV,28 Harrison Garden Blvd,1505,M2N,Condominium,18,Willowdale
4335194,STR-2404-HGZVHW,8 Dacre Cres,,M6S,Single/Semi-detached House,4,Parkdale-High Park
4335195,STR-2404-JFTVHZ,2875 Bloor St W,2,M8X,Apartment,3,Etobicoke-Lakeshore
4335196,STR-2404-FLDHHP,14 York St,3104,M5J,Condominium,10,Spadina-Fort York
4335197,STR-2404-GJXHHS,57 Rusholme Park Cres,Unit B,M6J,Duplex/Triplex/Fourplex,9,Davenport
4335198,STR-2404-GZKHHV,65 Bremner Blvd,1207,M5J,Condominium,10,Spadina-Fort York
4335199,STR-2404-HHRHHW,20 John St,722,M5V,Condominium,10,Spadina-Fort York
4335200,STR-2404-HYDHHY,1100 King St W,B525,M6K,Apartment,10,Spadina-Fort York
4335201,STR-2404-JGKHHZ,219 Fort York Blvd,2706,M5V,Condominium,10,Spadina-Fort York
4335202,STR-2404-FLTVHP,1063 Islington Ave,,M8Z,Single/Semi-detached House,3,Etobicoke-Lakeshore
4335203,STR-2404-GCGVHR,300 Front St W,3808,M5V,Condominium,10,Spadina-Fort York
4335204,STR-2404-GKMVHS,169 Jameson Ave,509,M6K,Apartment,4,Parkdale-High Park
4335205,STR-2404-GSTVHT,268 Dewhurst Blvd N,,M4J,Single/Semi-detached House,14,Toronto-Danforth
4335206,STR-2404-GZZVHV,955 Bay St,1714,M5S,Condominium,13,Toronto Centre
4335207,STR-2404-HJGVHW,17 Sari Cres,,M1E,Single/Semi-detached House,24,Scarborough-Guildwood
4335208,STR-2404-HYTVHY,14 York St,509,M5J,Condominium,10,Spadina-Fort York
4335209,STR-2404-JGZVHZ,2 Marigold Ave,,M4M,Single/Semi-detached House,14,Toronto-Danforth
4335210,STR-2404-FDQDVP,251 Jarvis St,4803,M5B,Condominium,13,Toronto Centre
4335211,STR-2404-FLWDVQ,129 Hadrian Dr,,M9W,Single/Semi-detached House,1,Etobicoke North
4335212,STR-2404-FVCDVR,422 Clinton St,,M6G,Single/Semi-detached House,11,University-Rosedale
4335213,STR-2404-GCJDVS,40 Gerrard St E,2312,M5B,Apartment,13,Toronto Centre
4335214,STR-2404-GSWDVV,21 Iceboat Ter,4008,M5V,Condominium,10,Spadina-Fort York
4335215,STR-2404-HBCDVW,165 Legion Rd N,1323,M8Y,Condominium,3,Etobicoke-Lakeshore
4335216,STR-2404-FMLRVQ,101 Peter St,3303,M5V,Condominium,10,Spadina-Fort York
4335217,STR-2404-FVSRVR,177 Gamble Ave,,M4J,Single/Semi-detached House,14,Toronto-Danforth
4335218,STR-2404-GLFRVT,16 Jersey Ave,,M6G,Single/Semi-detached House,11,University-Rosedale
4335219,STR-2404-HBSRVW,165 Legion Rd N,2934,M8Y,Condominium,3,Etobicoke-Lakeshore
4335220,STR-2404-HSFRVY,101 Peter St,1112,M5V,Condominium,10,Spadina-Fort York
4335221,STR-2404-HZLRVZ,21 Iceboat Ter,4707,M5V,Condominium,10,Spadina-Fort York
4335222,STR-2404-FPCDVQ,219 Fort York Blvd,3308,M5V,Condominium,10,Spadina-Fort York
4335223,STR-2404-GDQDVS,151 Dan Leckie Way,250,M5V,Condominium,10,Spadina-Fort York
4335224,STR-2404-GLWDVT,185 Colbeck St,,M6S,Single/Semi-detached House,4,Parkdale-High Park
4335225,STR-2404-HCJDVW,51 Otonabee Ave,,M2M,Single/Semi-detached House,18,Willowdale
4335226,STR-2404-HKQDVX,101 Peter St,3701,M5V,Condominium,10,Spadina-Fort York
4335227,STR-2404-HSWDVY,21 Iceboat Ter,4301,M5V,Condominium,10,Spadina-Fort York
4335228,STR-2404-FPSRVQ,81 Vanevery St,,M8V,Single/Semi-detached House,3,Etobicoke-Lakeshore
4335229,STR-2404-GFFRVS,125 McMahon Dr,TH01,M2K,Townhouse/ Row House,17,Don Valley North
4335230,STR-2404-GMLRVT,79 Boon Ave,,M6E,Single/Semi-detached House,9,Davenport
4335231,STR-2404-GVSRVV,300 Front St W,1914,M5V,Condominium,10,Spadina-Fort York
4335232,STR-2404-HCYRVW,39 Roehampton Ave,3808,M4P,Condominium,12,Toronto-St. Paul's
4335233,STR-2404-HLFRVX,56 Maitland St,202,M4Y,Apartment,13,Toronto Centre
4335234,STR-2404-FHCDVP,17 Evergreen Ave,,M8W,Single/Semi-detached House,3,Etobicoke-Lakeshore
4335235,STR-2404-GFWDVS,300 Front St W,1810,M5V,Condominium,10,Spadina-Fort York
4335236,STR-2404-GPCDVT,101 Peter St,1803,M5V,Condominium,10,Spadina-Fort York
4335237,STR-2404-GWJDVV,35 Balmuto St,2810,M4Y,Condominium,11,University-Rosedale
4335238,STR-2404-HVCDVY,613 Pharmacy Ave,,M1L,Single/Semi-detached House,20,Scarborough Southwest
4335239,STR-2404-FHSRVP,317 Perth Ave,,M6P,Single/Semi-detached House,9,Davenport
4335240,STR-2404-GPSRVT,71 Amesbury Dr,,M6M,Single/Semi-detached House,5,York South-Weston
4335241,STR-2404-GWYRVV,155 Yorkville Ave,705,M5R,Condominium,11,University-Rosedale
4335242,STR-2404-HFFRVW,6 Sonic Way,N1907,M3C,Condominium,16,Don Valley East
4335243,STR-2404-JCYRVZ,22 Hexham Dr,,M1R,Single/Semi-detached House,21,Scarborough Centre
4335244,STR-2404-FJJDVP,955 Bay St,1817,M5S,Condominium,13,Toronto Centre
4335245,STR-2404-FRQDVQ,101 Peter St,2507,M5V,Condominium,10,Spadina-Fort York
4335246,STR-2404-HPCDVX,307 Whitmore Ave,,M6E,Single/Semi-detached House,8,Eglinton-Lawrence
4335247,STR-2404-JDQDVZ,66 Porterfield Rd,,M9W,Single/Semi-detached House,1,Etobicoke North
4335248,STR-2404-FZLRVR,29 Elmview Dr,,M1N,Single/Semi-detached House,20,Scarborough Southwest
4335249,STR-2404-GHSRVS,2 Berkshire Ave,,M4M,Single/Semi-detached House,14,Toronto-Danforth
4335250,STR-2404-GQYRVT,14 York St,5907,M5J,Condominium,10,Spadina-Fort York
4335251,STR-2404-HGLRVW,2 Snowcrest Ave,,M2K,Single/Semi-detached House,17,Don Valley North
4335252,STR-2404-GBCDVR,65 Bremner Blvd,3501,M5J,Condominium,10,Spadina-Fort York
4335253,STR-2404-GRQDVT,48 Nassau St,B,M5T,Single/Semi-detached House,11,University-Rosedale
4335254,STR-2404-GYWDVV,52 Garnet Ave,,M6G,Single/Semi-detached House,11,University-Rosedale
4335255,STR-2404-HHCDVW,955 Bay St,1319,M5S,Condominium,13,Toronto Centre
4335256,STR-2404-HQJDVX,130 Springhurst Ave,Main,M6K,Duplex/Triplex/Fourplex,4,Parkdale-High Park
4335257,STR-2404-HXQDVY,115 Sheridan Ave,,M6K,Single/Semi-detached House,9,Davenport
4335258,STR-2404-JFWDVZ,101 Peter St,1207,M5V,Condominium,10,Spadina-Fort York
4335259,STR-2404-FLFRVP,21 Iceboat Ter,725,M5V,Condominium,10,Spadina-Fort York
4335260,STR-2404-FTLRVQ,101 Peter St,1502,M5V,Condominium,10,Spadina-Fort York
4335261,STR-2404-GJYRVS,191 St George St,901,M5R,Apartment,11,University-Rosedale
4335262,STR-2404-GSFRVT,81 Fishleigh Dr,,M1N,Single/Semi-detached House,20,Scarborough Southwest
4335263,STR-2404-GZLRVV,145 Whitburn Cres,Main,M3M,Single/Semi-detached House,6,York Centre
4335264,STR-2404-HHSRVW,445 Concord Ave,Ground,M6H,Single/Semi-detached House,9,Davenport
4335265,STR-2404-HQYRVX,65 Bremner Blvd,4703,M5J,Condominium,10,Spadina-Fort York
4335266,STR-2404-HYFRVY,60 St Clair Ave W,1106,M4V,Condominium,12,Toronto-St. Paul's
4335267,STR-2404-JGLRVZ,32 Edwalter Ave,,M8Y,Single/Semi-detached House,3,Etobicoke-Lakeshore
4335268,STR-2404-FDRKVP,251 Jarvis St,3404,M5B,Condominium,13,Toronto Centre
4335269,STR-2404-FVDKVR,270 Wellington St W,22,M5V,Condominium,10,Spadina-Fort York
4335270,STR-2404-GSXKVV,19 Little Ave,,M9N,Single/Semi-detached House,5,York South-Weston
4335271,STR-2404-HRRKVY,7 Juliet Cres,3,M6M,Apartment,5,York South-Weston
4335272,STR-2405-GDWDVS,642 Brock Ave,2,M6H,Duplex/Triplex/Fourplex,9,Davenport
4335273,STR-2405-GMCDVT,125 Lindsey Ave,Upper,M6H,Single/Semi-detached House,9,Davenport
4335274,STR-2405-GVJDVV,200 Lotherton Ptwy,409,M6B,Condominium,8,Eglinton-Lawrence
4335275,STR-2405-HCQDVW,15 Fort York Blvd,2303,M5V,Condominium,10,Spadina-Fort York
4335276,STR-2405-HKWDVX,208 Queens Quay W,3401,M5J,Condominium,10,Spadina-Fort York
4335277,STR-2405-JBJDVZ,21 Iceboat Ter,3205,M5V,Condominium,10,Spadina-Fort York
4335278,STR-2405-FXFRVR,283 Kenilworth Ave,,M4L,Single/Semi-detached House,19,Beaches-East York
4335279,STR-2405-GMSRVT,96 Malvern St,,M1B,Townhouse/ Row House,23,Scarborough North
4335280,STR-2405-HLLRVX,151 Dan Leckie Way,901,M5V,Condominium,10,Spadina-Fort York
4335281,STR-2405-HTSRVY,90 Old Sheppard Ave,,M2J,Single/Semi-detached House,17,Don Valley North
4335282,STR-2405-FQQDVQ,27 Tweedrock Cres,,M1E,Single/Semi-detached House,24,Scarborough-Guildwood
4335283,STR-2405-GGCDVS,28 Eastville Ave,,M1M,Single/Semi-detached House,20,Scarborough Southwest
4335284,STR-2405-GPJDVT,159 Freshmeadow Dr,,M2H,Single/Semi-detached House,17,Don Valley North
4335285,STR-2405-HDWDVW,21 Iceboat Ter,3009,M5V,Condominium,10,Spadina-Fort York
4335286,STR-2405-HVJDVY,715 Don Mills Rd,2607,M3C,Apartment,16,Don Valley East
4335287,STR-2405-JCQDVZ,832 Bay St,1308,M5S,Condominium,11,University-Rosedale
4335288,STR-2405-FHYRVP,311 Perth Ave,,M6P,Single/Semi-detached House,9,Davenport
4335289,STR-2405-FYLRVR,1110 Briar Hill Ave,204,M6B,Townhouse/ Row House,8,Eglinton-Lawrence
4335290,STR-2405-GGSRVS,188 Cumberland St,904,M5R,Condominium,11,University-Rosedale
4335291,STR-2405-GPYRVT,161 Frederick Tisdale Dr,2,M3K,Townhouse/ Row House,6,York Centre
4335292,STR-2405-GXFRVV,219 Fort York Blvd,1403,M5V,Condominium,10,Spadina-Fort York
4335293,STR-2405-HFLRVW,14 York St,5412,M5J,Condominium,10,Spadina-Fort York
4335294,STR-2405-JDFRVZ,335 Concord Ave,2,M6H,Single/Semi-detached House,9,Davenport
4335295,STR-2405-FRWDVQ,37 Grosvenor St,2301,M4Y,Condominium,13,Toronto Centre
4335296,STR-2405-FZCDVR,215 Fort York Blvd,420,M5V,Condominium,10,Spadina-Fort York
4335297,STR-2405-GQQDVT,155 Yorkville Ave,1718,M5R,Condominium,11,University-Rosedale
4335298,STR-2405-GXWDVV,832 Bay St,3604,M5S,Condominium,11,University-Rosedale
4335299,STR-2405-HGCDVW,52 Stanley Ter,A,M6J,Duplex/Triplex/Fourplex,10,Spadina-Fort York
4335300,STR-2405-HPJDVX,43 Lapworth Cres,,M1V,Single/Semi-detached House,22,Scarborough-Agincourt
4335301,STR-2405-HWQDVY,34 Cameron Ave,,M2N,Single/Semi-detached House,18,Willowdale
4335302,STR-2405-GHYRVS,22 Revcoe Dr,,M2M,Single/Semi-detached House,18,Willowdale
4335303,STR-2405-GYLRVV,6 Eva Rd,801,M9C,Condominium,2,Etobicoke Centre
4335304,STR-2405-HGSRVW,188 Cumberland St,2312,M5R,Condominium,11,University-Rosedale
4335305,STR-2405-JFLRVZ,19 Annette St,,M6P,Single/Semi-detached House,4,Parkdale-High Park
4335306,STR-2405-FKWDVP,62 Robina Ave,,M6C,Single/Semi-detached House,9,Davenport
4335307,STR-2405-FTCDVQ,90 Cowan Ave,1,M6K,Duplex/Triplex/Fourplex,4,Parkdale-High Park
4335308,STR-2405-GBJDVR,20 John St,1123,M5V,Condominium,10,Spadina-Fort York
4335309,STR-2405-GJQDVS,300 Front St W,2713,M5V,Condominium,10,Spadina-Fort York
4335310,STR-2405-GRWDVT,373 Joicey Blvd,,M5M,Single/Semi-detached House,8,Eglinton-Lawrence
4335311,STR-2405-GZCDVV,1926 Brimley Rd,,M1S,Single/Semi-detached House,23,Scarborough North
4335312,STR-2405-HQQDVX,138 Bellrock Dr,,M1V,Single/Semi-detached House,23,Scarborough North
4335313,STR-2405-HXWDVY,21 Iceboat Ter,2501,M5V,Condominium,10,Spadina-Fort York
4335314,STR-2405-FLLRVP,18 Yonge St,2208,M5E,Condominium,10,Spadina-Fort York
4335315,STR-2405-GBYRVR,145 St George St,910,M5R,Apartment,11,University-Rosedale
4335316,STR-2405-GKFRVS,12 York St,505,M5J,Condominium,10,Spadina-Fort York
4335317,STR-2405-GSLRVT,68 Seventeenth St,,M8V,Single/Semi-detached House,3,Etobicoke-Lakeshore
4335318,STR-2405-GZSRVV,138 Princess St,401,M5A,Apartment,13,Toronto Centre
4335319,STR-2405-HRFRVX,1229 Danforth Ave,,M4J,Townhouse/ Row House,14,Toronto-Danforth
4335320,STR-2405-HYLRVY,16 Ivorwood Cres,,M1R,Single/Semi-detached House,21,Scarborough Centre
4335321,STR-2405-JGSRVZ,1088 Dufferin St,,M6H,Single/Semi-detached House,9,Davenport
4335322,STR-2405-FDXKVP,151 Dan Leckie Way,758,M5V,Condominium,10,Spadina-Fort York
4335323,STR-2405-FMDKVQ,38 Grenville St,3108,M4Y,Condominium,13,Toronto Centre
4335324,STR-2405-FVKKVR,2020 Bathurst St,307,M5P,Condominium,12,Toronto-St. Paul's
4335325,STR-2405-GTDKVV,151 Dan Leckie Way,202,M5V,Condominium,10,Spadina-Fort York
4335326,STR-2405-HBKKVW,59 Austin Ave,Main Floor Apt,M4M,Duplex/Triplex/Fourplex,14,Toronto-Danforth
4335327,STR-2405-HRXKVY,39 Thome Cres,,M6H,Single/Semi-detached House,9,Davenport
4335328,STR-2405-HZDKVZ,46 Sunnypoint Cres,,M1M,Single/Semi-detached House,20,Scarborough Southwest
4335329,STR-2405-FFMXVP,97 The Queensway,33,M6S,Townhouse/ Row House,4,Parkdale-High Park
4335330,STR-2405-FMTXVQ,1081 Danforth Rd,123,M1J,Townhouse/ Row House,20,Scarborough Southwest
4335331,STR-2405-GDGXVS,320 Tweedsmuir Ave,1501,M5P,Apartment,12,Toronto-St. Paul's
4335332,STR-2405-GLMXVT,650 Parliament St,1915,M4X,Apartment,13,Toronto Centre
4335333,STR-2405-GTTXVV,10 Willison Sq,PH07,M5T,Condominium,10,Spadina-Fort York
4335334,STR-2405-HKGXVX,176 Greenfield Ave,,M2N,Single/Semi-detached House,18,Willowdale
4335335,STR-2405-HZTXVZ,300 Front St W,2209,M5V,Condominium,10,Spadina-Fort York
4335336,STR-2405-GVKKVV,77 Huntley St,1615,M4Y,Apartment,13,Toronto Centre
4335337,STR-2405-HTDKVY,180 Earlsdale Ave,,M6E,Single/Semi-detached House,9,Davenport
4335338,STR-2405-FPZXVQ,21 Iceboat Ter,3112,M5V,Condominium,10,Spadina-Fort York
4335339,STR-2405-GFMXVS,101 Peter St,2101,M5V,Condominium,10,Spadina-Fort York
4335340,STR-2405-GMTXVT,101 Peter St,3005,M5V,Condominium,10,Spadina-Fort York
4335341,STR-2405-GVZXVV,120 Homewood Ave,2503,M4Y,Condominium,13,Toronto Centre
4335342,STR-2405-HDGXVW,21 Iceboat Terr,3803,M5V,Condominium,10,Spadina-Fort York
4335343,STR-2410-JGBHPZ,1613 Dundas St W,3,M6K,Apartment,9,Davenport
4335344,STR-2405-FHKKVP,75 Clinton St,,M6G,Single/Semi-detached House,11,University-Rosedale
4335345,STR-2405-FQRKVQ,3 Sims Cres,,M9V,Single/Semi-detached House,1,Etobicoke North
4335346,STR-2405-FXXKVR,165 Bathurst St,417,M5V,Apartment,10,Spadina-Fort York
4335347,STR-2405-GPKKVT,38 Joe Shuster Way,1320,M6K,Condominium,10,Spadina-Fort York
4335348,STR-2405-HVKKVY,158 Northcliffe Blvd,B,M6E,Single/Semi-detached House,9,Davenport
4335349,STR-2405-FHZXVP,21 Iceboat Ter,3005,M5V,Condominium,10,Spadina-Fort York
4335350,STR-2405-FRGXVQ,300 Front St W,2013,M5V,Condominium,10,Spadina-Fort York
4335351,STR-2405-FYMXVR,8 Charlotte St,2104,M5V,Condominium,10,Spadina-Fort York
4335352,STR-2405-GPZXVT,38 Widmer St,5001,M5V,Condominium,10,Spadina-Fort York
4335353,STR-2405-GXGXVV,40 Badgerow Ave,,M4M,Single/Semi-detached House,14,Toronto-Danforth
4335354,STR-2405-HFMXVW,70 Mitchell Ave,,M6J,Townhouse/ Row House,10,Spadina-Fort York
4335355,STR-2405-JDGXVZ,209 Fort York Blvd,882,M5V,Condominium,10,Spadina-Fort York
4335356,STR-2405-FJRKVP,107 Sheridan Ave,,M6K,Single/Semi-detached House,9,Davenport
4335357,STR-2405-GHKKVS,2300 St Clair Ave W,107,M6N,Condominium,5,York South-Weston
4335358,STR-2405-GXXKVV,550 Lansdowne Ave,2,M6H,Single/Semi-detached House,9,Davenport
4335359,STR-2405-HGDKVW,7 Melbourne Pl,,M6K,Single/Semi-detached House,4,Parkdale-High Park
4335360,STR-2405-FKGXVP,210 Victoria St,3012,M5B,Condominium,13,Toronto Centre
4335361,STR-2405-FSMXVQ,21 Cheval Dr,,M3B,Single/Semi-detached House,15,Don Valley West
4335362,STR-2405-FZTXVR,30 Nelson St,2302,M5V,Condominium,10,Spadina-Fort York
4335363,STR-2405-GHZXVS,12 York St,4004,M5J,Condominium,10,Spadina-Fort York
4335364,STR-2405-GRGXVT,21 Iceboat Ter,3210,M5V,Condominium,10,Spadina-Fort York
4335365,STR-2405-HGTXVW,131 Searle Ave,,M3H,Single/Semi-detached House,6,York Centre
4335366,STR-2405-HPZXVX,8 Eglinton Ave E,605,M4P,Condominium,12,Toronto-St. Paul's
4335367,STR-2405-JFMXVZ,34 Western Battery Rd,416,M6K,Townhouse/ Row House,10,Spadina-Fort York
4335368,STR-2405-FKXKVP,300 Front St W,4008,M5V,Condominium,10,Spadina-Fort York
4335369,STR-2405-FTDKVQ,906 Eastern Ave,,M4L,Single/Semi-detached House,14,Toronto-Danforth
4335370,STR-2405-GJRKVS,32 Alma Ave,4,M6J,Duplex/Triplex/Fourplex,9,Davenport
4335371,STR-2405-GRXKVT,10 Dacotah Ave,,M5J,Single/Semi-detached House,10,Spadina-Fort York
4335372,STR-2405-HHKKVW,38 Grenville St,706,M4Y,Condominium,13,Toronto Centre
4335373,STR-2405-HQRKVX,24 Collahie St,,M6J,Single/Semi-detached House,9,Davenport
4335374,STR-2405-HXXKVY,357 Rusholme Rd,309,M6H,Apartment,9,Davenport
4335375,STR-2405-JGDKVZ,2 1/2 Palmerston Ave,,M6J,Townhouse/ Row House,10,Spadina-Fort York
4335376,STR-2405-FLMXVP,15 Roehampton Ave,304,M4P,Condominium,12,Toronto-St. Paul's
4335377,STR-2405-GBZXVR,72 Oakwood Ave,3,M6H,Single/Semi-detached House,9,Davenport
4335378,STR-2405-GZTXVV,300 Front St W,605,M5V,Condominium,10,Spadina-Fort York
4335379,STR-2405-HYMXVY,30 Clinton St,,M6J,Single/Semi-detached House,11,University-Rosedale
4335380,STR-2405-JGTXVZ,21 Iceboat Ter,1707,M5V,Condominium,10,Spadina-Fort York
4335381,STR-2405-FDYRVP,165 Legion Rd N,1923,M8Y,Condominium,3,Etobicoke-Lakeshore
4335382,STR-2405-FMFRVQ,134 Avon Ave,,M6N,Single/Semi-detached House,5,York South-Weston
4335383,STR-2405-FVLRVR,300 Front St W,212,M5V,Condominium,10,Spadina-Fort York
4335384,STR-2405-GCSRVS,300 Front St W,3707,M5V,Condominium,10,Spadina-Fort York
4335385,STR-2405-HRYRVY,88 Carr St,33,M5T,Townhouse/ Row House,10,Spadina-Fort York
4335386,STR-2405-HZFRVZ,713 College St,A,M6G,Apartment,11,University-Rosedale
4335387,STR-2405-FFQDVP,18A Florence Ave,Basement,M2N,Single/Semi-detached House,18,Willowdale
4335388,STR-2405-FWCDVR,9 Snowood Crt,Upper,M3N,Single/Semi-detached House,7,Humber River-Black Creek
4335389,STR-2405-GDJDVS,1691 Dundas St W,,M6K,Townhouse/ Row House,9,Davenport
4335390,STR-2405-GLQDVT,100 Long Branch Ave,20,M8W,Condominium,3,Etobicoke-Lakeshore
4335391,STR-2405-HCCDVW,47 O'Hara Ave,,M6K,Single/Semi-detached House,4,Parkdale-High Park
4335392,STR-2405-HKJDVX,60 Cobden St,,M2R,Single/Semi-detached House,18,Willowdale
4335393,STR-2405-FGFRVP,489 Davenport Rd,,M4V,Single/Semi-detached House,12,Toronto-St. Paul's
4335394,STR-2405-FPLRVQ,1650 Bathurst St,19,M5P,Apartment,12,Toronto-St. Paul's
4335395,STR-2405-FWSRVR,65 Annie Craig Dr,1006,M8V,Condominium,3,Etobicoke-Lakeshore
4335396,STR-2405-HTFRVY,44 Manning Ave,,M6J,Duplex/Triplex/Fourplex,10,Spadina-Fort York
4335397,STR-2405-JBLRVZ,50 Hucknall Rd,,M3J,Single/Semi-detached House,7,Humber River-Black Creek
4335398,STR-2405-FGWDVP,20 Wade Ave,719,M6H,Apartment,9,Davenport
4335399,STR-2405-FQCDVQ,101 Major St,,M5S,Single/Semi-detached House,11,University-Rosedale
4335400,STR-2405-FXJDVR,21 Iceboat Ter,3310,M5V,Condominium,10,Spadina-Fort York
4335401,STR-2405-GFQDVS,77 Bartley Dr,,M4A,Single/Semi-detached House,16,Don Valley East
4335402,STR-2405-GMWDVT,15 Iceboat Ter,1115,M5V,Condominium,10,Spadina-Fort York
4335403,STR-2405-HLQDVX,300 Front St W,2508,M5V,Condominium,10,Spadina-Fort York
4335404,STR-2405-HTWDVY,300 Front St W,3607,M5V,Condominium,10,Spadina-Fort York
4335405,STR-2405-JCCDVZ,779 Eglinton Ave W,9,M5N,Apartment,12,Toronto-St. Paul's
4335406,STR-2405-FHLRVP,35 Balmuto St,1107,M4Y,Condominium,11,University-Rosedale
4335407,STR-2405-GWSRVV,83 Chelsea Ave,,M6P,Single/Semi-detached House,4,Parkdale-High Park
4335408,STR-2405-HMFRVX,85 Wood St,2710,M4Y,Condominium,13,Toronto Centre
4335409,STR-2405-HVLRVY,57 St Hubert Ave,,M4J,Single/Semi-detached House,14,Toronto-Danforth
4335410,STR-2405-JCSRVZ,206 St George St,808,M5R,Apartment,11,University-Rosedale
4335411,STR-2405-FJCDVP,28 Pine Ave,,M4E,Single/Semi-detached House,19,Beaches-East York
4335412,STR-2405-FYQDVR,286 Main St,720,M4C,Condominium,19,Beaches-East York
4335413,STR-2405-GGWDVS,22 West Lynn Ave,,M4C,Single/Semi-detached House,19,Beaches-East York
4335414,STR-2405-GXJDVV,387 Ossington Ave,,M6J,Single/Semi-detached House,11,University-Rosedale
4335415,STR-2405-HMWDVX,94 Lavinia Ave,,M6S,Single/Semi-detached House,4,Parkdale-High Park
4335416,STR-2405-HWCDVY,548 Van Horne Ave,,M2J,Single/Semi-detached House,17,Don Valley North
4335417,STR-2405-FRYRVQ,955 Bay St,810,M5S,Condominium,13,Toronto Centre
4335418,STR-2405-FZFRVR,300 Front St W,2603,M5V,Condominium,10,Spadina-Fort York
4335419,STR-2405-GHLRVS,165 Legion Rd N,730,M8Y,Condominium,3,Etobicoke-Lakeshore
4335420,STR-2405-GQSRVT,42 Western Battery Rd,710,M6K,Townhouse/ Row House,10,Spadina-Fort York
4335421,STR-2405-HPLRVX,216 Wintermute Blvd,,M1W,Single/Semi-detached House,22,Scarborough-Agincourt
4335422,STR-2405-JDYRVZ,215 Fort York Blvd,513,M5V,Condominium,10,Spadina-Fort York
4335423,STR-2405-FZWDVR,25 Lower Simcoe St,917,M5J,Condominium,10,Spadina-Fort York
4335424,STR-2405-GJCDVS,2221 Yonge St,2703,M4S,Condominium,12,Toronto-St. Paul's
4335425,STR-2405-GRJDVT,101 Peter St,3809,M5V,Condominium,10,Spadina-Fort York
4335426,STR-2405-GYQDVV,69 Lynn Williams St,916,M6K,Condominium,10,Spadina-Fort York
4335427,STR-2405-HGWDVW,160 Spalding Rd,,M3K,Single/Semi-detached House,6,York Centre
4335428,STR-2405-HQCDVX,20 Kimloch Cres,,M3B,Single/Semi-detached House,15,Don Valley West
4335429,STR-2405-HXJDVY,86 Drayton Ave,,M4C,Single/Semi-detached House,19,Beaches-East York
4335430,STR-2405-GJSRVS,46 Sunfield Rd,,M3M,Single/Semi-detached House,6,York Centre
4335431,STR-2405-GZFRVV,36 Fourteenth St,,M8V,Single/Semi-detached House,3,Etobicoke-Lakeshore
4335432,STR-2405-HXYRVY,644 Rhodes Ave,,M4J,Single/Semi-detached House,14,Toronto-Danforth
4335433,STR-2405-FLQDVP,188 Cumberland St,812,M5R,Condominium,11,University-Rosedale
4335434,STR-2405-GSQDVT,188 Cumberland St,1409,M5R,Condominium,11,University-Rosedale
4335435,STR-2405-GZWDVV,20 Gatewood Cres,,M9A,Single/Semi-detached House,2,Etobicoke Centre
4335436,STR-2405-HJCDVW,306 Willow Ave,,M4E,Single/Semi-detached House,19,Beaches-East York
4335437,STR-2405-HRJDVX,39 Sentinel Rd,,M3J,Single/Semi-detached House,6,York Centre
4335438,STR-2405-HYQDVY,66 Robina Ave,,M6C,Single/Semi-detached House,9,Davenport
4335439,STR-2405-FDZXVP,41 Cascaden St,,M1V,Single/Semi-detached House,23,Scarborough North
4335440,STR-2405-FVMXVR,768 Cummer Ave,,M2H,Single/Semi-detached House,17,Don Valley North
4335441,STR-2405-GCTXVS,53 O'Hara Ave,,M6K,Single/Semi-detached House,4,Parkdale-High Park
4335442,STR-2405-HBMXVW,10 Morrison St,111,M5V,Condominium,10,Spadina-Fort York
4335443,STR-2405-HRZXVY,218 Concord Ave,,M6H,Single/Semi-detached House,9,Davenport
4335444,STR-2405-HZGXVZ,1630 Dundas St W,9,M6K,Apartment,9,Davenport
4335445,STR-2405-FFRKVP,2360 Dundas St W,1812,M6P,Apartment,4,Parkdale-High Park
4335446,STR-2405-FWDKVR,25 Purdy Cres,,M9N,Single/Semi-detached House,5,York South-Weston
4335447,STR-2405-HKKKVX,675 Euclid Ave,Basement Apt.,M6G,Duplex/Triplex/Fourplex,11,University-Rosedale
4335448,STR-2405-HZXKVZ,59 Harvard Ave,,M6R,Single/Semi-detached House,4,Parkdale-High Park
4335449,STR-2405-FGGXVP,33 Wood St,2802,M4Y,Apartment,13,Toronto Centre
4335450,STR-2405-FWTXVR,300 Front St W,3702,M5V,Condominium,10,Spadina-Fort York
4335451,STR-2405-GMGXVT,65 Bremner Blvd,1401,M5J,Condominium,10,Spadina-Fort York
4335452,STR-2405-HCTXVW,22 Monteith St,,M4Y,Townhouse/ Row House,13,Toronto Centre
4335453,STR-2405-HKZXVX,161 Lippincott St,,M5S,Townhouse/ Row House,11,University-Rosedale
4335454,STR-2405-FGXKVP,955 Bay St,811,M5S,Condominium,13,Toronto Centre
4335455,STR-2405-GMXKVT,101 Combe Ave,,M3H,Single/Semi-detached House,6,York Centre
4335456,STR-2405-HDKKVW,87 Knox Ave,,M4L,Single/Semi-detached House,14,Toronto-Danforth
4335457,STR-2405-HTXKVY,251 Jarvis St,811,M5B,Condominium,13,Toronto Centre
4335458,STR-2405-JCDKVZ,35 Balmuto St,902,M4Y,Condominium,11,University-Rosedale
4335459,STR-2405-FHMXVP,2 Anndale Dr,1708,M2N,Condominium,18,Willowdale
4335460,STR-2405-FQTXVQ,1042 Sheppard Ave W,301,M3H,Apartment,6,York Centre
4335461,STR-2405-FXZXVR,193 Osler St,,M6N,Single/Semi-detached House,9,Davenport
4335462,STR-2405-GGGXVS,217 Woodville Ave,,M4J,Single/Semi-detached House,14,Toronto-Danforth
4335463,STR-2405-GPMXVT,188 Fairview Mall Dr,910,M2J,Condominium,17,Don Valley North
4335464,STR-2405-GWTXVV,408 Silverthorn Ave,,M6M,Single/Semi-detached House,5,York South-Weston
4335465,STR-2405-HMGXVX,221 Holmes Ave,,M2N,Single/Semi-detached House,18,Willowdale
4335466,STR-2405-HVMXVY,14 Carluke Cres,710,M2L,Apartment,15,Don Valley West
4335467,STR-2405-JCTXVZ,281 Westlake Ave,,M4C,Single/Semi-detached House,19,Beaches-East York
4335468,STR-2405-FJDKVP,222 Markham St,2,M6J,Single/Semi-detached House,11,University-Rosedale
4335469,STR-2405-FRKKVQ,209 Fort York Blvd,179,M5V,Condominium,10,Spadina-Fort York
4335470,STR-2405-GGXKVS,18 Yonge St,3212,M5E,Condominium,10,Spadina-Fort York
4335471,STR-2405-GQDKVT,70 Town Centre Crt,3001,M1P,Condominium,21,Scarborough Centre
4335472,STR-2405-JDKKVZ,231 Fort York Blvd,1212,M5V,Condominium,10,Spadina-Fort York
4335473,STR-2405-FJTXVP,2 Evelyn Ave,,M6P,Single/Semi-detached House,4,Parkdale-High Park
4335474,STR-2405-FRZXVQ,80 Montclair Ave,110,M5P,Apartment,12,Toronto-St. Paul's
4335475,STR-2405-FZGXVR,270 Wellington St W,513,M5V,Condominium,10,Spadina-Fort York
4335476,STR-2405-GHMXVS,21 Iceboat Ter,1708,M5V,Condominium,10,Spadina-Fort York
4335477,STR-2405-GXZXVV,21 Iceboat Ter,2210,M5V,Condominium,10,Spadina-Fort York
4335478,STR-2405-HGGXVW,124 Shaver Av N,,M9B,Single/Semi-detached House,2,Etobicoke Centre
4335479,STR-2405-JDZXVZ,43 Kecala Rd,,M1P,Single/Semi-detached House,21,Scarborough Centre
4335480,STR-2405-FKKKVP,251 Jarvis St,1519,M5B,Condominium,13,Toronto Centre
4335481,STR-2405-FSRKVQ,14 York St,6712,M5J,Condominium,10,Spadina-Fort York
4335482,STR-2405-FZXKVR,5 Carnival Crt,,M2R,Single/Semi-detached House,6,York Centre
4335483,STR-2405-GJDKVS,68 Clearbrooke Cir,,M9W,Single/Semi-detached House,1,Etobicoke North
4335484,STR-2405-GRKKVT,210 Victoria St,3411,M5B,Condominium,13,Toronto Centre
4335485,STR-2405-HGXKVW,101 Peter St,2507,M5V,Condominium,10,Spadina-Fort York
4335486,STR-2405-HQDKVX,101 Peter St,3308,M5V,Condominium,10,Spadina-Fort York
4335487,STR-2405-JFRKVZ,225 Wellesley St E,412,M4X,Condominium,13,Toronto Centre
4335488,STR-2405-FKZXVP,31 Elmer Ave,,M4L,Duplex/Triplex/Fourplex,19,Beaches-East York
4335489,STR-2405-GJTXVS,47 Taunton Rd,,M4S,Single/Semi-detached House,15,Don Valley West
4335490,STR-2405-GZGXVV,29 Madron Cres,,M3J,Single/Semi-detached House,7,Humber River-Black Creek
4335491,STR-2405-HHMXVW,1 Shaw St,802,M6K,Condominium,10,Spadina-Fort York
4335492,STR-2405-HQTXVX,14 York St,3201,M5J,Condominium,10,Spadina-Fort York
4335493,STR-2405-HXZXVY,14 York St,1908,M5J,Condominium,10,Spadina-Fort York
4335494,STR-2405-GCDKVR,237 Dovercourt Rd,E,M6J,Apartment,10,Spadina-Fort York
4335495,STR-2405-GKKKVS,80 Burton Rd,,M5P,Single/Semi-detached House,12,Toronto-St. Paul's
4335496,STR-2405-GSRKVT,244 Wilmington Ave,1,M3H,Duplex/Triplex/Fourplex,6,York Centre
4335497,STR-2405-HYRKVY,590 Indian Grove,,M6P,Townhouse/ Row House,4,Parkdale-High Park
4335498,STR-2405-FMJDVQ,81 O'Connor Dr,,M4K,Single/Semi-detached House,14,Toronto-Danforth
4335499,STR-2405-FVQDVR,238 Lauder Ave,,M6E,Single/Semi-detached House,9,Davenport
4335500,STR-2405-GCWDVS,33 Salem Ave,laneway suite,M6H,Single/Semi-detached House,9,Davenport
4335501,STR-2405-GTJDVV,21 Evans Ave,5,M8Z,Apartment,3,Etobicoke-Lakeshore
4335502,STR-2405-HBQDVW,227 Concord Ave,,M6H,Single/Semi-detached House,9,Davenport
4335503,STR-2405-HJWDVX,215 Fort York Blvd,1608,M5V,Condominium,10,Spadina-Fort York
4335504,STR-2405-HZJDVZ,10 Lewis St,,M4M,Single/Semi-detached House,14,Toronto-Danforth
4335505,STR-2405-FFSRVP,36 Ferris Road,,M4B,Single/Semi-detached House,19,Beaches-East York
4335506,STR-2405-FWFRVR,55 Bremner Blvd,4006,M5J,Condominium,10,Spadina-Fort York
4335507,STR-2405-GDLRVS,134 Hove St,,M3H,Single/Semi-detached House,6,York Centre
4335508,STR-2405-GLSRVT,90 Ling Rd,510,M1E,Condominium,25,Scarborough-Rouge Park
4335509,STR-2405-GTYRVV,2 Eva Rd,PH23,M9C,Condominium,2,Etobicoke Centre
4335510,STR-2405-HCFRVW,1145 Birchmount Rd,,M1P,Single/Semi-detached House,21,Scarborough Centre
4335511,STR-2405-HKLRVX,1195 The Queensway,701,M8Z,Condominium,3,Etobicoke-Lakeshore
4335512,STR-2405-HSSRVY,231 Fort York Blvd,427,M5V,Condominium,10,Spadina-Fort York
4335513,STR-2405-HZYRVZ,8 Allenbury Gdns,,M2J,Single/Semi-detached House,17,Don Valley North
4335514,STR-2405-FPQDVQ,89 Beachview Cres,,M4E,Single/Semi-detached House,19,Beaches-East York
4335515,STR-2405-FWWDVR,76 MacDonald St,,M8V,Single/Semi-detached House,3,Etobicoke-Lakeshore
4335516,STR-2405-GMJDVT,28 Kingsmount Park Rd,,M4L,Single/Semi-detached House,19,Beaches-East York
4335517,STR-2405-GVQDVV,160 Old Yonge St,,M2P,Single/Semi-detached House,15,Don Valley West
4335518,STR-2405-HCWDVW,210 Victoria St,2904,M5B,Condominium,13,Toronto Centre
4335519,STR-2405-JBQDVZ,276 Queen St W,301,M5V,Apartment,10,Spadina-Fort York
4335520,STR-2405-FGYRVP,101 Peter St,1205,M5V,Condominium,10,Spadina-Fort York
4335521,STR-2405-FXLRVR,34 Guiness Ave,,M9W,Single/Semi-detached House,1,Etobicoke North
4335522,STR-2405-HDLRVW,252B Finch Ave E,,M2N,Townhouse/ Row House,18,Willowdale
4335523,STR-2405-JCFRVZ,39 Queens Quay  E,536,M5E,Condominium,10,Spadina-Fort York
4335524,STR-2405-GWWDVV,105 George St,1212,M5A,Condominium,13,Toronto Centre
4335525,STR-2405-HFCDVW,77 Salem Ave,1,M6H,Single/Semi-detached House,9,Davenport
4335526,STR-2405-HMJDVX,71 Laburnham Ave,,M8W,Single/Semi-detached House,3,Etobicoke-Lakeshore
4335527,STR-2405-GGYRVS,295 McKee Ave,,M2N,Single/Semi-detached House,18,Willowdale
4335528,STR-2405-GQFRVT,4 Larkin Ave,,M6S,Single/Semi-detached House,4,Parkdale-High Park
4335529,STR-2405-GXLRVV,18 Yonge St,2906,M5E,Condominium,10,Spadina-Fort York
4335530,STR-2405-HWFRVY,29 Hillsboro Ave,,M5R,Single/Semi-detached House,11,University-Rosedale
4335531,STR-2405-FJWDVP,219 Fort York Blvd,517,M5V,Condominium,10,Spadina-Fort York
4335532,STR-2407-GSVFBV,1042 Dovercourt Rd,,M6H,Single/Semi-detached House,9,Davenport
4335533,STR-2405-FZJDVR,1102 Pape Ave,,M4K,Single/Semi-detached House,14,Toronto-Danforth
4335534,STR-2405-GQWDVT,19 Pendeen Ave,,M6N,Single/Semi-detached House,5,York South-Weston
4335535,STR-2405-GYCDVV,215 Ennerdale Rd,,M6E,Single/Semi-detached House,9,Davenport
4335536,STR-2405-HGJDVW,98 Lillian St,420,M4S,Condominium,12,Toronto-St. Paul's
4335537,STR-2405-HPQDVX,219 Fort York Blvd,2804,M5V,Condominium,10,Spadina-Fort York
4335538,STR-2405-HWWDVY,21 Iceboat Ter,4206,M5V,Condominium,10,Spadina-Fort York
4335539,STR-2405-FSSRVQ,2 Valleyanna Dr,,M4N,Single/Semi-detached House,15,Don Valley West
4335540,STR-2405-FZYRVR,300 Front St W,4210,M5V,Condominium,10,Spadina-Fort York
4335541,STR-2405-GYSRVV,9 Redland Cres E,,M1M,Single/Semi-detached House,20,Scarborough Southwest
4335542,STR-2405-HGYRVW,87 Risebrough Ave,,M2M,Single/Semi-detached House,18,Willowdale
4335543,STR-2405-HQFRVX,18 Graylee Ave,,M1J,Single/Semi-detached House,21,Scarborough Centre
4335544,STR-2405-JFSRVZ,36 Zorra St,425,M8Z,Condominium,3,Etobicoke-Lakeshore
4335545,STR-2405-FTJDVQ,21 Iceboat Ter,2805,M5V,Condominium,10,Spadina-Fort York
4335546,STR-2405-GBQDVR,177 North Carson St,,M8W,Single/Semi-detached House,3,Etobicoke-Lakeshore
4335547,STR-2405-GJWDVS,79 Thorncliffe Park Dr,312,M4H,Apartment,15,Don Valley West
4335548,STR-2405-GSCDVT,151 Dan Leckie Way,1006,M5V,Condominium,10,Spadina-Fort York
4335549,STR-2405-GZJDVV,36 Zorra St,529,M8Z,Condominium,3,Etobicoke-Lakeshore
4335550,STR-2405-HHQDVW,8 Widmer St,1811,M5V,Condominium,10,Spadina-Fort York
4335551,STR-2405-HQWDVX,167 Church St,514,M5B,Apartment,13,Toronto Centre
4335552,STR-2405-FTYRVQ,99 Broadway Ave,3503,M4P,Condominium,12,Toronto-St. Paul's
4335553,STR-2405-GSSRVT,1088 Dufferin St,,M6H,Single/Semi-detached House,9,Davenport
4335554,STR-2405-GZYRVV,245 Torbarrie Rd,,M3L,Townhouse/ Row House,7,Humber River-Black Creek
4335555,STR-2405-HYSRVY,210 Victoria St,2407,M5B,Condominium,13,Toronto Centre
4335556,STR-2405-JGYRVZ,151 Dan Leckie Way,1208,M5V,Condominium,10,Spadina-Fort York
4335557,STR-2405-FFDKVP,151 Dan Leckie Way,308,M5V,Condominium,10,Spadina-Fort York
4335558,STR-2406-FMKKVQ,266 Symington Ave,,M6P,Single/Semi-detached House,9,Davenport
4335559,STR-2406-GLDKVT,300 Front St W,2102,M5V,Condominium,10,Spadina-Fort York
4335560,STR-2406-HBRKVW,300 Front St W,1712,M5V,Condominium,10,Spadina-Fort York
4335561,STR-2406-HJXKVX,251 Jarvis St,312,M5B,Condominium,13,Toronto Centre
4335562,STR-2406-HSDKVY,36 Linwood Ave,,M1S,Single/Semi-detached House,22,Scarborough-Agincourt
4335563,STR-2406-FWGXVR,135 Lower Sherbourne St,570,M5A,Apartment,13,Toronto Centre
4335564,STR-2406-GTZXVV,3 Aldwych Ave,,M4J,Single/Semi-detached House,14,Toronto-Danforth
4335565,STR-2406-HKMXVX,8 Wellesley St E,302,M4Y,Condominium,13,Toronto Centre
4335566,STR-2406-FGKKVP,104 Tanjoe Cres,,M2M,Single/Semi-detached House,18,Willowdale
4335567,STR-2406-FPRKVQ,39 Dunkirk Rd,Laneway,M4C,Single/Semi-detached House,19,Beaches-East York
4335568,STR-2406-FWXKVR,21 Iceboat Ter,3708,M5V,Condominium,10,Spadina-Fort York
4335569,STR-2406-GFDKVS,10 Capreol Crt,1108,M5V,Condominium,10,Spadina-Fort York
4335570,STR-2406-GMKKVT,101 Peter St,1001,M5V,Condominium,10,Spadina-Fort York
4335571,STR-2406-GVRKVV,477 Richmond St W,502,M5V,Condominium,10,Spadina-Fort York
4335572,STR-2406-HLDKVX,1139 College St,210,M6H,Apartment,9,Davenport
4335573,STR-2406-HTKKVY,130 Ewart Ave,B,M6M,Duplex/Triplex/Fourplex,5,York South-Weston
4335574,STR-2406-JBRKVZ,12 Winnett Ave,,M6C,Single/Semi-detached House,12,Toronto-St. Paul's
4335575,STR-2406-FGZXVP,491 Cosburn Ave,,M4J,Single/Semi-detached House,14,Toronto-Danforth
4335576,STR-2406-HDMXVW,339 Highfield Rd,,M4L,Single/Semi-detached House,14,Toronto-Danforth
4335577,STR-2406-HLTXVX,14 York St,6511,M5J,Condominium,10,Spadina-Fort York
4335578,STR-2406-FHRKVP,110 McNicoll Ave,,M2H,Single/Semi-detached House,17,Don Valley North
4335579,STR-2406-FYDKVR,215 Fort York Blvd,1303,M5V,Condominium,10,Spadina-Fort York
4335580,STR-2406-GGKKVS,981 Old Cummer Ave,,M2H,Single/Semi-detached House,17,Don Valley North
4335581,STR-2406-GWXKVV,6 Dearham Wood,,M1E,Single/Semi-detached House,24,Scarborough-Guildwood
4335582,STR-2406-JCXKVZ,120 Homewood Ave,522,M4Y,Condominium,13,Toronto Centre
4335583,STR-2406-FJGXVP,357 Rusholme Rd,509,M6H,Apartment,9,Davenport
4335584,STR-2406-FRMXVQ,2800 Keele St,327,M3M,Condominium,6,York Centre
4335585,STR-2406-GQGXVT,115 Kingsway Cres,,M8X,Single/Semi-detached House,3,Etobicoke-Lakeshore
4335586,STR-2406-GXMXVV,78 Crawford St,,M6J,Single/Semi-detached House,10,Spadina-Fort York
4335587,STR-2406-HFTXVW,135 Village Green Sq,721,M1S,Condominium,22,Scarborough-Agincourt
4335588,STR-2406-HMZXVX,2531 Lake Shore Blvd W,515,M8V,Apartment,3,Etobicoke-Lakeshore
4335589,STR-2406-HWGXVY,300 Front St W,3601,M5V,Condominium,10,Spadina-Fort York
4335590,STR-2406-FJXKVP,11 D'Arcy St,,M5T,Single/Semi-detached House,11,University-Rosedale
4335591,STR-2406-FSDKVQ,68 Shuter St,609,M5B,Condominium,13,Toronto Centre
4335592,STR-2406-GHRKVS,101 Peter St,806,M5V,Condominium,10,Spadina-Fort York
4335593,STR-2406-GYDKVV,101 Peter St,1507,M5V,Condominium,10,Spadina-Fort York
4335594,STR-2411-FLWSBQ,42 Arnold Ave,,M5A,Single/Semi-detached House,13,Toronto Centre
4335595,STR-2406-HGKKVW,209 Fort York Blvd,1364,M5V,Condominium,10,Spadina-Fort York
4335596,STR-2406-FKMXVP,134 Helendale Ave,,M4R,Single/Semi-detached House,8,Eglinton-Lawrence
4335597,STR-2406-FZZXVR,263 Bellamy Rd N,,M1J,Single/Semi-detached House,24,Scarborough-Guildwood
4335598,STR-2406-GJGXVS,21 Iceboat Ter,2701,M5V,Condominium,10,Spadina-Fort York
4335599,STR-2406-GRMXVT,490 Runnymede Rd,,M6S,Single/Semi-detached House,4,Parkdale-High Park
4335600,STR-2406-GYTXVV,14 York St,5410,M5J,Condominium,10,Spadina-Fort York
4335601,STR-2406-HQGXVX,69 Phillip Ave,,M1N,Single/Semi-detached House,20,Scarborough Southwest
4335602,STR-2406-JFTXVZ,300 Front St W,3603,M5V,Condominium,10,Spadina-Fort York
4335603,STR-2406-FLDKVP,570 Ontario St,,M4X,Townhouse/ Row House,13,Toronto Centre
4335604,STR-2406-GZKKVV,130 Springhurst Ave,Lower,M6K,Duplex/Triplex/Fourplex,4,Parkdale-High Park
4335605,STR-2406-FLTXVP,89 Dunfield Ave,3601,M4S,Condominium,12,Toronto-St. Paul's
4335606,STR-2406-FTZXVQ,15 Kinnie Crt,,M3N,Single/Semi-detached House,7,Humber River-Black Creek
4335607,STR-2406-GKMXVS,197 Vine Ave,,M6P,Single/Semi-detached House,4,Parkdale-High Park
4335608,STR-2406-GSTXVT,51 Colgate Ave,,M4M,Single/Semi-detached House,14,Toronto-Danforth
4335609,STR-2406-GZZXVV,2300 St Clair Ave W,723,M6N,Condominium,5,York South-Weston
4335610,STR-2406-HJGXVW,31 Prospect St,,M4X,Single/Semi-detached House,13,Toronto Centre
4335611,STR-2406-FDPBPP,30 Gibbs Rd,1002,M9B,Condominium,2,Etobicoke Centre
4335612,STR-2406-FPBBPQ,188 Cumberland St,2104,M5R,Condominium,11,University-Rosedale
4335613,STR-2406-FLVBPQ,543 Richmond St W,1006,M5V,Condominium,10,Spadina-Fort York
4335614,STR-2406-FVBBPR,210 Victoria St,4104,M5B,Condominium,13,Toronto Centre
4335615,STR-2406-GKPBPT,32 Laurel Ave,,M9B,Single/Semi-detached House,2,Etobicoke Centre
4335616,STR-2406-GSVBPV,798 Richmond St W,640,M6J,Apartment,10,Spadina-Fort York
4335617,STR-2406-HBBBPW,250 Lawrence Ave W,606,M5M,Condominium,8,Eglinton-Lawrence
4335618,STR-2406-HJHBPX,65 Bremner Blvd,1305,M5J,Condominium,10,Spadina-Fort York
4335619,STR-2406-HYVBPZ,14 York St,6512,M5J,Condominium,10,Spadina-Fort York
4335620,STR-2406-FFDPPP,39 Astor Ave,,M4G,Single/Semi-detached House,15,Don Valley West
4335621,STR-2406-FVRPPR,181 Wynford Dr,708,M3C,Condominium,16,Don Valley East
4335622,STR-2406-GCXPPS,1055 Bay St,404,M5S,Condominium,13,Toronto Centre
4335623,STR-2406-GLDPPT,30 Shore Breeze Dr,328,M8V,Condominium,3,Etobicoke-Lakeshore
4335624,STR-2406-HBRPPW,118 Shuter St,Unit A,M5A,Townhouse/ Row House,13,Toronto Centre
4335625,STR-2406-HJXPPX,23 Cardiff Rd,,M4P,Single/Semi-detached House,15,Don Valley West
4335626,STR-2406-HZKPPZ,29 Tyndall Ave,,M6K,Single/Semi-detached House,4,Parkdale-High Park
4335627,STR-2406-FFVBPP,188 Cumberland St,1706,M5R,Condominium,11,University-Rosedale
4335628,STR-2406-GLVBPT,300 Front St W,1314,M5V,Condominium,10,Spadina-Fort York
4335629,STR-2406-HCHBPW,81 Oak Park Ave,,M4C,Single/Semi-detached House,19,Beaches-East York
4335630,STR-2406-HKPBPX,16 Stong Crt,,M3N,Single/Semi-detached House,7,Humber River-Black Creek
4335631,STR-2406-FPRPPQ,23 Blackburn St,,M4M,Townhouse/ Row House,14,Toronto-Danforth
4335632,STR-2406-GMKPPT,163 Gracedale Blvd,,M9L,Single/Semi-detached House,7,Humber River-Black Creek
4335633,STR-2406-HCXPPW,500 Sherbourne St,2102,M4X,Condominium,13,Toronto Centre
4335634,STR-2406-JBRPPZ,136 Armstrong Ave,,M6H,Single/Semi-detached House,9,Davenport
4335635,STR-2406-FQHBPQ,12 York St,5503,M5J,Condominium,10,Spadina-Fort York
4335636,STR-2406-FXPBPR,180 Lippincott St,,M5S,Single/Semi-detached House,11,University-Rosedale
4335637,STR-2406-GWHBPV,38 Concord Ave,,M6H,Duplex/Triplex/Fourplex,9,Davenport
4335638,STR-2406-HDPBPW,76 Westminster Ave,,M6R,Single/Semi-detached House,4,Parkdale-High Park
4335639,STR-2406-HLVBPX,55 Bremner Blvd,1103,M5J,Condominium,10,Spadina-Fort York
4335640,STR-2406-JCHBPZ,859 The Queensway,605,M8Z,Condominium,3,Etobicoke-Lakeshore
4335641,STR-2406-FHRPPP,59 Gwynne Ave,Rear,M6K,Apartment,4,Parkdale-High Park
4335642,STR-2406-FYDPPR,1 Dewitt Rd,,M9B,Single/Semi-detached House,2,Etobicoke Centre
4335643,STR-2406-GGKPPS,134 West Deane Park Dr,,M9B,Single/Semi-detached House,2,Etobicoke Centre
4335644,STR-2406-GPRPPT,231 Indian Rd,,M6R,Single/Semi-detached House,4,Parkdale-High Park
4335645,STR-2406-GWXPPV,595 Craven Rd,,M4L,Single/Semi-detached House,14,Toronto-Danforth
4335646,STR-2406-HFDPPW,1 Keegan Cres,,M3J,Single/Semi-detached House,7,Humber River-Black Creek
4335647,STR-2406-HMKPPX,1320 Weston Rd,3,M6M,Duplex/Triplex/Fourplex,5,York South-Weston
4335648,STR-2406-HVRPPY,30 Nelson St,1106,M5V,Condominium,10,Spadina-Fort York
4335649,STR-2406-JCXPPZ,155 Yorkville Ave,1517,M5R,Condominium,11,University-Rosedale
4335650,STR-2406-GQHBPT,40 Johnston Ave,,M2N,Single/Semi-detached House,18,Willowdale
4335651,STR-2406-HFVBPW,171 Garden Ave,,M6R,Single/Semi-detached House,4,Parkdale-High Park
4335652,STR-2406-JDPBPZ,138 Eileen Ave,,M6N,Single/Semi-detached House,5,York South-Weston
4335653,STR-2406-FJXPPP,50 Ashbury Ave,,M6E,Single/Semi-detached House,12,Toronto-St. Paul's
4335654,STR-2406-FZKPPR,123 Chester Ave,,M4K,Single/Semi-detached House,14,Toronto-Danforth
4335655,STR-2406-GYDPPV,100 Gloucester St,1101,M4Y,Apartment,13,Toronto Centre
4335656,STR-2406-HGKPPW,222 Elm St,819,M5T,Apartment,11,University-Rosedale
4335657,STR-2406-HPRPPX,353 Marlee Ave,,M6B,Apartment,8,Eglinton-Lawrence
4335658,STR-2406-HWXPPY,85 Pintail Cres,,M3A,Single/Semi-detached House,16,Don Valley East
4335659,STR-2406-GBBBPR,101 Peter St,3703,M5V,Apartment,10,Spadina-Fort York
4335660,STR-2406-GYVBPV,34 Dixington Cres,212,M9P,Apartment,2,Etobicoke Centre
4335661,STR-2406-HHBBPW,21 Kirkdale Cres,,M3B,Single/Semi-detached House,15,Don Valley West
4335662,STR-2406-HQHBPX,735 Don Mills Rd,201,M3C,Condominium,16,Don Valley East
4335663,STR-2406-HXPBPY,2300 St Clair Ave W,913,M6N,Condominium,5,York South-Weston
4335664,STR-2406-JFVBPZ,2300 St Clair Ave W,1009,M6N,Condominium,5,York South-Weston
4335665,STR-2406-FLDPPP,2300 St Clair Ave W,323,M6N,Condominium,5,York South-Weston
4335666,STR-2406-FTKPPQ,2300 St Clair Ave W,725,M6N,Condominium,5,York South-Weston
4335667,STR-2406-GBRPPR,2300 St Clair Ave W,709,M6N,Condominium,5,York South-Weston
4335668,STR-2406-GSDPPT,84 Benson Ave,,M6G,Single/Semi-detached House,12,Toronto-St. Paul's
4335669,STR-2406-GZKPPV,148 Heward Ave,,M4M,Single/Semi-detached House,14,Toronto-Danforth
4335670,STR-2406-HYDPPY,473 Margueretta St,,M6H,Single/Semi-detached House,9,Davenport
4335671,STR-2406-FDQHPP,11 Shangarry Dr,,M1R,Single/Semi-detached House,21,Scarborough Centre
4335672,STR-2406-GCJHPS,16 Legato Crt,,M3B,Single/Semi-detached House,16,Don Valley East
4335673,STR-2406-GKQHPT,21 Iceboat Ter,3503,M5V,Condominium,10,Spadina-Fort York
4335674,STR-2406-GSWHPV,251 Manitoba St,805,M8Y,Condominium,3,Etobicoke-Lakeshore
4335675,STR-2406-HBCHPW,215 Fort York Blvd,1710,M5V,Condominium,10,Spadina-Fort York
4335676,STR-2406-HJJHPX,955 Bay St,3601,M5S,Condominium,13,Toronto Centre
4335677,STR-2406-FFFVPP,196 Audrey Ave,,M1N,Single/Semi-detached House,20,Scarborough Southwest
4335678,STR-2406-FMLVPQ,570 Oakwood Ave,,M6E,Duplex/Triplex/Fourplex,12,Toronto-St. Paul's
4335679,STR-2406-GCYVPS,24 Noble St,310,M6K,Condominium,4,Parkdale-High Park
4335680,STR-2406-GLFVPT,5 Capri Rd,1201,M9B,Apartment,2,Etobicoke Centre
4335681,STR-2406-HBSVPW,208 Queens Quay W,3412,M5J,Condominium,10,Spadina-Fort York
4335682,STR-2406-HSFVPY,20 John St,418,M5V,Condominium,10,Spadina-Fort York
4335683,STR-2406-HZLVPZ,105 George St,1714,M5A,Condominium,13,Toronto Centre
4335684,STR-2406-FFWHPP,101 Peter St,3405,M5V,Condominium,10,Spadina-Fort York
4335685,STR-2406-FWJHPR,120 Homewood Ave,2802,M4Y,Condominium,13,Toronto Centre
4335686,STR-2406-GDQHPS,30 Nelson St,1010,M5V,Condominium,10,Spadina-Fort York
4335687,STR-2406-GLWHPT,23 Eleanor Ave,,M6E,Single/Semi-detached House,12,Toronto-St. Paul's
4335688,STR-2406-GVCHPV,55 Bremner Blvd,2902,M5J,Condominium,10,Spadina-Fort York
4335689,STR-2406-HKQHPX,14 York St,6406,M5J,Condominium,10,Spadina-Fort York
4335690,STR-2406-HSWHPY,20 Monte Kwinter Crt,505,M3H,Apartment,6,York Centre
4335691,STR-2406-JBCHPZ,174 Palmerston Ave,3,M6J,Apartment,11,University-Rosedale
4335692,STR-2406-FPSVPQ,215 Fort York Blvd,206,M5V,Condominium,10,Spadina-Fort York
4335693,STR-2406-FWYVPR,50 Orchid Place Dr,17,M1B,Condominium,23,Scarborough North
4335694,STR-2406-GFFVPS,99 Broadway Ave,2906,M4P,Condominium,12,Toronto-St. Paul's
4335695,STR-2406-GMLVPT,8 Ravenal St,2,M6N,Single/Semi-detached House,5,York South-Weston
4335696,STR-2406-HCYVPW,155 Legion Rd N,1801,M8Y,Condominium,3,Etobicoke-Lakeshore
4335697,STR-2406-HLFVPX,29 North Woodrow Blvd,,M1K,Single/Semi-detached House,20,Scarborough Southwest
4335698,STR-2406-JBSVPZ,787 Euclid Ave,,M6G,Single/Semi-detached House,11,University-Rosedale
4335699,STR-2406-GFWHPS,4 Wheeler Ave,,M4L,Single/Semi-detached House,19,Beaches-East York
4335700,STR-2406-GPCHPT,242 Roselawn Ave,,M4R,Single/Semi-detached House,8,Eglinton-Lawrence
4335701,STR-2406-GWJHPV,88 Cumberland St,2305,M5R,Condominium,11,University-Rosedale
4335702,STR-2406-HDQHPW,12 York St,3210,M5J,Apartment,10,Spadina-Fort York
4335703,STR-2406-HLWHPX,101 Peter St,3501,M5V,Condominium,10,Spadina-Fort York
4335704,STR-2406-HVCHPY,171 Duplex Ave,,M5P,Single/Semi-detached House,12,Toronto-St. Paul's
4335705,STR-2406-JCJHPZ,4448 Bathurst St,,M3H,Townhouse/ Row House,6,York Centre
4335706,STR-2406-FHSVPP,325 Warren Rd,,M5P,Single/Semi-detached House,12,Toronto-St. Paul's
4335707,STR-2406-FQYVPQ,65 Bremner Blvd,3101,M5J,Condominium,10,Spadina-Fort York
4335708,STR-2406-GGLVPS,638 Queen St W,Upper,M6J,Townhouse/ Row House,10,Spadina-Fort York
4335709,STR-2406-GWYVPV,98 Lillian St,2613,M4S,Condominium,12,Toronto-St. Paul's
4335710,STR-2406-HFFVPW,496 Queen St W,2,M5V,Apartment,10,Spadina-Fort York
4335711,STR-2406-JCYVPZ,50 Lynn Williams St,1203,M6K,Condominium,10,Spadina-Fort York
4335712,STR-2406-FRQHPQ,87 Baycrest Ave,,M6A,Single/Semi-detached House,8,Eglinton-Lawrence
4335713,STR-2406-FYWHPR,222 The Esplanade,925,M5A,Condominium,13,Toronto Centre
4335714,STR-2406-GHCHPS,560 Front St W,209,M5V,Condominium,10,Spadina-Fort York
4335715,STR-2407-FMSVPQ,86 Lindsey Ave,,M6H,Single/Semi-detached House,9,Davenport
4335716,STR-2406-GXQHPV,4 Aveline Cres,,M1H,Single/Semi-detached House,24,Scarborough-Guildwood
4335717,STR-2406-HFWHPW,251 Jarvis St,1225,M5B,Condominium,13,Toronto Centre
4335718,STR-2406-HPCHPX,58 Prust Ave,,M4L,Single/Semi-detached House,14,Toronto-Danforth
4335719,STR-2406-HWJHPY,101 Peter St,3111,M5V,Condominium,10,Spadina-Fort York
4335720,STR-2406-JDQHPZ,19 Greenberry Pl,,M1S,Single/Semi-detached House,22,Scarborough-Agincourt
4335721,STR-2406-FJYVPP,163 Portland St,404,M5V,Condominium,10,Spadina-Fort York
4335722,STR-2406-GYFVPV,14 York St,3608,M5J,Condominium,10,Spadina-Fort York
4335723,STR-2406-HGLVPW,394 Euclid Ave,202,M6G,Condominium,11,University-Rosedale
4335724,STR-2406-HPSVPX,151 Silver Birch Ave,,M4E,Single/Semi-detached House,19,Beaches-East York
4335725,STR-2406-HWYVPY,89 Bombay Ave,,M3H,Single/Semi-detached House,6,York Centre
4335726,STR-2406-JFFVPZ,98 Sexton Cres,,M2H,Single/Semi-detached House,17,Don Valley North
4335727,STR-2406-FKQHPP,1129 Dovercourt Rd,1,M6H,Duplex/Triplex/Fourplex,9,Davenport
4335728,STR-2406-GJJHPS,38 Bowood Ave,,M4N,Single/Semi-detached House,15,Don Valley West
4335729,STR-2406-GRQHPT,300 Front St W,3305,M5V,Condominium,10,Spadina-Fort York
4335730,STR-2406-GYWHPV,1222 King St W,2,M6K,Apartment,4,Parkdale-High Park
4335731,STR-2406-HHCHPW,430 Kingston Rd,,M4L,Townhouse/ Row House,19,Beaches-East York
4335732,STR-2406-FLFVPP,18 Symington Ave,1,M6P,Duplex/Triplex/Fourplex,9,Davenport
4335733,STR-2406-GJYVPS,955 Bay St,1101,M5S,Condominium,13,Toronto Centre
4335734,STR-2406-GZLVPV,347 Cleveland St,AP2,M4S,Duplex/Triplex/Fourplex,15,Don Valley West
4335735,STR-2406-HHSVPW,100 Harrison Garden Blvd,1921,M2N,Condominium,18,Willowdale
4335736,STR-2406-HQYVPX,300 Front St W,2304,M5V,Condominium,10,Spadina-Fort York
4335737,STR-2406-FDRPPP,12 York St,5608,M5J,Condominium,10,Spadina-Fort York
4335738,STR-2406-FLXPPQ,47 Glenmore Rd,,M4L,Single/Semi-detached House,19,Beaches-East York
4335739,STR-2406-FVDPPR,98 Lillian St,1117,M4S,Condominium,12,Toronto-St. Paul's
4335740,STR-2406-GCKPPS,19 Rutherford Ave,BSMT,M6M,Single/Semi-detached House,5,York South-Weston
4335741,STR-2406-GKRPPT,12 Tiverton Ave,,M4M,Single/Semi-detached House,14,Toronto-Danforth
4335742,STR-2406-GSXPPV,1 King St W,3203,M5H,Condominium,13,Toronto Centre
4335743,STR-2406-HJKPPX,524 Bathurst St,,M5S,Townhouse/ Row House,11,University-Rosedale
4335744,STR-2406-HRRPPY,25 Heron Park Pl,3,M1E,Townhouse/ Row House,25,Scarborough-Rouge Park
4335745,STR-2406-FFHBPP,96 Wyndcliff Cres,,M4A,Single/Semi-detached House,16,Don Valley East
4335746,STR-2406-FVVBPR,300 Front St W,2313,M5V,Condominium,10,Spadina-Fort York
4335747,STR-2406-GDBBPS,48 Patika Ave,,M9N,Single/Semi-detached House,5,York South-Weston
4335748,STR-2406-GLHBPT,8 Widmer St,3701,M5V,Condominium,10,Spadina-Fort York
4335749,STR-2406-GTPBPV,101 Peter St,3709,M5V,Condominium,10,Spadina-Fort York
4335750,STR-2406-HBVBPW,215 Fort York Blvd,321,M5V,Condominium,10,Spadina-Fort York
4335751,STR-2406-HKBBPX,17 Bruton Rd,,M6N,Single/Semi-detached House,5,York South-Weston
4335752,STR-2406-HSHBPY,14 York St,3407,M5J,Condominium,10,Spadina-Fort York
4335753,STR-2406-FPDPPQ,40 Edgar Ave,,M4W,Single/Semi-detached House,11,University-Rosedale
4335754,STR-2406-GDRPPS,111 McGillivray Ave,,M5M,Single/Semi-detached House,8,Eglinton-Lawrence
4335755,STR-2406-GVDPPV,12 Bonnycastle St,408,M5A,Condominium,10,Spadina-Fort York
4335756,STR-2406-HCKPPW,160 Vanderhoof Ave,703,M4G,Condominium,15,Don Valley West
4335757,STR-2406-HKRPPX,215 Fort York Blvd,1902,M5V,Condominium,10,Spadina-Fort York
4335758,STR-2406-JBDPPZ,101 Peter St,2405,M5V,Condominium,10,Spadina-Fort York
4335759,STR-2406-FGPBPP,3 Everson Dr,515,M2N,Townhouse/ Row House,18,Willowdale
4335760,STR-2406-FPVBPQ,740 Meadowvale Rd,,M1C,Single/Semi-detached House,25,Scarborough-Rouge Park
4335761,STR-2406-GFHBPS,14 York St,4606,M5J,Condominium,10,Spadina-Fort York
4335762,STR-2406-GVVBPV,33 Patrick Blvd,,M2J,Single/Semi-detached House,17,Don Valley North
4335763,STR-2406-HDBBPW,21 Iceboat Ter,3302,M5V,Condominium,10,Spadina-Fort York
4335764,STR-2406-HTPBPY,98 Lillian St,2911,M4S,Condominium,12,Toronto-St. Paul's
4335765,STR-2406-JBVBPZ,998 St Clarens Ave,2,M6H,Duplex/Triplex/Fourplex,9,Davenport
4335766,STR-2406-GFXPPS,252 Victoria St,2108,M5B,Apartment,13,Toronto Centre
4335767,STR-2406-GWKPPV,55 Bishop Ave,,M2M,Single/Semi-detached House,18,Willowdale
4335768,STR-2406-HDRPPW,181 Wynford Dr,802,M3C,Condominium,16,Don Valley East
4335769,STR-2406-HLXPPX,300 Front St W,904,M5V,Condominium,10,Spadina-Fort York
4335770,STR-2406-HVDPPY,68 Harvard Ave,2nd Floor,M6R,Single/Semi-detached House,4,Parkdale-High Park
4335771,STR-2406-FHVBPP,65 Barrhead Cres,,M9W,Single/Semi-detached House,1,Etobicoke North
4335772,STR-2406-GPVBPT,108 George Henry Blvd,38,M2J,Townhouse/ Row House,17,Don Valley North
4335773,STR-2406-GXBBPV,560 Front St W,702,M5V,Condominium,10,Spadina-Fort York
4335774,STR-2406-HVVBPY,15 La Rose Ave,1410,M9P,Condominium,2,Etobicoke Centre
4335775,STR-2406-JDBBPZ,15 Iceboat Ter,2315,M5V,Condominium,10,Spadina-Fort York
4335776,STR-2406-FRRPPQ,219 Douglas Ave,,M5M,Single/Semi-detached House,8,Eglinton-Lawrence
4335777,STR-2406-FYXPPR,87 Peter St,905,M5V,Condominium,10,Spadina-Fort York
4335778,STR-2406-GQKPPT,101 Peter St,901,M5V,Condominium,10,Spadina-Fort York
4335779,STR-2406-HFXPPW,178 Brighton Ave,,M3H,Single/Semi-detached House,6,York Centre
4335780,STR-2406-HPDPPX,160 Vanderhoof Ave,1415,M4G,Condominium,15,Don Valley West
4335781,STR-2406-HWKPPY,300 Front St W,3103,M5V,Condominium,10,Spadina-Fort York
4335782,STR-2406-JDRPPZ,512 Bathurst St,0,M5S,Duplex/Triplex/Fourplex,11,University-Rosedale
4335783,STR-2406-HGPBPW,55 Bremner Blvd,4808,M5J,Condominium,10,Spadina-Fort York
4335784,STR-2406-HXBBPY,1029 King St W,634,M6K,Condominium,10,Spadina-Fort York
4335785,STR-2406-FKRPPP,14 York St,909,M5J,Condominium,10,Spadina-Fort York
4335786,STR-2406-GBDPPR,15 Summerglade Dr,,M1S,Single/Semi-detached House,23,Scarborough North
4335787,STR-2406-GRRPPT,20 Minowan Miikan Lane,610,M6J,Condominium,9,Davenport
4335788,STR-2406-HQKPPX,21 Iceboat Ter,1701,M5V,Condominium,10,Spadina-Fort York
4335789,STR-2406-JFXPPZ,28 Winnifred Ave,,M4M,Single/Semi-detached House,14,Toronto-Danforth
4335790,STR-2406-GBVBPR,430 Brock Ave,,M6H,Single/Semi-detached House,9,Davenport
4335791,STR-2406-GSHBPT,618 Windermere Ave,,M6S,Single/Semi-detached House,4,Parkdale-High Park
4335792,STR-2406-GZPBPV,10 Martha Eaton Way,2005,M6M,Apartment,5,York South-Weston
4335793,STR-2406-HHVBPW,88 Cumberland St,2205,M5R,Condominium,11,University-Rosedale
4335794,STR-2406-HRBBPX,1209 Queen St E,2,M4M,Townhouse/ Row House,14,Toronto-Danforth
4335795,STR-2406-FDSVPP,151 Dan Leckie Way,509,M5V,Condominium,10,Spadina-Fort York
4335796,STR-2406-FVFVPR,10 Haverson Blvd,,M6M,Single/Semi-detached House,5,York South-Weston
4335797,STR-2406-GCLVPS,58 Millersgrove Dr,2,M2R,Single/Semi-detached House,6,York Centre
4335798,STR-2406-GKSVPT,18 Brittany Crt,,M9P,Single/Semi-detached House,2,Etobicoke Centre
4335799,STR-2406-HJLVPX,151 Dan Leckie Way,2207,M5V,Condominium,10,Spadina-Fort York
4335800,STR-2406-HRSVPY,253 Maria St,,M6P,Townhouse/ Row House,4,Parkdale-High Park
4335801,STR-2406-HYYVPZ,2300 St Clair Ave W,814,M6N,Condominium,5,York South-Weston
4335802,STR-2406-FMQHPQ,4 Mayfair Ave,,M5N,Single/Semi-detached House,8,Eglinton-Lawrence
4335803,STR-2406-FVWHPR,10 Capreol Crt,819,M5V,Condominium,10,Spadina-Fort York
4335804,STR-2406-GDCHPS,88 Kingsview Blvd,,M9R,Single/Semi-detached House,1,Etobicoke North
4335805,STR-2406-GLJHPT,242 Aileen Ave,,M6M,Single/Semi-detached House,5,York South-Weston
4335806,STR-2406-GTQHPV,6 Thirty Fifth St,,M8W,Single/Semi-detached House,3,Etobicoke-Lakeshore
4335807,STR-2406-HKCHPX,300 Front St W,3208,M5V,Condominium,10,Spadina-Fort York
4335808,STR-2406-HSJHPY,151 Dan Leckie Way,247,M5V,Condominium,10,Spadina-Fort York
4335809,STR-2406-HZQHPZ,1987 Queen St E,1,M4L,Single/Semi-detached House,19,Beaches-East York
4335810,STR-2406-FPFVPQ,115 Chelwood Rd,,M1K,Single/Semi-detached House,20,Scarborough Southwest
4335811,STR-2406-FWLVPR,56 Westmoreland Ave,,M6H,Single/Semi-detached House,9,Davenport
4335812,STR-2406-GDSVPS,107 Braemar Ave,,M5P,Single/Semi-detached House,12,Toronto-St. Paul's
4335813,STR-2406-HCLVPW,23 Brant St,412,M5V,Condominium,10,Spadina-Fort York
4335814,STR-2406-HSYVPY,15 Iceboat Ter,2801,M5V,Condominium,10,Spadina-Fort York
4335815,STR-2406-GFJHPS,120 Homewood Ave,802,M4Y,Condominium,13,Toronto Centre
4335816,STR-2406-GMQHPT,80 John St,2201,M5V,Condominium,10,Spadina-Fort York
4335817,STR-2406-GVWHPV,73 Wayne Ave,,M1R,Single/Semi-detached House,21,Scarborough Centre
4335818,STR-2406-HLJHPX,55 Bremner Blvd,1505,M5J,Condominium,10,Spadina-Fort York
4335819,STR-2406-HTQHPY,151 Dan Leckie Way,742,M5V,Condominium,10,Spadina-Fort York
4335820,STR-2406-JBWHPZ,11 Hollingworth Dr,,M1P,Single/Semi-detached House,21,Scarborough Centre
4335821,STR-2406-FQLVPQ,251 Jarvis St,2715,M5B,Condominium,13,Toronto Centre
4335822,STR-2406-GFYVPS,42 Grangemill Cres,,M3B,Single/Semi-detached House,15,Don Valley West
4335823,STR-2406-GPFVPT,54 East Liberty St,1013,M6K,Townhouse/ Row House,10,Spadina-Fort York
4335824,STR-2406-HDSVPW,19 Bank St,,M6K,Single/Semi-detached House,9,Davenport
4335825,STR-2406-HLYVPX,14 York St,2311,M5J,Condominium,10,Spadina-Fort York
4335826,STR-2406-HVFVPY,101 Peter St,3309,M5V,Condominium,10,Spadina-Fort York
4335827,STR-2406-JCLVPZ,33 Shore Breeze Dr,2609,M8V,Condominium,3,Etobicoke-Lakeshore
4335828,STR-2406-FHWHPP,300 Front St W,4606,M5V,Condominium,10,Spadina-Fort York
4335829,STR-2406-FYJHPR,30 Lansdowne Ave,205,M6K,Apartment,4,Parkdale-High Park
4335830,STR-2406-GGQHPS,1650 Bathurst St,15,M5P,Apartment,12,Toronto-St. Paul's
4335831,STR-2406-GXCHPV,300 Front St W,2702,M5V,Condominium,10,Spadina-Fort York
4335832,STR-2406-HFJHPW,60 Ryerson Ave,,M5T,Single/Semi-detached House,10,Spadina-Fort York
4335833,STR-2406-FDVBPP,106 Rameau Dr,,M2H,Single/Semi-detached House,17,Don Valley North
4335834,STR-2406-JDCHPZ,188 Cumberland St,1710,M5R,Condominium,11,University-Rosedale
4335835,STR-2406-FJLVPP,3 Innisdale Dr,,M1R,Single/Semi-detached House,21,Scarborough Centre
4335836,STR-2406-FYYVPR,8 Wellesley St E,607,M4Y,Condominium,13,Toronto Centre
4335837,STR-2406-GHFVPS,209 Fort York Blvd,1661,M5V,Condominium,10,Spadina-Fort York
4335838,STR-2406-GQLVPT,155 Yorkville Ave,420,M5R,Condominium,11,University-Rosedale
4335839,STR-2406-GXSVPV,325 Wilfred Ave,,M2N,Single/Semi-detached House,18,Willowdale
4335840,STR-2406-HPFVPX,769A Pape Ave,,M4K,Single/Semi-detached House,14,Toronto-Danforth
4335841,STR-2406-HWLVPY,129 Marion St,2,M6R,Duplex/Triplex/Fourplex,4,Parkdale-High Park
4335842,STR-2406-FKCHPP,1153 Queen St W,210,M6J,Apartment,9,Davenport
4335843,STR-2406-GHWHPS,44 Glengarry Ave,,M5M,Single/Semi-detached House,8,Eglinton-Lawrence
4335844,STR-2406-GRCHPT,252 Victoria St,3709,M5B,Apartment,13,Toronto Centre
4335845,STR-2406-GYJHPV,39 Niagara St,1119,M5V,Apartment,10,Spadina-Fort York
4335846,STR-2406-HPWHPX,300 Front St W,3812,M5V,Condominium,10,Spadina-Fort York
4335847,STR-2406-GJLVPS,88 Sheppard Ave E,10,M2N,Townhouse/ Row House,18,Willowdale
4335848,STR-2406-GRSVPT,40 Wexford Blvd,,M1R,Single/Semi-detached House,21,Scarborough Centre
4335849,STR-2406-GYYVPV,209 Fort York Blvd,771,M5V,Condominium,10,Spadina-Fort York
4335850,STR-2406-HHFVPW,14 York st,2409,M5J,Apartment,10,Spadina-Fort York
4335851,STR-2406-HXSVPY,20 John St,917,M5V,Apartment,10,Spadina-Fort York
4335852,STR-2406-FLJHPP,36 Park Lawn Rd,2707,M8V,Condominium,3,Etobicoke-Lakeshore
4335853,STR-2406-GBWHPR,140 Symington Ave,,M6P,Single/Semi-detached House,9,Davenport
4335854,STR-2406-GKCHPS,300 Front St W,3501,M5V,Condominium,10,Spadina-Fort York
4335855,STR-2406-GSJHPT,32 Codsell Ave,,M3H,Single/Semi-detached House,6,York Centre
4335856,STR-2406-GZQHPV,44 Coldstream Ave,,M5N,Single/Semi-detached House,8,Eglinton-Lawrence
4335857,STR-2406-FMBBPQ,14 York St,5104,M5J,Condominium,10,Spadina-Fort York
4335858,STR-2406-FVHBPR,168 Simcoe St,1007,M5H,Condominium,10,Spadina-Fort York
4335859,STR-2406-GCPBPS,300 Front St W,3510,M5V,Condominium,10,Spadina-Fort York
4335860,STR-2406-HJPBPX,2419 Kennedy Rd,,M1T,Single/Semi-detached House,22,Scarborough-Agincourt
4335861,STR-2406-HRVBPY,825 Craven Rd,,M4L,Single/Semi-detached House,14,Toronto-Danforth
4335862,STR-2406-HZBBPZ,286 Main St,211,M4C,Condominium,19,Beaches-East York
4335863,STR-2406-FMRPPQ,599 Spadina Rd,,M5P,Single/Semi-detached House,12,Toronto-St. Paul's
4335864,STR-2406-GDDPPS,290 Eastwood Rd,,M4L,Single/Semi-detached House,19,Beaches-East York
4335865,STR-2406-GLKPPT,18 Rainsford Rd,,M4L,Single/Semi-detached House,19,Beaches-East York
4335866,STR-2406-GTRPPV,209 Fort York Blvd,775,M5V,Condominium,10,Spadina-Fort York
4335867,STR-2406-HKDPPX,38 Rockland Dr,,M2M,Single/Semi-detached House,17,Don Valley North
4335868,STR-2406-HSKPPY,66 Clapperton Ave,,M1L,Single/Semi-detached House,20,Scarborough Southwest
4335869,STR-2406-HZRPPZ,49 East Liberty St,1008,M6K,Condominium,10,Spadina-Fort York
4335870,STR-2406-FGBBPP,251 Jarvis St,4306,M5B,Condominium,13,Toronto Centre
4335871,STR-2406-FPHBPQ,251 Jarvis St,915,M5B,Condominium,13,Toronto Centre
4335872,STR-2406-FWPBPR,50 Bruyeres Mews,309,M5V,Condominium,10,Spadina-Fort York
4335873,STR-2406-GDVBPS,1440 Military Trl,,M1C,Single/Semi-detached House,25,Scarborough-Rouge Park
4335874,STR-2406-HCPBPW,30 Edith Dr,202,M4R,Apartment,8,Eglinton-Lawrence
4335875,STR-2406-HTBBPY,231 Fort York Blvd,421,M5V,Condominium,10,Spadina-Fort York
4335876,STR-2406-JBHBPZ,141 Hope St,,M6E,Single/Semi-detached House,9,Davenport
4335877,STR-2406-FPXPPQ,300 Front St W,3407,M5V,Condominium,10,Spadina-Fort York
4335878,STR-2406-GMRPPT,3 Alpine Ave,,M6P,Single/Semi-detached House,9,Davenport
4335879,STR-2406-HDDPPW,30 Nelson St,1508,M5V,Condominium,10,Spadina-Fort York
4335880,STR-2407-FHHBPP,101 Peter St,3801,M5V,Condominium,10,Spadina-Fort York
4335881,STR-2407-FQPBPQ,28 Linden St,101,M4Y,Condominium,13,Toronto Centre
4335882,STR-2407-FXVBPR,150 Broadview Ave,20,M4M,Townhouse/ Row House,14,Toronto-Danforth
4335883,STR-2407-GPHBPT,100 Wellesley St E,902,M4Y,Apartment,13,Toronto Centre
4335884,STR-2407-GWPBPV,10 Combermere Dr,,M3A,Single/Semi-detached House,16,Don Valley East
4335885,STR-2407-HVHBPY,1A Bansley Ave,304,M6E,Apartment,12,Toronto-St. Paul's
4335886,STR-2407-FHXPPP,64 Bellevue Ave,,M5T,Townhouse/ Row House,11,University-Rosedale
4335887,STR-2407-FRDPPQ,700 King St W,517,M5V,Condominium,10,Spadina-Fort York
4335888,STR-2407-GPXPPT,543 Richmond St W,1229,M5V,Condominium,10,Spadina-Fort York
4335889,STR-2407-GXDPPV,628 Rexdale Blvd,3,M9W,Townhouse/ Row House,1,Etobicoke North
4335890,STR-2407-HVXPPY,192 Willow Ave,,M4E,Single/Semi-detached House,19,Beaches-East York
4335891,STR-2407-JDDPPZ,136 Avenue Rd,Unit A,M5R,Single/Semi-detached House,11,University-Rosedale
4335892,STR-2407-FJPBPP,55 Stewart St,824,M5V,Condominium,10,Spadina-Fort York
4335893,STR-2407-FRVBPQ,30 Allview Cres,,M2J,Single/Semi-detached House,17,Don Valley North
4335894,STR-2407-FZBBPR,76 King Edward Ave,,M4C,Single/Semi-detached House,19,Beaches-East York
4335895,STR-2407-GHHBPS,189 Hallmark Ave,,M8W,Single/Semi-detached House,3,Etobicoke-Lakeshore
4335896,STR-2407-GQPBPT,21 Alcan Ave,,M8W,Single/Semi-detached House,3,Etobicoke-Lakeshore
4335897,STR-2407-JDVBPZ,550 Jarvis St,814,M4Y,Apartment,13,Toronto Centre
4335898,STR-2407-FKDPPP,1439 Dundas St E,A,M4M,Duplex/Triplex/Fourplex,14,Toronto-Danforth
4335899,STR-2407-FZRPPR,688B Midland Ave,,M1K,Single/Semi-detached House,20,Scarborough Southwest
4335900,STR-2407-GHXPPS,87 Peter St,2712,M5V,Condominium,10,Spadina-Fort York
4335901,STR-2407-GRDPPT,255 Birkdale Rd,,M1P,Single/Semi-detached House,21,Scarborough Centre
4335902,STR-2407-HXDPPY,155 Yorkville Ave,407,M5R,Condominium,11,University-Rosedale
4335903,STR-2407-JFKPPZ,3 Violet Ave,,M4E,Single/Semi-detached House,19,Beaches-East York
4335904,STR-2407-FKVBPP,21 Iceboat Ter,2301,M5V,Condominium,10,Spadina-Fort York
4335905,STR-2407-FTBBPQ,41 Lawnside Dr,,M6L,Single/Semi-detached House,5,York South-Weston
4335906,STR-2407-GBHBPR,97 Westbourne Ave,,M1L,Duplex/Triplex/Fourplex,20,Scarborough Southwest
4335907,STR-2407-GJPBPS,310 Tweedsmuir Ave,508,M5P,Apartment,12,Toronto-St. Paul's
4335908,STR-2407-GRVBPT,100 Booth Ave,,M4M,Townhouse/ Row House,14,Toronto-Danforth
4335909,STR-2407-JGBBPZ,8 Edgewood Cres,,M4W,Single/Semi-detached House,11,University-Rosedale
4335910,STR-2407-FLKPPP,797 Don Mills Rd,1506,M3C,Condominium,16,Don Valley East
4335911,STR-2407-FTRPPQ,188 Cumberland St,1502,M5R,Condominium,11,University-Rosedale
4335912,STR-2407-GBXPPR,14 York St,408,M5J,Condominium,10,Spadina-Fort York
4335913,STR-2407-GSKPPT,73 Richmond St W,309,M5H,Apartment,10,Spadina-Fort York
4335914,STR-2407-GZRPPV,36 Park Lawn Rd,3909,M8V,Condominium,3,Etobicoke-Lakeshore
4335915,STR-2407-HRDPPX,251 Jarvis St,309,M5B,Condominium,13,Toronto Centre
4335916,STR-2407-FDWHPP,219 Fort York Blvd,1603,M5V,Condominium,10,Spadina-Fort York
4335917,STR-2407-FMCHPQ,10 Capreol Crt,347,M5V,Condominium,10,Spadina-Fort York
4335918,STR-2407-FVJHPR,300 Front St W,203,M5V,Condominium,10,Spadina-Fort York
4335919,STR-2407-GCQHPS,179 Humewood Dr,,M6C,Single/Semi-detached House,12,Toronto-St. Paul's
4335920,STR-2407-GTCHPV,5 Hanna Ave,544,M6K,Condominium,10,Spadina-Fort York
4335921,STR-2407-HBJHPW,185 Roehampton Ave,1204,M4P,Condominium,12,Toronto-St. Paul's
4335922,STR-2407-FFLVPP,921 Palmerston Ave,,M6G,Single/Semi-detached House,11,University-Rosedale
4335923,STR-2407-GDFVPS,167 Sellers Ave,,M6E,Single/Semi-detached House,9,Davenport
4335924,STR-2407-GLLVPT,101 Peter St,1709,M5V,Condominium,10,Spadina-Fort York
4335925,STR-2407-HKFVPX,70 Athabaska Ave,,M2M,Single/Semi-detached House,18,Willowdale
4335926,STR-2407-HZSVPZ,422 Lake Shore Blvd W,G03,M5V,Condominium,10,Spadina-Fort York
4335927,STR-2407-FGCHPP,4208 Dundas St W,412,M8X,Condominium,2,Etobicoke Centre
4335928,STR-2407-FPJHPQ,2720 Dundas St W,801,M6P,Condominium,4,Parkdale-High Park
4335929,STR-2407-GDWHPS,210 Victoria St,2010,M5B,Condominium,13,Toronto Centre
4335930,STR-2407-GMCHPT,21 Carlton St,3308,M5B,Condominium,13,Toronto Centre
4335931,STR-2407-HCQHPW,87 Peter St,4101,M5V,Condominium,10,Spadina-Fort York
4335932,STR-2407-HTCHPY,923 Royal York Rd,,M8Y,Single/Semi-detached House,3,Etobicoke-Lakeshore
4335933,STR-2407-FGSVPP,35 Balmuto St,1707,M4Y,Condominium,11,University-Rosedale
4335934,STR-2407-FXFVPR,57 Haviland Dr,,M1C,Single/Semi-detached House,25,Scarborough-Rouge Park
4335935,STR-2407-GFLVPS,10 Park Lawn Rd,705,M8V,Condominium,3,Etobicoke-Lakeshore
4335936,STR-2407-GVYVPV,26 Rowley Ave,,M4P,Townhouse/ Row House,15,Don Valley West
4335937,STR-2407-FQQHPQ,19 Shipman St,,M6P,Single/Semi-detached House,4,Parkdale-High Park
4335938,STR-2407-GPJHPT,15 Iceboat Ter,3316,M5V,Condominium,10,Spadina-Fort York
4335939,STR-2407-HDWHPW,6 Grittani Lane,,M1S,Single/Semi-detached House,23,Scarborough North
4335940,STR-2407-HMCHPX,10 Lochinvar Cres,,M3A,Single/Semi-detached House,16,Don Valley East
4335941,STR-2407-HVJHPY,120 Homewood Ave,903,M4Y,Condominium,13,Toronto Centre
4335942,STR-2407-JCQHPZ,639 Lawrence Ave W,105,M6A,Townhouse/ Row House,8,Eglinton-Lawrence
4335943,STR-2407-FRFVPQ,12 York St,4903,M5J,Condominium,10,Spadina-Fort York
4335944,STR-2407-FYLVPR,3 Rondeau Dr,,M2H,Single/Semi-detached House,17,Don Valley North
4335945,STR-2407-GXFVPV,101 Peter St,2803,M5V,Condominium,10,Spadina-Fort York
4335946,STR-2407-JDFVPZ,60 Colborne St,504,M5E,Condominium,13,Toronto Centre
4335947,STR-2407-FRWHPQ,1 Crescentwood Rd,,M1N,Single/Semi-detached House,20,Scarborough Southwest
4335948,STR-2407-GQQHPT,118 Fifth St,,M8V,Duplex/Triplex/Fourplex,3,Etobicoke-Lakeshore
4335949,STR-2407-HGCHPW,165 Legion Rd N,2331,M8Y,Condominium,3,Etobicoke-Lakeshore
4335950,STR-2407-HWQHPY,201 Carlaw Ave,L6,M4M,Condominium,14,Toronto-Danforth
4335951,STR-2407-FSLVPQ,955 Bay St,316,M5S,Condominium,13,Toronto Centre
4335952,STR-2407-GHYVPS,740 Kennedy Rd,3,M1K,Townhouse/ Row House,20,Scarborough Southwest
4335953,STR-2407-JFLVPZ,87 Peter St,3316,M5V,Condominium,10,Spadina-Fort York
4335954,STR-2407-FTCHPQ,88 Cumberland St,1108,M5R,Condominium,11,University-Rosedale
4335955,STR-2407-GRWHPT,1553 Bloor St W,1,M6P,Apartment,4,Parkdale-High Park
4335956,STR-2407-GZCHPV,1030 King St W,1044,M6K,Condominium,10,Spadina-Fort York
4335957,STR-2407-JGCHPZ,231 Fort York Blvd,431,M5V,Condominium,10,Spadina-Fort York
4335958,STR-2407-FLLVPP,43 Dunsfold Dr,,M1B,Single/Semi-detached House,23,Scarborough North
4335959,STR-2407-GBYVPR,21 Iceboat Ter,4912,M5V,Condominium,10,Spadina-Fort York
4335960,STR-2407-GKFVPS,5 Saywell Ave,,M3J,Single/Semi-detached House,7,Humber River-Black Creek
4335961,STR-2407-GZSVPV,215 Fort York Blvd,2311,M5V,Condominium,10,Spadina-Fort York
4335962,STR-2407-HRFVPX,19 Grand Trunk Cres,1715,M5J,Condominium,10,Spadina-Fort York
4335963,STR-2407-FDXPPP,46 Festival Dr,,M2R,Single/Semi-detached House,6,York Centre
4335964,STR-2407-FMDPPQ,33 Vanguard Dr,,M9B,Single/Semi-detached House,2,Etobicoke Centre
4335965,STR-2407-FVKPPR,15 Iceboat Ter,1705,M5V,Condominium,10,Spadina-Fort York
4335966,STR-2407-GCRPPS,589 Rhodes Ave,,M4J,Duplex/Triplex/Fourplex,14,Toronto-Danforth
4335967,STR-2407-GTDPPV,33 Empress Ave,2315,M2N,Condominium,18,Willowdale
4335968,STR-2407-HBKPPW,4689 Jane St,302,M3N,Condominium,7,Humber River-Black Creek
4335969,STR-2407-HRXPPY,10 Drummond St,506,M8V,Townhouse/ Row House,3,Etobicoke-Lakeshore
4335970,STR-2407-HZDPPZ,298 Highfield Rd,,M4L,Single/Semi-detached House,14,Toronto-Danforth
4335971,STR-2407-FFPBPP,568 Caledonia Rd,,M6E,Single/Semi-detached House,9,Davenport
4335972,STR-2407-FMVBPQ,105 Catalina Dr,,M1M,Single/Semi-detached House,24,Scarborough-Guildwood
4335973,STR-2407-FWBBPR,341 Cosburn Ave,,M4J,Single/Semi-detached House,14,Toronto-Danforth
4335974,STR-2407-GDHBPS,36 Thorndale Ave,,M8X,Single/Semi-detached House,3,Etobicoke-Lakeshore
4335975,STR-2407-GLPBPT,1230 Bloor St W,2,M6H,Apartment,9,Davenport
4335976,STR-2407-HCBBPW,101 Russell Hill Rd,,M4V,Single/Semi-detached House,12,Toronto-St. Paul's
4335977,STR-2407-HKHBPX,3 Mansion Ave,,M1L,Single/Semi-detached House,20,Scarborough Southwest
4335978,STR-2407-FGDPPP,151 Dan Leckie Way,606,M5V,Condominium,10,Spadina-Fort York
4335979,STR-2407-FPKPPQ,1525 Pharmacy Ave,,M1R,Single/Semi-detached House,21,Scarborough Centre
4335980,STR-2407-FWRPPR,251 Jarvis St,615,M5B,Condominium,13,Toronto Centre
4335981,STR-2407-GDXPPS,955 Bay St,802,M5S,Condominium,13,Toronto Centre
4335982,STR-2407-HKXPPX,320 Glen Park Ave,,M6B,Single/Semi-detached House,8,Eglinton-Lawrence
4335983,STR-2407-JBKPPZ,215 Monarch Park Ave,,M4J,Single/Semi-detached House,14,Toronto-Danforth
4335984,STR-2407-FGVBPP,2 Eva Rd,1130,M9C,Condominium,2,Etobicoke Centre
4335985,STR-2407-GMVBPT,296 Borden St,,M5S,Single/Semi-detached House,11,University-Rosedale
4335986,STR-2407-HDHBPW,477 Richmond St W,808,M5V,Condominium,10,Spadina-Fort York
4335987,STR-2407-HTVBPY,1A Ardell Ave,,M1L,Single/Semi-detached House,20,Scarborough Southwest
4335988,STR-2407-JCBBPZ,60 Summerside Cres,,M2H,Single/Semi-detached House,17,Don Valley North
4335989,STR-2407-FHKPPP,30 Muriel Ave,,M4J,Single/Semi-detached House,14,Toronto-Danforth
4335990,STR-2407-FQRPPQ,99 John St,1001,M5V,Condominium,10,Spadina-Fort York
4335991,STR-2407-GGDPPS,245 Carlaw Ave,305,M4M,Condominium,14,Toronto-Danforth
4335992,STR-2407-GPKPPT,300 Front St W,3514,M5V,Condominium,10,Spadina-Fort York
4335993,STR-2407-HMDPPX,14 York St,4409,M5J,Condominium,10,Spadina-Fort York
4335994,STR-2407-JCRPPZ,128 Shawnee Crcl,,M2H,Townhouse/ Row House,17,Don Valley North
4335995,STR-2407-FJBBPP,9 Thirtieth St,3,M8W,Townhouse/ Row House,3,Etobicoke-Lakeshore
4335996,STR-2407-FYPBPR,105 George St,1608,M5A,Condominium,13,Toronto Centre
4335997,STR-2407-GQBBPT,560 Front St W,1130,M5V,Condominium,10,Spadina-Fort York
4335998,STR-2407-HFPBPW,200 Sudbury St,201,M6J,Condominium,9,Davenport
4335999,STR-2407-HMVBPX,67 Scott Rd,,M6M,Single/Semi-detached House,5,York South-Weston
4336000,STR-2407-HWBBPY,67 Banff Rd,,M4S,Single/Semi-detached House,15,Don Valley West
4336001,STR-2407-FRXPPQ,65 Bremner Blvd,1111,M5J,Condominium,10,Spadina-Fort York
4336002,STR-2407-GHKPPS,2 Eva Rd,1028,M9C,Condominium,2,Etobicoke Centre
4336003,STR-2407-GQRPPT,20 Wade Ave,401,M6H,Condominium,9,Davenport
4336004,STR-2407-GXXPPV,28 Glenora Ave,,M6C,Single/Semi-detached House,12,Toronto-St. Paul's
4336005,STR-2407-FKLVPP,213 Osler St,B,M6N,Townhouse/ Row House,9,Davenport
4336006,STR-2407-FSPBPQ,300 Front St W,4209,M5V,Condominium,10,Spadina-Fort York
4336007,STR-2407-GJBBPS,21 Victor Ave,,M8V,Single/Semi-detached House,3,Etobicoke-Lakeshore
4336008,STR-2407-GRHBPT,58 Garnier Crt,,M2M,Single/Semi-detached House,17,Don Valley North
4336009,STR-2407-HGVBPW,12 York St,5304,M5J,Condominium,10,Spadina-Fort York
4336010,STR-2407-HQBBPX,62 Mooreshead Dr,,M9C,Single/Semi-detached House,2,Etobicoke Centre
4336011,STR-2407-JFPBPZ,212 Cocksfield Ave,,M3H,Single/Semi-detached House,6,York Centre
4336012,STR-2407-FTDPPQ,15 Foxley St,,M6J,Townhouse/ Row House,10,Spadina-Fort York
4336013,STR-2407-GJRPPS,88 Sheppard Ave E,3303,M2N,Condominium,18,Willowdale
4336014,STR-2407-GZDPPV,251 Jarvis St,219,M5B,Condominium,13,Toronto Centre
4336015,STR-2407-HXXPPY,1369 Bloor St W,408,M6P,Condominium,9,Davenport
4336016,STR-2407-JGDPPZ,8 Tynevale Dr,,M9R,Single/Semi-detached House,2,Etobicoke Centre
4336017,STR-2407-FTVBPQ,210 Victoria St,2812,M5B,Condominium,13,Toronto Centre
4336018,STR-2407-GCBBPR,17 Cabot Crt,,M9A,Single/Semi-detached House,3,Etobicoke-Lakeshore
4336019,STR-2407-GKHBPS,543C Parliament St,,M4X,Townhouse/ Row House,13,Toronto Centre
4336020,STR-2407-GZVBPV,21 Iceboat Ter,4306,M5V,Condominium,10,Spadina-Fort York
4336021,STR-2407-HJBBPW,34 Bond Ave,,M3B,Townhouse/ Row House,16,Don Valley East
4336022,STR-2407-FMFVPQ,101 Peter St,3205,M5V,Condominium,10,Spadina-Fort York
4336023,STR-2407-GKYVPT,14 Symes Rd,103,M6N,Townhouse/ Row House,5,York South-Weston
4336024,STR-2407-HBLVPW,14 York St,2004,M5J,Condominium,10,Spadina-Fort York
4336025,STR-2407-HJSVPX,194 Clendenan Ave,,M6P,Single/Semi-detached House,4,Parkdale-High Park
4336026,STR-2407-HRYVPY,101 Peter St,2106,M5V,Condominium,10,Spadina-Fort York
4336027,STR-2407-HZFVPZ,105 George St,1801,M5A,Condominium,13,Toronto Centre
4336028,STR-2407-FFQHPP,6 Walgreen Crt,,M1T,Single/Semi-detached House,22,Scarborough-Agincourt
4336029,STR-2407-FMWHPQ,36 Zorra St,2801,M8Z,Condominium,3,Etobicoke-Lakeshore
4336030,STR-2407-FWCHPR,439 Parliament St,201,M5A,Apartment,13,Toronto Centre
4336031,STR-2407-GDJHPS,219 Fort York Blvd,804,M5V,Condominium,10,Spadina-Fort York
4336032,STR-2407-GLQHPT,270 Dufferin St,711,M6K,Condominium,4,Parkdale-High Park
4336033,STR-2407-HZWHPZ,20 Joe Shuster Way,807,M6K,Condominium,10,Spadina-Fort York
4336034,STR-2407-FGFVPP,62 Jeremiah Lane,,M1J,Townhouse/ Row House,24,Scarborough-Guildwood
4336035,STR-2407-FWSVPR,146 Close Ave,2,M6K,Single/Semi-detached House,4,Parkdale-High Park
4336036,STR-2407-GDYVPS,15 Iceboat Ter,932,M5V,Condominium,10,Spadina-Fort York
4336037,STR-2407-GMFVPT,1201 Dovercourt Rd,,M6H,Single/Semi-detached House,9,Davenport
4336038,STR-2407-GVLVPV,42 Fifeshire Rd,,M2L,Single/Semi-detached House,15,Don Valley West
4336039,STR-2407-HCSVPW,151 Dan Leckie Way,316,M5V,Condominium,10,Spadina-Fort York
4336040,STR-2407-HKYVPX,44 Gerrard St W,503,M5G,Condominium,11,University-Rosedale
4336041,STR-2407-JBLVPZ,10 Capreol Crt,1102,M5V,Condominium,10,Spadina-Fort York
4336042,STR-2407-FGWHPP,2 Gloucester St,303,M4Y,Condominium,13,Toronto Centre
4336043,STR-2407-FXJHPR,80 Harrison Garden Blvd,1728,M2N,Condominium,18,Willowdale
4336044,STR-2407-GFQHPS,142 Palmerston Ave,,M6J,Single/Semi-detached House,10,Spadina-Fort York
4336045,STR-2407-GWCHPV,6 Eva Rd,305,M9C,Condominium,2,Etobicoke Centre
4336046,STR-2407-HLQHPX,26 Fairview Blvd,,M4K,Single/Semi-detached House,14,Toronto-Danforth
4336047,STR-2407-FHLVPP,38 Tecumseth St,,M5V,Single/Semi-detached House,10,Spadina-Fort York
4336048,STR-2407-FQSVPQ,135 Lower Sherbourne St,1064,M5A,Apartment,13,Toronto Centre
4336049,STR-2407-FXYVPR,20 John St,619,M5V,Condominium,10,Spadina-Fort York
4336050,STR-2407-GWSVPV,54 Garnock Ave,,M4K,Single/Semi-detached House,14,Toronto-Danforth
4336051,STR-2407-HDYVPW,3 Selby St,,M4Y,Townhouse/ Row House,13,Toronto Centre
4336052,STR-2407-HVLVPY,17 Farmstead Rd,907,M2L,Condominium,15,Don Valley West
4336053,STR-2407-JCSVPZ,31 Edinburgh Dr,,M3H,Single/Semi-detached House,6,York Centre
4336054,STR-2407-FRJHPQ,110 Gristone Cres,,M1X,Townhouse/ Row House,25,Scarborough-Rouge Park
4336055,STR-2407-FYQHPR,87 Peter St,2902,M5V,Condominium,10,Spadina-Fort York
4336056,STR-2407-GGWHPS,18 Yonge St,2401,M5E,Condominium,10,Spadina-Fort York
4336057,STR-2407-GQCHPT,209 Fort York Blvd,356,M5V,Condominium,10,Spadina-Fort York
4336058,STR-2407-JDJHPZ,173 Caribou Rd,,M5N,Single/Semi-detached House,8,Eglinton-Lawrence
4336059,STR-2407-FJSVPP,72 Eaton Ave,,M4J,Single/Semi-detached House,14,Toronto-Danforth
4336060,STR-2407-FRYVPQ,47 Lower River St,541,M5A,Condominium,13,Toronto Centre
4336061,STR-2407-FZFVPR,151 Dan Leckie Way,749,M5V,Condominium,10,Spadina-Fort York
4336062,STR-2407-GHLVPS,55 Bremner Blvd,2307,M5J,Condominium,10,Spadina-Fort York
4336063,STR-2407-GQSVPT,49 Columbine Ave,,M4L,Single/Semi-detached House,19,Beaches-East York
4336064,STR-2407-GXYVPV,6 Harbourview Cres,,M8V,Townhouse/ Row House,3,Etobicoke-Lakeshore
4336065,STR-2407-FKJHPP,248 Torresdale Ave,,M2R,Single/Semi-detached House,6,York Centre
4336066,STR-2407-FSQHPQ,90 Park Lawn Rd,716,M8Y,Condominium,3,Etobicoke-Lakeshore
4336067,STR-2407-GJCHPS,155 Yorkville Ave,2220,M5R,Condominium,11,University-Rosedale
4336068,STR-2407-GRJHPT,637 Lake Shore Blvd W,415,M5V,Condominium,10,Spadina-Fort York
4336069,STR-2407-GYQHPV,30 Nelson St,3406,M5V,Condominium,10,Spadina-Fort York
4336070,STR-2407-HGWHPW,7 Marshall St,,M6K,Single/Semi-detached House,9,Davenport
4336071,STR-2407-HXJHPY,185 Emerson Ave,,M6H,Single/Semi-detached House,9,Davenport
4336072,STR-2407-FKYVPP,1525 Pharmacy Ave,,M1R,Single/Semi-detached House,21,Scarborough Centre
4336073,STR-2407-FTFVPQ,16 Yonge St,3311,M5E,Condominium,10,Spadina-Fort York
4336074,STR-2407-GBLVPR,35 Bastion St,507,M5V,Condominium,10,Spadina-Fort York
4336075,STR-2407-GJSVPS,628 Fleet St,1911,M5V,Condominium,10,Spadina-Fort York
4336076,STR-2407-GRYVPT,300 Front St W,2009,M5V,Condominium,10,Spadina-Fort York
4336077,STR-2407-GZFVPV,35 Balmuto St,1503,M4Y,Condominium,11,University-Rosedale
4336078,STR-2407-HQSVPX,101 Peter St,2202,M5V,Condominium,10,Spadina-Fort York
4336079,STR-2407-JGFVPZ,832 Bay St,2603,M5S,Condominium,11,University-Rosedale
4336080,STR-2407-FLQHPP,21 Iceboat Ter,4611,M5V,Condominium,10,Spadina-Fort York
4336081,STR-2407-FTWHPQ,35 Bastion St,2014,M5V,Condominium,10,Spadina-Fort York
4336082,STR-2407-GCCHPR,1218 Brimley Rd,,M1P,Single/Semi-detached House,21,Scarborough Centre
4336083,STR-2407-GKJHPS,454 Montrose Ave,1,M6G,Single/Semi-detached House,11,University-Rosedale
4336084,STR-2407-HJCHPW,51 Dorset Rd,,M1M,Single/Semi-detached House,20,Scarborough Southwest
4336085,STR-2407-HRJHPX,6 Welbrooke Pl,,M9B,Single/Semi-detached House,2,Etobicoke Centre
4336086,STR-2407-FFBBPP,12 York St,5704,M5J,Condominium,10,Spadina-Fort York
4336087,STR-2407-FMHBPQ,15 Carey Rd,,M4S,Single/Semi-detached House,12,Toronto-St. Paul's
4336088,STR-2407-FVPBPR,251 Jarvis St,4401,M5B,Condominium,13,Toronto Centre
4336089,STR-2407-GLBBPT,180 Marion St,,M6R,Single/Semi-detached House,4,Parkdale-High Park
4336090,STR-2407-GTHBPV,360 Runnymede Rd,,M6S,Single/Semi-detached House,4,Parkdale-High Park
4336091,STR-2407-HJVBPX,65 Bremner Blvd,2102,M5J,Condominium,10,Spadina-Fort York
4336092,STR-2407-HSBBPY,784 Logan Ave,,M4K,Single/Semi-detached House,14,Toronto-Danforth
4336093,STR-2407-FFRPPP,89 Gainsborough Rd,,M4L,Single/Semi-detached House,19,Beaches-East York
4336094,STR-2407-FWDPPR,18 Yonge St,2802,M5E,Condominium,10,Spadina-Fort York
4336095,STR-2407-GDKPPS,300 Front St W,209,M5V,Condominium,10,Spadina-Fort York
4336096,STR-2407-GTXPPV,219 Fort York Blvd,3802,M5V,Condominium,10,Spadina-Fort York
4336097,STR-2407-HCDPPW,8 Huntley St,B,M4Y,Single/Semi-detached House,13,Toronto Centre
4336098,STR-2407-FGHBPP,200 Timberbank Blvd,,M1W,Single/Semi-detached House,22,Scarborough-Agincourt
4336099,STR-2407-HCVBPW,861 Sheppard Ave W,1,M3H,Townhouse/ Row House,6,York Centre
4336100,STR-2407-HLBBPX,56 Pleasant Ave,,M2M,Single/Semi-detached House,18,Willowdale
4336101,STR-2407-HTHBPY,25 Kimberley Ave,,M4E,Single/Semi-detached House,19,Beaches-East York
4336102,STR-2407-FGXPPP,164 Lynedock Cres,,M3A,Single/Semi-detached House,16,Don Valley East
4336103,STR-2407-FQDPPQ,1B Richview Rd,1901,M9A,Apartment,2,Etobicoke Centre
4336104,STR-2407-FXKPPR,132 Berkeley St,617,M5A,Apartment,13,Toronto Centre
4336105,STR-2407-GMXPPT,1557 Midland Ave,,M1P,Townhouse/ Row House,21,Scarborough Centre
4336106,STR-2407-GWDPPV,188 Doris Ave,1705,M2N,Condominium,18,Willowdale
4336107,STR-2407-HDKPPW,300 Front St W,2610,M5V,Apartment,10,Spadina-Fort York
4336108,STR-2407-HLRPPX,300 Front St W,3004,M5V,Apartment,10,Spadina-Fort York
4336109,STR-2407-JCDPPZ,30 Shore Breeze Dr,334,M8V,Condominium,3,Etobicoke-Lakeshore
4336110,STR-2407-FQVBPQ,273 Glengrove Ave W,,M5N,Single/Semi-detached House,8,Eglinton-Lawrence
4336111,STR-2407-FYBBPR,500 Doris Ave,2424,M2N,Condominium,18,Willowdale
4336112,STR-2407-GGHBPS,39 Primrose Ave,,M8V,Single/Semi-detached House,3,Etobicoke-Lakeshore
4336113,STR-2407-GPPBPT,14 Fernwood Park Ave,,M4E,Single/Semi-detached House,19,Beaches-East York
4336114,STR-2407-GWVBPV,53 Bevdale Rd,,M2R,Single/Semi-detached House,18,Willowdale
4336115,STR-2407-HMHBPX,19 Forest Glen Cres,,M4N,Single/Semi-detached House,15,Don Valley West
4336116,STR-2407-JCVBPZ,196 Weston Rd,,M6N,Single/Semi-detached House,5,York South-Weston
4336117,STR-2407-FYRPPR,101 Peter St,3603,M5V,Condominium,10,Spadina-Fort York
4336118,STR-2407-GGXPPS,30 Rowntree Ave,,M6N,Single/Semi-detached House,9,Davenport
4336119,STR-2407-GQDPPT,155 Yorkville Ave,2806,M5R,Condominium,11,University-Rosedale
4336120,STR-2407-HFRPPW,251 Jarvis St,4410,M5B,Apartment,13,Toronto Centre
4336121,STR-2407-HMXPPX,67 Langley Ave,,M4K,Single/Semi-detached House,14,Toronto-Danforth
4336122,STR-2407-JDKPPZ,5162 Yonge St,103,M2N,Apartment,18,Willowdale
4336123,STR-2407-FJVBPP,231 Fort York Blvd,720,M5V,Condominium,10,Spadina-Fort York
4336124,STR-2407-GYBBPV,8 Callender St,,M6R,Single/Semi-detached House,4,Parkdale-High Park
4336125,STR-2407-HGHBPW,3183 Bathurst St,Unit 1A,M6A,Apartment,8,Eglinton-Lawrence
4336126,STR-2407-HWVBPY,504 Donlands Ave,,M4J,Single/Semi-detached House,14,Toronto-Danforth
4336127,STR-2407-FKKPPP,2 Beamsville Dr,,M1T,Single/Semi-detached House,22,Scarborough-Agincourt
4336128,STR-2407-FSRPPQ,12 York St,811,M5J,Condominium,10,Spadina-Fort York
4336129,STR-2407-FZXPPR,251 Jarvis St,4711,M5B,Condominium,13,Toronto Centre
4336130,STR-2407-GJDPPS,565 Palmerston Ave,,M6G,Single/Semi-detached House,11,University-Rosedale
4336131,STR-2407-GRKPPT,55 Bremner Blvd,3406,M5J,Condominium,10,Spadina-Fort York
4336132,STR-2407-HXKPPY,2 Anndale Dr,1311,M2N,Condominium,18,Willowdale
4336133,STR-2407-JFRPPZ,101 Peter St,1017,M5V,Condominium,10,Spadina-Fort York
4336134,STR-2407-FTHBPQ,99 Bellevue Ave,15,M5T,Apartment,11,University-Rosedale
4336135,STR-2407-GJVBPS,30 Nelson St,2404,M5V,Condominium,10,Spadina-Fort York
4336136,STR-2407-HHPBPW,6 Royal Doulton Dr,,M3A,Single/Semi-detached House,16,Don Valley East
4336137,STR-2407-HQVBPX,101 Peter St,1209,M5V,Condominium,10,Spadina-Fort York
4336138,STR-2407-HYBBPY,222 The Esplanade,202,M5A,Condominium,13,Toronto Centre
4336139,STR-2407-JGHBPZ,12 York St,5103,M5J,Condominium,10,Spadina-Fort York
4336140,STR-2407-FLRPPP,155 Yorkville Ave,2603,M5R,Condominium,11,University-Rosedale
4336141,STR-2407-FTXPPQ,103 Kildonan Dr,,M1N,Single/Semi-detached House,20,Scarborough Southwest
4336142,STR-2407-GCDPPR,2 Anndale Dr,2906,M2N,Condominium,18,Willowdale
4336143,STR-2407-GKKPPS,6 Annapearl Crt,,M2N,Single/Semi-detached House,18,Willowdale
4336144,STR-2407-HRKPPX,151 Dan Leckie Way,539,M5V,Apartment,10,Spadina-Fort York
4336145,STR-2407-HYRPPY,292 The Westway,,M9R,Single/Semi-detached House,2,Etobicoke Centre
4336146,STR-2407-JGXPPZ,36 Greenwood Ave,,M4L,Single/Semi-detached House,14,Toronto-Danforth
4336147,STR-2407-FVQHPR,702 Ossington Ave,,M6G,Single/Semi-detached House,9,Davenport
4336148,STR-2407-GCWHPS,31 Neelands Cres,,M1E,Single/Semi-detached House,24,Scarborough-Guildwood
4336149,STR-2407-GLCHPT,149A Hillingdon Ave,,M4C,Townhouse/ Row House,19,Beaches-East York
4336150,STR-2407-GTJHPV,21 Iceboat Ter,2005,M5V,Condominium,10,Spadina-Fort York
4336151,STR-2407-HBQHPW,218 Roslin Ave,,M4N,Single/Semi-detached House,15,Don Valley West
4336152,STR-2407-HSCHPY,151 Dan Leckie Way,1210,M5V,Condominium,10,Spadina-Fort York
4336153,STR-2407-FMYVPQ,6 Sonic Way,N101,M3C,Condominium,16,Don Valley East
4336154,STR-2407-FWFVPR,22 Leader Lane,312,M5E,Condominium,13,Toronto Centre
4336155,STR-2407-GLSVPT,67A Lemonwood Dr,,M9A,Single/Semi-detached House,2,Etobicoke Centre
4336156,STR-2407-GTYVPV,278 Shuter St,,M5A,Townhouse/ Row House,13,Toronto Centre
4336157,STR-2407-HCFVPW,125 Huron St,,M5T,Single/Semi-detached House,11,University-Rosedale
4336158,STR-2407-HKLVPX,128 Pendrith St,,M6G,Single/Semi-detached House,11,University-Rosedale
4336159,STR-2407-HZYVPZ,114 Brian Dr,,M2J,Single/Semi-detached House,17,Don Valley North
4336160,STR-2407-FPQHPQ,42 Sawley Dr,,M2K,Single/Semi-detached House,17,Don Valley North
4336161,STR-2407-GMJHPT,14 Ashdale Ave,A,M4L,Duplex/Triplex/Fourplex,14,Toronto-Danforth
4336162,STR-2407-HCWHPW,553 Shaw St,1,M6G,Duplex/Triplex/Fourplex,11,University-Rosedale
4336163,STR-2407-HLCHPX,20 Joe Shuster Way,610,M6K,Condominium,10,Spadina-Fort York
4336164,STR-2407-HTJHPY,725 Brimley Rd,,M1J,Single/Semi-detached House,21,Scarborough Centre
4336165,STR-2407-JBQHPZ,130 D'Arcy St,,M5T,Single/Semi-detached House,11,University-Rosedale
4336166,STR-2409-JDKSBZ,955 Bay St,815,M5S,Condominium,13,Toronto Centre
4336167,STR-2407-FGYVPP,82 Enderby Rd,1,M4E,Duplex/Triplex/Fourplex,19,Beaches-East York
4336168,STR-2407-FXLVPR,2746 Midland Ave,,M1S,Single/Semi-detached House,22,Scarborough-Agincourt
4336169,STR-2407-GFSVPS,7 Mitchell Ave,,M6J,Townhouse/ Row House,10,Spadina-Fort York
4336170,STR-2407-GMYVPT,31 1/2 Grove Ave,1,M6J,Duplex/Triplex/Fourplex,10,Spadina-Fort York
4336171,STR-2407-GWFVPV,3 Hickory Tree Rd,503,M9N,Condominium,5,York South-Weston
4336172,STR-2407-HDLVPW,30 Shore Breeze Dr,527,M8V,Condominium,3,Etobicoke-Lakeshore
4336173,STR-2407-HLSVPX,65 Bremner Blvd,3508,M5J,Condominium,10,Spadina-Fort York
4336174,STR-2407-HTYVPY,210 Victoria St,3405,M5B,Condominium,13,Toronto Centre
4336175,STR-2407-JCFVPZ,78 St Patrick St,150,M5T,Apartment,10,Spadina-Fort York
4336176,STR-2407-FQWHPQ,340 Mill Rd,1908,M9C,Apartment,2,Etobicoke Centre
4336177,STR-2407-FYCHPR,478 Brock Ave,2,M6H,Duplex/Triplex/Fourplex,9,Davenport
4336178,STR-2407-GPQHPT,231 Fort York Blvd,537,M5V,Condominium,10,Spadina-Fort York
4336179,STR-2407-GWWHPV,8 Widmer St,3911,M5V,Condominium,10,Spadina-Fort York
4336180,STR-2407-HFCHPW,492 Lansdowne Ave,Upper,M6H,Duplex/Triplex/Fourplex,9,Davenport
4336181,STR-2407-HVQHPY,62 High Park Blvd,Main,M6R,Duplex/Triplex/Fourplex,4,Parkdale-High Park
4336182,STR-2407-FJFVPP,29 Sarah Ashbridge Ave,,M4L,Single/Semi-detached House,19,Beaches-East York
4336183,STR-2407-FYSVPR,5 Sheppard Ave E,2916,M2N,Condominium,18,Willowdale
4336184,STR-2407-GGYVPS,14 York St,3109,M5J,Condominium,10,Spadina-Fort York
4336185,STR-2407-GXLVPV,15 Solidarity Way,1702,M6K,Apartment,10,Spadina-Fort York
4336186,STR-2407-HFSVPW,64 Fieldwood Dr,,M1V,Single/Semi-detached House,23,Scarborough North
4336187,STR-2407-HMYVPX,59 Ridware Cres,,M1C,Single/Semi-detached House,25,Scarborough-Rouge Park
4336188,STR-2407-HWFVPY,562 Indian Rd,,M6P,Single/Semi-detached House,4,Parkdale-High Park
4336189,STR-2407-JDLVPZ,3 Somerset Ave,,M6H,Single/Semi-detached House,9,Davenport
4336190,STR-2407-FJWHPP,110 Caledonia Park Rd,2,M6H,Townhouse/ Row House,9,Davenport
4336191,STR-2407-GQWHPT,42 Marta Ave,,M1K,Single/Semi-detached House,20,Scarborough Southwest
4336192,STR-2407-GYCHPV,151 Dan Leckie Way,856,M5V,Condominium,10,Spadina-Fort York
4336193,STR-2407-HGJHPW,50 Claywood Rd,,M2N,Single/Semi-detached House,18,Willowdale
4336194,STR-2407-HPQHPX,151 Dan Leckie Way,957,M5V,Condominium,10,Spadina-Fort York
4336195,STR-2407-HWWHPY,62 Banstock Dr,,M2K,Single/Semi-detached House,17,Don Valley North
4336196,STR-2407-GYSVPV,300 Front St W,3507,M5V,Apartment,10,Spadina-Fort York
4336197,STR-2407-HGYVPW,327 king st west,2202,M5V,Condominium,10,Spadina-Fort York
4336198,STR-2407-HXLVPY,167 Perth Ave,,M6P,Single/Semi-detached House,9,Davenport
4336199,STR-2407-JFSVPZ,111 Gore Vale Ave,,M6J,Single/Semi-detached House,10,Spadina-Fort York
4336200,STR-2407-FLCHPP,15 Bridgeport Dr,,M1C,Single/Semi-detached House,25,Scarborough-Rouge Park
4336201,STR-2407-FTJHPQ,55 Bremner Blvd,2602,M5J,Condominium,10,Spadina-Fort York
4336202,STR-2407-GBQHPR,300 Front St W,3613,M5V,Condominium,10,Spadina-Fort York
4336203,STR-2407-HHQHPW,290 Adelaide St W,1510,M5V,Condominium,10,Spadina-Fort York
4336204,STR-2407-HYCHPY,14 York St,1206,M5J,Condominium,10,Spadina-Fort York
4336205,STR-2407-JGJHPZ,300 Front St W,3802,M5V,Condominium,10,Spadina-Fort York
4336206,STR-2407-FLSVPP,15 Iceboat Ter,4010,M5V,Condominium,10,Spadina-Fort York
4336207,STR-2407-FTYVPQ,12 Longwood Dr,,M3B,Single/Semi-detached House,15,Don Valley West
4336208,STR-2407-GCFVPR,14 York St,2404,M5J,Condominium,10,Spadina-Fort York
4336209,STR-2407-GKLVPS,79 Blueberry Dr,,M1S,Single/Semi-detached House,23,Scarborough North
4336210,STR-2407-GSSVPT,955 Bay St,516,M5S,Condominium,13,Toronto Centre
4336211,STR-2407-GZYVPV,189 Indian Rd,,M6R,Single/Semi-detached House,4,Parkdale-High Park
4336212,STR-2407-HJFVPW,9 Manning Ave,,M6J,Townhouse/ Row House,10,Spadina-Fort York
4336213,STR-2407-HRLVPX,21 Iceboat Ter,3901,M5V,Condominium,10,Spadina-Fort York
4336214,STR-2407-HYSVPY,51 James Hale Lane,,M5S,Single/Semi-detached House,11,University-Rosedale
4336215,STR-2407-JGYVPZ,2 Eva Rd,1326,M9C,Condominium,2,Etobicoke Centre
4336216,STR-2407-FDPFBP,171 Tower Dr,,M1R,Single/Semi-detached House,21,Scarborough Centre
4336217,STR-2407-FLVFBQ,155 Yorkville Ave,2020,M5R,Condominium,11,University-Rosedale
4336218,STR-2407-FVBFBR,30 Nelson St,3109,M5V,Condominium,10,Spadina-Fort York
4336219,STR-2407-GCHFBS,195 Soudan Ave,,M4S,Single/Semi-detached House,12,Toronto-St. Paul's
4336220,STR-2407-GKPFBT,21 Iceboat Ter,4606,M5V,Condominium,10,Spadina-Fort York
4336221,STR-2407-HBBFBW,5 Leonard Ave,A,M5T,Duplex/Triplex/Fourplex,11,University-Rosedale
4336222,STR-2407-HJHFBX,250 Wellington St W,428,M5V,Condominium,10,Spadina-Fort York
4336223,STR-2407-HRPFBY,109 Logan Ave,,M4M,Townhouse/ Row House,14,Toronto-Danforth
4336224,STR-2407-HYVFBZ,47 Innismore Cres,,M1R,Single/Semi-detached House,21,Scarborough Centre
4336225,STR-2407-FFDSBP,21 Iceboat Ter,4309,M5V,Condominium,10,Spadina-Fort York
4336226,STR-2407-GCXSBS,66 Rameau Dr,,M2H,Single/Semi-detached House,17,Don Valley North
4336227,STR-2407-GLDSBT,101 Peter St,4007,M5V,Condominium,10,Spadina-Fort York
4336228,STR-2407-HJXSBX,254 Beatrice St,,M6G,Single/Semi-detached House,11,University-Rosedale
4336229,STR-2407-HZKSBZ,1238 Dundas St E,507,M4M,Condominium,14,Toronto-Danforth
4336230,STR-2407-FPBFBQ,113 Winchester St,,M4X,Townhouse/ Row House,13,Toronto Centre
4336231,STR-2407-FWHFBR,50 Ordnance St,1206,M6K,Condominium,10,Spadina-Fort York
4336232,STR-2407-GLVFBT,155 Yorkville Ave,2607,M5R,Condominium,11,University-Rosedale
4336233,STR-2407-GVBFBV,800 King St W,617,M5V,Condominium,10,Spadina-Fort York
4336234,STR-2408-HRQLBY,54 Shirley St,,M6K,Townhouse/ Row House,9,Davenport
4336235,STR-2407-FGKSBP,209 Fort York Blvd,674,M5V,Condominium,10,Spadina-Fort York
4336236,STR-2407-FPRSBQ,12 York St,911,M5J,Condominium,10,Spadina-Fort York
4336237,STR-2407-FWXSBR,598 Crawford St,1,M6G,Duplex/Triplex/Fourplex,11,University-Rosedale
4336238,STR-2407-GVRSBV,35 Saranac Blvd,205,M6A,Condominium,8,Eglinton-Lawrence
4336239,STR-2407-HCXSBW,120 Mackay Ave,,M6H,Single/Semi-detached House,9,Davenport
4336240,STR-2407-FHBFBP,21 Iceboat Ter,326,M5V,Condominium,10,Spadina-Fort York
4336241,STR-2407-FQHFBQ,73 Joseph Griffith Lane,,M3L,Townhouse/ Row House,7,Humber River-Black Creek
4336242,STR-2407-GPBFBT,98 Lillian St,215,M4S,Condominium,12,Toronto-St. Paul's
4336243,STR-2408-GWHFBV,219 Fort York Blvd,1012,M5V,Condominium,10,Spadina-Fort York
4336244,STR-2408-HVBFBY,312 Queen St E,2,M5A,Townhouse/ Row House,13,Toronto Centre
4336245,STR-2408-JCHFBZ,234 Hounslow Ave,,M2N,Single/Semi-detached House,18,Willowdale
4336246,STR-2408-FYDSBR,90 Niagara St,306,M5V,Condominium,10,Spadina-Fort York
4336247,STR-2408-GGKSBS,10 Majestic Crt,,M6B,Single/Semi-detached House,8,Eglinton-Lawrence
4336248,STR-2408-GPRSBT,69 Emerson Ave,,M6H,Single/Semi-detached House,9,Davenport
4336249,STR-2408-HFDSBW,35 Bastion St,1814,M5V,Condominium,10,Spadina-Fort York
4336250,STR-2408-HVRSBY,10 De Boers Dr,908,M3J,Apartment,6,York Centre
4336251,STR-2408-FRPFBQ,8 Trent Ave,1020,M4C,Condominium,19,Beaches-East York
4336252,STR-2408-FYVFBR,142 William Duncan Rd,4,M3K,Townhouse/ Row House,6,York Centre
4336253,STR-2408-GHBFBS,42 Millgate Cres,,M2K,Single/Semi-detached House,17,Don Valley North
4336254,STR-2408-GQHFBT,174R Indian Grv,,M6P,Duplex/Triplex/Fourplex,4,Parkdale-High Park
4336255,STR-2408-GXPFBV,25 Brimstone Cres,,M1V,Single/Semi-detached House,23,Scarborough North
4336256,STR-2408-HFVFBW,2330 Queen St E,A,M4E,Duplex/Triplex/Fourplex,19,Beaches-East York
4336257,STR-2408-HPBFBX,1088 Danforth Ave,3,M4J,Townhouse/ Row House,14,Toronto-Danforth
4336258,STR-2408-FJXSBP,121 Jenkinson Way,,M1P,Townhouse/ Row House,21,Scarborough Centre
4336259,STR-2408-FZKSBR,65 Bremner Blvd,3209,M5J,Condominium,10,Spadina-Fort York
4336260,STR-2408-GHRSBS,151 Dan Leckie Way,1909,M5V,Condominium,10,Spadina-Fort York
4336261,STR-2408-HPRSBX,33 Millmere Dr,BSMT,M1G,Single/Semi-detached House,24,Scarborough-Guildwood
4336262,STR-2408-HWXSBY,512 Bathurst St,3,M5S,Duplex/Triplex/Fourplex,11,University-Rosedale
4336263,STR-2408-FKPFBP,205 Prince Edward Dr S,,M8Y,Single/Semi-detached House,3,Etobicoke-Lakeshore
4336264,STR-2408-FSVFBQ,10 Hamstead Ave,,M4C,Single/Semi-detached House,19,Beaches-East York
4336265,STR-2408-GJHFBS,49 Wynn Rd,,M2R,Single/Semi-detached House,18,Willowdale
4336266,STR-2408-GRPFBT,389 Davisville Ave,,M4S,Townhouse/ Row House,15,Don Valley West
4336267,STR-2408-GYVFBV,8 Widmer St,2815,M5V,Condominium,10,Spadina-Fort York
4336268,STR-2408-HHBFBW,77 Gerrard St W,2408,M5G,Apartment,11,University-Rosedale
4336269,STR-2408-HQHFBX,8 Stanley Ave,,M6J,Single/Semi-detached House,10,Spadina-Fort York
4336270,STR-2408-HXPFBY,173 Chambers Ave,,M6N,Single/Semi-detached House,9,Davenport
4336271,STR-2408-JFVFBZ,75 Thorncliffe Park Dr,419,M4H,Apartment,15,Don Valley West
4336272,STR-2408-FLDSBP,300 Front St W,714,M5V,Apartment,10,Spadina-Fort York
4336273,STR-2408-FTKSBQ,65 Bremner Blvd,3505,M5J,Condominium,10,Spadina-Fort York
4336274,STR-2408-GBRSBR,10 Hogan Dr,,M1G,Single/Semi-detached House,24,Scarborough-Guildwood
4336275,STR-2409-FJWLBP,113 Harlandale Ave,,M2N,Single/Semi-detached House,18,Willowdale
4336276,STR-2408-GZKSBV,65 Bremner Blvd,4508,M5J,Condominium,10,Spadina-Fort York
4336277,STR-2408-JGKSBZ,2 Kenhill Dr,,M9V,Single/Semi-detached House,1,Etobicoke North
4336278,STR-2408-FDQLBP,7 Shank St,706,M6J,Condominium,10,Spadina-Fort York
4336279,STR-2408-GCJLBS,24 Wellesley St W,612,M4Y,Condominium,13,Toronto Centre
4336280,STR-2408-GKQLBT,173 Fern Ave,,M6R,Single/Semi-detached House,4,Parkdale-High Park
4336281,STR-2408-HBCLBW,273 Davisville Ave,,M4S,Single/Semi-detached House,15,Don Valley West
4336282,STR-2408-HYWLBZ,121 Manor Rd E,1,M4S,Duplex/Triplex/Fourplex,12,Toronto-St. Paul's
4336283,STR-2408-FMLYBQ,30 Farningham Cres,,M9B,Single/Semi-detached House,2,Etobicoke Centre
4336284,STR-2408-GLFYBT,12 York St,4909,M5J,Condominium,10,Spadina-Fort York
4336285,STR-2408-GTLYBV,48 Denvale Rd,,M4B,Single/Semi-detached House,19,Beaches-East York
4336286,STR-2408-HBSYBW,180 Niagara St,504,M5V,Apartment,10,Spadina-Fort York
4336287,STR-2408-HJYYBX,1000 King St W,216,M6K,Condominium,10,Spadina-Fort York
4336288,STR-2408-HSFYBY,40 Cadillac Ave,,M3H,Single/Semi-detached House,6,York Centre
4336289,STR-2408-HZLYBZ,14 York St,5805,M5J,Condominium,10,Spadina-Fort York
4336290,STR-2408-FPCLBQ,70 Crockamhill Dr,60,M1S,Townhouse/ Row House,23,Scarborough North
4336291,STR-2408-GLWLBT,160 Byng Ave,,M1L,Single/Semi-detached House,20,Scarborough Southwest
4336292,STR-2408-GVCLBV,185 Roehampton Ave,320,M4P,Condominium,12,Toronto-St. Paul's
4336293,STR-2408-HCJLBW,100 Church Ave,,M2N,Single/Semi-detached House,18,Willowdale
4336294,STR-2408-HKQLBX,65 Miller St,,M6N,Single/Semi-detached House,9,Davenport
4336295,STR-2408-HSWLBY,105 George St,410,M5A,Condominium,13,Toronto Centre
4336296,STR-2408-FPSYBQ,42 Stuart Cres,,M2N,Single/Semi-detached House,18,Willowdale
4336297,STR-2412-FXGFBR,41 River St,B3,M5A,Apartment,13,Toronto Centre
4336298,STR-2408-GVSYBV,210 Victoria St,3401,M5B,Condominium,13,Toronto Centre
4336299,STR-2408-HCYYBW,2 Allegrezza Crt,A,M6A,Single/Semi-detached House,8,Eglinton-Lawrence
4336300,STR-2408-HTLYBY,21 Panmure Cres,,M1K,Single/Semi-detached House,21,Scarborough Centre
4336301,STR-2408-JBSYBZ,300 Front St W,2211,M5V,Condominium,10,Spadina-Fort York
4336302,STR-2408-FHCLBP,2202 Weston Rd,308,M9N,Apartment,5,York South-Weston
4336303,STR-2408-FQJLBQ,2972 Weston Rd,,M9M,Single/Semi-detached House,7,Humber River-Black Creek
4336304,STR-2408-FXQLBR,487 Hounslow Ave,,M2R,Single/Semi-detached House,18,Willowdale
4336305,STR-2408-GFWLBS,25 Peking Rd,,M1J,Single/Semi-detached House,24,Scarborough-Guildwood
4336306,STR-2408-GPCLBT,251 Jarvis St,1919,M5B,Condominium,13,Toronto Centre
4336307,STR-2408-GWJLBV,212 Franklin Ave,,M6P,Single/Semi-detached House,9,Davenport
4336308,STR-2408-HLWLBX,348 Brunswick Ave,1,M5R,Single/Semi-detached House,11,University-Rosedale
4336309,STR-2408-JCJLBZ,268 Torresdale Ave,,M2R,Single/Semi-detached House,6,York Centre
4336310,STR-2408-FHSYBP,2015 Sheppard Ave E,3302,M2J,Condominium,17,Don Valley North
4336311,STR-2408-FQYYBQ,300 Front St W,3608,M5V,Condominium,10,Spadina-Fort York
4336312,STR-2408-FYFYBR,144 Northcliffe Blvd,,M6E,Duplex/Triplex/Fourplex,9,Davenport
4336313,STR-2408-GPSYBT,165 Legion Rd N,2526,M8Y,Condominium,3,Etobicoke-Lakeshore
4336314,STR-2408-HFFYBW,30 Nelson St,2402,M5V,Condominium,10,Spadina-Fort York
4336315,STR-2408-HVSYBY,539 Ossington Ave,,M6G,Duplex/Triplex/Fourplex,11,University-Rosedale
4336316,STR-2408-JCYYBZ,1 Valhalla Inn Rd,2108,M9B,Condominium,2,Etobicoke Centre
4336317,STR-2408-FJJLBP,120 Harrison Garden Blvd,12,M2N,Condominium,18,Willowdale
4336318,STR-2408-FRQLBQ,101 Peter St,917,M5V,Condominium,10,Spadina-Fort York
4336319,STR-2408-GHCLBS,30 Langford Ave,,M4J,Single/Semi-detached House,14,Toronto-Danforth
4336320,STR-2408-GXQLBV,39 Finchurst Dr,,M2R,Single/Semi-detached House,18,Willowdale
4336321,STR-2408-HFWLBW,35 Balmuto St,2106,M4Y,Condominium,11,University-Rosedale
4336322,STR-2408-HPCLBX,628 Fleet St,517,M5V,Condominium,10,Spadina-Fort York
4336323,STR-2408-JDQLBZ,30 Nelson St,3202,M5V,Condominium,10,Spadina-Fort York
4336324,STR-2408-FJYYBP,151 Dan Leckie Way,1708,M5V,Condominium,10,Spadina-Fort York
4336325,STR-2408-FSFYBQ,30 Nelson St,1202,M5V,Condominium,10,Spadina-Fort York
4336326,STR-2408-GHSYBS,300 Front St W,510,M5V,Condominium,10,Spadina-Fort York
4336327,STR-2408-GQYYBT,101 Peter St,1711,M5V,Condominium,10,Spadina-Fort York
4336328,STR-2408-GYFYBV,24 Dunsmore Gdns,,M3H,Single/Semi-detached House,6,York Centre
4336329,STR-2408-HGLYBW,481 Warden Ave,,M1L,Single/Semi-detached House,20,Scarborough Southwest
4336330,STR-2408-HWYYBY,88 Carr St,12,M5T,Townhouse/ Row House,10,Spadina-Fort York
4336331,STR-2408-JFFYBZ,5 Sheppard Ave E,3626,M2N,Condominium,18,Willowdale
4336332,STR-2408-GBCLBR,3264 Lake Shore Blvd W,4,M8V,Apartment,3,Etobicoke-Lakeshore
4336333,STR-2408-GJJLBS,15 Iceboat Ter,3208,M5V,Apartment,10,Spadina-Fort York
4336334,STR-2408-HHCLBW,270 North Beatrice St,Lower,M6G,Single/Semi-detached House,11,University-Rosedale
4336335,STR-2408-HQJLBX,12 Monteith St,,M4Y,Townhouse/ Row House,13,Toronto Centre
4336336,STR-2408-HXQLBY,100 Harrison Garden Blvd,1124,M2N,Condominium,18,Willowdale
4336337,STR-2408-FLFYBP,70 Princess St,2902,M5A,Condominium,13,Toronto Centre
4336338,STR-2408-FTLYBQ,458 Richmond St W,205,M5V,Condominium,10,Spadina-Fort York
4336339,STR-2408-GBSYBR,14 York St,6107,M5J,Condominium,10,Spadina-Fort York
4336340,STR-2408-GJYYBS,21 Iceboat Ter,4502,M5V,Condominium,10,Spadina-Fort York
4336341,STR-2408-GSFYBT,40 Heathview Ave,,M2K,Single/Semi-detached House,17,Don Valley North
4336342,STR-2408-GZLYBV,832 Bay St,3602,M5S,Condominium,11,University-Rosedale
4336343,STR-2408-HHSYBW,101 Peter St,1408,M5V,Condominium,10,Spadina-Fort York
4336344,STR-2408-HQYYBX,91 Anndale Dr,,M2N,Single/Semi-detached House,18,Willowdale
4336345,STR-2408-FDRSBP,90 Avondale Ave,,M2N,Single/Semi-detached House,18,Willowdale
4336346,STR-2408-FLXSBQ,74 Prince Charles Dr,,M6A,Single/Semi-detached House,8,Eglinton-Lawrence
4336347,STR-2408-FVDSBR,320 Dixon Rd,2316,M9R,Condominium,1,Etobicoke North
4336348,STR-2408-GKRSBT,1369 Bloor St W,708,M6P,Condominium,9,Davenport
4336349,STR-2408-GSXSBV,356 Lippincott St,,M5S,Single/Semi-detached House,11,University-Rosedale
4336350,STR-2408-HJKSBX,33 Mill St,531,M5A,Condominium,10,Spadina-Fort York
4336351,STR-2408-HYXSBZ,102 Bartley Dr,,M4A,Townhouse/ Row House,16,Don Valley East
4336352,STR-2408-FFHFBP,1476 Islington Ave,,M9A,Single/Semi-detached House,2,Etobicoke Centre
4336353,STR-2408-GDBFBS,41 Glentworth Rd,,M2J,Single/Semi-detached House,17,Don Valley North
4336354,STR-2408-GLHFBT,14 York St,5409,M5J,Condominium,10,Spadina-Fort York
4336355,STR-2408-GTPFBV,1100 Sheppard Ave W,815,M3K,Condominium,6,York Centre
4336356,STR-2408-HKBFBX,16 Pepler Ave,,M4J,Single/Semi-detached House,14,Toronto-Danforth
4336357,STR-2408-HSHFBY,35 Bastion St,1904,M5V,Condominium,10,Spadina-Fort York
4336358,STR-2408-HZPFBZ,1616 Bloor St W,A,M6P,Apartment,4,Parkdale-High Park
4336359,STR-2408-FPDSBQ,29 Humberside Ave,,M6P,Single/Semi-detached House,4,Parkdale-High Park
4336360,STR-2408-FWKSBR,111 Blythwood Rd,,M4N,Single/Semi-detached House,15,Don Valley West
4336361,STR-2408-GDRSBS,219 Fort York Blvd,1503,M5V,Condominium,10,Spadina-Fort York
4336362,STR-2408-GLXSBT,1239 Dundas St W,508,M6J,Condominium,10,Spadina-Fort York
4336363,STR-2408-GVDSBV,53 Bobmar Rd,,M1C,Single/Semi-detached House,25,Scarborough-Rouge Park
4336364,STR-2408-HCKSBW,119 Horsham Ave,,M2N,Single/Semi-detached House,18,Willowdale
4336365,STR-2408-HKRSBX,165 Betty Ann Dr,,M2N,Single/Semi-detached House,18,Willowdale
4336366,STR-2408-JBDSBZ,710 Humberwood Blvd,1204,M9W,Condominium,1,Etobicoke North
4336367,STR-2408-FGPFBP,109 Ossington Ave,516,M6J,Condominium,10,Spadina-Fort York
4336368,STR-2408-FXBFBR,25 Perth Ave,,M6R,Townhouse/ Row House,9,Davenport
4336369,STR-2408-GMPFBT,16 Valencia Cres,,M6L,Single/Semi-detached House,5,York South-Weston
4336370,STR-2408-GVVFBV,14 York St,3810,M5J,Condominium,10,Spadina-Fort York
4336371,STR-2408-HDBFBW,171 Munro St,,M4M,Single/Semi-detached House,14,Toronto-Danforth
4336372,STR-2408-HLHFBX,140 Simcoe St,220,M5H,Condominium,10,Spadina-Fort York
4336373,STR-2408-HTPFBY,115 Sixteenth St,,M8V,Single/Semi-detached House,3,Etobicoke-Lakeshore
4336374,STR-2408-FHDSBP,260 Wellesley St E,2304,M4X,Apartment,13,Toronto Centre
4336375,STR-2408-FQKSBQ,255 Richmond St E,202,M5A,Condominium,13,Toronto Centre
4336376,STR-2408-GPDSBT,69 Hewitt Ave,,M6R,Single/Semi-detached House,4,Parkdale-High Park
4336377,STR-2408-GWKSBV,39 Roehampton Ave,1801,M4P,Condominium,12,Toronto-St. Paul's
4336378,STR-2408-HDRSBW,44 Collingdale Rd,,M9V,Single/Semi-detached House,1,Etobicoke North
4336379,STR-2408-HVDSBY,30 Nelson St,906,M5V,Condominium,10,Spadina-Fort York
4336380,STR-2408-JCKSBZ,20 Blue Jays Way,318,M5V,Condominium,10,Spadina-Fort York
4336381,STR-2408-FHVFBP,50 Cosburn Ave,414,M4K,Apartment,14,Toronto-Danforth
4336382,STR-2408-FRBFBQ,5 Richgrove Dr,203,M9R,Townhouse/ Row House,1,Etobicoke North
4336383,STR-2408-GGPFBS,15 Cummings St,1,M4M,Townhouse/ Row House,14,Toronto-Danforth
4336384,STR-2408-GXBFBV,231 Fort York Blvd,2406,M5V,Condominium,10,Spadina-Fort York
4336385,STR-2408-HFHFBW,15 Iceboat Ter,3215,M5V,Condominium,10,Spadina-Fort York
4336386,STR-2408-HVVFBY,30 Shore Breeze Dr,527,M8V,Condominium,3,Etobicoke-Lakeshore
4336387,STR-2408-JDBFBZ,30 Nelson St,3503,M5V,Condominium,10,Spadina-Fort York
4336388,STR-2408-GQKSBT,23 Brant St,501,M5V,Condominium,10,Spadina-Fort York
4336389,STR-2408-GXRSBV,100 Grandville Ave,2,M6N,Single/Semi-detached House,5,York South-Weston
4336390,STR-2408-HPDSBX,101 Peter St,1509,M5V,Condominium,10,Spadina-Fort York
4336391,STR-2408-HWKSBY,11 Liam Foudy Crt,,M1P,Single/Semi-detached House,21,Scarborough Centre
4336392,STR-2408-JDRSBZ,209 Fort York Blvd,663,M5V,Condominium,10,Spadina-Fort York
4336393,STR-2408-FSHFBQ,2 Cross St,,M6J,Single/Semi-detached House,9,Davenport
4336394,STR-2408-FZPFBR,1830 Lake Shore Blvd E,Upper,M4L,Townhouse/ Row House,19,Beaches-East York
4336395,STR-2408-GRBFBT,21 Iceboat Ter,2906,M5V,Condominium,10,Spadina-Fort York
4336396,STR-2408-HGPFBW,5 Sheppard Ave E,4322,M2N,Condominium,18,Willowdale
4336397,STR-2408-HPVFBX,9 Spruce Hill Rd,,M4E,Single/Semi-detached House,19,Beaches-East York
4336398,STR-2408-JFHFBZ,1787 St Clair Ave W,206,M6N,Condominium,9,Davenport
4336399,STR-2408-FKRSBP,525 Chaplin Cres,405,M5N,Apartment,8,Eglinton-Lawrence
4336400,STR-2408-FSXSBQ,171 Harbord St,4,M5S,Apartment,11,University-Rosedale
4336401,STR-2408-GBDSBR,12 Smith Cres,,M8Z,Single/Semi-detached House,3,Etobicoke-Lakeshore
4336402,STR-2408-GJKSBS,560 Front St W,629,M5V,Condominium,10,Spadina-Fort York
4336403,STR-2408-GRRSBT,45 Baseball Pl,403,M4M,Condominium,14,Toronto-Danforth
4336404,STR-2408-GYXSBV,210 Victoria St,3506,M5B,Condominium,13,Toronto Centre
4336405,STR-2408-HHDSBW,21 Iceboat Ter,2705,M5V,Condominium,10,Spadina-Fort York
4336406,STR-2408-HQKSBX,114 Brandon Ave,,M6H,Single/Semi-detached House,9,Davenport
4336407,STR-2408-HXRSBY,139 Homestead Rd,,M1E,Townhouse/ Row House,25,Scarborough-Rouge Park
4336408,STR-2408-JFXSBZ,156 Welland Ave,,M4T,Single/Semi-detached House,11,University-Rosedale
4336409,STR-2408-FLHFBP,245 Dalesford Rd,301,M8Y,Condominium,3,Etobicoke-Lakeshore
4336410,STR-2408-GKBFBS,101 Peter St,1003,M5V,Condominium,10,Spadina-Fort York
4336411,STR-2408-GSHFBT,42 Day Ave,Main,M6E,Duplex/Triplex/Fourplex,9,Davenport
4336412,STR-2408-GZPFBV,251 Jarvis St,5004,M5B,Condominium,13,Toronto Centre
4336413,STR-2408-HRBFBX,210 Victoria St,816,M5B,Condominium,13,Toronto Centre
4336414,STR-2408-HYHFBY,14 York St,6501,M5J,Condominium,10,Spadina-Fort York
4336415,STR-2408-JGPFBZ,114 Dovercourt Rd,,M6J,Single/Semi-detached House,9,Davenport
4336416,STR-2408-GCLYBS,2 Augusta Ave,1305,M5V,Condominium,10,Spadina-Fort York
4336417,STR-2408-GKSYBT,832 Bay St,2202,M5S,Condominium,11,University-Rosedale
4336418,STR-2408-HBFYBW,35 Fountainhead Rd,215,M3J,Apartment,7,Humber River-Black Creek
4336419,STR-2408-HJLYBX,810 College St,3,M6G,Apartment,11,University-Rosedale
4336420,STR-2408-HRSYBY,15 Aldershot Cres,,M2P,Single/Semi-detached House,15,Don Valley West
4336421,STR-2408-HYYYBZ,543 Richmond St W,738,M5V,Condominium,10,Spadina-Fort York
4336422,STR-2408-FFJLBP,588 Indian Grv,,M6P,Townhouse/ Row House,4,Parkdale-High Park
4336423,STR-2408-FMQLBQ,21 Iceboat Ter,2806,M5V,Condominium,10,Spadina-Fort York
4336424,STR-2408-FVWLBR,15 Iceboat Ter,3712,M5V,Condominium,10,Spadina-Fort York
4336425,STR-2408-GDCLBS,181 William Duncan Rd,2,M3K,Townhouse/ Row House,6,York Centre
4336426,STR-2408-GTQLBV,55 Raeburn Ave,,M3H,Single/Semi-detached House,6,York Centre
4336427,STR-2408-HKCLBX,2092 Yonge St,A,M4S,Apartment,12,Toronto-St. Paul's
4336428,STR-2408-FFYYBP,190 Edmonton Dr,,M2J,Single/Semi-detached House,17,Don Valley North
4336429,STR-2408-FPFYBQ,251 Jarvis St,3209,M5B,Condominium,13,Toronto Centre
4336430,STR-2408-FWLYBR,28 Tecumseth St,Upper,M5V,Townhouse/ Row House,10,Spadina-Fort York
4336431,STR-2408-HCLYBW,376 Bartlett Ave N,,M6H,Single/Semi-detached House,9,Davenport
4336432,STR-2408-HKSYBX,543 Richmond St W,1205,M5V,Condominium,10,Spadina-Fort York
4336433,STR-2408-HSYYBY,279 Ossington Ave,,M6J,Single/Semi-detached House,11,University-Rosedale
4336434,STR-2408-JBFYBZ,92 Jones Ave,,M4M,Single/Semi-detached House,14,Toronto-Danforth
4336435,STR-2408-FGQLBP,6 Eva Rd,1310,M9C,Condominium,2,Etobicoke Centre
4336436,STR-2408-FPWLBQ,98 Lillian St,421,M4S,Condominium,12,Toronto-St. Paul's
4336437,STR-2408-GFJLBS,270 Wellington St W,704,M5V,Condominium,10,Spadina-Fort York
4336438,STR-2408-FHFYBP,206 De Grassi St,,M4M,Townhouse/ Row House,14,Toronto-Danforth
4336439,STR-2408-FQLYBQ,251 Jarvis St,826,M5B,Condominium,13,Toronto Centre
4336440,STR-2408-FXSYBR,77 Silverthorn Ave,,M6N,Townhouse/ Row House,9,Davenport
4336441,STR-2408-GFYYBS,58 Wortham Dr,,M1G,Single/Semi-detached House,24,Scarborough-Guildwood
4336442,STR-2408-GPFYBT,832 Bay St,1109,M5S,Condominium,11,University-Rosedale
4336443,STR-2408-GWLYBV,9 Stafford Rd,,M2R,Single/Semi-detached House,18,Willowdale
4336444,STR-2408-HDSYBW,151 Dan Leckie Way,639,M5V,Condominium,10,Spadina-Fort York
4336445,STR-2408-HLYYBX,98 Lillian St,811,M4S,Condominium,12,Toronto-St. Paul's
4336446,STR-2408-JCLYBZ,219 Fort York Blvd,3207,M5V,Condominium,10,Spadina-Fort York
4336447,STR-2408-FHWLBP,17 Zorra St,2203,M8Z,Condominium,3,Etobicoke-Lakeshore
4336448,STR-2408-FRCLBQ,69 Walmer Rd,1,M5R,Duplex/Triplex/Fourplex,11,University-Rosedale
4336449,STR-2408-GGQLBS,96 Fort York Blvd,G01,M5V,Condominium,10,Spadina-Fort York
4336450,STR-2408-GPWLBT,12 Dearbourne Ave,,M4K,Single/Semi-detached House,14,Toronto-Danforth
4336451,STR-2408-GXCLBV,20 Machells Ave,109,M6K,Townhouse/ Row House,10,Spadina-Fort York
4336452,STR-2408-JDCLBZ,34 Western Battery Rd,411,M6K,Condominium,10,Spadina-Fort York
4336453,STR-2408-FYYYBR,383 Concord Ave,,M6H,Single/Semi-detached House,9,Davenport
4336454,STR-2408-GQLYBT,50 Ordnance St,410,M6K,Condominium,10,Spadina-Fort York
4336455,STR-2408-FZQLBR,251 Jarvis St,5007,M5B,Condominium,13,Toronto Centre
4336456,STR-2408-GHWLBS,225 Wellesley St E,914,M4X,Condominium,13,Toronto Centre
4336457,STR-2408-GRCLBT,21 Iceboat Ter,3715,M5V,Condominium,10,Spadina-Fort York
4336458,STR-2408-GYJLBV,300 Front St W,2711,M5V,Condominium,10,Spadina-Fort York
4336459,STR-2408-HGQLBW,14 Gramercy Sq,,M1X,Single/Semi-detached House,25,Scarborough-Rouge Park
4336460,STR-2408-HPWLBX,21 Iceboat Ter,4003,M5V,Condominium,10,Spadina-Fort York
4336461,STR-2408-FKSYBP,151 Dan Leckie Way,1911,M5V,Condominium,10,Spadina-Fort York
4336462,STR-2408-FSYYBQ,210 Victoria St,3605,M5B,Condominium,13,Toronto Centre
4336463,STR-2408-GBFYBR,246 Armour Blvd,,M3H,Single/Semi-detached House,6,York Centre
4336464,STR-2408-GRSYBT,210 Victoria St,2510,M5B,Condominium,13,Toronto Centre
4336465,STR-2408-GYYYBV,38 Grenville St,3410,M4Y,Condominium,13,Toronto Centre
4336466,STR-2408-HQLYBX,20 Galley Ave,2,M6R,Duplex/Triplex/Fourplex,4,Parkdale-High Park
4336467,STR-2408-HXSYBY,12 Symes Rd,102,M6N,Townhouse/ Row House,5,York South-Weston
4336468,STR-2408-JFYYBZ,105 George St,1611,M5A,Condominium,13,Toronto Centre
4336469,STR-2408-FLJLBP,219 Fort York Blvd,2706,M5V,Condominium,10,Spadina-Fort York
4336470,STR-2408-FTQLBQ,84 Ashburnham Rd,,M6H,Single/Semi-detached House,9,Davenport
4336471,STR-2408-GZQLBV,65 Bremner Blvd,4302,M5J,Condominium,10,Spadina-Fort York
4336472,STR-2408-HHWLBW,18 Saunders Ave,,M6R,Townhouse/ Row House,4,Parkdale-High Park
4336473,STR-2408-HRCLBX,1369 Bloor St W,1515,M6P,Condominium,9,Davenport
4336474,STR-2408-JGQLBZ,186B Gamma St,,M8W,Single/Semi-detached House,3,Etobicoke-Lakeshore
4336475,STR-2408-FDVFBP,29 McCartney St,,M9M,Single/Semi-detached House,7,Humber River-Black Creek
4336476,STR-2408-FMBFBQ,734 Shaw St,Main,M6G,Duplex/Triplex/Fourplex,11,University-Rosedale
4336477,STR-2408-FVHFBR,15 Iceboat Ter,3715,M5V,Condominium,10,Spadina-Fort York
4336478,STR-2408-GCPFBS,638 McCowan Rd,,M1J,Single/Semi-detached House,21,Scarborough Centre
4336479,STR-2408-GKVFBT,230 Logan Ave,,M4M,Single/Semi-detached House,14,Toronto-Danforth
4336480,STR-2408-HJPFBX,53 Sixteenth St,,M8V,Single/Semi-detached House,3,Etobicoke-Lakeshore
4336481,STR-2408-HRVFBY,32 Westwood Ave,,M4K,Single/Semi-detached House,14,Toronto-Danforth
4336482,STR-2408-FFKSBP,40 Halton St,,M6J,Single/Semi-detached House,10,Spadina-Fort York
4336483,STR-2408-FMRSBQ,2240 Weston Rd,802,M9N,Condominium,5,York South-Weston
4336484,STR-2408-FVXSBR,83 Borough Dr,305,M1P,Condominium,21,Scarborough Centre
4336485,STR-2408-GDDSBS,63 Cameron St,1,M5T,Townhouse/ Row House,10,Spadina-Fort York
4336486,STR-2408-GLKSBT,300 Front St W,613,M5V,Condominium,10,Spadina-Fort York
4336487,STR-2408-GTRSBV,38 Dan Leckie Way,2109,M5V,Condominium,10,Spadina-Fort York
4336488,STR-2408-HBXSBW,300 Front St W,4302,M5V,Condominium,10,Spadina-Fort York
4336489,STR-2408-HZRSBZ,38 Niagara St,1,M5V,Condominium,10,Spadina-Fort York
4336490,STR-2408-FGBFBP,1 Ruttan St,213,M6P,Condominium,9,Davenport
4336491,STR-2408-FPHFBQ,2 Eva Rd,2822,M9C,Condominium,2,Etobicoke Centre
4336492,STR-2408-FWPFBR,177 Redpath Ave,903,M4P,Apartment,12,Toronto-St. Paul's
4336493,STR-2408-GVHFBV,415 Clinton St,,M6G,Single/Semi-detached House,11,University-Rosedale
4336494,STR-2408-HTBFBY,15 Battenberg Ave,,M4L,Single/Semi-detached House,19,Beaches-East York
4336495,STR-2408-FPXSBQ,151 Dan Leckie Way,739,M5V,Condominium,10,Spadina-Fort York
4336496,STR-2408-FXDSBR,20 John St,1118,M5V,Apartment,10,Spadina-Fort York
4336497,STR-2408-GMRSBT,17 Zorra St,310E,M8Z,Condominium,3,Etobicoke-Lakeshore
4336498,STR-2501-HWDYBY,158 Symington Ave,,M6P,Single/Semi-detached House,9,Davenport
4336499,STR-2408-GVXSBV,300 Front St W,1410,M5V,Condominium,10,Spadina-Fort York
4336500,STR-2408-HDDSBW,101 Peter St,507,M5V,Condominium,10,Spadina-Fort York
4336501,STR-2408-HLKSBX,151 Dan Leckie Way,1901,M5V,Condominium,10,Spadina-Fort York
4336502,STR-2408-HTRSBY,209 Fort York Blvd,578,M5V,Condominium,10,Spadina-Fort York
4336503,STR-2408-JBXSBZ,161 Dupont St,3,M5R,Duplex/Triplex/Fourplex,11,University-Rosedale
4336504,STR-2408-FHHFBP,972 Bathurst St,2,M5R,Apartment,11,University-Rosedale
4336505,STR-2408-HMBFBX,34 Simpson Ave,,M4K,Single/Semi-detached House,14,Toronto-Danforth
4336506,STR-2408-FHXSBP,61 Redwood Ave,,M4L,Single/Semi-detached House,14,Toronto-Danforth
4336507,STR-2408-FYKSBR,65 Bremner Blvd,2209,M5J,Condominium,10,Spadina-Fort York
4336508,STR-2408-GGRSBS,63 Darby Crt,,M1B,Single/Semi-detached House,25,Scarborough-Rouge Park
4336509,STR-2408-GXDSBV,65 Bremner Blvd,4102,M5J,Condominium,10,Spadina-Fort York
4336510,STR-2408-HVXSBY,400 The East Mall,311,M9B,Townhouse/ Row House,2,Etobicoke Centre
4336511,STR-2408-JDDSBZ,69 Sheridan Ave,,M6K,Townhouse/ Row House,9,Davenport
4336512,STR-2408-FRVFBQ,102 Betty Ann Dr,,M2N,Single/Semi-detached House,18,Willowdale
4336513,STR-2408-GHHFBS,7 Daniel Cozens Crt,BSMNT,M2R,Single/Semi-detached House,18,Willowdale
4336514,STR-2408-GQPFBT,16 Symes Rd,104,M6N,Townhouse/ Row House,5,York South-Weston
4336515,STR-2408-GXVFBV,2300 St Clair Ave W,105,M6N,Condominium,5,York South-Weston
4336516,STR-2408-HPHFBX,188 Cumberland St,408,M5R,Condominium,11,University-Rosedale
4336517,STR-2408-HWPFBY,560 Front St W,PH 24,M5V,Condominium,10,Spadina-Fort York
4336518,STR-2408-JDVFBZ,105 George St,311,M5A,Condominium,13,Toronto Centre
4336519,STR-2408-FKDSBP,1195 The Queensway,317,M8Z,Condominium,3,Etobicoke-Lakeshore
4336520,STR-2408-FZRSBR,88 Sheppard Ave E,1903,M2N,Condominium,18,Willowdale
4336521,STR-2408-GHXSBS,112H Morse St,,M4M,Townhouse/ Row House,14,Toronto-Danforth
4336522,STR-2408-HXDSBY,10 Arborview Cres,,M9W,Single/Semi-detached House,1,Etobicoke North
4336523,STR-2408-FKVFBP,225 Village Green Sq,1108,M1S,Condominium,22,Scarborough-Agincourt
4336524,STR-2408-FTBFBQ,56 Dixon Rd,,M9P,Single/Semi-detached House,1,Etobicoke North
4336525,STR-2408-GBHFBR,832 Bay St,3902,M5S,Apartment,11,University-Rosedale
4336526,STR-2408-GJPFBS,55 East Liberty St,1501,M6K,Condominium,10,Spadina-Fort York
4336527,STR-2408-GRVFBT,17 Moore Park Ave,,M2M,Single/Semi-detached House,18,Willowdale
4336528,STR-2408-HHHFBW,38 Elm St,2910,M5G,Condominium,11,University-Rosedale
4336529,STR-2408-HQPFBX,781 St Clair Ave W,12,M6C,Apartment,12,Toronto-St. Paul's
4336530,STR-2408-HXVFBY,2667 Kipling Ave,1807,M9V,Apartment,1,Etobicoke North
4336531,STR-2408-FLKSBP,9 Bentley Dr,,M8Z,Single/Semi-detached House,3,Etobicoke-Lakeshore
4336532,STR-2408-FTRSBQ,176 Munro St,,M4M,Townhouse/ Row House,14,Toronto-Danforth
4336533,STR-2408-GKDSBS,89 Queen St E,3,M5C,Apartment,13,Toronto Centre
4336534,STR-2408-GSKSBT,21 Iceboat Ter,3709,M5V,Condominium,10,Spadina-Fort York
4336535,STR-2408-HHXSBW,215 Fort York Blvd,2201,M5V,Condominium,10,Spadina-Fort York
4336536,STR-2408-HRDSBX,12 Sudbury St,210,M6J,Townhouse/ Row House,10,Spadina-Fort York
4336537,STR-2408-JGRSBZ,637 Lake Shore Blvd W,623,M5V,Condominium,10,Spadina-Fort York
4336538,STR-2408-FVJLBR,560 Front St W,513,M5V,Condominium,10,Spadina-Fort York
4336539,STR-2408-GCQLBS,300 Front St W,4309,M5V,Condominium,10,Spadina-Fort York
4336540,STR-2408-GKWLBT,138 Newton Dr,,M2M,Single/Semi-detached House,18,Willowdale
4336541,STR-2408-GTCLBV,1108 Bloor St W,2,M6H,Apartment,9,Davenport
4336542,STR-2408-HBJLBW,54 Cameron Ave,3,M6M,Apartment,5,York South-Weston
4336543,STR-2408-HJQLBX,29 Vince Ave,,M4L,Single/Semi-detached House,19,Beaches-East York
4336544,STR-2408-HRWLBY,155 Yorkville Ave,516,M5R,Condominium,11,University-Rosedale
4336545,STR-2408-HZCLBZ,75 Hartleywood Dr,,M1S,Single/Semi-detached House,23,Scarborough North
4336546,STR-2411-HQJSBX,18 Reigate Rd,,M9A,Single/Semi-detached House,2,Etobicoke Centre
4336547,STR-2408-FFLYBP,750 Bay St,807,M5G,Condominium,11,University-Rosedale
4336548,STR-2408-GDFYBS,9 Mabelle Ave,2023,M9A,Apartment,3,Etobicoke-Lakeshore
4336549,STR-2408-HKFYBX,180 Lippincott St,,M5S,Single/Semi-detached House,11,University-Rosedale
4336550,STR-2408-HSLYBY,11 Wild Rose Gdns,,M6L,Single/Semi-detached House,5,York South-Weston
4336551,STR-2408-FPJLBQ,409 Strathmore Blvd,,M4C,Single/Semi-detached House,19,Beaches-East York
4336552,STR-2408-GDWLBS,127 Lilian Dr,,M1R,Single/Semi-detached House,21,Scarborough Centre
4336553,STR-2408-GMCLBT,147 Madison Ave,BSMT,M5R,Single/Semi-detached House,11,University-Rosedale
4336554,STR-2408-GVJLBV,800 King St W,217,M5V,Condominium,10,Spadina-Fort York
4336555,STR-2408-HKWLBX,44 Northey Dr,Main,M2L,Single/Semi-detached House,15,Don Valley West
4336556,STR-2408-JBJLBZ,209 Fort York Blvd,165,M5V,Condominium,10,Spadina-Fort York
4336557,STR-2408-FPYYBQ,15 Valiant Rd,,M8X,Single/Semi-detached House,3,Etobicoke-Lakeshore
4336558,STR-2408-GFLYBS,50 Euclid Ave,,M6J,Single/Semi-detached House,10,Spadina-Fort York
4336559,STR-2408-GMSYBT,22 Western Battery Rd,107,M6K,Townhouse/ Row House,10,Spadina-Fort York
4336560,STR-2408-GVYYBV,506 Bathurst St,2,M5S,Duplex/Triplex/Fourplex,11,University-Rosedale
4336561,STR-2408-HDFYBW,251 Jarvis St,3508,M5B,Condominium,13,Toronto Centre
4336562,STR-2408-HTSYBY,715 Lawrence Ave W,26,M6A,Condominium,8,Eglinton-Lawrence
4336563,STR-2408-JBYYBZ,77 Davisville Ave,2001,M4S,Apartment,12,Toronto-St. Paul's
4336564,STR-2408-FHJLBP,396 Winona Dr,Upper,M6C,Single/Semi-detached House,9,Davenport
4336565,STR-2408-FQQLBQ,6 Camilla Cres,,M1L,Single/Semi-detached House,20,Scarborough Southwest
4336566,STR-2408-GWQLBV,1 Highcourt Cres,,M1H,Single/Semi-detached House,24,Scarborough-Guildwood
4336567,STR-2408-HDWLBW,500 Sherbourne St,3403,M4X,Condominium,13,Toronto Centre
4336568,STR-2408-HMCLBX,37 Coppermill Dr,,M9W,Single/Semi-detached House,1,Etobicoke North
4336569,STR-2408-HVJLBY,112 George St,537,M5A,Condominium,13,Toronto Centre
4336570,STR-2408-JCQLBZ,155 Yorkville Ave,1414,M5R,Condominium,11,University-Rosedale
4336571,STR-2408-FHYYBP,512 Bathurst St,4,M5S,Duplex/Triplex/Fourplex,11,University-Rosedale
4336572,STR-2408-FRFYBQ,54 Robert St,,M5S,Single/Semi-detached House,11,University-Rosedale
4336573,STR-2408-FYLYBR,12 York St,4305,M5J,Condominium,10,Spadina-Fort York
4336574,STR-2408-HMSYBX,101 Peter St,1907,M5V,Condominium,10,Spadina-Fort York
4336575,STR-2408-HVYYBY,2241 Bloor St W,205,M6S,Apartment,4,Parkdale-High Park
4336576,STR-2408-JDFYBZ,80 Madison Ave,,M5R,Single/Semi-detached House,11,University-Rosedale
4336577,STR-2408-FJQLBP,95 Northern Dancer Blvd,,M4L,Single/Semi-detached House,19,Beaches-East York
4336578,STR-2408-FZCLBR,713 The Queensway,A,M8Y,Apartment,3,Etobicoke-Lakeshore
4336579,STR-2408-GHJLBS,1787 St Clair Ave W,905,M6N,Condominium,9,Davenport
4336580,STR-2408-GQQLBT,151 Dan Leckie Way,1905,M5V,Condominium,10,Spadina-Fort York
4336581,STR-2408-GXWLBV,50 Corby Ave,,M6E,Single/Semi-detached House,9,Davenport
4336582,STR-2408-HGCLBW,1 Dundee Dr,,M3J,Single/Semi-detached House,7,Humber River-Black Creek
4336583,STR-2408-JDWLBZ,15 Iceboat Ter,2215,M5V,Condominium,10,Spadina-Fort York
4336584,STR-2408-FKFYBP,27 Piggott Mews,,M9N,Townhouse/ Row House,5,York South-Weston
4336585,STR-2408-FZSYBR,55 Ferrand Dr,,M3C,Townhouse/ Row House,16,Don Valley East
4336586,STR-2408-GHYYBS,355 Riverdale Ave,,M4J,Single/Semi-detached House,14,Toronto-Danforth
4336587,STR-2408-GYLYBV,2119 Lake Shore Blvd W,907,M8V,Condominium,3,Etobicoke-Lakeshore
4336588,STR-2408-GRWLBT,300 Front St W,3307,M5V,Condominium,10,Spadina-Fort York
4336589,STR-2408-HHJLBW,912 Dundas St E,1,M4M,Duplex/Triplex/Fourplex,14,Toronto-Danforth
4336590,STR-2408-HQQLBX,139 Poplar Rd,Garden Suite,M1E,Single/Semi-detached House,24,Scarborough-Guildwood
4336591,STR-2408-HXWLBY,14 York St,4803,M5J,Condominium,10,Spadina-Fort York
4336592,STR-2408-FTSYBQ,86 Aldershot Cres,,M2P,Single/Semi-detached House,15,Don Valley West
4336593,STR-2408-GBYYBR,101 Peter St,3512,M5V,Condominium,10,Spadina-Fort York
4336594,STR-2408-GSLYBT,95 Nipigon Ave,,M2M,Single/Semi-detached House,18,Willowdale
4336595,STR-2408-GZSYBV,10 Gardentree St,,M1E,Single/Semi-detached House,24,Scarborough-Guildwood
4336596,STR-2408-HHYYBW,50 Brian Harrison Way,2810,M1P,Condominium,21,Scarborough Centre
4336597,STR-2408-HRFYBX,78 Hanson St,,M4C,Single/Semi-detached House,19,Beaches-East York
4336598,STR-2408-HYLYBY,14 Milkwood Ave,,M9V,Duplex/Triplex/Fourplex,1,Etobicoke North
4336599,STR-2408-JGSYBZ,1 Wagner Dr,,M1E,Single/Semi-detached House,24,Scarborough-Guildwood
4336600,STR-2408-FDXSBP,12 York St,4107,M5J,Condominium,10,Spadina-Fort York
4336601,STR-2408-FMDSBQ,219 Fort York Blvd,614,M5V,Condominium,10,Spadina-Fort York
4336602,STR-2408-FVKSBR,151 Dan Leckie Way,249,M5V,Condominium,10,Spadina-Fort York
4336603,STR-2408-GCRSBS,693 Craven Rd,,M4L,Single/Semi-detached House,14,Toronto-Danforth
4336604,STR-2408-GKXSBT,83 O'Connor Dr,,M4K,Single/Semi-detached House,14,Toronto-Danforth
4336605,STR-2408-GTDSBV,5800 Sheppard Ave E,415,M1B,Condominium,23,Scarborough North
4336606,STR-2408-HRXSBY,251 Jarvis St,1410,M5B,Condominium,13,Toronto Centre
4336607,STR-2408-HZDSBZ,700 King St W,616,M5V,Condominium,10,Spadina-Fort York
4336608,STR-2408-FFPFBP,21 Iceboat Ter,2303,M5V,Condominium,10,Spadina-Fort York
4336609,STR-2408-FMVFBQ,136 Argyle St,1,M6J,Single/Semi-detached House,10,Spadina-Fort York
4336610,STR-2408-FWBFBR,153 King Edward Ave,,M4C,Single/Semi-detached House,19,Beaches-East York
4336611,STR-2409-GDHFBS,100 Crockamhill Dr,,M1S,Single/Semi-detached House,23,Scarborough North
4336612,STR-2409-GLPFBT,170 Fairlawn Ave,,M5M,Single/Semi-detached House,8,Eglinton-Lawrence
4336613,STR-2409-GTVFBV,11 Lillian St,1506,M4S,Condominium,12,Toronto-St. Paul's
4336614,STR-2409-HCBFBW,5 Philpott Gdns,,M4E,Townhouse/ Row House,19,Beaches-East York
4336615,STR-2409-HKHFBX,219 Fort York Blvd,2307,M5V,Condominium,10,Spadina-Fort York
4336616,STR-2409-HSPFBY,199 Richmond St W,722,M5V,Condominium,10,Spadina-Fort York
4336617,STR-2409-HZVFBZ,919 Dufferin St,1407,M6H,Condominium,9,Davenport
4336618,STR-2409-FWRSBR,155 Yorkville Ave,1610,M5R,Condominium,11,University-Rosedale
4336619,STR-2409-GMDSBT,109 Ossington Ave,614,M6J,Condominium,10,Spadina-Fort York
4336620,STR-2409-GVKSBV,33 Rosehill Ave,1803,M4T,Apartment,12,Toronto-St. Paul's
4336621,STR-2409-HCRSBW,52 Sumach St,101,M5A,Condominium,13,Toronto Centre
4336622,STR-2409-HKXSBX,14 Chelway Rd,,M1J,Single/Semi-detached House,24,Scarborough-Guildwood
4336623,STR-2409-HTDSBY,832 Bay St,5010,M5S,Condominium,11,University-Rosedale
4336624,STR-2409-JBKSBZ,14 Ravenrock Crt,,M3A,Single/Semi-detached House,16,Don Valley East
4336625,STR-2409-FGVFBP,1214 Shaw St,,M6G,Single/Semi-detached House,12,Toronto-St. Paul's
4336626,STR-2409-GFPFBS,25 Dallner Rd,420,M3L,Apartment,7,Humber River-Black Creek
4336627,STR-2409-GWBFBV,34 Kimbourne Ave,,M4J,Single/Semi-detached House,14,Toronto-Danforth
4336628,STR-2409-HDHFBW,99 Cameron St,719,M5T,Condominium,10,Spadina-Fort York
4336629,STR-2409-HLPFBX,18 Maitland Ter,1709,M4Y,Condominium,13,Toronto Centre
4336630,STR-2409-HTVFBY,155 Yorkville Ave,2003,M5R,Condominium,11,University-Rosedale
4336631,STR-2409-JCBFBZ,22 Earlthorpe Cres,,M1H,Single/Semi-detached House,24,Scarborough-Guildwood
4336632,STR-2409-FQRSBQ,1544 Dundas St E,,M4L,Single/Semi-detached House,14,Toronto-Danforth
4336633,STR-2409-FXXSBR,199 Richmond St W,207,M5V,Condominium,10,Spadina-Fort York
4336634,STR-2409-GGDSBS,34 Taverly Rd,,M2J,Single/Semi-detached House,17,Don Valley North
4336635,STR-2409-HMDSBX,60 Clipper Rd,1406,M2J,Apartment,17,Don Valley North
4336636,STR-2409-HVKSBY,92 Olive Ave,,M6G,Single/Semi-detached House,11,University-Rosedale
4336637,STR-2409-JCRSBZ,26 Eunice Rd,,M2K,Single/Semi-detached House,17,Don Valley North
4336638,STR-2409-FJBFBP,18 Yonge St,2101,M5E,Condominium,10,Spadina-Fort York
4336639,STR-2409-GGVFBS,832 Bay St,3407,M5S,Condominium,11,University-Rosedale
4336640,STR-2409-GQBFBT,427 Sackville St,,M4X,Single/Semi-detached House,13,Toronto Centre
4336641,STR-2409-GXHFBV,385 Milverton Blvd,,M4J,Single/Semi-detached House,14,Toronto-Danforth
4336642,STR-2409-HWBFBY,467 Renforth Dr,,M9C,Single/Semi-detached House,2,Etobicoke Centre
4336643,STR-2409-JDHFBZ,10 Capreol Crt,2005,M5V,Condominium,10,Spadina-Fort York
4336644,STR-2409-FRXSBQ,30 Nelson St,2802,M5V,Condominium,10,Spadina-Fort York
4336645,STR-2409-FZDSBR,10 Capreol Crt,653,M5V,Condominium,10,Spadina-Fort York
4336646,STR-2409-GHKSBS,63D View Green Cres,,M9W,Townhouse/ Row House,1,Etobicoke North
4336647,STR-2409-GQRSBT,143 Lake Cres,,M8V,Single/Semi-detached House,3,Etobicoke-Lakeshore
4336648,STR-2409-GXXSBV,5 Leonard Ave,C,M5T,Duplex/Triplex/Fourplex,11,University-Rosedale
4336649,STR-2409-HGDSBW,38 Widmer St,507,M5V,Condominium,10,Spadina-Fort York
4336650,STR-2409-HPKSBX,6 Glen Rd,,M4X,Single/Semi-detached House,13,Toronto Centre
4336651,STR-2409-FZVFBR,80 Western Battery Rd,222,M6K,Condominium,10,Spadina-Fort York
4336652,STR-2409-GJBFBS,5174A Dundas St W,,M9A,Apartment,3,Etobicoke-Lakeshore
4336653,STR-2409-HGVFBW,18 Yonge St,3006,M5E,Condominium,10,Spadina-Fort York
4336654,STR-2409-HQBFBX,269 Sterling Rd,,M6R,Single/Semi-detached House,9,Davenport
4336655,STR-2409-JFPFBZ,701 King St W,712,M5V,Condominium,10,Spadina-Fort York
4336656,STR-2409-FTDSBQ,2789 Eglinton Ave E,409,M1J,Condominium,20,Scarborough Southwest
4336657,STR-2409-GJRSBS,448 Drewry Ave,,M2R,Single/Semi-detached House,18,Willowdale
4336658,STR-2409-GRXSBT,115 St Leonard's Ave,,M4N,Single/Semi-detached House,15,Don Valley West
4336659,STR-2409-GZDSBV,1359 Neilson Rd,56,M1B,Townhouse/ Row House,25,Scarborough-Rouge Park
4336660,STR-2409-HHKSBW,101 Peter St,3807,M5V,Condominium,10,Spadina-Fort York
4336661,STR-2409-HQRSBX,800 Lawrence Ave W,715,M6A,Condominium,8,Eglinton-Lawrence
4336662,STR-2409-HXXSBY,2654 Bayview Ave,,M2L,Single/Semi-detached House,15,Don Valley West
4336663,STR-2409-JGDSBZ,20 Joe Shuster Way,1315,M6K,Condominium,10,Spadina-Fort York
4336664,STR-2409-FLPFBP,14 York St,4404,M5J,Condominium,10,Spadina-Fort York
4336665,STR-2409-FTVFBQ,21 Iceboat Ter,1908,M5V,Condominium,10,Spadina-Fort York
4336666,STR-2409-GCBFBR,219 Fort York Blvd,3208,M5V,Condominium,10,Spadina-Fort York
4336667,STR-2409-GSPFBT,251 Jarvis St,804,M5B,Condominium,13,Toronto Centre
4336668,STR-2409-HJBFBW,636 Rhodes Ave,,M4J,Single/Semi-detached House,14,Toronto-Danforth
4336669,STR-2409-HRHFBX,14 York St,2406,M5J,Condominium,10,Spadina-Fort York
4336670,STR-2501-HJWSBX,125 Heward Ave,2,M4M,Duplex/Triplex/Fourplex,14,Toronto-Danforth
4336671,STR-2409-JGVFBZ,251 Jarvis St,2613,M5B,Condominium,13,Toronto Centre
4336672,STR-2409-FDYYBP,20 Minowan Miikan Lane,618,M6J,Condominium,9,Davenport
4336673,STR-2409-FMFYBQ,832 Bay St,1202,M5S,Condominium,11,University-Rosedale
4336674,STR-2409-FVLYBR,7 Granlea Rd,,M2N,Single/Semi-detached House,18,Willowdale
4336675,STR-2409-HJSYBX,194 Woodville Ave,,M4J,Single/Semi-detached House,14,Toronto-Danforth
4336676,STR-2409-FMWLBQ,251 Jarvis St,508,M5B,Condominium,13,Toronto Centre
4336677,STR-2409-FWCLBR,22 Goldwin Ave,,M6M,Single/Semi-detached House,5,York South-Weston
4336678,STR-2409-GDJLBS,955 Bay St,2017,M5S,Condominium,13,Toronto Centre
4336679,STR-2409-GLQLBT,861 Sheppard Ave W.,34,M3H,Condominium,6,York Centre
4336680,STR-2409-GTWLBV,296 Ossington Ave,,M6J,Single/Semi-detached House,9,Davenport
4336681,STR-2409-HCCLBW,39 Wiley Ave,,M4J,Single/Semi-detached House,14,Toronto-Danforth
4336682,STR-2409-HSQLBY,70 Distillery Lane,1002,M5A,Condominium,10,Spadina-Fort York
4336683,STR-2409-HZWLBZ,955 Bay St,2702,M5S,Condominium,13,Toronto Centre
4336684,STR-2409-FGFYBP,700 Humberwood Blvd,1628,M9W,Condominium,1,Etobicoke North
4336685,STR-2409-FPLYBQ,37 MacDonell Ave,1,M6R,Apartment,4,Parkdale-High Park
4336686,STR-2409-JBLYBZ,10 Capreol Crt,330,M5V,Condominium,10,Spadina-Fort York
4336687,STR-2409-FQCLBQ,208 Hillhurst Blvd,,M5N,Single/Semi-detached House,8,Eglinton-Lawrence
4336688,STR-2409-FXJLBR,15 Wildflower Way,,M1E,Single/Semi-detached House,25,Scarborough-Rouge Park
4336689,STR-2409-GFQLBS,21 Iceboat Ter,1711,M5V,Condominium,10,Spadina-Fort York
4336690,STR-2409-GMWLBT,20 Joe Shuster Way,1409,M6K,Condominium,10,Spadina-Fort York
4336691,STR-2409-HLQLBX,1198A Weston Rd,3,M6M,Apartment,5,York South-Weston
4336692,STR-2409-JCCLBZ,20 Tivoli Crt,,M1E,Single/Semi-detached House,24,Scarborough-Guildwood
4336693,STR-2409-FHLYBP,100 Harrison Garden Blvd,605,M2N,Condominium,18,Willowdale
4336694,STR-2409-FQSYBQ,115 Roxborough St W,,M5R,Single/Semi-detached House,11,University-Rosedale
4336695,STR-2409-FXYYBR,300 Front St W,2809,M5V,Condominium,10,Spadina-Fort York
4336696,STR-2409-GGFYBS,1221 Royal York Rd,,M9A,Single/Semi-detached House,2,Etobicoke Centre
4336697,STR-2409-GPLYBT,544 Delaware Ave N,,M6H,Single/Semi-detached House,9,Davenport
4336698,STR-2409-GWSYBV,60 Fairview Ave,,M6P,Single/Semi-detached House,4,Parkdale-High Park
4336699,STR-2409-HMFYBX,270 Wellington St W,623,M5V,Condominium,10,Spadina-Fort York
4336700,STR-2409-JCSYBZ,94 St Hubert Ave,,M4J,Single/Semi-detached House,14,Toronto-Danforth
4336701,STR-2409-FJCLBP,3648 St Clair Ave E,,M1M,Townhouse/ Row House,20,Scarborough Southwest
4336702,STR-2409-FRJLBQ,25 McManus Rd,,M9P,Single/Semi-detached House,2,Etobicoke Centre
4336703,STR-2409-FYQLBR,213 Belsize Dr,B,M4S,Single/Semi-detached House,15,Don Valley West
4336704,STR-2409-GGWLBS,77 Shanly St,,M6H,Single/Semi-detached House,9,Davenport
4336705,STR-2409-GQCLBT,219 Fort York Blvd,201,M5V,Condominium,10,Spadina-Fort York
4336706,STR-2409-HFQLBW,21 Cloverdale Rd,,M6N,Single/Semi-detached House,9,Davenport
4336707,STR-2409-HMWLBX,300 Front St W,208,M5V,Condominium,10,Spadina-Fort York
4336708,STR-2409-JDJLBZ,58 Belmont St,,M5R,Townhouse/ Row House,11,University-Rosedale
4336709,STR-2409-FJSYBP,891 Royal York Rd,,M8Y,Single/Semi-detached House,3,Etobicoke-Lakeshore
4336710,STR-2409-FZFYBR,12 York St,1201,M5J,Condominium,10,Spadina-Fort York
4336711,STR-2409-GQSYBT,48 Goulden Cres,,M1L,Single/Semi-detached House,20,Scarborough Southwest
4336712,STR-2409-GXYYBV,165 Legion Rd N,1522,M8Y,Condominium,3,Etobicoke-Lakeshore
4336713,STR-2409-HGFYBW,46 Sultana Ave,,M6A,Single/Semi-detached House,8,Eglinton-Lawrence
4336714,STR-2409-HPLYBX,155 Yorkville Ave,2007,M5R,Condominium,11,University-Rosedale
4336715,STR-2409-HWSYBY,135 Village Green Sq,2715,M1S,Condominium,22,Scarborough-Agincourt
4336716,STR-2409-JDYYBZ,61 Glenwood Cres,,M4B,Single/Semi-detached House,19,Beaches-East York
4336717,STR-2409-FSQLBQ,251 Jarvis St,3802,M5B,Condominium,13,Toronto Centre
4336718,STR-2409-FZWLBR,832 Bay St,604,M5S,Condominium,11,University-Rosedale
4336719,STR-2409-GYQLBV,12 York St,5410,M5J,Condominium,10,Spadina-Fort York
4336720,STR-2409-HGWLBW,251 Manitoba St,130,M8Y,Apartment,3,Etobicoke-Lakeshore
4336721,STR-2409-HQCLBX,188 Cumberland St,1602,M5R,Condominium,11,University-Rosedale
4336722,STR-2409-HXJLBY,98 Hiawatha Rd,2,M4L,Single/Semi-detached House,14,Toronto-Danforth
4336723,STR-2409-JFQLBZ,884 Queen St W,Rear,M6J,Apartment,10,Spadina-Fort York
4336724,STR-2409-FKYYBP,275 Mortimer Ave,,M4J,Single/Semi-detached House,14,Toronto-Danforth
4336725,STR-2409-GBLYBR,1555 Bloor St W,2,M6P,Apartment,4,Parkdale-High Park
4336726,STR-2409-GRYYBT,12 Kollar Dr,,M1G,Single/Semi-detached House,24,Scarborough-Guildwood
4336727,STR-2409-HHLYBW,730 Ontario St,1201,M4X,Apartment,13,Toronto Centre
4336728,STR-2409-HXYYBY,107 Huron St,,M5T,Townhouse/ Row House,11,University-Rosedale
4336729,STR-2409-JGFYBZ,9 Rusholme Park Cres,1,M6J,Single/Semi-detached House,9,Davenport
4336730,STR-2409-FLQLBP,71 MacDonell Ave,,M6R,Single/Semi-detached House,4,Parkdale-High Park
4336731,STR-2409-FTWLBQ,42 Wheeler Ave,,M4L,Single/Semi-detached House,19,Beaches-East York
4336732,STR-2409-HJCLBW,419 Brownfield Gdns,,M1C,Single/Semi-detached House,25,Scarborough-Rouge Park
4336733,STR-2409-HYQLBY,251 Jarvis St,307,M5B,Condominium,13,Toronto Centre
4336734,STR-2501-HSCSBY,43 Humber Trl,,M6S,Single/Semi-detached House,4,Parkdale-High Park
4336735,STR-2409-JGWLBZ,14 York St,4304,M5J,Condominium,10,Spadina-Fort York
4336736,STR-2409-FVPFBR,14 York St,2010,M5J,Condominium,10,Spadina-Fort York
4336737,STR-2409-GLBFBT,628 Fleet St,528,M5V,Condominium,10,Spadina-Fort York
4336738,STR-2409-GTHFBV,21 Iceboat Ter,2003,M5V,Condominium,10,Spadina-Fort York
4336739,STR-2409-HJVFBX,832 Bay St,1102,M5S,Condominium,11,University-Rosedale
4336740,STR-2409-HSBFBY,21 Iceboat Ter,2012,M5V,Condominium,10,Spadina-Fort York
4336741,STR-2409-FFRSBP,155 Yorkville Ave,1506,M5V,Condominium,11,University-Rosedale
4336742,STR-2409-FWDSBR,68 Broadview Ave,307,M4M,Condominium,14,Toronto-Danforth
4336743,STR-2409-GDKSBS,168 Dunn Ave,C,M6K,Duplex/Triplex/Fourplex,4,Parkdale-High Park
4336744,STR-2409-GLRSBT,251 Jarvis St,1227,M5B,Condominium,13,Toronto Centre
4336745,STR-2409-GTXSBV,195 De Grassi St,,M4M,Single/Semi-detached House,14,Toronto-Danforth
4336746,STR-2409-HCDSBW,37 Sunplains Cres,,M9C,Single/Semi-detached House,2,Etobicoke Centre
4336747,STR-2409-FPPFBQ,12 York St,4011,M5J,Apartment,10,Spadina-Fort York
4336748,STR-2409-FWVFBR,14 York St,2804,M5J,Condominium,10,Spadina-Fort York
4336749,STR-2409-GFBFBS,300 Front St W,1808,M5V,Condominium,10,Spadina-Fort York
4336750,STR-2409-GVPFBV,25 Belmont St,,M5R,Townhouse/ Row House,11,University-Rosedale
4336751,STR-2409-HCVFBW,736 Bay St,809,M5G,Condominium,11,University-Rosedale
4336752,STR-2409-HLBFBX,16 George Henry Blvd,,M2J,Single/Semi-detached House,17,Don Valley North
4336753,STR-2409-FGXSBP,22 Leader Lane,328,M5E,Condominium,13,Toronto Centre
4336754,STR-2409-FQDSBQ,307 Glenholme Ave,,M6E,Single/Semi-detached House,9,Davenport
4336755,STR-2409-FXKSBR,8 Charlotte St,608,M5V,Condominium,10,Spadina-Fort York
4336756,STR-2409-GFRSBS,439 Pacific Ave,,M6P,Single/Semi-detached House,4,Parkdale-High Park
4336757,STR-2409-HDKSBW,261 King St E,204,M5A,Apartment,13,Toronto Centre
4336758,STR-2409-HLRSBX,251 Jarvis St,4213,M5B,Condominium,13,Toronto Centre
4336759,STR-2409-HTXSBY,55 Bremner Blvd,4011,M5J,Condominium,10,Spadina-Fort York
4336760,STR-2409-JCDSBZ,30 Baseball Pl,826,M4M,Condominium,14,Toronto-Danforth
4336761,STR-2409-FHPFBP,300 Front St W,1804,M5V,Condominium,10,Spadina-Fort York
4336762,STR-2409-FQVFBQ,155 Yorkville Ave,2604,M5R,Condominium,11,University-Rosedale
4336763,STR-2409-FYBFBR,188 Cumberland St,1604,M5R,Condominium,11,University-Rosedale
4336764,STR-2409-GPPFBT,96 Dunblaine Ave,,M5M,Single/Semi-detached House,8,Eglinton-Lawrence
4336765,STR-2409-HFBFBW,263 Dunforest Ave,,M2N,Single/Semi-detached House,18,Willowdale
4336766,STR-2409-HVPFBY,21 Iceboat Ter,1507,M5V,Condominium,10,Spadina-Fort York
4336767,STR-2409-JCVFBZ,199 Richmond St W,509,M5V,Condominium,10,Spadina-Fort York
4336768,STR-2409-FJDSBP,52 St Lawrence St,226,M5A,Apartment,13,Toronto Centre
4336769,STR-2409-FRKSBQ,18 Yonge St,2708,M5E,Condominium,10,Spadina-Fort York
4336770,STR-2409-FYRSBR,300 Front St W,811,M5V,Condominium,10,Spadina-Fort York
4336771,STR-2409-GXKSBV,5 Sorauren Ave,7,M6R,Apartment,4,Parkdale-High Park
4336772,STR-2409-HMXSBX,101 Peter St,4006,M5V,Condominium,10,Spadina-Fort York
4336773,STR-2409-HWDSBY,250 Wellington St W,1245,M5V,Condominium,10,Spadina-Fort York
4336774,STR-2409-FJVFBP,101 Peter St,2709,M5V,Condominium,10,Spadina-Fort York
4336775,STR-2409-FSBFBQ,955 Bay St,1305,M5S,Condominium,13,Toronto Centre
4336776,STR-2409-FZHFBR,1196 Dovercourt Rd,,M6H,Single/Semi-detached House,9,Davenport
4336777,STR-2409-GQVFBT,262 Sterling Rd,,M6R,Single/Semi-detached House,9,Davenport
4336778,STR-2409-GYBFBV,2609 Kingston Rd,2,M1M,Apartment,20,Scarborough Southwest
4336779,STR-2409-HGHFBW,650 Parliament St,726,M4X,Apartment,13,Toronto Centre
4336780,STR-2409-HWVFBY,1420 Dupont St,707,M6H,Condominium,9,Davenport
4336781,STR-2409-JFBFBZ,87 Peter St,4607,M5V,Apartment,10,Spadina-Fort York
4336782,STR-2409-FKKSBP,69 King Edward Ave,,M4C,Single/Semi-detached House,19,Beaches-East York
4336783,STR-2409-FZXSBR,38 Grenville St,603,M4Y,Condominium,13,Toronto Centre
4336784,STR-2409-GJDSBS,16 Larkin Ave,,M6S,Single/Semi-detached House,4,Parkdale-High Park
4336785,STR-2409-GRKSBT,182 Honiton St,,M3H,Single/Semi-detached House,6,York Centre
4336786,STR-2409-GYRSBV,25 Farmview Cres,,M2J,Single/Semi-detached House,17,Don Valley North
4336787,STR-2409-HQDSBX,209 Fort York Blvd,1265,M5V,Condominium,10,Spadina-Fort York
4336788,STR-2409-JFRSBZ,140 Elm Ridge Dr,1214,M6B,Apartment,8,Eglinton-Lawrence
4336789,STR-2409-FLBFBP,56 Milverton Blvd,,M4J,Single/Semi-detached House,14,Toronto-Danforth
4336790,STR-2409-GJVFBS,227 Broadway Ave,,M4P,Single/Semi-detached House,15,Don Valley West
4336791,STR-2409-GSBFBT,260 Queens Quay W,2002,M5J,Condominium,10,Spadina-Fort York
4336792,STR-2409-HHPFBW,199 Richmond St W,2404,M5V,Condominium,10,Spadina-Fort York
4336793,STR-2409-HQVFBX,462 Northcliffe Blvd,,M6E,Single/Semi-detached House,12,Toronto-St. Paul's
4336794,STR-2409-HYBFBY,271 St Clair Ave E,,M4T,Single/Semi-detached House,11,University-Rosedale
4336795,STR-2409-FLRSBP,205 Lake Shore Dr,,M8V,Single/Semi-detached House,3,Etobicoke-Lakeshore
4336796,STR-2409-FTXSBQ,215 Fort York Blvd,2211,M5V,Apartment,10,Spadina-Fort York
4336797,STR-2409-GCDSBR,5 Hanna Ave,406,M6K,Condominium,10,Spadina-Fort York
4336798,STR-2409-GKKSBS,37 Citation Dr,,M2K,Single/Semi-detached House,17,Don Valley North
4336799,STR-2409-GSRSBT,231 Fort York Blvd,703,M5V,Condominium,10,Spadina-Fort York
4336800,STR-2409-GZXSBV,311 Wallace Ave,AP-BSMT,M6P,Apartment,9,Davenport
4336801,STR-2409-HJDSBW,270 Wellington St W,1010,M5V,Condominium,10,Spadina-Fort York
4336802,STR-2409-HRKSBX,251 Jarvis St,1601,M5B,Condominium,13,Toronto Centre
4336803,STR-2409-JGXSBZ,300 Front St W,2614,M5V,Condominium,10,Spadina-Fort York
4336804,STR-2409-FVQLBR,1532 Dundas St W,C,M6K,Duplex/Triplex/Fourplex,9,Davenport
4336805,STR-2409-GCWLBS,22 Birkdale Rd,,M1P,Single/Semi-detached House,21,Scarborough Centre
4336806,STR-2409-GLCLBT,99 Cameron St,1003,M5T,Condominium,10,Spadina-Fort York
4336807,STR-2409-HBQLBW,134 Duplex Ave,,M5P,Single/Semi-detached House,12,Toronto-St. Paul's
4336808,STR-2409-HJWLBX,832 Bay St,3908,M5S,Condominium,11,University-Rosedale
4336809,STR-2409-HZJLBZ,34 St. Gaspar Crt,,M9L,Single/Semi-detached House,7,Humber River-Black Creek
4336810,STR-2409-FFSYBP,7 Antonio Crt,,M9L,Single/Semi-detached House,7,Humber River-Black Creek
4336811,STR-2409-FMYYBQ,208 Queens Quay W,402,M5J,Condominium,10,Spadina-Fort York
4336812,STR-2409-GDLYBS,14 Corningham St,,M1C,Single/Semi-detached House,25,Scarborough-Rouge Park
4336813,STR-2409-GLSYBT,215 Fort York Blvd,3608,M5V,Condominium,10,Spadina-Fort York
4336814,STR-2409-GTYYBV,56 Hickorynut Dr,,M2J,Single/Semi-detached House,17,Don Valley North
4336815,STR-2409-HKLYBX,250 Wellington St W,1641,M5V,Condominium,10,Spadina-Fort York
4336816,STR-2409-HSSYBY,955 Bay St,2618,M5S,Condominium,13,Toronto Centre
4336817,STR-2409-HZYYBZ,151 Dan Leckie Way,1909,M5V,Condominium,10,Spadina-Fort York
4336818,STR-2409-FGJLBP,200 Dufferin St,212,M6K,Apartment,4,Parkdale-High Park
4336819,STR-2409-FPQLBQ,955 Bay St,1917,M5S,Condominium,13,Toronto Centre
4336820,STR-2409-FWWLBR,14 York St,4912,M5J,Condominium,10,Spadina-Fort York
4336821,STR-2409-GMJLBT,209 Fort York Blvd,1258,M5V,Condominium,10,Spadina-Fort York
4336822,STR-2409-HCWLBW,3304 Danforth Ave,,M1L,Single/Semi-detached House,20,Scarborough Southwest
4336823,STR-2409-HTJLBY,100 Ellington Dr,,M1R,Single/Semi-detached House,21,Scarborough Centre
4336824,STR-2409-JBQLBZ,2A Church St,307,M5E,Condominium,10,Spadina-Fort York
4336825,STR-2409-FGYYBP,41 Sugarbush Sq,,M1C,Single/Semi-detached House,25,Scarborough-Rouge Park
4336826,STR-2409-FXLYBR,1369 Bloor St W,1417,M6P,Condominium,9,Davenport
4336827,STR-2409-GFSYBS,8 Stoney Brooke Dr,Main,M6N,Single/Semi-detached House,5,York South-Weston
4336828,STR-2409-GMYYBT,20 Fiddlehead Ter,,M1B,Single/Semi-detached House,25,Scarborough-Rouge Park
4336829,STR-2409-GWFYBV,37 Lauralynn Cres,,M1S,Single/Semi-detached House,23,Scarborough North
4336830,STR-2409-HDLYBW,30 Nelson St,3307,M5V,Condominium,10,Spadina-Fort York
4336831,STR-2409-HLSYBX,155 Legion Rd N,1503,M8Y,Apartment,3,Etobicoke-Lakeshore
4336832,STR-2409-HTYYBY,14 Kipling Grove Crt,,M9B,Single/Semi-detached House,2,Etobicoke Centre
4336833,STR-2409-JCFYBZ,15 Iceboat Ter,3710,M5V,Condominium,10,Spadina-Fort York
4336834,STR-2409-GGJLBS,120 Homewood Ave,601,M4Y,Condominium,13,Toronto Centre
4336835,STR-2409-GPQLBT,21 Iceboat Ter,3307,M5V,Condominium,10,Spadina-Fort York
4336836,STR-2409-HFCLBW,440 Bloor St W,3,M5S,Apartment,11,University-Rosedale
4336837,STR-2409-HVQLBY,137 Leyton Ave,,M1L,Single/Semi-detached House,20,Scarborough Southwest
4336838,STR-2409-FJFYBP,50 Bickerton Cres,Upper,M2J,Single/Semi-detached House,17,Don Valley North
4336839,STR-2409-FRLYBQ,1645 Queen St W,305,M6R,Apartment,4,Parkdale-High Park
4336840,STR-2409-GGYYBS,300 Front St W,1604,M5V,Condominium,10,Spadina-Fort York
4336841,STR-2409-GQFYBT,300 Front St W,4604,M5V,Condominium,10,Spadina-Fort York
4336842,STR-2409-GXLYBV,101 Peter St,1411,M5V,Condominium,10,Spadina-Fort York
4336843,STR-2409-HFSYBW,300 Front St W,1705,M5V,Condominium,10,Spadina-Fort York
4336844,STR-2409-HWFYBY,50 Merchant Lane,203,M6P,Townhouse/ Row House,9,Davenport
4336845,STR-2409-FSCLBQ,61 Euclid Ave,A,M6J,Apartment,10,Spadina-Fort York
4336846,STR-2409-FZJLBR,36 Earl Haig Ave,,M4C,Single/Semi-detached House,19,Beaches-East York
4336847,STR-2409-GHQLBS,38 Grenville St,801,M4Y,Condominium,13,Toronto Centre
4336848,STR-2409-GQWLBT,919 Dufferin St,1507,M6H,Apartment,9,Davenport
4336849,STR-2409-HGJLBW,300 Front St W,807,M5V,Condominium,10,Spadina-Fort York
4336850,STR-2409-JFCLBZ,71 Olive Ave,,M6G,Single/Semi-detached House,11,University-Rosedale
4336851,STR-2409-FSSYBQ,250 Queens Quay W,701,M5J,Condominium,10,Spadina-Fort York
4336852,STR-2409-FZYYBR,300 Front St W,1409,M5V,Condominium,10,Spadina-Fort York
4336853,STR-2409-GRLYBT,281 B Osler St,,M6N,Single/Semi-detached House,9,Davenport
4336854,STR-2409-HQFYBX,861 Sheppard Ave W,49,M3H,Townhouse/ Row House,6,York Centre
4336855,STR-2409-FLCLBP,12 York St,5302,M5J,Condominium,10,Spadina-Fort York
4336856,STR-2409-FTJLBQ,44 Joseph Griffith Lane,,M3L,Townhouse/ Row House,7,Humber River-Black Creek
4336857,STR-2409-GJWLBS,300 Front St W,3311,M5V,Condominium,10,Spadina-Fort York
4336858,STR-2409-GZJLBV,197 Randolph Rd,,M4G,Single/Semi-detached House,15,Don Valley West
4336859,STR-2409-HHQLBW,65 George Appleton Way,2088,M3M,Townhouse/ Row House,6,York Centre
4336860,STR-2409-HYCLBY,300 Front St W,4310,M5V,Condominium,10,Spadina-Fort York
4336861,STR-2409-JGJLBZ,53 Hoseyhill Cres,,M1S,Single/Semi-detached House,23,Scarborough North
4336862,STR-2409-FLSYBP,389 Ruth Ave,,M2M,Single/Semi-detached House,18,Willowdale
4336863,STR-2409-FTYYBQ,23 Harvie Ave,,M6E,Single/Semi-detached House,9,Davenport
4336864,STR-2409-GKLYBS,21 Iceboat Ter,1026,M5V,Condominium,10,Spadina-Fort York
4336865,STR-2409-GSSYBT,170 De Grassi St,,M4M,Single/Semi-detached House,14,Toronto-Danforth
4336866,STR-2404-FMMXVQ,101 Peter St,3612,M5V,Condominium,10,Spadina-Fort York
4336867,STR-2404-GCZXVS,21 Iceboat Ter,1715,M5V,Condominium,10,Spadina-Fort York
4336868,STR-2404-GLGXVT,955 Bay St,1812,M5S,Condominium,13,Toronto Centre
4336869,STR-2404-HBTXVW,98 Lillian St,3218,M4S,Condominium,12,Toronto-St. Paul's
4336870,STR-2404-HSGXVY,137 Holland Park Ave,,M6E,Single/Semi-detached House,9,Davenport
4336871,STR-2404-HZMXVZ,101 Peter St,911,M5V,Condominium,10,Spadina-Fort York
4336872,STR-2404-FWKKVR,37 Farmcote Rd,,M3B,Single/Semi-detached House,16,Don Valley East
4336873,STR-2404-GVDKVV,151 Dan Leckie Way,921,M5V,Condominium,10,Spadina-Fort York
4336874,STR-2404-HCKKVW,73 Centre Ave,,M2M,Single/Semi-detached House,18,Willowdale
4336875,STR-2404-HSXKVY,120 Homewood Ave,3401,M4Y,Condominium,13,Toronto Centre
4336876,STR-2404-JBDKVZ,161 Manning Ave,A,M6J,Duplex/Triplex/Fourplex,10,Spadina-Fort York
4336877,STR-2404-FWZXVR,21 Iceboat Ter,3209,M5V,Condominium,10,Spadina-Fort York
4336878,STR-2404-GFGXVS,955 Bay St,2316,M5S,Condominium,13,Toronto Centre
4336879,STR-2404-GMMXVT,21 Iceboat Ter,3108,M5V,Condominium,10,Spadina-Fort York
4336880,STR-2404-HCZXVW,30 Shore Breeze Dr,528,M8V,Condominium,3,Etobicoke-Lakeshore
4336881,STR-2404-HLGXVX,300 Front St W,409,M5V,Condominium,10,Spadina-Fort York
4336882,STR-2404-HTMXVY,21 Iceboat Ter,1903,M5V,Condominium,10,Spadina-Fort York
4336883,STR-2404-FHDKVP,101 Peter St,1605,M5V,Condominium,10,Spadina-Fort York
4336884,STR-2404-FQKKVQ,300 Front St W,710,M5V,Condominium,10,Spadina-Fort York
4336885,STR-2404-GFXKVS,131 Charlton Blvd,,M2R,Duplex/Triplex/Fourplex,18,Willowdale
4336886,STR-2404-GPDKVT,11 Cedar Brae Blvd,Upper,M1J,Single/Semi-detached House,21,Scarborough Centre
4336887,STR-2404-HDRKVW,30 Nelson St,706,M5V,Condominium,10,Spadina-Fort York
4336888,STR-2404-JCKKVZ,233 Woodbine Ave,,M4L,Duplex/Triplex/Fourplex,19,Beaches-East York
4336889,STR-2404-FHTXVP,68 Blueberry Dr,,M1S,Single/Semi-detached House,23,Scarborough North
4336890,STR-2404-FQZXVQ,288 Swanwick Ave,,M1N,Single/Semi-detached House,20,Scarborough Southwest
4336891,STR-2404-FYGXVR,21 Iceboat Ter,1,M5V,Condominium,10,Spadina-Fort York
4336892,STR-2404-GGMXVS,81 Frederick Tisdale Dr,,M3K,Townhouse/ Row House,6,York Centre
4336893,STR-2404-HFGXVW,561 Sherbourne St,4102,M4X,Condominium,13,Toronto Centre
4336894,STR-2404-HMMXVX,200 Victoria St,1607,M5B,Condominium,13,Toronto Centre
4336895,STR-2404-HVTXVY,43 Kingland Cres,,M2J,Single/Semi-detached House,17,Don Valley North
4336896,STR-2404-JCZXVZ,12 Manorglen Cres,,M1S,Single/Semi-detached House,23,Scarborough North
4336897,STR-2404-GHDKVS,231 Fort York Blvd,536,M5V,Condominium,10,Spadina-Fort York
4336898,STR-2404-GXRKVV,21 Iceboat Ter,3511,M5V,Condominium,10,Spadina-Fort York
4336899,STR-2404-HFXKVW,88 Newlands Ave,,M1L,Single/Semi-detached House,20,Scarborough Southwest
4336900,STR-2404-HPDKVX,25 Albany Ave,2,M5R,Single/Semi-detached House,11,University-Rosedale
4336901,STR-2404-JDRKVZ,251 Jarvis St,3009,M5B,Condominium,13,Toronto Centre
4336902,STR-2404-GHTXVS,123 Strathcona Ave,24,M4J,Townhouse/ Row House,14,Toronto-Danforth
4336903,STR-2404-GQZXVT,155 Yorkville Ave,518,M5R,Condominium,11,University-Rosedale
4336904,STR-2404-HPTXVX,142 McNicoll Ave,,M2H,Single/Semi-detached House,17,Don Valley North
4336905,STR-2404-HWZXVY,121 Neville Park Blvd,,M4E,Single/Semi-detached House,19,Beaches-East York
4336906,STR-2404-JFGXVZ,251 Jarvis St,4308,M5B,Condominium,13,Toronto Centre
4336907,STR-2404-GJKKVS,798 Richmond St W,767,M6J,Apartment,10,Spadina-Fort York
4336908,STR-2404-GRRKVT,50 Maitland St,,M4Y,Townhouse/ Row House,13,Toronto Centre
4336909,STR-2404-GYXKVV,208 Queens Quay  W,2703,M5J,Condominium,10,Spadina-Fort York
4336910,STR-2404-HQKKVX,1A Norbury Cres,,M1P,Single/Semi-detached House,21,Scarborough Centre
4336911,STR-2411-HXQSBY,955 Bay St,317,M5S,Condominium,13,Toronto Centre
4336912,STR-2404-HXRKVY,75 Elphick Lane,,M9N,Single/Semi-detached House,5,York South-Weston
4336913,STR-2404-FTMXVQ,10 Capreol Crt,623,M5V,Condominium,10,Spadina-Fort York
4336914,STR-2404-GBTXVR,59 Aspenwood Dr,,M2H,Single/Semi-detached House,17,Don Valley North
4336915,STR-2404-GJZXVS,300 Front St W,603,M5V,Condominium,10,Spadina-Fort York
4336916,STR-2404-GZMXVV,563 Craven Rd,1,M4L,Single/Semi-detached House,14,Toronto-Danforth
4336917,STR-2404-HQZXVX,14 York St,910,M5J,Condominium,10,Spadina-Fort York
4336918,STR-2404-HYGXVY,2174 Dufferin St,1,M6E,Single/Semi-detached House,9,Davenport
4336919,STR-2404-JGMXVZ,60 Orpington Cres,,M9V,Single/Semi-detached House,1,Etobicoke North
4336920,STR-2404-FDSRVP,25 Albemarle Ave,,M4K,Single/Semi-detached House,14,Toronto-Danforth
4336921,STR-2404-FLYRVQ,69 Chaplin Cres,,M5P,Single/Semi-detached House,12,Toronto-St. Paul's
4336922,STR-2404-FVFRVR,300 Front St W,2914,M5V,Condominium,10,Spadina-Fort York
4336923,STR-2404-GSYRVV,625 Warden Ave,,M1L,Single/Semi-detached House,20,Scarborough Southwest
4336924,STR-2404-HJLRVX,221 Willowridge Rd,,M9R,Single/Semi-detached House,1,Etobicoke North
4336925,STR-2404-HYYRVZ,101 Peter St,2911,M5V,Condominium,10,Spadina-Fort York
4336926,STR-2404-FFJDVP,209 Fort York Blvd,1558,M5V,Apartment,10,Spadina-Fort York
4336927,STR-2404-FMQDVQ,35 Bastion St,1712,M5V,Condominium,10,Spadina-Fort York
4336928,STR-2404-FVWDVR,628 Fleet St,1511,M5V,Condominium,10,Spadina-Fort York
4336929,STR-2404-GDCDVS,21 Iceboat Ter,2105,M5V,Condominium,10,Spadina-Fort York
4336930,STR-2404-HKCDVX,179 Old Yonge St,,M2P,Single/Semi-detached House,15,Don Valley West
4336931,STR-2404-HZQDVZ,219 Fort York Blvd,516,M5V,Condominium,10,Spadina-Fort York
4336932,STR-2404-FPFRVQ,377 Ridelle Ave,813,M6B,Apartment,8,Eglinton-Lawrence
4336933,STR-2404-GLYRVT,1360 Warden Ave,,M1R,Single/Semi-detached House,21,Scarborough Centre
4336934,STR-2404-HCLRVW,700 King St W,311,M5V,Apartment,10,Spadina-Fort York
4336935,STR-2404-HKSRVX,15 Iceboat Ter,3802,M5V,Apartment,10,Spadina-Fort York
4336936,STR-2404-HSYRVY,200 Elm St,708,M5T,Apartment,11,University-Rosedale
4336937,STR-2412-JCKYBZ,127 Broadway Ave,811,M4P,Condominium,12,Toronto-St. Paul's
4336938,STR-2404-FPWDVQ,21 Iceboat Ter,2510,M5V,Condominium,10,Spadina-Fort York
4336939,STR-2404-FXCDVR,251 Jarvis St,1705,M5B,Condominium,13,Toronto Centre
4336940,STR-2404-GVWDVV,101 Peter St,2101,M5V,Condominium,10,Spadina-Fort York
4336941,STR-2404-HDCDVW,128 Searle Ave,,M3H,Single/Semi-detached House,6,York Centre
4336942,STR-2404-HTQDVY,500 Doris Ave,2220,M2N,Condominium,18,Willowdale
4336943,STR-2404-JBWDVZ,1173 Dundas St E,137,M4M,Condominium,14,Toronto-Danforth
4336944,STR-2404-FHFRVP,300 Front St W,4009,M5V,Condominium,10,Spadina-Fort York
4336945,STR-2404-FXSRVR,34 Goddard St,,M3H,Single/Semi-detached House,6,York Centre
4336946,STR-2404-GFYRVS,29 Clyde Rd,,M1C,Single/Semi-detached House,25,Scarborough-Rouge Park
4336947,STR-2404-GPFRVT,78 Tecumseth St,805,M5V,Apartment,10,Spadina-Fort York
4336948,STR-2404-HLYRVX,21 Iceboat Ter,1612,M5V,Condominium,10,Spadina-Fort York
4336949,STR-2404-HVFRVY,62 Mitchell Ave,1,M6J,Duplex/Triplex/Fourplex,10,Spadina-Fort York
4336950,STR-2404-FHWDVP,14 York St,6401,M5J,Condominium,10,Spadina-Fort York
4336951,STR-2404-GPWDVT,209 Booth Ave,,M4M,Single/Semi-detached House,14,Toronto-Danforth
4336952,STR-2404-HMQDVX,215 Fort York Blvd,502,M5V,Condominium,10,Spadina-Fort York
4336953,STR-2404-HVWDVY,99 Aileen Ave,,M6M,Single/Semi-detached House,5,York South-Weston
4336954,STR-2404-FJLRVP,219 Fort York Blvd,3302,M5V,Condominium,10,Spadina-Fort York
4336955,STR-2404-FRSRVQ,14 York St,2107,M5J,Condominium,10,Spadina-Fort York
4336956,STR-2404-GXSRVV,258 Concord Ave,,M6H,Single/Semi-detached House,9,Davenport
4336957,STR-2404-HWLRVY,61 Bellevue Ave,2,M5T,Apartment,11,University-Rosedale
4336958,STR-2409-HRLYBX,1063 St Clarens Ave,,M6H,Single/Semi-detached House,9,Davenport
4336959,STR-2409-HYSYBY,44 Robert St,Upper,M5S,Townhouse/ Row House,11,University-Rosedale
4336960,STR-2409-FDPHPP,70 George Butchart Dr,304,M3K,Apartment,6,York Centre
4336961,STR-2409-FLVHPQ,151 Dan Leckie Way,1016,M5V,Condominium,10,Spadina-Fort York
4336962,STR-2409-FVBHPR,251 Jarvis St,4808,M5B,Condominium,13,Toronto Centre
4336963,STR-2409-GCHHPS,30 Nelson St,3009,M5V,Condominium,10,Spadina-Fort York
4336964,STR-2409-GKPHPT,90 Ferris Rd,,M4B,Single/Semi-detached House,19,Beaches-East York
4336965,STR-2409-GSVHPV,92 Bleecker St,,M4X,Townhouse/ Row House,13,Toronto Centre
4336966,STR-2409-HJHHPX,3 Ojibway Ave,,M5J,Single/Semi-detached House,10,Spadina-Fort York
4336967,STR-2409-FFDVPP,25 Ambrose Rd,,M2K,Single/Semi-detached House,17,Don Valley North
4336968,STR-2409-GCXVPS,542 Main St,,M4C,Single/Semi-detached House,19,Beaches-East York
4336969,STR-2409-GLDVPT,57 Coxwell Ave,,M4L,Single/Semi-detached House,19,Beaches-East York
4336970,STR-2409-GTKVPV,70 Manderley Dr,,M1N,Single/Semi-detached House,20,Scarborough Southwest
4336971,STR-2409-HJXVPX,3337 Lake Shore Blvd W,3,M8W,Apartment,3,Etobicoke-Lakeshore
4336972,STR-2409-HSDVPY,613 The Queensway,6,M8Y,Apartment,3,Etobicoke-Lakeshore
4336973,STR-2409-FFVHPP,120 Homewood Ave,3506,M4Y,Condominium,13,Toronto Centre
4336974,STR-2409-FPBHPQ,543 Richmond St W,1005,M5V,Condominium,10,Spadina-Fort York
4336975,STR-2409-FWHHPR,87 Peter St,4611,M5V,Condominium,10,Spadina-Fort York
4336976,STR-2409-GDPHPS,219 Fort York Blvd,1507,M5V,Condominium,10,Spadina-Fort York
4336977,STR-2409-GLVHPT,108 Bernard Ave,,M5R,Single/Semi-detached House,11,University-Rosedale
4336978,STR-2409-HCHHPW,219 Fort York Blvd,2006,M5V,Condominium,10,Spadina-Fort York
4336979,STR-2409-JBBHPZ,300 Front St W,3701,M5V,Condominium,10,Spadina-Fort York
4336980,STR-2409-FGKVPP,955 Bay St,701,M5S,Condominium,13,Toronto Centre
4336981,STR-2409-FPRVPQ,332 Seaton St,,M5A,Townhouse/ Row House,13,Toronto Centre
4336982,STR-2409-FWXVPR,930 Queen St W,2,M6J,Apartment,10,Spadina-Fort York
4336983,STR-2409-GMKVPT,21 Iceboat Ter,2503,M5V,Condominium,10,Spadina-Fort York
4336984,STR-2409-GVRVPV,30 Greendowns Dr,,M1M,Single/Semi-detached House,20,Scarborough Southwest
4336985,STR-2409-HLDVPX,21 Iceboat Ter,15,M5V,Condominium,10,Spadina-Fort York
4336986,STR-2409-HTKVPY,49 Robbinstone Dr,,M1B,Single/Semi-detached House,23,Scarborough North
4336987,STR-2409-FHBHPP,57 West Lodge Ave,,M6K,Single/Semi-detached House,4,Parkdale-High Park
4336988,STR-2409-FQHHPQ,210 Victoria St,2501,M5B,Condominium,13,Toronto Centre
4336989,STR-2409-FXPHPR,147 Hamilton St,,M4M,Single/Semi-detached House,14,Toronto-Danforth
4336990,STR-2409-GPBHPT,250 Wellington St W,228,M5V,Condominium,10,Spadina-Fort York
4336991,STR-2409-GWHHPV,26 Caroline Ave,,M4M,Townhouse/ Row House,14,Toronto-Danforth
4336992,STR-2409-HVBHPY,251 Jarvis St,914,M5B,Condominium,13,Toronto Centre
4336993,STR-2409-FQXVPQ,697 Richmond St W,,M6J,Single/Semi-detached House,10,Spadina-Fort York
4336994,STR-2409-FYDVPR,151 Dan Leckie Way,1011,M5V,Condominium,10,Spadina-Fort York
4336995,STR-2409-GGKVPS,250 Wellington St W,627,M5V,Condominium,10,Spadina-Fort York
4336996,STR-2409-GWXVPV,18 Cameron Watson Cres,,M1C,Single/Semi-detached House,25,Scarborough-Rouge Park
4336997,STR-2409-HFDVPW,21 Iceboat Ter,928,M5V,Condominium,10,Spadina-Fort York
4336998,STR-2409-HMKVPX,295 Adelaide St W,217,M5V,Apartment,10,Spadina-Fort York
4336999,STR-2409-JCXVPZ,1256 Dundas St W,2,M6J,Apartment,9,Davenport
4337000,STR-2409-FJHHPP,108 Bowhill Cres,,M2J,Single/Semi-detached House,17,Don Valley North
4337001,STR-2409-FRPHPQ,209 Fort York Blvd,1468,M5V,Condominium,10,Spadina-Fort York
4337002,STR-2409-FYVHPR,6 Drummond St,320,M8V,Townhouse/ Row House,3,Etobicoke-Lakeshore
4337003,STR-2409-GHBHPS,128 Winona Dr,Main,M6G,Single/Semi-detached House,9,Davenport
4337004,STR-2409-GXPHPV,7 The Links Rd,,M2P,Single/Semi-detached House,15,Don Valley West
4337005,STR-2409-HPBHPX,155 Yorkville Ave,2801,M5R,Condominium,11,University-Rosedale
4337006,STR-2409-HWHHPY,53 Belgrave Ave,,M5M,Single/Semi-detached House,8,Eglinton-Lawrence
4337007,STR-2409-JDPHPZ,123 Portland St,1204,M5V,Condominium,10,Spadina-Fort York
4337008,STR-2409-FJXVPP,15 Vicora Linkway,1401,M3C,Condominium,16,Don Valley East
4337009,STR-2409-FZKVPR,14 York St,4105,M5J,Condominium,10,Spadina-Fort York
4337010,STR-2409-GYDVPV,38 Grand Magazine St,928,M5V,Condominium,10,Spadina-Fort York
4337011,STR-2409-HPRVPX,43 Avis Cres,,M4B,Single/Semi-detached House,19,Beaches-East York
4337012,STR-2409-HWXVPY,39 Niagara St,317,M5V,Apartment,10,Spadina-Fort York
4337013,STR-2409-FKPHPP,105 Frederick Tisdale Dr,,M3K,Townhouse/ Row House,6,York Centre
4337014,STR-2409-FSVHPQ,300 Front St W,3908,M5V,Condominium,10,Spadina-Fort York
4337015,STR-2409-GBBHPR,800 Eglinton Ave W,107,M5N,Apartment,8,Eglinton-Lawrence
4337016,STR-2409-HXPHPY,202 Dinnick Cres,,M4N,Single/Semi-detached House,15,Don Valley West
4337017,STR-2409-JFVHPZ,11 Blue Springs Rd,Upper,M6L,Single/Semi-detached House,5,York South-Weston
4337018,STR-2409-FTKVPQ,1282 Davenport Rd,1,M6H,Duplex/Triplex/Fourplex,9,Davenport
4337019,STR-2409-GBRVPR,35 Mariner Ter,1212,M5V,Condominium,10,Spadina-Fort York
4337020,STR-2409-GJXVPS,219 Fort York Blvd,1812,M5V,Condominium,10,Spadina-Fort York
4337021,STR-2409-GSDVPT,300 Front St W,408,M5V,Condominium,10,Spadina-Fort York
4337022,STR-2409-GZKVPV,550 Glebeholme Blvd,,M4C,Single/Semi-detached House,19,Beaches-East York
4337023,STR-2409-JGKVPZ,1592 Bathurst St,45,M5P,Apartment,12,Toronto-St. Paul's
4337024,STR-2409-FDQPPP,251 Jarvis St,406,M5B,Condominium,13,Toronto Centre
4337025,STR-2409-FLWPPQ,2 Anndale Dr,3009,M2N,Condominium,18,Willowdale
4337026,STR-2409-FVCPPR,28 Harrison Garden Blvd,706,M2N,Condominium,18,Willowdale
4337027,STR-2409-GCJPPS,6 Sonic Way,N2302,M3C,Condominium,16,Don Valley East
4337028,STR-2409-GKQPPT,176 Brighton Ave,,M3H,Single/Semi-detached House,6,York Centre
4337029,STR-2409-HBCPPW,165 Carlaw Ave,B,M4M,Duplex/Triplex/Fourplex,14,Toronto-Danforth
4337030,STR-2409-HRQPPY,151 Dan Leckie Way,842,M5V,Condominium,10,Spadina-Fort York
4337031,STR-2409-FFGBPP,172 Kingsview Blvd,,M9R,Single/Semi-detached House,1,Etobicoke North
4337032,STR-2409-FMMBPQ,225 Sherway Gardens Rd,3105,M9C,Condominium,3,Etobicoke-Lakeshore
4337033,STR-2409-FVTBPR,21 McIntosh Ave,,M8Y,Single/Semi-detached House,3,Etobicoke-Lakeshore
4337034,STR-2409-GCZBPS,49 East Liberty St,404,M6K,Condominium,10,Spadina-Fort York
4337035,STR-2409-GTMBPV,251 Jarvis St,1920,M5B,Condominium,13,Toronto Centre
4337036,STR-2409-HJZBPX,2221 Yonge St,2401,M4S,Condominium,12,Toronto-St. Paul's
4337037,STR-2409-HSGBPY,912 Danforth Ave,1,M4J,Apartment,14,Toronto-Danforth
4337038,STR-2409-FFWPPP,272 Maxome Ave,2,M2M,Single/Semi-detached House,18,Willowdale
4337039,STR-2409-GDQPPS,155 Yorkville Ave,416,M5R,Condominium,11,University-Rosedale
4337040,STR-2409-GLWPPT,231 Fort York Blvd,2109,M5V,Condominium,10,Spadina-Fort York
4337041,STR-2409-GVCPPV,101 Peter St,1511,M5V,Condominium,10,Spadina-Fort York
4337042,STR-2409-HCJPPW,16 Capreol Crt,,M5V,Condominium,10,Spadina-Fort York
4337043,STR-2409-HSWPPY,300 Front St W,2514,M5V,Condominium,10,Spadina-Fort York
4337044,STR-2409-FPTBPQ,32 Shangarry Dr,,M1R,Single/Semi-detached House,21,Scarborough Centre
4337045,STR-2409-FWZBPR,27 Tidworth Sq,,M1S,Single/Semi-detached House,23,Scarborough North
4337046,STR-2409-GFGBPS,500 Doris Ave,1527,M2N,Condominium,18,Willowdale
4337047,STR-2409-HCZBPW,464 Donlands Ave,,M4J,Single/Semi-detached House,14,Toronto-Danforth
4337048,STR-2409-HLGBPX,34 St Georges Blvd,,M9R,Single/Semi-detached House,1,Etobicoke North
4337049,STR-2409-HTMBPY,590 Cummer Ave,,M2K,Duplex/Triplex/Fourplex,17,Don Valley North
4337050,STR-2409-JBTBPZ,151 Dan Leckie Way,320,M5V,Condominium,10,Spadina-Fort York
4337051,STR-2409-FXQPPR,251 Jarvis St,2911,M5B,Condominium,13,Toronto Centre
4337052,STR-2409-GFWPPS,22 Lamb Ave,,M4J,Single/Semi-detached House,14,Toronto-Danforth
4337053,STR-2409-GPCPPT,35 Wright Ave,,M6R,Townhouse/ Row House,4,Parkdale-High Park
4337054,STR-2409-GWJPPV,210 Victoria St,903,M5B,Condominium,13,Toronto Centre
4337055,STR-2501-HZJSBZ,19 Buckhurst Cres,,M1S,Single/Semi-detached House,23,Scarborough North
4337056,STR-2409-HVCPPY,101 Peter St,509,M5V,Condominium,10,Spadina-Fort York
4337057,STR-2409-FHTBPP,23 Sandwell Dr,,M9R,Single/Semi-detached House,2,Etobicoke Centre
4337058,STR-2409-FQZBPQ,295 Adelaide St W,801,M5V,Condominium,10,Spadina-Fort York
4337059,STR-2409-FYGBPR,151 Dan Leckie Way,1110,M5V,Apartment,10,Spadina-Fort York
4337060,STR-2409-GGMBPS,73 Grange Ave,,M5T,Single/Semi-detached House,10,Spadina-Fort York
4337061,STR-2409-HVTBPY,99 Cameron St,905,M5T,Condominium,10,Spadina-Fort York
4337062,STR-2409-JCZBPZ,151 Dan Leckie Way,207,M5V,Condominium,10,Spadina-Fort York
4337063,STR-2409-FJJPPP,31 Verne Cres,,M1B,Single/Semi-detached House,23,Scarborough North
4337064,STR-2409-FRQPPQ,53 Curtis Cres,,M1B,Single/Semi-detached House,25,Scarborough-Rouge Park
4337065,STR-2409-FYWPPR,794 Carlaw Ave,51,M4K,Apartment,14,Toronto-Danforth
4337066,STR-2409-GHCPPS,155 Oakmeadow Blvd,,M1E,Single/Semi-detached House,24,Scarborough-Guildwood
4337067,STR-2409-GQJPPT,195 Barrington Ave,306,M4C,Apartment,19,Beaches-East York
4337068,STR-2409-GXQPPV,300 Front St W,3306,M5V,Condominium,10,Spadina-Fort York
4337069,STR-2409-HPCPPX,2391A Bloor St. W,N,M6S,Apartment,4,Parkdale-High Park
4337070,STR-2409-HWJPPY,59 Almore Ave,,M3H,Single/Semi-detached House,6,York Centre
4337071,STR-2409-JDQPPZ,83 Caroline Ave,,M4M,Single/Semi-detached House,14,Toronto-Danforth
4337072,STR-2409-FJZBPP,410 Maybank Ave,,M6N,Single/Semi-detached House,5,York South-Weston
4337073,STR-2409-FZMBPR,45 Silver Springs Blvd,512,M1V,Apartment,22,Scarborough-Agincourt
4337074,STR-2409-GQZBPT,49 Donside Dr,,M1L,Single/Semi-detached House,20,Scarborough Southwest
4337075,STR-2409-GYGBPV,18 Manor Rd E,,M4S,Single/Semi-detached House,12,Toronto-St. Paul's
4337076,STR-2409-HGMBPW,210 Victoria St,2110,M5B,Condominium,13,Toronto Centre
4337077,STR-2409-HPTBPX,955 Bay St,1215,M5S,Condominium,13,Toronto Centre
4337078,STR-2409-HWZBPY,36 Zorra St,2001,M8Z,Condominium,3,Etobicoke-Lakeshore
4337079,STR-2409-FKQPPP,64 Santamonica Blvd,,M1L,Single/Semi-detached House,20,Scarborough Southwest
4337080,STR-2409-FSWPPQ,210 Victoria St,3001,M5B,Condominium,13,Toronto Centre
4337081,STR-2409-GRQPPT,87 Peter St,3513,M5V,Condominium,10,Spadina-Fort York
4337082,STR-2409-GYWPPV,188 Cumberland St,1912,M5R,Condominium,11,University-Rosedale
4337083,STR-2409-HHCPPW,151 Dan Leckie Way,718,M5V,Condominium,10,Spadina-Fort York
4337084,STR-2409-HQJPPX,300 Front St W,801,M5V,Condominium,10,Spadina-Fort York
4337085,STR-2501-FFTFBP,832 Bay St,1008,M5S,Condominium,11,University-Rosedale
4337086,STR-2410-HXQPPY,286 Jedburgh Rd,,M5M,Single/Semi-detached House,8,Eglinton-Lawrence
4337087,STR-2410-GBTBPR,12 York St,2611,M5J,Condominium,10,Spadina-Fort York
4337088,STR-2410-GJZBPS,165 Legion Rd N,1226,M8Y,Condominium,3,Etobicoke-Lakeshore
4337089,STR-2410-GSGBPT,300 Front St W,1103,M5V,Apartment,10,Spadina-Fort York
4337090,STR-2410-HQZBPX,2101 Islington Ave,1901,M9P,Apartment,1,Etobicoke North
4337091,STR-2410-HYGBPY,14 York St,3610,M5J,Condominium,10,Spadina-Fort York
4337092,STR-2410-JGMBPZ,2230 Queen St E,B,M4E,Single/Semi-detached House,19,Beaches-East York
4337093,STR-2410-FDRVPP,5 Mabelle Ave,3329,M9A,Apartment,3,Etobicoke-Lakeshore
4337094,STR-2410-GCKVPS,219 Fort York Blvd,2601,M5V,Condominium,10,Spadina-Fort York
4337095,STR-2410-HBDVPW,77 Avenue Rd,302,M5R,Condominium,11,University-Rosedale
4337096,STR-2410-HJKVPX,38 Briarwood Ave,,M9W,Single/Semi-detached House,1,Etobicoke North
4337097,STR-2410-HRRVPY,89 Dunfield Ave,3607,M4S,Condominium,12,Toronto-St. Paul's
4337098,STR-2410-HYXVPZ,101 Peter St,2102,M5V,Condominium,10,Spadina-Fort York
4337099,STR-2410-FFHHPP,19 Gosford Blvd,4,M3N,Townhouse/ Row House,7,Humber River-Black Creek
4337100,STR-2410-FMPHPQ,66 Isabella St,912,M4Y,Apartment,13,Toronto Centre
4337101,STR-2410-FVVHPR,118 Presley Ave,,M1L,Single/Semi-detached House,20,Scarborough Southwest
4337102,STR-2410-GDBHPS,15 O'Hara Ave,107,M6K,Apartment,4,Parkdale-High Park
4337103,STR-2410-GLHHPT,101 Peter St,2801,M5V,Condominium,10,Spadina-Fort York
4337104,STR-2410-HBVHPW,20 Meadowglen Pl,334,M1G,Condominium,24,Scarborough-Guildwood
4337105,STR-2410-HSHHPY,300 Front St W,4601,M5V,Condominium,10,Spadina-Fort York
4337106,STR-2410-HZPHPZ,500 Doris Ave,1229,M2N,Condominium,18,Willowdale
4337107,STR-2410-GLXVPT,46 Larkhall Ave,,M1J,Single-family detached,21,Scarborough Centre
4337108,STR-2410-GVDVPV,203 Lambton Ave,,M6N,Single/Semi-detached House,5,York South-Weston
4337109,STR-2410-HCKVPW,80 Harrison Garden Blvd,1021,M2N,Condominium,18,Willowdale
4337110,STR-2410-HKRVPX,159 Highbourne Rd,4,M5P,Duplex/Triplex/Fourplex,12,Toronto-St. Paul's
4337111,STR-2410-HSXVPY,1 Reidmount Ave,402,M1S,Apartment,22,Scarborough-Agincourt
4337112,STR-2410-JBDVPZ,35 Bastion St,1119,M5V,Condominium,10,Spadina-Fort York
4337113,STR-2410-FGPHPP,65 Bremner Blvd,3608,M5J,Condominium,10,Spadina-Fort York
4337114,STR-2410-FPVHPQ,130 Duvernet Ave,,M4E,Single/Semi-detached House,19,Beaches-East York
4337115,STR-2410-FXBHPR,99 Overture Rd,,M1E,Single/Semi-detached House,24,Scarborough-Guildwood
4337116,STR-2410-GFHHPS,21 Iceboat Ter,2706,M5V,Condominium,10,Spadina-Fort York
4337117,STR-2410-JBVHPZ,246A Berkeley St,,M5A,Single/Semi-detached House,13,Toronto Centre
4337118,STR-2410-FHDVPP,48 Follis Ave,,M6G,Single/Semi-detached House,11,University-Rosedale
4337119,STR-2410-FQKVPQ,9 Humewood Dr,35,M6C,Apartment,12,Toronto-St. Paul's
4337120,STR-2410-GPDVPT,20 Minowan Miikan Lane,433,M6J,Condominium,9,Davenport
4337121,STR-2410-GWKVPV,832 Bay St,3805,M5S,Condominium,11,University-Rosedale
4337122,STR-2410-HDRVPW,16 Yonge St,1909,M5E,Condominium,10,Spadina-Fort York
4337123,STR-2410-HVDVPY,101 Peter St,3705,M5V,Condominium,10,Spadina-Fort York
4337124,STR-2410-JCKVPZ,21 Iceboat Ter,628,M5V,Condominium,10,Spadina-Fort York
4337125,STR-2410-FHVHPP,105 Victoria St,207,M5C,Condominium,13,Toronto Centre
4337126,STR-2410-GPVHPT,1 Alcan Ave,2,M8W,Duplex/Triplex/Fourplex,3,Etobicoke-Lakeshore
4337127,STR-2410-GXBHPV,231 Fort York Blvd,2610,M5V,Condominium,10,Spadina-Fort York
4337128,STR-2410-HFHHPW,18 Maitland Ter,910,M4Y,Condominium,13,Toronto Centre
4337129,STR-2410-HVVHPY,207 Forest Hill Rd,,M5P,Single/Semi-detached House,12,Toronto-St. Paul's
4337130,STR-2410-JDBHPZ,70 Annie Craig Dr,2608,M8V,Condominium,3,Etobicoke-Lakeshore
4337131,STR-2410-FJKVPP,38 Dan Leckie Way,2102,M5V,Condominium,10,Spadina-Fort York
4337132,STR-2410-FRRVPQ,39 Pidgeon St,,M1L,Townhouse/ Row House,20,Scarborough Southwest
4337133,STR-2410-FYXVPR,65 Bremner Blvd,4702,M5J,Condominium,10,Spadina-Fort York
4337134,STR-2410-GHDVPS,285 Mutual St,908,M4Y,Condominium,13,Toronto Centre
4337135,STR-2410-GQKVPT,88 Cumberland St,1808,M5R,Condominium,11,University-Rosedale
4337136,STR-2410-HPDVPX,219 Fort York Blvd,613,M5V,Condominium,10,Spadina-Fort York
4337137,STR-2410-JDRVPZ,955 Bay St,1105,M5S,Condominium,13,Toronto Centre
4337138,STR-2410-FKBHPP,1 Bloor St E,3810,M4W,Condominium,11,University-Rosedale
4337139,STR-2410-FSHHPQ,256 Woodbine Ave,A,M4L,Duplex/Triplex/Fourplex,19,Beaches-East York
4337140,STR-2410-FZPHPR,140 Pinery Trl,46,M1B,Townhouse/ Row House,23,Scarborough North
4337141,STR-2410-GHVHPS,308 Concord Ave,,M6H,Single/Semi-detached House,9,Davenport
4337142,STR-2410-GRBHPT,38 Old Orchard Grv,,M5M,Single/Semi-detached House,8,Eglinton-Lawrence
4337143,STR-2410-GYHHPV,21 Iceboat Ter,2015,M5V,Condominium,10,Spadina-Fort York
4337144,STR-2410-HPVHPX,832 The Queensway,A,M8Z,Apartment,3,Etobicoke-Lakeshore
4337145,STR-2410-HXBHPY,177 Wineva Ave,,M4E,Single/Semi-detached House,19,Beaches-East York
4337146,STR-2410-GBDVPR,219 Fort York Blvd,3411,M5V,Condominium,10,Spadina-Fort York
4337147,STR-2410-GJKVPS,482 Indian Grv,,M6P,Single/Semi-detached House,4,Parkdale-High Park
4337148,STR-2410-GRRVPT,112 New Forest Sq,,M1V,Single/Semi-detached House,22,Scarborough-Agincourt
4337149,STR-2410-GYXVPV,44 Poulett St,,M5A,Townhouse/ Row House,13,Toronto Centre
4337150,STR-2410-HHDVPW,20 John St,520,M5V,Condominium,10,Spadina-Fort York
4337151,STR-2410-HQKVPX,142 Spears St,,M6N,Single/Semi-detached House,5,York South-Weston
4337152,STR-2410-JFXVPZ,300 Front St W,1110,M5V,Condominium,10,Spadina-Fort York
4337153,STR-2410-FTPHPQ,11 Elmvale Cres,,M9V,Single/Semi-detached House,1,Etobicoke North
4337154,STR-2410-GBVHPR,78 Tecumseth St,809,M5V,Condominium,10,Spadina-Fort York
4337155,STR-2410-GKBHPS,29 Woodgrove Dr,,M1E,Single/Semi-detached House,25,Scarborough-Rouge Park
4337156,STR-2410-GSHHPT,626 Adelaide St W,,M6J,Townhouse/ Row House,10,Spadina-Fort York
4337157,STR-2410-GZPHPV,49 Andona Cres,,M1C,Single/Semi-detached House,25,Scarborough-Rouge Park
4337158,STR-2410-HHVHPW,101 Peter St,510,M5V,Condominium,10,Spadina-Fort York
4337159,STR-2410-JGPHPZ,21 Iceboat Ter,1807,M5V,Condominium,10,Spadina-Fort York
4337160,STR-2410-FDTBPP,101 Peter St,2711,M5V,Condominium,10,Spadina-Fort York
4337161,STR-2410-FLZBPQ,300 Front St W,2609,M5V,Condominium,10,Spadina-Fort York
4337162,STR-2410-FVGBPR,628 Fleet St,2706,M5V,Condominium,10,Spadina-Fort York
4337163,STR-2410-GKTBPT,300 Front St W,1202,M5V,Condominium,10,Spadina-Fort York
4337164,STR-2410-GSZBPV,139 Cowan Ave,7,M6K,Apartment,4,Parkdale-High Park
4337165,STR-2410-HRTBPY,20 Saunders Rd,,M1J,Single/Semi-detached House,24,Scarborough-Guildwood
4337166,STR-2410-FMQPPQ,21 Sudbury St,2102,M6J,Townhouse/ Row House,10,Spadina-Fort York
4337167,STR-2410-FVWPPR,259 Floyd Ave,,M4J,Single/Semi-detached House,14,Toronto-Danforth
4337168,STR-2410-GDCPPS,151 Dan Leckie Way,602,M5V,Condominium,10,Spadina-Fort York
4337169,STR-2410-GLJPPT,313 Richmond St E,1158,M5A,Condominium,13,Toronto Centre
4337170,STR-2410-GTQPPV,246 Torrens Ave,,M4J,Single/Semi-detached House,14,Toronto-Danforth
4337171,STR-2410-HKCPPX,259 Robina Ave,,M6C,Single/Semi-detached House,12,Toronto-St. Paul's
4337172,STR-2410-HSJPPY,141 Shepton Way,,M1V,Single/Semi-detached House,22,Scarborough-Agincourt
4337173,STR-2410-FWMBPR,4 Citation Dr,Main,M2K,Single/Semi-detached House,17,Don Valley North
4337174,STR-2410-HCMBPW,188 Cumberland St,1006,M5R,Condominium,11,University-Rosedale
4337175,STR-2410-JBGBPZ,195 Moore Park Ave,,M2M,Single/Semi-detached House,18,Willowdale
4337176,STR-2410-FGQPPP,800 Richmond St W,108,M6J,Apartment,10,Spadina-Fort York
4337177,STR-2410-FXCPPR,264 Havelock St,2,M6H,Duplex/Triplex/Fourplex,9,Davenport
4337178,STR-2410-GFJPPS,50 Ordnance St,3209,M6K,Apartment,10,Spadina-Fort York
4337179,STR-2410-GVWPPV,12 York St,1502,M5J,Apartment,10,Spadina-Fort York
4337180,STR-2410-HDCPPW,295 Adelaide St W,4307,M5V,Condominium,10,Spadina-Fort York
4337181,STR-2410-FHGBPP,21 Iceboat Ter,1906,M5V,Condominium,10,Spadina-Fort York
4337182,STR-2410-FQMBPQ,300 Front St W,2601,M5V,Condominium,10,Spadina-Fort York
4337183,STR-2410-GFZBPS,21 Iceboat Ter,4708,M5V,Condominium,10,Spadina-Fort York
4337184,STR-2410-GWMBPV,30 Baseball Pl,1004,M4M,Condominium,14,Toronto-Danforth
4337185,STR-2501-HLTFBX,28 Regatta Cres,,M2R,Single/Semi-detached House,18,Willowdale
4337186,STR-2410-HLZBPX,115 Richmond St E,701,M5C,Condominium,13,Toronto Centre
4337187,STR-2410-HVGBPY,109 Keeler Blvd,,M1E,Apartment,24,Scarborough-Guildwood
4337188,STR-2410-GGQPPS,1401 Dupont St,618,M6H,Apartment,9,Davenport
4337189,STR-2410-GPWPPT,42 Marlbank Rd,,M1T,Single/Semi-detached House,22,Scarborough-Agincourt
4337190,STR-2410-GXCPPV,62 Brunswick Ave,3,M5S,Duplex/Triplex/Fourplex,11,University-Rosedale
4337191,STR-2410-HVWPPY,87 Olive Ave,,M6G,Single/Semi-detached House,11,University-Rosedale
4337192,STR-2410-FJMBPP,154 Bingham Ave,,M4E,Single/Semi-detached House,19,Beaches-East York
4337193,STR-2410-FYZBPR,22 Parkview Hts,,M1N,Single/Semi-detached House,20,Scarborough Southwest
4337194,STR-2410-GHGBPS,1121 Dufferin St,2,M6H,Single/Semi-detached House,9,Davenport
4337195,STR-2410-HPGBPX,300 Front St W,2310,M5V,Condominium,10,Spadina-Fort York
4337196,STR-2410-HWMBPY,23 South Woodrow Blvd,,M1N,Single/Semi-detached House,20,Scarborough Southwest
4337197,STR-2410-JDTBPZ,49 Manderley Dr,,M1N,Single/Semi-detached House,20,Scarborough Southwest
4337198,STR-2410-FZQPPR,18 Valley Stream Dr,,M1V,Townhouse/ Row House,23,Scarborough North
4337199,STR-2410-GHWPPS,38 Dan Leckie Way,1,M5V,Condominium,10,Spadina-Fort York
4337200,STR-2410-GRCPPT,135 Springhurst Ave,B,M6K,Single/Semi-detached House,4,Parkdale-High Park
4337201,STR-2410-GYJPPV,43 Thorncliffe Park Dr,307,M4H,Apartment,15,Don Valley West
4337202,STR-2410-HGQPPW,18 Maitland Ter,1210,M4Y,Condominium,13,Toronto Centre
4337203,STR-2410-HXCPPY,564 Merton St,,M4S,Single/Semi-detached House,15,Don Valley West
4337204,STR-2410-FKTBPP,90 Allingham Gdns,,M3H,Single/Semi-detached House,6,York Centre
4337205,STR-2410-FSZBPQ,2154 Dundas St W,506,M6R,Apartment,4,Parkdale-High Park
4337206,STR-2410-GJMBPS,300 Front St W,410,M5V,Condominium,10,Spadina-Fort York
4337207,STR-2410-GRTBPT,101 Peter St,603,M5V,Condominium,10,Spadina-Fort York
4337208,STR-2410-GYZBPV,163 Portland St,407,M5V,Condominium,10,Spadina-Fort York
4337209,STR-2410-HHGBPW,21 Iceboat Ter,2302,M5V,Condominium,10,Spadina-Fort York
4337210,STR-2410-HMBHPX,75 Geoffrey St,,M6R,Single/Semi-detached House,4,Parkdale-High Park
4337211,STR-2410-HQMBPX,16 Yonge St,1413,M5E,Condominium,10,Spadina-Fort York
4337212,STR-2410-HXTBPY,35 Balmuto St,2802,M4Y,Condominium,11,University-Rosedale
4337213,STR-2410-JFZBPZ,101 Peter St,1401,M5V,Condominium,10,Spadina-Fort York
4337214,STR-2410-FLJPPP,11 Bradfield Ave,,M8Z,Single/Semi-detached House,3,Etobicoke-Lakeshore
4337215,STR-2410-GKCPPS,15 Maplewood Ave,202,M6C,Condominium,12,Toronto-St. Paul's
4337216,STR-2410-GZQPPV,21 Densmore Ave,,M9W,Single/Semi-detached House,1,Etobicoke North
4337217,STR-2410-HHWPPW,34 St Paschal Crt,,M2M,Single/Semi-detached House,18,Willowdale
4337218,STR-2410-HRCPPX,111 Caroline Ave,,M4M,Single/Semi-detached House,14,Toronto-Danforth
4337219,STR-2410-HYJPPY,7 Plymouth Ave,,M6J,Townhouse/ Row House,11,University-Rosedale
4337220,STR-2410-FDVHPP,199 Palmerston Ave,,M6J,Single/Semi-detached House,11,University-Rosedale
4337221,STR-2410-FMBHPQ,15 Baseball Pl,912,M4M,Condominium,14,Toronto-Danforth
4337222,STR-2410-FVHHPR,112 George St,534,M5A,Condominium,13,Toronto Centre
4337223,STR-2410-GCPHPS,10 Park Lawn Rd,1209,M8V,Condominium,3,Etobicoke-Lakeshore
4337224,STR-2410-GKVHPT,37 Grosvenor St,1401,M4Y,Condominium,13,Toronto Centre
4337225,STR-2410-GTBHPV,120 Homewood Ave,2908,M4Y,Condominium,13,Toronto Centre
4337226,STR-2410-HBHHPW,5 Sifton Crt,,M2K,Single/Semi-detached House,17,Don Valley North
4337227,STR-2410-HRVHPY,356 Monarch Park Ave,,M4J,Single/Semi-detached House,14,Toronto-Danforth
4337228,STR-2410-HZBHPZ,1100 Lansdowne Ave,338,M6H,Condominium,9,Davenport
4337229,STR-2410-FFKVPP,151 Dan Leckie Way,1801,M5V,Condominium,10,Spadina-Fort York
4337230,STR-2410-FVXVPR,18 Yonge St,605,M5E,Condominium,10,Spadina-Fort York
4337231,STR-2410-GDDVPS,77 Isabella St,,M4Y,Apartment,13,Toronto Centre
4337232,STR-2410-GLKVPT,22 Brightside Dr,,M1E,Single/Semi-detached House,25,Scarborough-Rouge Park
4337233,STR-2410-GTRVPV,177 Strachan Ave,1,M6J,Single/Semi-detached House,10,Spadina-Fort York
4337234,STR-2410-HBXVPW,1 Odessa Ave,,M9C,Single/Semi-detached House,2,Etobicoke Centre
4337235,STR-2410-HKDVPX,1420 Dupont St,709,M6H,Condominium,9,Davenport
4337236,STR-2410-HSKVPY,240 Wellesley St E,1724,M4X,Apartment,13,Toronto Centre
4337237,STR-2410-FGBHPP,200 Dufferin St,PH 6,M6K,Apartment,4,Parkdale-High Park
4337238,STR-2410-FPHHPQ,123 Florence Ave,,M2N,Single/Semi-detached House,18,Willowdale
4337239,STR-2410-FWPHPR,10 Beattie Ave,1,M9W,Single/Semi-detached House,1,Etobicoke North
4337240,STR-2410-GMBHPT,19 Alma Ave,2,M6J,Duplex/Triplex/Fourplex,9,Davenport
4337241,STR-2410-GVHHPV,210 Victoria St,807,M5B,Apartment,13,Toronto Centre
4337242,STR-2410-HCPHPW,139 Port Royal Trl,,M1V,Single/Semi-detached House,23,Scarborough North
4337243,STR-2410-HKVHPX,151 Dan Leckie Way,1803,M5V,Condominium,10,Spadina-Fort York
4337244,STR-2410-HTBHPY,105 George St,1015,M5A,Condominium,13,Toronto Centre
4337245,STR-2410-FXDVPR,281 Lisgar St,B,M6J,Single/Semi-detached House,9,Davenport
4337246,STR-2410-GVXVPV,12 York St,1807,M5J,Condominium,10,Spadina-Fort York
4337247,STR-2410-HDDVPW,278 Conlins Rd,,M1C,Single/Semi-detached House,25,Scarborough-Rouge Park
4337248,STR-2410-HTRVPY,12 York St,3004,M5J,Condominium,10,Spadina-Fort York
4337249,STR-2410-JBXVPZ,15 Iceboat Ter,1206,M5V,Apartment,10,Spadina-Fort York
4337250,STR-2410-FHHHPP,20 Blue Jays Way,319,M5V,Condominium,10,Spadina-Fort York
4337251,STR-2410-FQPHPQ,25 Carlton St,2506,M5B,Condominium,13,Toronto Centre
4337252,STR-2410-GPHHPT,102 Northcote Ave,,M6J,Single/Semi-detached House,9,Davenport
4337253,STR-2410-GWPHPV,21 Iceboat Ter,1505,M5V,Condominium,10,Spadina-Fort York
4337254,STR-2410-HVHHPY,20 Blue Jays Way,1122,M5V,Condominium,10,Spadina-Fort York
4337255,STR-2410-JCPHPZ,383 Adelaide St E,103,M5A,Condominium,13,Toronto Centre
4337256,STR-2410-GGRVPS,65 Bremner Blvd,4201,M5J,Condominium,10,Spadina-Fort York
4337257,STR-2410-GPXVPT,95 High Park Ave,302,M6P,Apartment,4,Parkdale-High Park
4337258,STR-2410-HMRVPX,12 York St,3606,M5J,Condominium,10,Spadina-Fort York
4337259,STR-2410-FZBHPR,375 King St W,3406,M5V,Condominium,10,Spadina-Fort York
4337260,STR-2410-GHHHPS,311 Bay St,3901,M5H,Condominium,13,Toronto Centre
4337261,STR-2410-HGBHPW,10 Navy Wharf Crt,2707,M5V,Condominium,10,Spadina-Fort York
4337262,STR-2410-JDVHPZ,162 Banff Rd,,M4P,Single/Semi-detached House,15,Don Valley West
4337263,STR-2410-FZRVPR,250 St Clarens Ave,2,M6H,Single/Semi-detached House,9,Davenport
4337264,STR-2410-GHXVPS,18 Givins St,,M6J,Single/Semi-detached House,10,Spadina-Fort York
4337265,STR-2410-GRDVPT,554 Lansdowne Ave,201,M6H,Apartment,9,Davenport
4337266,STR-2410-GYKVPV,532 Pape Ave,,M4K,Single/Semi-detached House,14,Toronto-Danforth
4337267,STR-2410-HPXVPX,140 Simcoe St,1010,M5H,Condominium,10,Spadina-Fort York
4337268,STR-2410-HXDVPY,307 Shaw St,,M6J,Single/Semi-detached House,11,University-Rosedale
4337269,STR-2410-JFKVPZ,251 Jarvis St,731,M5B,Condominium,13,Toronto Centre
4337270,STR-2410-FTBHPQ,35 Sharpe St,,M1N,Single/Semi-detached House,20,Scarborough Southwest
4337271,STR-2410-GBHHPR,64 Leuty Ave,,M4E,Single/Semi-detached House,19,Beaches-East York
4337272,STR-2410-GJPHPS,12 Hazel Ave,,M4E,Single/Semi-detached House,19,Beaches-East York
4337273,STR-2410-GZBHPV,9 Spadina Ave,501,M5V,Condominium,10,Spadina-Fort York
4337274,STR-2410-HHHHPW,60 Bathurst St,1001,M5V,Condominium,10,Spadina-Fort York
4337275,STR-2410-HQPHPX,270 Wellington St W,824,M5V,Condominium,10,Spadina-Fort York
4337276,STR-2410-HXVHPY,168 Simcoe St,520,M5H,Condominium,10,Spadina-Fort York
4337277,STR-2410-FLKVPP,148 Barker Ave,Upper,M4C,Single/Semi-detached House,19,Beaches-East York
4337278,STR-2410-FTRVPQ,46 Marowyne Dr,,M2J,Single/Semi-detached House,17,Don Valley North
4337279,STR-2410-GZRVPV,32 Beatrice St,,M6J,Semi-detached House,11,University-Rosedale
4337280,STR-2410-HHXVPW,188 Pape Ave,,M4M,Single/Semi-detached House,14,Toronto-Danforth
4337281,STR-2410-HRDVPX,80 South Kingsway,,M6S,Single/Semi-detached House,4,Parkdale-High Park
4337282,STR-2410-FMCPPQ,218 Galloway Rd,Upper,M1E,Single/Semi-detached House,24,Scarborough-Guildwood
4337283,STR-2410-FVJPPR,248 Silver Birch Ave,,M4E,Single/Semi-detached House,19,Beaches-East York
4337284,STR-2410-GCQPPS,1572 Dundas St W,Rear,M6K,Apartment,9,Davenport
4337285,STR-2410-GTCPPV,215 Fort York Blvd,2406,M5V,Condominium,10,Spadina-Fort York
4337286,STR-2410-HBJPPW,14 Oakfield Dr,,M8Y,Single/Semi-detached House,3,Etobicoke-Lakeshore
4337287,STR-2410-HJQPPX,56 Maitland St,406,M4Y,Apartment,13,Toronto Centre
4337288,STR-2410-HRWPPY,16 Havenridge Dr,,M9P,Single/Semi-detached House,1,Etobicoke North
4337289,STR-2410-FFMBPP,131 Alcorn Ave,,M4V,Single/Semi-detached House,12,Toronto-St. Paul's
4337290,STR-2410-FMTBPQ,185 Bonis Ave,1913,M1T,Condominium,22,Scarborough-Agincourt
4337291,STR-2410-FVZBPR,1029 King St W,404,M6K,Condominium,10,Spadina-Fort York
4337292,STR-2410-GDGBPS,320 McCowan Rd,308,M1J,Condominium,20,Scarborough Southwest
4337293,STR-2410-GLMBPT,58 Crittenden Sq,,M1B,Single/Semi-detached House,23,Scarborough North
4337294,STR-2410-GTTBPV,2300 St Clair Ave W,208,M6N,Condominium,5,York South-Weston
4337295,STR-2410-HKGBPX,195 Redpath Ave,2202,M4P,Condominium,12,Toronto-St. Paul's
4337296,STR-2410-HSMBPY,156 Sheridan Ave,,M6K,Single/Semi-detached House,9,Davenport
4337297,STR-2410-HZTBPZ,37 Allangrove Cres,,M1W,Single/Semi-detached House,22,Scarborough-Agincourt
4337298,STR-2410-FPJPPQ,470 Melita Cres,3A1,M6G,Apartment,12,Toronto-St. Paul's
4337299,STR-2410-FWQPPR,473 Old Weston Rd,,M6N,Single/Semi-detached House,9,Davenport
4337300,STR-2410-GVJPPV,231 Fort York Blvd,602,M5V,Condominium,10,Spadina-Fort York
4337301,STR-2410-HCQPPW,80 St Patrick St,617,M5T,Condominium,10,Spadina-Fort York
4337302,STR-2410-HKWPPX,47 Greenlaw Ave,,M6H,Townhouse/ Row House,9,Davenport
4337303,STR-2410-HTCPPY,38 Kendleton Dr,,M9V,Single/Semi-detached House,1,Etobicoke North
4337304,STR-2410-FGTBPP,89 Bicknell Ave,,M6M,Single/Semi-detached House,5,York South-Weston
4337305,STR-2410-GFMBPS,56 Nymark Ave,,M2J,Single/Semi-detached House,17,Don Valley North
4337306,STR-2410-GVZBPV,760 Lawrence Ave W,86,M6A,Condominium,8,Eglinton-Lawrence
4337307,STR-2410-HDGBPW,14 York St,5812,M5J,Condominium,10,Spadina-Fort York
4337308,STR-2410-HLMBPX,282 Homewood Ave,B1,M2R,Single/Semi-detached House,18,Willowdale
4337309,STR-2410-HTTBPY,6 Draper St,,M5V,Townhouse/ Row House,10,Spadina-Fort York
4337310,STR-2410-FHJPPP,262 Randall Cres,,M1M,Single/Semi-detached House,20,Scarborough Southwest
4337311,STR-2410-FQQPPQ,433 Jarvis St,415,M4Y,Apartment,13,Toronto Centre
4337312,STR-2410-FXWPPR,98 Lillian St,920,M4S,Condominium,12,Toronto-St. Paul's
4337313,STR-2410-GPJPPT,1029 King St W,640,M6K,Apartment,10,Spadina-Fort York
4337314,STR-2410-GWQPPV,333 Adelaide St E,528,M5A,Condominium,13,Toronto Centre
4337315,STR-2410-HDWPPW,24 Spencer Ave,BSMT,M6K,Apartment,4,Parkdale-High Park
4337316,STR-2410-JCQPPZ,1 Triangle Villas Dr,,M1W,Single/Semi-detached House,22,Scarborough-Agincourt
4337317,STR-2410-FHZBPP,77 Montrose Ave,,M6J,Single/Semi-detached House,11,University-Rosedale
4337318,STR-2410-FRGBPQ,42 Henderson Ave,,M6J,Single/Semi-detached House,11,University-Rosedale
4337319,STR-2501-HTZFBY,300 Front St W,1203,M5V,Condominium,10,Spadina-Fort York
4337320,STR-2410-FYMBPR,101 Peter St,3510,M5V,Condominium,10,Spadina-Fort York
4337321,STR-2410-HMTBPX,134 Maxome Ave,,M2M,Single/Semi-detached House,18,Willowdale
4337322,STR-2410-JDGBPZ,75 The Donway w,1409,M3C,Condominium,16,Don Valley East
4337323,STR-2410-FJQPPP,4 Saddletree Dr,,M2H,Single/Semi-detached House,17,Don Valley North
4337324,STR-2410-FRWPPQ,54 Pitt Ave,,M1L,Single/Semi-detached House,20,Scarborough Southwest
4337325,STR-2410-GXWPPV,1173 Dundas St E,238,M4M,Condominium,14,Toronto-Danforth
4337326,STR-2410-HGCPPW,10 Lockington Crt,,M9M,Single/Semi-detached House,7,Humber River-Black Creek
4337327,STR-2410-HWQPPY,1150 Briar Hill Ave,306,M6B,Townhouse/ Row House,8,Eglinton-Lawrence
4337328,STR-2410-JDWPPZ,803A Windermere Ave,,M6S,Single/Semi-detached House,4,Parkdale-High Park
4337329,STR-2410-FKGBPP,255 Dovercourt Rd,301,M6J,Apartment,10,Spadina-Fort York
4337330,STR-2410-FSMBPQ,231 Fort York Blvd,507,M5V,Condominium,10,Spadina-Fort York
4337331,STR-2410-FZTBPR,30 Nelson St,707,M5V,Condominium,10,Spadina-Fort York
4337332,STR-2410-GRGBPT,229 Riverdale Ave,,M4K,Single/Semi-detached House,14,Toronto-Danforth
4337333,STR-2410-GYMBPV,251 Jarvis St,5003,M5B,Condominium,13,Toronto Centre
4337334,STR-2410-HPZBPX,45 Chamberlain Ave,,M6E,Single/Semi-detached House,8,Eglinton-Lawrence
4337335,STR-2410-JFMBPZ,140 Simcoe St,419,M5H,Condominium,10,Spadina-Fort York
4337336,STR-2410-FKWPPP,121 St Patrick St,621,M5T,Condominium,10,Spadina-Fort York
4337337,STR-2410-FTCPPQ,27 Marydon Cres,,M1S,Single/Semi-detached House,23,Scarborough North
4337338,STR-2410-GRWPPT,229 Ashworth Ave,,M6G,Single/Semi-detached House,12,Toronto-St. Paul's
4337339,STR-2410-GZCPPV,380 Dixon Rd,1104,M9R,Condominium,1,Etobicoke North
4337340,STR-2410-HHJPPW,3578 Eglinton Ave W,,M6M,Single/Semi-detached House,5,York South-Weston
4337341,STR-2410-HXWPPY,107 Cowan Ave,,M6K,Single/Semi-detached House,4,Parkdale-High Park
4337342,STR-2410-FLMBPP,215 Fort York Blvd,2903,M5V,Condominium,10,Spadina-Fort York
4337343,STR-2410-FTTBPQ,955 Bay St,911,M5S,Condominium,13,Toronto Centre
4337344,STR-2410-GBZBPR,27 Phillip Ave,,M1N,Single/Semi-detached House,20,Scarborough Southwest
4337345,STR-2410-GSMBPT,100 Long Branch Ave,5,M8W,Townhouse/ Row House,3,Etobicoke-Lakeshore
4337346,STR-2410-HHZBPW,222 Wellesley St E,510,M4X,Apartment,13,Toronto Centre
4337347,STR-2410-HRGBPX,3 Michael Power Pl,2204,M9A,Condominium,3,Etobicoke-Lakeshore
4337348,STR-2410-FMDVPQ,13 Sorauren Ave,3,M6R,Single/Semi-detached House,4,Parkdale-High Park
4337349,STR-2410-GCRVPS,80 Western Battery Rd,1001,M6K,Condominium,10,Spadina-Fort York
4337350,STR-2410-GKXVPT,105 George St,1812,M5A,Condominium,13,Toronto Centre
4337351,STR-2410-GTDVPV,211 Berry Rd,,M8Y,Single/Semi-detached House,3,Etobicoke-Lakeshore
4337352,STR-2410-HBKVPW,27 Ettrick Cres,,M9N,Single/Semi-detached House,5,York South-Weston
4337353,STR-2410-HJRVPX,101 Peter St,705,M5V,Condominium,10,Spadina-Fort York
4337354,STR-2410-HRXVPY,25 Oxley St,802,M5V,Condominium,10,Spadina-Fort York
4337355,STR-2410-FFPHPP,560 Front St W,216,M5V,Condominium,10,Spadina-Fort York
4337356,STR-2410-FMVHPQ,418 Dawes Rd,103,M4B,Apartment,19,Beaches-East York
4337357,STR-2501-JCGFBZ,346 Davenport Rd,205,M5R,Condominium,11,University-Rosedale
4337358,STR-2410-FWBHPR,81 Falstaff Ave,,M6L,Single/Semi-detached House,5,York South-Weston
4337359,STR-2410-GLPHPT,52 Lloydminster Cres,,M2M,Single/Semi-detached House,18,Willowdale
4337360,STR-2410-HCBHPW,300 Front St W,1012,M5V,Condominium,10,Spadina-Fort York
4337361,STR-2410-HKHHPX,101 Peter St,3207,M5V,Condominium,10,Spadina-Fort York
4337362,STR-2410-HZVHPZ,38 Widmer St,2806,M5V,Condominium,10,Spadina-Fort York
4337363,STR-2410-FWRVPR,50 Gladstone Ave,2,M6J,Duplex/Triplex/Fourplex,9,Davenport
4337364,STR-2410-GMDVPT,229 Newton Dr,,M2M,Single/Semi-detached House,18,Willowdale
4337365,STR-2410-HCRVPW,2301 Lake Shore Blvd W,315,M8V,Apartment,3,Etobicoke-Lakeshore
4337366,STR-2410-HKXVPX,915 King St W,104,M6K,Condominium,10,Spadina-Fort York
4337367,STR-2410-FGVHPP,170 Argyle St,B,M6J,Single/Semi-detached House,9,Davenport
4337368,STR-2410-FQBHPQ,39 Queens Quay E,929,M5E,Condominium,10,Spadina-Fort York
4337369,STR-2411-FRJPPQ,46 Tecumseth St,2,M5V,Duplex/Triplex/Fourplex,10,Spadina-Fort York
4337370,STR-2410-HTVHPY,159 Crocus Dr,,M1R,Single/Semi-detached House,21,Scarborough Centre
4337371,STR-2410-FHKVPP,199 Richmond St W,322,M5V,Condominium,10,Spadina-Fort York
4337372,STR-2410-FQRVPQ,44 Foxley St,,M6J,Single/Semi-detached House,10,Spadina-Fort York
4337373,STR-2410-FXXVPR,300 Crawford St,,M6J,Single/Semi-detached House,11,University-Rosedale
4337374,STR-2410-GGDVPS,1 Babington Crt,,M9A,Single/Semi-detached House,2,Etobicoke Centre
4337375,STR-2410-GPKVPT,274 Clinton St,B,M6G,Duplex/Triplex/Fourplex,11,University-Rosedale
4337376,STR-2410-GWRVPV,12 York St,1503,M5J,Condominium,10,Spadina-Fort York
4337377,STR-2410-HDXVPW,14 York St,4512,M5J,Condominium,10,Spadina-Fort York
4337378,STR-2410-HMDVPX,19 Grand Trunk Cres,PH2,M5J,Condominium,10,Spadina-Fort York
4337379,STR-2410-HVKVPY,21 Pirandello St,1242,M6K,Townhouse/ Row House,10,Spadina-Fort York
4337380,STR-2410-JCRVPZ,16 Cassels Ave,,M4E,Single/Semi-detached House,19,Beaches-East York
4337381,STR-2410-FJBHPP,55 Branstone Rd,,M6E,Single/Semi-detached House,9,Davenport
4337382,STR-2410-FRHHPQ,300 Front St W,3913,M5V,Apartment,10,Spadina-Fort York
4337383,STR-2410-FYPHPR,209 Fort York Blvd,1665,M5V,Condominium,10,Spadina-Fort York
4337384,STR-2410-GGVHPS,398 King St E,A,M5A,Apartment,13,Toronto Centre
4337385,STR-2410-GQBHPT,300 Front St W,4001,M5V,Apartment,10,Spadina-Fort York
4337386,STR-2410-GXHHPV,50 Bruyeres Mews,812,M5V,Condominium,10,Spadina-Fort York
4337387,STR-2410-HMVHPX,30 Nelson St,1908,M5V,Condominium,10,Spadina-Fort York
4337388,STR-2410-HWBHPY,105 Victoria St,1101,M5C,Condominium,13,Toronto Centre
4337389,STR-2410-FJRVPP,300 Front St W,2511,M5V,Condominium,10,Spadina-Fort York
4337390,STR-2410-FZDVPR,781 King St W,507,M5V,Condominium,10,Spadina-Fort York
4337391,STR-2410-GQRVPT,32 Trolley Cres,819,M5A,Condominium,13,Toronto Centre
4337392,STR-2410-GXXVPV,9 Windermere Ave,94,M6S,Townhouse/ Row House,4,Parkdale-High Park
4337393,STR-2410-HGDVPW,2212 Lake Shore Blvd W,1207,M8V,Condominium,3,Etobicoke-Lakeshore
4337394,STR-2410-HPKVPX,39 Niagara St,1215,M5V,Apartment,10,Spadina-Fort York
4337395,STR-2410-HWRVPY,39 Wolseley St,,M5T,Single/Semi-detached House,10,Spadina-Fort York
4337396,STR-2410-FKHHPP,847 Bloor St W,Upper,M6G,Single/Semi-detached House,11,University-Rosedale
4337397,STR-2410-FSPHPQ,253 Bogert Ave,Upper,M2N,Single/Semi-detached House,18,Willowdale
4337398,STR-2410-FZVHPR,215 Fort York Blvd,3810,M5V,Condominium,10,Spadina-Fort York
4337399,STR-2410-GJBHPS,2157 Kipling Ave,,M9W,Single/Semi-detached House,1,Etobicoke North
4337400,STR-2411-GRHHPT,21 Caroline Carpenter Grv,,M3K,Townhouse/ Row House,6,York Centre
4337401,STR-2411-GYPHPV,155 Yorkville Ave,415,M5R,Condominium,11,University-Rosedale
4337402,STR-2411-HGVHPW,99 John St,1608,M5V,Condominium,10,Spadina-Fort York
4337403,STR-2411-HQBHPX,105 Victoria St,1205,M5C,Condominium,13,Toronto Centre
4337404,STR-2411-HXHHPY,16 Brookers Lane,2406,M8V,Condominium,3,Etobicoke-Lakeshore
4337405,STR-2411-FTDVPQ,60 Carr St,7,M5T,Townhouse/ Row House,10,Spadina-Fort York
4337406,STR-2411-GJRVPS,98 Fairbank Ave,1,M6E,Single/Semi-detached House,8,Eglinton-Lawrence
4337407,STR-2411-GRXVPT,209 Fort York Blvd,964,M5V,Condominium,10,Spadina-Fort York
4337408,STR-2411-GZDVPV,450 Walmer Rd,802,M5P,Apartment,12,Toronto-St. Paul's
4337409,STR-2411-HHKVPW,6 Sonic Way,504,M3C,Condominium,16,Don Valley East
4337410,STR-2411-HQRVPX,26 Ernest Ave,21,M6P,Townhouse/ Row House,9,Davenport
4337411,STR-2411-HXXVPY,18 Yonge St,1911,M5E,Condominium,10,Spadina-Fort York
4337412,STR-2411-FLPHPP,231 Fort York Blvd,1913,M5V,Condominium,10,Spadina-Fort York
4337413,STR-2411-GCBHPR,650 Parliament St,2220,M4X,Apartment,13,Toronto Centre
4337414,STR-2411-GKHHPS,24 Abbeywood Trl,,M3B,Single/Semi-detached House,15,Don Valley West
4337415,STR-2411-GSPHPT,1 King St W,825,M5H,Condominium,13,Toronto Centre
4337416,STR-2411-HRHHPX,355 Lansdowne Ave,3,M6H,Duplex/Triplex/Fourplex,9,Davenport
4337417,STR-2411-HYPHPY,20 Richardson St,2901,M5A,Condominium,10,Spadina-Fort York
4337418,STR-2411-JGVHPZ,135 Hay Ave,,M8Z,Single/Semi-detached House,3,Etobicoke-Lakeshore
4337419,STR-2411-FDZBPP,80 Western Battery Rd,608,M6K,Condominium,10,Spadina-Fort York
4337420,STR-2411-FVMBPR,349 1/2 Crawford St,Lower,M6J,Townhouse/ Row House,11,University-Rosedale
4337421,STR-2411-GKZBPT,224 Morningside Ave,,M1E,Single/Semi-detached House,24,Scarborough-Guildwood
4337422,STR-2411-HBMBPW,39 Derwyn Rd,,M4J,Single/Semi-detached House,14,Toronto-Danforth
4337423,STR-2411-HJTBPX,363 Sorauren Ave,304,M6R,Apartment,4,Parkdale-High Park
4337424,STR-2411-HZGBPZ,41 Shanly St,8,M6H,Condominium,9,Davenport
4337425,STR-2411-FFQPPP,62 Edgewood Ave,,M4L,Single/Semi-detached House,19,Beaches-East York
4337426,STR-2411-FMWPPQ,14 Phoebe St,,M5T,Townhouse/ Row House,10,Spadina-Fort York
4337427,STR-2411-FWCPPR,209 Fort York Blvd,779,M5V,Condominium,10,Spadina-Fort York
4337428,STR-2411-GDJPPS,159 Plewes Rd,,M3K,Single/Semi-detached House,6,York Centre
4337429,STR-2411-GLQPPT,209 Fort York Blvd,169,M5V,Condominium,10,Spadina-Fort York
4337430,STR-2411-GTWPPV,1052 Kipling Ave,,M9B,Single/Semi-detached House,2,Etobicoke Centre
4337431,STR-2411-HKJPPX,378 Shaw St,,M6J,Townhouse/ Row House,11,University-Rosedale
4337432,STR-2411-FWTBPR,1 De Boers Dr,1503,M3J,Condominium,6,York Centre
4337433,STR-2411-GDZBPS,193 Fairview Ave,,M6P,Single/Semi-detached House,4,Parkdale-High Park
4337434,STR-2411-HCTBPW,135 Lower Sherbourne St,867,M5A,Condominium,13,Toronto Centre
4337435,STR-2411-HKZBPX,110 Marine Parade Dr,404,M8V,Condominium,3,Etobicoke-Lakeshore
4337436,STR-2411-HTGBPY,1030 King St W,213,M6K,Condominium,10,Spadina-Fort York
4337437,STR-2411-JBMBPZ,866 The Queensway,200,M8Z,Apartment,3,Etobicoke-Lakeshore
4337438,STR-2411-FXJPPR,560 Front St W,521,M5V,Condominium,10,Spadina-Fort York
4337439,STR-2411-GMWPPT,18 Harbour St,3201,M5J,Condominium,10,Spadina-Fort York
4337440,STR-2411-HLQPPX,20 Blantyre Ave,,M1N,Single/Semi-detached House,20,Scarborough Southwest
4337441,STR-2411-HTWPPY,16 Pine Ter,,M4E,Townhouse/ Row House,19,Beaches-East York
4337442,STR-2411-JCCPPZ,1 Glenavon Rd,Upper,M6K,Duplex/Triplex/Fourplex,4,Parkdale-High Park
4337443,STR-2411-FQTBPQ,34 Gifford St,,M5A,Single/Semi-detached House,13,Toronto Centre
4337444,STR-2411-FXZBPR,21 Iceboat Ter,830,M5V,Condominium,10,Spadina-Fort York
4337445,STR-2411-GGGBPS,21 Grand Magazine St,809,M5V,Condominium,10,Spadina-Fort York
4337446,STR-2411-GPMBPT,24 Jessie Dr,,M3C,Townhouse/ Row House,16,Don Valley East
4337447,STR-2411-GWTBPV,204 Perth Ave,2,M6P,Single/Semi-detached House,9,Davenport
4337448,STR-2411-HDZBPW,33 Goswell Rd,,M9B,Single/Semi-detached House,2,Etobicoke Centre
4337449,STR-2411-HMGBPX,67 Pembroke St,,M5A,Single/Semi-detached House,13,Toronto Centre
4337450,STR-2411-JCTBPZ,124 Spencer Ave,101,M6K,Apartment,4,Parkdale-High Park
4337451,STR-2501-FHQSBP,8 Charlotte St,216,M5V,Condominium,10,Spadina-Fort York
4337452,STR-2411-GGWPPS,96 Isabella St,36,M4Y,Apartment,13,Toronto Centre
4337453,STR-2411-GQCPPT,21 Marblehead Rd,,M9R,Single/Semi-detached House,2,Etobicoke Centre
4337454,STR-2411-GXJPPV,32 Trolley Cres,1309,M5A,Condominium,13,Toronto Centre
4337455,STR-2411-HFQPPW,333 Adelaide St E,537,M5A,Condominium,13,Toronto Centre
4337456,STR-2411-JDJPPZ,230 Queens Quay W,623,M5J,Condominium,10,Spadina-Fort York
4337457,STR-2411-FJTBPP,30 Nelson St,1803,M5V,Condominium,10,Spadina-Fort York
4337458,STR-2411-FRZBPQ,112 Springhurst Ave,1A,M6K,Duplex/Triplex/Fourplex,4,Parkdale-High Park
4337459,STR-2411-GHMBPS,372 Lippincott St,1,M5S,Single/Semi-detached House,11,University-Rosedale
4337460,STR-2411-HPMBPX,5 Northtown Way,701,M2N,Condominium,18,Willowdale
4337461,STR-2411-FKJPPP,169 Rushton Rd,,M6G,Townhouse/ Row House,12,Toronto-St. Paul's
4337462,STR-2411-HGWPPW,84 Earlscourt Ave,A,M6E,Single/Semi-detached House,9,Davenport
4337463,STR-2411-HXJPPY,46 Western Battery Rd,840,M6K,Townhouse/ Row House,10,Spadina-Fort York
4337464,STR-2411-FKZBPP,266 Carlton St,,M5A,Single/Semi-detached House,13,Toronto Centre
4337465,STR-2411-GJTBPS,128 York Mills Rd,,M2L,Single/Semi-detached House,15,Don Valley West
4337466,STR-2411-HXZBPY,20 John St,918,M5V,Condominium,10,Spadina-Fort York
4337467,STR-2411-GKJPPS,401 Montrose Ave,,M6G,Single/Semi-detached House,11,University-Rosedale
4337468,STR-2501-FYCSBR,955 Bay St,1503,M5S,Condominium,13,Toronto Centre
4337469,STR-2411-GLBHPT,134 Adelaide St E,302,M5C,Apartment,13,Toronto Centre
4337470,STR-2411-GTHHPV,274 Gledhill Ave,,M4C,Single/Semi-detached House,19,Beaches-East York
4337471,STR-2411-GDKVPS,151 Dan Leckie Way,1906,M5V,Apartment,10,Spadina-Fort York
4337472,STR-2411-HSRVPY,250 St Clarens Ave,1,M6H,Single/Semi-detached House,9,Davenport
4337473,STR-2411-FGHHPP,34 Saunders Ave,1,M6R,Single/Semi-detached House,4,Parkdale-High Park
4337474,STR-2411-FPPHPQ,50 Quebec Ave,1104,M6P,Condominium,4,Parkdale-High Park
4337475,STR-2411-FWVHPR,355 Lansdowne Ave,2,M6H,Duplex/Triplex/Fourplex,9,Davenport
4337476,STR-2411-GFBHPS,136 Woodbine Ave,BSMT,M4L,Townhouse/ Row House,19,Beaches-East York
4337477,STR-2411-HCVHPW,57 Westowanis Dr,,M9W,Single/Semi-detached House,1,Etobicoke North
4337478,STR-2411-JBPHPZ,14 Austin Ter,3,M5R,Duplex/Triplex/Fourplex,12,Toronto-St. Paul's
4337479,STR-2411-GMXVPT,12 York St,1111,M5J,Condominium,10,Spadina-Fort York
4337480,STR-2411-HLRVPX,101 Ascot Ave,,M6E,Single/Semi-detached House,9,Davenport
4337481,STR-2501-FQWSBQ,915 King St W,109,M6K,Condominium,10,Spadina-Fort York
4337482,STR-2411-FQVHPQ,66 Moore Park Ave,,M2M,Single/Semi-detached House,18,Willowdale
4337483,STR-2411-GGHHPS,41 Plumrose Blvd,,M1E,Single/Semi-detached House,25,Scarborough-Rouge Park
4337484,STR-2411-GPPHPT,14 York St,3401,M5J,Condominium,10,Spadina-Fort York
4337485,STR-2411-HMHHPX,101 Peter St,3307,M5V,Condominium,10,Spadina-Fort York
4337486,STR-2411-HVPHPY,35 Kings Park Blvd,,M4J,Single/Semi-detached House,14,Toronto-Danforth
4337487,STR-2411-FRKVPQ,38 Widmer St,1106,M5V,Condominium,10,Spadina-Fort York
4337488,STR-2411-FYRVPR,99 John St,2107,M5V,Condominium,10,Spadina-Fort York
4337489,STR-2411-GGXVPS,101 Peter St,3401,M5V,Condominium,10,Spadina-Fort York
4337490,STR-2411-HFRVPW,185 Roehampton Ave,2512,M4P,Condominium,12,Toronto-St. Paul's
4337491,STR-2411-HMXVPX,80 Western Battery Rd,409,M6K,Condominium,10,Spadina-Fort York
4337492,STR-2411-HWDVPY,2777 Kipling Ave,1802,M9V,Apartment,1,Etobicoke North
4337493,STR-2411-JDKVPZ,19 Harjolyn Dr,,M9B,Single/Semi-detached House,3,Etobicoke-Lakeshore
4337494,STR-2411-FJVHPP,25 Donora Dr,,M4B,Single/Semi-detached House,19,Beaches-East York
4337495,STR-2411-FSBHPQ,390 Queens Quay W,1604,M5V,Apartment,10,Spadina-Fort York
4337496,STR-2411-GQVHPT,81 United Sq,,M1B,Single/Semi-detached House,25,Scarborough-Rouge Park
4337497,STR-2411-GYBHPV,204 Howard Park Ave,A,M6R,Duplex/Triplex/Fourplex,4,Parkdale-High Park
4337498,STR-2411-HGHHPW,300 Front St W,2111,M5V,Condominium,10,Spadina-Fort York
4337499,STR-2411-HPPHPX,1409 King St W,2,M6K,Duplex/Triplex/Fourplex,4,Parkdale-High Park
4337500,STR-2411-HWVHPY,382 Westmoreland Ave N,,M6H,Single/Semi-detached House,9,Davenport
4337501,STR-2411-JFBHPZ,495 Logan Ave,502,M4K,Condominium,14,Toronto-Danforth
4337502,STR-2411-FKKVPP,1263 College St,2,M6H,Single/Semi-detached House,9,Davenport
4337503,STR-2411-FZXVPR,501 St Clair Ave W,325,M5P,Condominium,12,Toronto-St. Paul's
4337504,STR-2411-GJDVPS,56 Provincetown Rd,,M1C,Single/Semi-detached House,25,Scarborough-Rouge Park
4337505,STR-2411-HGXVPW,1191 Pharmacy Ave,BSMT,M1R,Single/Semi-detached House,21,Scarborough Centre
4337506,STR-2411-HQDVPX,29 Scarboro Ave,,M1C,Single/Semi-detached House,25,Scarborough-Rouge Park
4337507,STR-2411-HXKVPY,20 Blue Jays Way,PH1,M5V,Apartment,10,Spadina-Fort York
4337508,STR-2411-FTHHPQ,215 Fort York Blvd,1906,M5V,Condominium,10,Spadina-Fort York
4337509,STR-2411-GBPHPR,14 Westchester Rd,,M6M,Single/Semi-detached House,5,York South-Weston
4337510,STR-2411-GJVHPS,12 Parkview Hts,,M1N,Single/Semi-detached House,20,Scarborough Southwest
4337511,STR-2411-GSBHPT,30 Nelson St,2807,M5V,Condominium,10,Spadina-Fort York
4337512,STR-2411-GZHHPV,628 Fleet St,3307,M5V,Condominium,10,Spadina-Fort York
4337513,STR-2411-HHPHPW,50 Bruyeres Mews,808,M5V,Condominium,10,Spadina-Fort York
4337514,STR-2411-JGHHPZ,21 Iceboat Ter,2903,M5V,Condominium,10,Spadina-Fort York
4337515,STR-2411-GCDVPR,723 Bloor St W,B,M6G,Apartment,11,University-Rosedale
4337516,STR-2411-GKKVPS,151 Dan Leckie Way,536,M5V,Condominium,10,Spadina-Fort York
4337517,STR-2411-GSRVPT,44 Poplar Ave,,M9B,Single/Semi-detached House,3,Etobicoke-Lakeshore
4337518,STR-2411-GZXVPV,505 Richmond St W,922,M5V,Apartment,10,Spadina-Fort York
4337519,STR-2411-HRKVPX,99 Foxbar Rd,1610,M4V,Condominium,12,Toronto-St. Paul's
4337520,STR-2411-FMJPPQ,32 Stewart St,402,M5V,Apartment,10,Spadina-Fort York
4337521,STR-2411-FVQPPR,30 Gloucester St,2306,M4Y,Apartment,13,Toronto Centre
4337522,STR-2411-GLCPPT,48 Marchmount Rd,1,M6G,Single/Semi-detached House,12,Toronto-St. Paul's
4337523,STR-2411-HJWPPX,167 Queen's Dr,,M9N,Single/Semi-detached House,5,York South-Weston
4337524,STR-2411-FFTBPP,25 Santa Barbara Rd,1,M2N,Single/Semi-detached House,18,Willowdale
4337525,STR-2411-FMZBPQ,6 Mountjoy Ave,,M4J,Single/Semi-detached House,14,Toronto-Danforth
4337526,STR-2411-FWGBPR,955 Bay St,2307,M5S,Condominium,13,Toronto Centre
4337527,STR-2411-GLTBPT,124 Booth Ave,2,M4M,Single/Semi-detached House,14,Toronto-Danforth
4337528,STR-2411-GTZBPV,327 King St W,1107,M5V,Condominium,10,Spadina-Fort York
4337529,STR-2411-HSTBPY,231 Fort York Blvd,812,M5V,Condominium,10,Spadina-Fort York
4337530,STR-2411-HZZBPZ,88 Queen St E,801,M5C,Condominium,13,Toronto Centre
4337531,STR-2411-FGJPPP,101 Erskine Ave,323,M4P,Condominium,15,Don Valley West
4337532,STR-2411-FWWPPR,21 Iceboat Ter,4015,M5V,Condominium,10,Spadina-Fort York
4337533,STR-2411-GMJPPT,21 Iceboat Ter,4001,M5V,Condominium,10,Spadina-Fort York
4337534,STR-2411-HLCPPX,45 Hisey Cres,1,M3N,Single/Semi-detached House,7,Humber River-Black Creek
4337535,STR-2411-FGZBPP,37 Rusholme Dr,,M6J,Single/Semi-detached House,9,Davenport
4337536,STR-2411-FQGBPQ,89 Dunfield Ave,1105,M4S,Condominium,12,Toronto-St. Paul's
4337537,STR-2411-GFTBPS,618 Conacher Dr,Basement,M2M,Single/Semi-detached House,18,Willowdale
4337538,STR-2411-GMZBPT,24 Minto St,,M4L,Single/Semi-detached House,14,Toronto-Danforth
4337539,STR-2411-GWGBPV,357 Rusholme Rd,303,M6H,Apartment,9,Davenport
4337540,STR-2411-HDMBPW,45 Dunfield Ave,512,M4S,Apartment,12,Toronto-St. Paul's
4337541,STR-2411-HLTBPX,25 Selby Street,1110,M4Y,Apartment,13,Toronto Centre
4337542,STR-2411-JCGBPZ,45 Lisgar St,306,M6J,Apartment,9,Davenport
4337543,STR-2411-GGJPPS,35 Verwood Ave,Upper,M3H,Single/Semi-detached House,6,York Centre
4337544,STR-2411-GPQPPT,22 John St,1502,M9N,Condominium,5,York South-Weston
4337545,STR-2412-GWBLBV,170 Argyle St,C,M6J,Single/Semi-detached House,9,Davenport
4337546,STR-2411-HFCPPW,48 Jackson Pl,,M6P,Townhouse/ Row House,4,Parkdale-High Park
4337547,STR-2411-HMJPPX,12 Bonnycastle St,901,M5A,Condominium,10,Spadina-Fort York
4337548,STR-2411-HVQPPY,222 Elm St,808,M5T,Apartment,11,University-Rosedale
4337549,STR-2411-JCWPPZ,890 Sheppard Ave W,113,M3H,Condominium,6,York Centre
4337550,STR-2411-FJGBPP,71 Centre Ave,,M2M,Single/Semi-detached House,18,Willowdale
4337551,STR-2411-GGZBPS,151 Dan Leckie Way,358,M5V,Condominium,10,Spadina-Fort York
4337552,STR-2411-GQGBPT,388 Richmond St W,712,M5V,Condominium,10,Spadina-Fort York
4337553,STR-2411-GXMBPV,39 Niagara St,440,M5V,Apartment,10,Spadina-Fort York
4337554,STR-2411-JDMBPZ,106 Balsam Ave,,M4E,Single/Semi-detached House,19,Beaches-East York
4337555,STR-2411-FJWPPP,38 Joe Shuster Way,1903,M6K,Condominium,10,Spadina-Fort York
4337556,STR-2411-FZJPPR,26 Lauralynn Cres,Main,M1S,Single/Semi-detached House,23,Scarborough North
4337557,STR-2411-HWWPPY,121 Parkway Forest Dr,904,M2J,Apartment,17,Don Valley North
4337558,STR-2411-FSTBPQ,300 Front St W,3413,M5V,Apartment,10,Spadina-Fort York
4337559,STR-2411-GRMBPT,50 Hillsboro Ave,1104,M5R,Apartment,11,University-Rosedale
4337560,STR-2411-GYTBPV,90 Park Lawn Rd,3007,M8Y,Condominium,3,Etobicoke-Lakeshore
4337561,STR-2411-HQGBPX,65 Bremner Blvd,1801,M5J,Condominium,10,Spadina-Fort York
4337562,STR-2501-GPQSBT,65 Bremner Blvd,2202,M5J,Condominium,10,Spadina-Fort York
4337563,STR-2411-GBQPPR,336 Sammon Ave,,M4J,Single/Semi-detached House,14,Toronto-Danforth
4337564,STR-2501-GTJSBV,199 Richmond St W,301,M5V,Condominium,10,Spadina-Fort York
4337565,STR-2411-HHQPPW,322 Guildwood Pkwy,,M1E,Single/Semi-detached House,24,Scarborough-Guildwood
4337566,STR-2411-HQWPPX,870 Dundas St W,A,M6J,Duplex/Triplex/Fourplex,11,University-Rosedale
4337567,STR-2411-HYCPPY,628 Fleet St,230,M5V,Condominium,10,Spadina-Fort York
4337568,STR-2411-GSTBPT,25 Martha Eaton Way,2413,M6M,Apartment,5,York South-Weston
4337569,STR-2411-GZZBPV,2150 Lawrence Ave E,1709,M1R,Condominium,21,Scarborough Centre
4337570,STR-2411-HJGBPW,82 Snider Ave,,M6E,Townhouse/ Row House,8,Eglinton-Lawrence
4337571,STR-2411-HRMBPX,20 Blue Jays Way,1921,M5V,Condominium,10,Spadina-Fort York
4337572,STR-2411-JGZBPZ,921 College St,1,M6H,Apartment,9,Davenport
4337573,STR-2411-FVCSBR,355 Lansdowne Ave,1,M6H,Duplex/Triplex/Fourplex,9,Davenport
4337574,STR-2411-FLVLBQ,955 Bay St,1401,M5S,Condominium,13,Toronto Centre
4337575,STR-2411-GCHLBS,629 King St W,1406,M5V,Condominium,10,Spadina-Fort York
4337576,STR-2411-GKPLBT,165 Legion Rd N,1828,M8Y,Condominium,3,Etobicoke-Lakeshore
4337577,STR-2411-GSVLBV,600 Fleet St,2208,M5V,Condominium,10,Spadina-Fort York
4337578,STR-2411-HBBLBW,30 Fallowfield Rd,,M9W,Single/Semi-detached House,1,Etobicoke North
4337579,STR-2411-HJHLBX,168 Simcoe St,805,M5H,Condominium,10,Spadina-Fort York
4337580,STR-2411-HRPLBY,30 Shore Breeze Dr,529,M8V,Condominium,3,Etobicoke-Lakeshore
4337581,STR-2411-HYVLBZ,344 Pape Ave,,M4M,Apartment,14,Toronto-Danforth
4337582,STR-2411-FMKYBQ,210 Victoria St,2610,M5B,Condominium,13,Toronto Centre
4337583,STR-2411-GCXYBS,375 King St W,2508,M5V,Condominium,10,Spadina-Fort York
4337584,STR-2411-GLDYBT,91 Joseph Duggan Rd,,M4L,Single/Semi-detached House,19,Beaches-East York
4337585,STR-2411-GTKYBV,435 Margueretta St,,M6H,Single/Semi-detached House,9,Davenport
4337586,STR-2411-HBRYBW,11 Lillian St,303,M4S,Condominium,12,Toronto-St. Paul's
4337587,STR-2411-HJXYBX,477 Richmond St W,602,M5V,Condominium,10,Spadina-Fort York
4337588,STR-2411-HSDYBY,350 Wellington St W,M12,M5V,Condominium,10,Spadina-Fort York
4337589,STR-2411-GDQSBS,135 Maitland St,204,M4Y,Condominium,13,Toronto Centre
4337590,STR-2411-FFVLBP,34 Western Battery Rd,409,M6K,Townhouse/ Row House,10,Spadina-Fort York
4337591,STR-2411-FPBLBQ,1108 Ossington Ave,,M6G,Single/Semi-detached House,9,Davenport
4337592,STR-2411-FWHLBR,231 Fort York Blvd,1305,M5V,Condominium,10,Spadina-Fort York
4337593,STR-2411-GDPLBS,40 Delisle Ave,708,M4V,Apartment,12,Toronto-St. Paul's
4337594,STR-2411-GVBLBV,215 Queen St W,2102,M5V,Condominium,10,Spadina-Fort York
4337595,STR-2411-HCHLBW,271 Concord Ave,,M6H,Duplex/Triplex/Fourplex,9,Davenport
4337596,STR-2411-HKPLBX,18 Graydon Hall Dr,1410,M3A,Condominium,16,Don Valley East
4337597,STR-2411-HSVLBY,1 Haslett Ave,,M4L,Single/Semi-detached House,19,Beaches-East York
4337598,STR-2411-JBBLBZ,20 Gladstone Ave,414,M6J,Condominium,9,Davenport
4337599,STR-2411-FGKYBP,465 Shaw St,B,M6G,Single/Semi-detached House,11,University-Rosedale
4337600,STR-2411-FWXYBR,3 Crewe Ave,,M4C,Single/Semi-detached House,19,Beaches-East York
4337601,STR-2411-GMKYBT,62 Cordella Ave,,M6N,Single/Semi-detached House,5,York South-Weston
4337602,STR-2411-GVRYBV,1968B Bloor St W,,M6P,Townhouse/ Row House,4,Parkdale-High Park
4337603,STR-2411-HLDYBX,300 Front St W,2904,M5V,Condominium,10,Spadina-Fort York
4337604,STR-2411-JBRYBZ,172 Royal York Rd,,M8V,Single/Semi-detached House,3,Etobicoke-Lakeshore
4337605,STR-2411-GPCSBT,67 Grierson Rd,B,M9W,Duplex/Triplex/Fourplex,1,Etobicoke North
4337606,STR-2411-FQHLBQ,1243 Weston Rd,Main,M6M,Townhouse/ Row House,5,York South-Weston
4337607,STR-2501-HBQSBW,830 Lawrence Ave W,402,M6A,Condominium,8,Eglinton-Lawrence
4337608,STR-2411-FXPLBR,270 Wellington St W,421,M5V,Condominium,10,Spadina-Fort York
4337609,STR-2411-GWHLBV,1547 Queen St W,,M6R,Single/Semi-detached House,4,Parkdale-High Park
4337610,STR-2411-HLVLBX,432 Heath St E,,M4G,Single/Semi-detached House,15,Don Valley West
4337611,STR-2411-JCHLBZ,5 Donofree Rd,,M6L,Single/Semi-detached House,5,York South-Weston
4337612,STR-2411-FHRYBP,79 Greenbrook Dr,,M6M,Single/Semi-detached House,5,York South-Weston
4337613,STR-2411-GPRYBT,800 Shaw St,1,M6G,Single/Semi-detached House,11,University-Rosedale
4337614,STR-2411-GWXYBV,45 Sousa Mendes St,102,M6P,Condominium,9,Davenport
4337615,STR-2411-HFDYBW,360 Melrose St,,M8Z,Single/Semi-detached House,3,Etobicoke-Lakeshore
4337616,STR-2411-HMKYBX,209 Fort York Blvd,1059,M5V,Condominium,10,Spadina-Fort York
4337617,STR-2411-JCXYBZ,19 Hiawatha Rd,,M4L,Single/Semi-detached House,14,Toronto-Danforth
4337618,STR-2411-FJHLBP,6 Foxdale Crt,,M2K,Single/Semi-detached House,17,Don Valley North
4337619,STR-2411-GQHLBT,998 Bloor St W,2,M6H,Apartment,9,Davenport
4337620,STR-2411-HFVLBW,43 Kennedy Ave,,M6S,Single/Semi-detached House,4,Parkdale-High Park
4337621,STR-2411-HWHLBY,75 Sloping Sky Mews,2,M5V,Condominium,10,Spadina-Fort York
4337622,STR-2411-JDPLBZ,28 Linden St,603,M4Y,Condominium,13,Toronto Centre
4337623,STR-2411-FJXYBP,15 Bruyeres Mews,508,M5V,Condominium,10,Spadina-Fort York
4337624,STR-2411-FZKYBR,20 Bruyeres Mews,1607,M5V,Condominium,10,Spadina-Fort York
4337625,STR-2411-GHRYBS,173 Edmonton Dr,,M2J,Single/Semi-detached House,17,Don Valley North
4337626,STR-2411-GQXYBT,99 John St,905,M5V,Condominium,10,Spadina-Fort York
4337627,STR-2411-HPRYBX,4 Lindsey Ave,,M6H,Single/Semi-detached House,9,Davenport
4337628,STR-2411-FKPLBP,14 York St,3905,M5J,Condominium,10,Spadina-Fort York
4337629,STR-2412-HPDYBX,169 QUEEN ST E,5,M5A,Apartment,13,Toronto Centre
4337630,STR-2411-GBBLBR,46 Borden St,,M5S,Single/Semi-detached House,11,University-Rosedale
4337631,STR-2411-GJHLBS,202 Queensdale Ave,,M4C,Single/Semi-detached House,19,Beaches-East York
4337632,STR-2411-GRPLBT,28 Minto St,,M4L,Single/Semi-detached House,14,Toronto-Danforth
4337633,STR-2411-HHBLBW,20 Blue Jays Way,820,M5V,Apartment,10,Spadina-Fort York
4337634,STR-2411-HXPLBY,473 Dupont St,6,M6G,Condominium,11,University-Rosedale
4337635,STR-2411-FLDYBP,78 Eastville Ave,,M1M,Single/Semi-detached House,20,Scarborough Southwest
4337636,STR-2411-GJXYBS,20 John St,223,M5V,Condominium,10,Spadina-Fort York
4337637,STR-2411-GSDYBT,14 York St,6004,M5J,Condominium,10,Spadina-Fort York
4337638,STR-2411-GZKYBV,6 Allegrezza Crt,,M6A,Single/Semi-detached House,8,Eglinton-Lawrence
4337639,STR-2411-HQXYBX,83 Brickworks Lane,,M6N,Townhouse/ Row House,5,York South-Weston
4337640,STR-2411-JGKYBZ,30 Hillsboro Ave,1008,M5R,Apartment,11,University-Rosedale
4337641,STR-2411-FDQSBP,1043 Gerrard St E,2,M4M,Apartment,14,Toronto-Danforth
4337642,STR-2411-GCJSBS,14 York St,2801,M5J,Condominium,10,Spadina-Fort York
4337643,STR-2411-GKQSBT,343 Manor Rd E,,M4S,Single/Semi-detached House,15,Don Valley West
4337644,STR-2411-GSWSBV,210 Kingsdale Ave,,M2N,Single/Semi-detached House,18,Willowdale
4337645,STR-2411-HBCSBW,48A St Georges Blvd,,M9R,Single/Semi-detached House,1,Etobicoke North
4337646,STR-2411-HRQSBY,21 Iceboat Ter,3007,M5V,Condominium,10,Spadina-Fort York
4337647,STR-2411-FFGFBP,38 Widmer St,1806,M5V,Condominium,10,Spadina-Fort York
4337648,STR-2411-FMMFBQ,99 John St,3807,M5V,Condominium,10,Spadina-Fort York
4337649,STR-2411-FVTFBR,101 Peter St,410,M5V,Condominium,10,Spadina-Fort York
4337650,STR-2411-GTMFBV,17 Eaton Park Lane,28,M1W,Townhouse/ Row House,22,Scarborough-Agincourt
4337651,STR-2411-HSGFBY,36 Lisgar St,901,M6J,Condominium,9,Davenport
4337652,STR-2411-FFWSBP,139 Victor Ave,,M4K,Single/Semi-detached House,14,Toronto-Danforth
4337653,STR-2411-FPCSBQ,300 Front St W,3508,M5V,Condominium,10,Spadina-Fort York
4337654,STR-2411-FWJSBR,145 Wolseley St,,M6J,Townhouse/ Row House,10,Spadina-Fort York
4337655,STR-2411-GLWSBT,251 Jarvis St,3413,M5B,Condominium,13,Toronto Centre
4337656,STR-2411-HSWSBY,381 Front St W,810,M5V,Condominium,10,Spadina-Fort York
4337657,STR-2411-JBCSBZ,10 Willison Sq,911,M5T,Condominium,10,Spadina-Fort York
4337658,STR-2411-FGMFBP,832 Bay St,1507,M5S,Condominium,11,University-Rosedale
4337659,STR-2411-FPTFBQ,318 Richmond St W,417,M5V,Condominium,10,Spadina-Fort York
4337660,STR-2411-GFGFBS,103 West Lodge Ave,1811,M6K,Apartment,4,Parkdale-High Park
4337661,STR-2411-GMMFBT,37 Grosvenor St,2003,M4Y,Condominium,13,Toronto Centre
4337662,STR-2411-HCZFBW,151 Royal York Rd,Main,M8V,Single/Semi-detached House,3,Etobicoke-Lakeshore
4337663,STR-2411-FHCSBP,55 Wyndcliff Cres,,M4A,Single/Semi-detached House,16,Don Valley East
4337664,STR-2411-FXQSBR,832 Bay St,1209,M5S,Condominium,11,University-Rosedale
4337665,STR-2411-GFWSBS,55 Bremner Blvd,2607,M5J,Condominium,10,Spadina-Fort York
4337666,STR-2411-GWJSBV,251 Jarvis St,1119,M5B,Condominium,13,Toronto Centre
4337667,STR-2411-HDQSBW,56 Fennings St,,M6J,Duplex/Triplex/Fourplex,10,Spadina-Fort York
4337668,STR-2411-HLWSBX,51 Patrick Blvd,,M2J,Single/Semi-detached House,17,Don Valley North
4337669,STR-2411-FHTFBP,12 York St,3907,M5J,Condominium,10,Spadina-Fort York
4337670,STR-2411-FQZFBQ,300 Front St W,2202,M5V,Condominium,10,Spadina-Fort York
4337671,STR-2411-FYGFBR,24 Plaxton Dr,,M4B,Single/Semi-detached House,19,Beaches-East York
4337672,STR-2411-GGMFBS,39 Glenborough Park Cres,,M2R,Single/Semi-detached House,18,Willowdale
4337673,STR-2411-GWZFBV,60 Flamborough Dr,,M6M,Single/Semi-detached House,5,York South-Weston
4337674,STR-2411-HVTFBY,97 Steeles Ave E,,M2M,Single/Semi-detached House,18,Willowdale
4337675,STR-2411-FJJSBP,251 Jarvis St,3601,M5B,Apartment,13,Toronto Centre
4337676,STR-2411-FRQSBQ,131 Bloor St W,1014,M5S,Apartment,11,University-Rosedale
4337677,STR-2411-GHCSBS,26 Belgate Pl,,M9C,Single/Semi-detached House,2,Etobicoke Centre
4337678,STR-2411-HPCSBX,46 Western Battery Rd,810,M6K,Condominium,10,Spadina-Fort York
4337679,STR-2411-HWJSBY,94 Garnet Ave,LNHS,M6G,Single/Semi-detached House,11,University-Rosedale
4337680,STR-2411-JDQSBZ,21 Iceboat Ter,4002,M5V,Condominium,10,Spadina-Fort York
4337681,STR-2411-FJZFBP,210 Victoria St,3303,M5B,Condominium,13,Toronto Centre
4337682,STR-2411-FSGFBQ,11 Ordnance St,319,M6K,Condominium,10,Spadina-Fort York
4337683,STR-2411-GQZFBT,50 John St,903,M5V,Apartment,10,Spadina-Fort York
4337684,STR-2411-GYGFBV,219 Fort York Blvd,702,M5V,Condominium,10,Spadina-Fort York
4337685,STR-2411-HGMFBW,40 McGill St,,M5B,Single/Semi-detached House,13,Toronto Centre
4337686,STR-2411-JFGFBZ,175 Cumberland St,1503,M5R,Condominium,11,University-Rosedale
4337687,STR-2411-FKQSBP,35 Balmuto St,704,M4Y,Condominium,11,University-Rosedale
4337688,STR-2411-FSWSBQ,99 John St,2708,M5V,Condominium,10,Spadina-Fort York
4337689,STR-2411-GBCSBR,832 Bay St,3008,M5S,Condominium,11,University-Rosedale
4337690,STR-2411-GRQSBT,155 Yorkville Ave,704,M5R,Condominium,11,University-Rosedale
4337691,STR-2411-HHCSBW,39 Gentian Dr,2,M9C,Single/Semi-detached House,2,Etobicoke Centre
4337692,STR-2411-JFWSBZ,112 George St,1404,M5A,Condominium,13,Toronto Centre
4337693,STR-2411-HHTFBW,219 Fort York Blvd,807,M5V,Condominium,10,Spadina-Fort York
4337694,STR-2411-HQZFBX,36 Park Lawn Rd,702,M8V,Condominium,3,Etobicoke-Lakeshore
4337695,STR-2411-HYGFBY,4 Goulden Cres,,M1L,Duplex/Triplex/Fourplex,20,Scarborough Southwest
4337696,STR-2411-FDRYBP,1282 Davenport Rd,3,M6H,Duplex/Triplex/Fourplex,9,Davenport
4337697,STR-2411-FLXYBQ,202 Hillcrest Ave,,M2N,Single/Semi-detached House,18,Willowdale
4337698,STR-2411-FVDYBR,1420 Dupont St,1310,M6H,Condominium,9,Davenport
4337699,STR-2411-GCKYBS,96 Jenkinson Way,,M1P,Townhouse/ Row House,21,Scarborough Centre
4337700,STR-2411-GKRYBT,54 Beacham Cres,,M1T,Single/Semi-detached House,22,Scarborough-Agincourt
4337701,STR-2411-GSXYBV,2 Augusta Ave,1503,M5V,Condominium,10,Spadina-Fort York
4337702,STR-2411-HBDYBW,89 Dunfield Ave,3205,M4S,Condominium,12,Toronto-St. Paul's
4337703,STR-2411-HJKYBX,53 Kensington Ave,,M5T,Apartment,11,University-Rosedale
4337704,STR-2411-HRRYBY,89 Dunfield Ave,1809,M4S,Condominium,12,Toronto-St. Paul's
4337705,STR-2411-FVVLBR,14 Montye ave,Bsmt,M6S,Duplex/Triplex/Fourplex,4,Parkdale-High Park
4337706,STR-2411-HBVLBW,18 Maitland Ter,2101,M4Y,Condominium,13,Toronto Centre
4337707,STR-2411-FFXYBP,28 Wellesley St E,909,M4Y,Condominium,13,Toronto Centre
4337708,STR-2411-FPDYBQ,381 Mortimer Ave,,M4J,Single/Semi-detached House,14,Toronto-Danforth
4337709,STR-2411-FWKYBR,140 Simcoe St,919,M5H,Condominium,10,Spadina-Fort York
4337710,STR-2411-GDRYBS,151 Dan Leckie Way,2308,M5V,Condominium,10,Spadina-Fort York
4337711,STR-2411-GLXYBT,21 Iceboat Ter,4011,M5V,Condominium,10,Spadina-Fort York
4337712,STR-2411-GVDYBV,2 Anndale Dr,3004,M2N,Condominium,18,Willowdale
4337713,STR-2411-HCKYBW,386 Montrose Ave,,M6G,Single/Semi-detached House,11,University-Rosedale
4337714,STR-2411-FGPLBP,101 Peter St,3007,M5V,Condominium,10,Spadina-Fort York
4337715,STR-2412-GFHLBS,14 York St,6111,M5J,Condominium,10,Spadina-Fort York
4337716,STR-2412-GVVLBV,78 Glen Manor Dr,Upper,M4E,Duplex/Triplex/Fourplex,19,Beaches-East York
4337717,STR-2412-HDBLBW,100 Harbour St,6005,M5J,Condominium,10,Spadina-Fort York
4337718,STR-2412-HLHLBX,151 Dan Leckie Way,1603,M5V,Condominium,10,Spadina-Fort York
4337719,STR-2412-HTPLBY,28 Linden St,2708,M4Y,Condominium,13,Toronto Centre
4337720,STR-2412-FHDYBP,53 Jersey Ave,,M6G,Single/Semi-detached House,11,University-Rosedale
4337721,STR-2412-FQKYBQ,130 Springhurst Ave,Upper,M6K,Duplex/Triplex/Fourplex,4,Parkdale-High Park
4337722,STR-2412-FXRYBR,149 Silver Birch Ave,,M4E,Single/Semi-detached House,19,Beaches-East York
4337723,STR-2412-GPDYBT,20 Lisburn Cres,,M2J,Single/Semi-detached House,17,Don Valley North
4337724,STR-2501-HFCSBW,12 York St,2507,M5J,Condominium,10,Spadina-Fort York
4337725,STR-2412-HLXYBX,550 Yonge St,2,M4Y,Apartment,13,Toronto Centre
4337726,STR-2412-HVDYBY,84 Glengrove Ave W,,M4R,Single/Semi-detached House,8,Eglinton-Lawrence
4337727,STR-2412-FHVLBP,500 Doris Ave,1221,M2N,Condominium,18,Willowdale
4337728,STR-2412-FYHLBR,19 Glenaden Ave E,,M8Y,Single/Semi-detached House,3,Etobicoke-Lakeshore
4337729,STR-2412-GGPLBS,80 Berkinshaw Cres,,M3B,Single/Semi-detached House,16,Don Valley East
4337730,STR-2412-GPVLBT,14 York St,5706,M5J,Condominium,10,Spadina-Fort York
4337731,STR-2412-GXBLBV,55 Bremner Blvd,4005,M5J,Condominium,10,Spadina-Fort York
4337732,STR-2412-HFHLBW,101 Ivy Ave,,M4L,Single/Semi-detached House,14,Toronto-Danforth
4337733,STR-2412-HVVLBY,106 Fort York Blvd,G06,M5V,Condominium,10,Spadina-Fort York
4337734,STR-2412-JDBLBZ,5 Ashby Pl,,M5A,Townhouse/ Row House,13,Toronto Centre
4337735,STR-2412-FRRYBQ,832 Bay St,1001,M5S,Condominium,11,University-Rosedale
4337736,STR-2412-FYXYBR,600 Fleet St,1202,M5V,Condominium,10,Spadina-Fort York
4337737,STR-2412-GHDYBS,251 Jarvis St,2614,M5B,Condominium,13,Toronto Centre
4337738,STR-2412-GQKYBT,52 Holmes Ave,7,M2N,Townhouse/ Row House,18,Willowdale
4337739,STR-2412-GXRYBV,27 Portage Ave,,M9N,Single/Semi-detached House,5,York South-Weston
4337740,STR-2412-HWKYBY,30 Shore Breeze Dr,440,M8V,Condominium,3,Etobicoke-Lakeshore
4337741,STR-2412-JDRYBZ,133 Mavety St,,M6P,Single/Semi-detached House,4,Parkdale-High Park
4337742,STR-2412-FKBLBP,90 Lake Shore Dr,,M8V,Single/Semi-detached House,3,Etobicoke-Lakeshore
4337743,STR-2412-FSHLBQ,300 Front St W,608,M5V,Condominium,10,Spadina-Fort York
4337744,STR-2412-FZPLBR,5 Zappacosta Dr,1604,M9M,Apartment,7,Humber River-Black Creek
4337745,STR-2412-GHVLBS,3 Chiswick Ave,,M6M,Single/Semi-detached House,5,York South-Weston
4337746,STR-2412-GRBLBT,890 Mount Pleasant Rd,2004,M4P,Apartment,12,Toronto-St. Paul's
4337747,STR-2412-HGPLBW,175 Cumberland St,1004,M5R,Condominium,11,University-Rosedale
4337748,STR-2412-HPVLBX,35 Balmuto St,1803,M4Y,Condominium,11,University-Rosedale
4337749,STR-2412-HXBLBY,16 Yonge St,1801,M5E,Condominium,10,Spadina-Fort York
4337750,STR-2412-JFHLBZ,600 Fleet St,2307,M5V,Condominium,10,Spadina-Fort York
4337751,STR-2412-FKRYBP,99 John St,3304,M5V,Condominium,10,Spadina-Fort York
4337752,STR-2412-GBDYBR,101 Peter St,903,M5V,Condominium,10,Spadina-Fort York
4337753,STR-2412-GRRYBT,141 Davisville Ave,1404,M4S,Apartment,12,Toronto-St. Paul's
4337754,STR-2412-GYXYBV,221 Sterling Rd,9,M6R,Apartment,9,Davenport
4337755,STR-2412-HQKYBX,25 Duffield Rd,,M9P,Single/Semi-detached House,2,Etobicoke Centre
4337756,STR-2412-HXRYBY,16 Wedgeport Pl,,M2N,Single/Semi-detached House,18,Willowdale
4337757,STR-2412-JFXYBZ,38 Dan Leckie Way,608,M5V,Condominium,10,Spadina-Fort York
4337758,STR-2412-FTPLBQ,121 St Patrick St,1626,M5T,Condominium,10,Spadina-Fort York
4337759,STR-2412-GKBLBS,117 Chipwood Cres,,M2J,Single/Semi-detached House,17,Don Valley North
4337760,STR-2412-GSHLBT,38A Craiglee Dr,,M1N,Single/Semi-detached House,20,Scarborough Southwest
4337761,STR-2412-GZPLBV,20 Blue Jays Way,501,M5V,Apartment,10,Spadina-Fort York
4337762,STR-2412-HHVLBW,46 Western Battery Rd,807,M6K,Townhouse/ Row House,10,Spadina-Fort York
4337763,STR-2412-HYHLBY,316 Churchill Ave,,M2R,Single/Semi-detached House,18,Willowdale
4337764,STR-2412-JGPLBZ,49 East Liberty St,1705,M6K,Condominium,10,Spadina-Fort York
4337765,STR-2412-FLZFBQ,24 Hines Dr,,M2H,Single/Semi-detached House,17,Don Valley North
4337766,STR-2412-FVGFBR,14 York St,4610,M5J,Condominium,10,Spadina-Fort York
4337767,STR-2412-GCMFBS,151 Dan Leckie Way,246,M5V,Condominium,10,Spadina-Fort York
4337768,STR-2412-GKTFBT,195 McCaul St,511,M5T,Condominium,11,University-Rosedale
4337769,STR-2412-GSZFBV,321 King St W,3502,M5V,Condominium,10,Spadina-Fort York
4337770,STR-2412-HBGFBW,3 Everson Dr,220,M2N,Condominium,18,Willowdale
4337771,STR-2412-HRTFBY,25 Cardell Ave,,M9N,Single/Semi-detached House,5,York South-Weston
4337772,STR-2412-FMQSBQ,11 Amos Cres,,M3H,Single/Semi-detached House,6,York Centre
4337773,STR-2412-GDCSBS,57 Frederick Tisdale Dr,,M3K,Townhouse/ Row House,6,York Centre
4337774,STR-2412-GTQSBV,185 Bethany Leigh Dr,,M1V,Single/Semi-detached House,23,Scarborough North
4337775,STR-2412-HBWSBW,67 Rushley Dr,,M1P,Single/Semi-detached House,21,Scarborough Centre
4337776,STR-2412-HKCSBX,12 Glenavon Rd,1B,M6K,Duplex/Triplex/Fourplex,4,Parkdale-High Park
4337777,STR-2412-HSJSBY,43 Cotman Cres,,M9B,Single/Semi-detached House,2,Etobicoke Centre
4337778,STR-2412-HZQSBZ,151 Dan Leckie Way,2010,M5V,Condominium,10,Spadina-Fort York
4337779,STR-2412-FPGFBQ,97 Ranee Ave,,M6A,Single/Semi-detached House,8,Eglinton-Lawrence
4337780,STR-2412-FWMFBR,34 Ashbury Ave,,M6E,Single/Semi-detached House,12,Toronto-St. Paul's
4337781,STR-2412-GLZFBT,338 Coxwell Ave,,M4L,Single/Semi-detached House,14,Toronto-Danforth
4337782,STR-2412-HSZFBY,6 Gleneita St,Basement,M1M,Single/Semi-detached House,20,Scarborough Southwest
4337783,STR-2412-JBGFBZ,28 Olive Ave,PH 10,M2N,Apartment,18,Willowdale
4337784,STR-2412-FGQSBP,151 Dynevor Rd,Upper,M6E,Duplex/Triplex/Fourplex,9,Davenport
4337785,STR-2412-FXCSBR,251 Jarvis St,1804,M5B,Condominium,13,Toronto Centre
4337786,STR-2501-HDMFBW,137 Woodfern Dr,,M1K,Single/Semi-detached House,20,Scarborough Southwest
4337787,STR-2412-GFJSBS,509 Beecroft Rd,1705,M2N,Condominium,18,Willowdale
4337788,STR-2412-GMQSBT,832 Bay St,2909,M5S,Condominium,11,University-Rosedale
4337789,STR-2412-GVWSBV,479 Glengarry Ave,,M5M,Single/Semi-detached House,8,Eglinton-Lawrence
4337790,STR-2412-HDCSBW,135 Marlee Ave,1005,M6B,Apartment,8,Eglinton-Lawrence
4337791,STR-2412-HLJSBX,88 Queen St E,915,M5C,Condominium,13,Toronto Centre
4337792,STR-2412-JBWSBZ,19 Irvington Cres,,M2N,Single/Semi-detached House,18,Willowdale
4337793,STR-2412-FHGFBP,1029 Dovercourt Rd,,M6H,Single/Semi-detached House,9,Davenport
4337794,STR-2412-FXTFBR,15 Grove Ave,Main,M6J,Single/Semi-detached House,10,Spadina-Fort York
4337795,STR-2412-GFZFBS,179 Livingstone Ave,,M6E,Single/Semi-detached House,8,Eglinton-Lawrence
4337796,STR-2412-GPGFBT,251 Jarvis St,1718,M5B,Condominium,13,Toronto Centre
4337797,STR-2412-GWMFBV,361 Mount Pleasant Rd,2,M4T,Duplex/Triplex/Fourplex,11,University-Rosedale
4337798,STR-2412-HDTFBW,130 River St,2803,M5A,Condominium,13,Toronto Centre
4337799,STR-2412-HLZFBX,20 John St,717,M5V,Condominium,10,Spadina-Fort York
4337800,STR-2412-JCMFBZ,9 Gloaming Dr,,M1E,Single/Semi-detached House,24,Scarborough-Guildwood
4337801,STR-2412-FHWSBP,5 Zappacosta Dr,1301,M9M,Condominium,7,Humber River-Black Creek
4337802,STR-2412-FRCSBQ,300 Front St W,305,M5V,Condominium,10,Spadina-Fort York
4337803,STR-2412-FYJSBR,732 Logan Ave,,M4K,Single/Semi-detached House,14,Toronto-Danforth
4337804,STR-2412-GXCSBV,391 Willowdale Ave,,M2N,Single/Semi-detached House,18,Willowdale
4337805,STR-2412-HFJSBW,650 Parliament St,708,M4X,Apartment,13,Toronto Centre
4337806,STR-2412-HMQSBX,1374 Woodbine Ave,,M4C,Single/Semi-detached House,19,Beaches-East York
4337807,STR-2412-HVWSBY,244 Gerrard St E,PH,M5A,Townhouse/ Row House,13,Toronto Centre
4337808,STR-2412-JDCSBZ,1236 Gerrard St E,,M4L,Single/Semi-detached House,14,Toronto-Danforth
4337809,STR-2412-FRTFBQ,560 Front St W,1231,M5V,Condominium,10,Spadina-Fort York
4337810,STR-2412-FYZFBR,33 Wood St,1505,M4Y,Apartment,13,Toronto Centre
4337811,STR-2412-GQMFBT,300 Front St W,908,M5V,Condominium,10,Spadina-Fort York
4337812,STR-2412-GXTFBV,56 Glendale Ave,,M6R,Single/Semi-detached House,4,Parkdale-High Park
4337813,STR-2412-HPGFBX,15 Bruyeres Mews,602,M5V,Condominium,10,Spadina-Fort York
4337814,STR-2412-HWMFBY,155 Yorkville Ave,2720,M5R,Condominium,11,University-Rosedale
4337815,STR-2412-JDTFBZ,61 Samba Dr,,M9M,Single/Semi-detached House,7,Humber River-Black Creek
4337816,STR-2412-FKCSBP,2300 St Clair Ave W,115,M6N,Condominium,5,York South-Weston
4337817,STR-2412-FSJSBQ,11 Niagara St,36,M5V,Townhouse/ Row House,10,Spadina-Fort York
4337818,STR-2501-HMJSBX,30 Nelson St,2303,M5V,Condominium,10,Spadina-Fort York
4337819,STR-2412-FZQSBR,1284 Danforth Rd,620,M1J,Apartment,21,Scarborough Centre
4337820,STR-2502-HRMFBX,151 Dan Leckie Way,950,M5V,Condominium,10,Spadina-Fort York
4337821,STR-2412-GHWSBS,65 Bremner Blvd,1701,M5J,Condominium,10,Spadina-Fort York
4337822,STR-2412-GRCSBT,2625 Dundas St W,102,M6P,Condominium,4,Parkdale-High Park
4337823,STR-2412-GYJSBV,448A Midland Ave,,M1N,Single/Semi-detached House,20,Scarborough Southwest
4337824,STR-2412-HGQSBW,570 Bay St,210,M5G,Condominium,10,Spadina-Fort York
4337825,STR-2412-HPWSBX,251 Jarvis St,4909,M5B,Condominium,13,Toronto Centre
4337826,STR-2412-HXCSBY,628 Fleet St,332,M5V,Condominium,10,Spadina-Fort York
4337827,STR-2412-JFJSBZ,373 Front St W,1610,M5V,Condominium,10,Spadina-Fort York
4337828,STR-2412-FKTFBP,250 Wellington St W,635,M5V,Condominium,10,Spadina-Fort York
4337829,STR-2412-FSZFBQ,15 Bruyeres Mews,1407,M5V,Condominium,10,Spadina-Fort York
4337830,STR-2412-GJMFBS,99 John St,2602,M5V,Condominium,10,Spadina-Fort York
4337831,STR-2412-GRTFBT,600 Fleet St,2102,M5V,Condominium,10,Spadina-Fort York
4337832,STR-2412-GYZFBV,300 Front St W,1004,M5V,Condominium,10,Spadina-Fort York
4337833,STR-2412-HHGFBW,20 Bruyeres Mews,1202,M5V,Condominium,10,Spadina-Fort York
4337834,STR-2412-HXTFBY,4725 Sheppard Ave E,1110,M1S,Condominium,23,Scarborough North
4337835,STR-2412-JFZFBZ,61 Squires Ave,,M4B,Single/Semi-detached House,19,Beaches-East York
4337836,STR-2412-FTQSBQ,37 Araman Dr,,M1T,Single/Semi-detached House,22,Scarborough-Agincourt
4337837,STR-2412-GBWSBR,44 Charles St W,3904,M4Y,Apartment,11,University-Rosedale
4337838,STR-2412-GZQSBV,832 Bay St,2210,M5S,Condominium,11,University-Rosedale
4337839,STR-2412-HHWSBW,955 Bay St,714,M5S,Condominium,13,Toronto Centre
4337840,STR-2412-HRCSBX,36 Park Lawn Rd,3905,M8V,Apartment,3,Etobicoke-Lakeshore
4337841,STR-2412-HYJSBY,79 Seaton St,,M5A,Single/Semi-detached House,13,Toronto Centre
4337842,STR-2412-FDVLBP,313 Harbord St,1,M6G,Duplex/Triplex/Fourplex,11,University-Rosedale
4337843,STR-2412-FMBLBQ,830 Lawrence Ave W,2211,M6A,Condominium,8,Eglinton-Lawrence
4337844,STR-2412-FVHLBR,397 Front St W,2609,M5V,Condominium,10,Spadina-Fort York
4337845,STR-2412-GCPLBS,628 Fleet St,1413,M5V,Condominium,10,Spadina-Fort York
4337846,STR-2412-GKVLBT,600 Fleet St,1006,M5V,Condominium,10,Spadina-Fort York
4337847,STR-2412-GTBLBV,99 John St,1705,M5V,Condominium,10,Spadina-Fort York
4337848,STR-2412-HJPLBX,20 Bruyeres Mews,518,M5V,Condominium,10,Spadina-Fort York
4337849,STR-2412-HRVLBY,300 Front St W,1411,M5V,Condominium,10,Spadina-Fort York
4337850,STR-2412-HZBLBZ,9 Gladsmore Cres,,M9W,Single/Semi-detached House,1,Etobicoke North
4337851,STR-2412-FFKYBP,18 Yonge St,1214,M5E,Condominium,10,Spadina-Fort York
4337852,STR-2412-FMRYBQ,300 Front St W,2811,M5V,Condominium,10,Spadina-Fort York
4337853,STR-2412-FVXYBR,99 John St,2007,M5V,Condominium,10,Spadina-Fort York
4337854,STR-2412-GDDYBS,15 Bruyeres Mews,1206,M5V,Condominium,10,Spadina-Fort York
4337855,STR-2412-GLKYBT,628 Fleet St,803,M5V,Condominium,10,Spadina-Fort York
4337856,STR-2412-HSKYBY,381 Front St W,1609,M5V,Condominium,10,Spadina-Fort York
4337857,STR-2412-HZRYBZ,177 Mutual St,302,M5B,Apartment,13,Toronto Centre
4337858,STR-2412-FGBLBP,249 Quebec Ave,,M6P,Single/Semi-detached House,4,Parkdale-High Park
4337859,STR-2412-FWPLBR,24 Noble St,510,M6K,Condominium,4,Parkdale-High Park
4337860,STR-2412-GMBLBT,231 Fort York Blvd,1019,M5V,Condominium,10,Spadina-Fort York
4337861,STR-2412-HCPLBW,140 Simcoe St,1622,M5H,Condominium,10,Spadina-Fort York
4337862,STR-2412-HTBLBY,955 Bay St,321,M5S,Condominium,13,Toronto Centre
4337863,STR-2412-FGRYBP,18 Harbour St,2209,M5J,Condominium,10,Spadina-Fort York
4337864,STR-2412-FPXYBQ,270 Davenport Rd,7,M5R,Townhouse/ Row House,11,University-Rosedale
4337865,STR-2412-FXDYBR,54 Poulett St,,M5A,Townhouse/ Row House,13,Toronto Centre
4337866,STR-2412-GFKYBS,30 Grand Trunk Cres,2705,M5J,Condominium,10,Spadina-Fort York
4337867,STR-2412-GMRYBT,77 Pine Crest Rd,,M6P,Single/Semi-detached House,4,Parkdale-High Park
4337868,STR-2412-GVXYBV,1758 Queen St E,,M4L,Single/Semi-detached House,19,Beaches-East York
4337869,STR-2412-HDDYBW,99 John St,804,M5V,Condominium,10,Spadina-Fort York
4337870,STR-2412-HTRYBY,2464 Weston Rd,704,M9N,Apartment,5,York South-Weston
4337871,STR-2412-JBXYBZ,30 Gibbs Rd,2810,M9B,Condominium,2,Etobicoke Centre
4337872,STR-2412-FHHLBP,47 Sibley Ave,,M4C,Single/Semi-detached House,19,Beaches-East York
4337873,STR-2412-FQPLBQ,47 Marina Ave,2,M8W,Apartment,3,Etobicoke-Lakeshore
4337874,STR-2412-FXVLBR,28 Curlew Dr,52,M3A,Townhouse/ Row House,16,Don Valley East
4337875,STR-2412-GWPLBV,59 Dromore Cres,A,M2R,Single/Semi-detached House,18,Willowdale
4337876,STR-2412-HDVLBW,161 Brockley Dr,,M1P,Townhouse/ Row House,21,Scarborough Centre
4337877,STR-2412-HMBLBX,101 Peter St,2108,M5V,Condominium,10,Spadina-Fort York
4337878,STR-2412-JCPLBZ,1 Shaw St,101,M6K,Condominium,10,Spadina-Fort York
4337879,STR-2412-FHXYBP,300 Front St W,1813,M5V,Condominium,10,Spadina-Fort York
4337880,STR-2412-FRDYBQ,955 Bay St,3116,M5S,Condominium,13,Toronto Centre
4337881,STR-2412-GGRYBS,955 Bay St,1610,M5S,Condominium,13,Toronto Centre
4337882,STR-2412-GPXYBT,258 Rusholme Rd,,M6H,Single/Semi-detached House,9,Davenport
4337883,STR-2412-GXDYBV,955 Bay St,821,M5S,Condominium,13,Toronto Centre
4337884,STR-2412-HFKYBW,6 Ossington Ave,302,M6J,Apartment,10,Spadina-Fort York
4337885,STR-2412-HVXYBY,43 Challenger Crt,,M1C,Single/Semi-detached House,25,Scarborough-Rouge Park
4337886,STR-2412-JDDYBZ,154 Vauxhall Dr,,M1P,Single/Semi-detached House,21,Scarborough Centre
4337887,STR-2412-FJPLBP,168 Ossington Ave,2,M6J,Duplex/Triplex/Fourplex,10,Spadina-Fort York
4337888,STR-2412-FRVLBQ,1438 Islington Ave,,M9A,Single/Semi-detached House,2,Etobicoke Centre
4337889,STR-2412-FZBLBR,14 York St,1402,M5J,Condominium,10,Spadina-Fort York
4337890,STR-2412-GQPLBT,1 Shaw St,1123,M6K,Condominium,10,Spadina-Fort York
4337891,STR-2412-GXVLBV,771 Windermere Ave,,M6S,Single/Semi-detached House,4,Parkdale-High Park
4337892,STR-2412-HPHLBX,169 Geoffrey St,,M6R,Single/Semi-detached House,4,Parkdale-High Park
4337893,STR-2412-HWPLBY,210 Victoria St,2303,M5B,Condominium,13,Toronto Centre
4337894,STR-2412-JDVLBZ,373 Front St W,703,M5V,Condominium,10,Spadina-Fort York
4337895,STR-2412-FKDYBP,12 York St,1206,M5J,Condominium,10,Spadina-Fort York
4337896,STR-2412-FSKYBQ,397 Front St W,1101,M5V,Condominium,10,Spadina-Fort York
4337897,STR-2502-GGLBPS,300 Front St W,3611,M5V,Condominium,10,Spadina-Fort York
4337898,STR-2412-GHXYBS,101 Peter St,2503,M5V,Condominium,10,Spadina-Fort York
4337899,STR-2412-GRDYBT,270 Wellington St W,904,M5V,Condominium,10,Spadina-Fort York
4337900,STR-2412-GYKYBV,628 Fleet St,604,M5V,Condominium,10,Spadina-Fort York
4337901,STR-2412-HGRYBW,200 Victoria St,1105,M5B,Condominium,13,Toronto Centre
4337902,STR-2412-HPXYBX,50 Bruyeres Mews,1210,M5V,Condominium,10,Spadina-Fort York
4337903,STR-2412-HXDYBY,361 Front St W,3010,M5V,Condominium,10,Spadina-Fort York
4337904,STR-2412-FKVLBP,250 Wellington St W,1040,M5V,Condominium,10,Spadina-Fort York
4337905,STR-2412-FTBLBQ,126 Simcoe St,1009,M5H,Condominium,10,Spadina-Fort York
4337906,STR-2412-GJPLBS,76 Glendale Ave,1,M6R,Duplex/Triplex/Fourplex,4,Parkdale-High Park
4337907,STR-2412-GRVLBT,365 Church St,1411,M5B,Condominium,13,Toronto Centre
4337908,STR-2412-GZBLBV,85 Bloor St E,PH 5,M4W,Condominium,11,University-Rosedale
4337909,STR-2412-HHHLBW,109 Virginia Ave,,M4C,Single/Semi-detached House,19,Beaches-East York
4337910,STR-2412-HQPLBX,40 Kildonan Rd,,M4E,Single/Semi-detached House,19,Beaches-East York
4337911,STR-2412-HXVLBY,749 Marlee Ave,3,M6B,Duplex/Triplex/Fourplex,8,Eglinton-Lawrence
4337912,STR-2412-JGBLBZ,30 Nelson St,3702,M5V,Condominium,10,Spadina-Fort York
4337913,STR-2412-FLKYBP,33 Wood St,2604,M4Y,Apartment,13,Toronto Centre
4337914,STR-2412-FTRYBQ,15 Iceboat Ter,638,M5V,Condominium,10,Spadina-Fort York
4337915,STR-2412-GBXYBR,399 Oakwood Ave,,M6E,Single/Semi-detached House,12,Toronto-St. Paul's
4337916,STR-2412-GKDYBS,887 Bay St,1006,M5S,Condominium,13,Toronto Centre
4337917,STR-2412-GZRYBV,397 Front St W,909,M5V,Condominium,10,Spadina-Fort York
4337918,STR-2412-HHXYBW,16 Yonge St,3611,M5E,Condominium,10,Spadina-Fort York
4337919,STR-2412-HRDYBX,50 Bruyeres Mews,602,M5V,Condominium,10,Spadina-Fort York
4337920,STR-2412-HYKYBY,75 Eastdale Ave,616,M4C,Apartment,19,Beaches-East York
4337921,STR-2412-JGRYBZ,300 Front St W,1003,M5V,Condominium,10,Spadina-Fort York
4337922,STR-2412-FDWSBP,16 Cambridge Ave,,M4K,Single/Semi-detached House,14,Toronto-Danforth
4337923,STR-2412-FMCSBQ,4 Dunkirk Rd,,M4C,Single/Semi-detached House,19,Beaches-East York
4337924,STR-2412-GCQSBS,364 Rathburn Rd,,M9B,Single/Semi-detached House,2,Etobicoke Centre
4337925,STR-2412-GKWSBT,18 Walsh Ave,,M9M,Single/Semi-detached House,7,Humber River-Black Creek
4337926,STR-2412-GTCSBV,100 Graydon Hall Dr,402,M3A,Apartment,16,Don Valley East
4337927,STR-2412-HJQSBX,14 York St,2502,M5J,Condominium,10,Spadina-Fort York
4337928,STR-2412-HRWSBY,140 Simcoe St,217,M5H,Condominium,10,Spadina-Fort York
4337929,STR-2412-HZCSBZ,38 Widmer St,4709,M5V,Condominium,10,Spadina-Fort York
4337930,STR-2412-FFMFBP,21 Iceboat Ter,232,M5V,Condominium,10,Spadina-Fort York
4337931,STR-2412-FMTFBQ,168 Simcoe St,1102,M5H,Condominium,10,Spadina-Fort York
4337932,STR-2412-FVZFBR,600 Fleet St,805,M5V,Condominium,10,Spadina-Fort York
4337933,STR-2412-GDGFBS,101 Peter St,610,M5V,Condominium,10,Spadina-Fort York
4337934,STR-2412-GLMFBT,373 Front St W,2701,M5V,Condominium,10,Spadina-Fort York
4337935,STR-2412-GTTFBV,63 Cameron St,2,M5T,Duplex/Triplex/Fourplex,10,Spadina-Fort York
4337936,STR-2412-HBZFBW,153 Wolseley St,,M6J,Townhouse/ Row House,10,Spadina-Fort York
4337937,STR-2412-HKGFBX,251 Jarvis St,1607,M5B,Condominium,13,Toronto Centre
4337938,STR-2412-HSMFBY,5 Windy Ridge Dr,,M1M,Single/Semi-detached House,20,Scarborough Southwest
4337939,STR-2412-HZTFBZ,1077 College St,1,M6H,Apartment,9,Davenport
4337940,STR-2412-FGCSBP,32 Alpaca Dr,,M1J,Single/Semi-detached House,24,Scarborough-Guildwood
4337941,STR-2412-FPJSBQ,50 Bruyeres Mews,1003,M5V,Condominium,10,Spadina-Fort York
4337942,STR-2412-FWQSBR,99 John St,1301,M5V,Condominium,10,Spadina-Fort York
4337943,STR-2412-GDWSBS,250 Wellington St W,1540,M5V,Condominium,10,Spadina-Fort York
4337944,STR-2412-GMCSBT,373 Front St W,510,M5V,Condominium,10,Spadina-Fort York
4337945,STR-2412-HCQSBW,555 Wilson Ave,E1010,M3H,Condominium,6,York Centre
4337946,STR-2412-HKWSBX,220 Victoria St,1110,M5B,Condominium,13,Toronto Centre
4337947,STR-2412-HTCSBY,101 Peter St,3306,M5V,Condominium,10,Spadina-Fort York
4337948,STR-2412-JBJSBZ,101 Peter St,1809,M5V,Condominium,10,Spadina-Fort York
4337949,STR-2412-FPZFBQ,300 Front St W,3503,M5V,Condominium,10,Spadina-Fort York
4337950,STR-2412-GMTFBT,250 Wellington St W,1131,M5V,Condominium,10,Spadina-Fort York
4337951,STR-2412-GVZFBV,397 Front St W,2708,M5V,Condominium,10,Spadina-Fort York
4337952,STR-2412-HTTFBY,15 Bruyeres Mews,809,M5V,Condominium,10,Spadina-Fort York
4337953,STR-2412-JBZFBZ,600 Fleet St,502,M5V,Condominium,10,Spadina-Fort York
4337954,STR-2412-FHJSBP,120 Bertrand Ave,,M1K,Single/Semi-detached House,21,Scarborough Centre
4337955,STR-2412-FQQSBQ,381 Front St W,2305,M5V,Condominium,10,Spadina-Fort York
4337956,STR-2412-FXWSBR,8 Charlotte St,901,M5V,Condominium,10,Spadina-Fort York
4337957,STR-2412-GGCSBS,15 Bruyeres Mews,1508,M5V,Condominium,10,Spadina-Fort York
4337958,STR-2412-GPJSBT,375 King St W,2708,M5V,Condominium,10,Spadina-Fort York
4337959,STR-2412-GWQSBV,628 Fleet St,1106,M5V,Condominium,10,Spadina-Fort York
4337960,STR-2412-HMCSBX,270 Wellington St W,711,M5V,Condominium,10,Spadina-Fort York
4337961,STR-2412-HVJSBY,327 King St W,2103,M5V,Condominium,10,Spadina-Fort York
4337962,STR-2412-JCQSBZ,318 Richmond St W,901,M5V,Condominium,10,Spadina-Fort York
4337963,STR-2412-FHZFBP,350 Wellington St W,502,M5V,Condominium,10,Spadina-Fort York
4337964,STR-2412-FRGFBQ,600 Fleet St,1407,M5V,Condominium,10,Spadina-Fort York
4337965,STR-2412-GXGFBV,38 Forest Manor Rd,2106,M2J,Condominium,17,Don Valley North
4337966,STR-2412-HFMFBW,227 Wychwood Ave,1,M6C,Duplex/Triplex/Fourplex,12,Toronto-St. Paul's
4337967,STR-2412-HMTFBX,165 Colin Ave,,M5P,Single/Semi-detached House,12,Toronto-St. Paul's
4337968,STR-2412-HVZFBY,251 Jarvis St,210,M5B,Condominium,13,Toronto Centre
4337969,STR-2412-JDGFBZ,123 Chelwood Rd,,M1K,Single/Semi-detached House,20,Scarborough Southwest
4337970,STR-2412-FJQSBP,50 Dunfield Ave,1817,M4S,Condominium,12,Toronto-St. Paul's
4337971,STR-2412-FRWSBQ,18 Yonge St,2003,M5E,Condominium,10,Spadina-Fort York
4337972,STR-2412-GHJSBS,887 Bay St,1102,M5S,Condominium,13,Toronto Centre
4337973,STR-2412-GQQSBT,140 Simcoe St,703,M5H,Condominium,10,Spadina-Fort York
4337974,STR-2412-HGCSBW,20 Bruyeres Mews,1905,M5V,Condominium,10,Spadina-Fort York
4337975,STR-2412-HPJSBX,889 Bay St,1512,M5S,Condominium,13,Toronto Centre
4337976,STR-2412-HWQSBY,215 Fort York Blvd,2908,M5V,Condominium,10,Spadina-Fort York
4337977,STR-2412-JDWSBZ,57 Spadina Ave,1206,M5V,Apartment,10,Spadina-Fort York
4337978,STR-2412-FKGFBP,23 Thatcher Ave,,M1M,Single/Semi-detached House,20,Scarborough Southwest
4337979,STR-2412-FSMFBQ,75 Windrush Trl,,M1C,Single/Semi-detached House,25,Scarborough-Rouge Park
4337980,STR-2412-FZTFBR,832 Bay St,4407,M5S,Condominium,11,University-Rosedale
4337981,STR-2412-GHZFBS,2048 Danforth Ave.,A,M4C,Apartment,19,Beaches-East York
4337982,STR-2412-GRGFBT,300 Front St W,3912,M5V,Condominium,10,Spadina-Fort York
4337983,STR-2412-HGTFBW,8 Wellesley St E,803,M4Y,Apartment,13,Toronto Centre
4337984,STR-2412-HPZFBX,83 Westmoreland Ave,,M6H,Single/Semi-detached House,9,Davenport
4337985,STR-2412-HXGFBY,251 St George St,11,M5R,Apartment,11,University-Rosedale
4337986,STR-2412-JFMFBZ,31 Princess St,101,M5A,Apartment,13,Toronto Centre
4337987,STR-2412-FKWSBP,122 Shaw St,1,M6J,Townhouse/ Row House,10,Spadina-Fort York
4337988,STR-2412-GBJSBR,832 Bay St,1208,M5S,Condominium,11,University-Rosedale
4337989,STR-2412-GRWSBT,151 Dan Leckie Way,201,M5V,Condominium,10,Spadina-Fort York
4337990,STR-2412-GZCSBV,151 Sorauren Ave,,M6R,Single/Semi-detached House,4,Parkdale-High Park
4337991,STR-2412-HQQSBX,44 Northey Dr,Lower,M2L,Single/Semi-detached House,15,Don Valley West
4337992,STR-2412-FLMFBP,135 Dalhousie St,303,M5B,Apartment,13,Toronto Centre
4337993,STR-2412-GBZFBR,4208 Dundas St W,301,M8X,Condominium,2,Etobicoke Centre
4337994,STR-2412-GKGFBS,6 Adele Ave,,M3L,Single/Semi-detached House,7,Humber River-Black Creek
4337995,STR-2412-GSMFBT,90 Meighen Ave,,M4B,Single/Semi-detached House,19,Beaches-East York
4337996,STR-2412-HHZFBW,121 Timberbank Blvd,,M1W,Single/Semi-detached House,22,Scarborough-Agincourt
4337997,STR-2412-HRGFBX,270 Wellington St W,212,M5V,Condominium,10,Spadina-Fort York
4337998,STR-2412-HYMFBY,28 Linden St,408,M4Y,Condominium,13,Toronto Centre
4337999,STR-2412-JGTFBZ,88 Cumberland St,412,M5R,Condominium,11,University-Rosedale
4338000,STR-2412-FDXYBP,20 Blue Jays Way,2301,M5V,Condominium,10,Spadina-Fort York
4338001,STR-2412-FMDYBQ,25 Oxley St,703,M5V,Condominium,10,Spadina-Fort York
4338002,STR-2412-FVKYBR,393 King St W,708,M5V,Condominium,10,Spadina-Fort York
4338003,STR-2412-GCRYBS,295 Adelaide St W,3010,M5V,Condominium,10,Spadina-Fort York
4338004,STR-2412-GTDYBV,70 Queens Wharf Rd,3315,M5V,Condominium,10,Spadina-Fort York
4338005,STR-2412-HRXYBY,81 Navy Wharf Crt,2108,M5V,Condominium,10,Spadina-Fort York
4338006,STR-2412-HZDYBZ,15 Fort York Blvd,507,M5V,Condominium,10,Spadina-Fort York
4338007,STR-2412-FMVLBQ,101 Crayford Dr,,M1W,Single/Semi-detached House,22,Scarborough-Agincourt
4338008,STR-2412-GDHLBS,56 Sixth St,,M8V,Single/Semi-detached House,3,Etobicoke-Lakeshore
4338009,STR-2412-HCBLBW,38 Widmer St,3806,M5V,Apartment,10,Spadina-Fort York
4338010,STR-2412-HKHLBX,140 Simcoe St,1102,M5H,Condominium,10,Spadina-Fort York
4338011,STR-2412-HSPLBY,290 Adelaide St W,3310,M5V,Condominium,10,Spadina-Fort York
4338012,STR-2412-HZVLBZ,200 Victoria St,1401,M5B,Condominium,13,Toronto Centre
4338013,STR-2412-FGDYBP,28 Linden St,902,M4Y,Condominium,13,Toronto Centre
4338014,STR-2412-FPKYBQ,16 Yonge St,1510,M5E,Condominium,10,Spadina-Fort York
4338015,STR-2412-FWRYBR,168 Simcoe St,217,M5H,Condominium,10,Spadina-Fort York
4338016,STR-2412-GDXYBS,77 Avenue Rd,611,M5R,Apartment,11,University-Rosedale
4338017,STR-2412-GMDYBT,175 Cumberland St,2302,M5R,Condominium,11,University-Rosedale
4338018,STR-2412-GVKYBV,35 Balmuto St,2503,M4Y,Condominium,11,University-Rosedale
4338019,STR-2412-HKXYBX,10 Navy Wharf Crt,2711,M5V,Apartment,10,Spadina-Fort York
4338020,STR-2412-HTDYBY,155 Yorkville Ave,1013,M5R,Condominium,11,University-Rosedale
4338021,STR-2412-JBKYBZ,21 Sylvan Ave,,M6H,Single/Semi-detached House,9,Davenport
4338022,STR-2412-FGVLBP,86 Gerrard St E,1E,M5B,Apartment,13,Toronto Centre
4338023,STR-2412-FXHLBR,244 Gladstone Ave,A,M6J,Single/Semi-detached House,9,Davenport
4338024,STR-2412-GFPLBS,300 Front St W,2912,M5V,Condominium,10,Spadina-Fort York
4338025,STR-2412-GMVLBT,55 Bloor St E,1909,M4W,Condominium,11,University-Rosedale
4338026,STR-2412-HDHLBW,26 Cobbler Cres,,M3N,Single/Semi-detached House,7,Humber River-Black Creek
4338027,STR-2412-HLPLBX,99 Howard St,603,M4X,Apartment,13,Toronto Centre
4338028,STR-2412-HTVLBY,123 Galt Ave,,M4M,Single/Semi-detached House,14,Toronto-Danforth
4338029,STR-2412-JCBLBZ,251 Jarvis St,1829,M5B,Condominium,13,Toronto Centre
4338030,STR-2412-FHKYBP,21 Iceboat Ter,4102,M5V,Condominium,10,Spadina-Fort York
4338031,STR-2412-FQRYBQ,17 Greenbriar Rd,8,M2K,Townhouse/ Row House,17,Don Valley North
4338032,STR-2412-FXXYBR,6 O'Hara Pl,,M6K,Single/Semi-detached House,4,Parkdale-High Park
4338033,STR-2412-GGDYBS,20 Shore Breeze Dr,608,M8V,Condominium,3,Etobicoke-Lakeshore
4338034,STR-2412-GPKYBT,30 Nelson St,3004,M5V,Condominium,10,Spadina-Fort York
4338035,STR-2412-GWRYBV,93 Greendale Ave,,M6N,Single/Semi-detached House,5,York South-Weston
4338036,STR-2412-HDXYBW,9 Major St,,M5S,Single/Semi-detached House,11,University-Rosedale
4338037,STR-2412-HMDYBX,251 Jarvis St,4905,M5B,Condominium,13,Toronto Centre
4338038,STR-2412-HVKYBY,251 Jarvis St,3512,M5B,Apartment,13,Toronto Centre
4338039,STR-2412-FJBLBP,123 Combe Ave,,M3H,Single/Semi-detached House,6,York Centre
4338040,STR-2412-FYPLBR,887 Bay St,1601,M5S,Condominium,13,Toronto Centre
4338041,STR-2412-GGVLBS,15 Fort York Blvd,2001,M5V,Condominium,10,Spadina-Fort York
4338042,STR-2412-HFPLBW,175 Cumberland St,1603,M5R,Condominium,11,University-Rosedale
4338043,STR-2412-HMVLBX,350 Wellington St W,411,M5V,Condominium,10,Spadina-Fort York
4338044,STR-2412-JDHLBZ,889 Bay St,1203,M5S,Condominium,13,Toronto Centre
4338045,STR-2412-FJRYBP,16 Yonge St,1707,M5E,Condominium,10,Spadina-Fort York
4338046,STR-2412-FRXYBQ,15 Fort York Blvd,802,M5V,Condominium,10,Spadina-Fort York
4338047,STR-2412-GHKYBS,889 Bay St,503,M5S,Condominium,13,Toronto Centre
4338048,STR-2412-GXXYBV,77 Avenue Rd,515,M5R,Apartment,11,University-Rosedale
4338049,STR-2412-HGDYBW,318 Richmond St W,2305,M5V,Condominium,10,Spadina-Fort York
4338050,STR-2412-HWRYBY,163 Portland St,212,M5V,Condominium,10,Spadina-Fort York
4338051,STR-2412-JDXYBZ,35 Bastion St,624,M5V,Condominium,10,Spadina-Fort York
4338052,STR-2412-FKHLBP,15 Fort York Blvd,2501,M5V,Condominium,10,Spadina-Fort York
4338053,STR-2501-JCWSBZ,190 Borough Dr,3305,M1P,Condominium,21,Scarborough Centre
4338054,STR-2412-GJBLBS,889 Bay St,1406,M5S,Condominium,13,Toronto Centre
4338055,STR-2412-GRHLBT,600 Fleet St,1710,M5V,Condominium,10,Spadina-Fort York
4338056,STR-2412-GYPLBV,175 Cumberland St,1404,M5R,Condominium,11,University-Rosedale
4338057,STR-2412-HGVLBW,350 Wellington St W,619,M5V,Condominium,10,Spadina-Fort York
4338058,STR-2412-HQBLBX,20 Bruyeres Mews,2001,M5V,Condominium,10,Spadina-Fort York
4338059,STR-2412-FKXYBP,889 Bay St,807,M5S,Condominium,13,Toronto Centre
4338060,STR-2412-FTDYBQ,8 Charlotte St,1007,M5V,Condominium,10,Spadina-Fort York
4338061,STR-2412-GJRYBS,63 Birchview Cres,,M6P,Single/Semi-detached House,4,Parkdale-High Park
4338062,STR-2412-GRXYBT,20 Merkley Sq,,M1G,Single/Semi-detached House,24,Scarborough-Guildwood
4338063,STR-2412-GZDYBV,300 Front St W,2114,M5V,Condominium,10,Spadina-Fort York
4338064,STR-2412-HQRYBX,61 Huntley St,,M4Y,Townhouse/ Row House,13,Toronto Centre
4338065,STR-2412-FLPLBP,31 O'Meara Crt,,M2J,Single/Semi-detached House,17,Don Valley North
4338066,STR-2412-FTVLBQ,151 Dan Leckie Way,618,M5V,Condominium,10,Spadina-Fort York
4338067,STR-2412-GCBLBR,300 Front St W,1013,M5V,Condominium,10,Spadina-Fort York
4338068,STR-2501-FJGFBP,224 King St W,1707,M5H,Condominium,10,Spadina-Fort York
4338069,STR-2412-GKHLBS,300 Front St W,2001,M5V,Condominium,10,Spadina-Fort York
4338070,STR-2412-GZVLBV,28 Ted Rogers Way,1509,M4Y,Condominium,11,University-Rosedale
4338071,STR-2412-HJBLBW,11 Wellesley St W,2513,M4Y,Condominium,13,Toronto Centre
4338072,STR-2412-HRHLBX,887 Bay St,1410,M5S,Condominium,13,Toronto Centre
4338073,STR-2412-HYPLBY,909 Bay St,1208,M5S,Condominium,13,Toronto Centre
4338074,STR-2412-JGVLBZ,301 Lansdowne Ave,308,M6K,Apartment,9,Davenport
4338075,STR-2412-FMGFBQ,375 King St W,909,M5V,Condominium,10,Spadina-Fort York
4338076,STR-2412-FVMFBR,175 Cumberland St,2008,M5R,Condominium,11,University-Rosedale
4338077,STR-2412-GCTFBS,887 Bay St,1208,M5S,Condominium,13,Toronto Centre
4338078,STR-2412-GKZFBT,15 Bruyeres Mews,705,M5V,Condominium,10,Spadina-Fort York
4338079,STR-2412-HBMFBW,318 Richmond St W,2107,M5V,Condominium,10,Spadina-Fort York
4338080,STR-2412-HJTFBX,25 Edinborough Crt,bsmt,M6N,Single/Semi-detached House,5,York South-Weston
4338081,STR-2412-HRZFBY,15 Fort York Blvd,901,M5V,Condominium,10,Spadina-Fort York
4338082,STR-2412-FFQSBP,220 Victoria St,1207,M5B,Condominium,13,Toronto Centre
4338083,STR-2412-FMWSBQ,318 Richmond St W,1608,M5V,Condominium,10,Spadina-Fort York
4338084,STR-2412-GLQSBT,955 Bay St,1420,M5S,Apartment,13,Toronto Centre
4338085,STR-2412-GTWSBV,251 Jarvis St,1612,M5B,Condominium,13,Toronto Centre
4338086,STR-2412-HCCSBW,215 Fort York Blvd,1202,M5V,Apartment,10,Spadina-Fort York
4338087,STR-2412-HKJSBX,38 Dan Leckie Way,11,M5V,Apartment,10,Spadina-Fort York
4338088,STR-2412-HSQSBY,251 St George St,14,M5R,Apartment,11,University-Rosedale
4338089,STR-2412-HZWSBZ,251 St George St,13,M5R,Apartment,11,University-Rosedale
4338090,STR-2412-FGGFBP,77 Avenue Rd,501,M5R,Condominium,11,University-Rosedale
4338091,STR-2412-GDZFBS,8 Charlotte St,805,M5V,Condominium,10,Spadina-Fort York
4338092,STR-2412-GMGFBT,375 King St W,711,M5V,Condominium,10,Spadina-Fort York
4338093,STR-2412-GVMFBV,88 Cumberland St,1603,M5R,Condominium,11,University-Rosedale
4338094,STR-2412-HCTFBW,887 Bay St,907,M5S,Condominium,13,Toronto Centre
4338095,STR-2412-HKZFBX,50 Bruyeres Mews,1611,M5V,Condominium,10,Spadina-Fort York
4338096,STR-2412-HTGFBY,35 Balmuto St,2609,M4Y,Condominium,11,University-Rosedale
4338097,STR-2412-JBMFBZ,209 Fort York Blvd,278,M5V,Condominium,10,Spadina-Fort York
4338098,STR-2412-FGWSBP,175 Cumberland St,2207,M5R,Condominium,11,University-Rosedale
4338099,STR-2412-FQCSBQ,10 Capreol Crt,521,M5V,Condominium,10,Spadina-Fort York
4338100,STR-2412-FXJSBR,887 Bay St,1403,M5S,Condominium,13,Toronto Centre
4338101,STR-2412-GMWSBT,209 Fort York Blvd,1169,M5V,Condominium,10,Spadina-Fort York
4338102,STR-2412-GWCSBV,88 Cumberland St,1502,M5R,Condominium,11,University-Rosedale
4338103,STR-2412-HDJSBW,77 Avenue Rd,210,M5R,Apartment,11,University-Rosedale
4338104,STR-2412-HLQSBX,887 Bay St,607,M5S,Condominium,13,Toronto Centre
4338105,STR-2412-JCCSBZ,175 Cumberland St,1110,M5R,Condominium,11,University-Rosedale
4338106,STR-2412-FHMFBP,8 Charlotte St,1105,M5V,Condominium,10,Spadina-Fort York
4338107,STR-2412-FQTFBQ,151 Dan Leckie Way,309,M5V,Condominium,10,Spadina-Fort York
4338108,STR-2412-FXZFBR,889 Bay St,704,M5S,Condominium,13,Toronto Centre
4338109,STR-2412-GGGFBS,200 Victoria St,1208,M5B,Condominium,13,Toronto Centre
4338110,STR-2412-GPMFBT,88 Cumberland St,704,M5R,Condominium,11,University-Rosedale
4338111,STR-2412-GWTFBV,887 Bay St,312,M5S,Condominium,13,Toronto Centre
4338112,STR-2412-HDZFBW,375 King St W,3508,M5V,Condominium,10,Spadina-Fort York
4338113,STR-2412-HMGFBX,350 Wellington St W,525,M5V,Condominium,10,Spadina-Fort York
4338114,STR-2412-FRJSBQ,101 Peter St,2510,M5V,Condominium,10,Spadina-Fort York
4338115,STR-2412-FYQSBR,30 Nelson St,1009,M5V,Condominium,10,Spadina-Fort York
4338116,STR-2412-GQCSBT,13 D'Arcy St,,M5T,Single/Semi-detached House,11,University-Rosedale
4338117,STR-2412-GXJSBV,151 Dan Leckie Way,943,M5V,Condominium,10,Spadina-Fort York
4338118,STR-2412-HMWSBX,30 Nelson St,217,M5V,Condominium,10,Spadina-Fort York
4338119,STR-2412-HWCSBY,318 Richmond St W,1412,M5V,Condominium,10,Spadina-Fort York
4338120,STR-2412-JDJSBZ,81 Navy Wharf Crt,2706,M5V,Condominium,10,Spadina-Fort York
4338121,STR-2412-FJTFBP,350 Wellington St W,622,M5V,Condominium,10,Spadina-Fort York
4338122,STR-2412-FRZFBQ,8 Charlotte St,1609,M5V,Condominium,10,Spadina-Fort York
4338123,STR-2412-FZGFBR,70 Queens Wharf Rd,2011,M5V,Condominium,10,Spadina-Fort York
4338124,STR-2412-GHMFBS,375 King St W,1207,M5V,Condominium,10,Spadina-Fort York
4338125,STR-2412-GQTFBT,353 Cedarvale Ave,,M4C,Single/Semi-detached House,19,Beaches-East York
4338126,STR-2501-GXZFBV,81 Navy Wharf Crt,1705,M5V,Condominium,10,Spadina-Fort York
4338127,STR-2501-HGGFBW,7A Broadmead Ave,,M1M,Single/Semi-detached House,20,Scarborough Southwest
4338128,STR-2501-JDZFBZ,2173 Gerrard St E,3,M4E,Duplex/Triplex/Fourplex,19,Beaches-East York
4338129,STR-2501-FKJSBP,1367 Islington Ave,,M9A,Single/Semi-detached House,2,Etobicoke Centre
4338130,STR-2501-FSQSBQ,8 Roselm Rd,,M1R,Single/Semi-detached House,21,Scarborough Centre
4338131,STR-2501-FZWSBR,18 Yonge St,2413,M5E,Condominium,10,Spadina-Fort York
4338132,STR-2501-GJCSBS,165 Legion Rd N,2224,M8Y,Condominium,3,Etobicoke-Lakeshore
4338133,STR-2501-GYQSBV,28 Pendeen Ave,,M6N,Single/Semi-detached House,5,York South-Weston
4338134,STR-2501-HQCSBX,125 Village Green Sq,3208,M1S,Condominium,22,Scarborough-Agincourt
4338135,STR-2501-JFQSBZ,33 Blackbush Dr,BSMT,M9V,Single/Semi-detached House,1,Etobicoke North
4338136,STR-2501-FKZFBP,155 Yorkville Ave,612,M5R,Condominium,11,University-Rosedale
4338137,STR-2501-FTGFBQ,24 Noble St,207,M6K,Condominium,4,Parkdale-High Park
4338138,STR-2501-GBMFBR,168 Annette St,3,M6P,Single/Semi-detached House,4,Parkdale-High Park
4338139,STR-2501-GJTFBS,35 Bralorne Cres,,M6S,Single/Semi-detached House,4,Parkdale-High Park
4338140,STR-2501-GRZFBT,15 Wanstead Ave,,M1L,Single/Semi-detached House,20,Scarborough Southwest
4338141,STR-2501-GZGFBV,251 Jarvis St,911,M5B,Apartment,13,Toronto Centre
4338142,STR-2501-HHMFBW,273 Augusta Ave,C,M5T,Apartment,11,University-Rosedale
4338143,STR-2501-HQTFBX,4 Albertus Ave,2,M4R,Apartment,8,Eglinton-Lawrence
4338144,STR-2501-HXZFBY,215 Fort York Blvd,2607,M5V,Condominium,10,Spadina-Fort York
4338145,STR-2501-FLQSBP,42 McClure Cres,,M1B,Single/Semi-detached House,23,Scarborough North
4338146,STR-2501-FTWSBQ,290 Brighton Ave,BSMT,M3H,Single/Semi-detached House,6,York Centre
4338147,STR-2501-GCCSBR,24 Beck Ave,,M4C,Single/Semi-detached House,19,Beaches-East York
4338148,STR-2501-GKJSBS,5A Dynevor Rd,,M6E,Single/Semi-detached House,9,Davenport
4338149,STR-2501-GSQSBT,1 Squires Ave,,M4B,Single/Semi-detached House,19,Beaches-East York
4338150,STR-2501-FRMFBQ,16 McAdam Ave,704,M6A,Condominium,8,Eglinton-Lawrence
4338151,STR-2502-GKQVPT,12 York St,608,M5J,Condominium,10,Spadina-Fort York
4338152,STR-2501-GZWSBV,29 Wyndcliff Cres,,M4A,Single/Semi-detached House,16,Don Valley East
4338153,STR-2501-HJCSBW,45 Cedarview Dr,,M1C,Single/Semi-detached House,25,Scarborough-Rouge Park
4338154,STR-2501-HRJSBX,60 Markham St,,M6J,Single/Semi-detached House,10,Spadina-Fort York
4338155,STR-2501-HYQSBY,77 Hullmar Dr,,M3N,Single/Semi-detached House,7,Humber River-Black Creek
4338156,STR-2501-JGWSBZ,56 Annie Craig Dr,411,M8V,Condominium,3,Etobicoke-Lakeshore
4338157,STR-2501-FFBLBP,30 Nelson St,2901,M5V,Condominium,10,Spadina-Fort York
4338158,STR-2501-FMHLBQ,21 Iceboat Ter,2511,M5V,Condominium,10,Spadina-Fort York
4338159,STR-2501-GCVLBS,20 Blue Jays Way,601,M5V,Condominium,10,Spadina-Fort York
4338160,STR-2501-GLBLBT,39 Delaware Ave,,M6H,Single/Semi-detached House,9,Davenport
4338161,STR-2501-HBPLBW,36 Barkwin Dr,,M9V,Single/Semi-detached House,1,Etobicoke North
4338162,STR-2501-HJVLBX,94 August Ave,BSMT,M1L,Single/Semi-detached House,20,Scarborough Southwest
4338163,STR-2501-HSBLBY,30 Nelson St,1704,M5V,Condominium,10,Spadina-Fort York
4338164,STR-2501-HZHLBZ,115 Olive Ave,,M2N,Single/Semi-detached House,18,Willowdale
4338165,STR-2501-FWDYBR,188 Cumberland St,1104,M5R,Condominium,11,University-Rosedale
4338166,STR-2501-GDKYBS,101 Peter St,407,M5V,Apartment,10,Spadina-Fort York
4338167,STR-2501-GLRYBT,106 Ninth St,,M8V,Single/Semi-detached House,3,Etobicoke-Lakeshore
4338168,STR-2501-GTXYBV,219 Fort York Blvd,2703,M5V,Condominium,10,Spadina-Fort York
4338169,STR-2501-HCDYBW,72 Scarboro Beach Blvd,,M4E,Single/Semi-detached House,19,Beaches-East York
4338170,STR-2501-HKKYBX,300 Front St W,3401,M5V,Condominium,10,Spadina-Fort York
4338171,STR-2501-HSRYBY,89 Dunfield Ave,1901,M4S,Condominium,12,Toronto-St. Paul's
4338172,STR-2501-FGHLBP,35 Brian Peck Cres,122,M4G,Condominium,15,Don Valley West
4338173,STR-2501-FPPLBQ,68 Osborne Ave,,M4E,Single/Semi-detached House,19,Beaches-East York
4338174,STR-2501-HCVLBW,15 Iceboat Ter,731,M5V,Condominium,10,Spadina-Fort York
4338175,STR-2501-HTHLBY,12 York St,1209,M5J,Condominium,10,Spadina-Fort York
4338176,STR-2501-FGXYBP,254 Riverdale Ave,2,M4K,Single/Semi-detached House,14,Toronto-Danforth
4338177,STR-2501-FQDYBQ,560 Front St W,1026,M5V,Condominium,10,Spadina-Fort York
4338178,STR-2501-FXKYBR,20 Grafton Ave,,M6R,Single/Semi-detached House,4,Parkdale-High Park
4338179,STR-2501-GMXYBT,26 Douro St,329,M6K,Townhouse/ Row House,10,Spadina-Fort York
4338180,STR-2501-GWDYBV,501 Yonge St,5103,M4Y,Condominium,13,Toronto Centre
4338181,STR-2501-HDKYBW,38 Millicent St,3,M6H,Duplex/Triplex/Fourplex,9,Davenport
4338182,STR-2501-FHPLBP,748 Crawford St,,M6G,Single/Semi-detached House,11,University-Rosedale
4338183,STR-2501-FYBLBR,125 Frederick Tisdale Dr,,M3K,Townhouse/ Row House,6,York Centre
4338184,STR-2501-GPPLBT,156 Portland St,516,M5V,Condominium,10,Spadina-Fort York
4338185,STR-2501-GWVLBV,1343 Islington Ave,,M9A,Single/Semi-detached House,2,Etobicoke Centre
4338186,STR-2501-HFBLBW,29 Beatrice St,B,M6J,Single/Semi-detached House,11,University-Rosedale
4338187,STR-2501-HMHLBX,105 Eleventh St,,M8V,Single/Semi-detached House,3,Etobicoke-Lakeshore
4338188,STR-2501-JCVLBZ,576 Front St W,806,M5V,Condominium,10,Spadina-Fort York
4338189,STR-2501-FYRYBR,6 Blairville Rd,,M3H,Single/Semi-detached House,6,York Centre
4338190,STR-2501-GGXYBS,28 Lewis St,,M4M,Townhouse/ Row House,14,Toronto-Danforth
4338191,STR-2501-GQDYBT,14 York St,2607,M5J,Condominium,10,Spadina-Fort York
4338192,STR-2501-GXKYBV,98 Lillian St,1513,M4S,Condominium,12,Toronto-St. Paul's
4338193,STR-2501-HFRYBW,123 Viewmount Ave,,M6B,Single/Semi-detached House,8,Eglinton-Lawrence
4338194,STR-2501-JDKYBZ,20 John St,1120,M5V,Apartment,10,Spadina-Fort York
4338195,STR-2501-FJVLBP,832 Bay St,4906,M5S,Condominium,11,University-Rosedale
4338196,STR-2501-FSBLBQ,251 Jarvis St,3502,M5B,Condominium,13,Toronto Centre
4338197,STR-2501-FZHLBR,101 Peter St,1006,M5V,Condominium,10,Spadina-Fort York
4338198,STR-2501-GHPLBS,543 Richmond St W,433,M5V,Apartment,10,Spadina-Fort York
4338199,STR-2501-GQVLBT,68 Merton St,308,M4S,Condominium,12,Toronto-St. Paul's
4338200,STR-2501-GYBLBV,37 Grosvenor St,3007,M4Y,Condominium,13,Toronto Centre
4338201,STR-2501-HGHLBW,327 King St W,4106,M5V,Condominium,10,Spadina-Fort York
4338202,STR-2501-HPPLBX,10 Morrison St,402,M5V,Condominium,10,Spadina-Fort York
4338203,STR-2501-HWVLBY,89 Frederick Tisdale Dr,,M3K,Townhouse/ Row House,6,York Centre
4338204,STR-2501-FKKYBP,89 Dunfield Ave,635,M4S,Condominium,12,Toronto-St. Paul's
4338205,STR-2501-FSRYBQ,380 Sherbourne St,201,M4X,Apartment,13,Toronto Centre
4338206,STR-2501-FZXYBR,50 Helena Ave,,M6G,Single/Semi-detached House,12,Toronto-St. Paul's
4338207,STR-2501-GRKYBT,251 Jarvis St,1820,M5B,Condominium,13,Toronto Centre
4338208,STR-2501-GYRYBV,629 Bathurst St,,M5S,Single/Semi-detached House,11,University-Rosedale
4338209,STR-2501-HGXYBW,153 Downsview Ave,,M3M,Single/Semi-detached House,6,York Centre
4338210,STR-2501-HXKYBY,12 York St,3503,M5J,Condominium,10,Spadina-Fort York
4338211,STR-2501-JFRYBZ,44 Sorauren Ave,2,M6R,Duplex/Triplex/Fourplex,4,Parkdale-High Park
4338212,STR-2501-FLBLBP,90 Ling Rd,703,M1E,Condominium,25,Scarborough-Rouge Park
4338213,STR-2501-FTHLBQ,197 Mutual St,,M5B,Townhouse/ Row House,13,Toronto Centre
4338214,STR-2501-GJVLBS,199 Richmond St W,1006,M5V,Condominium,10,Spadina-Fort York
4338215,STR-2501-GSBLBT,21 Iceboat Ter,1809,M5V,Condominium,10,Spadina-Fort York
4338216,STR-2501-GZHLBV,16 Donna Crt,,M2M,Single/Semi-detached House,18,Willowdale
4338217,STR-2501-HHPLBW,55 Bremner Blvd,3003,M5J,Condominium,10,Spadina-Fort York
4338218,STR-2501-JGHLBZ,560 Front St W,827,M5V,Condominium,10,Spadina-Fort York
4338219,STR-2501-FTXYBQ,2 Anndale Dr,2511,M2N,Condominium,18,Willowdale
4338220,STR-2501-GKKYBS,209 Fort York Blvd,1367,M5V,Condominium,10,Spadina-Fort York
4338221,STR-2501-GZXYBV,166 Campbell Ave,,M6P,Single/Semi-detached House,9,Davenport
4338222,STR-2501-HJDYBW,20 Bayard Ave,,M1R,Single/Semi-detached House,21,Scarborough Centre
4338223,STR-2501-HRKYBX,115 Chisholm Ave,,M4C,Single/Semi-detached House,19,Beaches-East York
4338224,STR-2501-HYRYBY,248 Elmwood Ave,,M2N,Single/Semi-detached House,18,Willowdale
4338225,STR-2501-JGXYBZ,11 Gageview Crt,,M1V,Single/Semi-detached House,23,Scarborough North
4338226,STR-2501-FFCSBP,35 Saranac Blvd,231,M6A,Condominium,8,Eglinton-Lawrence
4338227,STR-2501-FMJSBQ,319 Jarvis St,4808,M5B,Condominium,13,Toronto Centre
4338228,STR-2501-FVQSBR,300 Front St W,2312,M5V,Condominium,10,Spadina-Fort York
4338229,STR-2501-GCWSBS,294 Sackville St,,M5A,Single/Semi-detached House,13,Toronto Centre
4338230,STR-2501-FMZFBQ,692A The Queensway,,M8Y,Apartment,3,Etobicoke-Lakeshore
4338231,STR-2501-GDMFBS,300 Front St W,1611,M5V,Condominium,10,Spadina-Fort York
4338232,STR-2501-GLTFBT,183 Belgravia Ave,Main,M6E,Duplex/Triplex/Fourplex,8,Eglinton-Lawrence
4338233,STR-2501-HCGFBW,251 Jarvis St,3513,M5B,Condominium,13,Toronto Centre
4338234,STR-2501-HSTFBY,5229 Dundas St W,503,M9B,Condominium,3,Etobicoke-Lakeshore
4338235,STR-2501-HZZFBZ,151 Dan Leckie Way,307,M5V,Condominium,10,Spadina-Fort York
4338236,STR-2501-FGJSBP,36 Twenty Fourth St,,M8V,Single/Semi-detached House,3,Etobicoke-Lakeshore
4338237,STR-2501-FPQSBQ,112 Fort York Blvd,,M5V,Condominium,10,Spadina-Fort York
4338238,STR-2501-GFCSBS,149 Perth Ave,,M6P,Single/Semi-detached House,9,Davenport
4338239,STR-2501-GMJSBT,1100 Sheppard Ave W,1502,M3K,Condominium,6,York Centre
4338240,STR-2501-GVQSBV,52 Dudley Ave,,M2N,Single/Semi-detached House,18,Willowdale
4338241,STR-2501-HLCSBX,300 Front St W,4112,M5V,Condominium,10,Spadina-Fort York
4338242,STR-2501-HTJSBY,63 Greylawn Cres,,M1R,Single/Semi-detached House,21,Scarborough Centre
4338243,STR-2501-JBQSBZ,59 Marbury Cres,,M3A,Single/Semi-detached House,16,Don Valley East
4338244,STR-2501-FQGFBQ,225 Montrose Ave,,M6G,Single/Semi-detached House,11,University-Rosedale
4338245,STR-2501-GMZFBT,181 Sheppard Ave E,529,M2N,Condominium,18,Willowdale
4338246,STR-2501-GWGFBV,245 Brenyon Way,66,M1B,Townhouse/ Row House,25,Scarborough-Rouge Park
4338247,STR-2501-FSTFBQ,158 Indian Grv,Unit 1,M6P,Single/Semi-detached House,4,Parkdale-High Park
4338248,STR-2501-FZZFBR,30 Gibbs Rd,2203,M9B,Condominium,2,Etobicoke Centre
4338249,STR-2502-GJGFBS,8 Arkona Dr,,M1T,Single/Semi-detached House,22,Scarborough-Agincourt
4338250,STR-2502-GRMFBT,96 Bleecker St,,M4X,Townhouse/ Row House,13,Toronto Centre
4338251,STR-2502-GYTFBV,25 Day Ave,,M6E,Single/Semi-detached House,9,Davenport
4338252,STR-2502-HGZFBW,21 Iceboat Ter,4703,M5V,Condominium,10,Spadina-Fort York
4338253,STR-2502-HQGFBX,2555 Bloor St W,105,M6S,Apartment,4,Parkdale-High Park
4338254,STR-2502-HXMFBY,740 Gerrard St E,,M4M,Single/Semi-detached House,14,Toronto-Danforth
4338255,STR-2502-JFTFBZ,238 Simcoe St,2706,M5T,Condominium,10,Spadina-Fort York
4338256,STR-2502-FLCSBP,75 Clissold Rd,,M8Z,Single/Semi-detached House,3,Etobicoke-Lakeshore
4338257,STR-2502-FTJSBQ,222 Northwood Dr,,M2M,Single/Semi-detached House,18,Willowdale
4338258,STR-2502-GBQSBR,102 Heath St E,,M4T,Single/Semi-detached House,11,University-Rosedale
4338259,STR-2502-GJWSBS,89 Westhumber Blvd,,M9W,Single/Semi-detached House,1,Etobicoke North
4338260,STR-2502-GSCSBT,251 Jarvis St,3111,M5B,Condominium,13,Toronto Centre
4338261,STR-2502-HHQSBW,981 Dufferin St,A,M6H,Duplex/Triplex/Fourplex,9,Davenport
4338262,STR-2502-HQWSBX,6 Sonic Way,2103,M3C,Condominium,16,Don Valley East
4338263,STR-2502-JGJSBZ,21 Iceboat Ter,3702,M5V,Condominium,10,Spadina-Fort York
4338264,STR-2502-FTZFBQ,116 Woodbine Ave,,M4L,Townhouse/ Row House,19,Beaches-East York
4338265,STR-2502-GCGFBR,141 Lyon Crt,1102,M6B,Apartment,8,Eglinton-Lawrence
4338266,STR-2502-GSTFBT,318 Richmond St W,1802,M5V,Condominium,10,Spadina-Fort York
4338267,STR-2502-GZZFBV,78 Dovercourt Rd,Main,M6J,Single/Semi-detached House,9,Davenport
4338268,STR-2502-HJGFBW,12 Deering Cres,,M2M,Single/Semi-detached House,18,Willowdale
4338269,STR-2502-FDPPPP,120 Homewood Ave,2205,M4Y,Apartment,13,Toronto Centre
4338270,STR-2502-FLVPPQ,211A Mutual St,,M5B,Townhouse/ Row House,13,Toronto Centre
4338271,STR-2502-FVBPPR,35 Cedarcroft Blvd,1412,M2R,Apartment,6,York Centre
4338272,STR-2502-GCHPPS,74 Shannon St,,M6J,Single/Semi-detached House,9,Davenport
4338273,STR-2502-GKPPPT,151 Dan Leckie Way,1203,M5V,Condominium,10,Spadina-Fort York
4338274,STR-2502-GSVPPV,21 Iceboat Ter,4602,M5V,Condominium,10,Spadina-Fort York
4338275,STR-2502-HBBPPW,71 Godstone Rd,116,M2J,Townhouse/ Row House,17,Don Valley North
4338276,STR-2502-HYVPPZ,22 Kencliff Cres,,M1P,Single/Semi-detached House,21,Scarborough Centre
4338277,STR-2502-FFFBPP,7 Oxenden Cres,,M9C,Single/Semi-detached House,2,Etobicoke Centre
4338278,STR-2502-FMLBPQ,832 Bay St,3404,M5S,Condominium,11,University-Rosedale
4338279,STR-2502-FVSBPR,314 Oakwood Ave,4,M6E,Apartment,9,Davenport
4338280,STR-2502-GCYBPS,49 Hazelton Ave,,M5R,Single/Semi-detached House,11,University-Rosedale
4338281,STR-2502-GLFBPT,251 Jarvis St,2905,M5B,Condominium,13,Toronto Centre
4338282,STR-2502-GTLBPV,251 Jarvis St,3505,M5B,Condominium,13,Toronto Centre
4338283,STR-2502-HBSBPW,210 Seaton St,,M5A,Single/Semi-detached House,13,Toronto Centre
4338284,STR-2502-HJYBPX,300 Front St W,414,M5V,Condominium,10,Spadina-Fort York
4338285,STR-2502-HSFBPY,353 Victoria Park Ave,,M4E,Single/Semi-detached House,20,Scarborough Southwest
4338286,STR-2502-HZLBPZ,270 Wellington St W,PH 4,M5V,Condominium,10,Spadina-Fort York
4338287,STR-2502-FFVPPP,140 Simcoe St,1218,M5H,Condominium,10,Spadina-Fort York
4338288,STR-2502-FPBPPQ,35 Bastion St,109,M5V,Condominium,10,Spadina-Fort York
4338289,STR-2502-FWHPPR,20 John St,1122,M5V,Condominium,10,Spadina-Fort York
4338290,STR-2502-GLVPPT,20 Blue Jays Way,2401,M5V,Condominium,10,Spadina-Fort York
4338291,STR-2502-FGLBPP,36D Massey St,,M6J,Townhouse/ Row House,10,Spadina-Fort York
4338292,STR-2502-FPSBPQ,39 Russett Ave,Main,M6H,Single/Semi-detached House,9,Davenport
4338293,STR-2502-FWYBPR,23 Lorraine Dr,1219,M2N,Condominium,18,Willowdale
4338294,STR-2502-GFFBPS,300 Front St W,4102,M5V,Condominium,10,Spadina-Fort York
4338295,STR-2502-GMLBPT,21 Araman Dr,,M1T,Single/Semi-detached House,22,Scarborough-Agincourt
4338296,STR-2502-GVSBPV,25 Maitland St,201,M4Y,Condominium,13,Toronto Centre
4338297,STR-2502-HLFBPX,209 Fort York Blvd,1657,M5V,Condominium,10,Spadina-Fort York
4338298,STR-2502-HTLBPY,55 Bremner Blvd,4106,M5J,Condominium,10,Spadina-Fort York
4338299,STR-2502-JBSBPZ,12 York St,5209,M5J,Condominium,10,Spadina-Fort York
4338300,STR-2502-FHBPPP,50 Dunfield Ave,115,M4S,Townhouse/ Row House,12,Toronto-St. Paul's
4338301,STR-2502-FQHPPQ,21 Iceboat Ter,2603,M5V,Condominium,10,Spadina-Fort York
4338302,STR-2502-FXPPPR,163 Bellwoods Ave,A,M6J,Single/Semi-detached House,10,Spadina-Fort York
4338303,STR-2502-GFVPPS,955 Bay St,2716,M5S,Condominium,13,Toronto Centre
4338304,STR-2502-GWHPPV,832 Bay St,2503,M5S,Condominium,11,University-Rosedale
4338305,STR-2502-HDPPPW,12 York St,4009,M5J,Condominium,10,Spadina-Fort York
4338306,STR-2502-HLVPPX,643 Christie St,Main,M6G,Single/Semi-detached House,12,Toronto-St. Paul's
4338307,STR-2502-HVBPPY,100 Logan Ave,,M4M,Single/Semi-detached House,14,Toronto-Danforth
4338308,STR-2502-JCHPPZ,15 Queens Quay E,815,M5E,Condominium,10,Spadina-Fort York
4338309,STR-2502-FHSBPP,49 Hartley Ave,,M6E,Single/Semi-detached House,8,Eglinton-Lawrence
4338310,STR-2502-FQYBPQ,256 Manning Ave,,M6J,Townhouse/ Row House,11,University-Rosedale
4338311,STR-2502-FYFBPR,251 Jarvis St,2612,M5B,Condominium,13,Toronto Centre
4338312,STR-2502-HFFBPW,955 Bay St,1602,M5S,Condominium,13,Toronto Centre
4338313,STR-2502-HMLBPX,21 Iceboat Ter,3303,M5V,Condominium,10,Spadina-Fort York
4338314,STR-2502-HVSBPY,10 Laidlaw St,730,M6K,Townhouse/ Row House,10,Spadina-Fort York
4338315,STR-2502-JCYBPZ,250 Queens Quay W,505,M5J,Condominium,10,Spadina-Fort York
4338316,STR-2502-FJHPPP,12 York St,3306,M5J,Condominium,10,Spadina-Fort York
4338317,STR-2502-FRPPPQ,832 Bay St,2408,M5S,Condominium,11,University-Rosedale
4338318,STR-2502-FYVPPR,210 Victoria St,611,M5B,Condominium,13,Toronto Centre
4338319,STR-2502-GQHPPT,76 Bellefair Ave,Main,M4L,Single/Semi-detached House,19,Beaches-East York
4338320,STR-2502-GXPPPV,560 Front St W,428,M5V,Condominium,10,Spadina-Fort York
4338321,STR-2502-HFVPPW,44 Haileybury Dr,,M1K,Single/Semi-detached House,21,Scarborough Centre
4338322,STR-2502-HPBPPX,39 Lesgay Cres,,M2J,Single/Semi-detached House,17,Don Valley North
4338323,STR-2502-HWHPPY,8 Charlotte St,3201,M5V,Condominium,10,Spadina-Fort York
4338324,STR-2502-JDPPPZ,28 Linden St,303,M4Y,Condominium,13,Toronto Centre
4338325,STR-2502-FJYBPP,550 Queens Quay  W,826,M5V,Condominium,10,Spadina-Fort York
4338326,STR-2502-FSFBPQ,12 Liam Foudy Crt,,M1P,Single/Semi-detached House,21,Scarborough Centre
4338327,STR-2502-FZLBPR,14 York St,6308,M5J,Condominium,10,Spadina-Fort York
4338328,STR-2502-GHSBPS,180 Fairview Mall Dr,1601,M2J,Condominium,17,Don Valley North
4338329,STR-2502-GQYBPT,19 Stamford Sq S,,M1L,Single/Semi-detached House,20,Scarborough Southwest
4338330,STR-2502-HGLBPW,210 Victoria St,2311,M5B,Condominium,13,Toronto Centre
4338331,STR-2502-HWYBPY,25 Mooreshead Dr,,M9C,Single/Semi-detached House,2,Etobicoke Centre
4338332,STR-2502-FSVPPQ,7 Margaret Ave,,M2J,Single/Semi-detached House,17,Don Valley North
4338333,STR-2502-GRPPPT,335 Connaught Ave,,M2R,Single/Semi-detached House,18,Willowdale
4338334,STR-2502-GYVPPV,64 Wallington Ave,,M4C,Single/Semi-detached House,19,Beaches-East York
4338335,STR-2502-HHBPPW,155 Yorkville Ave,716,M5R,Condominium,11,University-Rosedale
4338336,STR-2502-HQHPPX,5 Sheppard Ave E,2820,M2N,Condominium,18,Willowdale
4338337,STR-2502-HXPPPY,69 Gothic Ave,,M6P,Single/Semi-detached House,4,Parkdale-High Park
4338338,STR-2502-JFVPPZ,129 Concord Ave,,M6H,Single/Semi-detached House,9,Davenport
4338339,STR-2502-FTLBPQ,241 Euclid Ave,,M6J,Single/Semi-detached House,11,University-Rosedale
4338340,STR-2502-GBSBPR,28 Hurlingham Cres,,M3B,Single/Semi-detached House,16,Don Valley East
4338341,STR-2502-GJYBPS,10 Capreol Crt,1015,M5V,Condominium,10,Spadina-Fort York
4338342,STR-2502-GSFBPT,21 Richgrove Dr,407,M9R,Apartment,1,Etobicoke North
4338343,STR-2502-GZLBPV,155 Yorkville Ave,516,M5R,Condominium,11,University-Rosedale
4338344,STR-2502-HQYBPX,14 Beechborough Ave,,M6M,Single/Semi-detached House,5,York South-Weston
4338345,STR-2502-HYFBPY,560 Front St W,1004,M5V,Condominium,10,Spadina-Fort York
4338346,STR-2502-JGLBPZ,98 Lillian St,2820,M4S,Condominium,12,Toronto-St. Paul's
4338347,STR-2502-FDQVPP,21 Iceboat Ter,4115,M5V,Condominium,10,Spadina-Fort York
4338348,STR-2502-FLWVPQ,89 Dunfield Ave,1209,M4S,Condominium,12,Toronto-St. Paul's
4338349,STR-2502-FVCVPR,930 Eastern Ave,,M4L,Single/Semi-detached House,14,Toronto-Danforth
4338350,STR-2502-GCJVPS,339 Burnhamthorpe Rd,,M9B,Single/Semi-detached House,2,Etobicoke Centre
4338351,STR-2502-GSWVPV,14 Rushley Dr,,M1P,Single/Semi-detached House,21,Scarborough Centre
4338352,STR-2502-HBCVPW,22 Western Battery Rd,101,M6K,Townhouse/ Row House,10,Spadina-Fort York
4338353,STR-2502-HRQVPY,215 Queen St W,1908,M5V,Condominium,10,Spadina-Fort York
4338354,STR-2502-HYWVPZ,61 Salem Ave,,M6H,Single/Semi-detached House,9,Davenport
4338355,STR-2502-FFGHPP,209 Fort York Blvd,472,M5V,Condominium,10,Spadina-Fort York
4338356,STR-2502-GCZHPS,209 Fort York Blvd,577,M5V,Condominium,10,Spadina-Fort York
4338357,STR-2502-GLGHPT,31B Osborne Ave,,M4E,Townhouse/ Row House,19,Beaches-East York
4338358,STR-2502-HJZHPX,1252 King St W,10,M6K,Condominium,4,Parkdale-High Park
4338359,STR-2502-HZMHPZ,5 St Joseph St,4406,M4Y,Condominium,13,Toronto Centre
4338360,STR-2502-FFWVPP,251 Jarvis St,1031,M5B,Condominium,13,Toronto Centre
4338361,STR-2502-FPCVPQ,158 Indian Grv,B1,M6P,Single/Semi-detached House,4,Parkdale-High Park
4338362,STR-2502-GDQVPS,428 Sackville St,,M4X,Single/Semi-detached House,13,Toronto Centre
4338363,STR-2502-GLWVPT,215 Fort York Blvd,809,M5V,Condominium,10,Spadina-Fort York
4338364,STR-2502-HCJVPW,18 Cresswell Dr,,M1G,Single/Semi-detached House,24,Scarborough-Guildwood
4338365,STR-2502-HKQVPX,174 Kingswood Rd,,M4E,Single/Semi-detached House,19,Beaches-East York
4338366,STR-2502-HSWVPY,101 Peter St,7,M5V,Condominium,10,Spadina-Fort York
4338367,STR-2502-JBCVPZ,209 Fort York Blvd,274,M5V,Condominium,10,Spadina-Fort York
4338368,STR-2502-FGMHPP,1005 King St W,725,M6K,Condominium,10,Spadina-Fort York
4338369,STR-2502-FPTHPQ,52 Cobham Cres,,M4A,Single/Semi-detached House,16,Don Valley East
4338370,STR-2502-FWZHPR,223 St Clair Ave W,306,M4V,Condominium,12,Toronto-St. Paul's
4338371,STR-2502-GMMHPT,1029 King St W,1022,M6K,Condominium,10,Spadina-Fort York
4338372,STR-2502-GVTHPV,209 Fort York Blvd,556,M5V,Condominium,10,Spadina-Fort York
4338373,STR-2502-HCZHPW,23 Laurentia Cres,,M3H,Single/Semi-detached House,6,York Centre
4338374,STR-2502-HLGHPX,54 Cobbler Cres,,M3N,Single/Semi-detached House,7,Humber River-Black Creek
4338375,STR-2502-HTMHPY,20 John St,621,M5V,Condominium,10,Spadina-Fort York
4338376,STR-2502-FHCVPP,123 Thornbeck Dr,,M1G,Single/Semi-detached House,24,Scarborough-Guildwood
4338377,STR-2502-FXQVPR,832 Bay St,1203,M5S,Condominium,11,University-Rosedale
4338378,STR-2502-GFWVPS,25 Bedford Rd,603,M5R,Apartment,11,University-Rosedale
4338379,STR-2502-GPCVPT,890 Queen St E,B,M4M,Apartment,14,Toronto-Danforth
4338380,STR-2502-HLWVPX,15 Laidlaw St,608,M6K,Townhouse/ Row House,10,Spadina-Fort York
4338381,STR-2502-FHTHPP,300 Front St W,3008,M5V,Condominium,10,Spadina-Fort York
4338382,STR-2502-FQZHPQ,65 Bremner Blvd,3503,M5J,Condominium,10,Spadina-Fort York
4338383,STR-2502-FYGHPR,21 Iceboat Ter,1206,M5V,Condominium,10,Spadina-Fort York
4338384,STR-2502-GGMHPS,21 Iceboat Ter,3002,M5V,Condominium,10,Spadina-Fort York
4338385,STR-2502-GPTHPT,575 Crawford St,,M6G,Single/Semi-detached House,11,University-Rosedale
4338386,STR-2502-GWZHPV,12A St Georges Blvd,,M9R,Single/Semi-detached House,1,Etobicoke North
4338387,STR-2502-HFGHPW,155 Yorkville Ave,905,M5R,Condominium,11,University-Rosedale
4338388,STR-2502-HMMHPX,7 Golden Lion Hts,N3002,M2M,Condominium,18,Willowdale
4338389,STR-2502-HVTHPY,300 Front St W,2210,M5V,Condominium,10,Spadina-Fort York
4338390,STR-2502-JCZHPZ,188 Cumberland St,1702,M5R,Condominium,11,University-Rosedale
4338391,STR-2502-FJJVPP,38 Dan Leckie Way,1602,M5V,Condominium,10,Spadina-Fort York
4338392,STR-2502-FRQVPQ,70 Queens Wharf Rd,812,M5V,Condominium,10,Spadina-Fort York
4338393,STR-2502-GHCVPS,600 Queens Quay W,1012,M5V,Condominium,10,Spadina-Fort York
4338394,STR-2502-HFWVPW,75 Southampton Dr,,M1K,Single/Semi-detached House,21,Scarborough Centre
4338395,STR-2503-JDQVPZ,1655 Keele St,,M6M,Single/Semi-detached House,5,York South-Weston
4338396,STR-2503-FSGHPQ,12 York St,3002,M5J,Condominium,10,Spadina-Fort York
4338397,STR-2503-FZMHPR,43 Blair Athol Cres,,M9A,Single/Semi-detached House,2,Etobicoke Centre
4338398,STR-2503-GQZHPT,54 Turtle Island Rd,,M6A,Townhouse/ Row House,8,Eglinton-Lawrence
4338399,STR-2503-HGMHPW,139 Elmer Ave,,M4L,Single/Semi-detached House,19,Beaches-East York
4338400,STR-2503-HPTHPX,2 Anndale Dr,1704,M2N,Condominium,18,Willowdale
4338401,STR-2503-JFGHPZ,500 Doris Ave,1119,M2N,Condominium,18,Willowdale
4338402,STR-2503-HWZHPY,251 Jarvis St,3701,M5B,Condominium,13,Toronto Centre
4338403,STR-2503-FKQVPP,18 Divadale Dr,,M4G,Single/Semi-detached House,15,Don Valley West
4338404,STR-2503-FSWVPQ,148 Shuter St,1,M5A,Townhouse/ Row House,13,Toronto Centre
4338405,STR-2503-GJJVPS,1006 Mount Pleasant Rd,,M4P,Single/Semi-detached House,15,Don Valley West
4338406,STR-2503-GRQVPT,730 St Clarens Ave,703,M6H,Apartment,9,Davenport
4338407,STR-2503-GYWVPV,158 Northcliffe Blvd,M,M6E,Duplex/Triplex/Fourplex,9,Davenport
4338408,STR-2503-HXQVPY,955 Bay St,517,M5S,Condominium,13,Toronto Centre
4338409,STR-2503-JFWVPZ,210 Victoria St,711,M5B,Condominium,13,Toronto Centre
4338410,STR-2503-FLGHPP,120 Homewood Ave,1009,M4Y,Condominium,13,Toronto Centre
4338411,STR-2503-FTMHPQ,5162 Yonge St,1002,M2N,Apartment,18,Willowdale
4338412,STR-2503-GBTHPR,209 Fort York Blvd,372,M5V,Condominium,10,Spadina-Fort York
4338413,STR-2503-GJZHPS,251 Gerrard St E,A,M5A,Apartment,13,Toronto Centre
4338414,STR-2503-GZMHPV,155 Yorkville Ave,715,M5R,Condominium,11,University-Rosedale
4338415,STR-2503-HHTHPW,209 Fort York Blvd,861,M5V,Condominium,10,Spadina-Fort York
4338416,STR-2503-HQZHPX,253 Bedford Park Ave,,M5M,Single/Semi-detached House,8,Eglinton-Lawrence
4338417,STR-2503-HYGHPY,39 Minto St,,M4L,Single/Semi-detached House,14,Toronto-Danforth
4338418,STR-2503-FDSBPP,50 Eltham Dr,,M8W,Single/Semi-detached House,3,Etobicoke-Lakeshore
4338419,STR-2503-FLYBPQ,259 Albany Ave,,M5R,Single/Semi-detached House,11,University-Rosedale
4338420,STR-2503-FVFBPR,9 Conlins Rd,,M1C,Single/Semi-detached House,25,Scarborough-Rouge Park
4338421,STR-2503-GKSBPT,155 Yorkville Ave,1208,M5R,Condominium,11,University-Rosedale
4338422,STR-2503-HJLBPX,293 Dunforest Ave,,M2N,Single/Semi-detached House,18,Willowdale
4338423,STR-2503-GSYBPV,3 Wythenshawe Wood,,M1E,Single/Semi-detached House,24,Scarborough-Guildwood
4338424,STR-2503-HBFBPW,32 Fuller Ave,,M6R,Single/Semi-detached House,4,Parkdale-High Park
4338425,STR-2503-FMPPPQ,26 Ridgemoor Ave,,M1N,Single/Semi-detached House,20,Scarborough Southwest
4338426,STR-2503-FVVPPR,151 Dan Leckie Way,1811,M5V,Condominium,10,Spadina-Fort York
4338427,STR-2503-GDBPPS,17 Bathurst St,2103,M5V,Condominium,10,Spadina-Fort York
4338428,STR-2503-GLHPPT,113 Wolseley St,A,M6J,Duplex/Triplex/Fourplex,10,Spadina-Fort York
4338429,STR-2503-GTPPPV,17 Elmont Dr,,M4B,Single/Semi-detached House,19,Beaches-East York
4338430,STR-2503-HSHPPY,197 Maria St,,M6P,Townhouse/ Row House,4,Parkdale-High Park
4338431,STR-2503-HZPPPZ,24 August Ave,,M1L,Single/Semi-detached House,20,Scarborough Southwest
4338432,STR-2503-FFYBPP,321 Lonsdale Rd,H,M4V,Apartment,12,Toronto-St. Paul's
4338433,STR-2503-FPFBPQ,101 Peter St,1611,M5V,Condominium,10,Spadina-Fort York
4338434,STR-2503-FWLBPR,151 Dan Leckie Way,617,M5V,Condominium,10,Spadina-Fort York
4338435,STR-2503-GDSBPS,2 Anndale Dr,1403,M2N,Condominium,18,Willowdale
4338436,STR-2503-HCLBPW,251 Jarvis St,1709,M5B,Condominium,13,Toronto Centre
4338437,STR-2503-HKSBPX,1101 Brimley Rd,,M1P,Single/Semi-detached House,21,Scarborough Centre
4338438,STR-2503-HSYBPY,65 Bremner Blvd,4106,M5J,Condominium,10,Spadina-Fort York
4338439,STR-2503-JBFBPZ,18 Yonge St,1202,M5E,Condominium,10,Spadina-Fort York
4338440,STR-2503-FGPPPP,19 Baskerville Cres,,M9C,Single/Semi-detached House,2,Etobicoke Centre
4338441,STR-2503-FXBPPR,284 Melrose St,,M8Z,Single/Semi-detached House,3,Etobicoke-Lakeshore
4338442,STR-2503-GFHPPS,222 Elm St,202,M5T,Apartment,11,University-Rosedale
4338443,STR-2503-GVVPPV,2 Anndale Dr,2403,M2N,Condominium,18,Willowdale
4338444,STR-2503-HLHPPX,18 Aspendale Dr,,M1P,Single/Semi-detached House,21,Scarborough Centre
4338445,STR-2503-HTPPPY,28 Maynard Ave,302,M6K,Apartment,4,Parkdale-High Park
4338446,STR-2503-JBVPPZ,169 Jameson Ave,204,M6K,Apartment,4,Parkdale-High Park
4338447,STR-2503-FHFBPP,356 Riverdale Ave,Lower,M4J,Single/Semi-detached House,14,Toronto-Danforth
4338448,STR-2503-FQLBPQ,32 Cheatham Pl,,M1B,Single/Semi-detached House,23,Scarborough North
4338449,STR-2503-GFYBPS,151 Dan Leckie Way,552,M5V,Apartment,10,Spadina-Fort York
4338450,STR-2503-HDSBPW,120 Jameson Ave,606,M6K,Apartment,4,Parkdale-High Park
4338451,STR-2503-HLYBPX,2 Anndale Dr,2106,M2N,Condominium,18,Willowdale
4338452,STR-2503-HVFBPY,9 Weston Downs Ave,,M9N,Single/Semi-detached House,5,York South-Weston
4338453,STR-2503-JCLBPZ,23 Cremorne Ave,,M8Z,Single/Semi-detached House,3,Etobicoke-Lakeshore
4338454,STR-2503-FHVPPP,21 Iceboat Ter,1609,M5V,Condominium,10,Spadina-Fort York
4338455,STR-2503-FRBPPQ,136 Silverhill Dr,,M9B,Single/Semi-detached House,3,Etobicoke-Lakeshore
4338456,STR-2503-FYHPPR,560 Front St W,621,M5V,Condominium,10,Spadina-Fort York
4338457,STR-2503-GGPPPS,188 Jameson Ave,303,M6K,Apartment,4,Parkdale-High Park
4338458,STR-2503-GPVPPT,122 Dowling Ave,36,M6K,Apartment,4,Parkdale-High Park
4338459,STR-2503-GXBPPV,795B Manning Ave,,M6G,Single/Semi-detached House,11,University-Rosedale
4338460,STR-2503-HFHPPW,19 Yorkview Dr,,M8Z,Single/Semi-detached House,3,Etobicoke-Lakeshore
4338461,STR-2503-HMPPPX,211 Island Rd,,M1C,Single/Semi-detached House,25,Scarborough-Rouge Park
4338462,STR-2503-JDBPPZ,58 Shaver Ave S,,M9B,Single/Semi-detached House,3,Etobicoke-Lakeshore
4338463,STR-2503-FJLBPP,199 Richmond St W,217,M5V,Condominium,10,Spadina-Fort York
4338464,STR-2503-FRSBPQ,68 Burnaby Blvd,1,M5N,Duplex/Triplex/Fourplex,8,Eglinton-Lawrence
4338465,STR-2503-FYYBPR,95 Jameson Ave,207,M6K,Apartment,4,Parkdale-High Park
4338466,STR-2503-GHFBPS,732 Royal York Rd,,M8Y,Single/Semi-detached House,3,Etobicoke-Lakeshore
4338467,STR-2503-GQLBPT,67 Denison Ave,,M5T,Single/Semi-detached House,10,Spadina-Fort York
4338468,STR-2503-GXSBPV,42 Western Battery Rd,744,M6K,Condominium,10,Spadina-Fort York
4338469,STR-2503-HFYBPW,130 Pemberton Ave,,M2M,Single/Semi-detached House,18,Willowdale
4338470,STR-2503-HPFBPX,181 Huron St,204,M5T,Condominium,11,University-Rosedale
4338471,STR-2503-HWLBPY,12 York St,2702,M5J,Apartment,10,Spadina-Fort York
4338472,STR-2503-JDSBPZ,5155 Sheppard Ave E,103,M1B,Condominium,23,Scarborough North
4338473,STR-2503-FKBPPP,149 Dowling Ave,B,M6K,Apartment,4,Parkdale-High Park
4338474,STR-2503-FSHPPQ,11 Lockmere Terr,Lower Level,M2J,Single/Semi-detached House,17,Don Valley North
4338475,STR-2503-FZPPPR,730 Dovercourt Rd,207,M6H,Apartment,9,Davenport
4338476,STR-2503-GHVPPS,608 Van Horne Ave,,M2J,Single/Semi-detached House,17,Don Valley North
4338477,STR-2503-GRBPPT,151 Dan Leckie Way,1607,M5V,Condominium,10,Spadina-Fort York
4338478,STR-2503-HXBPPY,21 Iceboat Ter,4510,M5V,Condominium,10,Spadina-Fort York
4338479,STR-2503-GBFBPR,21 Baird Ave,,M4J,Single/Semi-detached House,14,Toronto-Danforth
4338480,STR-2503-JFHPPZ,11 Christie St,103,M6G,Apartment,11,University-Rosedale
4338481,STR-2503-FKSBPP,36 BrentCliffe Rd,313,M4G,Apartment,15,Don Valley West
4338482,STR-2503-FSYBPQ,8 Widmer St,812,M5V,Condominium,10,Spadina-Fort York
4338483,STR-2503-GRSBPT,707 Dovercourt Rd,409,M6H,Apartment,9,Davenport
4338484,STR-2503-GYYBPV,34 Lynmont Rd,,M9V,Single/Semi-detached House,1,Etobicoke North
4338485,STR-2503-JFYBPZ,9 Beatrice St,,M6J,Single/Semi-detached House,11,University-Rosedale
4338486,STR-2503-FTPPPQ,25 Duncannon Dr,,M5P,Single/Semi-detached House,12,Toronto-St. Paul's
4338487,STR-2503-GBVPPR,38 Western Battery Rd,626,M6K,Townhouse/ Row House,10,Spadina-Fort York
4338488,STR-2503-HHVPPW,168 Simcoe St,507,M5H,Condominium,10,Spadina-Fort York
4338489,STR-2503-GKBPPS,101 Peter St,3902,M5V,Condominium,10,Spadina-Fort York
4338490,STR-2503-GZPPPV,749 Richmond St W,,M6J,Single/Semi-detached House,10,Spadina-Fort York
4338491,STR-2503-HYHPPY,79 Droxford Ave,,M1R,Single/Semi-detached House,21,Scarborough Centre
4338492,STR-2503-FDTHPP,67 Gustav Cres,,M2M,Single/Semi-detached House,18,Willowdale
4338493,STR-2503-FLZHPQ,101 Peter St,1607,M5V,Condominium,10,Spadina-Fort York
4338494,STR-2503-GCMHPS,300 Front St W,3313,M5V,Condominium,10,Spadina-Fort York
4338495,STR-2503-GKTHPT,61 Northern Dancer Blvd,,M4L,Single/Semi-detached House,19,Beaches-East York
4338496,STR-2503-GSZHPV,300 Front St W,1211,M5V,Condominium,10,Spadina-Fort York
4338497,STR-2503-HBGHPW,29 Bowan Crt,,M2K,Single/Semi-detached House,17,Don Valley North
4338498,STR-2503-HRTHPY,21 Iceboat Ter,3207,M5V,Condominium,10,Spadina-Fort York
4338499,STR-2503-HYZHPZ,17 Wadsworth Blvd,,M9N,Single/Semi-detached House,5,York South-Weston
4338500,STR-2503-FFJVPP,7 Flax Field Lane,,M2N,Townhouse/ Row House,18,Willowdale
4338501,STR-2503-FVWVPR,43 Templeton Crt,,M1E,Single/Semi-detached House,24,Scarborough-Guildwood
4338502,STR-2503-GDCVPS,209 Fort York Blvd,762,M5V,Condominium,10,Spadina-Fort York
4338503,STR-2503-GTQVPV,70 Douro St,114,M6K,Townhouse/ Row House,10,Spadina-Fort York
4338504,STR-2503-HBWVPW,9 Spadina Ave,815,M5V,Condominium,10,Spadina-Fort York
4338505,STR-2503-HSJVPY,59 Brawley Ave,,M8Z,Single/Semi-detached House,3,Etobicoke-Lakeshore
4338506,STR-2503-HZQVPZ,39 South Kingsway,,M6S,Single/Semi-detached House,4,Parkdale-High Park
4338507,STR-2503-FPGHPQ,151 Dan Leckie Way,1202,M5V,Condominium,10,Spadina-Fort York
4338508,STR-2503-FWMHPR,199 Rouge Hills Dr,,M1C,Single/Semi-detached House,25,Scarborough-Rouge Park
4338509,STR-2503-GDTHPS,3 Kellen St,,M1T,Single/Semi-detached House,22,Scarborough-Agincourt
4338510,STR-2503-GLZHPT,62 Exbury Rd,,M3M,Single/Semi-detached House,6,York Centre
4338511,STR-2503-GVGHPV,300 Front St W,2708,M5V,Condominium,10,Spadina-Fort York
4338512,STR-2503-HCMHPW,55 Bremner Blvd,2211,M5J,Condominium,10,Spadina-Fort York
4338513,STR-2503-JBGHPZ,12 York St,4707,M5J,Condominium,10,Spadina-Fort York
4338514,STR-2503-FGQVPP,715 Lawrence Ave W,18,M6A,Townhouse/ Row House,8,Eglinton-Lawrence
4338515,STR-2503-FPWVPQ,151 Dan Leckie Way,802,M5V,Condominium,10,Spadina-Fort York
4338516,STR-2503-FXCVPR,33 Ovida Ave,,M9B,Single/Semi-detached House,3,Etobicoke-Lakeshore
4338517,STR-2503-GFJVPS,166 Gilmour Ave,,M6P,Single/Semi-detached House,4,Parkdale-High Park
4338518,STR-2503-GVWVPV,2 Anndale Dr,402,M2N,Condominium,18,Willowdale
4338519,STR-2503-HDCVPW,136 Ellins Ave,,M6N,Single/Semi-detached House,5,York South-Weston
4338520,STR-2503-HLJVPX,2B Holmstead Ave,,M4B,Single/Semi-detached House,19,Beaches-East York
4338521,STR-2503-HTQVPY,64 Montrose Ave,,M6J,Single/Semi-detached House,11,University-Rosedale
4338522,STR-2503-JBWVPZ,10 Willison Sq,602,M5T,Condominium,10,Spadina-Fort York
4338523,STR-2503-FHGHPP,2 Sonic Way,901,M3C,Condominium,16,Don Valley East
4338524,STR-2503-FXTHPR,122 Elvaston Dr,,M4A,Single/Semi-detached House,16,Don Valley East
4338525,STR-2503-GPGHPT,29 McMahon Dr,VILLA101,M2K,Townhouse/ Row House,17,Don Valley North
4338526,STR-2503-HLZHPX,268 Euclid Ave,,M6J,Single/Semi-detached House,11,University-Rosedale
4338527,STR-2503-HVGHPY,140 Simcoe St,1304,M5H,Condominium,10,Spadina-Fort York
4338528,STR-2503-FRCVPQ,650 Queens Quay W,210,M5V,Apartment,10,Spadina-Fort York
4338529,STR-2503-FYJVPR,397 Front St W,901,M5V,Apartment,10,Spadina-Fort York
4338530,STR-2503-GGQVPS,105 George St,1907,M5A,Condominium,13,Toronto Centre
4338531,STR-2503-GPWVPT,48 Smithfield Dr,,M8Y,Single/Semi-detached House,3,Etobicoke-Lakeshore
4338532,STR-2503-GXCVPV,38 Dan Leckie Way,2808,M5V,Condominium,10,Spadina-Fort York
4338533,STR-2503-HVWVPY,103 Charlton Blvd,,M2M,Single/Semi-detached House,18,Willowdale
4338534,STR-2503-JDCVPZ,209 Fort York Blvd,571,M5V,Condominium,10,Spadina-Fort York
4338535,STR-2503-FRTHPQ,25 Carnwath Cres,,M2P,Single/Semi-detached House,15,Don Valley West
4338536,STR-2503-FYZHPR,58 Temple Bar Cres,,M1W,Single/Semi-detached House,22,Scarborough-Agincourt
4338537,STR-2503-GHGHPS,3380 Eglinton Ave E,905,M1J,Condominium,24,Scarborough-Guildwood
4338538,STR-2503-GQMHPT,636 Evans Ave,66,M8W,Townhouse/ Row House,3,Etobicoke-Lakeshore
4338539,STR-2503-GXTHPV,12 York St,3005,M5J,Condominium,10,Spadina-Fort York
4338540,STR-2503-HWMHPY,80 Adanac Dr,,M1M,Single/Semi-detached House,20,Scarborough Southwest
4338541,STR-2503-HFZHPW,120 Harrison Garden Blvd,411,M2N,Condominium,18,Willowdale
4338542,STR-2503-HPGHPX,77 Allingham Gdns,,M3H,Single/Semi-detached House,6,York Centre
4338543,STR-2503-JDTHPZ,1818 Lake Shore Blvd E,,M4L,Single/Semi-detached House,19,Beaches-East York
4338544,STR-2503-FKCVPP,215 Fort York Blvd,3610,M5V,Condominium,10,Spadina-Fort York
4338545,STR-2503-FSJVPQ,165 Sunnyside Ave,1,M6R,Single/Semi-detached House,4,Parkdale-High Park
4338546,STR-2503-GHWVPS,209 Fort York Blvd,1362,M5V,Condominium,10,Spadina-Fort York
4338547,STR-2503-GRCVPT,50 William Durie Way,,M2R,Single/Semi-detached House,18,Willowdale
4338548,STR-2503-HXCVPY,120 Harrison Garden Blvd,135,M2N,Condominium,18,Willowdale
4338549,STR-2503-FKTHPP,12 York St,1511,M5J,Condominium,10,Spadina-Fort York
4338550,STR-2503-FSZHPQ,600 Queens Quay W,718,M5V,Apartment,10,Spadina-Fort York
4338551,STR-2503-GBGHPR,90 Niagara St,202,M5V,Apartment,10,Spadina-Fort York
4338552,STR-2503-HHGHPW,550 Queens Quay W,203,M5V,Apartment,10,Spadina-Fort York
4338553,STR-2503-HQMHPX,23 Cherrystone Dr,,M2H,Single/Semi-detached House,17,Don Valley North
4338554,STR-2503-HXTHPY,47 Mutual St,701,M5B,Condominium,13,Toronto Centre
4338555,STR-2503-JFZHPZ,793 Albion Rd,,M9V,Single/Semi-detached House,1,Etobicoke North
4338556,STR-2503-FLJVPP,10 Capreol Crt,223,M5V,Apartment,10,Spadina-Fort York
4338557,STR-2503-FTQVPQ,9 Rankin Cres,,M6P,Townhouse/ Row House,9,Davenport
4338558,STR-2503-GBWVPR,15 Iceboat Ter,333,M5V,Apartment,10,Spadina-Fort York
4338559,STR-2503-GKCVPS,158 Indian Grv,UNIT B2,M6P,Single/Semi-detached House,4,Parkdale-High Park
4338560,STR-2503-GZQVPV,16 Goodwill Ave,,M3H,Single/Semi-detached House,6,York Centre
4338561,STR-2503-HHWVPW,236 Manning Ave,,M6J,Townhouse/ Row House,11,University-Rosedale
4338562,STR-2503-JGQVPZ,50 William St,,M9N,Single/Semi-detached House,5,York South-Weston
4338563,STR-2503-GCPPPS,21 Glen Belle Cres,,M6A,Single/Semi-detached House,8,Eglinton-Lawrence
4338564,STR-2503-GKVPPT,188 Cumberland St,809,M5R,Condominium,11,University-Rosedale
4338565,STR-2503-GTBPPV,730 Ontario St,1009,M4X,Apartment,13,Toronto Centre
4338566,STR-2503-HJPPPX,251 Jarvis St,2705,M5B,Condominium,13,Toronto Centre
4338567,STR-2503-HRVPPY,251 Jarvis St,317,M5B,Condominium,13,Toronto Centre
4338568,STR-2503-HZBPPZ,55 Bremner Blvd,2309,M5J,Condominium,10,Spadina-Fort York
4338569,STR-2503-FFLBPP,2 Anndale Dr,809,M2N,Condominium,18,Willowdale
4338570,STR-2504-FMSBPQ,185 Craighurst Ave,,M4R,Single/Semi-detached House,8,Eglinton-Lawrence
4338571,STR-2504-GLLBPT,61 West Lodge Ave,2,M6K,Duplex/Triplex/Fourplex,4,Parkdale-High Park
4338572,STR-2504-GTSBPV,50 Dunfield Ave,1616,M4S,Condominium,12,Toronto-St. Paul's
4338573,STR-2504-HKFBPX,300 Front St W,508,M5V,Condominium,10,Spadina-Fort York
4338574,STR-2504-HSLBPY,234 Bathurst St,MAIN,M5T,Apartment,10,Spadina-Fort York
4338575,STR-2504-FGBPPP,15 Iceboat Ter,940,M5V,Apartment,10,Spadina-Fort York
4338576,STR-2504-FWPPPR,10 Capreol Crt,522,M5V,Apartment,10,Spadina-Fort York
4338577,STR-2504-GDVPPS,140 Simcoe St,906,M5H,Apartment,10,Spadina-Fort York
4338578,STR-2504-GMBPPT,433 Hillsdale Ave E,,M4S,Single/Semi-detached House,15,Don Valley West
4338579,STR-2504-GVHPPV,98 Lillian St,2717,M4S,Condominium,12,Toronto-St. Paul's
4338580,STR-2504-HCPPPW,14 York St,1109,M5J,Condominium,10,Spadina-Fort York
4338581,STR-2504-HTBPPY,3091 Dufferin St,1509,M6A,Condominium,8,Eglinton-Lawrence
4338582,STR-2504-JBHPPZ,151 Dan Leckie Way,555,M5V,Condominium,10,Spadina-Fort York
4338583,STR-2504-FXFBPR,55 Bremner Blvd,4302,M5J,Condominium,10,Spadina-Fort York
4338584,STR-2504-GFLBPS,39 Bessborough Dr,,M4G,Single/Semi-detached House,15,Don Valley West
4338585,STR-2504-GMSBPT,101 Peter St,3605,M5V,Condominium,10,Spadina-Fort York
4338586,STR-2504-GGBPPS,798 Richmond St W,337,M6J,Apartment,10,Spadina-Fort York
4338587,STR-2504-GWPPPV,41 Hartleywood Dr,,M1S,Single/Semi-detached House,23,Scarborough North
4338588,STR-2504-HDVPPW,156 The Westway,,M9P,Single/Semi-detached House,2,Etobicoke Centre
4338589,STR-2504-HVHPPY,48 Myrtle Ave,,M4M,Single/Semi-detached House,14,Toronto-Danforth
4338590,STR-2504-JCPPPZ,14 York St,2704,M5J,Condominium,10,Spadina-Fort York
4338591,STR-2504-FHYBPP,1042 Davenport Rd,3,M6G,Duplex/Triplex/Fourplex,12,Toronto-St. Paul's
4338592,STR-2504-FRFBPQ,69 Yarrow Rd,,M6M,Single/Semi-detached House,5,York South-Weston
4338593,STR-2504-FYLBPR,156 Glen Park Ave,,M6B,Single/Semi-detached House,8,Eglinton-Lawrence
4338594,STR-2504-GGSBPS,112 George St,1508,M5A,Condominium,13,Toronto Centre
4338595,STR-2504-GXFBPV,50 Bruyeres Mews,810,M5V,Condominium,10,Spadina-Fort York
4338596,STR-2504-HFLBPW,177C Caledonia Rd,,M6E,Single/Semi-detached House,9,Davenport
4338597,STR-2504-HVYBPY,7 Nickle St,,M6M,Single/Semi-detached House,5,York South-Weston
4338598,STR-2504-FRVPPQ,15 Iceboat Ter,3806,M5V,Condominium,10,Spadina-Fort York
4338599,STR-2504-FZBPPR,61 Riverhead Dr,,M9W,Single/Semi-detached House,1,Etobicoke North
4338600,STR-2504-GXVPPV,209 Fort York Blvd,1660,M5V,Condominium,10,Spadina-Fort York
4338601,STR-2504-HGBPPW,30 Nelson St,809,M5V,Condominium,10,Spadina-Fort York
4338602,STR-2504-HPHPPX,18 Parkview Ave,1211,M2N,Condominium,18,Willowdale
4338603,STR-2504-FKFBPP,151 Dan Leckie Way,1608,M5V,Condominium,10,Spadina-Fort York
