_id,operator_registration_number,address,unit,postal_code,property_type,ward_number,ward_name
1154925,STR-2012-HDJKVJ,631 Queen St W,3,M5V,Apartment,10,Spadina-Fort York
1154926,STR-2301-FPSXVQ,10 Park Lawn Rd,PH 7,M8V,Condominium,3,Etobicoke-Lakeshore
1154927,STR-2302-HXHDVY,18 Sawley Dr,,M2K,Single/Semi-detached House,17,Don Valley North
1154928,STR-2304-GKDVHS,63 Ossington Ave,Unit C,M6J,Apartment,10,Spadina-Fort York
1154929,STR-2304-GJTBHS,43 Delaney Cres,,M6K,Single/Semi-detached House,9,Davenport
1154930,STR-2305-FQGBHQ,270 Rushton Rd,402,M6G,Apartment,12,Toronto-St. Paul’s
1154931,STR-2109-HMFBHK,3097 Dundas St W,A,M6P,Apartment,4,Parkdale-High Park
1154932,STR-2205-FWTPHD,251 Jarvis St,1701,M5B,Condominium,13,Toronto Centre
1154933,STR-2205-FRKBHC,117 Lauder Ave,,M6H,Single/Semi-detached House,9,Davenport
1154934,STR-2207-GFFPHF,37 Firgrove Cres,20,M3N,Townhouse/ Row House,7,Humber River-Black Creek
1154935,STR-2209-GCFPHD,585 Bloor St E,2822,M4W,Apartment,13,Toronto Centre
1154936,STR-2103-GJQRVF,101 Peter St,3907,M5V,Condominium,10,Spadina-Fort York
1154937,STR-2310-FJZPHP,54B Butterworth Ave,,M1L,Single/Semi-detached House,20,Scarborough Southwest
1154938,STR-2311-HTDBHY,52 Patricia Ave,,M2M,Single/Semi-detached House,18,Willowdale
1154939,STR-2312-GKPXVT,121 Lower Sherbourne St,1122,M5A,Condominium,13,Toronto Centre
1154940,STR-2401-HRXDVY,1195 The Queensway,1007,M8Z,Condominium,3,Etobicoke-Lakeshore
1154941,STR-2401-HKHXVX,734 Queen St E,3,M4M,Apartment,14,Toronto-Danforth
1154942,STR-2009-GLDPBG,350 Ossington Ave,,M6J,Townhouse/ Row House,9,Davenport
1154943,STR-2009-GTKPBH,994 Dundas St W,3,M6J,Single/Semi-detached House,11,University-Rosedale
1154944,STR-2009-HJXPBK,86 Castlefield Ave,,M4R,Single/Semi-detached House,8,Eglinton-Lawrence
1154945,STR-2009-HSDPBL,59 Claremont St,,M6J,Duplex/Triplex/Fourplex,10,Spadina-Fort York
1154946,STR-2009-HZKPBM,47 Uxbridge Ave,,M6N,Single/Semi-detached House,9,Davenport
1154947,STR-2009-GCYVBF,917 Royal York Rd,,M8Y,Single/Semi-detached House,3,Etobicoke-Lakeshore
1154948,STR-2009-HZLVBM,217 York Mills Rd,,M2L,Single/Semi-detached House,15,Don Valley West
1154949,STR-2009-FFWHBB,9 Highhill Dr,,M1T,Single/Semi-detached House,22,Scarborough-Agincourt
1154950,STR-2009-FPCHBC,235 Seaton St,,M5A,Single/Semi-detached House,13,Toronto Centre
1154951,STR-2009-GDQHBF,153 Parkhurst Blvd,,M4G,Single/Semi-detached House,15,Don Valley West
1154952,STR-2009-GVCHBH,31 Irvington Cres,UL RM 1&2,M2N,Single/Semi-detached House,18,Willowdale
1154953,STR-2009-GFFVBF,67 Niagara St,,M5V,Townhouse/ Row House,10,Spadina-Fort York
1154954,STR-2009-GMLVBG,157 Euclid Ave,,M6J,Single/Semi-detached House,10,Spadina-Fort York
1154955,STR-2009-GVSVBH,217 Bathurst St,Unit 3,M5T,Duplex/Triplex/Fourplex,10,Spadina-Fort York
1154956,STR-2009-FHCHBB,126 Norseman St,,M8Z,Single/Semi-detached House,3,Etobicoke-Lakeshore
1154957,STR-2009-FHSVBB,96 Caithness Ave,,M4J,Single/Semi-detached House,14,Toronto-Danforth
1154958,STR-2009-FQYVBC,71 Kippendavie Ave,,M4L,Single/Semi-detached House,19,Beaches-East York
1154959,STR-2009-GGLVBF,36 Marlena Dr,,M1E,Single/Semi-detached House,24,Scarborough-Guildwood
1154960,STR-2009-GHCHBF,30 Nelson St,20,M5V,Townhouse/ Row House,10,Spadina-Fort York
1154961,STR-2009-HWJHBL,243 Seaton St,,M5A,Townhouse/ Row House,13,Toronto Centre
1154962,STR-2009-JDQHBM,155 Yorkville Ave,1816,M5R,Condominium,11,University-Rosedale
1154963,STR-2009-GYFVBH,50 Lotherton Ptwy,815,M6B,Condominium,8,Eglinton-Lawrence
1154964,STR-2009-HWYVBL,219 Fort York Blvd,2906,M5V,Condominium,10,Spadina-Fort York
1154965,STR-2009-JFFVBM,270 Cummer Ave,,M2M,Single/Semi-detached House,18,Willowdale
1154966,STR-2009-FKQHBB,14 Bexhill Ave,,M1L,Single/Semi-detached House,20,Scarborough Southwest
1154967,STR-2009-FSWHBC,25 Greensides Ave,,M6G,Single/Semi-detached House,12,Toronto-St. Paul's
1154968,STR-2009-GJJHBF,22 Miranda Ave,,M6E,Single/Semi-detached House,8,Eglinton-Lawrence
1154969,STR-2009-GRQHBG,112 George St,1107,M5A,Condominium,13,Toronto Centre
1154970,STR-2009-GYWHBH,1568 Dundas St E,,M4L,Single/Semi-detached House,14,Toronto-Danforth
1154971,STR-2009-HQJHBK,11 Sergio Marchi St,,M3L,Single/Semi-detached House,7,Humber River-Black Creek
1154972,STR-2009-FLFVBB,155 Yorkville Ave,1012,M5R,Condominium,11,University-Rosedale
1154973,STR-2009-GBSVBD,205 Howland Ave,,M5R,Single/Semi-detached House,11,University-Rosedale
1154974,STR-2009-FDQKPB,812 Dovercourt Rd,,M6H,Single/Semi-detached House,9,Davenport
1154975,STR-2009-FLWKPC,30 Nelson St,511,M5V,Condominium,10,Spadina-Fort York
1154976,STR-2009-GCJKPF,125 North Carson St,,M8W,Single/Semi-detached House,3,Etobicoke-Lakeshore
1154977,STR-2009-GSWKPH,213 Greenfield Ave,,M2N,Single/Semi-detached House,18,Willowdale
1154978,STR-2009-HBCKPJ,415 Palmerston Blvd,Main Unit,M6G,Duplex/Triplex/Fourplex,11,University-Rosedale
1154979,STR-2009-FFFXPB,3981A Bloor St W,,M9B,Single/Semi-detached House,3,Etobicoke-Lakeshore
1154980,STR-2009-FMLXPC,92 Wiley Ave,,M4J,Single/Semi-detached House,14,Toronto-Danforth
1154981,STR-2009-FVSXPD,15 Seneca Ave,,M5J,Single/Semi-detached House,10,Spadina-Fort York
1154982,STR-2009-HJYXPK,1126 Brimley Rd,,M1P,Single/Semi-detached House,21,Scarborough Centre
1154983,STR-2009-HZLXPM,50 Marchmount Rd,,M6G,Single/Semi-detached House,12,Toronto-St. Paul's
1154984,STR-2009-GLWKPG,8 York St,3106,M5J,Condominium,10,Spadina-Fort York
1154985,STR-2009-GVCKPH,32 White Birch Rd,,M1N,Single/Semi-detached House,20,Scarborough Southwest
1154986,STR-2009-HCYXPJ,22 Alma Ave,,M6J,Townhouse/ Row House,9,Davenport
1154987,STR-2009-GGLXPF,48 Dundonald St,,M4Y,Single/Semi-detached House,13,Toronto Centre
1154988,STR-2009-GWYXPH,499 Annette St,,M6P,Single/Semi-detached House,4,Parkdale-High Park
1154989,STR-2009-HFFXPJ,99 Hillside Ave,,M8V,Single/Semi-detached House,3,Etobicoke-Lakeshore
1154990,STR-2009-GXQKPH,159 Drayton Ave,,M4C,Single/Semi-detached House,19,Beaches-East York
1154991,STR-2009-FSFXPC,33 Springbank Ave,,M1N,Single/Semi-detached House,20,Scarborough Southwest
1154992,STR-2009-GQYXPG,27 McManus Rd,,M9P,Single/Semi-detached House,2,Etobicoke Centre
1154993,STR-2009-HWYXPL,120 Homewood Ave,2101,M4Y,Condominium,13,Toronto Centre
1154994,STR-2009-FSWKPC,44 McGill St,,M5B,Townhouse/ Row House,13,Toronto Centre
1154995,STR-2009-GBCKPD,69 Flamborough Dr,,M6M,Single/Semi-detached House,5,York South-Weston
1154996,STR-2009-GYWKPH,147 Broadview Ave,,M4M,Single/Semi-detached House,14,Toronto-Danforth
1154997,STR-2009-HXQKPL,1001 Bay St,2703,M5S,Condominium,13,Toronto Centre
1154998,STR-2009-FTLXPC,29 Parsonage Dr,,M1B,Single/Semi-detached House,25,Scarborough-Rouge Park
1154999,STR-2009-GBSXPD,39 Delaware Ave,,M6H,Single/Semi-detached House,9,Davenport
1155000,STR-2009-GJYXPF,67 Kildonan Dr,,M1N,Single/Semi-detached House,20,Scarborough Southwest
1155001,STR-2009-HHSXPJ,1240 Bloor St W,2,M6H,Apartment,9,Davenport
1155002,STR-2009-HYFXPL,72 Vauxhall Dr,,M1P,Single/Semi-detached House,21,Scarborough Centre
1155003,STR-2009-GKRRPG,32 Glendale Ave,,M6R,Single/Semi-detached House,4,Parkdale-High Park
1155004,STR-2009-GSXRPH,379 Ontario St,,M5A,Single/Semi-detached House,13,Toronto Centre
1155005,STR-2009-HYXRPM,10 Cromarty Dr,,M9W,Single/Semi-detached House,1,Etobicoke North
1155006,STR-2210-GSMXVG,350 Harbord St,,M6G,Apartment,11,University-Rosedale
1155007,STR-2009-GDBDPF,6 Kalmar Ave,5,M1N,Townhouse/ Row House,20,Scarborough Southwest
1155008,STR-2009-GLHDPG,190 Rankin Cres,,M6P,Single/Semi-detached House,9,Davenport
1155009,STR-2009-HZPDPM,145 Kitchener Rd,,M1E,Single/Semi-detached House,24,Scarborough-Guildwood
1155010,STR-2009-GDRRPF,19 Churchill Ave,,M6J,Single/Semi-detached House,9,Davenport
1155011,STR-2009-GLXRPG,249 Shaw St,A,M6J,Townhouse/ Row House,10,Spadina-Fort York
1155012,STR-2009-GVDRPH,108 Denton Ave,,M1L,Single/Semi-detached House,20,Scarborough Southwest
1155013,STR-2009-HCKRPJ,263 Old Weston Rd,,M6N,Single/Semi-detached House,9,Davenport
1155014,STR-2009-FPVDPC,105 Sufi Cres,,M4A,Townhouse/ Row House,16,Don Valley East
1155015,STR-2009-GVVDPH,115A Homestead Road,,M1E,Single/Semi-detached House,25,Scarborough-Rouge Park
1155016,STR-2009-HTPDPL,112 Sumach St,,M5A,Townhouse/ Row House,13,Toronto Centre
1155017,STR-2009-FHDRPB,2 Grimthorpe Rd,,M6C,Single/Semi-detached House,12,Toronto-St. Paul's
1155018,STR-2009-FXRRPD,95 Stafford St,,M6J,Townhouse/ Row House,10,Spadina-Fort York
1155019,STR-2009-GPDRPG,31A Dixon Rd,,M9P,Single/Semi-detached House,2,Etobicoke Centre
1155020,STR-2009-HLXRPK,2 Oakhurst Dr,,M2K,Single/Semi-detached House,17,Don Valley North
1155021,STR-2009-HVDRPL,37 Braddock Rd,,M9W,Single/Semi-detached House,1,Etobicoke North
1155022,STR-2009-FHVDPB,158 Hamilton St,,M4M,Single/Semi-detached House,14,Toronto-Danforth
1155023,STR-2009-FYHDPD,66 Royal York Rd,,M8V,Single/Semi-detached House,3,Etobicoke-Lakeshore
1155024,STR-2009-GGPDPF,36 Maitland St,H04,M4Y,Apartment,13,Toronto Centre
1155025,STR-2301-FJKRVP,455 Church St,A,M4Y,Apartment,13,Toronto Centre
1155026,STR-2009-GXBDPH,8 Trophy Dr,,M4A,Single/Semi-detached House,16,Don Valley East
1155027,STR-2009-HFHDPJ,88 Stanley Ter,,M6J,Townhouse/ Row House,10,Spadina-Fort York
1155028,STR-2009-HMPDPK,80 MacDonell Ave,,M6R,Single/Semi-detached House,4,Parkdale-High Park
1155029,STR-2009-HVVDPL,691 Shaw St,,M6G,Single/Semi-detached House,11,University-Rosedale
1155030,STR-2009-GQKRPG,88 Markham St,,M6J,Townhouse/ Row House,10,Spadina-Fort York
1155031,STR-2009-GXRRPH,3 Edgedale Rd,,M4X,Single/Semi-detached House,13,Toronto Centre
1155032,STR-2009-HWKRPL,9 Parker Ave,,M8Z,Single/Semi-detached House,3,Etobicoke-Lakeshore
1155033,STR-2009-JDRRPM,10 Langbourne Pl,,M3B,Single/Semi-detached House,16,Don Valley East
1155034,STR-2009-FKBDPB,109 Bertmount Ave,,M4M,Single/Semi-detached House,14,Toronto-Danforth
1155035,STR-2009-GRBDPG,1029 Coxwell Ave,A,M4C,Apartment,19,Beaches-East York
1155036,STR-2009-GYHDPH,6 Havendale Rd,,M1S,Single/Semi-detached House,22,Scarborough-Agincourt
1155037,STR-2301-GJKRVS,357 King St W,2101,M5V,Condominium,10,Spadina-Fort York
1155038,STR-2009-HGPDPJ,46 Glencoyne Cres,,M1W,Single/Semi-detached House,22,Scarborough-Agincourt
1155039,STR-2009-HPVDPK,246 Jones Ave,,M4M,Single/Semi-detached House,14,Toronto-Danforth
1155040,STR-2009-FKRRPB,132A Euclid Ave,,M6J,Townhouse/ Row House,10,Spadina-Fort York
1155041,STR-2009-FSXRPC,14 York St,3703,M5J,Condominium,10,Spadina-Fort York
1155042,STR-2009-GRRRPG,16 Cole St,32,M5A,Townhouse/ Row House,13,Toronto Centre
1155043,STR-2009-GYXRPH,55 Tollerton Ave,,M2K,Single/Semi-detached House,17,Don Valley North
1155044,STR-2009-HXRRPL,69 Durie St,,M6S,Single/Semi-detached House,4,Parkdale-High Park
1155045,STR-2009-JFXRPM,10 Earlscourt Ave,,M6E,Single/Semi-detached House,9,Davenport
1155046,STR-2009-GBVDPD,927 Bathurst St,,M5R,Single/Semi-detached House,11,University-Rosedale
1155047,STR-2009-HRBDPK,28 Kingland Cres,,M2J,Single/Semi-detached House,17,Don Valley North
1155048,STR-2009-FDSXPB,40 Rameau Dr,,M2H,Single/Semi-detached House,17,Don Valley North
1155049,STR-2009-FLYXPC,326 Carlaw Ave,201,M4M,Condominium,14,Toronto-Danforth
1155050,STR-2009-FFJKPB,150 East Liberty St,2105,M6K,Condominium,10,Spadina-Fort York
1155051,STR-2009-FVWKPD,8 Batavia Ave,,M6N,Townhouse/ Row House,5,York South-Weston
1155052,STR-2009-GDCKPF,76 Greyabbey Trl,,M1E,Single/Semi-detached House,25,Scarborough-Rouge Park
1155053,STR-2009-GLJKPG,3773 Kingston Rd,,M1J,Townhouse/ Row House,24,Scarborough-Guildwood
1155054,STR-2009-GTQKPH,260 St George St,,M5R,Single/Semi-detached House,11,University-Rosedale
1155055,STR-2009-HBWKPJ,1339 Lansdowne Ave,2,M6H,Single/Semi-detached House,9,Davenport
1155056,STR-2009-HZQKPM,24 Leith Hill Rd,1709,M2J,Apartment,17,Don Valley North
1155057,STR-2009-GDSXPF,19 Candlebrook Cres,,M1W,Single/Semi-detached House,22,Scarborough-Agincourt
1155058,STR-2009-GVFXPH,219 Donlea Dr,,M4G,Single/Semi-detached House,15,Don Valley West
1155059,STR-2009-FGQKPB,84 Pembroke St,2,M5A,Duplex/Triplex/Fourplex,13,Toronto Centre
1155060,STR-2009-FPWKPC,85 Bloor St E,311,M4W,Condominium,11,University-Rosedale
1155061,STR-2009-GMQKPG,155 Yorkville Ave,708,M5R,Condominium,11,University-Rosedale
1155062,STR-2009-GVWKPH,85 Bloor St E,2001,M4W,Condominium,11,University-Rosedale
1155063,STR-2009-HDCKPJ,10 Sulkara Crt,,M4A,Single/Semi-detached House,16,Don Valley East
1155064,STR-2009-JBWKPM,464 Durie St,,M6S,Single/Semi-detached House,4,Parkdale-High Park
1155065,STR-2009-FHFXPB,56 Cumber Ave,,M1E,Single/Semi-detached House,24,Scarborough-Guildwood
1155066,STR-2009-FXSXPD,11 Burlingame Rd,,M8W,Single/Semi-detached House,3,Etobicoke-Lakeshore
1155067,STR-2009-JCLXPM,3112 Dundas St W,2,M6P,Duplex/Triplex/Fourplex,4,Parkdale-High Park
1155068,STR-2009-FRCKPC,48 Hiltz Ave,,M4L,Single/Semi-detached House,14,Toronto-Danforth
1155069,STR-2009-JDCKPM,269 Palmerston Ave,,M6J,Single/Semi-detached House,11,University-Rosedale
1155070,STR-2108-HQPPHK,17 Glengrove Ave E,B,M4N,Duplex/Triplex/Fourplex,15,Don Valley West
1155071,STR-2009-GQLXPG,163 Burnett Ave,,M2N,Single/Semi-detached House,18,Willowdale
1155072,STR-2009-HWLXPL,302 Cook Rd,,M3J,Single/Semi-detached House,7,Humber River-Black Creek
1155073,STR-2010-FSJKPC,142 Mortimer Ave,,M4K,Single/Semi-detached House,14,Toronto-Danforth
1155074,STR-2010-FZQKPD,143 Northover St,,M3L,Single/Semi-detached House,6,York Centre
1155075,STR-2010-FSYXPC,161 Faywood Blvd,Lower Level,M3H,Single/Semi-detached House,6,York Centre
1155076,STR-2010-GJLXPF,14 York St,4907,M5J,Condominium,10,Spadina-Fort York
1155077,STR-2010-HHFXPJ,197 Yonge St,2611,M5B,Condominium,13,Toronto Centre
1155078,STR-2010-JFYXPM,67 Lynvalley Cres,,M1R,Single/Semi-detached House,21,Scarborough Centre
1155079,STR-2010-GSJKPG,96 Mitchell Ave,Basement,M6J,Townhouse/ Row House,10,Spadina-Fort York
1155080,STR-2010-HHWKPJ,222A Manning Ave,,M6J,Townhouse/ Row House,11,University-Rosedale
1155081,STR-2010-HRVDPL,480 Vaughan Rd,Unit 1,M6C,Duplex/Triplex/Fourplex,12,Toronto-St. Paul's
1155082,STR-2010-GMBDPG,14 York St,812,M5J,Condominium,10,Spadina-Fort York
1155083,STR-2010-HTBDPL,30 Shore Breeze Dr,431,M8V,Condominium,3,Etobicoke-Lakeshore
1155084,STR-2010-GMRRPG,161 Angus Dr,,M2J,Single/Semi-detached House,17,Don Valley North
1155085,STR-2010-HDDRPJ,7 Coolmine Rd,Lower Level,M6J,Single/Semi-detached House,9,Davenport
1155086,STR-2010-HTRRPL,13 Marshall St,,M6K,Townhouse/ Row House,9,Davenport
1155087,STR-2010-FXVDPD,26 Heale Ave,,M1N,Single/Semi-detached House,20,Scarborough Southwest
1155088,STR-2010-GWPDPH,143 Sorauren Ave,1,M6R,Single/Semi-detached House,4,Parkdale-High Park
1155089,STR-2010-FRDRPC,2683 Midland Ave,,M1S,Single/Semi-detached House,23,Scarborough North
1155090,STR-2010-GXVDPH,75 Thorncliffe Park Dr,815,M4H,Apartment,15,Don Valley West
1155091,STR-2010-HPHDPK,199 Mammoth Hall Trl,,M1B,Single/Semi-detached House,23,Scarborough North
1155092,STR-2010-FKDRPB,34 Columbus Ave,,M6R,Single/Semi-detached House,4,Parkdale-High Park
1155093,STR-2010-FZRRPD,5229 Dundas St W,2112,M9B,Condominium,3,Etobicoke-Lakeshore
1155094,STR-2010-GHXRPF,500 Crawford St,2,M6G,Single/Semi-detached House,11,University-Rosedale
1155095,STR-2010-HPXRPK,232 Woburn Ave,,M5M,Single/Semi-detached House,8,Eglinton-Lawrence
1155096,STR-2010-HXDRPL,347 Cedarvale Ave,,M4C,Single/Semi-detached House,19,Beaches-East York
1155097,STR-2010-JFKRPM,187 Hullmar Dr,,M3N,Single/Semi-detached House,7,Humber River-Black Creek
1155098,STR-2010-FKVDPB,10 Mountain Ash Crt,Lower level,M9C,Single/Semi-detached House,2,Etobicoke Centre
1155099,STR-2010-HHHDPJ,178 Hopedale Ave,,M4K,Single/Semi-detached House,14,Toronto-Danforth
1155100,STR-2010-JGBDPM,151 Dan Leckie Way,557,M5V,Condominium,10,Spadina-Fort York
1155101,STR-2010-HHXRPJ,73 Beaconsfield Ave,Lower Level,M6J,Single/Semi-detached House,9,Davenport
1155102,STR-2010-FMCKPC,1988 Dufferin St,,M6E,Duplex/Triplex/Fourplex,9,Davenport
1155103,STR-2010-HBJKPJ,23 Bailey Cres,,M1G,Single/Semi-detached House,24,Scarborough-Guildwood
1155104,STR-2010-HRWKPL,39 Granby St,,M5B,Townhouse/ Row House,13,Toronto Centre
1155105,STR-2010-FFLXPB,72 Dusay Pl,12,M1W,Townhouse/ Row House,22,Scarborough-Agincourt
1155106,STR-2010-GTSXPH,105 Oakridge Dr,,M1M,Single/Semi-detached House,20,Scarborough Southwest
1155107,STR-2010-FGCKPB,718 Lansdowne Ave,,M6H,Townhouse/ Row House,9,Davenport
1155108,STR-2010-FQQKPC,972 Danforth Ave,2,M4J,Apartment,14,Toronto-Danforth
1155109,STR-2010-FWQKPD,250 Wellington St W,1137,M5V,Condominium,10,Spadina-Fort York
1155110,STR-2010-GMCKPG,13 Stephenson Ave,,M4C,Single/Semi-detached House,19,Beaches-East York
1155111,STR-2010-HKWKPK,2388 St Clair Ave W,,M6N,Single/Semi-detached House,5,York South-Weston
1155112,STR-2010-JBJKPM,140 Woodbine Ave,,M4L,Single/Semi-detached House,19,Beaches-East York
1155113,STR-2010-FGSXPB,38 Woodgate Dr,,M6N,Single/Semi-detached House,5,York South-Weston
1155114,STR-2010-FXFXPD,6 Springbank Ave,,M1N,Single/Semi-detached House,20,Scarborough Southwest
1155115,STR-2010-GFLXPF,323 Delaware Ave,,M6H,Single/Semi-detached House,9,Davenport
1155116,STR-2010-HLLXPK,492 Ontario St,,M4X,Townhouse/ Row House,13,Toronto Centre
1155117,STR-2010-GGCKPF,31 Tracy St,,M5A,Single/Semi-detached House,13,Toronto Centre
1155118,STR-2010-HVJKPL,18 Valley Woods Rd,915,M3A,Condominium,16,Don Valley East
1155119,STR-2010-GPYXPG,2690 Danforth Ave,A,M4C,Apartment,19,Beaches-East York
1155120,STR-2010-GXFXPH,148A Bartlett Ave,150,M6H,Single/Semi-detached House,9,Davenport
1155121,STR-2010-HMSXPK,311 Salem Ave,,M6H,Single/Semi-detached House,9,Davenport
1155122,STR-2010-HVYXPL,8 Mercer St,3001,M5V,Condominium,10,Spadina-Fort York
1155123,STR-2010-FJQKPB,14 York St,4811,M5J,Condominium,10,Spadina-Fort York
1155124,STR-2010-GQQKPG,12 York St,2107,M5J,Condominium,10,Spadina-Fort York
1155125,STR-2010-HGCKPJ,57 Gloucester St,,M4Y,Townhouse/ Row House,13,Toronto Centre
1155126,STR-2010-HWQKPL,531 St Clarens Ave,,M6H,Single/Semi-detached House,9,Davenport
1155127,STR-2010-FZSXPD,30B Cedar Drive,,M1J,Single/Semi-detached House,24,Scarborough-Guildwood
1155128,STR-2010-HPYXPK,5 Eleventh St,,M8V,Single/Semi-detached House,3,Etobicoke-Lakeshore
1155129,STR-2010-HQQKPK,366 Renforth Dr,,M9C,Single/Semi-detached House,2,Etobicoke Centre
1155130,STR-2010-GKFXPF,91B Claremont St,,M6J,Single/Semi-detached House,10,Spadina-Fort York
1155131,STR-2010-GZSXPH,919 Palmerston Ave,,M6G,Single/Semi-detached House,11,University-Rosedale
1155132,STR-2010-HHYXPJ,45 Cambridge Ave,,M4K,Single/Semi-detached House,14,Toronto-Danforth
1155133,STR-2010-HRFXPK,37 Dixon Ave,,M4L,Single/Semi-detached House,19,Beaches-East York
1155134,STR-2010-FVKRPD,654 Adelaide St W,,M6J,Single/Semi-detached House,10,Spadina-Fort York
1155135,STR-2010-GKXRPG,69 Harlow Cres,Main Floor,M9V,Single/Semi-detached House,1,Etobicoke North
1155136,STR-2010-HRXRPL,55 Bremner Blvd,2409,M5J,Condominium,10,Spadina-Fort York
1155137,STR-2010-FFPDPB,145 Kitchener Ave,,M6E,Single/Semi-detached House,9,Davenport
1155138,STR-2010-GLPDPG,55 Bremner Blvd,1609,M5J,Condominium,10,Spadina-Fort York
1155139,STR-2010-HZVDPM,75 Normandy Blvd,,M4L,Single/Semi-detached House,19,Beaches-East York
1155140,STR-2010-GMDRPG,29 Golden Ave,,M6R,Single/Semi-detached House,4,Parkdale-High Park
1155141,STR-2010-GVKRPH,91 Brunswick Ave,,M5S,Single/Semi-detached House,11,University-Rosedale
1155142,STR-2010-FQBDPC,1 Hubbard Blvd,,M4E,Single/Semi-detached House,19,Beaches-East York
1155143,STR-2010-HDHDPJ,66 Brookfield St,,M6J,Townhouse/ Row House,10,Spadina-Fort York
1155144,STR-2010-HLPDPK,27 Olga St,,M1M,Townhouse/ Row House,20,Scarborough Southwest
1155145,STR-2010-JCBDPM,16 Golden Ave,Main Floor,M6R,Single/Semi-detached House,4,Parkdale-High Park
1155146,STR-2010-FHKRPB,128 Fairholme Ave,,M6B,Single/Semi-detached House,8,Eglinton-Lawrence
1155147,STR-2010-FYPDPD,18 Yonge St,1204,M5E,Condominium,10,Spadina-Fort York
1155148,STR-2010-GGVDPF,65 Bremner Blvd,4109,M5J,Condominium,10,Spadina-Fort York
1155149,STR-2010-HFPDPJ,65 Bremner Blvd,4911,M5J,Condominium,10,Spadina-Fort York
1155150,STR-2010-GHKRPF,12 Chandler Dr,Upper Level,M1G,Single/Semi-detached House,24,Scarborough-Guildwood
1155151,STR-2010-FSPDPC,32 Gordon Rd,,M2P,Single/Semi-detached House,15,Don Valley West
1155152,STR-2010-GJBDPF,11 Lothian Ave,,M8Z,Single/Semi-detached House,3,Etobicoke-Lakeshore
1155153,STR-2010-HQBDPK,133 Alberta Ave,,M6H,Single/Semi-detached House,9,Davenport
1155154,STR-2010-JFPDPM,399 Perth Ave,,M6P,Townhouse/ Row House,9,Davenport
1155155,STR-2010-GJRRPF,204 Kenilworth Ave,1,M4L,Duplex/Triplex/Fourplex,19,Beaches-East York
1155156,STR-2010-HHKRPJ,646 College St,3,M6G,Apartment,11,University-Rosedale
1155157,STR-2010-FLPDPB,20 Nelles Ave,,M6S,Single/Semi-detached House,4,Parkdale-High Park
1155158,STR-2010-HRHDPK,155 Yorkville Ave,2117,M5R,Condominium,11,University-Rosedale
1155159,STR-2010-HYPDPL,123 Woodbine Ave,217,M4L,Condominium,19,Beaches-East York
1155160,STR-2010-HZFXPM,145 Chiltern Hill Rd,,M6C,Single/Semi-detached House,12,Toronto-St. Paul's
1155161,STR-2010-FFQKPB,123 Lindsey Ave,,M6H,Single/Semi-detached House,9,Davenport
1155162,STR-2010-GLQKPG,712 Rhodes Ave,,M4J,Single/Semi-detached House,14,Toronto-Danforth
1155163,STR-2010-HCCKPJ,425 Church St,3,M4Y,Apartment,13,Toronto Centre
1155164,STR-2010-GVLXPH,141 Boston Ave,,M4M,Single/Semi-detached House,14,Toronto-Danforth
1155165,STR-2010-HKYXPK,89 Dunfield Ave,3502,M4S,Condominium,12,Toronto-St. Paul's
1155166,STR-2010-GWCKPH,249 Seaton St,,M5A,Single/Semi-detached House,13,Toronto Centre
1155167,STR-2010-GGFXPF,101 Gough Ave,1,M4K,Single/Semi-detached House,14,Toronto-Danforth
1155168,STR-2010-HFQKPJ,12 York St,2502,M5J,Condominium,10,Spadina-Fort York
1155169,STR-2010-HMWKPK,12 York St,4209,M5J,Condominium,10,Spadina-Fort York
1155170,STR-2010-GQSXPG,70 Queens Wharf Rd,312,M5V,Condominium,10,Spadina-Fort York
1155171,STR-2010-HGFXPJ,100 Langford Ave,,M4J,Single/Semi-detached House,14,Toronto-Danforth
1155172,STR-2010-HPLXPK,2418 Queen Street East,,M1N,Townhouse/ Row House,20,Scarborough Southwest
1155173,STR-2010-JDYXPM,560 Front St W,608,M5V,Condominium,10,Spadina-Fort York
1155174,STR-2010-FSQKPC,217 Beverley St,4,M5T,Duplex/Triplex/Fourplex,11,University-Rosedale
1155175,STR-2010-HGWKPJ,14 Sydenham St,,M5A,Townhouse/ Row House,13,Toronto Centre
1155176,STR-2010-HRJKPK,19 Herbert Ave.,Upper Level,M4L,Single/Semi-detached House,19,Beaches-East York
1155177,STR-2010-HYQKPL,101 Peter St,902,M5V,Condominium,10,Spadina-Fort York
1155178,STR-2010-GCVDPF,83 Snowdon Ave,,M4N,Single/Semi-detached House,15,Don Valley West
1155179,STR-2010-GTHDPH,571 Ontario St,,M4X,Single/Semi-detached House,13,Toronto Centre
1155180,STR-2010-FMXRPC,486 Shaw St,,M6G,Townhouse/ Row House,11,University-Rosedale
1155181,STR-2010-GDKRPF,5 Mountnoel Ave,Apartment 2,M4J,Single/Semi-detached House,14,Toronto-Danforth
1155182,STR-2010-GLRRPG,36 Castle Frank Rd,309,M4W,Apartment,11,University-Rosedale
1155183,STR-2010-FGHDPB,265 Brock Ave,lower level,M6K,Single/Semi-detached House,9,Davenport
1155184,STR-2010-GFBDPF,7 Cripps Ave,,M6N,Single/Semi-detached House,5,York South-Weston
1155185,STR-2010-JBPDPM,178 Westmore Dr,,M9V,Single/Semi-detached House,1,Etobicoke North
1155186,STR-2010-JCDRPM,62 Augusta Ave,1,M5T,Duplex/Triplex/Fourplex,10,Spadina-Fort York
1155187,STR-2010-HVPDPL,40 McGill St,,M5B,Single/Semi-detached House,13,Toronto Centre
1155188,STR-2010-GXKRPH,510 St Clarens Ave,,M6H,Apartment,9,Davenport
1155189,STR-2010-HPPDPK,308 Broadway Ave,,M4P,Single/Semi-detached House,15,Don Valley West
1155190,STR-2010-HWVDPL,199 Niagara St,1,M5V,Single/Semi-detached House,10,Spadina-Fort York
1155191,STR-2010-JFBDPM,703 Richmond St W,,M6J,Single/Semi-detached House,10,Spadina-Fort York
1155192,STR-2010-GRKRPG,12 York St,5009,M5J,Condominium,10,Spadina-Fort York
1155193,STR-2010-FWFXPD,481 Rathburn Rd,Upper,M9C,Single/Semi-detached House,2,Etobicoke Centre
1155194,STR-2010-HSSXPL,29 Evans Ave,bsmnt,M6S,Apartment,4,Parkdale-High Park
1155195,STR-2010-GFCKPF,28 Griggsden Ave,,M9P,Single/Semi-detached House,2,Etobicoke Centre
1155196,STR-2010-GVQKPH,25 Oxley St,1505,M5V,Condominium,10,Spadina-Fort York
1155197,STR-2010-FGYXPB,18 Carey Rd,,M4S,Single/Semi-detached House,12,Toronto-St. Paul's
1155198,STR-2010-HDLXPJ,718 Adelaide St W,Upper,M6J,Townhouse/ Row House,10,Spadina-Fort York
1155199,STR-2010-GPQKPG,526 Clinton St,,M6G,Single/Semi-detached House,11,University-Rosedale
1155200,STR-2010-GWWKPH,54 Churchill Ave,main floor,M6J,Single/Semi-detached House,9,Davenport
1155201,STR-2010-HMYXPK,234 Church St,,M9N,Single/Semi-detached House,5,York South-Weston
1155202,STR-2010-HWFXPL,650 King St W,203,M5V,Condominium,10,Spadina-Fort York
1155203,STR-2010-GHQKPF,22 Avis Cres,,M4B,Single/Semi-detached House,19,Beaches-East York
1155204,STR-2010-HGJKPJ,27 Hay Ave,,M8Z,Single/Semi-detached House,3,Etobicoke-Lakeshore
1155205,STR-2010-GJFXPF,14 York St,311,M5J,Condominium,10,Spadina-Fort York
1155206,STR-2010-HGYXPJ,12 York St,4405,M5J,Condominium,10,Spadina-Fort York
1155207,STR-2010-FTJKPC,35 Lockwood Rd,,M4L,Single/Semi-detached House,19,Beaches-East York
1155208,STR-2010-GZJKPH,108 Euclid Ave,,M6J,Single/Semi-detached House,10,Spadina-Fort York
1155209,STR-2010-HJFXPJ,397 Roncesvalles Ave,2,M6R,Duplex/Triplex/Fourplex,4,Parkdale-High Park
1155210,STR-2010-JGYXPM,7 Lansdowne Ave,2,M6K,Single/Semi-detached House,4,Parkdale-High Park
1155211,STR-2010-FDPDVB,65 Maughan Cres,,M4L,Single/Semi-detached House,19,Beaches-East York
1155212,STR-2010-FLVDVC,300 Front St W,1308,M5V,Condominium,10,Spadina-Fort York
1155213,STR-2010-GKPDVG,60 Douro St,252,M6K,Townhouse/ Row House,10,Spadina-Fort York
1155214,STR-2010-FVRRVD,187 Roxton Rd,Main,M6J,Single/Semi-detached House,11,University-Rosedale
1155215,STR-2010-GLDRVG,12 Arkley Cres,Main Floor,M9R,Single/Semi-detached House,2,Etobicoke Centre
1155216,STR-2010-HJXRVK,89 Superior Ave,,M8V,Single/Semi-detached House,3,Etobicoke-Lakeshore
1155217,STR-2010-GDPDVF,38 Lippincott St,,M5T,Townhouse/ Row House,11,University-Rosedale
1155218,STR-2010-GMKRVG,59 Threadneedle Cres,,M2H,Single/Semi-detached House,17,Don Valley North
1155219,STR-2010-HCXRVJ,1228 Gerrard St E,,M4L,Single/Semi-detached House,14,Toronto-Danforth
1155220,STR-2010-HDPDVJ,16 Connaught Ave,,M4L,Single/Semi-detached House,14,Toronto-Danforth
1155221,STR-2010-HLVDVK,560 Front St W,809,M5V,Condominium,10,Spadina-Fort York
1155222,STR-2010-HVRRVL,95 Coleridge Ave,,M4C,Single/Semi-detached House,19,Beaches-East York
1155223,STR-2010-GHBDVF,89 Dunfield Ave,3501,M4S,Condominium,12,Toronto-St. Paul's
1155224,STR-2010-FZKRVD,85 Bloor St E,307,M4W,Condominium,11,University-Rosedale
1155225,STR-2010-GYDRVH,30 Shore Breeze Dr,338,M8V,Condominium,3,Etobicoke-Lakeshore
1155226,STR-2010-HPRRVK,55 Paradelle Cres,Unit 2,M3N,Single/Semi-detached House,7,Humber River-Black Creek
1155227,STR-2010-GBBDVD,37 Willowfield Mews,,M1R,Townhouse/ Row House,21,Scarborough Centre
1155228,STR-2010-GRPDVG,12 York St,2005,M5J,Condominium,10,Spadina-Fort York
1155229,STR-2010-JFVDVM,51 Homewood Ave,4,M4Y,Duplex/Triplex/Fourplex,13,Toronto Centre
1155230,STR-2010-FLDRVB,14 York St,1007,M5J,Condominium,10,Spadina-Fort York
1155231,STR-2010-HYDRVL,21 Larchmere Ave,,M9L,Single/Semi-detached House,7,Humber River-Black Creek
1155232,STR-2010-JGKRVM,46 Rippleton Rd,,M3B,Single/Semi-detached House,15,Don Valley West
1155233,STR-2010-FDQKVB,300 Front St W,903,M5V,Condominium,10,Spadina-Fort York
1155234,STR-2010-FLWKVC,29 Waverley Rd,,M4L,Single/Semi-detached House,19,Beaches-East York
1155235,STR-2010-FVCKVD,91 Malvern Ave,,M4E,Single/Semi-detached House,19,Beaches-East York
1155236,STR-2010-GCJKVF,1483 Eglinton Ave W,Unit 1,M6E,Apartment,12,Toronto-St. Paul's
1155237,STR-2010-FFFXVB,208 Queens Quay  W,2609,M5J,Condominium,10,Spadina-Fort York
1155238,STR-2010-FMLXVC,321 Windermere Ave,,M6S,Single/Semi-detached House,4,Parkdale-High Park
1155239,STR-2010-GLFXVG,1029 King St W,641,M6K,Condominium,10,Spadina-Fort York
1155240,STR-2010-GTLXVH,148 Gore Vale Ave,Main Floor,M6J,Single/Semi-detached House,10,Spadina-Fort York
1155241,STR-2011-FWJKVD,40 Nursewood Rd,,M4E,Single/Semi-detached House,19,Beaches-East York
1155242,STR-2011-GLWKVG,307 Beresford Ave,,M6S,Single/Semi-detached House,4,Parkdale-High Park
1155243,STR-2011-GVCKVH,14 York St,3907,M5J,Condominium,10,Spadina-Fort York
1155244,STR-2011-HKQKVK,58 Park Home Ave,,M2N,Single/Semi-detached House,18,Willowdale
1155245,STR-2011-GFFXVF,2744 Victoria Park Ave,,M2J,Single/Semi-detached House,17,Don Valley North
1155246,STR-2011-HDQKVJ,37 Grosvenor St,1403,M4Y,Condominium,13,Toronto Centre
1155247,STR-2202-GRLDVG,525 Queen St W,Upper,M5V,Apartment,10,Spadina-Fort York
1155248,STR-2011-JCYXVM,31 Fern Ave,,M6R,Single/Semi-detached House,4,Parkdale-High Park
1155249,STR-2011-FRQKVC,12 York St,810,M5J,Condominium,10,Spadina-Fort York
1155250,STR-2011-FYWKVD,27 George Webster Rd,1,M4B,Single/Semi-detached House,19,Beaches-East York
1155251,STR-2011-HWJKVL,300 Front St W,2403,M5V,Condominium,10,Spadina-Fort York
1155252,STR-2011-GHSXVF,12 Blue Forest Dr,,M3H,Single/Semi-detached House,6,York Centre
1155253,STR-2011-GYFXVH,24 Dunsany Cres,,M9R,Single/Semi-detached House,1,Etobicoke North
1155254,STR-2011-HPSXVK,12 York St,4905,M5J,Condominium,10,Spadina-Fort York
1155255,STR-2011-JFFXVM,14 York St,3107,M5J,Condominium,10,Spadina-Fort York
1155256,STR-2011-GBCKVD,100 Sussex Ave,,M5S,Single/Semi-detached House,11,University-Rosedale
1155257,STR-2011-HHCKVJ,151 Rushton Rd,,M6G,Single/Semi-detached House,12,Toronto-St. Paul's
1155258,STR-2011-HHSXVJ,280 Windermere Ave,,M6S,Single/Semi-detached House,4,Parkdale-High Park
1155259,STR-2011-HYFXVL,210 Victoria St,4013,M5B,Condominium,13,Toronto Centre
1155260,STR-2011-HBVDVJ,1607 Bloor St W,1,M6P,Apartment,4,Parkdale-High Park
1155261,STR-2011-HCKRVJ,25 Fermanagh Ave,,M6R,Townhouse/ Row House,4,Parkdale-High Park
1155262,STR-2011-FXBDVD,175 Hamilton St,2,M4M,Single/Semi-detached House,14,Toronto-Danforth
1155263,STR-2011-GFHDVF,14 York St,3008,M5J,Condominium,10,Spadina-Fort York
1155264,STR-2011-HLHDVK,105 Isabella St,601,M4Y,Apartment,13,Toronto Centre
1155265,STR-2011-HTPDVL,79 O'Hara Ave,Front,M6K,Duplex/Triplex/Fourplex,4,Parkdale-High Park
1155266,STR-2011-FQKRVC,123 Strathcona Ave,2,M4J,Townhouse/ Row House,14,Toronto-Danforth
1155267,STR-2011-GFXRVF,110A Edgewood Ave,,M4L,Single/Semi-detached House,19,Beaches-East York
1155268,STR-2011-GPDRVG,8 Lynedock Cres,,M3A,Single/Semi-detached House,16,Don Valley East
1155269,STR-2011-GWKRVH,36 Fermanagh Ave,,M6R,Single/Semi-detached House,4,Parkdale-High Park
1155270,STR-2011-JCKRVM,21 Cloud Dr,,M9L,Single/Semi-detached House,7,Humber River-Black Creek
1155271,STR-2011-GXBDVH,14 York St,5204,M5J,Condominium,10,Spadina-Fort York
1155272,STR-2011-HMPDVK,1013 Bathurst St,,M5R,Single/Semi-detached House,11,University-Rosedale
1155273,STR-2011-HVVDVL,685 Euclid Ave,Basement,M6G,Single/Semi-detached House,11,University-Rosedale
1155274,STR-2011-FRRRVC,41 Shannon St,,M6J,Townhouse/ Row House,9,Davenport
1155275,STR-2011-FSHDVC,39 Goodview Rd,,M2J,Single/Semi-detached House,17,Don Valley North
1155276,STR-2011-FZPDVD,82 Osler St,,M6P,Townhouse/ Row House,9,Davenport
1155277,STR-2011-JFHDVM,27 Florist Lane,,M1E,Townhouse/ Row House,24,Scarborough-Guildwood
1155278,STR-2011-FSXRVC,296 Maria St,,M6P,Single/Semi-detached House,4,Parkdale-High Park
1155279,STR-2011-GYXRVH,42 Rusholme Rd,,M6J,Single/Semi-detached House,9,Davenport
1155280,STR-2011-HHDRVJ,214 Lynedock Cres,,M3A,Single/Semi-detached House,16,Don Valley East
1155281,STR-2011-HQKRVK,14 York St,705,M5J,Condominium,10,Spadina-Fort York
1155282,STR-2011-FDSXVB,121 Morse St,,M4M,Single/Semi-detached House,14,Toronto-Danforth
1155283,STR-2011-GCLXVF,317 Sunnyside Ave,,M6R,Single/Semi-detached House,4,Parkdale-High Park
1155284,STR-2011-FFJKVB,515 Pape Ave,,M4K,Single/Semi-detached House,14,Toronto-Danforth
1155285,STR-2011-GTQKVH,85 Moberly Ave,,M4C,Single/Semi-detached House,19,Beaches-East York
1155286,STR-2011-HZQKVM,10 Navy Wharf Crt,3106,M5V,Condominium,10,Spadina-Fort York
1155287,STR-2011-GVFXVH,34 Woodside Ave,,M6P,Single/Semi-detached House,4,Parkdale-High Park
1155288,STR-2011-GVWKVH,21 Iceboat Ter,4701,M5V,Condominium,10,Spadina-Fort York
1155289,STR-2011-FHFXVB,12 York St,911,M5J,Condominium,10,Spadina-Fort York
1155290,STR-2011-FQLXVC,12 York St,5201,M5J,Condominium,10,Spadina-Fort York
1155291,STR-2011-FXSXVD,14 York St,3010,M5J,Condominium,10,Spadina-Fort York
1155292,STR-2011-HVFXVL,436 Euclid Ave,,M6G,Single/Semi-detached House,11,University-Rosedale
1155293,STR-2011-JCLXVM,568 Oriole Pkwy,,M4R,Single/Semi-detached House,8,Eglinton-Lawrence
1155294,STR-2011-FHWKVB,47 Erinlea Cres,,M1H,Single/Semi-detached House,24,Scarborough-Guildwood
1155295,STR-2011-FJLXVB,300 Front St W,4106,M5V,Condominium,10,Spadina-Fort York
1155296,STR-2011-FRSXVC,71 Treverton Dr,,M1K,Single/Semi-detached House,21,Scarborough Centre
1155297,STR-2011-HPFXVK,500 Doris Ave,1420,M2N,Condominium,18,Willowdale
1155298,STR-2011-HWLXVL,8 Casimir St,2A,M5T,Single/Semi-detached House,11,University-Rosedale
1155299,STR-2011-HPWKVK,300 Front St W,704,M5V,Condominium,10,Spadina-Fort York
1155300,STR-2011-FKSXVB,64 Pinemore Cres,,M3A,Single/Semi-detached House,16,Don Valley East
1155301,STR-2011-HHFXVJ,120 Homewood Ave,3303,M4Y,Condominium,13,Toronto Centre
1155302,STR-2011-JFYXVM,786 Dovercourt Rd,,M6H,Single/Semi-detached House,9,Davenport
1155303,STR-2011-GZQKVH,82 Earl Grey Rd,,M4J,Single/Semi-detached House,14,Toronto-Danforth
1155304,STR-2011-HHWKVJ,6 Kings Park Blvd,,M4J,Single/Semi-detached House,14,Toronto-Danforth
1155305,STR-2011-FMBDVC,20 High Park Blvd,,M6R,Single/Semi-detached House,4,Parkdale-High Park
1155306,STR-2011-FVHDVD,564 Sherbourne St,Unit 6,M4X,Apartment,13,Toronto Centre
1155307,STR-2011-HRVDVL,107 Walnut Ave,,M5V,Single/Semi-detached House,10,Spadina-Fort York
1155308,STR-2011-HZRRVM,312 Roxton Rd,,M6G,Single/Semi-detached House,11,University-Rosedale
1155309,STR-2011-FPHDVC,25 Town Centre Crt,2301,M1P,Condominium,21,Scarborough Centre
1155310,STR-2011-FGRRVB,300 Front St W,606,M5V,Condominium,10,Spadina-Fort York
1155311,STR-2011-GMRRVG,300 Front St W,1806,M5V,Condominium,10,Spadina-Fort York
1155312,STR-2011-GGBDVF,83 Niagara St,,M5V,Townhouse/ Row House,10,Spadina-Fort York
1155313,STR-2011-GPHDVG,251 Jarvis St,1819,M5B,Condominium,13,Toronto Centre
1155314,STR-2011-HVHDVL,14 York St,3904,M5J,Condominium,10,Spadina-Fort York
1155315,STR-2011-FHXRVB,556 Delaware Ave N,,M6H,Single/Semi-detached House,9,Davenport
1155316,STR-2011-FYKRVD,231 Fort York Blvd,2112,M5V,Condominium,10,Spadina-Fort York
1155317,STR-2011-GGRRVF,95 Tamworth Rd,,M2N,Single/Semi-detached House,18,Willowdale
1155318,STR-2011-HVXRVL,10 Clementine Sq,,M1G,Single/Semi-detached House,24,Scarborough-Guildwood
1155319,STR-2011-FRVDVC,50 Russell St,,M5S,Duplex/Triplex/Fourplex,11,University-Rosedale
1155320,STR-2011-JDVDVM,92 Indian Grv,,M6R,Single/Semi-detached House,4,Parkdale-High Park
1155321,STR-2011-GBHDVD,14 York St,6504,M5J,Condominium,10,Spadina-Fort York
1155322,STR-2011-FLKRVB,8 York St,3111,M5J,Condominium,10,Spadina-Fort York
1155323,STR-2011-GSKRVG,40 Hawthorne Rd,,M9R,Single/Semi-detached House,2,Etobicoke Centre
1155324,STR-2011-GZRRVH,14 York St,2605,M5J,Condominium,10,Spadina-Fort York
1155325,STR-2011-HBJKVJ,5 Cross St,,M6J,Single/Semi-detached House,9,Davenport
1155326,STR-2011-HKFXVK,225 Sackville St,606,M5A,Condominium,13,Toronto Centre
1155327,STR-2011-HCQKVJ,300 Front St W,3712,M5V,Condominium,10,Spadina-Fort York
1155328,STR-2011-FGSXVB,14 Alder Rd,,M4B,Single/Semi-detached House,19,Beaches-East York
1155329,STR-2011-GPYXVG,50 Martindale Rd,,M1M,Single/Semi-detached House,20,Scarborough Southwest
1155330,STR-2011-JFLXVM,12 York St,5007,M5J,Condominium,10,Spadina-Fort York
1155331,STR-2011-HHJKVJ,21 Iceboat Ter,3910,M5V,Condominium,10,Spadina-Fort York
1155332,STR-2011-FYPDVD,27 Brock Ave,206,M6K,Condominium,4,Parkdale-High Park
1155333,STR-2011-GSLXVG,12 Ponymeadow Ter,,M1C,Single/Semi-detached House,25,Scarborough-Rouge Park
1155334,STR-2011-JGSXVM,32 Aberdeen Ave,,M4X,Single/Semi-detached House,13,Toronto Centre
1155335,STR-2011-GLPDVG,168 Ingleton Blvd,,M1V,Single/Semi-detached House,23,Scarborough North
1155336,STR-2011-HCBDVJ,400 Avenue Rd,101,M4V,Apartment,12,Toronto-St. Paul's
1155337,STR-2011-HSPDVL,101 Peter St,3908,M5V,Condominium,10,Spadina-Fort York
1155338,STR-2011-GVKRVH,20 John St,1118,M5V,Condominium,10,Spadina-Fort York
1155339,STR-2011-HCRRVJ,8 Newmains Crt,null,M1C,Single/Semi-detached House,25,Scarborough-Rouge Park
1155340,STR-2011-FGVDVB,65 Bremner Blvd,3005,M5J,Condominium,10,Spadina-Fort York
1155341,STR-2011-HTVDVL,215 Fort York Blvd,2407,M5V,Condominium,10,Spadina-Fort York
1155342,STR-2011-HMDRVK,218 Weston Rd,,M6N,Single/Semi-detached House,5,York South-Weston
1155343,STR-2011-JCRRVM,11 Ashby Pl,,M5A,Townhouse/ Row House,13,Toronto Centre
1155344,STR-2011-GQBDVG,155 Yorkville Ave,2001,M5R,Condominium,11,University-Rosedale
1155345,STR-2011-HFPDVJ,33 Wharfside Lane,ground,M1C,Townhouse/ Row House,25,Scarborough-Rouge Park
1155346,STR-2011-FRXRVC,455 Bathurst St,2,M5T,Townhouse/ Row House,11,University-Rosedale
1155347,STR-2011-FZDRVD,26 Stag Hill Dr,bsmt unit,M4B,Single/Semi-detached House,19,Beaches-East York
1155348,STR-2011-FSPDVC,12 York St,4303,M5J,Condominium,10,Spadina-Fort York
1155349,STR-2011-FZVDVD,566 Manning Ave,,M6G,Single/Semi-detached House,11,University-Rosedale
1155350,STR-2011-GRHDVG,142 Earlscourt Ave,,M6E,Single/Semi-detached House,9,Davenport
1155351,STR-2011-HQBDVK,58 Orchard View Blvd,TH07,M4R,Condominium,8,Eglinton-Lawrence
1155352,STR-2011-FKXRVB,87 Pintail Cres,,M3A,Single/Semi-detached House,16,Don Valley East
1155353,STR-2011-GRXRVG,52 Briar Hill Ave,,M4R,Single/Semi-detached House,8,Eglinton-Lawrence
1155354,STR-2011-HHKRVJ,28 Mayland Ave,,M9C,Single/Semi-detached House,2,Etobicoke Centre
1155355,STR-2011-JGDRVM,155 Yorkville Ave,2715,M5R,Condominium,11,University-Rosedale
1155356,STR-2011-FLPDVB,21 Iceboat Ter,1106,M5V,Condominium,10,Spadina-Fort York
1155357,STR-2012-FDYXVB,106 Castle Hill Dr,,M1T,Single/Semi-detached House,22,Scarborough-Agincourt
1155358,STR-2012-GTFXVH,22 Oxford St,,M5T,Single/Semi-detached House,11,University-Rosedale
1155359,STR-2012-FFQKVB,96 Aldwych Ave,,M4J,Single/Semi-detached House,14,Toronto-Danforth
1155360,STR-2012-FWCKVD,62 Dan Leckie Way,TH01,M5V,Townhouse/ Row House,10,Spadina-Fort York
1155361,STR-2012-GMFXVG,210 Victoria St,3006,M5B,Condominium,13,Toronto Centre
1155362,STR-2012-HKYXVK,6 Thyra Ave,Upper Unit,M4C,Duplex/Triplex/Fourplex,19,Beaches-East York
1155363,STR-2012-FXYXVD,151 Dan Leckie Way,1711,M5V,Condominium,10,Spadina-Fort York
1155364,STR-2012-GGFXVF,244 Cottingham St,,M4V,Single/Semi-detached House,12,Toronto-St. Paul's
1155365,STR-2012-HVLXVL,300 Front St W,2106,M5V,Condominium,10,Spadina-Fort York
1155366,STR-2012-FJSXVB,10 Capreol Crt,512,M5V,Condominium,10,Spadina-Fort York
1155367,STR-2012-FRYXVC,13 Berkshire Ave,,M4M,Single/Semi-detached House,14,Toronto-Danforth
1155368,STR-2012-HPLXVK,463 Plains Rd,,M4C,Single/Semi-detached House,19,Beaches-East York
1155369,STR-2012-HWSXVL,29 Mechanic Ave,,M6K,Single/Semi-detached House,9,Davenport
1155370,STR-2012-FSQKVC,101 Peter St,912,M5V,Condominium,10,Spadina-Fort York
1155371,STR-2012-FZWKVD,141 Regina Ave,,M6A,Single/Semi-detached House,8,Eglinton-Lawrence
1155372,STR-2012-GBLXVD,21 Iceboat Ter,632,M5V,Condominium,10,Spadina-Fort York
1155373,STR-2012-HBPDVJ,140 Spruce St,,M5A,Townhouse/ Row House,13,Toronto Centre
1155374,STR-2012-HJVDVK,650 King St W,207,M5V,Condominium,10,Spadina-Fort York
1155375,STR-2012-HSBDVL,33 Massey St,1,M6J,Townhouse/ Row House,10,Spadina-Fort York
1155376,STR-2012-HZHDVM,7 Norfolk St,,M6K,Single/Semi-detached House,9,Davenport
1155377,STR-2012-FFRRVB,20 Rivercrest Rd,,M6S,Single/Semi-detached House,4,Parkdale-High Park
1155378,STR-2012-FWDRVD,8 Charlotte St,2706,M5V,Condominium,10,Spadina-Fort York
1155379,STR-2012-GDKRVF,11 Beresford Ave,,M6S,Single/Semi-detached House,4,Parkdale-High Park
1155380,STR-2012-GLRRVG,10 Beresford Ave,,M6S,Single/Semi-detached House,4,Parkdale-High Park
1155381,STR-2012-HKKRVK,78 Montrose Ave,,M6J,Single/Semi-detached House,11,University-Rosedale
1155382,STR-2012-GFBDVF,49 Oakcrest Ave,,M4C,Single/Semi-detached House,19,Beaches-East York
1155383,STR-2012-GMXRVG,95 Summitcrest Dr,,M9P,Single/Semi-detached House,2,Etobicoke Centre
1155384,STR-2012-FQVDVC,23 Navaho Dr,,M2H,Single/Semi-detached House,17,Don Valley North
1155385,STR-2012-GWVDVH,199 Delta St,,M8W,Single/Semi-detached House,3,Etobicoke-Lakeshore
1155386,STR-2012-HFBDVJ,14 York St,3706,M5J,Condominium,10,Spadina-Fort York
1155387,STR-2012-HVPDVL,320 Richmond St E,1503,M5A,Condominium,13,Toronto Centre
1155388,STR-2012-JDKRVM,63 Innes Ave,,M6E,Single/Semi-detached House,9,Davenport
1155389,STR-2012-FJVDVB,250 Wellington St W,1233,M5V,Condominium,10,Spadina-Fort York
1155390,STR-2012-GQVDVG,2 Waringstown Dr,,M1R,Single/Semi-detached House,21,Scarborough Centre
1155391,STR-2012-HGHDVJ,38 Grenville St,1605,M4Y,Condominium,13,Toronto Centre
1155392,STR-2012-HPPDVK,101 Peter St,3202,M5V,Condominium,10,Spadina-Fort York
1155393,STR-2012-FSRRVC,274 Clinton St,1,M6G,Duplex/Triplex/Fourplex,11,University-Rosedale
1155394,STR-2012-FZXRVD,518 Balliol St,,M4S,Single/Semi-detached House,15,Don Valley West
1155395,STR-2012-FTHDVC,219 Fort York Blvd,2104,M5V,Condominium,10,Spadina-Fort York
1155396,STR-2012-HQVDVK,81 Mulock Ave,,M6N,Single/Semi-detached House,5,York South-Weston
1155397,STR-2012-JGHDVM,1 McMillan Ave,,M1E,Single/Semi-detached House,25,Scarborough-Rouge Park
1155398,STR-2012-GCDRVD,346E Jarvis St,Unit E,M4Y,Townhouse/ Row House,13,Toronto Centre
1155399,STR-2012-GSRRVG,37 EARL ST,,M4Y,Townhouse/ Row House,13,Toronto Centre
1155400,STR-2012-GZXRVH,202 Gilbert Ave,,M6E,Single/Semi-detached House,9,Davenport
1155401,STR-2012-HSCKVL,16 Montrose Ave,,M6J,Single/Semi-detached House,11,University-Rosedale
1155402,STR-2012-HZJKVM,100 Owen Blvd,,M2P,Single/Semi-detached House,15,Don Valley West
1155403,STR-2012-FFSXVB,151 Dan Leckie Way,1036,M5V,Condominium,10,Spadina-Fort York
1155404,STR-2012-GDLXVF,15 Benalto Rd,,M6A,Single/Semi-detached House,8,Eglinton-Lawrence
1155405,STR-2012-HCFXVJ,92 Blackwater Cres,,M1B,Single/Semi-detached House,25,Scarborough-Rouge Park
1155406,STR-2012-HSSXVL,11 Pintail Cres,Main,M3A,Single/Semi-detached House,16,Don Valley East
1155407,STR-2012-FPQKVC,78 Highcroft Rd,,M4L,Single/Semi-detached House,19,Beaches-East York
1155408,STR-2012-HLCKVK,23 Sproat Ave,,M4M,Single/Semi-detached House,14,Toronto-Danforth
1155409,STR-2012-HTJKVL,262 Dunn Ave,,M6K,Single/Semi-detached House,4,Parkdale-High Park
1155410,STR-2012-FYCKVD,12 York St,1211,M5J,Condominium,10,Spadina-Fort York
1155411,STR-2012-HMJKVK,322 St George St,3,M5R,Duplex/Triplex/Fourplex,11,University-Rosedale
1155412,STR-2012-GQFXVG,71 Eaton Ave,,M4J,Single/Semi-detached House,14,Toronto-Danforth
1155413,STR-2012-GXLXVH,155 Yorkville Ave,1413,M5R,Condominium,11,University-Rosedale
1155414,STR-2012-HFSXVJ,95 Bathurst St,225,M5V,Condominium,10,Spadina-Fort York
1155415,STR-2012-GHQKVF,231 Fort York Blvd,716,M5V,Condominium,10,Spadina-Fort York
1155416,STR-2012-GYSXVH,151 Dan Leckie Way,1509,M5V,Condominium,10,Spadina-Fort York
1155417,STR-2012-HHQKVJ,17 Pembroke St,16,M5A,Apartment,13,Toronto Centre
1155418,STR-2012-GKLXVF,313 Murray Ross Pkwy,,M3J,Single/Semi-detached House,7,Humber River-Black Creek
1155419,STR-2012-GZYXVH,477 Richmond St W,910,M5V,Condominium,10,Spadina-Fort York
1155420,STR-2012-HJFXVJ,239 Lauder Ave,,M6E,Single/Semi-detached House,9,Davenport
1155421,STR-2012-FVBHHD,454 Ruth Ave,,M2M,Single/Semi-detached House,18,Willowdale
1155422,STR-2012-GKPHHG,105 George St,808,M5A,Condominium,13,Toronto Centre
1155423,STR-2012-GSVHHH,89 Dunfield Ave,3508,M4S,Condominium,12,Toronto-St. Paul's
1155424,STR-2012-HRPHHL,115 Richmond St E,509,M5C,Condominium,13,Toronto Centre
1155425,STR-2012-GCXVHF,219 Fort York Blvd,2902,M5V,Condominium,10,Spadina-Fort York
1155426,STR-2012-HJXVHK,12 York St,3309,M5J,Condominium,10,Spadina-Fort York
1155427,STR-2012-FPBHHC,8 Wellesley St E,307,M4Y,Condominium,13,Toronto Centre
1155428,STR-2012-GDPHHF,106 Hallam St,Basement,M6H,Townhouse/ Row House,9,Davenport
1155429,STR-2012-GLVHHG,564 Sherbourne St,5,M4X,Apartment,13,Toronto Centre
1155430,STR-2012-GVBHHH,955 Bay St,3803,M5S,Condominium,13,Toronto Centre
1155431,STR-2012-HCHHHJ,47 Major St,,M5S,Duplex/Triplex/Fourplex,11,University-Rosedale
1155432,STR-2012-JBBHHM,204 Rusholme Rd,,M6H,Single/Semi-detached House,9,Davenport
1155433,STR-2012-HTKVHL,37 Fairlawn Ave,,M5M,Single/Semi-detached House,8,Eglinton-Lawrence
1155434,STR-2012-JBRVHM,11 Mitchell Ave,,M6J,Townhouse/ Row House,10,Spadina-Fort York
1155435,STR-2012-HVBHHL,2 Kingsdown Dr,,M1K,Single/Semi-detached House,21,Scarborough Centre
1155436,STR-2012-FQXVHC,14 York St,2806,M5J,Condominium,10,Spadina-Fort York
1155437,STR-2012-GPRVHG,209 Fort York Blvd,355,M5V,Condominium,10,Spadina-Fort York
1155438,STR-2012-GWXVHH,75 Cowan Ave,,M6K,Single/Semi-detached House,4,Parkdale-High Park
1155439,STR-2012-JCXVHM,259 Glebemount Ave,,M4C,Single/Semi-detached House,19,Beaches-East York
1155440,STR-2012-GHBHHF,560 Front St W,528,M5V,Condominium,10,Spadina-Fort York
1155441,STR-2012-GQHHHG,25 Berkham Rd,,M1H,Single/Semi-detached House,24,Scarborough-Guildwood
1155442,STR-2012-HWHHHL,345 St John's Rd,,M6S,Single/Semi-detached House,4,Parkdale-High Park
1155443,STR-2012-FZKVHD,65 Bremner Blvd,4405,M5J,Condominium,10,Spadina-Fort York
1155444,STR-2012-HGKVHJ,150 East Liberty St,2305,M6K,Condominium,10,Spadina-Fort York
1155445,STR-2012-HPRVHK,116 James Park Sq,,M1V,Single/Semi-detached House,23,Scarborough North
1155446,STR-2012-FSVHHC,15 Mozart Ave,,M1K,Single/Semi-detached House,21,Scarborough Centre
1155447,STR-2012-GBBHHD,177 Varsity Rd,,M6S,Duplex/Triplex/Fourplex,4,Parkdale-High Park
1155448,STR-2012-GJHHHF,305 Booth Ave,,M4M,Single/Semi-detached House,14,Toronto-Danforth
1155449,STR-2012-GRPHHG,14 York St,1601,M5J,Condominium,10,Spadina-Fort York
1155450,STR-2012-HQHHHK,12 York St,1607,M5J,Condominium,10,Spadina-Fort York
1155451,STR-2012-FLDVHB,116 Sumach St,Main,M5A,Townhouse/ Row House,13,Toronto Centre
1155452,STR-2012-FTKVHC,49 Burnt Bark Dr,Room one,M1V,Single/Semi-detached House,22,Scarborough-Agincourt
1155453,STR-2012-HHRVHJ,188 Albertus Ave,,M4R,Single/Semi-detached House,8,Eglinton-Lawrence
1155454,STR-2012-HQXVHK,209 Ontario St,Unit B,M5A,Duplex/Triplex/Fourplex,13,Toronto Centre
1155455,STR-2012-FDQPHB,209 Fort York Blvd,1255,M5V,Condominium,10,Spadina-Fort York
1155456,STR-2012-FVCPHD,269 St Clements Ave,,M4R,Single/Semi-detached House,8,Eglinton-Lawrence
1155457,STR-2012-GCJPHF,250 Gerrard St E,,M5A,Townhouse/ Row House,13,Toronto Centre
1155458,STR-2012-GLGBHG,28 Dewitt Rd,,M9B,Single/Semi-detached House,2,Etobicoke Centre
1155459,STR-2012-HSGBHL,224 Lippincott St,,M5S,Single/Semi-detached House,11,University-Rosedale
1155460,STR-2012-HZMBHM,102 Betty Ann Dr,,M2N,Single/Semi-detached House,18,Willowdale
1155461,STR-2012-FGMBHB,16 Cedar Brae Blvd,,M1J,Single/Semi-detached House,21,Scarborough Centre
1155462,STR-2012-GMMBHG,37 Indian Rd,,M6R,Single/Semi-detached House,4,Parkdale-High Park
1155463,STR-2012-FQJPHC,34 Magwood Crt,,M6S,Single/Semi-detached House,4,Parkdale-High Park
1155464,STR-2012-HDQPHJ,140 Simcoe St,512,M5H,Condominium,10,Spadina-Fort York
1155465,STR-2012-HLWPHK,72 St Dunstan Dr,,M1L,Single/Semi-detached House,20,Scarborough Southwest
1155466,STR-2012-JCJPHM,228 Lisgar St,,M6J,Single/Semi-detached House,9,Davenport
1155467,STR-2012-FYGBHD,300 Front St W,2706,M5V,Condominium,10,Spadina-Fort York
1155468,STR-2012-FJJPHB,18 Timothy Crt,,M9P,Single/Semi-detached House,2,Etobicoke Centre
1155469,STR-2012-GBTBHD,105 Pauline Ave,,M6H,Single/Semi-detached House,9,Davenport
1155470,STR-2012-GJZBHF,11 Keyworth Trl,,M1S,Single/Semi-detached House,23,Scarborough North
1155471,STR-2012-HYXVHM,202 Kenilworth Ave,,M4L,Duplex/Triplex/Fourplex,19,Beaches-East York
1155472,STR-2012-HSXVHL,44 Lippincott St,Lower,M5T,Single/Semi-detached House,11,University-Rosedale
1155473,STR-2012-HTPHHL,55 Bremner Blvd,3103,M5J,Condominium,10,Spadina-Fort York
1155474,STR-2012-GWKVHH,837 Ossington Ave,Basement,M6G,Single/Semi-detached House,11,University-Rosedale
1155475,STR-2012-HVDVHL,188 Scarborough Rd,,M4E,Single/Semi-detached House,19,Beaches-East York
1155476,STR-2012-FRBHHC,300 Front St W,2711,M5V,Condominium,10,Spadina-Fort York
1155477,STR-2012-GPVHHG,300 Front St W,2509,M5V,Condominium,10,Spadina-Fort York
1155478,STR-2012-HMPHHK,42 Bright St,,M5A,Townhouse/ Row House,13,Toronto Centre
1155479,STR-2012-HWKVHL,20 John St,624,M5V,Condominium,10,Spadina-Fort York
1155480,STR-2012-FKBHHB,742 Gerrard St E,,M4M,Single/Semi-detached House,14,Toronto-Danforth
1155481,STR-2012-FZPHHD,29 Rathnelly Ave,,M4V,Single/Semi-detached House,12,Toronto-St. Paul's
1155482,STR-2012-HPVHHK,199 Ontario St,,M5A,Single/Semi-detached House,13,Toronto Centre
1155483,STR-2012-FKRVHB,3 Fenwick Ave,,M4K,Single/Semi-detached House,14,Toronto-Danforth
1155484,STR-2012-GBVHHD,70 Brookside Dr,,M4E,Single/Semi-detached House,19,Beaches-East York
1155485,STR-2012-HRBHHK,43 Glen Belle Cres,,M6A,Single/Semi-detached House,8,Eglinton-Lawrence
1155486,STR-2012-GKTBHG,13 Trefann St,,M5A,Townhouse/ Row House,13,Toronto Centre
1155487,STR-2012-HBGBHJ,106B Pitt Ave,,M1L,Single/Semi-detached House,20,Scarborough Southwest
1155488,STR-2012-FMQPHC,36 Bayard Ave,,M1R,Single/Semi-detached House,21,Scarborough Centre
1155489,STR-2012-GLJPHG,278 Prince Edward Dr S,,M8Y,Single/Semi-detached House,3,Etobicoke-Lakeshore
1155490,STR-2012-HKCPHK,38 Elm St,2910,M5G,Condominium,11,University-Rosedale
1155491,STR-2012-HZQPHM,105 George St,1813,M5A,Condominium,13,Toronto Centre
1155492,STR-2012-JBGBHM,4 Forest Laneway,2507,M2N,Apartment,18,Willowdale
1155493,STR-2012-FXCPHD,151 Dan Leckie Way,940,M5V,Condominium,10,Spadina-Fort York
1155494,STR-2012-GVWPHH,300 Front St W,3205,M5V,Condominium,10,Spadina-Fort York
1155495,STR-2012-HDCPHJ,62 Northfield Rd,,M1G,Single/Semi-detached House,24,Scarborough-Guildwood
1155496,STR-2012-HTQPHL,55 Bremner Blvd,1203,M5J,Condominium,10,Spadina-Fort York
1155497,STR-2012-FHWPHB,12 Waterbridge Way,,M1C,Single/Semi-detached House,25,Scarborough-Rouge Park
1155498,STR-2012-FRCPHC,209 Fort York Blvd,681,M5V,Condominium,10,Spadina-Fort York
1155499,STR-2012-HFJPHJ,3 Pembroke St,5,M5A,Townhouse/ Row House,13,Toronto Centre
1155500,STR-2012-HVWPHL,35 Montgomery Ave,,M4R,Single/Semi-detached House,8,Eglinton-Lawrence
1155501,STR-2012-HPGBHK,101 Peter St,409,M5V,Condominium,10,Spadina-Fort York
1155502,STR-2012-GJMBHF,78 Harrison Garden Blvd,1804,M2N,Condominium,18,Willowdale
1155503,STR-2012-HHGBHJ,30 Shannon St,,M6J,Single/Semi-detached House,9,Davenport
1155504,STR-2012-GKCPHF,11 Ingleton Blvd,,M1V,Single/Semi-detached House,23,Scarborough North
1155505,STR-2012-HTRVHL,1960 Davenport Rd,1,M6N,Apartment,9,Davenport
1155506,STR-2012-HYJPHL,33 Mystic Ave,,M1L,Single/Semi-detached House,20,Scarborough Southwest
1155507,STR-2012-GLKVHG,59 High Park Blvd,Main Floor/Basement,M6R,Single/Semi-detached House,4,Parkdale-High Park
1155508,STR-2012-GDVHHF,98 Lillian St,1720,M4S,Condominium,12,Toronto-St. Paul's
1155509,STR-2012-HKVHHK,261 Dovercourt Rd,,M6J,Single/Semi-detached House,10,Spadina-Fort York
1155510,STR-2012-FQPHHC,20 John St,822,M5V,Condominium,10,Spadina-Fort York
1155511,STR-2012-FYKVHD,50 Forest Manor Rd,301,M2J,Condominium,17,Don Valley North
1155512,STR-2012-GGRVHF,69 Lynn Williams St,413,M6K,Condominium,10,Spadina-Fort York
1155513,STR-2012-HFKVHJ,35 Mariner Ter,4810,M5V,Condominium,10,Spadina-Fort York
1155514,STR-2012-FRVHHC,113 Glen Springs Dr,,M1W,Single/Semi-detached House,22,Scarborough-Agincourt
1155515,STR-2012-GYKVHH,139 Golfview Ave,,M4E,Single/Semi-detached House,19,Beaches-East York
1155516,STR-2012-GJPHHF,130 Warden Ave,,M1N,Single/Semi-detached House,20,Scarborough Southwest
1155517,STR-2012-HHHHHJ,209 Indian Road Cres,,M6P,Single/Semi-detached House,4,Parkdale-High Park
1155518,STR-2012-HHXVHJ,67 Chester Ave,,M4K,Single/Semi-detached House,14,Toronto-Danforth
1155519,STR-2012-HYKVHL,65 Dempster St,,M1T,Single/Semi-detached House,22,Scarborough-Agincourt
1155520,STR-2012-FDWPHB,59 Grandview Ave,,M4K,Single/Semi-detached House,14,Toronto-Danforth
1155521,STR-2012-HRWPHL,17 Pembroke St,40,M5A,Townhouse/ Row House,13,Toronto Centre
1155522,STR-2012-GTTBHH,500 Sherbourne St,1808,M4X,Condominium,13,Toronto Centre
1155523,STR-2012-HBZBHJ,62 Twenty Fourth St,,M8V,Single/Semi-detached House,3,Etobicoke-Lakeshore
1155524,STR-2012-FGCPHB,3 Sheridan Ave,Upper,M6K,Townhouse/ Row House,9,Davenport
1155525,STR-2012-FWQPHD,162 Cabana Dr,,M9L,Single/Semi-detached House,7,Humber River-Black Creek
1155526,STR-2012-GDWPHF,645 Bathurst St,,M5S,Duplex/Triplex/Fourplex,11,University-Rosedale
1155527,STR-2012-GMCPHG,317 Salem Ave,,M6H,Single/Semi-detached House,9,Davenport
1155528,STR-2012-FHJPHB,39 Miller St,,M6N,Single/Semi-detached House,9,Davenport
1155529,STR-2012-GPJPHG,300 Front St W,1904,M5V,Condominium,10,Spadina-Fort York
1155530,STR-2012-GWQPHH,21 Iceboat Terr,2501,M5V,Condominium,10,Spadina-Fort York
1155531,STR-2012-HVJPHL,38 Grenville St,4306,M4Y,Condominium,13,Toronto Centre
1155532,STR-2012-HMTBHK,14 Stamford Sq N,Main Floor,M1L,Single/Semi-detached House,20,Scarborough Southwest
1155533,STR-2012-JDGBHM,65 Jefferson Ave,303,M6K,Apartment,10,Spadina-Fort York
1155534,STR-2012-FJQPHB,310 Beresford Ave,,M6S,Single/Semi-detached House,4,Parkdale-High Park
1155535,STR-2012-GHJPHF,20 John St,819,M5V,Condominium,10,Spadina-Fort York
1155536,STR-2012-HGCPHJ,345 Clinton St,,M6G,Single/Semi-detached House,11,University-Rosedale
1155537,STR-2012-JDWPHM,521 Jones Ave,Basement,M4J,Apartment,14,Toronto-Danforth
1155538,STR-2012-FKGBHB,521 Jones Ave,,M4J,Single/Semi-detached House,14,Toronto-Danforth
1155539,STR-2012-GHZBHF,457 Shuter St,,M5A,Townhouse/ Row House,13,Toronto Centre
1155540,STR-2012-GYMBHH,300 Front St W,404,M5V,Condominium,10,Spadina-Fort York
1155541,STR-2012-GRWPHG,112 George St,201,M5A,Condominium,13,Toronto Centre
1155542,STR-2012-HQQPHK,114 Beverley St,Upper,M5T,Single/Semi-detached House,10,Spadina-Fort York
1155543,STR-2012-HHZBHJ,20 John St,922,M5V,Condominium,10,Spadina-Fort York
1155544,STR-2012-GTVHHH,93 Glenholme Ave,Unit 1,M6H,Duplex/Triplex/Fourplex,9,Davenport
1155545,STR-2012-FWRVHD,101 Lomar Dr,,M3N,Single/Semi-detached House,7,Humber River-Black Creek
1155546,STR-2012-FXHHHD,169 Randolph Rd,,M4G,Single/Semi-detached House,15,Don Valley West
1155547,STR-2012-JCBHHM,200 McKee Ave,,M2N,Single/Semi-detached House,18,Willowdale
1155548,STR-2012-FHKVHB,152 Clinton St,2,M6G,Duplex/Triplex/Fourplex,11,University-Rosedale
1155549,STR-2012-FXXVHD,42 Lester Ave,,M6M,Single/Semi-detached House,5,York South-Weston
1155550,STR-2012-HVKVHL,5 Sheppard Ave E,4118,M2N,Condominium,18,Willowdale
1155551,STR-2012-FRHHHC,220 Dairy Dr,,M1L,Townhouse/ Row House,20,Scarborough Southwest
1155552,STR-2012-GGVHHF,14 York St,3309,M5J,Condominium,10,Spadina-Fort York
1155553,STR-2012-HMVHHK,153 Marlborough Pl,,M5R,Duplex/Triplex/Fourplex,11,University-Rosedale
1155554,STR-2012-HGVHHJ,149 Pearson Ave,,M6R,Single/Semi-detached House,4,Parkdale-High Park
1155555,STR-2012-HQBHHK,118 Seventh St,,M8V,Single/Semi-detached House,3,Etobicoke-Lakeshore
1155556,STR-2012-GBKVHD,72 Riverdale Ave,Main,M4K,Single/Semi-detached House,14,Toronto-Danforth
1155557,STR-2012-HHKVHJ,156 Sorauren Ave,North entrance,M6R,Single/Semi-detached House,4,Parkdale-High Park
1155558,STR-2012-HQRVHK,58 Aquila Crt,,M9W,Single/Semi-detached House,1,Etobicoke North
1155559,STR-2012-HYPHHL,55 Thorncliffe Ave,Basement,M4K,Duplex/Triplex/Fourplex,14,Toronto-Danforth
1155560,STR-2012-FVMBHD,14 York St,2101,M5J,Condominium,10,Spadina-Fort York
1155561,STR-2012-GCTBHF,58 Massey St,2nd Floor,M6J,Townhouse/ Row House,10,Spadina-Fort York
1155562,STR-2012-GKZBHG,205 Dovercourt Rd,,M6J,Townhouse/ Row House,10,Spadina-Fort York
1155563,STR-2012-HZWPHM,71 Ashbourne Dr,,M9B,Single/Semi-detached House,2,Etobicoke Centre
1155564,STR-2012-FWTBHD,72 Henry St,,M5T,Single/Semi-detached House,11,University-Rosedale
1155565,STR-2012-HCTBHJ,14 York St,907,M5J,Condominium,10,Spadina-Fort York
1155566,STR-2012-HTGBHL,389 King St W,2,M5V,Apartment,10,Spadina-Fort York
1155567,STR-2012-FQCPHC,500 Annette St,,M6P,Single/Semi-detached House,4,Parkdale-High Park
1155568,STR-2012-FJCPHB,363 Concord Ave,,M6H,Single/Semi-detached House,9,Davenport
1155569,STR-2012-FYQPHD,577 Bathurst St,,M5S,Duplex/Triplex/Fourplex,11,University-Rosedale
1155570,STR-2012-HFQPHJ,24 Galley Ave,,M6R,Single/Semi-detached House,4,Parkdale-High Park
1155571,STR-2012-FRZBHC,500 Doris Ave,2522,M2N,Condominium,18,Willowdale
1155572,STR-2012-GXZBHH,38 Monte Kwinter Crt,1004,M3H,Condominium,6,York Centre
1155573,STR-2012-JDZBHM,26 Pineslope Cres,,M1E,Single/Semi-detached House,24,Scarborough-Guildwood
1155574,STR-2012-FZWPHD,150 Yarmouth Rd,,M6G,Single/Semi-detached House,11,University-Rosedale
1155575,STR-2012-FTGBHC,165 Atlas Ave,Upper,M6C,Single/Semi-detached House,12,Toronto-St. Paul's
1155576,STR-2012-GRZBHG,60 Woodbine Ave,,M4L,Townhouse/ Row House,19,Beaches-East York
1155577,STR-2012-HXZBHL,117 Harrison St,,M6J,Townhouse/ Row House,9,Davenport
1155578,STR-2012-FVPHHD,101 Gladstone Ave,2,M6J,Single/Semi-detached House,9,Davenport
1155579,STR-2012-GLBHHG,143 Parkmount Rd,Upper,M4J,Single/Semi-detached House,14,Toronto-Danforth
1155580,STR-2012-HBPHHJ,9 Bralorne Cres,,M6S,Single/Semi-detached House,4,Parkdale-High Park
1155581,STR-2012-FMXVHC,30 Nelson St,907,M5V,Condominium,10,Spadina-Fort York
1155582,STR-2012-HCDVHJ,512 Euclid Ave,3,M6G,Duplex/Triplex/Fourplex,11,University-Rosedale
1155583,STR-2012-HSRVHL,60 Gloucester St,204,M4Y,Apartment,13,Toronto Centre
1155584,STR-2012-HZXVHM,56 Touraine Ave,,M3H,Single/Semi-detached House,6,York Centre
1155585,STR-2012-GVPHHH,2 Bellevue Ave,,M5T,Single/Semi-detached House,11,University-Rosedale
1155586,STR-2012-HDKVHJ,537 Palmerston Blvd,1,M6G,Duplex/Triplex/Fourplex,11,University-Rosedale
1155587,STR-2012-HTXVHL,2582 Keele St,,M6L,Single/Semi-detached House,5,York South-Weston
1155588,STR-2012-FHPHHB,400 St Germain Ave,,M5M,Single/Semi-detached House,8,Eglinton-Lawrence
1155589,STR-2012-JFBHHM,24 Grandview Ave,,M4K,Single/Semi-detached House,14,Toronto-Danforth
1155590,STR-2012-FZXVHD,38 Western Battery Rd,618,M6K,Townhouse/ Row House,10,Spadina-Fort York
1155591,STR-2012-GYRVHH,97 Lankin Blvd,,M4J,Single/Semi-detached House,14,Toronto-Danforth
1155592,STR-2012-GSBHHG,122 Eaton Ave,,M4J,Single/Semi-detached House,14,Toronto-Danforth
1155593,STR-2012-HQVHHK,35 Yardley Ave,,M4B,Single/Semi-detached House,19,Beaches-East York
1155594,STR-2101-HYRVHL,60 Eaton Ave,,M4J,Single/Semi-detached House,14,Toronto-Danforth
1155595,STR-2101-GCWPHF,173 Belsize Dr,,M4S,Single/Semi-detached House,12,Toronto-St. Paul's
1155596,STR-2101-FFTBHB,872 Sheppard Ave W,203,M3H,Condominium,6,York Centre
1155597,STR-2101-FWWPHD,223 Renforth Dr,,M9C,Single/Semi-detached House,2,Etobicoke Centre
1155598,STR-2101-JBQPHM,83 Oakridge Dr,,M1M,Single/Semi-detached House,20,Scarborough Southwest
1155599,STR-2101-FGZBHB,21 Iceboat Ter,3801,M5V,Condominium,10,Spadina-Fort York
1155600,STR-2101-HDMBHJ,140 Margueretta St,,M6H,Townhouse/ Row House,9,Davenport
1155601,STR-2101-FDPKVB,451 Queen St E,,M5A,Townhouse/ Row House,13,Toronto Centre
1155602,STR-2101-HFCPHJ,241 Brunswick Ave,house upstairs,M5S,Single/Semi-detached House,11,University-Rosedale
1155603,STR-2101-GQGBHG,20 Fourth St,,M5J,Single/Semi-detached House,10,Spadina-Fort York
1155604,STR-2101-FSCPHC,122 Kendal Ave,B,M5R,Duplex/Triplex/Fourplex,11,University-Rosedale
1155605,STR-2101-FZJPHD,215 Fort York Blvd,307,M5V,Condominium,10,Spadina-Fort York
1155606,STR-2101-GYCPHH,109 Walnut Ave,Main,M5V,Duplex/Triplex/Fourplex,10,Spadina-Fort York
1155607,STR-2101-FZZBHD,352 Front St W,1602,M5V,Condominium,10,Spadina-Fort York
1155608,STR-2101-GBQPHD,10 Kintyre Ave,,M4M,Single/Semi-detached House,14,Toronto-Danforth
1155609,STR-2101-FTZBHC,164 Wellesworth Dr,,M9C,Single/Semi-detached House,2,Etobicoke Centre
1155610,STR-2101-GCGBHD,673 Carlaw Ave,,M4K,Single/Semi-detached House,14,Toronto-Danforth
1155611,STR-2101-HYTBHL,59 Balmoral Ave,,M4V,Single/Semi-detached House,12,Toronto-St. Paul's
1155612,STR-2101-FLVKVC,848 Shaw St,,M6G,Single/Semi-detached House,11,University-Rosedale
1155613,STR-2101-HBBKVJ,30 Sabrina Dr,1,M9R,Single/Semi-detached House,2,Etobicoke Centre
1155614,STR-2101-FVRXVD,367 Euclid Ave,,M6J,Single/Semi-detached House,11,University-Rosedale
1155615,STR-2101-GCXXVF,769 Lansdowne Ave,,M6H,Single/Semi-detached House,9,Davenport
1155616,STR-2101-HSDXVL,9 Robinson St,,M6J,Townhouse/ Row House,10,Spadina-Fort York
1155617,STR-2101-FWHKVD,3 Bolger Pl,3,M9W,Single/Semi-detached House,1,Etobicoke North
1155618,STR-2101-HCHKVJ,116 Rosemount Ave,,M9N,Single/Semi-detached House,5,York South-Weston
1155619,STR-2101-FGKXVB,11 Eldon Ave,,M4C,Single/Semi-detached House,19,Beaches-East York
1155620,STR-2101-FWXXVD,9 Meaford Ave,B,M8V,Single/Semi-detached House,3,Etobicoke-Lakeshore
1155621,STR-2101-FQHKVC,155 Yorkville Ave,504,M5R,Condominium,11,University-Rosedale
1155622,STR-2101-GPBKVG,41 Derwyn Rd,,M4J,Single/Semi-detached House,14,Toronto-Danforth
1155623,STR-2101-HDPKVJ,41 Huntley St,1,M4Y,Single/Semi-detached House,13,Toronto Centre
1155624,STR-2101-HVBKVL,112 Winchester St,,M4X,Duplex/Triplex/Fourplex,13,Toronto Centre
1155625,STR-2101-GWXXVH,1267 Woodbine Ave,Back Entrance,M4C,Duplex/Triplex/Fourplex,19,Beaches-East York
1155626,STR-2101-JDPKVM,168 Wincott Dr,,M9R,Single/Semi-detached House,2,Etobicoke Centre
1155627,STR-2101-FSDXVC,40 Whitehall Rd,Lower Suite,M4W,Duplex/Triplex/Fourplex,11,University-Rosedale
1155628,STR-2101-FSVKVC,675 Queen St W,2,M6J,Apartment,10,Spadina-Fort York
1155629,STR-2101-GBBKVD,300 Front St W,1106,M5V,Condominium,10,Spadina-Fort York
1155630,STR-2101-GRPKVG,2 Parkcrest Dr,,M1M,Single/Semi-detached House,20,Scarborough Southwest
1155631,STR-2101-HYDXVL,529 Woodbine Ave,,M4E,Single/Semi-detached House,19,Beaches-East York
1155632,STR-2101-JGKXVM,14 York St,504,M5J,Condominium,10,Spadina-Fort York
1155633,STR-2101-HYWRVM,300 Front St W,2810,M5V,Condominium,10,Spadina-Fort York
1155634,STR-2101-HJZDVK,114 Claremore Ave,,M1N,Single/Semi-detached House,20,Scarborough Southwest
1155635,STR-2101-GMMDVG,4 Forest Laneway,2501,M2N,Apartment,18,Willowdale
1155636,STR-2101-HLGDVK,118 Northland Ave,,M6N,Single/Semi-detached House,5,York South-Weston
1155637,STR-2101-HDQRVJ,68 Grangeway Ave,1910,M1H,Condominium,24,Scarborough-Guildwood
1155638,STR-2101-FQZDVC,109 Northcliffe Blvd,,M6E,Single/Semi-detached House,9,Davenport
1155639,STR-2101-GPTDVG,23 Beresford Ave,,M6S,Apartment,4,Parkdale-High Park
1155640,STR-2101-HVTDVL,163 Clifton Ave,,M3H,Single/Semi-detached House,6,York Centre
1155641,STR-2101-GYGDVH,888 Queen St W,Upper,M6J,Duplex/Triplex/Fourplex,10,Spadina-Fort York
1155642,STR-2101-HBDXVJ,210 Victoria St,2803,M5B,Condominium,13,Toronto Centre
1155643,STR-2101-HJKXVK,219 Fort York Blvd,1401,M5V,Condominium,10,Spadina-Fort York
1155644,STR-2101-FWKXVD,88 Prust Ave,,M4L,Single/Semi-detached House,14,Toronto-Danforth
1155645,STR-2101-HSXXVL,155 Yorkville Ave,1410,M5R,Condominium,11,University-Rosedale
1155646,STR-2101-JBDXVM,621 Hillsdale Ave E,,M4S,Single/Semi-detached House,15,Don Valley West
1155647,STR-2101-FHDXVB,17 Osler St,,M6P,Single/Semi-detached House,9,Davenport
1155648,STR-2101-HDRXVJ,325 Bogert Ave,Unit 152,M2N,Apartment,18,Willowdale
1155649,STR-2101-HWKXVL,300 Front St W,3209,M5V,Condominium,10,Spadina-Fort York
1155650,STR-2101-GYHKVH,300 Front St W,3711,M5V,Condominium,10,Spadina-Fort York
1155651,STR-2101-GRRXVG,20 Page St.,,M6G,Duplex/Triplex/Fourplex,11,University-Rosedale
1155652,STR-2101-GKBKVF,37 Grosvenor St,3409,M4Y,Condominium,13,Toronto Centre
1155653,STR-2101-JGPKVM,1052 Queen St W,Penthouse,M6J,Apartment,10,Spadina-Fort York
1155654,STR-2102-FVWRVD,155 Yorkville Ave,705,M5R,Condominium,11,University-Rosedale
1155655,STR-2102-GDTDVF,240 Lauder Ave,,M6E,Single/Semi-detached House,9,Davenport
1155656,STR-2102-HSZDVL,15 Sheridan Ave,,M6K,Townhouse/ Row House,9,Davenport
1155657,STR-2102-FPWRVC,240 Ashworth Ave,Lower Unit,M6G,Single/Semi-detached House,12,Toronto-St. Paul's
1155658,STR-2102-HTQRVL,419 Montrose Ave,basement,M6G,Duplex/Triplex/Fourplex,11,University-Rosedale
1155659,STR-2102-HLZDVK,18 Laburnham Ave,,M8V,Single/Semi-detached House,3,Etobicoke-Lakeshore
1155660,STR-2102-FHWRVB,55 Bremner Blvd,4706,M5J,Condominium,10,Spadina-Fort York
1155661,STR-2211-GMJDVG,189 Cowan Ave,2,M6K,Duplex/Triplex/Fourplex,4,Parkdale-High Park
1155662,STR-2102-GXCRVH,270 Wellington St W,1017,M5V,Condominium,10,Spadina-Fort York
1155663,STR-2102-HVWRVL,215 Fort York Blvd,1803,M5V,Condominium,10,Spadina-Fort York
1155664,STR-2102-FRTDVC,300 Front St W,2107,M5V,Condominium,10,Spadina-Fort York
1155665,STR-2102-FYZDVD,105 George St,5,M5A,Condominium,13,Toronto Centre
1155666,STR-2102-JDTDVM,58 Parkway Ave,,M6R,Single/Semi-detached House,4,Parkdale-High Park
1155667,STR-2211-GZJDVH,73 Chelsea Ave,Upper,M6P,Duplex/Triplex/Fourplex,4,Parkdale-High Park
1155668,STR-2102-HXTDVL,402 O'Connor Dr,,M4J,Single/Semi-detached House,14,Toronto-Danforth
1155669,STR-2102-GBWRVD,107 Massey St,3,M6J,Single/Semi-detached House,10,Spadina-Fort York
1155670,STR-2102-GLKXVG,369 Shuter St,2,M5A,Townhouse/ Row House,13,Toronto Centre
1155671,STR-2102-GTRXVH,101 Peter Street,1001,M5V,Condominium,10,Spadina-Fort York
1155672,STR-2102-GMBKVG,2 Eva Rd,2623,M9C,Condominium,2,Etobicoke Centre
1155673,STR-2102-GMRXVG,438 Richmond St W,918,M5V,Condominium,10,Spadina-Fort York
1155674,STR-2102-HTRXVL,76 Dupont St,A,M5R,Single/Semi-detached House,11,University-Rosedale
1155675,STR-2102-GGBKVF,170 Major St,,M5S,Single/Semi-detached House,11,University-Rosedale
1155676,STR-2102-FYKXVD,165 Clifton Ave,,M3H,Single/Semi-detached House,6,York Centre
1155677,STR-2102-GGRXVF,10 Avalon Ave,Main,M6N,Single/Semi-detached House,5,York South-Weston
1155678,STR-2103-GPXXVG,6 Eva Rd,1410,M9C,Condominium,2,Etobicoke Centre
1155679,STR-2103-HMRXVK,560 Front St W,420,M5V,Condominium,10,Spadina-Fort York
1155680,STR-2103-GRDXVG,560 Front St W,632,M5V,Condominium,10,Spadina-Fort York
1155681,STR-2103-FKVKVB,507 Queen St W,2,M5V,Apartment,10,Spadina-Fort York
1155682,STR-2103-GKDXVF,12 York St,709,M5J,Condominium,10,Spadina-Fort York
1155683,STR-2103-FDWRVB,45 Baybrook Cres,,M1H,Single/Semi-detached House,24,Scarborough-Guildwood
1155684,STR-2103-FMCRVC,83 Trethewey Dr,Main,M6M,Single/Semi-detached House,5,York South-Weston
1155685,STR-2103-FVJRVD,300 Front St W,2404,M5V,Condominium,10,Spadina-Fort York
1155686,STR-2211-FPQDVC,32 Lloyd George Ave,,M8W,Single/Semi-detached House,3,Etobicoke-Lakeshore
1155687,STR-2211-GVQDVH,30 Nelson St,3406,M5V,Condominium,10,Spadina-Fort York
1155688,STR-2211-HTJDVL,120 Dundalk Dr,407,M1P,Condominium,21,Scarborough Centre
1155689,STR-2211-FQFRVC,300 Front St W,1607,M5V,Condominium,10,Spadina-Fort York
1155690,STR-2211-FXLRVD,119 Hallam St,Laneway,M6H,Single/Semi-detached House,9,Davenport
1155691,STR-2211-FQWDVC,250 Wellington St W,1244,M5V,Condominium,10,Spadina-Fort York
1155692,STR-2211-GGJDVF,24 Carmichael Ave,,M5M,Single/Semi-detached House,8,Eglinton-Lawrence
1155693,STR-2211-GPQDVG,11 Prust Ave,,M4L,Single/Semi-detached House,14,Toronto-Danforth
1155694,STR-2211-HMJDVK,2 Sonic Way,2410,M3C,Condominium,16,Don Valley East
1155695,STR-2211-FJFRVB,65 Bremner Blvd,3708,M5J,Apartment,10,Spadina-Fort York
1155696,STR-2211-GXLRVH,210 Victoria St,4108,M5B,Condominium,13,Toronto Centre
1155697,STR-2211-HWFRVL,39 Hill Cres,,M1M,Single/Semi-detached House,24,Scarborough-Guildwood
1155698,STR-2211-FJWDVB,20 Windham Dr,,M2K,Single/Semi-detached House,17,Don Valley North
1155699,STR-2211-FSCDVC,19 Waringstown Dr,,M1R,Single/Semi-detached House,21,Scarborough Centre
1155700,STR-2211-GYCDVH,55 Ann O'Reilly Rd,11,M2J,Condominium,17,Don Valley North
1155701,STR-2211-HGJDVJ,36 Chicora Ave,,M5R,Single/Semi-detached House,11,University-Rosedale
1155702,STR-2211-FKLRVB,219 Fort York Blvd,2702,M5V,Condominium,10,Spadina-Fort York
1155703,STR-2211-FZYRVD,57 Glenridge Rd,,M1M,Single/Semi-detached House,20,Scarborough Southwest
1155704,STR-2211-GJFRVF,359 Brock Ave,A,M6H,Duplex/Triplex/Fourplex,9,Davenport
1155705,STR-2211-GRLRVG,256 Brock Ave,,M6K,Townhouse/ Row House,9,Davenport
1155706,STR-2211-HQFRVK,21 Grand Magazine St,1907,M5V,Condominium,10,Spadina-Fort York
1155707,STR-2211-JFSRVM,137 Chisholm Ave,,M4C,Single/Semi-detached House,19,Beaches-East York
1155708,STR-2211-GJWDVF,55 Regent St,13,M5A,Townhouse/ Row House,13,Toronto Centre
1155709,STR-2211-GSCDVG,20 Shore Breeze Dr,210,M8V,Condominium,3,Etobicoke-Lakeshore
1155710,STR-2211-HQWDVK,151 Dan Leckie Way,943,M5V,Condominium,10,Spadina-Fort York
1155711,STR-2211-GCFRVD,336 Berkeley St,,M5A,Single/Semi-detached House,13,Toronto Centre
1155712,STR-2211-GZYRVH,300 Front St W,4003,M5V,Condominium,10,Spadina-Fort York
1155713,STR-2211-HYSRVL,1096 Warden Ave,B,M1R,Single/Semi-detached House,21,Scarborough Centre
1155714,STR-2211-HZKKVM,357 Margueretta St,,M6H,Single/Semi-detached House,9,Davenport
1155715,STR-2211-FFTXVB,96 Chipwood Cres,,M2J,Duplex/Triplex/Fourplex,17,Don Valley North
1155716,STR-2211-GLTXVG,451 Shuter St,Lower,M5A,Duplex/Triplex/Fourplex,13,Toronto Centre
1155717,STR-2211-GTZXVH,54 Major St,1,M5S,Single/Semi-detached House,11,University-Rosedale
1155718,STR-2211-HSTXVL,381 Murray Ross Pkwy,,M3J,Single/Semi-detached House,7,Humber River-Black Creek
1155719,STR-2211-FGKKVB,38 Laughton Ave,1,M6N,Duplex/Triplex/Fourplex,9,Davenport
1155720,STR-2211-FWXKVD,1 Sunderland Cres,,M1H,Single/Semi-detached House,24,Scarborough-Guildwood
1155721,STR-2211-HCXKVJ,98 Lillian St,712,M4S,Condominium,12,Toronto-St. Paul's
1155722,STR-2211-FXMXVD,19 Bourdon Ave,,M6L,Single/Semi-detached House,5,York South-Weston
1155723,STR-2211-GMZXVG,833 King St W,303,M5V,Condominium,10,Spadina-Fort York
1155724,STR-2211-HDMXVJ,140 Simcoe St,1411,M5H,Condominium,10,Spadina-Fort York
1155725,STR-2211-HLTXVK,62 Russfax Dr,,M2R,Single/Semi-detached House,6,York Centre
1155726,STR-2211-FYDKVD,560 Front St W,931,M5V,Condominium,10,Spadina-Fort York
1155727,STR-2211-GGKKVF,92 Marchmount Rd,,M6G,Single/Semi-detached House,12,Toronto-St. Paul's
1155728,STR-2211-GWXKVH,1409 King St W,1,M6K,Duplex/Triplex/Fourplex,4,Parkdale-High Park
1155729,STR-2211-HFDKVJ,300 Front St W,1108,M5V,Condominium,10,Spadina-Fort York
1155730,STR-2211-HMKKVK,7 Ennerdale Rd,,M6E,Single/Semi-detached House,9,Davenport
1155731,STR-2211-FJGXVB,20B Vanbrugh Ave,,M1N,Single/Semi-detached House,20,Scarborough Southwest
1155732,STR-2211-FRMXVC,1209 Queen St E,15,M4M,Townhouse/ Row House,14,Toronto-Danforth
1155733,STR-2211-GQGXVG,56 Cedarvale Ave,,M4C,Single/Semi-detached House,19,Beaches-East York
1155734,STR-2211-HWGXVL,456 Queen St W,2,M5V,Apartment,10,Spadina-Fort York
1155735,STR-2211-FSDKVC,215 Fort York Blvd,712,M5V,Condominium,10,Spadina-Fort York
1155736,STR-2211-FZKKVD,43 Ryerson Ave,2,M5T,Single/Semi-detached House,10,Spadina-Fort York
1155737,STR-2211-GYDKVH,1558 Queen St E,2,M4L,Apartment,14,Toronto-Danforth
1155738,STR-2211-HGKKVJ,284 Poyntz Ave,,M2N,Single/Semi-detached House,18,Willowdale
1155739,STR-2211-FZZXVD,182 Coleman Ave,Main,M4C,Duplex/Triplex/Fourplex,19,Beaches-East York
1155740,STR-2211-GRMXVG,31 Dempster St,,M1T,Single/Semi-detached House,22,Scarborough-Agincourt
1155741,STR-2211-GYTXVH,50 Aberdeen Ave,,M4X,Townhouse/ Row House,13,Toronto Centre
1155742,STR-2211-HQGXVK,270 Wellington St W,903,M5V,Condominium,10,Spadina-Fort York
1155743,STR-2211-HXMXVL,477 Wilson Heights Blvd,,M3H,Single/Semi-detached House,6,York Centre
1155744,STR-2211-JFTXVM,12 York St,5002,M5J,Condominium,10,Spadina-Fort York
1155745,STR-2211-GJXKVF,109 Connolly St,Main,M6N,Single/Semi-detached House,9,Davenport
1155746,STR-2211-GSDKVG,101 Peter St,1702,M5V,Condominium,10,Spadina-Fort York
1155747,STR-2211-GZKKVH,126 Simcoe St,1907,M5H,Condominium,10,Spadina-Fort York
1155748,STR-2211-JGKKVM,47 Woburn Ave,,M5M,Single/Semi-detached House,8,Eglinton-Lawrence
1155749,STR-2211-GCGXVD,30 Grand Trunk Cres,3703,M5J,Condominium,10,Spadina-Fort York
1155750,STR-2211-GSTXVG,424 Clendenan Ave,,M6P,Single/Semi-detached House,4,Parkdale-High Park
1155751,STR-2211-HJGXVJ,2 Anndale Dr,3302,M2N,Condominium,18,Willowdale
1155752,STR-2211-GCHBHS,78 Elm Grove Ave,,M6K,Single/Semi-detached House,4,Parkdale-High Park
1155753,STR-2211-GKPBHT,300 Front St W,413,M5V,Condominium,10,Spadina-Fort York
1155754,STR-2211-HBBBHW,569 Ossington Ave,1,M6G,Single/Semi-detached House,11,University-Rosedale
1155755,STR-2211-HBRPHW,297 Keele St,,M6P,Single/Semi-detached House,4,Parkdale-High Park
1155756,STR-2211-HJXPHX,55 Bremner Blvd,4311,M5J,Condominium,10,Spadina-Fort York
1155757,STR-2211-HSDPHY,98 Lillian St,711,M4S,Condominium,12,Toronto-St. Paul's
1155758,STR-2211-HZKPHZ,44 Stephen Dr,,M8Y,Single/Semi-detached House,3,Etobicoke-Lakeshore
1155759,STR-2211-GDPBHS,10 Oakfield Dr,,M8Y,Single/Semi-detached House,3,Etobicoke-Lakeshore
1155760,STR-2211-HKPBHX,24 Tyndall Ave,311,M6K,Apartment,4,Parkdale-High Park
1155761,STR-2211-HSVBHY,65 Bremner Blvd,4408,M5J,Condominium,10,Spadina-Fort York
1155762,STR-2211-JBBBHZ,137 Danforth Ave,4,M4K,Apartment,14,Toronto-Danforth
1155763,STR-2211-HLDPHX,106 Dovercourt Rd,706,M6J,Condominium,9,Davenport
1155764,STR-2211-GPBBHT,24 Noble St,408,M6K,Condominium,4,Parkdale-High Park
1155765,STR-2211-GWHBHV,89 William Duncan Rd,,M3K,Townhouse/ Row House,6,York Centre
1155766,STR-2211-JCHBHZ,1654 Gerrard St E,A,M4L,Single/Semi-detached House,19,Beaches-East York
1155767,STR-2211-HFDPHW,84 Bastedo Ave,UN-B,M4C,Single/Semi-detached House,19,Beaches-East York
1155768,STR-2211-JCXPHZ,215 Fort York Blvd,1701,M5V,Condominium,10,Spadina-Fort York
1155769,STR-2211-FRPBHQ,70 Jasper Ave,,M6N,Single/Semi-detached House,5,York South-Weston
1155770,STR-2211-FYVBHR,89 Riverdale Ave,,M4K,Single/Semi-detached House,14,Toronto-Danforth
1155771,STR-2211-GHBBHS,52 Vaughan Rd,B,M6G,Apartment,12,Toronto-St. Paul's
1155772,STR-2211-GQHBHT,111 Davisville Ave,1410,M4S,Apartment,12,Toronto-St. Paul's
1155773,STR-2211-GXPBHV,2932 Weston Rd,,M9M,Single/Semi-detached House,7,Humber River-Black Creek
1155774,STR-2211-JDPBHZ,3 Sudbury St,303,M6J,Condominium,10,Spadina-Fort York
1155775,STR-2211-FJXPHP,103 Grand Ave,,M8Y,Single/Semi-detached House,3,Etobicoke-Lakeshore
1155776,STR-2211-HPRPHX,256 Blackthorn Ave,,M6N,Single/Semi-detached House,9,Davenport
1155777,STR-2211-HWXPHY,27 Bathurst St,416,M5V,Condominium,10,Spadina-Fort York
1155778,STR-2211-JFDPHZ,165 Clifton Ave,,M3H,Single/Semi-detached House,6,York Centre
1155779,STR-2211-GJHBHS,30 Nelson St,3906,M5V,Condominium,10,Spadina-Fort York
1155780,STR-2211-HHBBHW,2541 Eglinton Ave W,1,M6M,Apartment,5,York South-Weston
1155781,STR-2211-HQHBHX,102 Regent St,18,M5A,Townhouse/ Row House,13,Toronto Centre
1155782,STR-2211-HXPBHY,262 Torrens Ave,,M4J,Single/Semi-detached House,14,Toronto-Danforth
1155783,STR-2211-JFVBHZ,18 Valley Woods Rd,901,M3A,Condominium,16,Don Valley East
1155784,STR-2211-FLDPHP,112 George St,320,M5A,Condominium,13,Toronto Centre
1155785,STR-2211-FTKPHQ,630 Kingston Rd,404,M4E,Condominium,19,Beaches-East York
1155786,STR-2211-GBRPHR,394 Queen St W,2,M5V,Apartment,10,Spadina-Fort York
1155787,STR-2211-FVCHHR,70 Queens Wharf Rd,1207,M5V,Single/Semi-detached House,10,Spadina-Fort York
1155788,STR-2211-GKQHHT,125 Peter St,1608,M5V,Condominium,10,Spadina-Fort York
1155789,STR-2211-HYWHHZ,52 Ainsdale Rd,,M1R,Single/Semi-detached House,21,Scarborough Centre
1155790,STR-2211-FMLVHQ,279 Cocksfield Ave,,M3H,Single/Semi-detached House,6,York Centre
1155791,STR-2211-GCYVHS,35 Alhart Dr,,M9V,Single/Semi-detached House,1,Etobicoke North
1155792,STR-2211-GTLVHV,11 Blaydon Ave,,M3M,Single/Semi-detached House,6,York Centre
1155793,STR-2211-HJYVHX,239 Harvie Ave,Laneway,M6E,Single/Semi-detached House,9,Davenport
1155794,STR-2211-HZLVHZ,1173 Dundas St E,236,M4M,Condominium,14,Toronto-Danforth
1155795,STR-2211-FPCHHQ,22 Western Battery Rd,106,M6K,Townhouse/ Row House,10,Spadina-Fort York
1155796,STR-2211-FWJHHR,40 Beatrice St,2,M6J,Duplex/Triplex/Fourplex,11,University-Rosedale
1155797,STR-2211-GDQHHS,115 Richmond St E,406,M5C,Condominium,13,Toronto Centre
1155798,STR-2211-GLWHHT,106 Ranee Ave,Basement,M6A,Single/Semi-detached House,8,Eglinton-Lawrence
1155799,STR-2211-HSWHHY,209 Fort York Blvd,958,M5V,Condominium,10,Spadina-Fort York
1155800,STR-2211-FGLVHP,21 Iceboat Ter,2102,M5V,Condominium,10,Spadina-Fort York
1155801,STR-2211-GFFVHS,60 Eastwood Ave,,M1N,Single/Semi-detached House,20,Scarborough Southwest
1155802,STR-2211-GVSVHV,42 Western Battery Rd,702,M6K,Townhouse/ Row House,10,Spadina-Fort York
1155803,STR-2211-HCYVHW,1136 Queen St W,2,M6J,Apartment,9,Davenport
1155804,STR-2211-HLFVHX,139 Scarboro Cres,,M1M,Single/Semi-detached House,20,Scarborough Southwest
1155805,STR-2211-FQJHHQ,87 Peter St,711,M5V,Condominium,10,Spadina-Fort York
1155806,STR-2211-GPCHHT,961 Lansdowne Ave,,M6H,Single/Semi-detached House,9,Davenport
1155807,STR-2211-GWJHHV,215 Sutherland Dr,,M4G,Single/Semi-detached House,15,Don Valley West
1155808,STR-2211-JCJHHZ,174 Indian Grv,Upper,M6P,Duplex/Triplex/Fourplex,4,Parkdale-High Park
1155809,STR-2211-FHSVHP,28 Griggsden Ave,,M9P,Single/Semi-detached House,2,Etobicoke Centre
1155810,STR-2211-FYFVHR,109 Gore Vale Ave,,M6J,Single/Semi-detached House,10,Spadina-Fort York
1155811,STR-2211-GGLVHS,836 Kennedy Rd,,M1K,Single/Semi-detached House,21,Scarborough Centre
1155812,STR-2211-HFFVHW,21 Iceboat Ter,1811,M5V,Condominium,10,Spadina-Fort York
1155813,STR-2211-FYWHHR,55 Bremner Blvd,2610,M5J,Condominium,10,Spadina-Fort York
1155814,STR-2211-GXQHHV,924 Ossington Ave,203,M6G,Duplex/Triplex/Fourplex,9,Davenport
1155815,STR-2211-HPCHHX,260 Sackville St,1110,M5A,Condominium,13,Toronto Centre
1155816,STR-2211-FJYVHP,125 Peter St,1903,M5V,Condominium,10,Spadina-Fort York
1155817,STR-2211-FZLVHR,87 Peter St,3310,M5V,Condominium,10,Spadina-Fort York
1155818,STR-2211-GQYVHT,27 William Duncan Rd,,M3K,Townhouse/ Row House,6,York Centre
1155819,STR-2211-GYFVHV,103 Lexington Ave,,M9V,Single/Semi-detached House,1,Etobicoke North
1155820,STR-2211-HGLVHW,955 Bay St,1916,M5S,Condominium,13,Toronto Centre
1155821,STR-2211-HWYVHY,420 Huntingwood Dr,,M1W,Single/Semi-detached House,22,Scarborough-Agincourt
1155822,STR-2211-FKQHHP,154 Alameda Ave,,M6C,Single/Semi-detached House,12,Toronto-St. Paul's
1155823,STR-2211-GBCHHR,151 Dan Leckie Way,612,M5V,Condominium,10,Spadina-Fort York
1155824,STR-2211-GJJHHS,12 York St,5603,M5J,Condominium,10,Spadina-Fort York
1155825,STR-2211-HHCHHW,231 Fort York Blvd,921,M5V,Condominium,10,Spadina-Fort York
1155826,STR-2211-GSFVHT,300 Front St W,1001,M5V,Condominium,10,Spadina-Fort York
1155827,STR-2211-HQYVHX,955 Bay St,811,M5S,Condominium,13,Toronto Centre
1155828,STR-2211-GCKPHS,15 Iceboat Ter,341,M5V,Condominium,10,Spadina-Fort York
1155829,STR-2211-GSXPHV,569 Oriole Pkwy,,M4R,Single/Semi-detached House,8,Eglinton-Lawrence
1155830,STR-2211-HJKPHX,2091 Kipling Ave,,M9W,Single/Semi-detached House,1,Etobicoke North
1155831,STR-2211-FFHBHP,2150 Lawrence Ave E,103,M1R,Condominium,21,Scarborough Centre
1155832,STR-2211-FMPBHQ,158 Byng Ave,,M1L,Single/Semi-detached House,20,Scarborough Southwest
1155833,STR-2211-HKBBHX,14 Murdock Ave,,M4C,Single/Semi-detached House,19,Beaches-East York
1155834,STR-2211-HZPBHZ,852 Dundas St W,,M6J,Single/Semi-detached House,11,University-Rosedale
1155835,STR-2211-FPDPHQ,47 Wycliffe Cres,,M2K,Single/Semi-detached House,17,Don Valley North
1155836,STR-2211-GDRPHS,11 Sergio Marchi St,,M3L,Single/Semi-detached House,7,Humber River-Black Creek
1155837,STR-2211-GLXPHT,113 Dell Park Ave,,M6B,Single/Semi-detached House,8,Eglinton-Lawrence
1155838,STR-2211-HSXPHY,15 Hazelnut Cres,,M2J,Single/Semi-detached House,17,Don Valley North
1155839,STR-2211-JBDPHZ,12 York St,4706,M5J,Condominium,10,Spadina-Fort York
1155840,STR-2211-FGPBHP,1 Edgewater Dr,511,M5A,Condominium,10,Spadina-Fort York
1155841,STR-2211-GFHBHS,66 Albani St,,M8V,Single/Semi-detached House,3,Etobicoke-Lakeshore
1155842,STR-2211-GWKPHV,87 Peter St,3508,M5V,Condominium,10,Spadina-Fort York
1155843,STR-2211-FRBBHQ,3 Hagley Rd,,M1M,Single/Semi-detached House,20,Scarborough Southwest
1155844,STR-2211-HVVBHY,129 Silver Birch Ave,,M4E,Single/Semi-detached House,19,Beaches-East York
1155845,STR-2211-HFXPHW,6 Eva Rd,1609,M9C,Condominium,2,Etobicoke Centre
1155846,STR-2211-FSHBHQ,361 Waverley Rd,,M4L,Single/Semi-detached House,19,Beaches-East York
1155847,STR-2211-GHVBHS,59 Guestville Ave,,M6N,Single/Semi-detached House,5,York South-Weston
1155848,STR-2211-GYHBHV,514 Wilson Heights Blvd,,M3H,Single/Semi-detached House,6,York Centre
1155849,STR-2211-HGPBHW,560 Front St W,532,M5V,Condominium,10,Spadina-Fort York
1155850,STR-2211-HPVBHX,262 Euclid Ave,,M6J,Single/Semi-detached House,11,University-Rosedale
1155851,STR-2211-JFHBHZ,111 St Clair Ave W,1602,M4V,Condominium,12,Toronto-St. Paul's
1155852,STR-2211-FKRPHP,181 Downsview Park Blvd,,M3K,Townhouse/ Row House,6,York Centre
1155853,STR-2211-HXRPHY,48 Marbury Cres,,M3A,Single/Semi-detached House,16,Don Valley East
1155854,STR-2211-JFXPHZ,141 Davisville Ave,1010,M4S,Apartment,12,Toronto-St. Paul's
1155855,STR-2211-FLHBHP,209 Fort York Blvd,176,M5V,Condominium,10,Spadina-Fort York
1155856,STR-2211-GBVBHR,38 Grenville St,3306,M4Y,Condominium,13,Toronto Centre
1155857,STR-2211-GZPBHV,2181 Yonge St,1606,M4S,Condominium,12,Toronto-St. Paul's
1155858,STR-2211-HRBBHX,42 Westmoreland Ave,,M6H,Single/Semi-detached House,9,Davenport
1155859,STR-2211-HYHBHY,196 Placentia Blvd,,M1S,Single/Semi-detached House,23,Scarborough North
1155860,STR-2211-FVFVHR,130 Brahms Ave,,M2H,Single/Semi-detached House,17,Don Valley North
1155861,STR-2211-GCLVHS,526 Clinton St,Laneway,M6G,Single/Semi-detached House,11,University-Rosedale
1155862,STR-2211-GKSVHT,112 Langley Ave,,M4K,Single/Semi-detached House,14,Toronto-Danforth
1155863,STR-2211-FFJHHP,902 Davenport Rd,3,M6G,Duplex/Triplex/Fourplex,12,Toronto-St. Paul's
1155864,STR-2211-GLJHHT,9 Sepia Dr,,M2J,Single/Semi-detached House,17,Don Valley North
1155865,STR-2211-GTQHHV,10 Capreol Crt,356,M5V,Condominium,10,Spadina-Fort York
1155866,STR-2211-HZQHHZ,95 Fontainbleau Dr,,M2M,Single/Semi-detached House,18,Willowdale
1155867,STR-2211-FFYVHP,210 Victoria St,2309,M5B,Apartment,13,Toronto Centre
1155868,STR-2211-GLYVHT,34 Bellwoods Ave,,M6J,Townhouse/ Row House,10,Spadina-Fort York
1155869,STR-2211-HCLVHW,2 Elway Crt,3,M6B,Apartment,8,Eglinton-Lawrence
1155870,STR-2211-JBFVHZ,155 Yorkville Ave,1214,M5R,Condominium,11,University-Rosedale
1155871,STR-2211-GVWHHV,38 Wheatfield Rd,,M8V,Single/Semi-detached House,3,Etobicoke-Lakeshore
1155872,STR-2211-HTQHHY,199 Richmond St W,1008,M5V,Condominium,10,Spadina-Fort York
1155873,STR-2211-JBWHHZ,5 Hargrave Lane,,M4N,Townhouse/ Row House,15,Don Valley West
1155874,STR-2211-HLYVHX,21 Iceboat Ter,823,M5V,Condominium,10,Spadina-Fort York
1155875,STR-2211-GGQHHS,10 San Romanoway,1911,M3N,Apartment,7,Humber River-Black Creek
1155876,STR-2211-FYYVHR,407 Symington Ave,,M6N,Townhouse/ Row House,9,Davenport
1155877,STR-2211-GHFVHS,230 Campbell Ave,,M6P,Single/Semi-detached House,9,Davenport
1155878,STR-2211-HFYVHW,54 East Liberty St,1006,M6K,Apartment,10,Spadina-Fort York
1155879,STR-2211-HPFVHX,151 Lee Ave,,M4E,Single/Semi-detached House,19,Beaches-East York
1155880,STR-2211-HWLVHY,1100 King St W,818,M6K,Condominium,10,Spadina-Fort York
1155881,STR-2211-FKCHHP,701 Sheppard Ave W,409,M3H,Condominium,6,York Centre
1155882,STR-2211-GYJHHV,106 Northland Ave,Lower,M6N,Single/Semi-detached House,5,York South-Weston
1155883,STR-2211-JFJHHZ,50 Joe Shuster Way,208,M6K,Townhouse/ Row House,10,Spadina-Fort York
1155884,STR-2211-FKSVHP,14 York St,1311,M5J,Condominium,10,Spadina-Fort York
1155885,STR-2211-GJLVHS,830 Lawrence Ave W,1904,M6A,Condominium,8,Eglinton-Lawrence
1155886,STR-2211-GYYVHV,152 Petworth Cres,,M1S,Single/Semi-detached House,22,Scarborough-Agincourt
1155887,STR-2211-HXSVHY,955 Bay St,724,M5S,Condominium,13,Toronto Centre
1155888,STR-2211-FLJHHP,208 Churchill Ave,,M2R,Single/Semi-detached House,18,Willowdale
1155889,STR-2211-GBWHHR,410 Dufferin St,918,M6K,Condominium,9,Davenport
1155890,STR-2211-GSJHHT,101 Elmer Ave,,M4L,Single/Semi-detached House,19,Beaches-East York
1155891,STR-2211-HRCHHX,166 Huron St,C,M5T,Single/Semi-detached House,11,University-Rosedale
1155892,STR-2211-FDVBHP,119 Pleasant Ave,,M2M,Single/Semi-detached House,18,Willowdale
1155893,STR-2211-FVHBHR,145 Winona Dr,,M6G,Single/Semi-detached House,12,Toronto-St. Paul's
1155894,STR-2211-GCPBHS,156 Codsell Ave,,M3H,Single/Semi-detached House,6,York Centre
1155895,STR-2211-GKVBHT,128 Ulster St,1,M6G,Duplex/Triplex/Fourplex,11,University-Rosedale
1155896,STR-2211-HBHBHW,21 Iceboat Ter,1612,M5V,Condominium,10,Spadina-Fort York
1155897,STR-2211-FVXPHR,300 Front St W,3601,M5V,Condominium,10,Spadina-Fort York
1155898,STR-2211-GTRPHV,21 Iceboat Ter,2610,M5V,Condominium,10,Spadina-Fort York
1155899,STR-2211-HZRPHZ,8 York St,3212,M5J,Condominium,10,Spadina-Fort York
1155900,STR-2212-FWPBHR,920 Willowdale Ave,,M2M,Single/Semi-detached House,18,Willowdale
1155901,STR-2212-GDVBHS,56 Forest Manor Rd,3010,M2J,Condominium,17,Don Valley North
1155902,STR-2212-GMBBHT,1 Constance St,1,M6R,Duplex/Triplex/Fourplex,4,Parkdale-High Park
1155903,STR-2212-GVHBHV,10 Navy Wharf Crt,603,M5V,Condominium,10,Spadina-Fort York
1155904,STR-2212-HTBBHY,184 Montclair Ave,,M5P,Single/Semi-detached House,12,Toronto-St. Paul's
1155905,STR-2212-JBHBHZ,118 Balliol St,UPH08,M4S,Apartment,12,Toronto-St. Paul's
1155906,STR-2212-FGRPHP,3 Rumney Rd,,M4C,Single/Semi-detached House,19,Beaches-East York
1155907,STR-2212-FXDPHR,14 York St,3901,M5J,Condominium,10,Spadina-Fort York
1155908,STR-2212-GMRPHT,35 Gentian Dr,,M9C,Single/Semi-detached House,2,Etobicoke Centre
1155909,STR-2212-GVXPHV,2 Prince Hal Cres,,M1T,Single/Semi-detached House,22,Scarborough-Agincourt
1155910,STR-2212-HTRPHY,1929 Dundas St E,,M4L,Single/Semi-detached House,19,Beaches-East York
1155911,STR-2212-JBXPHZ,34 Rusholme Dr,1,M6J,Duplex/Triplex/Fourplex,9,Davenport
1155912,STR-2212-FQPBHQ,36 Davisbrook Blvd,,M1T,Single/Semi-detached House,22,Scarborough-Agincourt
1155913,STR-2212-FXVBHR,33 Deepglade Cres,,M2J,Single/Semi-detached House,17,Don Valley North
1155914,STR-2212-GGBBHS,21 Iceboat Ter,923,M5V,Condominium,10,Spadina-Fort York
1155915,STR-2212-GPHBHT,151 Dan Leckie Way,355,M5V,Condominium,10,Spadina-Fort York
1155916,STR-2212-HMBBHX,1445 Military Trl,,M1C,Single/Semi-detached House,25,Scarborough-Rouge Park
1155917,STR-2212-HVHBHY,1173 Dundas St E,228,M4M,Condominium,14,Toronto-Danforth
1155918,STR-2212-FHXPHP,321 Mutual St,,M4Y,Townhouse/ Row House,13,Toronto Centre
1155919,STR-2212-GXDPHV,18 Croft St,,M5S,Single/Semi-detached House,11,University-Rosedale
1155920,STR-2212-HMRPHX,18 Hillcrest Ave,1503,M2N,Condominium,18,Willowdale
1155921,STR-2212-GQPBHT,144 Hamilton St,,M4M,Single/Semi-detached House,14,Toronto-Danforth
1155922,STR-2212-HGBBHW,72 Gamble Ave,815,M4K,Apartment,14,Toronto-Danforth
1155923,STR-2212-HPHBHX,359 Lauder Ave,,M6E,Single/Semi-detached House,9,Davenport
1155924,STR-2212-FKDPHP,533 Brunswick Ave,,M5R,Single/Semi-detached House,11,University-Rosedale
1155925,STR-2212-GRDPHT,151 Dan Leckie Way,745,M5V,Condominium,10,Spadina-Fort York
1155926,STR-2212-JFKPHZ,231 Fort York Blvd,108,M5V,Condominium,10,Spadina-Fort York
1155927,STR-2212-GRVBHT,21 Iceboat Ter,2707,M5V,Condominium,10,Spadina-Fort York
1155928,STR-2212-GZBBHV,6 Kent Rd,,M4L,Single/Semi-detached House,14,Toronto-Danforth
1155929,STR-2212-JGBBHZ,87 Peter St,4616,M5V,Condominium,10,Spadina-Fort York
1155930,STR-2212-FTRPHQ,80 Western Battery Rd,LPH 11,M6K,Condominium,10,Spadina-Fort York
1155931,STR-2212-GKDPHS,175 Maria St,,M6P,Single/Semi-detached House,4,Parkdale-High Park
1155932,STR-2212-FDWHHP,43 MacLeod St,,M6L,Single/Semi-detached House,5,York South-Weston
1155933,STR-2212-FMCHHQ,65 Bremner Blvd,3008,M5J,Condominium,10,Spadina-Fort York
1155934,STR-2212-GLLVHT,101 Peter St,3611,M5V,Condominium,10,Spadina-Fort York
1155935,STR-2212-HBYVHW,955 Bay St,1907,M5S,Condominium,13,Toronto Centre
1155936,STR-2212-HSLVHY,120 Harrison Garden Blvd,1407,M2N,Condominium,18,Willowdale
1155937,STR-2212-FGCHHP,5166 Dundas St W,A,M9A,Apartment,3,Etobicoke-Lakeshore
1155938,STR-2212-FPJHHQ,618 Conacher Dr,Basement,M2M,Single/Semi-detached House,18,Willowdale
1155939,STR-2212-FWQHHR,17 Bertram St,,M6M,Single/Semi-detached House,5,York South-Weston
1155940,STR-2212-FGSVHP,7 Allen Ave,,M4M,Single/Semi-detached House,14,Toronto-Danforth
1155941,STR-2212-HTSVHY,16 Boothroyd Ave,Basement,M4J,Single/Semi-detached House,14,Toronto-Danforth
1155942,STR-2212-JBYVHZ,128 Carlaw Ave,,M4M,Single/Semi-detached House,14,Toronto-Danforth
1155943,STR-2212-FHJHHP,11 Stallion Pl,,M9W,Townhouse/ Row House,1,Etobicoke North
1155944,STR-2212-HMCHHX,88 Faywood Blvd,,M3H,Single/Semi-detached House,6,York Centre
1155945,STR-2212-HVJHHY,1030 King St W,107,M6K,Condominium,10,Spadina-Fort York
1155946,STR-2212-JCQHHZ,79 St Clarens Ave,,M6K,Single/Semi-detached House,9,Davenport
1155947,STR-2212-FRFVHQ,189 Hounslow Ave,,M2N,Single/Semi-detached House,18,Willowdale
1155948,STR-2212-GPYVHT,1889 Queen St E,Front Unit,M4L,Duplex/Triplex/Fourplex,19,Beaches-East York
1155949,STR-2212-GXFVHV,132 Palm Dr,,M3H,Single/Semi-detached House,6,York Centre
1155950,STR-2212-HFLVHW,411 Duplex Ave,2102,M4R,Apartment,8,Eglinton-Lawrence
1155951,STR-2212-HMSVHX,100 MacDonald St,,M8V,Single/Semi-detached House,3,Etobicoke-Lakeshore
1155952,STR-2212-FJQHHP,12 York St,307,M5J,Condominium,10,Spadina-Fort York
1155953,STR-2212-FZCHHR,273A Delta St,,M8W,Single/Semi-detached House,3,Etobicoke-Lakeshore
1155954,STR-2212-HWQHHY,15 Iceboat Ter,2009,M5V,Condominium,10,Spadina-Fort York
1155955,STR-2212-GZCHHV,670 Richmond St W,102,M6J,Condominium,10,Spadina-Fort York
1155956,STR-2212-HXWHHY,779 Willowdale Ave,,M2N,Single/Semi-detached House,18,Willowdale
1155957,STR-2212-JGCHHZ,77 Huntley St,818,M4Y,Apartment,13,Toronto Centre
1155958,STR-2212-FLLVHP,87 Peter St,4103,M5V,Condominium,10,Spadina-Fort York
1155959,STR-2212-GKFVHS,70 South Woodrow Blvd,,M1N,Single/Semi-detached House,20,Scarborough Southwest
1155960,STR-2212-HHYVHW,41 Martindale Rd,,M1M,Single/Semi-detached House,20,Scarborough Southwest
1155961,STR-2212-HRFVHX,83 Livingstone Ave,,M6E,Single/Semi-detached House,8,Eglinton-Lawrence
1155962,STR-2212-FVKPHR,20 Bruyeres Mews,2203,M5V,Condominium,10,Spadina-Fort York
1155963,STR-2212-GKXPHT,1226 Jane St,,M6M,Single/Semi-detached House,5,York South-Weston
1155964,STR-2212-GTDPHV,14 York St,2405,M5J,Condominium,10,Spadina-Fort York
1155965,STR-2212-HJRPHX,300 Front St W,3102,M5V,Condominium,10,Spadina-Fort York
1155966,STR-2212-HRXPHY,87 Peter St,4615,M5V,Condominium,10,Spadina-Fort York
1155967,STR-2212-GDHBHS,584 Parliament St,1,M4X,Townhouse/ Row House,13,Toronto Centre
1155968,STR-2212-GLPBHT,651 Jane St,,M6N,Single/Semi-detached House,5,York South-Weston
1155969,STR-2212-GTVBHV,67 Parkington Cres,,M1H,Single/Semi-detached House,24,Scarborough-Guildwood
1155970,STR-2212-GDXPHS,472 Margueretta St,Bsmt,M6H,Single/Semi-detached House,9,Davenport
1155971,STR-2212-GVKPHV,87 Lesmount Ave,,M4J,Single/Semi-detached House,14,Toronto-Danforth
1155972,STR-2212-HKXPHX,26 Sarah Ashbridge Ave,,M4L,Single/Semi-detached House,19,Beaches-East York
1155973,STR-2212-FQBBHQ,169A Chisholm Ave,,M4C,Single/Semi-detached House,19,Beaches-East York
1155974,STR-2212-FXHBHR,329 Senlac Rd,,M2R,Single/Semi-detached House,18,Willowdale
1155975,STR-2212-HTVBHY,100 Gloucester St,207,M4Y,Apartment,13,Toronto Centre
1155976,STR-2212-FXXPHR,218 Northwood Dr,,M2M,Single/Semi-detached House,18,Willowdale
1155977,STR-2212-GWRPHV,5 Everson Dr,1030,M2N,Townhouse/ Row House,18,Willowdale
1155978,STR-2212-HVKPHY,18 Methuen Ave,,M6S,Single/Semi-detached House,4,Parkdale-High Park
1155979,STR-2212-FYPBHR,810 College St,2,M6G,Apartment,11,University-Rosedale
1155980,STR-2212-GGVBHS,48 Massey St,2,M6J,Townhouse/ Row House,10,Spadina-Fort York
1155981,STR-2212-HFPBHW,292 Horsham Ave,,M2R,Single/Semi-detached House,18,Willowdale
1155982,STR-2212-HWBBHY,177 Delhi Ave,,M3H,Single/Semi-detached House,6,York Centre
1155983,STR-2212-GHKPHS,14 York St,3803,M5J,Condominium,10,Spadina-Fort York
1155984,STR-2212-HWRPHY,100 Mornelle Crt,1019,M1E,Condominium,24,Scarborough-Guildwood
1155985,STR-2212-HQBBHX,322 McRoberts Ave,,M6E,Single/Semi-detached House,9,Davenport
1155986,STR-2212-JFPBHZ,99 Tyndall Ave,701,M6K,Apartment,4,Parkdale-High Park
1155987,STR-2212-FKXPHP,74 Oxford St,Upper,M5T,Townhouse/ Row House,11,University-Rosedale
1155988,STR-2212-FTDPHQ,21 Simpson Ave,,M4K,Single/Semi-detached House,14,Toronto-Danforth
1155989,STR-2212-GBKPHR,91 Newmarket Ave,Main,M4C,Duplex/Triplex/Fourplex,19,Beaches-East York
1155990,STR-2212-GZDPHV,158 Ellsworth Ave,,M6G,Single/Semi-detached House,12,Toronto-St. Paul's
1155991,STR-2212-HQRPHX,955 Bay St,702,M5S,Condominium,13,Toronto Centre
1155992,STR-2212-HJBBHW,352 Front St W,2305,M5V,Condominium,10,Spadina-Fort York
1155993,STR-2212-JGVBHZ,223 Lisgar St,Rear,M6J,Single/Semi-detached House,9,Davenport
1155994,STR-2212-FMFVHQ,90 Methuen Ave,,M6S,Single/Semi-detached House,4,Parkdale-High Park
1155995,STR-2212-FVLVHR,230 Sterling Rd,Basement,M6R,Townhouse/ Row House,9,Davenport
1155996,STR-2212-GCSVHS,88 Greenwood Ave,,M4L,Single/Semi-detached House,14,Toronto-Danforth
1155997,STR-2212-HJSVHX,215 Fort York Blvd,3501,M5V,Condominium,10,Spadina-Fort York
1155998,STR-2212-HRYVHY,622 Oakwood Ave,B,M6E,Single/Semi-detached House,12,Toronto-St. Paul's
1155999,STR-2212-FFQHHP,8 Wellesley St E,5,M4Y,Condominium,13,Toronto Centre
1156000,STR-2212-GTWHHV,955 Bay St,3108,M5S,Condominium,13,Toronto Centre
1156001,STR-2212-FGFVHP,465 Shaw St,A,M6G,Single/Semi-detached House,11,University-Rosedale
1156002,STR-2212-GMFVHT,843 Queen St W,B,M6J,Apartment,10,Spadina-Fort York
1156003,STR-2212-HCSVHW,8 York St,3205,M5J,Condominium,10,Spadina-Fort York
1156004,STR-2212-HKYVHX,54 Halsey Ave,,M4B,Single/Semi-detached House,19,Beaches-East York
1156005,STR-2212-JBLVHZ,39 Salem Ave,,M6H,Duplex/Triplex/Fourplex,9,Davenport
1156006,STR-2212-FGWHHP,19 Southlawn Dr,,M1S,Single/Semi-detached House,22,Scarborough-Agincourt
1156007,STR-2212-FQCHHQ,12 York St,3007,M5J,Condominium,10,Spadina-Fort York
1156008,STR-2212-GMWHHT,82 Otonabee Ave,,M2M,Single/Semi-detached House,18,Willowdale
1156009,STR-2212-GWCHHV,23 Samba Dr,,M9M,Single/Semi-detached House,7,Humber River-Black Creek
1156010,STR-2212-HLQHHX,270 Adelaide St W,306,M5H,Condominium,10,Spadina-Fort York
1156011,STR-2212-HTWHHY,92 Seaforth Ave,Main,M6K,Single/Semi-detached House,4,Parkdale-High Park
1156012,STR-2212-JCCHHZ,290 Berkeley St,,M5A,Townhouse/ Row House,13,Toronto Centre
1156013,STR-2212-FQSVHQ,201 Sherbourne St,1501,M5A,Apartment,13,Toronto Centre
1156014,STR-2212-HMFVHX,20 Stanley Greene Blvd,,M3K,Single/Semi-detached House,6,York Centre
1156015,STR-2212-GQCHHT,69 Benjamin Boake Trl,,M3J,Single/Semi-detached House,6,York Centre
1156016,STR-2212-FJSVHP,120 Homewood Ave,606,M4Y,Condominium,13,Toronto Centre
1156017,STR-2212-GHLVHS,1553 Bloor St W,4,M6P,Apartment,4,Parkdale-High Park
1156018,STR-2212-GXYVHV,60 Huron St,3,M5T,Apartment,10,Spadina-Fort York
1156019,STR-2212-HGFVHW,1141 Lansdowne Ave,Upper Unit,M6H,Apartment,9,Davenport
1156020,STR-2212-FSQHHQ,1553 Bloor St W,6,M6P,Apartment,4,Parkdale-High Park
1156021,STR-2212-FZWHHR,575 Bloor St E,2211,M4W,Condominium,13,Toronto Centre
1156022,STR-2212-GJCHHS,155 Yorkville Ave,2009,M5R,Condominium,11,University-Rosedale
1156023,STR-2212-GRJHHT,19 Monkton Ave,,M8Z,Single/Semi-detached House,3,Etobicoke-Lakeshore
1156024,STR-2212-HXJHHY,1243 Weston Rd,,M6M,Townhouse/ Row House,5,York South-Weston
1156025,STR-2212-JFQHHZ,4 Lakeshore Ave,,M5J,Single/Semi-detached House,10,Spadina-Fort York
1156026,STR-2212-GBLVHR,674 Dufferin St,4,M6K,Duplex/Triplex/Fourplex,9,Davenport
1156027,STR-2212-GZFVHV,8 Charlotte St,2207,M5V,Condominium,10,Spadina-Fort York
1156028,STR-2212-JGFVHZ,3 Vankoughnet St,1,M5S,Single/Semi-detached House,11,University-Rosedale
1156029,STR-2212-FTWHHQ,42 Araman Dr,,M1T,Single/Semi-detached House,22,Scarborough-Agincourt
1156030,STR-2212-JGWHHZ,267 Hidden Trl,,M2R,Single/Semi-detached House,6,York Centre
1156031,STR-2212-FFBBHP,46 Lippincott St W,Main Floor,M9N,Duplex/Triplex/Fourplex,5,York South-Weston
1156032,STR-2212-HSBBHY,81 Hollis Ave,,M1N,Single/Semi-detached House,20,Scarborough Southwest
1156033,STR-2212-FWDPHR,143 Silas Hill Dr,,M2J,Single/Semi-detached House,17,Don Valley North
1156034,STR-2301-GTXPHV,20 East Rd,,M1N,Single/Semi-detached House,20,Scarborough Southwest
1156035,STR-2301-HCDPHW,44 Treeview Dr,,M8W,Single/Semi-detached House,3,Etobicoke-Lakeshore
1156036,STR-2301-HZXPHZ,1600 Keele St,1020,M6N,Condominium,5,York South-Weston
1156037,STR-2301-FGHBHP,250 Osler St,,M6N,Townhouse/ Row House,9,Davenport
1156038,STR-2301-HLBBHX,364 The East Mall,243,M9B,Condominium,2,Etobicoke Centre
1156039,STR-2301-HTHBHY,30 Nelson St,308,M5V,Condominium,10,Spadina-Fort York
1156040,STR-2301-FQDPHQ,231 Christie St,1,M6G,Single/Semi-detached House,11,University-Rosedale
1156041,STR-2301-FXKPHR,89 Darlingside Dr,,M1E,Single/Semi-detached House,25,Scarborough-Rouge Park
1156042,STR-2301-HDKPHW,78 Chryessa Ave,,M6N,Single/Semi-detached House,5,York South-Weston
1156043,STR-2301-HTXPHY,151 Dan Leckie Way,1002,M5V,Condominium,10,Spadina-Fort York
1156044,STR-2301-FHPBHP,14 York St,3808,M5J,Condominium,10,Spadina-Fort York
1156045,STR-2301-FQVBHQ,622 Bathurst St,2,M5S,Apartment,11,University-Rosedale
1156046,STR-2301-FYBBHR,17B Poplar Rd,Basement,M1E,Duplex/Triplex/Fourplex,24,Scarborough-Guildwood
1156047,STR-2301-HVPBHY,327 Indian Grv,,M6P,Single/Semi-detached House,4,Parkdale-High Park
1156048,STR-2301-FJDPHP,69 Vermont Ave,,M6G,Single/Semi-detached House,11,University-Rosedale
1156049,STR-2301-HMXPHX,216A Finch Ave W,,M2R,Townhouse/ Row House,18,Willowdale
1156050,STR-2301-HWDPHY,21 Iceboat Ter,3510,M5V,Condominium,10,Spadina-Fort York
1156051,STR-2301-JDKPHZ,256 Woodbine Ave,Main,M4L,Duplex/Triplex/Fourplex,19,Beaches-East York
1156052,STR-2301-FSBBHQ,2221 Yonge St,1803,M4S,Apartment,12,Toronto-St. Paul's
1156053,STR-2301-GHPBHS,521 Lauder Ave,,M6E,Single/Semi-detached House,12,Toronto-St. Paul's
1156054,STR-2301-GYBBHV,11 Wellesley St W,1909,M4Y,Condominium,13,Toronto Centre
1156055,STR-2301-HGHBHW,6 Brussels Rd,Basement,M1K,Single/Semi-detached House,20,Scarborough Southwest
1156056,STR-2301-HPPBHX,38 Joe Shuster Way,2010,M6K,Condominium,10,Spadina-Fort York
1156057,STR-2301-HWVBHY,551 Dufferin St,2nd Floor,M6K,Duplex/Triplex/Fourplex,9,Davenport
1156058,STR-2301-FSRPHQ,5 Bellefontaine St,,M1S,Single/Semi-detached House,22,Scarborough-Agincourt
1156059,STR-2301-FZXPHR,20 Rivercrest Rd,,M6S,Single/Semi-detached House,4,Parkdale-High Park
1156060,STR-2301-GJDPHS,33 Gemshaw Cres,,M1B,Single/Semi-detached House,25,Scarborough-Rouge Park
1156061,STR-2301-GYRPHV,1553 Bloor St W,5,M6P,Apartment,4,Parkdale-High Park
1156062,STR-2301-HXKPHY,161 Lawrence Ave W,Basement Apart,M5M,Duplex/Triplex/Fourplex,8,Eglinton-Lawrence
1156063,STR-2301-FLBBHP,55 Bremner Blvd,4802,M5J,Condominium,10,Spadina-Fort York
1156064,STR-2301-FTHBHQ,1441 Dufferin St,1,M6H,Apartment,9,Davenport
1156065,STR-2301-GBPBHR,138 Angus Dr,Basement,M2J,Single/Semi-detached House,17,Don Valley North
1156066,STR-2301-GJVBHS,12 Petman Ave,,M4S,Single/Semi-detached House,15,Don Valley West
1156067,STR-2301-HYBBHY,144 North Carson St,Basement,M8W,Single/Semi-detached House,3,Etobicoke-Lakeshore
1156068,STR-2301-JGHBHZ,424 Main St,,M4C,Single/Semi-detached House,19,Beaches-East York
1156069,STR-2301-FLRPHP,155 Geoffrey St,,M6R,Single/Semi-detached House,4,Parkdale-High Park
1156070,STR-2301-GCDPHR,54A Cedar Brae Blvd,,M1J,Single/Semi-detached House,21,Scarborough Centre
1156071,STR-2301-GZXPHV,54 Richland Cres,,M9C,Single/Semi-detached House,2,Etobicoke Centre
1156072,STR-2301-HRKPHX,55 Bremner Blvd,3401,M5J,Condominium,10,Spadina-Fort York
1156073,STR-2301-FMJHHQ,7 Robinson St,,M6J,Duplex/Triplex/Fourplex,10,Spadina-Fort York
1156074,STR-2301-GTJHHV,1029 King St W,637,M6K,Condominium,10,Spadina-Fort York
1156075,STR-2301-HBQHHW,137 Danforth Ave,1,M4K,Apartment,14,Toronto-Danforth
1156076,STR-2301-HJWHHX,145 Robert St,,M5S,Townhouse/ Row House,11,University-Rosedale
1156077,STR-2301-HZJHHZ,36 Devon Rd,B,M4E,Single/Semi-detached House,19,Beaches-East York
1156078,STR-2301-FFSVHP,15 Eldora Ave,27,M2M,Townhouse/ Row House,18,Willowdale
1156079,STR-2301-GLSVHT,36 Augusta Ave,Lower,M5T,Townhouse/ Row House,10,Spadina-Fort York
1156080,STR-2301-HCFVHW,80 Western Battery Rd,6,M6K,Condominium,10,Spadina-Fort York
1156081,STR-2301-FGJHHP,50 Lotherton Ptwy,814,M6B,Condominium,8,Eglinton-Lawrence
1156082,STR-2301-FPQHHQ,2690 Danforth Ave,B,M4C,Apartment,19,Beaches-East York
1156083,STR-2301-FWWHHR,82 Laurel Ave,A,M9B,Single/Semi-detached House,2,Etobicoke Centre
1156084,STR-2301-HCWHHW,4 Park Vista,1212,M4B,Condominium,19,Beaches-East York
1156085,STR-2301-FGYVHP,39 Annie Craig Dr,1114,M8V,Condominium,3,Etobicoke-Lakeshore
1156086,STR-2301-FQFVHQ,495 Clinton St,1,M6G,Duplex/Triplex/Fourplex,11,University-Rosedale
1156087,STR-2301-GFSVHS,21 Iceboat Ter,622,M5V,Condominium,10,Spadina-Fort York
1156088,STR-2301-HDLVHW,14 York St,5905,M5J,Condominium,10,Spadina-Fort York
1156089,STR-2301-HTYVHY,8 Charlotte St,1208,M5V,Condominium,10,Spadina-Fort York
1156090,STR-2301-FHQHHP,33 Juliet Cres,,M6M,Single/Semi-detached House,5,York South-Weston
1156091,STR-2301-FQWHHQ,1939 Dufferin St,,M6E,Single/Semi-detached House,9,Davenport
1156092,STR-2301-GGJHHS,5 Blue Forest Dr,,M3H,Single/Semi-detached House,6,York Centre
1156093,STR-2301-GWWHHV,35 Lailey Cres,,M2N,Single/Semi-detached House,18,Willowdale
1156094,STR-2301-HMJHHX,955 Bay St,1615,M5S,Condominium,13,Toronto Centre
1156095,STR-2301-HVQHHY,343B Hopewell Ave,,M6E,Single/Semi-detached House,8,Eglinton-Lawrence
1156096,STR-2301-GGYVHS,209 Park Lawn Rd,,M8Y,Single/Semi-detached House,3,Etobicoke-Lakeshore
1156097,STR-2301-GQFVHT,891 Queen St W,1,M6J,Apartment,10,Spadina-Fort York
1156098,STR-2301-HWFVHY,97 Bedford Rd,B,M5R,Single/Semi-detached House,11,University-Rosedale
1156099,STR-2301-JDLVHZ,106 Rainsford Rd,Basement,M4L,Single/Semi-detached House,19,Beaches-East York
1156100,STR-2301-GHQHHS,484 Pape Ave,,M4K,Single/Semi-detached House,14,Toronto-Danforth
1156101,STR-2301-GQWHHT,34 Ferris Rd,,M4B,Single/Semi-detached House,19,Beaches-East York
1156102,STR-2301-JFCHHZ,27 Palmerston Gdns,,M6G,Single/Semi-detached House,11,University-Rosedale
1156103,STR-2301-FZYVHR,12 York St,2802,M5J,Condominium,10,Spadina-Fort York
1156104,STR-2301-GRLVHT,15 Lily Cup Ave,,M1L,Townhouse/ Row House,20,Scarborough Southwest
1156105,STR-2301-FLCHHP,12 Warfield Dr,Upper,M2J,Duplex/Triplex/Fourplex,17,Don Valley North
1156106,STR-2301-FTJHHQ,5 Grange Ave,,M5T,Townhouse/ Row House,10,Spadina-Fort York
1156107,STR-2301-GBQHHR,270 Wellington St W,704,M5V,Condominium,10,Spadina-Fort York
1156108,STR-2301-GJWHHS,488 Brookdale Ave,,M5M,Single/Semi-detached House,8,Eglinton-Lawrence
1156109,STR-2301-HQWHHX,91 Riverdale Ave,,M4K,Single/Semi-detached House,14,Toronto-Danforth
1156110,STR-2301-HYCHHY,8825 Sheppard Ave E,304,M1B,Condominium,25,Scarborough-Rouge Park
1156111,STR-2301-HJFVHW,18 Villata Gdns,,M3J,Single/Semi-detached House,7,Humber River-Black Creek
1156112,STR-2301-HRLVHX,1830 Lake Shore Blvd E,Main,M4L,Townhouse/ Row House,19,Beaches-East York
1156113,STR-2301-HYSVHY,210 Victoria St,3205,M5B,Condominium,13,Toronto Centre
1156114,STR-2301-FLVDVQ,47 Roywood Dr,,M3A,Single/Semi-detached House,16,Don Valley East
1156115,STR-2301-GCHDVS,130 Mulock Ave,,M6N,Single/Semi-detached House,5,York South-Weston
1156116,STR-2301-HBBDVW,2300 St Clair Ave W,328,M6N,Condominium,5,York South-Weston
1156117,STR-2301-HJHDVX,61 Creekbank Rd,2,M6L,Duplex/Triplex/Fourplex,5,York South-Weston
1156118,STR-2301-FMKRVQ,1030 Sheppard Ave W,201,M3H,Apartment,6,York Centre
1156119,STR-2301-FVRRVR,74 Conference Blvd,,M1C,Single/Semi-detached House,25,Scarborough-Rouge Park
1156120,STR-2301-GCXRVS,329 Douglas Ave,,M5M,Single/Semi-detached House,8,Eglinton-Lawrence
1156121,STR-2301-HBRRVW,76 Greensides Ave,,M6G,Single/Semi-detached House,12,Toronto-St. Paul's
1156122,STR-2301-HJXRVX,215 Fort York Blvd,409,M5V,Condominium,10,Spadina-Fort York
1156123,STR-2301-FWHDVR,36 United Sq,,M1B,Single/Semi-detached House,25,Scarborough-Rouge Park
1156124,STR-2301-GVBDVV,33 Highhill Dr,,M1T,Single/Semi-detached House,22,Scarborough-Agincourt
1156125,STR-2301-HKPDVX,131 Weston Rd,,M6N,Townhouse/ Row House,5,York South-Weston
1156126,STR-2301-HSVDVY,115 Esgore Dr,,M5M,Single/Semi-detached House,8,Eglinton-Lawrence
1156127,STR-2301-GFDRVS,273 Queensdale Ave,,M4C,Single/Semi-detached House,19,Beaches-East York
1156128,STR-2301-GMKRVT,55 Bremner Blvd,3302,M5J,Condominium,10,Spadina-Fort York
1156129,STR-2301-HCXRVW,151 Clanton Park Rd,,M3H,Single/Semi-detached House,6,York Centre
1156130,STR-2301-HLDRVX,2 Collinson Blvd,,M3H,Single/Semi-detached House,6,York Centre
1156131,STR-2301-HTKRVY,18 Kootenay Cres,,M1J,Single/Semi-detached House,21,Scarborough Centre
1156132,STR-2301-HDPDVW,923 Bathurst St,Upper,M5R,Townhouse/ Row House,11,University-Rosedale
1156133,STR-2301-FYDRVR,55 Van Stassen Blvd,,M6S,Single/Semi-detached House,4,Parkdale-High Park
1156134,STR-2301-GGKRVS,233 Carlaw Ave,317,M4M,Condominium,14,Toronto-Danforth
1156135,STR-2301-GWXRVV,300 Front St W,2604,M5V,Condominium,10,Spadina-Fort York
1156136,STR-2301-HMKRVX,21 Hackett Ave,,M3J,Single/Semi-detached House,7,Humber River-Black Creek
1156137,STR-2301-JCXRVZ,834 Brown's Line,,M8W,Apartment,3,Etobicoke-Lakeshore
1156138,STR-2301-FJHDVP,30 Cavotti Cres,,M3H,Single/Semi-detached House,6,York Centre
1156139,STR-2301-GHBDVS,12 York St,3406,M5J,Condominium,10,Spadina-Fort York
1156140,STR-2301-GXPDVV,14 York St,1904,M5J,Condominium,10,Spadina-Fort York
1156141,STR-2301-JDPDVZ,33 Nipigon Ave,,M2M,Single/Semi-detached House,18,Willowdale
1156142,STR-2301-FJXRVP,54 Poulett St,,M5A,Townhouse/ Row House,13,Toronto Centre
1156143,STR-2301-FSDRVQ,306 Driftwood Ave,,M3N,Single/Semi-detached House,7,Humber River-Black Creek
1156144,STR-2301-GHRRVS,955 Bay St,1607,M5S,Condominium,13,Toronto Centre
1156145,STR-2301-GYDRVV,5229 Dundas St W,405,M9B,Condominium,3,Etobicoke-Lakeshore
1156146,STR-2301-HGKRVW,560 Manning Ave,,M6G,Single/Semi-detached House,11,University-Rosedale
1156147,STR-2301-JFDRVZ,6 Park Ave,A,M4E,Apartment,19,Beaches-East York
1156148,STR-2301-GBBDVR,2 Anndale Dr,2207,M2N,Condominium,18,Willowdale
1156149,STR-2301-FHSXVP,364 Renforth Dr,,M9C,Single/Semi-detached House,2,Etobicoke Centre
1156150,STR-2301-HXPDVY,21 Iceboat Ter,1107,M5V,Condominium,10,Spadina-Fort York
1156151,STR-2301-JFVDVZ,209 Fort York Blvd,1172,M5V,Condominium,10,Spadina-Fort York
1156152,STR-2301-GBRRVR,70 Queens Wharf Rd,908,M5V,Condominium,10,Spadina-Fort York
1156153,STR-2301-HHRRVW,631 Queens St W,2,M5V,Apartment,10,Spadina-Fort York
1156154,STR-2301-HYDRVY,196 Hillcrest Ave,Main,M2N,Single/Semi-detached House,18,Willowdale
1156155,STR-2301-FVCKVR,550 Dufferin St,2,M6K,Apartment,9,Davenport
1156156,STR-2301-GCJKVS,216 Empress Ave,,M2N,Single/Semi-detached House,18,Willowdale
1156157,STR-2301-GKQKVT,255 Finch Ave E,,M2N,Single/Semi-detached House,18,Willowdale
1156158,STR-2301-HRQKVY,388 Yonge St,7310,M5B,Condominium,11,University-Rosedale
1156159,STR-2301-FFFXVP,188 Cumberland St,2211,M5R,Condominium,11,University-Rosedale
1156160,STR-2301-HJYXVX,231 Fort York Blvd,1712,M5V,Condominium,10,Spadina-Fort York
1156161,STR-2301-HSFXVY,85 McMahon Dr,3207,M2K,Condominium,17,Don Valley North
1156162,STR-2301-FPCKVQ,21 Iceboat Ter,2601,M5V,Condominium,10,Spadina-Fort York
1156163,STR-2301-GDQKVS,100 Canon Jackson Dr,208,M6M,Apartment,5,York South-Weston
1156164,STR-2301-GLWKVT,251 Manitoba St,814,M8Y,Condominium,3,Etobicoke-Lakeshore
1156165,STR-2301-GVCKVV,26 Leyton Ave,,M1L,Single/Semi-detached House,20,Scarborough Southwest
1156166,STR-2301-HKQKVX,68 Hamilton St,Lower,M4M,Single/Semi-detached House,14,Toronto-Danforth
1156167,STR-2301-FGLXVP,557 Ossington Ave,,M6G,Single/Semi-detached House,11,University-Rosedale
1156168,STR-2301-GFFXVS,219 Fort York Blvd,310,M5V,Condominium,10,Spadina-Fort York
1156169,STR-2301-GVSXVV,101 Peter St,3702,M5V,Condominium,10,Spadina-Fort York
1156170,STR-2301-HCYXVW,66 Gatesview Ave,,M1J,Single/Semi-detached House,24,Scarborough-Guildwood
1156171,STR-2301-HLFXVX,800 King St W,407,M5V,Condominium,10,Spadina-Fort York
1156172,STR-2301-FXQKVR,33 Mill Cove,,M8X,Single/Semi-detached House,3,Etobicoke-Lakeshore
1156173,STR-2301-HDQKVW,33 Manchester Ave,,M6G,Single/Semi-detached House,11,University-Rosedale
1156174,STR-2301-HLWKVX,12 York St,1202,M5J,Condominium,10,Spadina-Fort York
1156175,STR-2301-GPSXVT,158 Glenmount Park Rd,,M4E,Single/Semi-detached House,19,Beaches-East York
1156176,STR-2301-GWYXVV,51 River St,,M5A,Townhouse/ Row House,13,Toronto Centre
1156177,STR-2301-HFFXVW,680 Mortimer Ave,,M4C,Single/Semi-detached House,19,Beaches-East York
1156178,STR-2301-HMLXVX,21 Iceboat Ter,4807,M5V,Condominium,10,Spadina-Fort York
1156179,STR-2301-FJJKVP,188 Cumberland St,2205,M5R,Condominium,11,University-Rosedale
1156180,STR-2301-FYWKVR,11 Wellesley St W,406,M4Y,Condominium,13,Toronto Centre
1156181,STR-2301-GHCKVS,95 Davenport Rd,317,M5R,Apartment,11,University-Rosedale
1156182,STR-2301-GQJKVT,660 Eglinton Ave W,111,M5N,Apartment,8,Eglinton-Lawrence
1156183,STR-2301-HFWKVW,39 McCool Crt,,M1V,Single/Semi-detached House,23,Scarborough North
1156184,STR-2301-HWJKVY,479 Wilson Heights Blvd,,M3H,Single/Semi-detached House,6,York Centre
1156185,STR-2301-GHSXVS,225 Wellesley St E,714,M4X,Condominium,13,Toronto Centre
1156186,STR-2301-GQYXVT,487 Hounslow Ave,,M2R,Single/Semi-detached House,18,Willowdale
1156187,STR-2301-HGLXVW,215 Fort York Blvd,3311,M5V,Condominium,10,Spadina-Fort York
1156188,STR-2301-JFFXVZ,34 Farmcrest Dr,Lower Unit,M1T,Single/Semi-detached House,22,Scarborough-Agincourt
1156189,STR-2301-FSWKVQ,55 Lewis St,,M4M,Single/Semi-detached House,14,Toronto-Danforth
1156190,STR-2301-GBCKVR,8 Runnymede Rd,,M6S,Single/Semi-detached House,4,Parkdale-High Park
1156191,STR-2301-GRQKVT,18 Yonge St,3809,M5E,Condominium,10,Spadina-Fort York
1156192,STR-2301-HHCKVW,551 King St E,,M5A,Townhouse/ Row House,13,Toronto Centre
1156193,STR-2301-HQJKVX,2040 Don Mills Rd,1105,M3A,Apartment,16,Don Valley East
1156194,STR-2301-JFWKVZ,155 Beecroft Rd,709,M2N,Condominium,18,Willowdale
1156195,STR-2301-FLFXVP,65 Bremner Blvd,3603,M5J,Condominium,10,Spadina-Fort York
1156196,STR-2301-FTLXVQ,300 Front St W,505,M5V,Condominium,10,Spadina-Fort York
1156197,STR-2301-GBSXVR,270 Wellington St W,924,M5V,Condominium,10,Spadina-Fort York
1156198,STR-2301-GSFXVT,12 York St,5307,M5J,Condominium,10,Spadina-Fort York
1156199,STR-2301-HQYXVX,38 Templar Dr,,M9R,Single/Semi-detached House,2,Etobicoke Centre
1156200,STR-2301-JGLXVZ,5162 Yonge St,3202,M2N,Condominium,18,Willowdale
1156201,STR-2301-FDRRVP,561 Sherbourne St,4003,M4X,Apartment,13,Toronto Centre
1156202,STR-2301-FVDRVR,11 Wedgewood Dr,,M2M,Single/Semi-detached House,18,Willowdale
1156203,STR-2301-GCKRVS,419 Shaw St,,M6J,Apartment,11,University-Rosedale
1156204,STR-2301-GSXRVV,95 Bathurst St,218,M5V,Condominium,10,Spadina-Fort York
1156205,STR-2301-HBDRVW,1184 Ossington Ave,1,M6G,Duplex/Triplex/Fourplex,9,Davenport
1156206,STR-2301-FFHDVP,413 Willard Ave,,M6S,Single/Semi-detached House,4,Parkdale-High Park
1156207,STR-2301-GDBDVS,339 Berkeley St,,M5A,Single/Semi-detached House,13,Toronto Centre
1156208,STR-2301-HBVDVW,83 Sullivan St,UN1,M5T,Townhouse/ Row House,10,Spadina-Fort York
1156209,STR-2301-HZPDVZ,48 Massey St,1,M6J,Townhouse/ Row House,10,Spadina-Fort York
1156210,STR-2301-FPDRVQ,6 Lochinvar Cres,,M3A,Single/Semi-detached House,16,Don Valley East
1156211,STR-2301-GVDRVV,87 Peter St,1601,M5V,Condominium,10,Spadina-Fort York
1156212,STR-2301-HCKRVW,22 Western Battery Rd,101,M6K,Townhouse/ Row House,10,Spadina-Fort York
1156213,STR-2301-FGPDVP,20 John St,321,M5V,Condominium,10,Spadina-Fort York
1156214,STR-2301-FPVDVQ,20 John St,522,M5V,Condominium,10,Spadina-Fort York
1156215,STR-2301-GFHDVS,55 Bremner Blvd,4209,M5J,Condominium,10,Spadina-Fort York
1156216,STR-2301-GMPDVT,246 Gerrard St E,2,M5A,Duplex/Triplex/Fourplex,13,Toronto Centre
1156217,STR-2301-HDBDVW,155 Yorkville Ave,2817,M5R,Condominium,11,University-Rosedale
1156218,STR-2301-FHDRVP,452 Glengrove Ave,,M5N,Single/Semi-detached House,8,Eglinton-Lawrence
1156219,STR-2301-GFXRVS,70 August Ave,,M1L,Single/Semi-detached House,20,Scarborough Southwest
1156220,STR-2301-HDRRVW,85 Wood St,4311,M4Y,Condominium,13,Toronto Centre
1156221,STR-2301-HVDRVY,73 Thirty First St,,M8W,Single/Semi-detached House,3,Etobicoke-Lakeshore
1156222,STR-2301-JCKRVZ,151 Dan Leckie Way,606,M5V,Condominium,10,Spadina-Fort York
1156223,STR-2301-FRBDVQ,55 Raeburn Ave,,M3H,Single/Semi-detached House,6,York Centre
1156224,STR-2301-FYHDVR,10 De Quincy Blvd,,M3H,Single/Semi-detached House,6,York Centre
1156225,STR-2301-GPVDVT,97 Hadrian Dr,,M9W,Single/Semi-detached House,1,Etobicoke North
1156226,STR-2301-FYXRVR,87 Peter St,3308,M5V,Condominium,10,Spadina-Fort York
1156227,STR-2301-GQKRVT,300 Front St W,PH3,M5V,Condominium,10,Spadina-Fort York
1156228,STR-2301-GXRRVV,91 Shaw St,,M6J,Townhouse/ Row House,10,Spadina-Fort York
1156229,STR-2301-HPDRVX,150 Bellwoods Ave,Upstairs,M6J,Single/Semi-detached House,10,Spadina-Fort York
1156230,STR-2301-HWKRVY,85 Silverstone Dr,,M9V,Single/Semi-detached House,1,Etobicoke North
1156231,STR-2301-JDRRVZ,252 Royal York Rd,209,M8V,Townhouse/ Row House,3,Etobicoke-Lakeshore
1156232,STR-2301-FKBDVP,14 Atkins Ave,,M6K,Single/Semi-detached House,9,Davenport
1156233,STR-2301-FSHDVQ,187 Ontario St,,M5A,Townhouse/ Row House,13,Toronto Centre
1156234,STR-2301-GHVDVS,41 River St,1,M5A,Condominium,13,Toronto Centre
1156235,STR-2301-GRBDVT,41 River St,2,M5A,Condominium,13,Toronto Centre
1156236,STR-2301-HXBDVY,13 Jones Ave,,M4M,Single/Semi-detached House,14,Toronto-Danforth
1156237,STR-2301-JFHDVZ,227 Victoria Park Ave,,M4E,Single/Semi-detached House,20,Scarborough Southwest
1156238,STR-2301-GBDRVR,5155 Sheppard Ave E,407,M1B,Condominium,23,Scarborough North
1156239,STR-2301-GRRRVT,25 Oakridge Dr,,M1M,Single/Semi-detached House,20,Scarborough Southwest
1156240,STR-2301-JFXRVZ,61 McGill St,,M5B,Townhouse/ Row House,13,Toronto Centre
1156241,STR-2301-GSHDVT,386 Yonge St,4307,M5B,Condominium,11,University-Rosedale
1156242,STR-2301-HYHDVY,251 Jarvis St,621,M5B,Condominium,13,Toronto Centre
1156243,STR-2301-JGPDVZ,101 Peter St,3012,M5V,Condominium,10,Spadina-Fort York
1156244,STR-2301-FDSXVP,135 Bleecker St,301,M4X,Apartment,13,Toronto Centre
1156245,STR-2301-HBFXVW,3630B St Clair Ave E,,M1N,Townhouse/ Row House,20,Scarborough Southwest
1156246,STR-2301-HJLXVX,62 Pilkington Dr,,M1L,Townhouse/ Row House,20,Scarborough Southwest
1156247,STR-2302-HYYXVZ,501 Yonge St,1608,M4Y,Condominium,13,Toronto Centre
1156248,STR-2302-FMQKVQ,7 East York Ave,,M4K,Townhouse/ Row House,14,Toronto-Danforth
1156249,STR-2302-GDCKVS,300 Front St W,3909,M5V,Condominium,10,Spadina-Fort York
1156250,STR-2302-GLJKVT,326 Carlaw Ave,207,M4M,Apartment,14,Toronto-Danforth
1156251,STR-2302-GTQKVV,47 Katie Crt,Basement,M6L,Single/Semi-detached House,5,York South-Weston
1156252,STR-2302-HBWKVW,33 Orchard View Blvd,1722,M4R,Apartment,8,Eglinton-Lawrence
1156253,STR-2302-HKCKVX,57 Farley Cres,,M9R,Single/Semi-detached House,2,Etobicoke Centre
1156254,STR-2302-HSJKVY,39 Queens Quay E,830,M5E,Condominium,10,Spadina-Fort York
1156255,STR-2302-FFYXVP,155 Lisgar St,2,M6J,Apartment,9,Davenport
1156256,STR-2302-FWLXVR,205 Ellerslie Ave,,M2N,Single/Semi-detached House,18,Willowdale
1156257,STR-2302-GDSXVS,14 York St,5010,M5J,Condominium,10,Spadina-Fort York
1156258,STR-2302-HKSXVX,40 Darnborough Way,,M1W,Single/Semi-detached House,22,Scarborough-Agincourt
1156259,STR-2302-HSYXVY,713 College St,A,M6G,Apartment,11,University-Rosedale
1156260,STR-2302-FGQKVP,9 Douville Crt,,M5A,Townhouse/ Row House,10,Spadina-Fort York
1156261,STR-2302-FPWKVQ,19 Earnbridge St,2,M6K,Duplex/Triplex/Fourplex,4,Parkdale-High Park
1156262,STR-2302-HLJKVX,53 Abbott Ave,Upper,M6P,Duplex/Triplex/Fourplex,4,Parkdale-High Park
1156263,STR-2302-HTQKVY,21 Iceboat Ter,933,M5V,Condominium,10,Spadina-Fort York
1156264,STR-2302-JBWKVZ,295 Adelaide St W,4104,M5V,Condominium,10,Spadina-Fort York
1156265,STR-2302-FHFXVP,418 Euclid Ave,,M6G,Single/Semi-detached House,11,University-Rosedale
1156266,STR-2302-FQLXVQ,65 Bremner Blvd,3411,M5J,Condominium,10,Spadina-Fort York
1156267,STR-2302-GFYXVS,2632 Danforth Ave,1,M4C,Apartment,19,Beaches-East York
1156268,STR-2302-GPFXVT,2 Anndale Dr,308,M2N,Apartment,18,Willowdale
1156269,STR-2302-HDSXVW,10 Farmington Cres,,M1S,Single/Semi-detached House,22,Scarborough-Agincourt
1156270,STR-2302-HFJKVW,381 Murray Ross Pkwy,,M3J,Single/Semi-detached House,7,Humber River-Black Creek
1156271,STR-2302-JDCKVZ,1222 King St W,2nd Floor,M6K,Duplex/Triplex/Fourplex,4,Parkdale-High Park
1156272,STR-2302-GQLXVT,34 Chipping Rd,,M3B,Single/Semi-detached House,16,Don Valley East
1156273,STR-2302-GXSXVV,110A Sackville St,,M5A,Townhouse/ Row House,13,Toronto Centre
1156274,STR-2302-HFYXVW,162 Hilda Ave,,M2M,Single/Semi-detached House,18,Willowdale
1156275,STR-2302-FSJKVQ,1572 Dundas St E,,M4L,Single/Semi-detached House,14,Toronto-Danforth
1156276,STR-2302-GRCKVT,125 Peter St,711,M5V,Condominium,10,Spadina-Fort York
1156277,STR-2302-HPWKVX,24 Cornell Ave,,M1N,Single/Semi-detached House,20,Scarborough Southwest
1156278,STR-2302-HXCKVY,275 Newton Dr,,M2M,Single/Semi-detached House,18,Willowdale
1156279,STR-2302-JFJKVZ,1 Edgewater Dr,GPH27,M5A,Apartment,10,Spadina-Fort York
1156280,STR-2302-GJLXVS,8 Geneva Ave,Basement,M5A,Apartment,13,Toronto Centre
1156281,STR-2302-GYYXVV,68 Carr St,17,M5T,Townhouse/ Row House,10,Spadina-Fort York
1156282,STR-2302-HHFXVW,361 Madison Ave,,M4V,Townhouse/ Row House,12,Toronto-St. Paul's
1156283,STR-2302-HXSXVY,65 Bremner Blvd,4803,M5J,Condominium,10,Spadina-Fort York
1156284,STR-2302-JFYXVZ,57 Palmer Ave,,M4C,Single/Semi-detached House,19,Beaches-East York
1156285,STR-2302-FTQKVQ,16 McAdam Ave,310,M6A,Condominium,8,Eglinton-Lawrence
1156286,STR-2302-HHWKVW,1 Edgewater Dr,622,M5A,Condominium,10,Spadina-Fort York
1156287,STR-2302-HRCKVX,69 Lynn Williams St,813,M6K,Condominium,10,Spadina-Fort York
1156288,STR-2302-JGQKVZ,383 Ossington Ave,1,M6J,Apartment,11,University-Rosedale
1156289,STR-2302-FDVDVP,3 Dennett Dr,,M1S,Single/Semi-detached House,23,Scarborough North
1156290,STR-2302-FMBDVQ,585 Bloor St E,2415,M4W,Condominium,13,Toronto Centre
1156291,STR-2302-FVHDVR,73 Regency Sq,,M1E,Single/Semi-detached House,24,Scarborough-Guildwood
1156292,STR-2302-HBHDVW,46 St Clarens Ave,Lower,M6K,Duplex/Triplex/Fourplex,9,Davenport
1156293,STR-2302-HJPDVX,1392 Bloor St W,3,M6P,Townhouse/ Row House,9,Davenport
1156294,STR-2302-FFKRVP,165 Legion Rd N,734,M8Y,Condominium,3,Etobicoke-Lakeshore
1156295,STR-2302-GDDRVS,151 Dan Leckie Way,845,M5V,Condominium,10,Spadina-Fort York
1156296,STR-2302-GLKRVT,151 Dan Leckie Way,906,M5V,Condominium,10,Spadina-Fort York
1156297,STR-2302-HKDRVX,14 York St,6611,M5J,Condominium,10,Spadina-Fort York
1156298,STR-2302-HSKRVY,2805 Bathurst St,,M6B,Townhouse/ Row House,8,Eglinton-Lawrence
1156299,STR-2302-FGBDVP,2221 Yonge St,2908,M4S,Condominium,12,Toronto-St. Paul's
1156300,STR-2302-FPHDVQ,90 stadium rd,1209,M5V,Condominium,10,Spadina-Fort York
1156301,STR-2302-FWPDVR,19 BATHURST St,3115,M5V,Condominium,10,Spadina-Fort York
1156302,STR-2302-GDVDVS,72 Robert St,,M9N,Single/Semi-detached House,5,York South-Weston
1156303,STR-2302-GMBDVT,155 Legion Rd N,808,M8Y,Condominium,3,Etobicoke-Lakeshore
1156304,STR-2302-GVHDVV,88 Harbour St,5101,M5J,Condominium,10,Spadina-Fort York
1156305,STR-2302-HCPDVW,12 York St,3009,M5J,Condominium,10,Spadina-Fort York
1156306,STR-2302-HKVDVX,138 Kenwood Ave,,M6C,Single/Semi-detached House,12,Toronto-St. Paul's
1156307,STR-2302-HTBDVY,14 York St,3206,M5J,Condominium,10,Spadina-Fort York
1156308,STR-2302-FGRRVP,52 De Grassi St,,M4M,Single/Semi-detached House,14,Toronto-Danforth
1156309,STR-2302-FPXRVQ,111 Harrison St,,M6J,Townhouse/ Row House,9,Davenport
1156310,STR-2302-FXDRVR,282 Ossington Ave,Basement,M6J,Single/Semi-detached House,9,Davenport
1156311,STR-2302-GVXRVV,745 Queen St W,2,M6J,Duplex/Triplex/Fourplex,10,Spadina-Fort York
1156312,STR-2302-HDDRVW,300 Front St W,1005,M5V,Condominium,10,Spadina-Fort York
1156313,STR-2302-JBXRVZ,38 Euclid Ave,main floor,M6J,Single/Semi-detached House,10,Spadina-Fort York
1156314,STR-2302-FHHDVP,138 Falstaff Ave,,M6L,Single/Semi-detached House,5,York South-Weston
1156315,STR-2302-FQPDVQ,75 Grackle Trl,,M1X,Single/Semi-detached House,23,Scarborough North
1156316,STR-2302-GGBDVS,602A Fleet St,,M5V,Townhouse/ Row House,10,Spadina-Fort York
1156317,STR-2302-GPHDVT,251 Jarvis St,3804,M5B,Condominium,13,Toronto Centre
1156318,STR-2302-GWPDVV,38 Dan Leckie Way,1711,M5V,Condominium,10,Spadina-Fort York
1156319,STR-2302-HDVDVW,165 Legion Rd N,1928,M8Y,Condominium,3,Etobicoke-Lakeshore
1156320,STR-2302-JCPDVZ,262 Beatrice St,A,M6G,Townhouse/ Row House,11,University-Rosedale
1156321,STR-2302-FHXRVP,99 Coleridge Ave,,M4C,Single/Semi-detached House,19,Beaches-East York
1156322,STR-2302-GXDRVV,104 Glengowan Rd,,M4N,Single/Semi-detached House,15,Don Valley West
1156323,STR-2302-JDDRVZ,219 Fort York Blvd,1808,M5V,Condominium,10,Spadina-Fort York
1156324,STR-2302-FJPDVP,263 Dunforest Ave,,M2N,Single/Semi-detached House,18,Willowdale
1156325,STR-2302-FZBDVR,151 Poyntz Ave,,M2N,Single/Semi-detached House,18,Willowdale
1156326,STR-2302-GQPDVT,14 Tarsus Cres,,M1C,Single/Semi-detached House,25,Scarborough-Rouge Park
1156327,STR-2302-GXVDVV,188 Cumberland St,801,M5R,Apartment,11,University-Rosedale
1156328,STR-2302-HPHDVX,438 Pharmacy Ave,,M1L,Single/Semi-detached House,20,Scarborough Southwest
1156329,STR-2302-JDVDVZ,101 Peter St,2303,M5V,Condominium,10,Spadina-Fort York
1156330,STR-2302-FKDRVP,560 Front St W,518,M5V,Condominium,10,Spadina-Fort York
1156331,STR-2302-FZRRVR,210 Victoria St,4105,M5B,Condominium,13,Toronto Centre
1156332,STR-2302-HXDRVY,251 Jarvis St,5004,M5B,Condominium,13,Toronto Centre
1156333,STR-2302-FKVDVP,43 Geneva Ave,,M5A,Townhouse/ Row House,13,Toronto Centre
1156334,STR-2302-GJPDVS,450 Bathurst St,2,M5T,Apartment,11,University-Rosedale
1156335,STR-2302-GRVDVT,41 River St,3,M5A,Condominium,13,Toronto Centre
1156336,STR-2302-HXVDVY,110 Concord Ave,Main,M6H,Single/Semi-detached House,9,Davenport
1156337,STR-2302-JGBDVZ,155 Yorkville Ave,718,M5R,Condominium,11,University-Rosedale
1156338,STR-2302-FTRRVQ,208 Queens Quay W,2203,M5J,Condominium,10,Spadina-Fort York
1156339,STR-2302-GBXRVR,187 Downsview Park Blvd,,M3K,Townhouse/ Row House,6,York Centre
1156340,STR-2302-GKDRVS,324 Beech Ave,,M4E,Single/Semi-detached House,19,Beaches-East York
1156341,STR-2302-HHXRVW,151 Dan Leckie Way,806,M5V,Condominium,10,Spadina-Fort York
1156342,STR-2302-HYKRVY,15 Bayfield Cres,,M4K,Single/Semi-detached House,14,Toronto-Danforth
1156343,STR-2302-FDWKVP,39 Verwood Ave,,M3H,Single/Semi-detached House,6,York Centre
1156344,STR-2302-FMCKVQ,94 Dagmar Ave,,M4M,Single/Semi-detached House,14,Toronto-Danforth
1156345,STR-2302-FVJKVR,207 Dunn Ave,,M6K,Single/Semi-detached House,4,Parkdale-High Park
1156346,STR-2302-GCQKVS,9 Centennial Park Rd,84,M9C,Townhouse/ Row House,2,Etobicoke Centre
1156347,STR-2302-HRWKVY,1059 Dufferin St,,M6H,Single/Semi-detached House,9,Davenport
1156348,STR-2302-FMSXVQ,120 Homewood Ave,603,M4Y,Condominium,13,Toronto Centre
1156349,STR-2302-GTSXVV,446 Durie St,,M6S,Single/Semi-detached House,4,Parkdale-High Park
1156350,STR-2302-HBYXVW,117 Boston Ave,,M4M,Single/Semi-detached House,14,Toronto-Danforth
1156351,STR-2302-HKFXVX,5131 Sheppard Ave E,411,M1B,Condominium,23,Scarborough North
1156352,STR-2302-HZSXVZ,530 Indian Grv,709,M6P,Condominium,4,Parkdale-High Park
1156353,STR-2302-FGCKVP,701 King St W,412,M5V,Condominium,10,Spadina-Fort York
1156354,STR-2302-FWQKVR,373 Front St W,101,M5V,Condominium,10,Spadina-Fort York
1156355,STR-2302-GDWKVS,147 Brickworks Lane,,M6N,Townhouse/ Row House,5,York South-Weston
1156356,STR-2302-GMCKVT,63 Alcorn Ave,,M4V,Single/Semi-detached House,12,Toronto-St. Paul's
1156357,STR-2302-HKWKVX,105 Jersey Ave,,M6G,Single/Semi-detached House,11,University-Rosedale
1156358,STR-2302-JBJKVZ,153 Logan Ave,,M4M,Apartment,14,Toronto-Danforth
1156359,STR-2302-FPYXVQ,123 Lee Ave,,M4E,Single/Semi-detached House,19,Beaches-East York
1156360,STR-2302-FXFXVR,536 Dupont St,Upper,M6G,Single/Semi-detached House,11,University-Rosedale
1156361,STR-2302-HDFXVW,88 Blue Jays Way,1015,M5V,Condominium,10,Spadina-Fort York
1156362,STR-2302-HTSXVY,300 Front St W,808,M5V,Condominium,10,Spadina-Fort York
1156363,STR-2302-JBYXVZ,2 Aberdeen Ave,,M4X,Single/Semi-detached House,13,Toronto Centre
1156364,STR-2302-FHJKVP,213 Parliament St,Main,M5A,Single/Semi-detached House,13,Toronto Centre
1156365,STR-2302-FQQKVQ,1 Garnier Crt,,M2M,Single/Semi-detached House,17,Don Valley North
1156366,STR-2302-FXWKVR,992 Dundas St E,,M4M,Townhouse/ Row House,14,Toronto-Danforth
1156367,STR-2302-GGCKVS,298 Ossington Ave,1,M6J,Duplex/Triplex/Fourplex,9,Davenport
1156368,STR-2302-GPJKVT,300 Front St W,2,M5V,Condominium,10,Spadina-Fort York
1156369,STR-2302-HDWKVW,551 Donlands Ave,Main Floor,M4J,Single/Semi-detached House,14,Toronto-Danforth
1156370,STR-2302-HMCKVX,377 Lansdowne Ave,Upper,M6H,Single/Semi-detached House,9,Davenport
1156371,STR-2302-HMVDVX,155 Church St,201,M5B,Apartment,13,Toronto Centre
1156372,STR-2302-FRFXVQ,178 Kennedy Rd,,M1N,Single/Semi-detached House,20,Scarborough Southwest
1156373,STR-2302-HFLXVW,25 Learmont Dr,,M9R,Single/Semi-detached House,2,Etobicoke Centre
1156374,STR-2302-HMSXVX,130 Macpherson Ave,11,M5R,Apartment,11,University-Rosedale
1156375,STR-2302-FJQKVP,43 old oak rd,,M9A,Single/Semi-detached House,2,Etobicoke Centre
1156376,STR-2302-FRWKVQ,114 Lansdowne Ave,,M6K,Single/Semi-detached House,4,Parkdale-High Park
1156377,STR-2302-GHJKVS,197 Yonge St,5311,M5B,Condominium,13,Toronto Centre
1156378,STR-2302-HGCKVW,15 Iceboat Ter,942A,M5V,Condominium,10,Spadina-Fort York
1156379,STR-2302-HPJKVX,16 McAdam Ave,409,M6A,Condominium,8,Eglinton-Lawrence
1156380,STR-2302-FKFXVP,53 Pritchard Ave,,M6N,Single/Semi-detached House,5,York South-Weston
1156381,STR-2302-FSLXVQ,21 Iceboat Ter,829,M5V,Condominium,10,Spadina-Fort York
1156382,STR-2302-GRFXVT,300 Front St W,4108,M5V,Condominium,10,Spadina-Fort York
1156383,STR-2302-JFLXVZ,20 Shore Breeze Dr,304,M8V,Condominium,3,Etobicoke-Lakeshore
1156384,STR-2302-GBJKVR,390 Queens Quay W,1610,M5V,Apartment,10,Spadina-Fort York
1156385,STR-2302-GJQKVS,78 Augusta Ave,,M5T,Townhouse/ Row House,10,Spadina-Fort York
1156386,STR-2302-HQQKVX,21 Iceboat Ter,328,M5V,Condominium,10,Spadina-Fort York
1156387,STR-2302-HXWKVY,54 Brunswick Ave,,M5S,Single/Semi-detached House,11,University-Rosedale
1156388,STR-2302-JGCKVZ,215 Fort York Blvd,619,M5V,Condominium,10,Spadina-Fort York
1156389,STR-2302-FTSXVQ,19 Delburn Dr,,M1V,Single/Semi-detached House,23,Scarborough North
1156390,STR-2302-GBYXVR,117 Birkdale Rd,,M1P,Single/Semi-detached House,21,Scarborough Centre
1156391,STR-2302-GKFXVS,98 Lillian St,2412,M4S,Condominium,12,Toronto-St. Paul's
1156392,STR-2302-GSLXVT,13 Woodfield Rd,Lower,M4L,Duplex/Triplex/Fourplex,14,Toronto-Danforth
1156393,STR-2302-HRFXVX,96 Oakmeadow Blvd,,M1E,Single/Semi-detached House,24,Scarborough-Guildwood
1156394,STR-2302-JGSXVZ,1415 Gerrard St E,1,M4L,Apartment,14,Toronto-Danforth
1156395,STR-2302-FMDRVQ,64 Glebemount Ave,,M4C,Single/Semi-detached House,19,Beaches-East York
1156396,STR-2302-GTDRVV,60 Sunvale Dr,,M9R,Single/Semi-detached House,2,Etobicoke Centre
1156397,STR-2302-HJRRVX,3 Channel Ave,,M5J,Single/Semi-detached House,10,Spadina-Fort York
1156398,STR-2302-HRXRVY,973 Willowdale Ave,,M2M,Single/Semi-detached House,18,Willowdale
1156399,STR-2302-FFPDVP,42 Hinton Rd,,M9W,Single/Semi-detached House,1,Etobicoke North
1156400,STR-2302-GDHDVS,30 Fernwood Park Ave,2,M4E,Duplex/Triplex/Fourplex,19,Beaches-East York
1156401,STR-2302-GLPDVT,62 Roanoke Rd,,M3A,Single/Semi-detached House,16,Don Valley East
1156402,STR-2302-HKHDVX,211 Van Dusen Blvd,,M8Z,Single/Semi-detached House,3,Etobicoke-Lakeshore
1156403,STR-2302-FPKRVQ,560 Front St W,613,M5V,Condominium,10,Spadina-Fort York
1156404,STR-2302-GMDRVT,3 Kimbourne Ave,,M4J,Single/Semi-detached House,14,Toronto-Danforth
1156405,STR-2302-GVKRVV,2 Eva Rd,1328,M9C,Condominium,2,Etobicoke Centre
1156406,STR-2302-HKXRVX,26 Grangemill Cres,,M3B,Single/Semi-detached House,15,Don Valley West
1156407,STR-2302-FGVDVP,17 Statesman Sq,,M1S,Single/Semi-detached House,23,Scarborough North
1156408,STR-2302-FXHDVR,151 Dan Leckie Way,518,M5V,Condominium,10,Spadina-Fort York
1156409,STR-2302-HDHDVW,2 Ollerton Rd,,M3J,Single/Semi-detached House,7,Humber River-Black Creek
1156410,STR-2302-JCBDVZ,92 Highfield Rd,Upper,M4L,Single/Semi-detached House,14,Toronto-Danforth
1156411,STR-2302-FQRRVQ,238 Manning Ave,,M6J,Townhouse/ Row House,11,University-Rosedale
1156412,STR-2302-GPKRVT,1 King St W,2704,M5H,Condominium,13,Toronto Centre
1156413,STR-2302-GWRRVV,8 Petman Ave,,M4S,Single/Semi-detached House,15,Don Valley West
1156414,STR-2302-HMDRVX,14 York St,5605,M5J,Condominium,10,Spadina-Fort York
1156415,STR-2302-HVKRVY,16 Marquette,8,M6A,Townhouse/ Row House,8,Eglinton-Lawrence
1156416,STR-2302-JCRRVZ,10 Beaver Bend Cres,,M9B,Single/Semi-detached House,2,Etobicoke Centre
1156417,STR-2302-HWBDVY,155 Church St,202,M5B,Apartment,13,Toronto Centre
1156418,STR-2302-FRXRVQ,15 Iceboat Ter,836,M5V,Condominium,10,Spadina-Fort York
1156419,STR-2302-GHKRVS,209 Fort York Blvd,1262,M5V,Condominium,10,Spadina-Fort York
1156420,STR-2302-GXXRVV,135 Marlee Ave,204,M6B,Condominium,8,Eglinton-Lawrence
1156421,STR-2302-HGDRVW,20 Prust Ave,,M4L,Single/Semi-detached House,14,Toronto-Danforth
1156422,STR-2302-JDXRVZ,31 Grafton Ave,,M6R,Single/Semi-detached House,4,Parkdale-High Park
1156423,STR-2302-GRHDVT,81 Fishleigh Dr,,M1N,Single/Semi-detached House,20,Scarborough Southwest
1156424,STR-2302-HGVDVW,65 Bremner Blvd,1203,M5J,Condominium,10,Spadina-Fort York
1156425,STR-2302-FKXRVP,65 Bremner Blvd,1503,M5J,Condominium,10,Spadina-Fort York
1156426,STR-2302-FTDRVQ,155 Yorkville Ave,2107,M5R,Condominium,11,University-Rosedale
1156427,STR-2302-GJRRVS,1600 Keele St,303,M6N,Condominium,5,York South-Weston
1156428,STR-2302-HHKRVW,31 Braywin Dr,,M9P,Single/Semi-detached House,1,Etobicoke North
1156429,STR-2302-JGDRVZ,231 Fort York Blvd,111,M5V,Condominium,10,Spadina-Fort York
1156430,STR-2302-FLPDVP,134 Hove St,,M3H,Single/Semi-detached House,6,York Centre
1156431,STR-2302-FTVDVQ,1553 Bloor St W,7,M6P,Apartment,4,Parkdale-High Park
1156432,STR-2302-GKHDVS,151 Dan Leckie Way,917,M5V,Condominium,10,Spadina-Fort York
1156433,STR-2302-GSPDVT,21 Iceboat Ter,4615,M5V,Condominium,10,Spadina-Fort York
1156434,STR-2302-HRHDVX,12 York St,411,M5J,Condominium,10,Spadina-Fort York
1156435,STR-2302-HYPDVY,15 Iceboat Ter,3307,M5V,Condominium,10,Spadina-Fort York
1156436,STR-2302-JGVDVZ,59 Mitcham Dr,,M8W,Single/Semi-detached House,3,Etobicoke-Lakeshore
1156437,STR-2302-FDYXVP,24 Harrow Dr,,M6M,Single/Semi-detached House,5,York South-Weston
1156438,STR-2302-FMFXVQ,449 Rogers Rd,,M6M,Single/Semi-detached House,9,Davenport
1156439,STR-2302-FVLXVR,39 Castlebar Rd,,M8Z,Single/Semi-detached House,3,Etobicoke-Lakeshore
1156440,STR-2302-GKYXVT,74 Lanark Ave,105,M6E,Townhouse/ Row House,12,Toronto-St. Paul's
1156441,STR-2302-HBLXVW,254 Christie St,3,M6G,Apartment,11,University-Rosedale
1156442,STR-2302-HJSXVX,91 Lilac Ave,,M9M,Single/Semi-detached House,7,Humber River-Black Creek
1156443,STR-2302-HRYXVY,158 Almore Ave,A,M3H,Single/Semi-detached House,6,York Centre
1156444,STR-2302-HZFXVZ,132 Belsize Dr,,M4S,Single/Semi-detached House,12,Toronto-St. Paul's
1156445,STR-2302-FFQKVP,560 Front St W,904,M5V,Condominium,10,Spadina-Fort York
1156446,STR-2302-FMWKVQ,300 Front St W,3801,M5V,Condominium,10,Spadina-Fort York
1156447,STR-2302-FWCKVR,599 Conacher Dr,,M2M,Single/Semi-detached House,18,Willowdale
1156448,STR-2302-GDJKVS,199 Millwood Rd,BSMT APT,M4S,Apartment,12,Toronto-St. Paul's
1156449,STR-2302-GTWKVV,116 George St,N106,M5A,Condominium,13,Toronto Centre
1156450,STR-2302-HLQKVX,58 Beaty Ave,Upper,M6K,Single/Semi-detached House,4,Parkdale-High Park
1156451,STR-2302-HSQKVY,328 Brunswick Ave,5,M5R,Duplex/Triplex/Fourplex,11,University-Rosedale
1156452,STR-2302-HZWKVZ,15 Iceboat Ter,2809,M5V,Condominium,10,Spadina-Fort York
1156453,STR-2302-GMFXVT,243 Havelock St,,M6H,Single/Semi-detached House,9,Davenport
1156454,STR-2302-HCSXVW,1928 Lake Shore Blvd W,2302,M6S,Condominium,4,Parkdale-High Park
1156455,STR-2302-HKYXVX,251 Jarvis St,3012,M5B,Condominium,13,Toronto Centre
1156456,STR-2302-JBLXVZ,222 Elm St,1412,M5T,Apartment,11,University-Rosedale
1156457,STR-2302-FQCKVQ,30 Gloucester St,503,M4Y,Condominium,13,Toronto Centre
1156458,STR-2302-HDJKVW,28 Rosebank Dr,1701,M1B,Townhouse/ Row House,23,Scarborough North
1156459,STR-2302-FXYXVR,155 Stanley Greene Blvd,,M3K,Townhouse/ Row House,6,York Centre
1156460,STR-2302-GGFXVS,2 Cliffside Dr,,M1N,Single/Semi-detached House,20,Scarborough Southwest
1156461,STR-2302-GWSXVV,1123 Lansdowne Ave,Upper,M6H,Duplex/Triplex/Fourplex,9,Davenport
1156462,STR-2302-HDYXVW,295 Dufferin St,516,M6K,Apartment,10,Spadina-Fort York
1156463,STR-2302-JCSXVZ,16 Minto St,1,M4L,Duplex/Triplex/Fourplex,14,Toronto-Danforth
1156464,STR-2302-FJCKVP,30 Mitchell Ave,,M6J,Townhouse/ Row House,10,Spadina-Fort York
1156465,STR-2302-FRJKVQ,168 Banff Rd,,M4P,Single/Semi-detached House,15,Don Valley West
1156466,STR-2302-GGWKVS,525 Ossington Ave,2,M6G,Apartment,11,University-Rosedale
1156467,STR-2302-GQCKVT,562 Parliament St,2,M4X,Duplex/Triplex/Fourplex,13,Toronto Centre
1156468,STR-2302-GXJKVV,39 Pinto Dr,,M2J,Single/Semi-detached House,17,Don Valley North
1156469,STR-2302-HWCKVY,251 Manitoba St,2503,M8Y,Condominium,3,Etobicoke-Lakeshore
1156470,STR-2302-JDJKVZ,33 Edwin Ave,Laneway Home,M6P,Single/Semi-detached House,9,Davenport
1156471,STR-2302-FZFXVR,423 St Clarens Ave,,M6H,Single/Semi-detached House,9,Davenport
1156472,STR-2302-HWSXVY,8 Charlotte St,504,M5V,Condominium,10,Spadina-Fort York
1156473,STR-2302-FSQKVQ,243 Roxton Rd,,M6G,Single/Semi-detached House,11,University-Rosedale
1156474,STR-2302-FZWKVR,4 May Apple Ter,,M1E,Single/Semi-detached House,25,Scarborough-Rouge Park
1156475,STR-2302-GJCKVS,87 Peter St,612,M5V,Condominium,10,Spadina-Fort York
1156476,STR-2302-GRJKVT,209 Fort York Blvd,1672,M5V,Condominium,10,Spadina-Fort York
1156477,STR-2303-HGWKVW,10 Lowell Ave,,M1M,Single/Semi-detached House,20,Scarborough Southwest
1156478,STR-2303-HXJKVY,120 Harrison Garden Blvd,1610,M2N,Condominium,18,Willowdale
1156479,STR-2303-JFQKVZ,1171 Queen St W,S907,M6J,Condominium,9,Davenport
1156480,STR-2303-GZFXVV,1060 Sheppard Ave W,15,M3J,Condominium,6,York Centre
1156481,STR-2303-HXYXVY,17 Cosmic Dr,,M3B,Single/Semi-detached House,15,Don Valley West
1156482,STR-2303-FLQKVP,24 Alton Ave,,M4L,Single/Semi-detached House,14,Toronto-Danforth
1156483,STR-2303-FTWKVQ,19 Niantic Cres,,M3A,Single/Semi-detached House,16,Don Valley East
1156484,STR-2303-GCCKVR,20 Fiddlehead Ter,,M1B,Single/Semi-detached House,25,Scarborough-Rouge Park
1156485,STR-2303-GSQKVT,1099 Woodbine Ave,A,M4C,Single/Semi-detached House,19,Beaches-East York
1156486,STR-2303-HJCKVW,3704 St Clair Ave E,,M1M,Single/Semi-detached House,20,Scarborough Southwest
1156487,STR-2303-HRJKVX,1166 Queen St W,B,M6J,Duplex/Triplex/Fourplex,9,Davenport
1156488,STR-2303-JGWKVZ,643B Mount Pleasant Rd,1,M4S,Apartment,15,Don Valley West
1156489,STR-2303-FFBDVP,33 Bay St,2812,M5J,Condominium,10,Spadina-Fort York
1156490,STR-2303-GCVDVS,12 York St,903,M5J,Apartment,10,Spadina-Fort York
1156491,STR-2303-GLBDVT,224 Ontario St,,M5A,Single/Semi-detached House,13,Toronto Centre
1156492,STR-2303-HBPDVW,15 Iceboat Ter,3206,M5V,Condominium,10,Spadina-Fort York
1156493,STR-2303-HJVDVX,170 Chalkfarm Dr,1703,M3L,Apartment,7,Humber River-Black Creek
1156494,STR-2303-HSBDVY,82 Delabo Dr,,M3J,Single/Semi-detached House,7,Humber River-Black Creek
1156495,STR-2303-FWDRVR,101 Combe Ave,,M3H,Single/Semi-detached House,6,York Centre
1156496,STR-2303-GDKRVS,67 Frater Ave,,M4C,Single/Semi-detached House,19,Beaches-East York
1156497,STR-2303-HKKRVX,300 Front St W,302,M5V,Apartment,10,Spadina-Fort York
1156498,STR-2303-HZXRVZ,25 Heatherington Dr,,M1T,Single/Semi-detached House,22,Scarborough-Agincourt
1156499,STR-2303-FGHDVP,170 Sudbury St,407,M6J,Condominium,9,Davenport
1156500,STR-2303-HTHDVY,101 Erskine Ave,1102,M4P,Condominium,15,Don Valley West
1156501,STR-2303-FGXRVP,29 Northcrest Rd,BSMT,M9R,Single/Semi-detached House,2,Etobicoke Centre
1156502,STR-2303-FQDRVQ,67 Ruthmar Cres,,M3N,Single/Semi-detached House,7,Humber River-Black Creek
1156503,STR-2303-FXKRVR,42 Millgate Cres,,M2K,Single/Semi-detached House,17,Don Valley North
1156504,STR-2303-GFRRVS,19 Brant St,605,M5V,Condominium,10,Spadina-Fort York
1156505,STR-2303-HLRRVX,287 Booth Ave,1,M4M,Single/Semi-detached House,14,Toronto-Danforth
1156506,STR-2303-HTXRVY,30 Grand Trunk Cres,2107,M5J,Condominium,10,Spadina-Fort York
1156507,STR-2303-JCDRVZ,2 Huntsmoor Rd,BSMT,M9W,Apartment,1,Etobicoke North
1156508,STR-2303-FQVDVQ,128 Hove St,,M3H,Single/Semi-detached House,6,York Centre
1156509,STR-2303-FYBDVR,22 John St,2506,M9N,Apartment,5,York South-Weston
1156510,STR-2303-GPPDVT,251 Jarvis St,1132,M5B,Condominium,13,Toronto Centre
1156511,STR-2303-GWVDVV,834 Gerrard St E,2,M4M,Single/Semi-detached House,14,Toronto-Danforth
1156512,STR-2303-HMHDVX,20 Trenton Ter,,M6K,Townhouse/ Row House,4,Parkdale-High Park
1156513,STR-2303-HVPDVY,14 York St,5305,M5J,Condominium,10,Spadina-Fort York
1156514,STR-2303-FJDRVP,107 Neville Park Blvd,A,M4E,Single/Semi-detached House,19,Beaches-East York
1156515,STR-2303-GGXRVS,97 Rogers Rd,,M6E,Single/Semi-detached House,9,Davenport
1156516,STR-2303-HWDRVY,68 Shuter St,307,M5B,Condominium,13,Toronto Centre
1156517,STR-2303-FSBDVQ,41 Garden Ave,,M6R,Single/Semi-detached House,4,Parkdale-High Park
1156518,STR-2303-FZHDVR,10 Wyndham St,,M6K,Single/Semi-detached House,9,Davenport
1156519,STR-2303-GQVDVT,114 Milton St,,M8Y,Single/Semi-detached House,3,Etobicoke-Lakeshore
1156520,STR-2303-HGHDVW,14 Jerome St,,M6P,Single/Semi-detached House,4,Parkdale-High Park
1156521,STR-2303-JFBDVZ,220 Atlas Ave,,M6C,Single/Semi-detached House,12,Toronto-St. Paul's
1156522,STR-2303-FKKRVP,710 Ossington Ave,1,M6G,Duplex/Triplex/Fourplex,9,Davenport
1156523,STR-2303-JFRRVZ,2212 Lake Shore Blvd W,4309,M8V,Condominium,3,Etobicoke-Lakeshore
1156524,STR-2303-FLBDVP,1A Bansley Ave,304,M6E,Apartment,12,Toronto-St. Paul's
1156525,STR-2303-FTHDVQ,632 Wellington St W,,M5V,Townhouse/ Row House,10,Spadina-Fort York
1156526,STR-2303-GSBDVT,10 Gradwell Dr,,M1M,Single/Semi-detached House,20,Scarborough Southwest
1156527,STR-2303-HHPDVW,65 Bremner Blvd,2003,M5J,Condominium,10,Spadina-Fort York
1156528,STR-2303-HQVDVX,627 Davenport Rd,,M5R,Single/Semi-detached House,12,Toronto-St. Paul's
1156529,STR-2303-HYBDVY,41 Dundonald St,1702,M4Y,Apartment,13,Toronto Centre
1156530,STR-2303-GCDRVR,300 Front St W,3704,M5V,Condominium,10,Spadina-Fort York
1156531,STR-2303-GKKRVS,69 Oakmount Rd,2,M6P,Apartment,4,Parkdale-High Park
1156532,STR-2303-HJDRVW,300 Front St W,701,M5V,Condominium,10,Spadina-Fort York
1156533,STR-2303-HYRRVY,108 Moberly Ave,REAR,M4C,Single/Semi-detached House,19,Beaches-East York
1156534,STR-2303-FMJKVQ,270 Wellington St W,809,M5V,Condominium,10,Spadina-Fort York
1156535,STR-2303-GLCKVT,254 Milan St,,M5A,Townhouse/ Row House,13,Toronto Centre
1156536,STR-2303-HBQKVW,30 Lawnview Dr,,M2N,Single/Semi-detached House,18,Willowdale
1156537,STR-2303-HSCKVY,15 D'Albret Cres,,M1T,Single/Semi-detached House,22,Scarborough-Agincourt
1156538,STR-2303-FFSXVP,11 Charles St W,,M4Y,Townhouse/ Row House,13,Toronto Centre
1156539,STR-2303-FMYXVQ,13 Charles St W,,M4Y,Townhouse/ Row House,13,Toronto Centre
1156540,STR-2303-GDLXVS,539 Dovercourt Rd,B,M6H,Single/Semi-detached House,9,Davenport
1156541,STR-2303-GTYXVV,30 Shore Breeze Dr,235,M8V,Condominium,3,Etobicoke-Lakeshore
1156542,STR-2303-HZYXVZ,45 Royal York Rd,,M8V,Single/Semi-detached House,3,Etobicoke-Lakeshore
1156543,STR-2303-HCWKVW,292 Evelyn Ave,,M6P,Single/Semi-detached House,4,Parkdale-High Park
1156544,STR-2303-FGYXVP,101 Peter St,816,M5V,Condominium,10,Spadina-Fort York
1156545,STR-2303-GFSXVS,27 Glasgow St,2,M5T,Apartment,11,University-Rosedale
1156546,STR-2303-GMYXVT,10 Capreol Crt,647,M5V,Apartment,10,Spadina-Fort York
1156547,STR-2303-HTYXVY,151 Dan Leckie Way,1016,M5V,Condominium,10,Spadina-Fort York
1156548,STR-2303-FQWKVQ,65 Bremner Blvd,2511,M5J,Condominium,10,Spadina-Fort York
1156549,STR-2303-FYCKVR,12 Sombrero Crt,,M9L,Single/Semi-detached House,7,Humber River-Black Creek
1156550,STR-2303-GPQKVT,17 Derrydown Rd,1,M3J,Townhouse/ Row House,7,Humber River-Black Creek
1156551,STR-2303-GWWKVV,168 Simcoe St,1119,M5H,Condominium,10,Spadina-Fort York
1156552,STR-2303-HMJKVX,258 Concord Ave,,M6H,Single/Semi-detached House,9,Davenport
1156553,STR-2303-HVQKVY,118 Shuter St,B,M5A,Single/Semi-detached House,13,Toronto Centre
1156554,STR-2303-FJFXVP,54 Southwood Dr,,M4E,Single/Semi-detached House,19,Beaches-East York
1156555,STR-2303-FRLXVQ,210 Horsham Ave,,M2N,Single/Semi-detached House,18,Willowdale
1156556,STR-2303-FYSXVR,8 Oxford St,506,M5T,Condominium,11,University-Rosedale
1156557,STR-2303-GGYXVS,5 Temple Ave,B,M6K,Single/Semi-detached House,4,Parkdale-High Park
1156558,STR-2303-GXLXVV,78 East Dr,,M6N,Single/Semi-detached House,5,York South-Weston
1156559,STR-2303-HFSXVW,65 Bremner Blvd,1109,M5J,Condominium,10,Spadina-Fort York
1156560,STR-2303-HMYXVX,100 Harrison Garden Blvd,1506,M2N,Condominium,18,Willowdale
1156561,STR-2303-JDLXVZ,145 Spruce St,,M5A,Single/Semi-detached House,13,Toronto Centre
1156562,STR-2303-FJWKVP,300 Front St W,1909,M5V,Condominium,10,Spadina-Fort York
1156563,STR-2303-FZJKVR,11 Kirkton Rd,,M3H,Single/Semi-detached House,6,York Centre
1156564,STR-2303-GHQKVS,26 Delaney Cres,,M6K,Single/Semi-detached House,9,Davenport
1156565,STR-2303-GQWKVT,150 Burrows Hall Blvd,120,M1B,Townhouse/ Row House,23,Scarborough North
1156566,STR-2303-HGJKVW,219 Fort York Blvd,3303,M5V,Condominium,10,Spadina-Fort York
1156567,STR-2303-HPQKVX,450 Walmer Rd,509,M5P,Apartment,12,Toronto-St. Paul's
1156568,STR-2303-HWWKVY,48 Pendeen Ave,,M6N,Single/Semi-detached House,5,York South-Weston
1156569,STR-2303-JFCKVZ,416 Roselawn Ave,,M5N,Single/Semi-detached House,8,Eglinton-Lawrence
1156570,STR-2303-FKLXVP,36 Norman Wesley Way,,M3M,Townhouse/ Row House,6,York Centre
1156571,STR-2303-FSSXVQ,155 Yorkville Ave,304,M5R,Apartment,11,University-Rosedale
1156572,STR-2303-GJFXVS,125 Peter St,2107,M5V,Condominium,10,Spadina-Fort York
1156573,STR-2303-GYSXVV,22 Delaney Cres,,M6K,Single/Semi-detached House,9,Davenport
1156574,STR-2303-HGYXVW,436 Clinton St,B,M6G,Single/Semi-detached House,11,University-Rosedale
1156575,STR-2303-JFSXVZ,125 Peter St,2301,M5V,Condominium,10,Spadina-Fort York
1156576,STR-2303-FLCKVP,15 Iceboat Ter,4110,M5V,Condominium,10,Spadina-Fort York
1156577,STR-2303-FTJKVQ,352 Spadina Ave,202,M5T,Apartment,11,University-Rosedale
1156578,STR-2303-GSCKVT,55 Bremner Blvd,4904,M5J,Condominium,10,Spadina-Fort York
1156579,STR-2303-GZJKVV,51 Dewson St,2,M6H,Single/Semi-detached House,9,Davenport
1156580,STR-2303-HHQKVW,59 Warnica Ave,,M8Z,Single/Semi-detached House,3,Etobicoke-Lakeshore
1156581,STR-2303-HQWKVX,12 York St,2009,M5J,Condominium,10,Spadina-Fort York
1156582,STR-2303-HYCKVY,36 Verral Ave,,M4M,Single/Semi-detached House,14,Toronto-Danforth
1156583,STR-2303-FLSXVP,44 Vanguard Dr,,M9B,Single/Semi-detached House,2,Etobicoke Centre
1156584,STR-2303-FTYXVQ,30 Broadleaf Rd,,M3B,Single/Semi-detached House,16,Don Valley East
1156585,STR-2303-GCFXVR,35 Major St,1,M5S,Duplex/Triplex/Fourplex,11,University-Rosedale
1156586,STR-2303-GKLXVS,261 Berkeley St,1,M5A,Duplex/Triplex/Fourplex,13,Toronto Centre
1156587,STR-2303-GSSXVT,209 Fort York Blvd,569,M5V,Condominium,10,Spadina-Fort York
1156588,STR-2303-HJFXVW,300 Front St W,2209,M5V,Condominium,10,Spadina-Fort York
1156589,STR-2303-HRLXVX,251 Jarvis St,4602,M5B,Condominium,13,Toronto Centre
1156590,STR-2303-HYSXVY,2 Crosland Dr,,M1R,Single/Semi-detached House,21,Scarborough Centre
1156591,STR-2303-JGYXVZ,41 Aberdeen Ave,,M4X,Single/Semi-detached House,13,Toronto Centre
1156592,STR-2303-FDPHHP,112 Springhurst Ave,3A,M6K,Duplex/Triplex/Fourplex,4,Parkdale-High Park
1156593,STR-2303-FVBHHR,300 Front St W,1113,M5V,Condominium,10,Spadina-Fort York
1156594,STR-2303-GCHHHS,18 Ravenrock Crt,,M3A,Single/Semi-detached House,16,Don Valley East
1156595,STR-2303-GKPHHT,21 Iceboat Ter,2705,M5V,Condominium,10,Spadina-Fort York
1156596,STR-2303-HBBHHW,83 Frederick Tisdale Dr,,M3K,Townhouse/ Row House,6,York Centre
1156597,STR-2303-HJHHHX,251 Jarvis St,1703,M5B,Condominium,13,Toronto Centre
1156598,STR-2303-FFDVHP,45 Geneva Ave,,M5A,Townhouse/ Row House,13,Toronto Centre
1156599,STR-2303-FMKVHQ,37 Delburn Dr,,M1V,Single/Semi-detached House,23,Scarborough North
1156600,STR-2303-GCXVHS,11 Lillian St,1506,M4S,Condominium,12,Toronto-St. Paul's
1156601,STR-2303-GLDVHT,33 Willowbank Blvd,,M4R,Single/Semi-detached House,8,Eglinton-Lawrence
1156602,STR-2303-GTKVHV,90 Ling Rd,1404,M1E,Condominium,25,Scarborough-Rouge Park
1156603,STR-2303-HBRVHW,615 Ossington Ave,1,M6G,Apartment,11,University-Rosedale
1156604,STR-2303-HSDVHY,18 Yonge St,602,M5E,Condominium,10,Spadina-Fort York
1156605,STR-2303-HZKVHZ,1926 Lake Shore Blvd W,1810,M6S,Condominium,4,Parkdale-High Park
1156606,STR-2303-FPBHHQ,210 Simcoe St,1507,M5T,Condominium,10,Spadina-Fort York
1156607,STR-2303-FWHHHR,29 Larchmount Ave,Main,M4M,Single/Semi-detached House,14,Toronto-Danforth
1156608,STR-2303-GLVHHT,901 Queen St W,416,M6J,Condominium,10,Spadina-Fort York
1156609,STR-2303-GVBHHV,371 Rathburn Rd,,M9B,Single/Semi-detached House,2,Etobicoke Centre
1156610,STR-2303-HCHHHW,94 Markham St,,M6J,Apartment,10,Spadina-Fort York
1156611,STR-2303-HKPHHX,251 Jarvis St,2513,M5B,Condominium,13,Toronto Centre
1156612,STR-2303-HSVHHY,65 Bremner Blvd,4509,M5J,Condominium,10,Spadina-Fort York
1156613,STR-2303-JBBHHZ,251 Jarvis St,1618,M5B,Condominium,13,Toronto Centre
1156614,STR-2303-FWXVHR,251 St George St,10,M5R,Apartment,11,University-Rosedale
1156615,STR-2303-GFDVHS,48 Grenoble Dr,503,M3C,Apartment,16,Don Valley East
1156616,STR-2303-GVRVHV,1 Faulkner Cres,,M9M,Single/Semi-detached House,7,Humber River-Black Creek
1156617,STR-2303-HCXVHW,60 Millhouse Cres,,M1B,Single/Semi-detached House,25,Scarborough-Rouge Park
1156618,STR-2303-HLDVHX,12 York St,4501,M5J,Condominium,10,Spadina-Fort York
1156619,STR-2303-HTKVHY,155 Woodville Ave,,M4J,Single/Semi-detached House,14,Toronto-Danforth
1156620,STR-2303-FQHHHQ,1 Shaw St,415,M6K,Condominium,10,Spadina-Fort York
1156621,STR-2303-FXPHHR,28 Thirtieth St,,M8W,Single/Semi-detached House,3,Etobicoke-Lakeshore
1156622,STR-2303-HDPHHW,24 Clarion Rd,BSMT,M9R,Single/Semi-detached House,1,Etobicoke North
1156623,STR-2303-HLVHHX,21 Iceboat Ter,4303,M5V,Condominium,10,Spadina-Fort York
1156624,STR-2303-JCHHHZ,432 Rustic Rd,,M6L,Single/Semi-detached House,5,York South-Weston
1156625,STR-2303-FQXVHQ,550 Runnymede Rd,,M6S,Single/Semi-detached House,4,Parkdale-High Park
1156626,STR-2303-FYDVHR,383 Rimilton Ave,,M8W,Single/Semi-detached House,3,Etobicoke-Lakeshore
1156627,STR-2303-HFDVHW,246 Campbell Ave,,M6P,Single/Semi-detached House,9,Davenport
1156628,STR-2303-HMKVHX,166A Silverthorn Ave,,M6N,Single/Semi-detached House,9,Davenport
1156629,STR-2303-FRPHHQ,159 Boultbee Ave,,M4J,Townhouse/ Row House,14,Toronto-Danforth
1156630,STR-2303-GXPHHV,270 Wellington St W,523,M5V,Condominium,10,Spadina-Fort York
1156631,STR-2303-HFVHHW,20 Monte Kwinter Crt,803,M3H,Apartment,6,York Centre
1156632,STR-2303-HWHHHY,369 Keewatin Ave,,M4P,Single/Semi-detached House,15,Don Valley West
1156633,STR-2303-FJXVHP,21 Iceboat Ter,1911,M5V,Condominium,10,Spadina-Fort York
1156634,STR-2303-FSDVHQ,225 Wellesley St E,816,M4X,Apartment,13,Toronto Centre
1156635,STR-2303-FZKVHR,15 Grenville St,2211,M4Y,Condominium,13,Toronto Centre
1156636,STR-2303-GHRVHS,90 Waniska Ave,,M8Y,Single/Semi-detached House,3,Etobicoke-Lakeshore
1156637,STR-2303-GYDVHV,300 Front St W,4306,M5V,Condominium,10,Spadina-Fort York
1156638,STR-2303-HPRVHX,87 Peter St,3411,M5V,Condominium,10,Spadina-Fort York
1156639,STR-2303-HWXVHY,570 Bay St,1209,M5G,Condominium,10,Spadina-Fort York
1156640,STR-2303-FKPHHP,230 Queens Quay W,2811,M5J,Condominium,10,Spadina-Fort York
1156641,STR-2303-HRBHHX,359 Brock Ave,,M6H,Duplex/Triplex/Fourplex,9,Davenport
1156642,STR-2303-GBBHHR,377 Ridelle Ave,1620,M6B,Apartment,8,Eglinton-Lawrence
1156643,STR-2303-GJHHHS,22 Haliburton Ave,,M9B,Single/Semi-detached House,2,Etobicoke Centre
1156644,STR-2303-GYVHHV,164 Grace St,,M6G,Single/Semi-detached House,11,University-Rosedale
1156645,STR-2303-HQHHHX,3 Rexton Rd,,M9C,Single/Semi-detached House,2,Etobicoke Centre
1156646,STR-2303-FLDVHP,16 Lucy Ave,,M1L,Single/Semi-detached House,20,Scarborough Southwest
1156647,STR-2303-GJXVHS,3 Brett Ave,,M3H,Single/Semi-detached House,6,York Centre
1156648,STR-2303-HHRVHW,15 Laidlaw St,618,M6K,Apartment,10,Spadina-Fort York
1156649,STR-2303-HYDVHY,88 Charles St E,602,M4Y,Condominium,11,University-Rosedale
1156650,STR-2303-FDQPHP,99 Boston Ave,,M4M,Single/Semi-detached House,14,Toronto-Danforth
1156651,STR-2303-FLWPHQ,46 Poulett St,,M5A,Townhouse/ Row House,13,Toronto Centre
1156652,STR-2303-GCJPHS,30 Guildcrest Dr,,M1E,Single/Semi-detached House,24,Scarborough-Guildwood
1156653,STR-2303-GSWPHV,76 Castlefield Ave,,M4R,Single/Semi-detached House,8,Eglinton-Lawrence
1156654,STR-2303-HBCPHW,40 Albany Ave,,M5R,Single/Semi-detached House,11,University-Rosedale
1156655,STR-2303-HRQPHY,41 Shanly St,9,M6H,Condominium,9,Davenport
1156656,STR-2303-FFGBHP,639 Lawrence Ave W,322,M6A,Townhouse/ Row House,8,Eglinton-Lawrence
1156657,STR-2303-GCZBHS,300 Front St W,1410,M5V,Condominium,10,Spadina-Fort York
1156658,STR-2303-GLGBHT,74 Oxford St,1,M5T,Townhouse/ Row House,11,University-Rosedale
1156659,STR-2303-GTMBHV,21 Iceboat Ter,2002,M5V,Condominium,10,Spadina-Fort York
1156660,STR-2303-HBTBHW,151 Dan Leckie Way,817,M5V,Condominium,10,Spadina-Fort York
1156661,STR-2303-HJZBHX,53 Crawford St,,M6J,Single/Semi-detached House,10,Spadina-Fort York
1156662,STR-2303-HSGBHY,99 Hayden St,510,M4Y,Condominium,11,University-Rosedale
1156663,STR-2303-HZMBHZ,21 Homestead Rd,,M1E,Single/Semi-detached House,25,Scarborough-Rouge Park
1156664,STR-2303-FFWPHP,123 Ferrier Ave,B,M4K,Duplex/Triplex/Fourplex,14,Toronto-Danforth
1156665,STR-2303-FPCPHQ,270 Wellington St W,416,M5V,Condominium,10,Spadina-Fort York
1156666,STR-2303-FWJPHR,55 East Dr,,M6N,Single/Semi-detached House,5,York South-Weston
1156667,STR-2303-GLWPHT,11 Whitehall Rd,,M4W,Single/Semi-detached House,11,University-Rosedale
1156668,STR-2303-HCJPHW,219 Fort York Blvd,523,M5V,Condominium,10,Spadina-Fort York
1156669,STR-2303-HKQPHX,40 Homewood Ave,3017,M4Y,Condominium,13,Toronto Centre
1156670,STR-2303-HSWPHY,15 Iceboat Ter,336,M5V,Condominium,10,Spadina-Fort York
1156671,STR-2303-JBCPHZ,19 Grand Trunk Cres,910,M5J,Condominium,10,Spadina-Fort York
1156672,STR-2303-FGMBHP,61 Guestville Ave,,M6N,Single/Semi-detached House,5,York South-Weston
1156673,STR-2303-FWZBHR,441 Westmoreland Ave N,,M6H,Single/Semi-detached House,9,Davenport
1156674,STR-2303-GMMBHT,5 Dufresne Crt,803,M3C,Apartment,16,Don Valley East
1156675,STR-2303-HCZBHW,120 Homewood Ave,214,M4Y,Condominium,13,Toronto Centre
1156676,STR-2303-HLGBHX,1638 Bloor St W,806,M6P,Condominium,4,Parkdale-High Park
1156677,STR-2303-HTMBHY,300 Front St W,2914,M5V,Condominium,10,Spadina-Fort York
1156678,STR-2303-JBTBHZ,5 Mariner Ter,602,M5V,Condominium,10,Spadina-Fort York
1156679,STR-2303-FHCPHP,482 King St E,,M5A,Single/Semi-detached House,13,Toronto Centre
1156680,STR-2303-FQJPHQ,596 Church St,4,M4Y,Apartment,13,Toronto Centre
1156681,STR-2303-GPCPHT,152 Beatrice St,Main,M6J,Single/Semi-detached House,11,University-Rosedale
1156682,STR-2303-GWJPHV,18 Kilbarry Rd,,M5P,Single/Semi-detached House,12,Toronto-St. Paul's
1156683,STR-2304-JDVHHZ,283 Spadina Ave,401,M5T,Apartment,10,Spadina-Fort York
1156684,STR-2303-HVCPHY,135 Village Green Sq,3022,M1S,Condominium,22,Scarborough-Agincourt
1156685,STR-2303-JCJPHZ,204 King Edward Ave,,M4C,Single/Semi-detached House,19,Beaches-East York
1156686,STR-2303-FQZBHQ,215 Fort York Blvd,1812,M5V,Condominium,10,Spadina-Fort York
1156687,STR-2303-FYGBHR,23 Van Horne Ave,,M2J,Single/Semi-detached House,17,Don Valley North
1156688,STR-2303-GGMBHS,75 Mc Gee St,1,M4M,Duplex/Triplex/Fourplex,14,Toronto-Danforth
1156689,STR-2303-HFGBHW,148 Newton Dr,,M2M,Single/Semi-detached House,18,Willowdale
1156690,STR-2303-HMMBHX,6 Sonic Way,N2909,M3C,Condominium,16,Don Valley East
1156691,STR-2303-FJJPHP,3 Cottrelle Gt,,M9B,Single/Semi-detached House,2,Etobicoke Centre
1156692,STR-2303-FYWPHR,470 Delaware Ave,,M6H,Single/Semi-detached House,9,Davenport
1156693,STR-2303-GQJPHT,219 Fort York Blvd,614,M5V,Condominium,10,Spadina-Fort York
1156694,STR-2303-GXQPHV,210 Victoria St,2510,M5B,Condominium,13,Toronto Centre
1156695,STR-2303-HFWPHW,31 Earnscliffe Rd,,M6E,Single/Semi-detached House,9,Davenport
1156696,STR-2303-HWJPHY,352 Front St W,2206,M5V,Condominium,10,Spadina-Fort York
1156697,STR-2303-FJZBHP,16 Chipwood Cres,,M2J,Single/Semi-detached House,17,Don Valley North
1156698,STR-2303-FSGBHQ,4 Hambly Ave,,M4E,Single/Semi-detached House,19,Beaches-East York
1156699,STR-2303-GQZBHT,148 Springhurst Ave,201,M6K,Duplex/Triplex/Fourplex,4,Parkdale-High Park
1156700,STR-2303-GYGBHV,65 Mattice Ave,,M9B,Single/Semi-detached House,2,Etobicoke Centre
1156701,STR-2303-HGMBHW,73 Neilson Ave,,M1M,Single/Semi-detached House,20,Scarborough Southwest
1156702,STR-2303-HPTBHX,99 Cameron St,609,M5T,Condominium,10,Spadina-Fort York
1156703,STR-2303-HWZBHY,15 Iceboat Ter,232,M5V,Apartment,10,Spadina-Fort York
1156704,STR-2303-FKQPHP,15B Mulock Ave,,M6N,Single/Semi-detached House,5,York South-Weston
1156705,STR-2303-FSWPHQ,1116 Kipling Ave,,M9B,Single/Semi-detached House,2,Etobicoke Centre
1156706,STR-2303-GBCPHR,181 Dundas St E,4201,M5A,Condominium,13,Toronto Centre
1156707,STR-2303-GJJPHS,7 Walmer Rd,2003,M5R,Apartment,11,University-Rosedale
1156708,STR-2303-GRQPHT,11 Michael Power Pl,103,M9A,Condominium,3,Etobicoke-Lakeshore
1156709,STR-2303-GYWPHV,176 Empress Ave,,M2N,Single/Semi-detached House,18,Willowdale
1156710,STR-2303-HQJPHX,23 Earl St,,M4Y,Townhouse/ Row House,13,Toronto Centre
1156711,STR-2304-FKDVHP,81 Summerhill Ave,,M4T,Townhouse/ Row House,11,University-Rosedale
1156712,STR-2303-FLGBHP,39 Roehampton Ave,802,M4P,Condominium,12,Toronto-St. Paul's
1156713,STR-2303-GBTBHR,101 Yonge Blvd,,M5M,Single/Semi-detached House,8,Eglinton-Lawrence
1156714,STR-2303-GSGBHT,625 Queen St E,610,M4M,Condominium,14,Toronto-Danforth
1156715,STR-2303-GZMBHV,37 Brantwood Dr,,M1H,Single/Semi-detached House,24,Scarborough-Guildwood
1156716,STR-2303-HHTBHW,1011 Dufferin St,301,M6H,Apartment,9,Davenport
1156717,STR-2303-JGMBHZ,30 Merchants' Wharf,202,M5A,Apartment,10,Spadina-Fort York
1156718,STR-2303-GCKVHS,525 Adelaide St W,1032,M5V,Condominium,10,Spadina-Fort York
1156719,STR-2303-GKRVHT,495 Euclid Ave,2,M6G,Duplex/Triplex/Fourplex,11,University-Rosedale
1156720,STR-2303-GSXVHV,80 Withrow Ave,,M4K,Single/Semi-detached House,14,Toronto-Danforth
1156721,STR-2303-HBDVHW,27 Eugene St,,M6B,Single/Semi-detached House,8,Eglinton-Lawrence
1156722,STR-2303-HRRVHY,10 Rolyat St,A,M6J,Single/Semi-detached House,10,Spadina-Fort York
1156723,STR-2303-HYXVHZ,28 Minto St,,M4L,Single/Semi-detached House,14,Toronto-Danforth
1156724,STR-2303-FMPHHQ,585 Bloor St E,3418,M4W,Condominium,13,Toronto Centre
1156725,STR-2303-GDBHHS,270 Wellington St W,825,M5V,Condominium,10,Spadina-Fort York
1156726,STR-2303-GLHHHT,770 Bay St,412,M5G,Condominium,11,University-Rosedale
1156727,STR-2303-GTPHHV,61 Orchard Park Blvd,,M4L,Single/Semi-detached House,19,Beaches-East York
1156728,STR-2303-HBVHHW,329 Homewood Ave,,M2R,Single/Semi-detached House,18,Willowdale
1156729,STR-2303-HSHHHY,710 Humberwood Blvd,4,M9W,Condominium,1,Etobicoke North
1156730,STR-2303-HZPHHZ,8 Park Rd,2010,M4W,Condominium,11,University-Rosedale
1156731,STR-2303-FFXVHP,1 Cardiff Rd,803,M4P,Condominium,15,Don Valley West
1156732,STR-2303-FPDVHQ,6 Lippincott St,1,M5T,Single/Semi-detached House,11,University-Rosedale
1156733,STR-2303-FWKVHR,66 Shandon Dr,,M1R,Single/Semi-detached House,21,Scarborough Centre
1156734,STR-2303-GDRVHS,269 Major St,,M5S,Single/Semi-detached House,11,University-Rosedale
1156735,STR-2303-GLXVHT,41 Heathrow Dr,Main Floor,M3M,Single/Semi-detached House,6,York Centre
1156736,STR-2303-HCKVHW,19 Broadbridge Dr,,M1C,Single/Semi-detached House,25,Scarborough-Rouge Park
1156737,STR-2303-HKRVHX,65 Bremner Blvd,3905,M5J,Condominium,10,Spadina-Fort York
1156738,STR-2303-JBDVHZ,327 Coronation Dr,,M1E,Single/Semi-detached House,25,Scarborough-Rouge Park
1156739,STR-2303-FPVHHQ,200 Roehampton Ave,1212,M4P,Apartment,12,Toronto-St. Paul's
1156740,STR-2303-GFHHHS,15 Wyndham St,,M6K,Single/Semi-detached House,9,Davenport
1156741,STR-2303-GMPHHT,360 Harvie Ave,,M6E,Single/Semi-detached House,9,Davenport
1156742,STR-2303-GVVHHV,68 Winston Park Blvd,10,M3K,Condominium,6,York Centre
1156743,STR-2303-HDBHHW,222 The Kingsway,,M9A,Single/Semi-detached House,2,Etobicoke Centre
1156744,STR-2303-HLHHHX,15 Holmes Ave,407,M2N,Apartment,18,Willowdale
1156745,STR-2303-HTPHHY,55 Bremner Blvd,4709,M5J,Condominium,10,Spadina-Fort York
1156746,STR-2303-JBVHHZ,51 Huron St,,M5T,Single/Semi-detached House,10,Spadina-Fort York
1156747,STR-2303-FHDVHP,54 Stephen Dr,Lower,M8Y,Duplex/Triplex/Fourplex,3,Etobicoke-Lakeshore
1156748,STR-2303-FQKVHQ,11 Briarscross Blvd,,M1S,Single/Semi-detached House,23,Scarborough North
1156749,STR-2303-FXRVHR,80 Carr St,8,M5T,Townhouse/ Row House,10,Spadina-Fort York
1156750,STR-2303-GFXVHS,140 Simcoe St,808,M5H,Condominium,10,Spadina-Fort York
1156751,STR-2303-GPDVHT,236 Albion Rd,1203,M9W,Condominium,1,Etobicoke North
1156752,STR-2303-GWKVHV,692 Hillsdale Ave E,Lower,M4S,Single/Semi-detached House,15,Don Valley West
1156753,STR-2303-HDRVHW,10 Edgecliff Golfway,1411,M3C,Condominium,16,Don Valley East
1156754,STR-2303-JCKVHZ,30 Nelson St,2703,M5V,Condominium,10,Spadina-Fort York
1156755,STR-2303-FHVHHP,499 Midland Ave,,M1N,Single/Semi-detached House,20,Scarborough Southwest
1156756,STR-2303-FRBHHQ,241 Dundas St E,3,M5A,Duplex/Triplex/Fourplex,13,Toronto Centre
1156757,STR-2303-GGPHHS,300 Front St W,902,M5V,Condominium,10,Spadina-Fort York
1156758,STR-2303-GPVHHT,607 Pharmacy Ave,,M1L,Single/Semi-detached House,20,Scarborough Southwest
1156759,STR-2303-GXBHHV,188 Jones Ave,2,M4M,Single/Semi-detached House,14,Toronto-Danforth
1156760,STR-2303-HFHHHW,27 Manning Ave,,M6J,Townhouse/ Row House,10,Spadina-Fort York
1156761,STR-2303-HVVHHY,4 EDGEWOOD AVE,,M4L,Single/Semi-detached House,19,Beaches-East York
1156762,STR-2303-FJKVHP,64 Ravenscroft Crcl,,M2K,Single/Semi-detached House,17,Don Valley North
1156763,STR-2303-FYXVHR,101 Peter St,3111,M5V,Condominium,10,Spadina-Fort York
1156764,STR-2303-GHDVHS,300 Front St W,204,M5V,Condominium,10,Spadina-Fort York
1156765,STR-2303-GQKVHT,2655 Midland Ave,,M1S,Single/Semi-detached House,23,Scarborough North
1156766,STR-2303-GXRVHV,30 Woodstream Dr,14,M9W,Townhouse/ Row House,1,Etobicoke North
1156767,STR-2303-HPDVHX,27 Rean Dr,524,M2K,Condominium,17,Don Valley North
1156768,STR-2303-HWKVHY,21 Carlton St,1305,M5B,Condominium,13,Toronto Centre
1156769,STR-2303-JDRVHZ,69 Oakmount Rd,1,M6P,Apartment,4,Parkdale-High Park
1156770,STR-2303-FSHHHQ,1 Greencoat Rd,,M9C,Single/Semi-detached House,2,Etobicoke Centre
1156771,STR-2303-GHVHHS,34 Goulden Cres,,M1L,Single/Semi-detached House,20,Scarborough Southwest
1156772,STR-2303-GRBHHT,50 Hillsboro Ave,1503,M5R,Apartment,11,University-Rosedale
1156773,STR-2303-HGPHHW,311 Nairn Ave,,M6E,Single/Semi-detached House,9,Davenport
1156774,STR-2303-HPVHHX,38 Dan Leckie Way,1909,M5V,Condominium,10,Spadina-Fort York
1156775,STR-2303-JFHHHZ,14 York St,4008,M5J,Condominium,10,Spadina-Fort York
1156776,STR-2303-FKRVHP,561 Sherbourne St,2807,M4X,Apartment,13,Toronto Centre
1156777,STR-2303-FSXVHQ,64 Dovercourt Rd,2,M6J,Duplex/Triplex/Fourplex,9,Davenport
1156778,STR-2303-GBDVHR,309 Cedarvale Ave,,M4C,Single/Semi-detached House,19,Beaches-East York
1156779,STR-2303-GSZBHV,14 York St,5901,M5J,Condominium,10,Spadina-Fort York
1156780,STR-2303-GJKVHS,9 Wilson Park Rd,2,M6K,Duplex/Triplex/Fourplex,4,Parkdale-High Park
1156781,STR-2303-GRRVHT,16 Ashdale Ave,B,M4L,Duplex/Triplex/Fourplex,14,Toronto-Danforth
1156782,STR-2303-HHDVHW,599 St Clair Ave W,17,M6C,Apartment,12,Toronto-St. Paul's
1156783,STR-2303-HQKVHX,79 Langden Ave,,M6N,Single/Semi-detached House,5,York South-Weston
1156784,STR-2303-HXRVHY,117 Lippincott St,Basement,M5S,Duplex/Triplex/Fourplex,11,University-Rosedale
1156785,STR-2303-JFXVHZ,58 Margueretta St,Basement,M6H,Duplex/Triplex/Fourplex,9,Davenport
1156786,STR-2303-FLHHHP,8 Ridge Hill Dr,4,M6C,Apartment,8,Eglinton-Lawrence
1156787,STR-2303-FTPHHQ,8 Ridge Hill Dr,3,M6C,Apartment,8,Eglinton-Lawrence
1156788,STR-2303-GKBHHS,138 Booth Ave,,M4M,Single/Semi-detached House,14,Toronto-Danforth
1156789,STR-2303-GSHHHT,101 Peter St,505,M5V,Apartment,10,Spadina-Fort York
1156790,STR-2303-GZPHHV,101 Peter St,2508,M5V,Condominium,10,Spadina-Fort York
1156791,STR-2303-HYHHHY,1486 Bathurst St,1005,M5P,Condominium,12,Toronto-St. Paul's
1156792,STR-2303-JGPHHZ,173 Concord Ave,,M6H,Single/Semi-detached House,9,Davenport
1156793,STR-2303-FLZBHQ,15 Northtown Way,1525,M2N,Condominium,18,Willowdale
1156794,STR-2303-GCMBHS,115 Kalmar Ave,,M1N,Single/Semi-detached House,20,Scarborough Southwest
1156795,STR-2303-GKTBHT,1100 King St W,A1614,M6K,Condominium,10,Spadina-Fort York
1156796,STR-2303-HBGBHW,175 Grace St,A,M6G,Single/Semi-detached House,11,University-Rosedale
1156797,STR-2303-HRTBHY,7 Mabelle Ave,2109,M9A,Condominium,3,Etobicoke-Lakeshore
1156798,STR-2303-HYZBHZ,77 Huntley St,2309,M4Y,Apartment,13,Toronto Centre
1156799,STR-2303-FFJPHP,24 Ashbury Ave,,M6E,Single/Semi-detached House,12,Toronto-St. Paul's
1156800,STR-2303-FMQPHQ,113 Stafford Rd,,M2R,Single/Semi-detached House,18,Willowdale
1156801,STR-2303-FVWPHR,68 William Duncan Rd,,M3K,Townhouse/ Row House,6,York Centre
1156802,STR-2303-GLJPHT,100 Harrison Garden Blvd,506,M2N,Condominium,18,Willowdale
1156803,STR-2303-GTQPHV,219 Fort York Blvd,LPH 4,M5V,Condominium,10,Spadina-Fort York
1156804,STR-2303-HBWPHW,1898 Dufferin St,,M6E,Single/Semi-detached House,9,Davenport
1156805,STR-2303-HKCPHX,21 Iceboat Ter,3707,M5V,Condominium,10,Spadina-Fort York
1156806,STR-2303-HSJPHY,357 Eglinton Ave W,A,M5N,Apartment,12,Toronto-St. Paul's
1156807,STR-2303-HZQPHZ,155 Yorkville Ave,2906,M5R,Condominium,11,University-Rosedale
1156808,STR-2303-FFZBHP,33 Dundalk Dr,21,M1P,Townhouse/ Row House,21,Scarborough Centre
1156809,STR-2303-FPGBHQ,252 Westlake Ave,,M4C,Single/Semi-detached House,19,Beaches-East York
1156810,STR-2303-FWMBHR,198 Van Dusen Blvd,,M8Z,Single/Semi-detached House,3,Etobicoke-Lakeshore
1156811,STR-2303-GDTBHS,298 Maxwell St,,M3H,Single/Semi-detached House,6,York Centre
1156812,STR-2303-HKTBHX,52 Arnold Ave,,M5A,Townhouse/ Row House,13,Toronto Centre
1156813,STR-2303-HSZBHY,194 Sherbourne St,1,M5A,Apartment,13,Toronto Centre
1156814,STR-2303-JBGBHZ,138 St Helen's Ave,408,M6H,Condominium,9,Davenport
1156815,STR-2304-FGQPHP,251 Jarvis St,612,M5B,Condominium,13,Toronto Centre
1156816,STR-2304-FPWPHQ,15 Northtown Way,1815,M2N,Condominium,18,Willowdale
1156817,STR-2304-FXCPHR,861 Scarborough Golf Club Rd,,M1G,Single/Semi-detached House,24,Scarborough-Guildwood
1156818,STR-2304-GFJPHS,203 College St,2803,M5T,Condominium,11,University-Rosedale
1156819,STR-2304-GVWPHV,443 Bathurst St,3,M5T,Single/Semi-detached House,11,University-Rosedale
1156820,STR-2304-HDCPHW,76 Craiglee Dr,B,M1N,Duplex/Triplex/Fourplex,20,Scarborough Southwest
1156821,STR-2304-JBWPHZ,109B Robinson Ave,,M1L,Single/Semi-detached House,20,Scarborough Southwest
1156822,STR-2304-GFZBHS,10 Capreol Crt,2101,M5V,Condominium,10,Spadina-Fort York
1156823,STR-2304-GPGBHT,94 Virginia Ave,Rear Entrance,M4C,Single/Semi-detached House,19,Beaches-East York
1156824,STR-2304-GWMBHV,55 Charles St W,2001,M5S,Apartment,11,University-Rosedale
1156825,STR-2304-HDTBHW,18 Graylee Ave,,M1J,Single/Semi-detached House,21,Scarborough Centre
1156826,STR-2304-HLZBHX,5 St Joseph St,3403,M4Y,Condominium,13,Toronto Centre
1156827,STR-2304-FHWPHP,8 Willow Ave,,M5J,Single/Semi-detached House,10,Spadina-Fort York
1156828,STR-2304-FRCPHQ,111 St Clair Ave W,1422,M4V,Condominium,12,Toronto-St. Paul's
1156829,STR-2304-GPWPHT,15 Yachters Lane,,M8V,Townhouse/ Row House,3,Etobicoke-Lakeshore
1156830,STR-2304-GXCPHV,451 Rouge Hills Dr,,M1C,Single/Semi-detached House,25,Scarborough-Rouge Park
1156831,STR-2304-HMQPHX,20 Blue Jays Way,817,M5V,Condominium,10,Spadina-Fort York
1156832,STR-2304-FJMBHP,8 Wilberton Rd,1,M4V,Duplex/Triplex/Fourplex,12,Toronto-St. Paul's
1156833,STR-2304-FRTBHQ,9 Major St,,M5S,Single/Semi-detached House,11,University-Rosedale
1156834,STR-2304-FYZBHR,10 Capreol Crt,1808,M5V,Condominium,10,Spadina-Fort York
1156835,STR-2304-GHGBHS,5 Ice Cream Lane,,M4C,Single/Semi-detached House,19,Beaches-East York
1156836,STR-2304-GQMBHT,251 Jarvis St,1701,M5B,Condominium,13,Toronto Centre
1156837,STR-2304-GXTBHV,14 Payzac Ave,,M1E,Single/Semi-detached House,24,Scarborough-Guildwood
1156838,STR-2304-HFZBHW,215 Wynford Dr,506,M3C,Condominium,16,Don Valley East
1156839,STR-2304-HPGBHX,668 Yonge St,B,M4Y,Townhouse/ Row House,13,Toronto Centre
1156840,STR-2304-HWMBHY,1171 Queen St W,S504,M6J,Condominium,9,Davenport
1156841,STR-2304-JDTBHZ,160 Vanderhoof Ave,1213,M4G,Condominium,15,Don Valley West
1156842,STR-2304-FKCPHP,27 Meadow Ave,,M1N,Single/Semi-detached House,20,Scarborough Southwest
1156843,STR-2304-FSJPHQ,17 Hastings Ave,,M4L,Single/Semi-detached House,14,Toronto-Danforth
1156844,STR-2304-FZQPHR,168 Park Home Ave,,M2N,Single/Semi-detached House,18,Willowdale
1156845,STR-2304-GRCPHT,18 Woodcliff Pl,,M3B,Single/Semi-detached House,16,Don Valley East
1156846,STR-2304-HGQPHW,209 Fort York Blvd,974,M5V,Condominium,10,Spadina-Fort York
1156847,STR-2304-HXCPHY,85 Bloor St E,301,M4W,Condominium,11,University-Rosedale
1156848,STR-2304-FKTBHP,800 Richmond St W,916,M6J,Apartment,10,Spadina-Fort York
1156849,STR-2304-FSZBHQ,155 Yorkville Ave,1615,M5R,Condominium,11,University-Rosedale
1156850,STR-2304-GJMBHS,219 Fort York Blvd,714,M5V,Condominium,10,Spadina-Fort York
1156851,STR-2304-GYZBHV,101 St Clair Ave W,1007,M4V,Apartment,12,Toronto-St. Paul's
1156852,STR-2304-HHGBHW,48 Michener Crt,,M6J,Townhouse/ Row House,10,Spadina-Fort York
1156853,STR-2304-HQMBHX,60 Faywood Blvd,,M3H,Single/Semi-detached House,6,York Centre
1156854,STR-2304-HXTBHY,159 Cocksfield Ave,,M3H,Single/Semi-detached House,6,York Centre
1156855,STR-2304-FLJPHP,165 Legion Rd N,1026,M8Y,Condominium,3,Etobicoke-Lakeshore
1156856,STR-2304-FTQPHQ,300 Front St W,2101,M5V,Condominium,10,Spadina-Fort York
1156857,STR-2304-GBWPHR,210 Victoria St,716,M5B,Condominium,13,Toronto Centre
1156858,STR-2304-GKCPHS,52 Cree Ave,,M1M,Single/Semi-detached House,20,Scarborough Southwest
1156859,STR-2304-GSJPHT,87 Peter St,611,M5V,Condominium,10,Spadina-Fort York
1156860,STR-2304-HRCPHX,125 Peter St,1302,M5V,Condominium,10,Spadina-Fort York
1156861,STR-2304-FDVHHP,199 Richmond St W,1002,M5V,Condominium,10,Spadina-Fort York
1156862,STR-2304-FMBHHQ,210 Victoria St,3106,M5B,Condominium,13,Toronto Centre
1156863,STR-2304-GCPHHS,197 Ashworth Ave,,M6G,Single/Semi-detached House,12,Toronto-St. Paul's
1156864,STR-2304-GTBHHV,187 South Kingsway,,M6S,Single/Semi-detached House,4,Parkdale-High Park
1156865,STR-2304-HRVHHY,40 Karen Rd,basement,M3A,Single/Semi-detached House,16,Don Valley East
1156866,STR-2304-FMRVHQ,140 Simcoe St,1021,M5H,Condominium,10,Spadina-Fort York
1156867,STR-2304-FVXVHR,88 Blue Jays Way,2710,M5V,Condominium,10,Spadina-Fort York
1156868,STR-2304-GDDVHS,270 Davenport Rd,5,M5R,Condominium,11,University-Rosedale
1156869,STR-2304-GLKVHT,798 Bloor St W,3,M6G,Duplex/Triplex/Fourplex,11,University-Rosedale
1156870,STR-2304-GTRVHV,34 Gwendolen Ave,,M2N,Single/Semi-detached House,18,Willowdale
1156871,STR-2304-HKDVHX,8 Russell Hill Dr,,M5R,Single/Semi-detached House,12,Toronto-St. Paul's
1156872,STR-2304-HSKVHY,197 Yonge St,3413,M5B,Condominium,13,Toronto Centre
1156873,STR-2304-HZRVHZ,79 Boon Ave,,M6E,Single/Semi-detached House,9,Davenport
1156874,STR-2304-FGBHHP,33 Helendale Ave,2602,M4R,Condominium,8,Eglinton-Lawrence
1156875,STR-2304-FPHHHQ,326 Bathurst St,1,M5T,Single/Semi-detached House,10,Spadina-Fort York
1156876,STR-2304-FWPHHR,503 Oakwood Ave,4,M6E,Single/Semi-detached House,12,Toronto-St. Paul's
1156877,STR-2304-GDVHHS,32 Saintsbury Sq,,M1V,Single/Semi-detached House,23,Scarborough North
1156878,STR-2304-GVHHHV,5 Sheppard Ave E,4322,M2N,Condominium,18,Willowdale
1156879,STR-2304-HKVHHX,3107 Dundas St W,1,M6P,Apartment,4,Parkdale-High Park
1156880,STR-2304-HTBHHY,92 Ascot Ave,2,M6E,Single/Semi-detached House,9,Davenport
1156881,STR-2304-JBHHHZ,110 Charles St E,1605,M4Y,Condominium,11,University-Rosedale
1156882,STR-2304-FPXVHQ,20 Orchid Place Dr,612,M1B,Condominium,23,Scarborough North
1156883,STR-2304-FXDVHR,4 Citation Dr,,M2K,Single/Semi-detached House,17,Don Valley North
1156884,STR-2304-GFKVHS,55 Wales Ave,Upper,M5T,Townhouse/ Row House,11,University-Rosedale
1156885,STR-2304-GMRVHT,9 Salisbury Ave,Upper,M4X,Single/Semi-detached House,13,Toronto Centre
1156886,STR-2304-GVXVHV,98 Lillian St,426,M4S,Condominium,12,Toronto-St. Paul's
1156887,STR-2304-HLKVHX,1872 Lake Shore Blvd E,,M4L,Townhouse/ Row House,19,Beaches-East York
1156888,STR-2304-HTRVHY,26 Anson Ave,,M1M,Single/Semi-detached House,20,Scarborough Southwest
1156889,STR-2304-JBXVHZ,35 Garthwood Dr,,M1K,Single/Semi-detached House,20,Scarborough Southwest
1156890,STR-2304-FHHHHP,89 Charleswood Dr,,M3H,Single/Semi-detached House,6,York Centre
1156891,STR-2304-FQPHHQ,21 Iceboat Ter,2207,M5V,Condominium,10,Spadina-Fort York
1156892,STR-2304-GWPHHV,7 Grenville St,5201,M4Y,Condominium,13,Toronto Centre
1156893,STR-2304-HDVHHW,44 Valley Woods Rd,2205,M3A,Condominium,16,Don Valley East
1156894,STR-2304-HMBHHX,75 Emmett Ave,2415,M6M,Condominium,5,York South-Weston
1156895,STR-2304-FSKVHQ,8 Gladstone Ave,608,M6J,Condominium,9,Davenport
1156896,STR-2304-FHXVHP,100 Long Branch,11,M8W,Condominium,3,Etobicoke-Lakeshore
1156897,STR-2304-FRDVHQ,839C Oxford St,,M8Z,Townhouse/ Row House,3,Etobicoke-Lakeshore
1156898,STR-2304-FYKVHR,155 Huron St,,M5T,Single/Semi-detached House,11,University-Rosedale
1156899,STR-2304-GGRVHS,155 Yorkville Ave,2204,M5R,Condominium,11,University-Rosedale
1156900,STR-2304-GPXVHT,62 Clouston Ave,Basement,M9N,Single/Semi-detached House,5,York South-Weston
1156901,STR-2304-HFKVHW,17 Anndale Dr,1907,M2N,Condominium,18,Willowdale
1156902,STR-2304-HMRVHX,45 Dunfield Ave,2817,M4S,Apartment,12,Toronto-St. Paul's
1156903,STR-2304-JDDVHZ,924 Dovercourt Rd,Lower,M6H,Single/Semi-detached House,9,Davenport
1156904,STR-2304-FJPHHP,14 York St,501,M5J,Condominium,10,Spadina-Fort York
1156905,STR-2304-FRVHHQ,188 Cumberland St,2510,M5R,Condominium,11,University-Rosedale
1156906,STR-2304-FZBHHR,32 Coppermill Dr,,M9W,Single/Semi-detached House,1,Etobicoke North
1156907,STR-2304-GHHHHS,250 Estelle Ave,,M2N,Single/Semi-detached House,18,Willowdale
1156908,STR-2304-GXVHHV,16 Abell St,,M6J,Condominium,9,Davenport
1156909,STR-2304-HGBHHW,59 Old Mill Dr,,M6S,Single/Semi-detached House,4,Parkdale-High Park
1156910,STR-2304-HWPHHY,330 Brooke Ave,,M5M,Single/Semi-detached House,8,Eglinton-Lawrence
1156911,STR-2304-FZRVHR,357 Patricia Ave,,M2R,Single/Semi-detached House,18,Willowdale
1156912,STR-2304-GHXVHS,28 Douro St,223,M6K,Townhouse/ Row House,10,Spadina-Fort York
1156913,STR-2304-HGRVHW,858 Royal York Rd,,M8Y,Single/Semi-detached House,3,Etobicoke-Lakeshore
1156914,STR-2304-HPXVHX,30 Deering Cres,,M2M,Single/Semi-detached House,18,Willowdale
1156915,STR-2304-HXDVHY,103 Avenue Rd,404,M5R,Apartment,11,University-Rosedale
1156916,STR-2304-FKVHHP,80 Glenstroke Dr,,M1S,Single/Semi-detached House,23,Scarborough North
1156917,STR-2304-GBHHHR,10 Killamarsh Dr,,M3J,Single/Semi-detached House,7,Humber River-Black Creek
1156918,STR-2304-GJPHHS,18 Dignam Crt,,M1J,Single/Semi-detached House,21,Scarborough Centre
1156919,STR-2304-HQPHHX,525 Ossington Ave,3,M6G,Apartment,11,University-Rosedale
1156920,STR-2304-JGBHHZ,53 Sherwood Ave,,M4P,Single/Semi-detached House,15,Don Valley West
1156921,STR-2304-FLKVHP,163 Manning Ave,Main,M6J,Duplex/Triplex/Fourplex,10,Spadina-Fort York
1156922,STR-2304-FTRVHQ,77 Delburn Dr,,M1V,Single/Semi-detached House,23,Scarborough North
1156923,STR-2304-GBXVHR,955 Bay St,414,M5S,Condominium,13,Toronto Centre
1156924,STR-2304-GSKVHT,1420 Dupont St,1204,M6H,Condominium,9,Davenport
1156925,STR-2304-HHXVHW,11 Whitaker Ave,,M6J,Single/Semi-detached House,10,Spadina-Fort York
1156926,STR-2304-HRDVHX,155 Yorkville Ave,2206,M5R,Condominium,11,University-Rosedale
1156927,STR-2304-HYKVHY,832 Bay St,4501,M5S,Condominium,11,University-Rosedale
1156928,STR-2304-JGRVHZ,155 Yorkville Ave,1707,M5R,Condominium,11,University-Rosedale
1156929,STR-2304-FDWPHP,36 High Park Blvd,,M6R,Single/Semi-detached House,4,Parkdale-High Park
1156930,STR-2304-FMCPHQ,110 Wallace Ave,Basement,M6H,Single/Semi-detached House,9,Davenport
1156931,STR-2304-FVJPHR,30 Woodstream Dr,1,M9W,Townhouse/ Row House,1,Etobicoke North
1156932,STR-2304-HJQPHX,73 Neilson Ave,,M1M,Single/Semi-detached House,20,Scarborough Southwest
1156933,STR-2304-HRWPHY,209 Fort York Blvd,781,M5V,Condominium,10,Spadina-Fort York
1156934,STR-2304-HZCPHZ,915 King St W,307,M6K,Condominium,10,Spadina-Fort York
1156935,STR-2304-FVZBHR,14 York St,2211,M5J,Condominium,10,Spadina-Fort York
1156936,STR-2304-GDGBHS,22 Badgerow Ave,B,M4M,Single/Semi-detached House,14,Toronto-Danforth
1156937,STR-2304-GLMBHT,105 White Heather Blvd,,M1V,Single/Semi-detached House,23,Scarborough North
1156938,STR-2304-GTTBHV,2 Eva Rd,524,M9C,Condominium,2,Etobicoke Centre
1156939,STR-2304-HKGBHX,259 Brunswick Ave,,M5S,Single/Semi-detached House,11,University-Rosedale
1156940,STR-2304-HZTBHZ,11 Shippigan Cres,,M2J,Single/Semi-detached House,17,Don Valley North
1156941,STR-2304-FGCPHP,210 Victoria St,2310,M5B,Condominium,13,Toronto Centre
1156942,STR-2304-FPJPHQ,70 Annie Craig Dr,5403,M8V,Condominium,3,Etobicoke-Lakeshore
1156943,STR-2304-GMCPHT,2101 Islington Ave,1414,M9P,Apartment,1,Etobicoke North
1156944,STR-2304-GVJPHV,21 Iceboat Ter,2715,M5V,Condominium,10,Spadina-Fort York
1156945,STR-2304-HCQPHW,101 Whistling Hills Dr,,M1V,Single/Semi-detached House,23,Scarborough North
1156946,STR-2304-HKWPHX,160 Huron St,C3,M5T,Apartment,11,University-Rosedale
1156947,STR-2304-JBJPHZ,214 Yarmouth Rd,,M6G,Single/Semi-detached House,11,University-Rosedale
1156948,STR-2304-FPZBHQ,313 Hillmount Ave,,M6B,Single/Semi-detached House,8,Eglinton-Lawrence
1156949,STR-2304-FXGBHR,5 Iceboat Ter,G12,M5V,Condominium,10,Spadina-Fort York
1156950,STR-2304-GMTBHT,209 Fort York Blvd,767,M5V,Condominium,10,Spadina-Fort York
1156951,STR-2304-GVZBHV,21 Iceboat Ter,3701,M5V,Condominium,10,Spadina-Fort York
1156952,STR-2304-HDGBHW,22 Applewood Lane,36,M9C,Townhouse/ Row House,2,Etobicoke Centre
1156953,STR-2304-HLMBHX,44 Park Blvd,,M8W,Single/Semi-detached House,3,Etobicoke-Lakeshore
1156954,STR-2304-HTTBHY,87 Peter St,3201,M5V,Condominium,10,Spadina-Fort York
1156955,STR-2304-FHJPHP,21 Iceboat Ter,3001,M5V,Condominium,10,Spadina-Fort York
1156956,STR-2304-FQQPHQ,34 Vassar Dr,,M9B,Single/Semi-detached House,2,Etobicoke Centre
1156957,STR-2304-FXWPHR,318 Richmond St W,1505,M5V,Condominium,13,Spadina-Fort York
1156958,STR-2304-GGCPHS,1040 Ossington Ave,A,M6G,Single/Semi-detached House,9,Davenport
1156959,STR-2304-HDWPHW,210 Victoria St,2210,M5B,Apartment,13,Toronto Centre
1156960,STR-2304-HMCPHX,88 Cumberland St,509,M5R,Condominium,11,University-Rosedale
1156961,STR-2304-HVJPHY,20 Shore Breeze Dr,M1,M8V,Condominium,3,Etobicoke-Lakeshore
1156962,STR-2304-JCQPHZ,203 Davisville Ave,,M4S,Townhouse/ Row House,12,Toronto-St. Paul's
1156963,STR-2304-FHZBHP,54A Trueman Ave,,M8Z,Single/Semi-detached House,3,Etobicoke-Lakeshore
1156964,STR-2304-FRGBHQ,110 Lawlor Ave,,M4E,Single/Semi-detached House,19,Beaches-East York
1156965,STR-2304-FYMBHR,125 Spring Garden Ave,,M2N,Single/Semi-detached House,18,Willowdale
1156966,STR-2304-GGTBHS,215 Fort York Blvd,2109,M5V,Condominium,10,Spadina-Fort York
1156967,STR-2304-GPZBHT,21 Helsby Cres,,M8W,Single/Semi-detached House,3,Etobicoke-Lakeshore
1156968,STR-2304-GXGBHV,300 Front St W,3514,M5V,Condominium,10,Spadina-Fort York
1156969,STR-2304-HFMBHW,46 Connaught Ave,,M2M,Single/Semi-detached House,18,Willowdale
1156970,STR-2304-HMTBHX,148 Robina Ave,,M6C,Single/Semi-detached House,9,Davenport
1156971,STR-2304-FJQPHP,119 Gough Ave,,M4K,Single/Semi-detached House,14,Toronto-Danforth
1156972,STR-2304-FZCPHR,88 Merryfield Dr,,M1P,Single/Semi-detached House,21,Scarborough Centre
1156973,STR-2304-GQQPHT,11 Sepia Dr,,M2J,Single/Semi-detached House,17,Don Valley North
1156974,STR-2304-HWQPHY,11 Castle Green Cres,,M9R,Single/Semi-detached House,2,Etobicoke Centre
1156975,STR-2304-FKGBHP,268 Glen Manor Dr W,,M4E,Single/Semi-detached House,19,Beaches-East York
1156976,STR-2304-FSMBHQ,120 Homewood Ave,1401,M4Y,Condominium,13,Toronto Centre
1156977,STR-2304-GRGBHT,59 East Liberty St,608,M6K,Condominium,10,Spadina-Fort York
1156978,STR-2304-GYMBHV,700 Bathurst St,2,M5S,Duplex/Triplex/Fourplex,11,University-Rosedale
1156979,STR-2304-HPZBHX,85 Bloor St E,1711,M4W,Condominium,11,University-Rosedale
1156980,STR-2304-HXGBHY,50 Fairhill Cres,,M3A,Single/Semi-detached House,16,Don Valley East
1156981,STR-2304-JFMBHZ,112 Kennedy Ave,,M6S,Single/Semi-detached House,4,Parkdale-High Park
1156982,STR-2304-FKWPHP,195 Driftwood Ave,,M3N,Single/Semi-detached House,7,Humber River-Black Creek
1156983,STR-2304-FTCPHQ,520 Clinton St,,M6G,Townhouse/ Row House,11,University-Rosedale
1156984,STR-2304-GBJPHR,8 Mercer St,315,M5V,Condominium,10,Spadina-Fort York
1156985,STR-2304-GJQPHS,1185 The Queensway,1211,M8Z,Condominium,3,Etobicoke-Lakeshore
1156986,STR-2304-GRWPHT,164 Winona Dr,,M6G,Single/Semi-detached House,9,Davenport
1156987,STR-2304-GZCPHV,15 Wyndham St,,M6K,Single/Semi-detached House,9,Davenport
1156988,STR-2304-HHJPHW,62 Glenstroke Dr,,M1S,Single/Semi-detached House,23,Scarborough North
1156989,STR-2304-HQQPHX,5 Valhalla Inn Rd,109,M9B,Townhouse/ Row House,2,Etobicoke Centre
1156990,STR-2304-HXWPHY,33 Wanstead Ave,,M1L,Duplex/Triplex/Fourplex,20,Scarborough Southwest
1156991,STR-2304-JGCPHZ,207 Montrose Ave,1,M6G,Apartment,11,University-Rosedale
1156992,STR-2304-FWBHHR,17 Yates Ave,,M1L,Townhouse/ Row House,20,Scarborough Southwest
1156993,STR-2304-FTTBHQ,375 The Westway,,M9R,Single/Semi-detached House,2,Etobicoke Centre
1156994,STR-2304-GKGBHS,2145 Danforth Ave,1,M4C,Apartment,19,Beaches-East York
1156995,STR-2304-GZTBHV,120 Hounslow Ave,,M2N,Single/Semi-detached House,18,Willowdale
1156996,STR-2304-HHZBHW,700 Humberwood Blvd,2921,M9W,Condominium,1,Etobicoke North
1156997,STR-2304-HYMBHY,16 Pannahill Rd,,M3H,Single/Semi-detached House,6,York Centre
1156998,STR-2304-FMDVHQ,37 Marilyn Cres,,M4B,Single/Semi-detached House,19,Beaches-East York
1156999,STR-2304-GCRVHS,2134 Dundas St W,Upper,M6R,Duplex/Triplex/Fourplex,4,Parkdale-High Park
1157000,STR-2304-GTDVHV,155 Yorkville Ave,720,M5R,Condominium,11,University-Rosedale
1157001,STR-2304-HBKVHW,390 Lake Promenade,,M8W,Single/Semi-detached House,3,Etobicoke-Lakeshore
1157002,STR-2304-HJRVHX,1070 Progress Ave,201,M1B,Condominium,23,Scarborough North
1157003,STR-2304-HRXVHY,474 Martin Grove Rd,,M9B,Single/Semi-detached House,2,Etobicoke Centre
1157004,STR-2304-HZDVHZ,678 Woodbine Ave,,M4E,Single/Semi-detached House,19,Beaches-East York
1157005,STR-2304-FMVHHQ,12 Mountview Ave,,M6P,Single/Semi-detached House,4,Parkdale-High Park
1157006,STR-2304-GDHHHS,535 The East Mall,218,M9B,Apartment,2,Etobicoke Centre
1157007,STR-2304-GLPHHT,955 Queen St W,421,M6J,Condominium,10,Spadina-Fort York
1157008,STR-2304-GTVHHV,1815 Yonge St,1604,M4T,Condominium,12,Toronto-St. Paul's
1157009,STR-2304-HCBHHW,30 Grand Trunk Cres,3302,M5J,Condominium,10,Spadina-Fort York
1157010,STR-2304-HKHHHX,11 Norhead Ave,APT,M1S,Apartment,23,Scarborough North
1157011,STR-2304-HSPHHY,231 Fort York Blvd,220,M5V,Condominium,10,Spadina-Fort York
1157012,STR-2304-FGDVHP,246 Westwood Ave,,M4J,Single/Semi-detached House,14,Toronto-Danforth
1157013,STR-2304-FPKVHQ,57 Finch Ave W,7,M2N,Townhouse/ Row House,18,Willowdale
1157014,STR-2304-FWRVHR,10 Capreol Crt,612,M5V,Condominium,10,Spadina-Fort York
1157015,STR-2304-GDXVHS,10 Arborview Cres,,M9W,Single/Semi-detached House,1,Etobicoke North
1157016,STR-2304-GMDVHT,181 Bedford Rd,2001,M5R,Condominium,11,University-Rosedale
1157017,STR-2304-GVKVHV,730 Ontario St,1404,M4X,Apartment,13,Toronto Centre
1157018,STR-2304-HCRVHW,49 Norden Cres,,M3B,Single/Semi-detached House,16,Don Valley East
1157019,STR-2304-HKXVHX,256 Gledhill Ave,,M4C,Single/Semi-detached House,19,Beaches-East York
1157020,STR-2304-HTDVHY,145 Humewood Dr,,M6C,Single/Semi-detached House,12,Toronto-St. Paul's
1157021,STR-2304-JBKVHZ,61 Cameron St,1,M5T,Duplex/Triplex/Fourplex,10,Spadina-Fort York
1157022,STR-2304-FGVHHP,83 Mondeo Dr,6,M1P,Townhouse/ Row House,21,Scarborough Centre
1157023,STR-2304-FQBHHQ,513 Greenwood Ave,1,M4J,Duplex/Triplex/Fourplex,14,Toronto-Danforth
1157024,STR-2304-GFPHHS,40 Gerrard St E,701,M5B,Apartment,13,Toronto Centre
1157025,STR-2304-GMVHHT,124 Lappin Ave,,M6H,Single/Semi-detached House,9,Davenport
1157026,STR-2304-GWBHHV,15 Colleen Crt,,M3M,Single/Semi-detached House,6,York Centre
1157027,STR-2304-HDHHHW,21 Iceboat Ter,4106,M5V,Condominium,10,Spadina-Fort York
1157028,STR-2304-HTVHHY,238 Danzig St,,M1E,Single/Semi-detached House,25,Scarborough-Rouge Park
1157029,STR-2304-JCBHHZ,159 Argyle St,Main,M6J,Townhouse/ Row House,9,Davenport
1157030,STR-2304-FHKVHP,138 Princess St,609,M5A,Condominium,13,Toronto Centre
1157031,STR-2304-GGDVHS,23 Atlantic Ave,REAR,M6K,Duplex/Triplex/Fourplex,10,Spadina-Fort York
1157032,STR-2304-GPKVHT,4K Spadina Ave,1723,M5V,Condominium,10,Spadina-Fort York
1157033,STR-2304-GWRVHV,219 Fort York Blvd,205,M5V,Condominium,10,Spadina-Fort York
1157034,STR-2304-HDXVHW,58 Ellendale Dr,,M1P,Single/Semi-detached House,21,Scarborough Centre
1157035,STR-2304-HMDVHX,358 O'Connor Dr,,M4J,Single/Semi-detached House,14,Toronto-Danforth
1157036,STR-2304-HVKVHY,74 Rusholme Rd,,M6J,Single/Semi-detached House,9,Davenport
1157037,STR-2304-JCRVHZ,190 Ossington Ave,3,M6J,Duplex/Triplex/Fourplex,10,Spadina-Fort York
1157038,STR-2304-FJBHHP,296 Highfield Rd,,M4L,Single/Semi-detached House,14,Toronto-Danforth
1157039,STR-2304-FRHHHQ,196 Dovercourt Rd,,M6J,Single/Semi-detached House,9,Davenport
1157040,STR-2304-FYPHHR,270 Wellington St W,1109,M5V,Condominium,10,Spadina-Fort York
1157041,STR-2304-GGVHHS,31 Salem Ave,,M6H,Single/Semi-detached House,9,Davenport
1157042,STR-2304-GQBHHT,295 Kenilworth Ave,,M4L,Single/Semi-detached House,19,Beaches-East York
1157043,STR-2304-GXHHHV,418 Gilbert Ave,BSMT,M6E,Single/Semi-detached House,9,Davenport
1157044,STR-2304-HFPHHW,3 Ward St,,M6H,Single/Semi-detached House,9,Davenport
1157045,STR-2304-HMVHHX,318 Richmond St W,2302,M5V,Condominium,10,Spadina-Fort York
1157046,STR-2304-HWBHHY,78 Sanwood Blvd,,M1V,Single/Semi-detached House,22,Scarborough-Agincourt
1157047,STR-2304-JDHHHZ,10 Ringway Cres,,M9W,Single/Semi-detached House,1,Etobicoke North
1157048,STR-2304-FJRVHP,180 Mill St,S113,M5A,Townhouse/ Row House,14,Toronto-Danforth
1157049,STR-2304-FRXVHQ,90 Sherbourne St,103,M5A,Apartment,13,Toronto Centre
1157050,STR-2304-FZDVHR,235 Prescott Ave,,M6N,Single/Semi-detached House,9,Davenport
1157051,STR-2304-GXXVHV,300 Front St W,4401,M5V,Condominium,10,Spadina-Fort York
1157052,STR-2304-HGDVHW,630 Rhodes Ave,,M4J,Single/Semi-detached House,14,Toronto-Danforth
1157053,STR-2304-HPKVHX,52 Ruthmar Cres,,M3N,Single/Semi-detached House,7,Humber River-Black Creek
1157054,STR-2304-HWRVHY,832 Bay St,4207,M5S,Condominium,11,University-Rosedale
1157055,STR-2304-FKHHHP,2191 Yonge St,2510,M4S,Condominium,12,Toronto-St. Paul's
1157056,STR-2304-FSPHHQ,38 Joe Shuster Way,305,M6K,Condominium,10,Spadina-Fort York
1157057,STR-2304-FZVHHR,305 Augusta Ave,2,M5T,Apartment,11,University-Rosedale
1157058,STR-2304-GJBHHS,59 Humberside Ave,,M6P,Single/Semi-detached House,4,Parkdale-High Park
1157059,STR-2304-GRHHHT,5 Flatwoods Dr,,M1V,Single/Semi-detached House,23,Scarborough North
1157060,STR-2304-GYPHHV,2 St Clarens Ave,,M6K,Single/Semi-detached House,9,Davenport
1157061,STR-2304-HGVHHW,169 Gladstone Ave,2,M6J,Townhouse/ Row House,9,Davenport
1157062,STR-2304-HXHHHY,155 Yorkville Ave,1020,M5R,Condominium,11,University-Rosedale
1157063,STR-2304-FKXVHP,14 York St,3402,M5J,Condominium,10,Spadina-Fort York
1157064,STR-2304-GBKVHR,103 Gladstone Ave,2,M6J,Duplex/Triplex/Fourplex,9,Davenport
1157065,STR-2304-GZDVHV,48 Cherrystone Dr,,M2H,Single/Semi-detached House,17,Don Valley North
1157066,STR-2304-HHKVHW,12 Foxley St,,M6J,Single/Semi-detached House,10,Spadina-Fort York
1157067,STR-2304-HQRVHX,67 Rosevear Ave,,M4C,Single/Semi-detached House,19,Beaches-East York
1157068,STR-2304-JGDVHZ,24 Farmington Cres,,M1S,Single/Semi-detached House,22,Scarborough-Agincourt
1157069,STR-2304-FLPHHP,15 Bruyeres Mews,1108,M5V,Condominium,10,Spadina-Fort York
1157070,STR-2304-GCBHHR,201 Carlaw Ave,411,M4M,Apartment,14,Toronto-Danforth
1157071,STR-2304-GKHHHS,300 Front St W,1409,M5V,Condominium,10,Spadina-Fort York
1157072,STR-2304-GSPHHT,358 Coxwell Ave,,M4L,Apartment,14,Toronto-Danforth
1157073,STR-2304-GZVHHV,130 Duvernet Ave,,M4E,Single/Semi-detached House,19,Beaches-East York
1157074,STR-2304-HJBHHW,20 Danjohn Cres,,M1V,Single/Semi-detached House,23,Scarborough North
1157075,STR-2304-HRHHHX,23 Ladysbridge Dr,2,M1G,Single/Semi-detached House,24,Scarborough-Guildwood
1157076,STR-2304-HYPHHY,12 Gradwell Dr,,M1M,Single/Semi-detached House,20,Scarborough Southwest
1157077,STR-2304-JGVHHZ,400 Dovercourt Rd,Garden Suite,M6J,Single/Semi-detached House,9,Davenport
1157078,STR-2304-FDZBHP,58 Burbank Dr,,M2K,Single/Semi-detached House,17,Don Valley North
1157079,STR-2304-FMGBHQ,14 York St,4308,M5J,Condominium,10,Spadina-Fort York
1157080,STR-2304-GKZBHT,3 Mosedale Cres,,M2J,Single/Semi-detached House,17,Don Valley North
1157081,STR-2304-GTGBHV,7 Dolan Gt,,M2J,Single/Semi-detached House,17,Don Valley North
1157082,STR-2304-HBMBHW,390 Dixon Rd,1207,M9R,Condominium,1,Etobicoke North
1157083,STR-2304-HJTBHX,232 Blackthorn Ave,,M6N,Single/Semi-detached House,9,Davenport
1157084,STR-2304-HRZBHY,10 Rockvale Ave,,M6E,Single/Semi-detached House,12,Toronto-St. Paul's
1157085,STR-2304-HZGBHZ,30 Cheritan Ave,,M4R,Single/Semi-detached House,8,Eglinton-Lawrence
1157086,STR-2304-FMWPHQ,71 Wroxeter Ave,,M4J,Single/Semi-detached House,14,Toronto-Danforth
1157087,STR-2304-FWCPHR,219 Fort York Blvd,2705,M5V,Condominium,10,Spadina-Fort York
1157088,STR-2304-GDJPHS,51 Tidworth Sq,,M1S,Single/Semi-detached House,23,Scarborough North
1157089,STR-2304-GTWPHV,3 Arkley Cres,,M9R,Single/Semi-detached House,2,Etobicoke Centre
1157090,STR-2304-HCCPHW,197 Yonge St,3505,M5B,Condominium,13,Toronto Centre
1157091,STR-2304-HKJPHX,408 Rosemary Rd,,M5P,Single/Semi-detached House,12,Toronto-St. Paul's
1157092,STR-2304-HZWPHZ,2 Prospect St,A6,M4X,Apartment,13,Toronto Centre
1157093,STR-2304-FGGBHP,458 Richmond St W,1203,M5V,Condominium,10,Spadina-Fort York
1157094,STR-2304-FPMBHQ,14 York St,5303,M5J,Condominium,10,Spadina-Fort York
1157095,STR-2304-FWTBHR,11 Deeth Dr,,M9P,Single/Semi-detached House,2,Etobicoke Centre
1157096,STR-2304-GDZBHS,91 Hill Cres,,M1M,Single/Semi-detached House,24,Scarborough-Guildwood
1157097,STR-2304-GMGBHT,715 Lawrence Ave W,21,M6A,Townhouse/ Row House,8,Eglinton-Lawrence
1157098,STR-2304-GVMBHV,408 Brunswick Ave,Main,M5R,Single/Semi-detached House,11,University-Rosedale
1157099,STR-2304-HKZBHX,60 Colborne St,1107,M5E,Condominium,13,Toronto Centre
1157100,STR-2304-HTGBHY,12 York St,5104,M5J,Condominium,10,Spadina-Fort York
1157101,STR-2304-JBMBHZ,705 King St W,404,M5V,Condominium,10,Spadina-Fort York
1157102,STR-2304-FGWPHP,382 Spadina Rd,basement,M5P,Single/Semi-detached House,12,Toronto-St. Paul's
1157103,STR-2304-FQCPHQ,101 Peter St,3108,M5V,Condominium,10,Spadina-Fort York
1157104,STR-2304-GMWPHT,48 King Louis Cres,,M1T,Single/Semi-detached House,22,Scarborough-Agincourt
1157105,STR-2304-HLQPHX,140 Manning Ave,1,M6J,Single/Semi-detached House,10,Spadina-Fort York
1157106,STR-2304-HTWPHY,16 Brookers Lane,2807,M8V,Condominium,3,Etobicoke-Lakeshore
1157107,STR-2304-JCCPHZ,30 Aurora Crt,405,M1W,Apartment,22,Scarborough-Agincourt
1157108,STR-2304-FHMBHP,14 Laxton Ave,1,M6K,Single/Semi-detached House,4,Parkdale-High Park
1157109,STR-2304-FXZBHR,197 Ontario St,,M5A,Single/Semi-detached House,13,Toronto Centre
1157110,STR-2304-GGGBHS,15 Iceboat Ter,3702,M5V,Condominium,10,Spadina-Fort York
1157111,STR-2304-HDZBHW,19 Markham St,1,M6J,Duplex/Triplex/Fourplex,10,Spadina-Fort York
1157112,STR-2304-HMGBHX,8 Charlotte St,1103,M5V,Condominium,10,Spadina-Fort York
1157113,STR-2304-JCTBHZ,78 Walmer Rd,,M5R,Single/Semi-detached House,11,University-Rosedale
1157114,STR-2304-GGWPHS,251 Grenview Blvd S,,M8Y,Single/Semi-detached House,3,Etobicoke-Lakeshore
1157115,STR-2304-GQCPHT,70 Sarah Ashbridge Ave,,M4L,Single/Semi-detached House,19,Beaches-East York
1157116,STR-2304-HFQPHW,350 Queens Quay W,1304,M5V,Apartment,10,Spadina-Fort York
1157117,STR-2304-HMWPHX,232 Sterling Rd,,M6R,Single/Semi-detached House,9,Davenport
1157118,STR-2304-HWCPHY,300 Front St W,611,M5V,Condominium,10,Spadina-Fort York
1157119,STR-2304-JDJPHZ,6 Glen Rd,,M4X,Single/Semi-detached House,13,Toronto Centre
1157120,STR-2304-FZGBHR,299 Arlington Ave,,M6C,Single/Semi-detached House,12,Toronto-St. Paul's
1157121,STR-2304-GHMBHS,56 Fennings St,,M6J,Single/Semi-detached House,10,Spadina-Fort York
1157122,STR-2304-GQTBHT,495 Warden Ave,,M1L,Single/Semi-detached House,20,Scarborough Southwest
1157123,STR-2304-GXZBHV,110 Banff Rd,,M4P,Single/Semi-detached House,15,Don Valley West
1157124,STR-2304-JDZBHZ,800 Lawrence Ave W,704,M6A,Condominium,8,Eglinton-Lawrence
1157125,STR-2304-FSQPHQ,155 Yorkville Ave,1908,M5R,Condominium,11,University-Rosedale
1157126,STR-2304-FZWPHR,45 O'Hara Ave,,M6K,Single/Semi-detached House,4,Parkdale-High Park
1157127,STR-2304-GRJPHT,42 Russell St,,M5S,Single/Semi-detached House,11,University-Rosedale
1157128,STR-2304-HQCPHX,99 Alhart Dr,,M9V,Single/Semi-detached House,1,Etobicoke North
1157129,STR-2304-HXJPHY,3710 Keele St,406,M3J,Apartment,7,Humber River-Black Creek
1157130,STR-2304-GBMBHR,65 Bremner Blvd,3101,M5J,Condominium,10,Spadina-Fort York
1157131,STR-2304-GRZBHT,83 Redpath Ave,1603,M4S,Condominium,12,Toronto-St. Paul's
1157132,STR-2304-GZGBHV,443 Merton St,,M4S,Duplex/Triplex/Fourplex,15,Don Valley West
1157133,STR-2304-HQTBHX,199 Richmond St W,809,M5V,Condominium,10,Spadina-Fort York
1157134,STR-2304-HXZBHY,19 Grand Trunk Cres,505,M5J,Apartment,10,Spadina-Fort York
1157135,STR-2304-FTWPHQ,630 Evans Ave,8,M8W,Townhouse/ Row House,3,Etobicoke-Lakeshore
1157136,STR-2304-GCCPHR,511 Bellamy Rd N,,M1H,Single/Semi-detached House,24,Scarborough-Guildwood
1157137,STR-2304-GKJPHS,300 Front St W,3813,M5V,Condominium,10,Spadina-Fort York
1157138,STR-2304-GSQPHT,131 Frederick Tisdale Dr,,M3K,Townhouse/ Row House,6,York Centre
1157139,STR-2304-GZWPHV,4340 bathurst st,507,M3H,Apartment,6,York Centre
1157140,STR-2304-HJCPHW,118 William St,,M9N,Single/Semi-detached House,5,York South-Weston
1157141,STR-2304-HRJPHX,426 Montrose Ave,2,M6G,Duplex/Triplex/Fourplex,11,University-Rosedale
1157142,STR-2304-HYQPHY,155 Yorkville Ave,3108,M5R,Condominium,11,University-Rosedale
1157143,STR-2304-JGWPHZ,300 Front St W,907,M5V,Condominium,10,Spadina-Fort York
1157144,STR-2304-FFBHHP,34 Cosens St,,M1C,Single/Semi-detached House,25,Scarborough-Rouge Park
1157145,STR-2304-FMHHHQ,188 Cumberland St,1001,M5R,Condominium,11,University-Rosedale
1157146,STR-2304-FVPHHR,55 Bremner Blvd,1503,M5J,Condominium,10,Spadina-Fort York
1157147,STR-2304-GLBHHT,198 Robert Hicks Dr,BACKSIDE,M2R,Apartment,6,York Centre
1157148,STR-2304-HBPHHW,35 Mariner Ter,4907,M5V,Condominium,10,Spadina-Fort York
1157149,STR-2304-HJVHHX,221 Willowdale Ave,,M2N,Single/Semi-detached House,18,Willowdale
1157150,STR-2304-HSBHHY,197 Holmes Ave,,M2N,Single/Semi-detached House,18,Willowdale
1157151,STR-2304-HZHHHZ,356 Huron St,,M5S,Single/Semi-detached House,11,University-Rosedale
1157152,STR-2304-FFRVHP,576 Balliol St,,M4S,Single/Semi-detached House,15,Don Valley West
1157153,STR-2304-FMXVHQ,202 Augusta Ave,3,M5T,Apartment,11,University-Rosedale
1157154,STR-2304-FWDVHR,135 Village Green Sq,925,M1S,Condominium,22,Scarborough-Agincourt
1157155,STR-2304-GDKVHS,61 Grant St,,M4M,Townhouse/ Row House,14,Toronto-Danforth
1157156,STR-2304-HCDVHW,6 Arkley Cres,,M9R,Single/Semi-detached House,2,Etobicoke Centre
1157157,STR-2304-HKKVHX,360 Patricia Ave,,M2R,Single/Semi-detached House,18,Willowdale
1157158,STR-2304-HSRVHY,17 Princess St,,M5A,Townhouse/ Row House,10,Spadina-Fort York
1157159,STR-2304-FPPHHQ,457 Brock Ave,,M6H,Single/Semi-detached House,9,Davenport
1157160,STR-2304-FWVHHR,120 Canon Jackson Dr,102,M6M,Condominium,5,York South-Weston
1157161,STR-2304-GFBHHS,100 Wellesley St E,2807,M4Y,Condominium,13,Toronto Centre
1157162,STR-2304-GVPHHV,209 Fort York Blvd,761,M5V,Condominium,10,Spadina-Fort York
1157163,STR-2304-HCVHHW,15 Atkins Ave,,M6K,Single/Semi-detached House,9,Davenport
1157164,STR-2304-HLBHHX,19 Crown Acres Crt,,M1S,Single/Semi-detached House,23,Scarborough North
1157165,STR-2304-HTHHHY,41 Indian Rd,,M6R,Single/Semi-detached House,4,Parkdale-High Park
1157166,STR-2304-FGXVHP,208 Queens Quay W,2403,M5J,Condominium,10,Spadina-Fort York
1157167,STR-2304-FQDVHQ,300 Front St W,801,M5V,Condominium,10,Spadina-Fort York
1157168,STR-2305-GFRVHS,1968B Bloor St W,3,M6P,Townhouse/ Row House,4,Parkdale-High Park
1157169,STR-2305-GMXVHT,23 Monkton Ave,,M8Z,Single/Semi-detached House,3,Etobicoke-Lakeshore
1157170,STR-2305-GWDVHV,230 Campbell Ave,,M6P,Duplex/Triplex/Fourplex,9,Davenport
1157171,STR-2305-HDKVHW,225 Maxwell St,,M3H,Single/Semi-detached House,6,York Centre
1157172,STR-2305-HLRVHX,300 Front St W,211,M5V,Condominium,10,Spadina-Fort York
1157173,STR-2305-HTXVHY,10 Rednor Rd,,M4C,Single/Semi-detached House,19,Beaches-East York
1157174,STR-2305-JCDVHZ,265 Manning Ave,,M6J,Single/Semi-detached House,11,University-Rosedale
1157175,STR-2305-FHPHHP,103 Gladstone Ave,1,M6J,Duplex/Triplex/Fourplex,9,Davenport
1157176,STR-2305-FQVHHQ,6 Brian Peck Cres,101,M4G,Townhouse/ Row House,15,Don Valley West
1157177,STR-2305-FYBHHR,300 Front St W,1104,M5V,Condominium,10,Spadina-Fort York
1157178,STR-2305-GPPHHT,237 Manning Ave,1,M6J,Apartment,11,University-Rosedale
1157179,STR-2305-HFBHHW,18 Verne Cres,,M1B,Townhouse/ Row House,23,Scarborough North
1157180,STR-2305-HVPHHY,2 Fee Pl,,M5A,Single/Semi-detached House,13,Toronto Centre
1157181,STR-2305-FYRVHR,301 Grace St,,M6G,Single/Semi-detached House,11,University-Rosedale
1157182,STR-2305-GGXVHS,21 Parravano Crt,,M2R,Single/Semi-detached House,18,Willowdale
1157183,STR-2305-GQDVHT,29 Wickson Trl,,M1B,Single/Semi-detached House,25,Scarborough-Rouge Park
1157184,STR-2305-HFRVHW,199 Richmond St W,407,M5V,Condominium,10,Spadina-Fort York
1157185,STR-2305-HWDVHY,15 Fort York Blvd,2107,M5V,Condominium,10,Spadina-Fort York
1157186,STR-2305-FJVHHP,120 Canon Jackson Dr,112,M6M,Apartment,5,York South-Weston
1157187,STR-2305-FSBHHQ,251 Jarvis St,1220,M5B,Condominium,13,Toronto Centre
1157188,STR-2305-FZHHHR,1 Sullivan St,,M5T,Single/Semi-detached House,10,Spadina-Fort York
1157189,STR-2305-GHPHHS,251 Jarvis St,2104,M5B,Condominium,13,Toronto Centre
1157190,STR-2305-GQVHHT,280 Wellesley St E,1905,M4X,Apartment,13,Toronto Centre
1157191,STR-2305-GYBHHV,50 Ordnance St,1801,M6K,Condominium,10,Spadina-Fort York
1157192,STR-2305-HPPHHX,14 York St,6501,M5J,Condominium,10,Spadina-Fort York
1157193,STR-2305-HWVHHY,30F View Green Cres,,M9W,Townhouse/ Row House,1,Etobicoke North
1157194,STR-2305-FKKVHP,101 Peter St,811,M5V,Condominium,10,Spadina-Fort York
1157195,STR-2305-FSRVHQ,12 York St,1107,M5J,Condominium,10,Spadina-Fort York
1157196,STR-2305-FZXVHR,14 York St,3104,M5J,Condominium,10,Spadina-Fort York
1157197,STR-2305-GJDVHS,99 Reiner Rd,,M3H,Single/Semi-detached House,6,York Centre
1157198,STR-2305-GRKVHT,298 Gilbert Ave,,M6E,Single/Semi-detached House,9,Davenport
1157199,STR-2305-GYRVHV,8 Charlotte St,1003,M5V,Condominium,10,Spadina-Fort York
1157200,STR-2305-HQDVHX,46 Pembroke St,3,M5A,Single/Semi-detached House,13,Toronto Centre
1157201,STR-2305-JFRVHZ,231 Fort York Blvd,215,M5V,Condominium,10,Spadina-Fort York
1157202,STR-2305-FLBHHP,14 York St,3610,M5J,Condominium,10,Spadina-Fort York
1157203,STR-2305-FTHHHQ,1048 College St,1,M6H,Apartment,9,Davenport
1157204,STR-2305-GBPHHR,72 Gerrard St W,1,M5G,Apartment,11,University-Rosedale
1157205,STR-2305-GJVHHS,14 York St,5804,M5J,Condominium,10,Spadina-Fort York
1157206,STR-2305-GSBHHT,209 Fort York Blvd,869,M5V,Condominium,10,Spadina-Fort York
1157207,STR-2305-GZHHHV,251 Jarvis St,1218,M5B,Condominium,13,Toronto Centre
1157208,STR-2305-HQVHHX,46 Century Dr,,M1K,Single/Semi-detached House,20,Scarborough Southwest
1157209,STR-2305-HYBHHY,267 Roywood Dr,402,M3A,Apartment,16,Don Valley East
1157210,STR-2305-FLRVHP,173 Belsize Dr,,M4S,Single/Semi-detached House,12,Toronto-St. Paul's
1157211,STR-2305-FTXVHQ,1953 Dufferin St,,M6E,Single/Semi-detached House,9,Davenport
1157212,STR-2305-GCDVHR,1787 ST CLAIR AVE W,331,M6N,Condominium,9,Davenport
1157213,STR-2305-GKKVHS,955 Bay St,426,M5S,Condominium,13,Toronto Centre
1157214,STR-2305-GSRVHT,18A Edgewood Ave,Upper,M4L,Duplex/Triplex/Fourplex,19,Beaches-East York
1157215,STR-2305-HJDVHW,29 Beverley St,,M5T,Single/Semi-detached House,10,Spadina-Fort York
1157216,STR-2305-HRKVHX,10 Capreol Crt,745,M5V,Condominium,10,Spadina-Fort York
1157217,STR-2305-HYRVHY,88 Sheppard Ave E,1903,M2N,Condominium,18,Willowdale
1157218,STR-2305-JGXVHZ,27 Bathurst St,517,M5V,Condominium,10,Spadina-Fort York
1157219,STR-2305-FFCPHP,300 Front St W,3811,M5V,Condominium,10,Spadina-Fort York
1157220,STR-2305-FMJPHQ,401 Delaware Ave,Main,M6H,Single/Semi-detached House,9,Davenport
1157221,STR-2305-GCWPHS,151 Dan Leckie Way,540,M5V,Condominium,10,Spadina-Fort York
1157222,STR-2305-HBQPHW,9 Canerouth Dr,,M9C,Apartment,2,Etobicoke Centre
1157223,STR-2305-HJWPHX,112 Oxford St,,M5T,Single/Semi-detached House,11,University-Rosedale
1157224,STR-2305-HSCPHY,30 Minto St,,M4L,Single/Semi-detached House,14,Toronto-Danforth
1157225,STR-2305-FFTBHP,21 Iceboat Ter,4001,M5V,Apartment,10,Spadina-Fort York
1157226,STR-2305-FMZBHQ,29 Esther Lorrie Dr,Basement,M9W,Single/Semi-detached House,1,Etobicoke North
1157227,STR-2305-FWGBHR,29 Alton Ave,,M4L,Single/Semi-detached House,14,Toronto-Danforth
1157228,STR-2305-GDMBHS,33 Donald Ave,,M6M,Single/Semi-detached House,5,York South-Weston
1157229,STR-2305-GLTBHT,518 Dufferin St,1,M6K,Single/Semi-detached House,9,Davenport
1157230,STR-2305-GTZBHV,76 Shuter St,606,M5B,Condominium,13,Toronto Centre
1157231,STR-2305-HSTBHY,327 Coronation Dr,,M1E,Single/Semi-detached House,25,Scarborough-Rouge Park
1157232,STR-2305-FPQPHQ,80 Western Battery Rd,603,M6K,Condominium,10,Spadina-Fort York
1157233,STR-2305-FWWPHR,3 Cosburn Ave,303,M4K,Duplex/Triplex/Fourplex,14,Toronto-Danforth
1157234,STR-2305-GFCPHS,138 Lawson Rd,,M1C,Single/Semi-detached House,25,Scarborough-Rouge Park
1157235,STR-2305-GMJPHT,200 Lotherton Ptwy,610,M6B,Condominium,8,Eglinton-Lawrence
1157236,STR-2305-HCWPHW,183 Oak Park Ave,,M4C,Single/Semi-detached House,19,Beaches-East York
1157237,STR-2305-HLCPHX,955 Bay St,1602,M5S,Condominium,13,Toronto Centre
1157238,STR-2305-HTJPHY,48 Groomsport Cres,,M1T,Single/Semi-detached House,22,Scarborough-Agincourt
1157239,STR-2305-FGZBHP,411 Ellerslie Ave,,M2R,Single/Semi-detached House,18,Willowdale
1157240,STR-2305-GFTBHS,10 Capreol Crt,521,M5V,Condominium,10,Spadina-Fort York
1157241,STR-2305-GMZBHT,30 Gemshaw Cres,,M1B,Single/Semi-detached House,25,Scarborough-Rouge Park
1157242,STR-2305-HDMBHW,1194 Dufferin St,2,M6H,Single/Semi-detached House,9,Davenport
1157243,STR-2305-HLTBHX,47 Syndicate Ave,,M6N,Single/Semi-detached House,5,York South-Weston
1157244,STR-2305-HTZBHY,2 Richgrove Dr,1,M9R,Single/Semi-detached House,1,Etobicoke North
1157245,STR-2305-FQWPHQ,328 Brock Ave,Upper,M6K,Single/Semi-detached House,9,Davenport
1157246,STR-2305-FYCPHR,2240 Lake Shore Blvd W,2208,M8V,Condominium,3,Etobicoke-Lakeshore
1157247,STR-2305-GGJPHS,1082 Queen St W,2,M6J,Apartment,10,Spadina-Fort York
1157248,STR-2305-GWWPHV,219 Fort York Blvd,3802,M5V,Apartment,10,Spadina-Fort York
1157249,STR-2305-HFCPHW,63 Berkeley St,,M5A,Townhouse/ Row House,13,Toronto Centre
1157250,STR-2305-HMJPHX,67 Clubhouse Crt,,M3L,Single/Semi-detached House,7,Humber River-Black Creek
1157251,STR-2305-HVQPHY,494 Clinton St,B,M6G,Single/Semi-detached House,11,University-Rosedale
1157252,STR-2305-FJGBHP,105 Dowswell Dr,,M1B,Single/Semi-detached House,23,Scarborough North
1157253,STR-2305-FRMBHQ,176 Brighton Ave,,M3H,Single/Semi-detached House,6,York Centre
1157254,STR-2305-FYTBHR,117 Howard Park Ave,Upper,M6R,Duplex/Triplex/Fourplex,4,Parkdale-High Park
1157255,STR-2305-GGZBHS,111 Green Gardens Blvd,,M6A,Townhouse/ Row House,8,Eglinton-Lawrence
1157256,STR-2305-GQGBHT,311 The West Mall,707,M9C,Apartment,2,Etobicoke Centre
1157257,STR-2305-HFTBHW,9 Rory Rd,,M6L,Single/Semi-detached House,5,York South-Weston
1157258,STR-2305-HMZBHX,1186 Islington Ave,,M8Z,Single/Semi-detached House,3,Etobicoke-Lakeshore
1157259,STR-2305-FJWPHP,110 Colonel Danforth Trl,,M1C,Single/Semi-detached House,25,Scarborough-Rouge Park
1157260,STR-2305-FSCPHQ,209 Fort York Blvd,564,M5V,Condominium,10,Spadina-Fort York
1157261,STR-2305-FZJPHR,2412 Danforth Ave,4,M4C,Apartment,19,Beaches-East York
1157262,STR-2305-GHQPHS,25 Madison Ave,E,M5R,Apartment,11,University-Rosedale
1157263,STR-2305-GQWPHT,148 Montgomery Ave,,M4R,Single/Semi-detached House,8,Eglinton-Lawrence
1157264,STR-2305-GYCPHV,20 Tollington Rd,,M9R,Single/Semi-detached House,2,Etobicoke Centre
1157265,STR-2305-HPQPHX,630 Queen St E,804,M4M,Condominium,14,Toronto-Danforth
1157266,STR-2305-HWWPHY,11094 Sheppard Ave E,,M1B,Single/Semi-detached House,25,Scarborough-Rouge Park
1157267,STR-2305-JFCPHZ,524 Dufferin St,1,M6K,Single/Semi-detached House,9,Davenport
1157268,STR-2305-FKMBHP,55 Shirley St,,M6K,Townhouse/ Row House,9,Davenport
1157269,STR-2305-FZZBHR,33 Isabella St,2013,M4Y,Apartment,13,Toronto Centre
1157270,STR-2305-GJGBHS,5 St Joseph St,2309,M4Y,Condominium,13,Toronto Centre
1157271,STR-2305-GYTBHV,56 Leafield Dr,,M1W,Single/Semi-detached House,22,Scarborough-Agincourt
1157272,STR-2305-HGZBHW,30 Brucewood Cres,,M6A,Single/Semi-detached House,8,Eglinton-Lawrence
1157273,STR-2305-HQGBHX,300 Front St W,1609,M5V,Condominium,10,Spadina-Fort York
1157274,STR-2305-HXMBHY,86 Elmwood Ave,,M2N,Single/Semi-detached House,18,Willowdale
1157275,STR-2305-JFTBHZ,708 Euclid Ave,4,M6G,Duplex/Triplex/Fourplex,11,University-Rosedale
1157276,STR-2305-FLCPHP,2212 Lake Shore Blvd W,1109,M8V,Condominium,3,Etobicoke-Lakeshore
1157277,STR-2305-FTJPHQ,124 Prince George Dr,,M9B,Single/Semi-detached House,2,Etobicoke Centre
1157278,STR-2305-GBQPHR,4 Bathgate Dr,,M1C,Single/Semi-detached House,25,Scarborough-Rouge Park
1157279,STR-2305-GJWPHS,219 Hastings Ave,,M4L,Single/Semi-detached House,14,Toronto-Danforth
1157280,STR-2305-GSCPHT,97 Oakcrest Ave,,M4C,Single/Semi-detached House,19,Beaches-East York
1157281,STR-2305-GZJPHV,21 Iceboat Ter,1712,M5V,Condominium,10,Spadina-Fort York
1157282,STR-2305-HQWPHX,1295 Dundas St E,,M4M,Single/Semi-detached House,14,Toronto-Danforth
1157283,STR-2305-JGJPHZ,884 College St,Second Floor,M6H,Duplex/Triplex/Fourplex,9,Davenport
1157284,STR-2305-FLTBHP,41 Dunkirk Rd,,M4C,Single/Semi-detached House,19,Beaches-East York
1157285,STR-2305-FTZBHQ,18 Yonge St,906,M5E,Condominium,10,Spadina-Fort York
1157286,STR-2305-GCGBHR,12 York St,4801,M5J,Condominium,10,Spadina-Fort York
1157287,STR-2305-GKMBHS,188 Cumberland St,1908,M5R,Condominium,11,University-Rosedale
1157288,STR-2305-GSTBHT,107 Riverdale Ave,,M4K,Single/Semi-detached House,14,Toronto-Danforth
1157289,STR-2305-GZZBHV,1420 Queen St W,2,M6K,Apartment,4,Parkdale-High Park
1157290,STR-2305-HRMBHX,207 Drewry Ave,,M2M,Single/Semi-detached House,18,Willowdale
1157291,STR-2305-HYTBHY,1051 Bloor St W,2,M6H,Apartment,9,Davenport
1157292,STR-2305-JGZBHZ,35 Empress Ave,1507,M2N,Condominium,18,Willowdale
1157293,STR-2305-FDPKVP,8 Eglinton Ave E,4002,M4P,Condominium,12,Toronto-St. Paul's
1157294,STR-2305-FLVKVQ,1 Iceboat Ter,G16,M5V,Townhouse/ Row House,10,Spadina-Fort York
1157295,STR-2305-GCHKVS,185 Gamble Ave,,M4J,Single/Semi-detached House,14,Toronto-Danforth
1157296,STR-2305-GKPKVT,20 Bradbury Cres,,M9C,Single/Semi-detached House,2,Etobicoke Centre
1157297,STR-2305-GSVKVV,2 Bleecker St,,M4X,Townhouse/ Row House,13,Toronto Centre
1157298,STR-2305-HBBKVW,12 York St,3709,M5J,Condominium,10,Spadina-Fort York
1157299,STR-2305-HJHKVX,25 Rankin Cres,,M6P,Townhouse/ Row House,9,Davenport
1157300,STR-2305-HRPKVY,20 Austin Ter,Upper,M5R,Single/Semi-detached House,12,Toronto-St. Paul's
1157301,STR-2305-HYVKVZ,300 Front St W,2906,M5V,Condominium,10,Spadina-Fort York
1157302,STR-2305-FMKXVQ,832 Bay St,3408,M5S,Condominium,11,University-Rosedale
1157303,STR-2305-FVRXVR,2200 Lake Shore Blvd W,709,M8V,Apartment,3,Etobicoke-Lakeshore
1157304,STR-2305-GCXXVS,107 Searle Ave,,M3H,Single/Semi-detached House,6,York Centre
1157305,STR-2305-GLDXVT,251 Jarvis St,725,M5B,Condominium,13,Toronto Centre
1157306,STR-2305-GTKXVV,72 Dewson St,1,M6H,Duplex/Triplex/Fourplex,9,Davenport
1157307,STR-2305-HBRXVW,12 Goldfinch Crt,605,M2R,Apartment,6,York Centre
1157308,STR-2305-HZKXVZ,29 Alma Ave,Laneway,M6J,Single/Semi-detached House,9,Davenport
1157309,STR-2305-FFVKVP,20 John St,224,M5V,Condominium,10,Spadina-Fort York
1157310,STR-2305-FPBKVQ,12 York St,501,M5J,Condominium,10,Spadina-Fort York
1157311,STR-2305-GVBKVV,132 Queensdale Ave,,M4J,Single/Semi-detached House,14,Toronto-Danforth
1157312,STR-2305-HCHKVW,55 Bremner Blvd,1504,M5J,Condominium,10,Spadina-Fort York
1157313,STR-2305-JBBKVZ,33 Sackville St,2,M5A,Townhouse/ Row House,13,Toronto Centre
1157314,STR-2305-FGKXVP,20 Teesdale Pl,201,M1L,Apartment,20,Scarborough Southwest
1157315,STR-2305-FPRXVQ,72 Piperbrook Cres,,M1E,Single/Semi-detached House,25,Scarborough-Rouge Park
1157316,STR-2305-FWXXVR,22 Gough Ave,,M4K,Single/Semi-detached House,14,Toronto-Danforth
1157317,STR-2305-GFDXVS,77 St Georges Blvd,,M9R,Single/Semi-detached House,1,Etobicoke North
1157318,STR-2305-GMKXVT,27 Overbank Cres,,M3A,Single/Semi-detached House,16,Don Valley East
1157319,STR-2305-HCXXVW,87 Peter St,605,M5V,Condominium,10,Spadina-Fort York
1157320,STR-2305-HTKXVY,410 Dufferin St,416,M6K,Condominium,9,Davenport
1157321,STR-2305-JBRXVZ,151 Dan Leckie Way,2103,M5V,Apartment,10,Spadina-Fort York
1157322,STR-2305-FHBKVP,640 Woodbine Ave,,M4E,Duplex/Triplex/Fourplex,19,Beaches-East York
1157323,STR-2305-FQHKVQ,141 Connaught Ave,,M2M,Single/Semi-detached House,18,Willowdale
1157324,STR-2305-GFVKVS,11 Wellesley St W,4702,M4Y,Condominium,13,Toronto Centre
1157325,STR-2305-GPBKVT,8 Charlotte St,608,M5V,Condominium,10,Spadina-Fort York
1157326,STR-2305-GWHKVV,44 Donofree Rd,Basement,M6L,Single/Semi-detached House,5,York South-Weston
1157327,STR-2305-HDPKVW,42 Pearson Ave,,M6R,Single/Semi-detached House,4,Parkdale-High Park
1157328,STR-2305-HLVKVX,76 Clancy Dr,,M2J,Single/Semi-detached House,17,Don Valley North
1157329,STR-2305-HVBKVY,301 Dixon Rd,603,M9R,Apartment,2,Etobicoke Centre
1157330,STR-2305-JCHKVZ,185 Legion Rd N,2015,M8Y,Condominium,3,Etobicoke-Lakeshore
1157331,STR-2305-GGKXVS,13 Breanna Crt,Basement,M2H,Single/Semi-detached House,17,Don Valley North
1157332,STR-2305-GPRXVT,101 Peter St,1105,M5V,Condominium,10,Spadina-Fort York
1157333,STR-2305-HMKXVX,1244 Bloor St W,2nd Floor,M6H,Duplex/Triplex/Fourplex,9,Davenport
1157334,STR-2305-HVRXVY,35 Herbert Ave,,M4L,Single/Semi-detached House,19,Beaches-East York
1157335,STR-2305-JCXXVZ,34 Swanwick Ave,,M4E,Single/Semi-detached House,19,Beaches-East York
1157336,STR-2305-FJHKVP,1153A Glencairn Ave,,M6B,Single/Semi-detached House,8,Eglinton-Lawrence
1157337,STR-2305-FRPKVQ,237 Holborne Ave,,M4C,Single/Semi-detached House,19,Beaches-East York
1157338,STR-2305-GHBKVS,149 Jeffcoat Dr,,M9W,Single/Semi-detached House,1,Etobicoke North
1157339,STR-2305-GXPKVV,22 Tambrook Dr,Basement,M1W,Single/Semi-detached House,22,Scarborough-Agincourt
1157340,STR-2305-HFVKVW,300 Front St W,2202,M5V,Condominium,10,Spadina-Fort York
1157341,STR-2305-HPBKVX,318 King St E,1309,M5A,Condominium,13,Toronto Centre
1157342,STR-2305-FSDXVQ,832 Bay St,1809,M5S,Condominium,11,University-Rosedale
1157343,STR-2305-GHRXVS,29 Notley Pl,,M4B,Single/Semi-detached House,19,Beaches-East York
1157344,STR-2305-GQXXVT,64 Gillespie Ave,,M6N,Single/Semi-detached House,9,Davenport
1157345,STR-2305-GYDXVV,92 Jay St,,M6L,Single/Semi-detached House,5,York South-Weston
1157346,STR-2305-HGKXVW,62 Hillside Dr,,M4K,Single/Semi-detached House,14,Toronto-Danforth
1157347,STR-2305-HPRXVX,339 Byng Ave,,M2N,Single/Semi-detached House,18,Willowdale
1157348,STR-2305-FKPKVP,225 Lisgar St,1,M6J,Single/Semi-detached House,9,Davenport
1157349,STR-2305-FSVKVQ,28 O'Leary Ave,,M6E,Single/Semi-detached House,9,Davenport
1157350,STR-2305-GBBKVR,14 York St,301,M5J,Condominium,10,Spadina-Fort York
1157351,STR-2305-GJHKVS,5 Garnock Ave,1,M4K,Duplex/Triplex/Fourplex,14,Toronto-Danforth
1157352,STR-2305-GRPKVT,165 Legion Rd N,1130,M8Y,Condominium,3,Etobicoke-Lakeshore
1157353,STR-2305-GYVKVV,65 Bremner Blvd,2506,M5J,Condominium,10,Spadina-Fort York
1157354,STR-2305-HHBKVW,415 Markham St,,M6G,Single/Semi-detached House,11,University-Rosedale
1157355,STR-2305-HQHKVX,847 College St,2,M6H,Apartment,9,Davenport
1157356,STR-2305-HXPKVY,1066 Lillian St,,M2M,Single/Semi-detached House,18,Willowdale
1157357,STR-2305-GBRXVR,77 Huntley St,2318,M4Y,Apartment,13,Toronto Centre
1157358,STR-2305-GJXXVS,53 Hertle Ave,,M4L,Single/Semi-detached House,14,Toronto-Danforth
1157359,STR-2305-GSDXVT,25 Fallingbrook Dr,,M1N,Single/Semi-detached House,20,Scarborough Southwest
1157360,STR-2305-HQXXVX,7 Isleworth Ave,,M4E,Single/Semi-detached House,19,Beaches-East York
1157361,STR-2305-JGKXVZ,22 Cherry Nook Gdns,,M4L,Single/Semi-detached House,14,Toronto-Danforth
1157362,STR-2305-FDQRVP,47 Vermont Ave,,M6G,Single/Semi-detached House,11,University-Rosedale
1157363,STR-2305-FLWRVQ,42C Yarmouth Rd,,M6G,Single/Semi-detached House,11,University-Rosedale
1157364,STR-2305-FVCRVR,14 York St,5708,M5J,Condominium,10,Spadina-Fort York
1157365,STR-2305-GCJRVS,222 Hillsdale Ave E,,M4S,Single/Semi-detached House,12,Toronto-St. Paul's
1157366,STR-2305-GSWRVV,33 Singer Crt,1008,M2K,Condominium,17,Don Valley North
1157367,STR-2305-HRQRVY,101 Peter St,1707,M5V,Condominium,10,Spadina-Fort York
1157368,STR-2305-FVTDVR,123 Belgravia Ave,,M6E,Single/Semi-detached House,8,Eglinton-Lawrence
1157369,STR-2305-GLGDVT,101 Peter St,3111,M5V,Condominium,10,Spadina-Fort York
1157370,STR-2305-HBTDVW,95 Edinborough Crt,,M6N,Single/Semi-detached House,5,York South-Weston
1157371,STR-2305-HJZDVX,72 Elmer Ave,,M4L,Single/Semi-detached House,19,Beaches-East York
1157372,STR-2305-HZMDVZ,98 Topcliff Ave,,M3N,Single/Semi-detached House,7,Humber River-Black Creek
1157373,STR-2305-FWJRVR,48 Gwynne Ave,1,M6K,Single/Semi-detached House,4,Parkdale-High Park
1157374,STR-2305-GDQRVS,155 Yorkville Ave,802,M5R,Condominium,11,University-Rosedale
1157375,STR-2305-GLWRVT,346 Davenport Rd,205,M5R,Condominium,11,University-Rosedale
1157376,STR-2305-HCJRVW,14 York St,4911,M5J,Condominium,10,Spadina-Fort York
1157377,STR-2305-HKQRVX,374 Harbord St,,M6G,Apartment,11,University-Rosedale
1157378,STR-2305-HSWRVY,2 Russett Ave,2,M6H,Duplex/Triplex/Fourplex,9,Davenport
1157379,STR-2305-JBCRVZ,33 Dundonald St,1,M4Y,Townhouse/ Row House,13,Toronto Centre
1157380,STR-2305-FGMDVP,300 Front St W,2710,M5V,Condominium,10,Spadina-Fort York
1157381,STR-2305-FPTDVQ,300 Front St W,1606,M5V,Condominium,10,Spadina-Fort York
1157382,STR-2305-GFGDVS,18 Yonge St,606,M5E,Condominium,10,Spadina-Fort York
1157383,STR-2305-GVTDVV,42 Saulter St,B,M4M,Duplex/Triplex/Fourplex,14,Toronto-Danforth
1157384,STR-2305-HCZDVW,36 Via Bagnato,840,M6A,Condominium,8,Eglinton-Lawrence
1157385,STR-2305-HLGDVX,101 Peter St,1007,M5V,Condominium,10,Spadina-Fort York
1157386,STR-2305-HTMDVY,140 Carlton St,1405,M5A,Apartment,13,Toronto Centre
1157387,STR-2305-FHCRVP,90 Wye Valley Rd,,M1P,Single/Semi-detached House,21,Scarborough Centre
1157388,STR-2305-FXQRVR,50 Sherwood Ave,,M4P,Single/Semi-detached House,15,Don Valley West
1157389,STR-2305-GPCRVT,165 Barrington Ave,904,M4C,Apartment,19,Beaches-East York
1157390,STR-2305-GWJRVV,85 Scarboro Beach Blvd,,M4E,Single/Semi-detached House,19,Beaches-East York
1157391,STR-2305-HDQRVW,5A Dynevor Rd,,M6E,Single/Semi-detached House,9,Davenport
1157392,STR-2305-HVCRVY,1926 Lake Shore Blvd W,2216,M6S,Condominium,4,Parkdale-High Park
1157393,STR-2305-FQZDVQ,176 Wiltshire Ave,,M6N,Townhouse/ Row House,9,Davenport
1157394,STR-2305-GPTDVT,59 Grenadier Rd,,M6R,Single/Semi-detached House,4,Parkdale-High Park
1157395,STR-2305-GWZDVV,15 Vicora Linkway,904,M3C,Condominium,16,Don Valley East
1157396,STR-2305-HFGDVW,3 Gloucester St,3009,M4Y,Condominium,13,Toronto Centre
1157397,STR-2305-HVTDVY,101 Peter St,812,M5V,Condominium,10,Spadina-Fort York
1157398,STR-2305-FJJRVP,210 Victoria St,2202,M5B,Apartment,13,Toronto Centre
1157399,STR-2305-GHCRVS,1 Gwynne Ave,,M6K,Single/Semi-detached House,4,Parkdale-High Park
1157400,STR-2305-GQJRVT,72 Madras Cres,,M1G,Single/Semi-detached House,24,Scarborough-Guildwood
1157401,STR-2305-GXQRVV,25 Neighborhood Lane,104,M8Y,Condominium,3,Etobicoke-Lakeshore
1157402,STR-2305-HWJRVY,565 Conacher Dr,,M2M,Single/Semi-detached House,18,Willowdale
1157403,STR-2305-FJZDVP,98 Lloyd Manor Rd,,M9B,Single/Semi-detached House,2,Etobicoke Centre
1157404,STR-2305-FSGDVQ,215 Fort York Blvd,2603,M5V,Condominium,10,Spadina-Fort York
1157405,STR-2305-FZMDVR,832 Bay St,4504,M5S,Condominium,11,University-Rosedale
1157406,STR-2305-GHTDVS,26 Dentonia Park Ave,,M4C,Single/Semi-detached House,19,Beaches-East York
1157407,STR-2305-GQZDVT,118 Fulton Ave,,M4K,Single/Semi-detached House,14,Toronto-Danforth
1157408,STR-2305-GYGDVV,55 Charles St W,2601,M5S,Apartment,11,University-Rosedale
1157409,STR-2305-HGMDVW,560 Front St W,718,M5V,Condominium,10,Spadina-Fort York
1157410,STR-2305-HPTDVX,57 Rosethorn Ave,,M6N,Single/Semi-detached House,9,Davenport
1157411,STR-2305-HWZDVY,456 Crawford St,1,M6G,Single/Semi-detached House,11,University-Rosedale
1157412,STR-2305-FKQRVP,270 Wellington St W,1011,M5V,Condominium,10,Spadina-Fort York
1157413,STR-2305-FSWRVQ,191 Sherbourne St,1510,M5A,Apartment,13,Toronto Centre
1157414,STR-2305-GBCRVR,2 Richgrove Dr,2,M9R,Duplex/Triplex/Fourplex,1,Etobicoke North
1157415,STR-2305-GRQRVT,10 Capreol Crt,622,M5V,Condominium,10,Spadina-Fort York
1157416,STR-2305-GYWRVV,93 Rameau Dr,3,M2H,Townhouse/ Row House,17,Don Valley North
1157417,STR-2305-HHCRVW,300 Front St W,1402,M5V,Condominium,10,Spadina-Fort York
1157418,STR-2305-HXQRVY,36 Glenshaw Cres,,M4B,Single/Semi-detached House,19,Beaches-East York
1157419,STR-2305-FLGDVP,150 East Liberty St,2604,M6K,Condominium,10,Spadina-Fort York
1157420,STR-2305-GJZDVS,428 Victoria Park Ave,,M4E,Single/Semi-detached House,19,Beaches-East York
1157421,STR-2305-GSGDVT,300 Front St W,2409,M5V,Condominium,10,Spadina-Fort York
1157422,STR-2305-GZMDVV,31 Heyworth Cres,,M4E,Single/Semi-detached House,19,Beaches-East York
1157423,STR-2305-HHTDVW,21 Iceboat Ter,926,M5V,Condominium,10,Spadina-Fort York
1157424,STR-2305-HYGDVY,345 Clinton St,1,M6G,Single/Semi-detached House,11,University-Rosedale
1157425,STR-2305-JGMDVZ,21 Iceboat Ter,1215,M5V,Condominium,10,Spadina-Fort York
1157426,STR-2305-FDRXVP,151 Dan Leckie Way,209,M5V,Condominium,10,Spadina-Fort York
1157427,STR-2305-FLXXVQ,962 Logan Ave,,M4K,Single/Semi-detached House,14,Toronto-Danforth
1157428,STR-2305-GCKXVS,300 Front St W,2008,M5V,Condominium,10,Spadina-Fort York
1157429,STR-2305-GKRXVT,251 Jarvis St,1712,M5B,Condominium,13,Toronto Centre
1157430,STR-2210-JDFRVM,164 Rusholme Rd,,M6H,Single/Semi-detached House,9,Davenport
1157431,STR-2210-FJQDVB,32 Alma Ave,2,M6J,Single/Semi-detached House,9,Davenport
1157432,STR-2210-HGCDVJ,50 East Liberty St,1136,M6K,Condominium,10,Spadina-Fort York
1157433,STR-2210-HPJDVK,201 Pickering St,,M4E,Single/Semi-detached House,19,Beaches-East York
1157434,STR-2210-JDWDVM,260 Seneca Hill Dr,1615,M2J,Condominium,17,Don Valley North
1157435,STR-2210-FSLRVC,12 York St,3711,M5J,Condominium,10,Spadina-Fort York
1157436,STR-2210-GRFRVG,18 Fourth St,,M8V,Single/Semi-detached House,3,Etobicoke-Lakeshore
1157437,STR-2210-GYLRVH,52 Orchard Park Blvd,,M4L,Townhouse/ Row House,19,Beaches-East York
1157438,STR-2210-HGSRVJ,840 Queen's Plate Dr,1511,M9W,Condominium,1,Etobicoke North
1157439,STR-2210-HPYRVK,4 Thyme Crt,,M9V,Single/Semi-detached House,1,Etobicoke North
1157440,STR-2210-FKWDVB,42 Sparrow Ave,,M6A,Single/Semi-detached House,8,Eglinton-Lawrence
1157441,STR-2210-HQQDVK,54 Lovilla Blvd,,M9M,Single/Semi-detached House,7,Humber River-Black Creek
1157442,STR-2210-FLLRVB,35 Mariner Ter,809,M5V,Condominium,10,Spadina-Fort York
1157443,STR-2210-GKFRVF,69 Blackthorn Ave,,M6N,Single/Semi-detached House,9,Davenport
1157444,STR-2210-HHYRVJ,98 Lillian St,1619,M4S,Condominium,12,Toronto-St. Paul's
1157445,STR-2210-FDXKVB,19 Evergreen Gdns,,M4G,Single/Semi-detached House,15,Don Valley West
1157446,STR-2210-GTDKVH,219 Fort York Blvd,1807,M5V,Condominium,10,Spadina-Fort York
1157447,STR-2210-HRXKVL,38 Grenville St,4406,M4Y,Condominium,13,Toronto Centre
1157448,STR-2210-FVZXVD,343 Clinton St,,M6G,Single/Semi-detached House,11,University-Rosedale
1157449,STR-2210-GDGXVF,494 Jones Ave,,M4J,Single/Semi-detached House,14,Toronto-Danforth
1157450,STR-2210-GLMXVG,125 Bartlett Ave,2,M6H,Duplex/Triplex/Fourplex,9,Davenport
1157451,STR-2210-HSMXVL,185 Legion Rd N,2015,M8Y,Condominium,3,Etobicoke-Lakeshore
1157452,STR-2210-FPKKVC,34 Ringley Ave,,M8Y,Single/Semi-detached House,3,Etobicoke-Lakeshore
1157453,STR-2210-GMDKVG,278 Renforth Dr,,M9C,Single/Semi-detached House,2,Etobicoke Centre
1157454,STR-2210-HCRKVJ,222 Elm St,1409,M5T,Apartment,11,University-Rosedale
1157455,STR-2210-HKXKVK,3 Moncrieff Dr,,M9W,Single/Semi-detached House,1,Etobicoke North
1157456,STR-2210-HTTXVL,84 Condor Ave,A,M4J,Single/Semi-detached House,14,Toronto-Danforth
1157457,STR-2210-GGDKVF,21 Iceboat Ter,1915,M5V,Condominium,10,Spadina-Fort York
1157458,STR-2210-HDXKVJ,97 Claremont St,,M6J,Single/Semi-detached House,10,Spadina-Fort York
1157459,STR-2210-FRGXVC,139 Glenholme Ave,,M6E,Single/Semi-detached House,9,Davenport
1157460,STR-2210-GPZXVG,202 Augusta Ave,2,M5T,Apartment,11,University-Rosedale
1157461,STR-2210-JDGXVM,99 Hayden St,902,M4Y,Condominium,11,University-Rosedale
1157462,STR-2210-FZDKVD,151 Dan Leckie Way,646,M5V,Condominium,10,Spadina-Fort York
1157463,STR-2210-HPKKVK,35 St Clair Gdns,Second Floor Unit,M6E,Single/Semi-detached House,9,Davenport
1157464,STR-2210-FZTXVD,101 Peter St,1101,M5V,Condominium,10,Spadina-Fort York
1157465,STR-2210-GHZXVF,173 Humewood Dr,,M6C,Single/Semi-detached House,12,Toronto-St. Paul's
1157466,STR-2210-GRGXVG,98 Fenelon Dr,,M3A,Single/Semi-detached House,16,Don Valley East
1157467,STR-2210-GYMXVH,165A Beta St,,M8W,Single/Semi-detached House,3,Etobicoke-Lakeshore
1157468,STR-2210-HPZXVK,958A The Queensway,,M8Z,Duplex/Triplex/Fourplex,3,Etobicoke-Lakeshore
1157469,STR-2210-FKXKVB,114 Greenlaw Ave,,M6H,Single/Semi-detached House,9,Davenport
1157470,STR-2210-FTDKVC,10 Capreol Crt,502,M5V,Condominium,10,Spadina-Fort York
1157471,STR-2210-GBKKVD,408 Brown's Line,603,M8W,Condominium,3,Etobicoke-Lakeshore
1157472,STR-2210-HHKKVJ,90 Niagara St,313,M5V,Condominium,10,Spadina-Fort York
1157473,STR-2210-HQRKVK,16 Sellers Ave,,M6E,Single/Semi-detached House,9,Davenport
1157474,STR-2210-FLMXVB,28 Linden St,207,M4Y,Condominium,13,Toronto Centre
1157475,STR-2210-FTTXVC,80 Western Battery Rd,2210,M6K,Condominium,10,Spadina-Fort York
1157476,STR-2210-HHZXVJ,1468 King St W,Main,M6K,Single/Semi-detached House,4,Parkdale-High Park
1157477,STR-2210-HRGXVK,22 Sarnia Ave,,M6P,Single/Semi-detached House,9,Davenport
1157478,STR-2210-FDYRVB,335 Roncesvalles Ave,3,M6R,Apartment,4,Parkdale-High Park
1157479,STR-2210-FMFRVC,47 Taunton Rd,Basement,M4S,Single/Semi-detached House,15,Don Valley West
1157480,STR-2210-HBLRVJ,215 Fort York Blvd,2608,M5V,Condominium,10,Spadina-Fort York
1157481,STR-2210-HZFRVM,25 St Mary St,307,M4Y,Apartment,13,Toronto Centre
1157482,STR-2210-FWCDVD,42 Camden St,405,M5V,Condominium,10,Spadina-Fort York
1157483,STR-2210-GDJDVF,170 Avenue Rd,202,M5R,Condominium,11,University-Rosedale
1157484,STR-2210-HSQDVL,77 West Lodge Ave,A,M6K,Duplex/Triplex/Fourplex,4,Parkdale-High Park
1157485,STR-2210-FPLRVC,2A Church St,403,M5E,Condominium,10,Spadina-Fort York
1157486,STR-2210-FWSRVD,62 Brunswick Ave,1,M5S,Duplex/Triplex/Fourplex,11,University-Rosedale
1157487,STR-2210-GDYRVF,570 Bay St,1009,M5G,Condominium,10,Spadina-Fort York
1157488,STR-2210-HKYRVK,65 Bremner Blvd,1404,M5J,Condominium,10,Spadina-Fort York
1157489,STR-2210-FGWDVB,219 Milan St,,M5A,Townhouse/ Row House,13,Toronto Centre
1157490,STR-2210-FXJDVD,155 Legion Rd N,1003,M8Y,Condominium,3,Etobicoke-Lakeshore
1157491,STR-2210-GMWDVG,91 Alton Ave,,M4L,Single/Semi-detached House,14,Toronto-Danforth
1157492,STR-2210-HTWDVL,43 Elderwood Dr,,M5P,Single/Semi-detached House,12,Toronto-St. Paul's
1157493,STR-2210-JCCDVM,910 St Clarens Ave,Main,M6H,Duplex/Triplex/Fourplex,9,Davenport
1157494,STR-2210-FHLRVB,264 Howland Ave,,M5R,Single/Semi-detached House,11,University-Rosedale
1157495,STR-2210-FXYRVD,46 Forest Point Dr,,M6M,Single/Semi-detached House,5,York South-Weston
1157496,STR-2210-GPLRVG,9 Silverview Dr,Upper,M2M,Single/Semi-detached House,18,Willowdale
1157497,STR-2210-HDYRVJ,616 Indian Rd,,M6P,Single/Semi-detached House,4,Parkdale-High Park
1157498,STR-2210-HMFRVK,7 Yvonne Ave,,M3L,Single/Semi-detached House,7,Humber River-Black Creek
1157499,STR-2210-GXJDVH,1576 Queen St W,2,M6R,Apartment,4,Parkdale-High Park
1157500,STR-2210-HFQDVJ,142 Eaton Ave,,M4J,Single/Semi-detached House,14,Toronto-Danforth
1157501,STR-2210-HMWDVK,8 Charlotte St,416,M5V,Condominium,10,Spadina-Fort York
1157502,STR-2210-JDJDVM,200 Dufferin St,19,M6K,Apartment,4,Parkdale-High Park
1157503,STR-2210-FZFRVD,44 Springhurst Ave,3,M6K,Single/Semi-detached House,4,Parkdale-High Park
1157504,STR-2210-GXYRVH,21 Iceboat Ter,2702,M5V,Condominium,10,Spadina-Fort York
1157505,STR-2210-HGFRVJ,3 Rockwell Ave,,M6N,Single/Semi-detached House,9,Davenport
1157506,STR-2210-GJCDVF,138 St Helen's Ave,511,M6H,Condominium,9,Davenport
1157507,STR-2210-GYQDVH,65 Bremner Blvd,3906,M5J,Condominium,10,Spadina-Fort York
1157508,STR-2210-HGWDVJ,51 Greenlaw Ave,,M6H,Single/Semi-detached House,9,Davenport
1157509,STR-2210-HXJDVL,16 Sultana Ave,,M6A,Single/Semi-detached House,8,Eglinton-Lawrence
1157510,STR-2210-JFQDVM,60 Shuter St,2711,M5B,Condominium,13,Toronto Centre
1157511,STR-2210-GBLRVD,110 Kimbark Blvd,,M5N,Single/Semi-detached House,8,Eglinton-Lawrence
1157512,STR-2210-GZFRVH,500 Sherbourne St,1608,M4X,Condominium,13,Toronto Centre
1157513,STR-2210-HHLRVJ,2314 Lake Shore Blvd W,3,M8V,Apartment,3,Etobicoke-Lakeshore
1157514,STR-2210-GCCDVD,710 Humberwood Blvd,8,M9W,Condominium,1,Etobicoke North
1157515,STR-2210-GZWDVH,83 Brinloor Blvd,,M1M,Single/Semi-detached House,24,Scarborough-Guildwood
1157516,STR-2210-HRJDVK,215 Fort York Blvd,2506,M5V,Condominium,10,Spadina-Fort York
1157517,STR-2210-HYQDVL,10 Capreol Crt,306,M5V,Condominium,10,Spadina-Fort York
1157518,STR-2210-JGWDVM,155 Yorkville Ave,3013,M5R,Condominium,11,University-Rosedale
1157519,STR-2210-FMGXVC,53 Whitfield Ave,,M9L,Single/Semi-detached House,7,Humber River-Black Creek
1157520,STR-2210-GKZXVG,263 Pape Ave,Laneway Home,M4M,Duplex/Triplex/Fourplex,14,Toronto-Danforth
1157521,STR-2210-HRZXVL,300 Front St W,4502,M5V,Condominium,10,Spadina-Fort York
1157522,STR-2210-FMXKVC,12 York St,1606,M5J,Condominium,10,Spadina-Fort York
1157523,STR-2210-HKKKVK,116 Seaton St,1,M5A,Duplex/Triplex/Fourplex,13,Toronto Centre
1157524,STR-2210-GMGXVG,118 Brookside Ave,,M6S,Single/Semi-detached House,4,Parkdale-High Park
1157525,STR-2210-HCTXVJ,20 John St,724,M5V,Condominium,10,Spadina-Fort York
1157526,STR-2210-FGXKVB,123 Overture Rd,,M1E,Single/Semi-detached House,24,Scarborough-Guildwood
1157527,STR-2210-FQDKVC,359 Sackville St,,M5A,Single/Semi-detached House,13,Toronto Centre
1157528,STR-2210-GWDKVH,30 Nelson St,1003,M5V,Condominium,10,Spadina-Fort York
1157529,STR-2210-HLRKVK,36 Charlotte St,501,M5V,Condominium,10,Spadina-Fort York
1157530,STR-2210-HTXKVL,477 Richmond St W,507,M5V,Condominium,10,Spadina-Fort York
1157531,STR-2210-JCDKVM,263B Gamble Ave,,M4J,Single/Semi-detached House,14,Toronto-Danforth
1157532,STR-2210-FHMXVB,711 Crawford St,2nd Floor,M6G,Duplex/Triplex/Fourplex,11,University-Rosedale
1157533,STR-2210-GGGXVF,58 Langside Ave,Basement,M9N,Single/Semi-detached House,5,York South-Weston
1157534,STR-2210-GPMXVG,23 Legume Rd,,M9M,Single/Semi-detached House,7,Humber River-Black Creek
1157535,STR-2210-GWTXVH,73 Acton Ave,,M3H,Single/Semi-detached House,6,York Centre
1157536,STR-2210-FRKKVC,96 Wyndcliff Cres,,M4A,Single/Semi-detached House,16,Don Valley East
1157537,STR-2210-HMXKVK,630 Rogers Rd,18,M6M,Townhouse/ Row House,5,York South-Weston
1157538,STR-2210-GQTXVG,197 Markland Dr,,M9C,Single/Semi-detached House,2,Etobicoke Centre
1157539,STR-2210-GXZXVH,300 Front St W,1713,M5V,Condominium,10,Spadina-Fort York
1157540,STR-2210-JDZXVM,147 Porchester Dr,,M1J,Single/Semi-detached House,24,Scarborough-Guildwood
1157541,STR-2210-FKKKVB,424 Christie St,,M6G,Single/Semi-detached House,12,Toronto-St. Paul's
1157542,STR-2210-GJDKVF,35 Simpson Ave,,M4K,Single/Semi-detached House,14,Toronto-Danforth
1157543,STR-2210-GRKKVG,300 Front St W,905,M5V,Condominium,10,Spadina-Fort York
1157544,STR-2210-HXKKVL,77 Spencer Ave,209,M6K,Apartment,4,Parkdale-High Park
1157545,STR-2210-FTGXVC,1051 Ellesmere Rd,,M1P,Townhouse/ Row House,21,Scarborough Centre
1157546,STR-2210-GBMXVD,29 Clissold Rd,,M8Z,Single/Semi-detached House,3,Etobicoke-Lakeshore
1157547,STR-2210-GJTXVF,58 Hertle Ave,Basement,M4L,Single/Semi-detached House,14,Toronto-Danforth
1157548,STR-2210-HQTXVK,89 Kingsdale Ave,,M2N,Single/Semi-detached House,18,Willowdale
1157549,STR-2210-FLRKVB,30 Fieldway Rd,73,M8Z,Condominium,3,Etobicoke-Lakeshore
1157550,STR-2210-HJDKVJ,488 Ontario St,,M4X,Townhouse/ Row House,13,Toronto Centre
1157551,STR-2210-HYRKVL,30 Nelson St,3303,M5V,Condominium,10,Spadina-Fort York
1157552,STR-2210-HJWDVK,48 Talent Cres,,M9M,Single/Semi-detached House,7,Humber River-Black Creek
1157553,STR-2210-FFSRVB,67 Ruthmar Cres,,M3N,Single/Semi-detached House,7,Humber River-Black Creek
1157554,STR-2210-FWFRVD,320 Richmond St E,1212,M5A,Condominium,13,Toronto Centre
1157555,STR-2210-HKLRVK,195 Redpath Ave,3106,M4P,Condominium,15,Don Valley West
1157556,STR-2210-HZYRVM,771 Manning Ave,,M6G,Single/Semi-detached House,11,University-Rosedale
1157557,STR-2108-HYZHHM,45 Arlington Ave,B,M6G,Duplex/Triplex/Fourplex,12,Toronto-St. Paul's
1157558,STR-2108-FMQVHC,76 Harrison Rd,,M2L,Single/Semi-detached House,15,Don Valley West
1157559,STR-2108-HXVPHL,76 Lorraine Dr,,M2N,Single/Semi-detached House,18,Willowdale
1157560,STR-2108-GTQVHH,1879 Dufferin St,,M6E,Single/Semi-detached House,9,Davenport
1157561,STR-2108-HBWVHJ,1706 St Clair Ave W,2,M6N,Duplex/Triplex/Fourplex,9,Davenport
1157562,STR-2108-HSJVHL,34 Victoria Blvd,,M6M,Single/Semi-detached House,5,York South-Weston
1157563,STR-2108-FPGHHC,25 Charlemont Cres,,M1T,Single/Semi-detached House,22,Scarborough-Agincourt
1157564,STR-2108-FWMHHD,29 Mechanic Ave,B,M6K,Single/Semi-detached House,9,Davenport
1157565,STR-2108-HSZHHL,5 Donora Dr,,M4B,Single/Semi-detached House,19,Beaches-East York
1157566,STR-2108-FGQVHB,3428 Bathurst St,102,M6A,Apartment,8,Eglinton-Lawrence
1157567,STR-2108-GVWVHH,492 Northcliffe Blvd,BSMT,M6E,Duplex/Triplex/Fourplex,12,Toronto-St. Paul's
1157568,STR-2108-FQMHHC,246 Logan Ave,406,M4M,Condominium,14,Toronto-Danforth
1157569,STR-2108-GPWVHG,98 Pembroke St,,M5A,Single/Semi-detached House,13,Toronto Centre
1157570,STR-2108-GXTHHH,65 Bremner Blvd,3206,M5J,Condominium,10,Spadina-Fort York
1157571,STR-2108-HPGHHK,68 Viella St,,M6N,Single/Semi-detached House,5,York South-Weston
1157572,STR-2108-FKCVHB,24 Denrock Dr,,M2K,Single/Semi-detached House,17,Don Valley North
1157573,STR-2108-GHWVHF,2 Ravenwood Pl,,M4B,Single/Semi-detached House,19,Beaches-East York
1157574,STR-2108-FKTHHB,16 Lippincott St W,,M9N,Single/Semi-detached House,5,York South-Weston
1157575,STR-2108-FSZHHC,363 Strathmore Blvd,,M4C,Single/Semi-detached House,19,Beaches-East York
1157576,STR-2108-HXTHHL,223 Seaton St,,M5A,Single/Semi-detached House,13,Toronto Centre
1157577,STR-2108-GCPPHF,65 Angus Dr,,M2J,Single/Semi-detached House,17,Don Valley North
1157578,STR-2108-HJPPHK,155 Yorkville Ave,3116,M5R,Condominium,11,University-Rosedale
1157579,STR-2108-FFLBHB,347 Davisville Ave,,M4S,Single/Semi-detached House,15,Don Valley West
1157580,STR-2108-HSLBHL,34 Crow Trl,,M1B,Single/Semi-detached House,23,Scarborough North
1157581,STR-2108-HKVPHK,29 Glen Ames,,M4E,Single/Semi-detached House,19,Beaches-East York
1157582,STR-2108-FPYBHC,21 Rockelm Rd,,M1L,Single/Semi-detached House,20,Scarborough Southwest
1157583,STR-2108-FXVPHD,65 Inniswood Dr,,M1R,Single/Semi-detached House,21,Scarborough Centre
1157584,STR-2108-GGBPHF,10 Doverwood Crt,,M2M,Single/Semi-detached House,18,Willowdale
1157585,STR-2108-GWPPHH,3 Bellwoods Ave,,M6J,Single/Semi-detached House,10,Spadina-Fort York
1157586,STR-2108-HFLBHJ,23 Laredo Crt,,M2M,Single/Semi-detached House,18,Willowdale
1157587,STR-2108-HVYBHL,88 Heron Park Pl,,M1E,Townhouse/ Row House,25,Scarborough-Rouge Park
1157588,STR-2108-GQPPHG,69 Shaw St,,M6J,Single/Semi-detached House,10,Spadina-Fort York
1157589,STR-2108-HWPPHL,12 York St,4505,M5J,Condominium,10,Spadina-Fort York
1157590,STR-2108-FKVPHB,61 Osler St,,M6P,Single/Semi-detached House,9,Davenport
1157591,STR-2108-FTBPHC,299 Logan Ave,,M4M,Single/Semi-detached House,14,Toronto-Danforth
1157592,STR-2108-GJPPHF,8 York St,3410,M5J,Condominium,10,Spadina-Fort York
1157593,STR-2108-GZBPHH,47 Kingston Rd,,M4L,Single/Semi-detached House,19,Beaches-East York
1157594,STR-2108-JGBPHM,113 Markham St,,M6J,Townhouse/ Row House,10,Spadina-Fort York
1157595,STR-2109-HHYBHJ,127 Wallace Ave,,M6H,Townhouse/ Row House,9,Davenport
1157596,STR-2109-HRWVHL,126 Bob Yuill Dr,,M9M,Single/Semi-detached House,7,Humber River-Black Creek
1157597,STR-2109-HZCVHM,8 Bagwell Cres,,M9V,Single/Semi-detached House,1,Etobicoke North
1157598,STR-2109-GTTHHH,9 Pendeen Ave,,M6N,Single/Semi-detached House,5,York South-Weston
1157599,STR-2109-HBZHHJ,104 Oakvale Ave,,M4J,Single/Semi-detached House,14,Toronto-Danforth
1157600,STR-2109-FGCVHB,5 Garnock Ave,3,M4K,Duplex/Triplex/Fourplex,14,Toronto-Danforth
1157601,STR-2109-GVJVHH,62 Kearney Dr,,M9W,Single/Semi-detached House,1,Etobicoke North
1157602,STR-2109-HKWVHK,566 Annette St,,M6S,Single/Semi-detached House,4,Parkdale-High Park
1157603,STR-2109-HDGHHJ,135 Lexington Ave,,M9V,Single/Semi-detached House,1,Etobicoke North
1157604,STR-2109-FHJVHB,1357 Neilson Rd,73,M1B,Townhouse/ Row House,25,Scarborough-Rouge Park
1157605,STR-2109-FQQVHC,11 Watson St,,M1C,Single/Semi-detached House,25,Scarborough-Rouge Park
1157606,STR-2109-FXWVHD,178 Bartlett Ave,,M6H,Duplex/Triplex/Fourplex,9,Davenport
1157607,STR-2109-HDWVHJ,56 Annie Craig Dr,1508,M8V,Condominium,3,Etobicoke-Lakeshore
1157608,STR-2109-HMCVHK,393 Margueretta St,,M6H,Single/Semi-detached House,9,Davenport
1157609,STR-2109-FHZHHB,150 Sudbury St,2011,M6J,Condominium,9,Davenport
1157610,STR-2109-GPZHHG,168 Simcoe St,307,M5H,Condominium,10,Spadina-Fort York
1157611,STR-2109-FJQVHB,4K Spadina Ave,626,M5V,Condominium,10,Spadina-Fort York
1157612,STR-2109-JDWVHM,56 Heathdale Rd,,M6C,Single/Semi-detached House,12,Toronto-St. Paul's
1157613,STR-2109-HGTHHJ,43 Finchurst Dr,,M2R,Single/Semi-detached House,18,Willowdale
1157614,STR-2109-HPZHHK,69 Chryessa Ave,Basement,M6N,Single/Semi-detached House,5,York South-Weston
1157615,STR-2109-GBJVHD,263 Brock Ave,1,M6K,Single/Semi-detached House,9,Davenport
1157616,STR-2109-GZCVHH,277 Indian Rd,1,M6R,Single/Semi-detached House,4,Parkdale-High Park
1157617,STR-2109-GBZHHD,105 George St,604,M5A,Condominium,13,Toronto Centre
1157618,STR-2109-GKGHHF,92 Pleasant Ave,,M2M,Single/Semi-detached House,18,Willowdale
1157619,STR-2109-GCSBHF,244 Delaware Ave,1,M6H,Townhouse/ Row House,9,Davenport
1157620,STR-2109-GKYBHG,66 Cliff St,,M6N,Single/Semi-detached House,5,York South-Weston
1157621,STR-2109-GTFBHH,67 Wolcott Ave,,M1L,Single/Semi-detached House,20,Scarborough Southwest
1157622,STR-2109-FMVPHC,195 Erskine Ave,,M4P,Single/Semi-detached House,15,Don Valley West
1157623,STR-2109-GDHPHF,222 Perth Ave,BSMT,M6P,Duplex/Triplex/Fourplex,9,Davenport
1157624,STR-2109-GDYBHF,501 Palmerston Blvd,1,M6G,Apartment,11,University-Rosedale
1157625,STR-2109-JBLBHM,49 Columbine Ave,,M4L,Single/Semi-detached House,19,Beaches-East York
1157626,STR-2109-FXHPHD,250 Wellington St W,527,M5V,Condominium,10,Spadina-Fort York
1157627,STR-2109-HFPPHJ,1653 St Clair Ave W,B,M6N,Duplex/Triplex/Fourplex,9,Davenport
1157628,STR-2109-HLPPHK,65 Bremner Blvd,1102,M5J,Apartment,10,Spadina-Fort York
1157629,STR-2109-GPLBHG,14 Mc Gee St,,M4M,Single/Semi-detached House,14,Toronto-Danforth
1157630,STR-2109-HVLBHL,183 Bowie Ave,1,M6E,Duplex/Triplex/Fourplex,8,Eglinton-Lawrence
1157631,STR-2109-JCSBHM,63 Sylvan Ave,Basement Suite,M1M,Single/Semi-detached House,24,Scarborough-Guildwood
1157632,STR-2109-FRHPHC,188 Cumberland St,1610,M5R,Condominium,11,University-Rosedale
1157633,STR-2109-GXHPHH,648A Yonge St,303,M4Y,Duplex/Triplex/Fourplex,13,Toronto Centre
1157634,STR-2109-JDHPHM,183 Cornelius Pkwy,,M6L,Single/Semi-detached House,5,York South-Weston
1157635,STR-2109-GHLBHF,308 Old Weston Rd,,M6N,Single/Semi-detached House,9,Davenport
1157636,STR-2109-JDYBHM,210 Victoria St,3004,M5B,Condominium,13,Toronto Centre
1157637,STR-2109-FKHPHB,219 Symington Ave,Upstairs Unit,M6P,Single/Semi-detached House,9,Davenport
1157638,STR-2109-FSPPHC,300 Crawford St,Main House,M6J,Single/Semi-detached House,11,University-Rosedale
1157639,STR-2109-GRHPHG,103 Glentworth Rd,,M2J,Single/Semi-detached House,17,Don Valley North
1157640,STR-2109-HQBPHK,8 Charlotte St,509,M5V,Condominium,10,Spadina-Fort York
1157641,STR-2109-GJSBHF,23 Brant St,203,M5V,Condominium,10,Spadina-Fort York
1157642,STR-2109-GRYBHG,164 St Clair Ave E,,M4T,Single/Semi-detached House,11,University-Rosedale
1157643,STR-2109-GZFBHH,101 Peter St,2212,M5V,Apartment,10,Spadina-Fort York
1157644,STR-2109-HJBPHJ,22 Revcoe Dr,,M2M,Single/Semi-detached House,18,Willowdale
1157645,STR-2109-FDZHHB,105 George St,2013,M5A,Condominium,13,Toronto Centre
1157646,STR-2109-FMGHHC,37 Highfield Rd,,M4L,Single/Semi-detached House,14,Toronto-Danforth
1157647,STR-2109-FMWVHC,12 York St,303,M5J,Condominium,10,Spadina-Fort York
1157648,STR-2110-HKJVHK,190 Borough Dr,3105,M1P,Condominium,21,Scarborough Centre
1157649,STR-2110-FQCVHC,125 George Appleton Way,2009,M3M,Townhouse/ Row House,6,York Centre
1157650,STR-2110-GGGHHF,17 Lynn Rd,,M1N,Single/Semi-detached House,20,Scarborough Southwest
1157651,STR-2110-GWTHHH,77 Hiltz Ave,,M4L,Single/Semi-detached House,14,Toronto-Danforth
1157652,STR-2110-JCTHHM,305 Augusta Ave,,M5T,Single/Semi-detached House,11,University-Rosedale
1157653,STR-2110-HFQVHJ,55 Ann O'Reilly Rd,1903,M2J,Condominium,17,Don Valley North
1157654,STR-2110-HWCVHL,149 Seaton St,Upper,M5A,Single/Semi-detached House,13,Toronto Centre
1157655,STR-2110-GHMHHF,2460 Eglinton Ave E,415,M1K,Condominium,21,Scarborough Centre
1157656,STR-2110-HWTHHL,294 Euclid Ave,,M6J,Single/Semi-detached House,11,University-Rosedale
1157657,STR-2110-GJCVHF,51 Markham St,,M6J,Single/Semi-detached House,10,Spadina-Fort York
1157658,STR-2110-HQCVHK,21 Carlton St,3001,M5B,Condominium,13,Toronto Centre
1157659,STR-2110-FKZHHB,574 Wellington St W,600A,M5V,Condominium,10,Spadina-Fort York
1157660,STR-2110-FTGHHC,64 Dixon Ave,,M4L,Single/Semi-detached House,19,Beaches-East York
1157661,STR-2110-GJTHHF,65 Bremner Blvd,4306,M5J,Condominium,10,Spadina-Fort York
1157662,STR-2110-GRZHHG,74 Coulter Ave,,M9N,Single/Semi-detached House,5,York South-Weston
1157663,STR-2110-HQTHHK,188 Cumberland St,612,M5R,Condominium,11,University-Rosedale
1157664,STR-2110-HXZHHL,1960 Dundas St E,,M4L,Single/Semi-detached House,19,Beaches-East York
1157665,STR-2110-HRJVHK,525 Adelaide St W,1832,M5V,Condominium,10,Spadina-Fort York
1157666,STR-2110-FFBPHB,113 Pitt Ave,,M1L,Single/Semi-detached House,20,Scarborough Southwest
1157667,STR-2110-HSBPHL,300 Front St W,2907,M5V,Condominium,10,Spadina-Fort York
1157668,STR-2110-HZHPHM,5 Massey Sq,219,M4C,Condominium,19,Beaches-East York
1157669,STR-2110-GLSBHG,1478 Queen St W,203,M6K,Condominium,4,Parkdale-High Park
1157670,STR-2110-GVPPHH,19 Gatwick Ave,,M4C,Single/Semi-detached House,19,Beaches-East York
1157671,STR-2110-HCVPHJ,188 Cumberland St,2507,M5R,Condominium,11,University-Rosedale
1157672,STR-2110-GFSBHF,21 Madawaska Ave,,M2M,Single/Semi-detached House,18,Willowdale
1157673,STR-2110-GMYBHG,22 Chipping Rd,,M3B,Single/Semi-detached House,16,Don Valley East
1157674,STR-2110-HLSBHK,56 Pendrith St,,M6G,Townhouse/ Row House,11,University-Rosedale
1157675,STR-2110-FHPPHB,30 Hedgewood Rd,,M2L,Single/Semi-detached House,15,Don Valley West
1157676,STR-2110-FYBPHD,17 Khedive Ave,,M6A,Townhouse/ Row House,8,Eglinton-Lawrence
1157677,STR-2110-HFBPHJ,15 Sproat Ave,,M4M,Single/Semi-detached House,14,Toronto-Danforth
1157678,STR-2110-HMHPHK,1227 Dundas St W,201,M6J,Apartment,10,Spadina-Fort York
1157679,STR-2110-HVPPHL,21 Iceboat Ter,2201,M5V,Condominium,10,Spadina-Fort York
1157680,STR-2110-JCVPHM,41 Huntley St,2,M4Y,Single/Semi-detached House,13,Toronto Centre
1157681,STR-2110-GYBPHH,243 Silver Springs Blvd,,M1V,Single/Semi-detached House,22,Scarborough-Agincourt
1157682,STR-2110-HPPPHK,68 Shuter St,2808,M5B,Condominium,13,Toronto Centre
1157683,STR-2110-FSSBHC,223 Lonsmount Dr,,M5P,Single/Semi-detached House,12,Toronto-St. Paul's
1157684,STR-2110-GRLBHG,15 Fermanagh Ave,,M6R,Single/Semi-detached House,4,Parkdale-High Park
1157685,STR-2110-FLBPHB,19 Montcalm Ave,,M6E,Single/Semi-detached House,8,Eglinton-Lawrence
1157686,STR-2110-HQVPHK,89 Dunfield Ave,2401,M4S,Condominium,12,Toronto-St. Paul's
1157687,STR-2110-FTYBHC,233 Lansdowne Ave,,M6K,Single/Semi-detached House,9,Davenport
1157688,STR-2110-GCFBHD,19 Caines Ave,,M2M,Single/Semi-detached House,18,Willowdale
1157689,STR-2110-GZYBHH,730 Ontario St,1004,M4X,Apartment,13,Toronto Centre
1157690,STR-2110-JGYBHM,100 Western Battery Rd,102,M6K,Condominium,10,Spadina-Fort York
1157691,STR-2111-HWHRVL,19 Ivy Lea Cres,,M8Y,Single/Semi-detached House,3,Etobicoke-Lakeshore
1157692,STR-2110-HBQVHJ,20 Euclid Ave,,M6J,Single/Semi-detached House,10,Spadina-Fort York
1157693,STR-2110-FFTHHB,8 Dixfield Dr,,M9C,Single/Semi-detached House,2,Etobicoke Centre
1157694,STR-2110-GLTHHG,66 Hawksbury Dr,,M2K,Single/Semi-detached House,17,Don Valley North
1157695,STR-2110-GMJVHG,225 Sumach St,2403,M5A,Condominium,13,Toronto Centre
1157696,STR-2110-HLCVHK,55 Gerrard St W,3812,M5G,Apartment,11,University-Rosedale
1157697,STR-2111-FXMHHD,41 Dewhurst Blvd,2,M4J,Duplex/Triplex/Fourplex,14,Toronto-Danforth
1157698,STR-2111-GMZHHG,22 Distin Ave,,M8Z,Single/Semi-detached House,3,Etobicoke-Lakeshore
1157699,STR-2111-GWWVHH,2427 Warden Ave,Main,M1W,Single/Semi-detached House,22,Scarborough-Agincourt
1157700,STR-2111-HMJVHK,111 Davisville Ave,2004,M4S,Apartment,12,Toronto-St. Paul's
1157701,STR-2111-JCWVHM,530 Dufferin St,,M6K,Single/Semi-detached House,9,Davenport
1157702,STR-2111-JDMHHM,17 Daystrom Dr,Lower,M9M,Duplex/Triplex/Fourplex,7,Humber River-Black Creek
1157703,STR-2111-GYCVHH,10 Jeff Dr,,M9C,Single/Semi-detached House,2,Etobicoke Centre
1157704,STR-2111-JGJVHM,99 Broadway Ave,804,M4P,Condominium,12,Toronto-St. Paul's
1157705,STR-2111-FVBRVD,12 Warfield Dr,Lower,M2J,Single/Semi-detached House,17,Don Valley North
1157706,STR-2111-GKPRVG,177 Redpath Ave,1203,M4P,Apartment,12,Toronto-St. Paul's
1157707,STR-2111-HRPRVL,6 Grogan Mews,,M6H,Townhouse/ Row House,9,Davenport
1157708,STR-2111-HYVRVM,119 1/2 Maplewood Ave,,M6C,Single/Semi-detached House,12,Toronto-St. Paul's
1157709,STR-2111-GCYDVF,560 Front St W,423,M5V,Condominium,10,Spadina-Fort York
1157710,STR-2111-HBSDVJ,21 Kensington Ave,Floor 2,M5T,Townhouse/ Row House,11,University-Rosedale
1157711,STR-2111-FWHRVD,155 Yorkville Ave,1411,M5R,Condominium,11,University-Rosedale
1157712,STR-2111-GVBRVH,12 York St,2705,M5J,Condominium,10,Spadina-Fort York
1157713,STR-2111-JBBRVM,12 Ashby Pl,,M5A,Townhouse/ Row House,13,Toronto Centre
1157714,STR-2111-FGLDVB,47 Caroline Ave,,M4M,Single/Semi-detached House,14,Toronto-Danforth
1157715,STR-2111-JBSDVM,123 Ashridge Dr,,M1V,Single/Semi-detached House,23,Scarborough North
1157716,STR-2111-FHSDVB,322 Albany Ave,,M5R,Single/Semi-detached House,12,Toronto-St. Paul's
1157717,STR-2111-FYFDVD,11 Hammersmith Ave,Lower,M4E,Duplex/Triplex/Fourplex,19,Beaches-East York
1157718,STR-2111-GGLDVF,268 High Park Ave,,M6P,Single/Semi-detached House,4,Parkdale-High Park
1157719,STR-2111-GPSDVG,14 Wardell St,B,M4M,Single/Semi-detached House,14,Toronto-Danforth
1157720,STR-2111-FRPRVC,107 Portland St,,M5V,Single/Semi-detached House,10,Spadina-Fort York
1157721,STR-2111-GQHRVG,8 Minos Cres,,M1G,Single/Semi-detached House,24,Scarborough-Guildwood
1157722,STR-2111-FZLDVD,84 Earlton Rd,,M1T,Single/Semi-detached House,22,Scarborough-Agincourt
1157723,STR-2111-GHSDVF,12 Ted Wray Crcl,,M3L,Townhouse/ Row House,7,Humber River-Black Creek
1157724,STR-2111-GBBRVD,131 Aldwych Ave,,M4J,Single/Semi-detached House,14,Toronto-Danforth
1157725,STR-2111-GRPRVG,193 Boon Ave,,M6E,Townhouse/ Row House,9,Davenport
1157726,STR-2111-GYVRVH,69 Lynn Williams St,1603,M6K,Condominium,10,Spadina-Fort York
1157727,STR-2111-HQHRVK,117 Oxford St,,M5T,Single/Semi-detached House,11,University-Rosedale
1157728,STR-2111-FTLDVC,495 Queen St E,,M5A,Townhouse/ Row House,13,Toronto Centre
1157729,STR-2111-HHSDVJ,39 Chapman Rd,,M9P,Single/Semi-detached House,2,Etobicoke Centre
1157730,STR-2111-HQYDVK,51 Tobruk Cres,,M2M,Single/Semi-detached House,18,Willowdale
1157731,STR-2111-GKQXVG,83 Redpath Ave,1205,M4S,Condominium,12,Toronto-St. Paul's
1157732,STR-2111-HBCXVJ,290 Adelaide St W,3502,M5V,Condominium,10,Spadina-Fort York
1157733,STR-2111-HJJXVK,55 Bremner Blvd,3101,M5J,Condominium,10,Spadina-Fort York
1157734,STR-2111-HRQXVL,71 Essex St,,M6G,Duplex/Triplex/Fourplex,11,University-Rosedale
1157735,STR-2111-FFGKVB,3 Kinloss Rd,,M9W,Single/Semi-detached House,1,Etobicoke North
1157736,STR-2111-HBTKVJ,154 Ardwick Blvd,,M9M,Single/Semi-detached House,7,Humber River-Black Creek
1157737,STR-2111-HJZKVK,419 Spadina Ave,201,M5T,Single/Semi-detached House,11,University-Rosedale
1157738,STR-2111-FWJXVD,101 Peter St,1210,M5V,Condominium,10,Spadina-Fort York
1157739,STR-2111-JBCXVM,921 College St,2,M6H,Apartment,9,Davenport
1157740,STR-2111-FPTKVC,1353 Victoria Park Ave,,M4B,Single/Semi-detached House,20,Scarborough Southwest
1157741,STR-2111-GMMKVG,31 Aldergrove Ave,,M4C,Single/Semi-detached House,19,Beaches-East York
1157742,STR-2111-GVTKVH,2221 Yonge St,5206,M4S,Condominium,12,Toronto-St. Paul's
1157743,STR-2111-HLGKVK,215 Yarmouth Rd,Main,M6G,Single/Semi-detached House,11,University-Rosedale
1157744,STR-2111-JBTKVM,7 Dashwood Cres,,M9V,Single/Semi-detached House,1,Etobicoke North
1157745,STR-2111-GFWXVF,391 Painted Post Dr,,M1G,Single/Semi-detached House,24,Scarborough-Guildwood
1157746,STR-2111-GWJXVH,270 Wellington St W,525,M5V,Condominium,10,Spadina-Fort York
1157747,STR-2111-FHTKVB,560 Front St W,828,M5V,Condominium,10,Spadina-Fort York
1157748,STR-2111-GWZKVH,62 McGill St,,M5B,Single/Semi-detached House,13,Toronto Centre
1157749,STR-2111-HVTKVL,12 Bater Ave,309,M4K,Apartment,14,Toronto-Danforth
1157750,STR-2111-FJJXVB,64 Oriole Gdns,5,M4V,Apartment,12,Toronto-St. Paul's
1157751,STR-2111-HFWXVJ,30 Nelson St,3110,M5V,Condominium,10,Spadina-Fort York
1157752,STR-2111-FSGKVC,22 Stonehenge Cres,,M1G,Single/Semi-detached House,24,Scarborough-Guildwood
1157753,STR-2111-HWZKVL,325 Robina Ave,,M6C,Single/Semi-detached House,12,Toronto-St. Paul's
1157754,STR-2111-JFWXVM,10 Milkwood Ave,,M9V,Single/Semi-detached House,1,Etobicoke North
1157755,STR-2111-FTMKVC,65 Bremner Blvd,1901,M5J,Condominium,10,Spadina-Fort York
1157756,STR-2111-HHTKVJ,1222 Islington Ave,,M8Z,Single/Semi-detached House,3,Etobicoke-Lakeshore
1157757,STR-2112-GSYDVH,127 Cottingham St,Lower,M4V,Single/Semi-detached House,12,Toronto-St. Paul's
1157758,STR-2112-HBFDVJ,65 Berkshire Ave,,M4M,Single/Semi-detached House,14,Toronto-Danforth
1157759,STR-2112-FMPRVC,237 Dovercourt Rd,D,M6J,Apartment,10,Spadina-Fort York
1157760,STR-2112-HKBRVK,300 Front St W,802,M5V,Condominium,10,Spadina-Fort York
1157761,STR-2112-HSHRVL,61 Samba Dr,,M9M,Single/Semi-detached House,7,Humber River-Black Creek
1157762,STR-2112-HCLDVJ,223 St Clair Ave W,1010,M4V,Condominium,12,Toronto-St. Paul's
1157763,STR-2112-GFHRVF,5233 Dundas St W,1022,M9B,Condominium,3,Etobicoke-Lakeshore
1157764,STR-2112-HLHRVK,33 Erskine Ave,503,M4P,Apartment,15,Don Valley West
1157765,STR-2112-JBVRVM,105 George St,314,M5A,Condominium,13,Toronto Centre
1157766,STR-2112-FQLDVC,113 Wineva Ave,,M4E,Single/Semi-detached House,19,Beaches-East York
1157767,STR-2112-FXSDVD,59 High Park Blvd,Upper,M6R,Apartment,4,Parkdale-High Park
1157768,STR-2112-GFYDVF,65 Bremner Blvd,1704,M5J,Condominium,10,Spadina-Fort York
1157769,STR-2112-GWLDVH,101 Peter St,808,M5V,Condominium,10,Spadina-Fort York
1157770,STR-2112-HMPRVK,1 Shaw St,622,M6K,Condominium,10,Spadina-Fort York
1157771,STR-2112-HFYDVJ,1041 Gerrard St E,Upper Unit,M4M,Single/Semi-detached House,14,Toronto-Danforth
1157772,STR-2112-HPFDVK,120 Lilian Dr,Rear Unit,M1R,Single/Semi-detached House,21,Scarborough Centre
1157773,STR-2112-FKBRVB,177 Browning Ave,,M4K,Single/Semi-detached House,14,Toronto-Danforth
1157774,STR-2112-FZPRVD,352 Front St W,2003,M5V,Condominium,10,Spadina-Fort York
1157775,STR-2112-HGPRVJ,251 Jarvis St,520,M5B,Condominium,13,Toronto Centre
1157776,STR-2112-HPVRVK,15 Ross St,201,M5T,Single/Semi-detached House,11,University-Rosedale
1157777,STR-2112-HXBRVL,30 Amesbury Dr,,M6M,Single/Semi-detached House,5,York South-Weston
1157778,STR-2112-FKSDVB,18 Yonge St,3613,M5E,Condominium,10,Spadina-Fort York
1157779,STR-2112-FSYDVC,31 Sharron Dr,,M4G,Single/Semi-detached House,15,Don Valley West
1157780,STR-2112-GSHRVG,14 York St,4906,M5J,Condominium,10,Spadina-Fort York
1157781,STR-2112-HHVRVJ,257 Finch Ave E,Main,M2N,Single/Semi-detached House,18,Willowdale
1157782,STR-2112-HYHRVL,16 McCowan Rd,,M1M,Single/Semi-detached House,20,Scarborough Southwest
1157783,STR-2112-JGPRVM,41 Sullivan St,,M5T,Townhouse/ Row House,10,Spadina-Fort York
1157784,STR-2112-FVGKVD,82 Shangarry Dr,,M1R,Single/Semi-detached House,21,Scarborough Centre
1157785,STR-2112-HBGKVJ,155 Yorkville Ave,2608,M5R,Condominium,11,University-Rosedale
1157786,STR-2112-HJMKVK,1253 Gerrard St E,,M4L,Single/Semi-detached House,14,Toronto-Danforth
1157787,STR-2112-HYZKVM,210 Victoria St,3105,M5B,Condominium,13,Toronto Centre
1157788,STR-2112-HZQXVM,38 Amherst Ave,,M6E,Single/Semi-detached House,12,Toronto-St. Paul's
1157789,STR-2112-GLZKVG,755 Merton St,3,M4S,Duplex/Triplex/Fourplex,15,Don Valley West
1157790,STR-2112-HCMKVJ,560 Front St W,505,M5V,Condominium,10,Spadina-Fort York
1157791,STR-2112-HKTKVK,45 Lorindale Ave,102,M5M,Condominium,8,Eglinton-Lawrence
1157792,STR-2112-HSZKVL,49 Bywood Dr,,M9A,Single/Semi-detached House,2,Etobicoke Centre
1157793,STR-2112-GFZKVF,23 Northcote Ave,,M6J,Duplex/Triplex/Fourplex,9,Davenport
1157794,STR-2112-GWMKVH,50 Ordnance St,422,M6K,Condominium,10,Spadina-Fort York
1157795,STR-2112-HVGKVL,99 Mossbank Dr,Main,M1G,Single/Semi-detached House,24,Scarborough-Guildwood
1157796,STR-2112-GPWXVG,151 Dan Leckie Way,1035,M5V,Condominium,10,Spadina-Fort York
1157797,STR-2112-HVWXVL,2978 Weston Rd,,M9M,Single/Semi-detached House,7,Humber River-Black Creek
1157798,STR-2112-FJMKVB,557 Runnymede Rd,1,M6S,Duplex/Triplex/Fourplex,4,Parkdale-High Park
1157799,STR-2112-HWMKVL,260 Carlaw Ave,205B,M4M,Apartment,14,Toronto-Danforth
1157800,STR-2112-FKCXVB,435 Richmond St W,512,M5V,Condominium,10,Spadina-Fort York
1157801,STR-2112-GRCXVG,251 Jarvis St,1116,M5B,Condominium,13,Toronto Centre
1157802,STR-2112-FSZKVC,21 Iceboat Ter,931,M5V,Condominium,10,Spadina-Fort York
1157803,STR-2112-HXTKVL,1235 Huntingwood Dr,4,M1S,Townhouse/ Row House,23,Scarborough North
1157804,STR-2112-GTSDVH,45 Robinter Dr,,M2M,Single/Semi-detached House,18,Willowdale
1157805,STR-2112-FMSDVC,298 Seaton St,1,M5A,Duplex/Triplex/Fourplex,13,Toronto Centre
1157806,STR-2112-FWPRVD,120 Saturn Rd,,M9C,Single/Semi-detached House,2,Etobicoke Centre
1157807,STR-2201-GMSDVG,57 James St,,M8W,Single/Semi-detached House,3,Etobicoke-Lakeshore
1157808,STR-2201-GVYDVH,55 Paradelle Cres,1,M3N,Single/Semi-detached House,7,Humber River-Black Creek
1157809,STR-2201-HTSDVL,20 John St,622,M5V,Condominium,10,Spadina-Fort York
1157810,STR-2201-FHHRVB,136 Hallam St,,M6H,Duplex/Triplex/Fourplex,9,Davenport
1157811,STR-2201-GPHRVG,47 O'Connor Dr,,M4K,Single/Semi-detached House,14,Toronto-Danforth
1157812,STR-2201-HVHRVL,131 Markham St,,M6J,Duplex/Triplex/Fourplex,10,Spadina-Fort York
1157813,STR-2201-JCPRVM,16 Laxton Ave,Main Unit,M6K,Single/Semi-detached House,4,Parkdale-High Park
1157814,STR-2201-FHYDVB,689 Pape Ave,2,M4K,Duplex/Triplex/Fourplex,14,Toronto-Danforth
1157815,STR-2201-FRFDVC,399 Lake Promenade,,M8W,Duplex/Triplex/Fourplex,3,Etobicoke-Lakeshore
1157816,STR-2201-GPYDVG,30 Roehampton Ave,3304,M4P,Condominium,12,Toronto-St. Paul's
1157817,STR-2201-HPYDVK,586 Spadina Ave,1,M5S,Apartment,11,University-Rosedale
1157818,STR-2201-HMSDVK,58 Ron Attwell St,,M9M,Single/Semi-detached House,7,Humber River-Black Creek
1157819,STR-2201-JDFDVM,42 Scarborough Rd,,M4E,Single/Semi-detached House,19,Beaches-East York
1157820,STR-2201-FRVRVC,118 Marion St,1,M6R,Single/Semi-detached House,4,Parkdale-High Park
1157821,STR-2201-GQPRVG,18 Vermont Ave,Rear,M6G,Duplex/Triplex/Fourplex,11,University-Rosedale
1157822,STR-2201-JDVRVM,2835 Islington Ave,708,M9L,Condominium,7,Humber River-Black Creek
1157823,STR-2201-FZSDVD,159 Dan Leckie Way,G12,M5V,Condominium,10,Spadina-Fort York
1157824,STR-2201-FVZKVD,1470 Islington Ave,,M9A,Single/Semi-detached House,2,Etobicoke Centre
1157825,STR-2201-HBZKVJ,24 Afton Ave,,M6J,Townhouse/ Row House,9,Davenport
1157826,STR-2201-HZTKVM,91 Woodside Ave,,M6P,Single/Semi-detached House,4,Parkdale-High Park
1157827,STR-2201-FWQXVD,65 Leitch Ave,Basement,M3J,Single/Semi-detached House,7,Humber River-Black Creek
1157828,STR-2201-GMCXVG,155 Yorkville Ave,2007,M5R,Condominium,11,University-Rosedale
1157829,STR-2201-GMTKVG,8 Wellesley St E,302,M4Y,Condominium,13,Toronto Centre
1157830,STR-2201-HTTKVL,43 Martindale Rd,,M1M,Single/Semi-detached House,20,Scarborough Southwest
1157831,STR-2201-GPJXVG,48 Haslett Ave,,M4L,Single/Semi-detached House,19,Beaches-East York
1157832,STR-2201-GWQXVH,21 Geraldton Cres,,M2J,Single/Semi-detached House,17,Don Valley North
1157833,STR-2201-HDWXVJ,9 Balfour Ave,,M4C,Single/Semi-detached House,19,Beaches-East York
1157834,STR-2201-HFMKVJ,57 Redwood Ave,Main,M4L,Single/Semi-detached House,14,Toronto-Danforth
1157835,STR-2201-HVZKVL,99 Seaton St,,M5A,Single/Semi-detached House,13,Toronto Centre
1157836,STR-2201-GXWXVH,29 Rosebank Dr,1605,M1B,Townhouse/ Row House,23,Scarborough North
1157837,STR-2201-HWQXVL,55 Bremner Blvd,4205,M5J,Condominium,10,Spadina-Fort York
1157838,STR-2201-FKGKVB,168 Simcoe St,1,M5H,Apartment,10,Spadina-Fort York
1157839,STR-2201-GHZKVF,152 Boon Ave,,M6E,Single/Semi-detached House,9,Davenport
1157840,STR-2201-FDYDVB,130 Annette St,Basement,M6P,Single/Semi-detached House,4,Parkdale-High Park
1157841,STR-2201-HCBRVJ,1365 Lansdowne Ave,Main,M6H,Duplex/Triplex/Fourplex,9,Davenport
1157842,STR-2201-HZVRVM,152 Clinton St,3,M6G,Duplex/Triplex/Fourplex,11,University-Rosedale
1157843,STR-2201-HKYDVK,2949 Weston Rd,,M9M,Single/Semi-detached House,7,Humber River-Black Creek
1157844,STR-2201-HTFDVL,560 Front St W,29,M5V,Condominium,10,Spadina-Fort York
1157845,STR-2201-JBLDVM,375 Whitmore Ave,,M6E,Single/Semi-detached House,8,Eglinton-Lawrence
1157846,STR-2201-HDHRVJ,141 Glenvale Blvd,,M4G,Single/Semi-detached House,15,Don Valley West
1157847,STR-2201-HLPRVK,200 Dufferin St,309,M6K,Apartment,4,Parkdale-High Park
1157848,STR-2201-GPLDVG,21 Iceboat Ter,4809,M5V,Apartment,10,Spadina-Fort York
1157849,STR-2201-HDYDVJ,9 Spadina Ave,506,M5V,Condominium,10,Spadina-Fort York
1157850,STR-2201-JCSDVM,300 Front St W,2105,M5V,Apartment,10,Spadina-Fort York
1157851,STR-2201-GGVRVF,9 Danish Cres,,M9C,Single/Semi-detached House,2,Etobicoke Centre
1157852,STR-2201-HFPRVJ,300 Front St W,2503,M5V,Condominium,10,Spadina-Fort York
1157853,STR-2201-HMVRVK,51 Brookmount Rd,,M4L,Single/Semi-detached House,19,Beaches-East York
1157854,STR-2201-FJSDVB,97 Galt Ave,,M4M,Single/Semi-detached House,14,Toronto-Danforth
1157855,STR-2201-FZFDVD,5 Pennard Crt,Upper,M2R,Single/Semi-detached House,18,Willowdale
1157856,STR-2201-HPLDVK,251 Jarvis St,3210,M5B,Condominium,13,Toronto Centre
1157857,STR-2202-HGVRVJ,23 Via Italia,,M6H,Single/Semi-detached House,9,Davenport
1157858,STR-2202-HQBRVK,978A Kipling Ave,,M9B,Single/Semi-detached House,2,Etobicoke Centre
1157859,STR-2202-GRYDVG,202 Boon Ave,,M6E,Single/Semi-detached House,9,Davenport
1157860,STR-2202-GZFDVH,65 Bremner Blvd,2806,M5J,Condominium,10,Spadina-Fort York
1157861,STR-2202-GKHRVF,1 Rockland Dr,,M2M,Duplex/Triplex/Fourplex,17,Don Valley North
1157862,STR-2202-GZVRVH,21 Iceboat Ter,3201,M5V,Condominium,10,Spadina-Fort York
1157863,STR-2202-HJBRVJ,105 Sultana Ave,,M6A,Single/Semi-detached House,8,Eglinton-Lawrence
1157864,STR-2202-GKZKVG,149 Seaton St,Basement,M5A,Townhouse/ Row House,13,Toronto Centre
1157865,STR-2202-GTGKVH,105 George St,1710,M5A,Condominium,13,Toronto Centre
1157866,STR-2202-HBMKVJ,1528 Dufferin St,,M6H,Single/Semi-detached House,9,Davenport
1157867,STR-2202-GVMKVH,27 Bathurst St,1610,M5V,Condominium,10,Spadina-Fort York
1157868,STR-2202-HCTKVJ,395A Dawes Rd,,M4B,Single/Semi-detached House,19,Beaches-East York
1157869,STR-2202-HTGKVL,12 Swan Ave,,M9B,Single/Semi-detached House,2,Etobicoke Centre
1157870,STR-2202-FQCXVC,155 Yorkville Ave,315,M5R,Condominium,11,University-Rosedale
1157871,STR-2202-HDJXVJ,92 Cheritan Ave,2,M4R,Duplex/Triplex/Fourplex,8,Eglinton-Lawrence
1157872,STR-2202-FQTKVC,661 Dovercourt Rd,,M6H,Single/Semi-detached House,9,Davenport
1157873,STR-2202-GWTKVH,231 Fort York Blvd,1012,M5V,Condominium,10,Spadina-Fort York
1157874,STR-2202-HMGKVK,219 Fort York Blvd,1402,M5V,Condominium,10,Spadina-Fort York
1157875,STR-2202-GGWXVF,400 King St E,A,M5A,Townhouse/ Row House,13,Toronto Centre
1157876,STR-2202-GQCXVG,550 Spadina Cres,,M5S,Single/Semi-detached House,11,University-Rosedale
1157877,STR-2202-HMWXVK,648 Wellington St W,,M5V,Townhouse/ Row House,10,Spadina-Fort York
1157878,STR-2202-HWCXVL,965 Dufferin St,,M6H,Single/Semi-detached House,9,Davenport
1157879,STR-2202-FZGKVD,68 Abell St,307,M6J,Condominium,9,Davenport
1157880,STR-2202-GHMKVF,118 Felstead Ave,,M4J,Single/Semi-detached House,14,Toronto-Danforth
1157881,STR-2202-FSQXVC,296 Brighton Ave,,M3H,Single/Semi-detached House,6,York Centre
1157882,STR-2202-GSQXVG,137 Lisgar St,1,M6J,Single/Semi-detached House,9,Davenport
1157883,STR-2202-GZWXVH,29 Highview Cres,,M6H,Single/Semi-detached House,9,Davenport
1157884,STR-2202-HJCXVJ,54 Elm Ave,,M4W,Single/Semi-detached House,11,University-Rosedale
1157885,STR-2202-FMHRVC,30 Sabrina Dr,Unit 2,M9R,Duplex/Triplex/Fourplex,2,Etobicoke Centre
1157886,STR-2202-GLBRVG,209 Fort York Blvd,370,M5V,Condominium,10,Spadina-Fort York
1157887,STR-2202-HZHRVM,645 Bathurst St,1,M5S,Single/Semi-detached House,11,University-Rosedale
1157888,STR-2202-FWFDVD,87 Rhodes Ave,,M4L,Single/Semi-detached House,14,Toronto-Danforth
1157889,STR-2202-HZYDVM,48 Gladstone Ave,3rd floor,M6J,Duplex/Triplex/Fourplex,9,Davenport
1157890,STR-2202-FGHRVB,55 Charles St W,1405,M5S,Apartment,11,University-Rosedale
1157891,STR-2202-FWVRVD,267 Otonabee Ave,,M2M,Single/Semi-detached House,18,Willowdale
1157892,STR-2202-FQFDVC,550 Jarvis St,1115,M4Y,Apartment,13,Toronto Centre
1157893,STR-2202-HDLDVJ,176 Wineva Ave,,M4E,Single/Semi-detached House,19,Beaches-East York
1157894,STR-2202-GPPRVG,49 Dixon Ave,,M4L,Single/Semi-detached House,19,Beaches-East York
1157895,STR-2202-HFBRVJ,26 Hamer Blvd,,M9R,Single/Semi-detached House,1,Etobicoke North
1157896,STR-2202-HVPRVL,4 Annapearl Crt,,M2N,Single/Semi-detached House,18,Willowdale
1157897,STR-2202-FJFDVB,24 Noble St,507,M6K,Condominium,4,Parkdale-High Park
1157898,STR-2202-GXLDVH,955 BAY ST,4007,M5S,Condominium,13,Toronto Centre
1157899,STR-2202-HWFDVL,12 York St,1310,M5J,Condominium,10,Spadina-Fort York
1157900,STR-2202-FJVRVB,294 Brighton Ave,Upper,M3H,Single/Semi-detached House,6,York Centre
1157901,STR-2202-FSBRVC,10 Oak Park Ave,,M4C,Single/Semi-detached House,19,Beaches-East York
1157902,STR-2202-GYBRVH,245 Bellwoods Ave,,M6J,Townhouse/ Row House,11,University-Rosedale
1157903,STR-2202-HGHRVJ,426 Markham St,1C,M6G,Single/Semi-detached House,11,University-Rosedale
1157904,STR-2202-HPPRVK,65 Bremner Blvd,4511,M5J,Condominium,10,Spadina-Fort York
1157905,STR-2202-JFBRVM,2 Anndale Dr,1110,M2N,Condominium,18,Willowdale
1157906,STR-2202-FKLDVB,21 Fontainbleau Dr,,M2M,Single/Semi-detached House,18,Willowdale
1157907,STR-2202-FZYDVD,49 Bernice Cres,,M6N,Single/Semi-detached House,5,York South-Weston
1157908,STR-2202-FLBRVB,592 Brookdale Ave,,M5M,Single/Semi-detached House,8,Eglinton-Lawrence
1157909,STR-2202-FTHRVC,14 York St,2604,M5J,Condominium,10,Spadina-Fort York
1157910,STR-2202-GZHRVH,250 Wellington St W,1133,M5V,Condominium,10,Spadina-Fort York
1157911,STR-2202-HYBRVL,97 Edwin Ave,,M6P,Townhouse/ Row House,9,Davenport
1157912,STR-2202-FTYDVC,42 Rosevear Ave,,M4C,Single/Semi-detached House,19,Beaches-East York
1157913,STR-2202-JGYDVM,148 Cornell Ave,,M1N,Single/Semi-detached House,20,Scarborough Southwest
1157914,STR-2202-FVQXVD,269 Ashdale Ave,,M4L,Single/Semi-detached House,14,Toronto-Danforth
1157915,STR-2202-GDMKVF,155 Yorkville Ave,2910,M5R,Condominium,11,University-Rosedale
1157916,STR-2202-GTZKVH,38 Glenaden Ave E,,M8Y,Single/Semi-detached House,3,Etobicoke-Lakeshore
1157917,STR-2202-HCGKVJ,215 Fort York Blvd,1206,M5V,Condominium,10,Spadina-Fort York
1157918,STR-2202-HKMKVK,10 San Romanoway,808,M3N,Apartment,7,Humber River-Black Creek
1157919,STR-2203-HZZKVM,1122 Islington Ave,,M8Z,Single/Semi-detached House,3,Etobicoke-Lakeshore
1157920,STR-2203-FPQXVC,207 Downsview Park Blvd,,M3K,Townhouse/ Row House,6,York Centre
1157921,STR-2203-FGZKVB,1294 Queen St W,A,M6K,Apartment,4,Parkdale-High Park
1157922,STR-2203-FXMKVD,51 Bowmore Rd,,M4L,Single/Semi-detached House,19,Beaches-East York
1157923,STR-2203-GMZKVG,8 Charlotte St,204,M5V,Condominium,10,Spadina-Fort York
1157924,STR-2203-JCGKVM,302 Glebemount Ave,,M4C,Single/Semi-detached House,19,Beaches-East York
1157925,STR-2203-GWWXVH,104 Great Oak Dr,,M9A,Single/Semi-detached House,2,Etobicoke Centre
1157926,STR-2203-HMJXVK,259 Ontario St,,M5A,Townhouse/ Row House,13,Toronto Centre
1157927,STR-2203-JCWXVM,5229 Dundas St W,603,M9B,Condominium,3,Etobicoke-Lakeshore
1157928,STR-2203-GGZKVF,300 Front St W,1111,M5V,Condominium,10,Spadina-Fort York
1157929,STR-2203-HFTKVJ,392 Rathburn Rd,,M9B,Single/Semi-detached House,2,Etobicoke Centre
1157930,STR-2203-HWGKVL,106 Duplex Ave,Upper Unit,M5P,Single/Semi-detached House,12,Toronto-St. Paul's
1157931,STR-2203-JDMKVM,65 Bremner Blvd,2811,M5J,Condominium,10,Spadina-Fort York
1157932,STR-2203-FZJXVD,12 York St,1110,M5J,Condominium,10,Spadina-Fort York
1157933,STR-2203-GHQXVF,103 Bellwoods Ave,,M6J,Townhouse/ Row House,10,Spadina-Fort York
1157934,STR-2203-FSTKVC,215 Fort York Blvd,2811,M5V,Condominium,10,Spadina-Fort York
1157935,STR-2203-HQGKVK,215 Fort York Blvd,3302,M5V,Condominium,10,Spadina-Fort York
1157936,STR-2203-HHQXVJ,43 Markham St,,M6J,Single/Semi-detached House,10,Spadina-Fort York
1157937,STR-2203-HQWXVK,18 Heather Rd,,M1S,Single/Semi-detached House,23,Scarborough North
1157938,STR-2203-HYCXVL,270 Wellington St W,413,M5V,Condominium,10,Spadina-Fort York
1157939,STR-2203-FTZKVC,48 Westmoreland Ave,,M6H,Single/Semi-detached House,9,Davenport
1157940,STR-2203-GSTKVG,54 Roywood Dr,,M3A,Single/Semi-detached House,16,Don Valley East
1157941,STR-2203-HJGKVJ,297 Roxton Rd,,M6G,Townhouse/ Row House,11,University-Rosedale
1157942,STR-2203-JGZKVM,352 Albany Ave,,M5R,Single/Semi-detached House,12,Toronto-St. Paul's
1157943,STR-2203-FDPVHB,199 Niagara St,Unit 2,M5V,Single/Semi-detached House,10,Spadina-Fort York
1157944,STR-2203-GKPVHG,16 Kidbrooke Cres,,M1M,Single/Semi-detached House,20,Scarborough Southwest
1157945,STR-2203-GSVVHH,479 Dovercourt Rd,Main,M6H,Single/Semi-detached House,9,Davenport
1157946,STR-2203-HBBVHJ,681 Adelaide St W,,M6J,Single/Semi-detached House,10,Spadina-Fort York
1157947,STR-2203-HRPVHL,11 Lobb Ave,,M6J,Single/Semi-detached House,10,Spadina-Fort York
1157948,STR-2203-GLFHHG,12 Whistling Hills Dr,,M1V,Single/Semi-detached House,23,Scarborough North
1157949,STR-2203-HSFHHL,25 Oxley St,602,M5V,Condominium,10,Spadina-Fort York
1157950,STR-2203-HKPVHK,525 Adelaide St W,1134,M5V,Condominium,10,Spadina-Fort York
1157951,STR-2203-HSVVHL,28A Dundonald St,,M4Y,Townhouse/ Row House,13,Toronto Centre
1157952,STR-2203-FWYHHD,69 Lynn Williams St,1002,M6K,Condominium,10,Spadina-Fort York
1157953,STR-2203-GFFHHF,817 Lansdowne Ave,2,M6H,Apartment,9,Davenport
1157954,STR-2203-GVSHHH,5 London St,,M6G,Single/Semi-detached House,11,University-Rosedale
1157955,STR-2203-HCYHHJ,33 Spindlewood Dr,,M2J,Single/Semi-detached House,17,Don Valley North
1157956,STR-2203-HTLHHL,101 Peter St,3812,M5V,Condominium,10,Spadina-Fort York
1157957,STR-2203-FQHVHC,28 Blandford St,,M6E,Single/Semi-detached House,12,Toronto-St. Paul's
1157958,STR-2203-GFVVHF,21 Iceboat Ter,2202,M5V,Condominium,10,Spadina-Fort York
1157959,STR-2203-GPBVHG,89 McGill St,2210,M5B,Condominium,13,Toronto Centre
1157960,STR-2203-GWHVHH,713 Woodbine Ave,,M4E,Single/Semi-detached House,19,Beaches-East York
1157961,STR-2203-HLVVHK,36 Rolyat St,Main,M6J,Single/Semi-detached House,10,Spadina-Fort York
1157962,STR-2203-HVBVHL,210 Victoria St,2001,M5B,Condominium,13,Toronto Centre
1157963,STR-2203-JCHVHM,90 Ling Rd,205,M1E,Condominium,25,Scarborough-Rouge Park
1157964,STR-2203-FYFHHD,105 Soudan Ave,,M4S,Single/Semi-detached House,12,Toronto-St. Paul's
1157965,STR-2203-GGLHHF,37 Wheeler Ave,,M4L,Single/Semi-detached House,19,Beaches-East York
1157966,STR-2203-GPSHHG,646 Davenport Rd,,M5R,Single/Semi-detached House,12,Toronto-St. Paul's
1157967,STR-2203-GWYHHH,185 Fundy Bay Blvd,,M1W,Single/Semi-detached House,22,Scarborough-Agincourt
1157968,STR-2203-HMLHHK,40 Fountainhead Rd,1915,M3J,Apartment,7,Humber River-Black Creek
1157969,STR-2203-HVSHHL,1 Mallon Ave,,M4M,Single/Semi-detached House,14,Toronto-Danforth
1157970,STR-2203-FJHVHB,270 Wellington St W,211,M5V,Condominium,10,Spadina-Fort York
1157971,STR-2203-GQHVHG,109 Melville Ave,,M6G,Single/Semi-detached House,11,University-Rosedale
1157972,STR-2203-HPBVHK,264 Lippincott St,,M5S,Single/Semi-detached House,11,University-Rosedale
1157973,STR-2203-HWHVHL,279 Maple Leaf Dr,,M6L,Single/Semi-detached House,5,York South-Weston
1157974,STR-2203-FJYHHB,45 Freeport Dr,,M1C,Single/Semi-detached House,25,Scarborough-Rouge Park
1157975,STR-2203-GHSHHF,2259 Kipling Ave,2,M9W,Duplex/Triplex/Fourplex,1,Etobicoke North
1157976,STR-2203-HGLHHJ,151 Dan Leckie Way,841,M5V,Condominium,10,Spadina-Fort York
1157977,STR-2203-FKPVHB,49 East Liberty St,803,M6K,Condominium,10,Spadina-Fort York
1157978,STR-2203-GBBVHD,20 Bruyeres Mews,9,M5V,Condominium,10,Spadina-Fort York
1157979,STR-2203-HHBVHJ,101 Peter St,1902,M5V,Condominium,10,Spadina-Fort York
1157980,STR-2203-HQHVHK,1029 King St W,243,M6K,Condominium,10,Spadina-Fort York
1157981,STR-2203-HXPVHL,43 Bigham Cres,,M9C,Single/Semi-detached House,2,Etobicoke Centre
1157982,STR-2203-GSFHHG,46 Pinemore Cres,,M3A,Single/Semi-detached House,16,Don Valley East
1157983,STR-2203-HYFHHL,53 Ritchie Ave,,M6R,Single/Semi-detached House,4,Parkdale-High Park
1157984,STR-2203-JGLHHM,234 Queen St E,2nd & 3rd Floor,M5A,Townhouse/ Row House,13,Toronto Centre
1157985,STR-2203-FDRBHB,44 Fuller Ave,,M6R,Single/Semi-detached House,4,Parkdale-High Park
1157986,STR-2203-GSXBHH,8 Skelmore Cres,,M3A,Single/Semi-detached House,16,Don Valley East
1157987,STR-2203-HBDBHJ,54 MacKenzie Cres,,M6J,Single/Semi-detached House,9,Davenport
1157988,STR-2203-HRRBHL,155 Yorkville Ave,1901,M5R,Condominium,11,University-Rosedale
1157989,STR-2203-FMMPHC,67 Niagara St,,M5V,Single/Semi-detached House,10,Spadina-Fort York
1157990,STR-2203-HBTPHJ,3 White Ave,,M6N,Single/Semi-detached House,5,York South-Weston
1157991,STR-2203-HJZPHK,258 Ontario St,Main,M5A,Townhouse/ Row House,13,Toronto Centre
1157992,STR-2203-HSGPHL,102 McAllister Rd,,M3H,Single/Semi-detached House,6,York Centre
1157993,STR-2203-HZMPHM,37 Nealon Ave,,M4K,Single/Semi-detached House,14,Toronto-Danforth
1157994,STR-2203-FWKBHD,72 Dunn Ave,,M6K,Single/Semi-detached House,4,Parkdale-High Park
1157995,STR-2203-GVDBHH,47 Greendale Ave,Main Unit,M6N,Single/Semi-detached House,5,York South-Weston
1157996,STR-2203-HKRBHK,73 Haslam St,,M1N,Single/Semi-detached House,20,Scarborough Southwest
1157997,STR-2203-HSXBHL,11 Charlotte St,705,M5V,Condominium,10,Spadina-Fort York
1157998,STR-2203-FGMPHB,16 Foxwell St,,M6N,Single/Semi-detached House,5,York South-Weston
1157999,STR-2203-FPTPHC,129 Wyndcliff Cres,,M4A,Single/Semi-detached House,16,Don Valley East
1158000,STR-2203-GMMPHG,300 Front St W,2510,M5V,Condominium,10,Spadina-Fort York
1158001,STR-2203-GVTPHH,26 Greyabbey Trl,,M1E,Single/Semi-detached House,25,Scarborough-Rouge Park
1158002,STR-2203-HLGPHK,375 King St W,2201,M5V,Condominium,10,Spadina-Fort York
1158003,STR-2203-JBTPHM,27 Wigan Cres,,M3H,Single/Semi-detached House,6,York Centre
1158004,STR-2203-GWKBHH,7 Seymour Ave,,M4J,Single/Semi-detached House,14,Toronto-Danforth
1158005,STR-2203-JCKBHM,127 Brunswick Ave,,M5S,Single/Semi-detached House,11,University-Rosedale
1158006,STR-2203-GGMPHF,955 Bay St,214,M5S,Condominium,13,Toronto Centre
1158007,STR-2203-GPTPHG,300 Front St W,1710,M5V,Condominium,10,Spadina-Fort York
1158008,STR-2203-GWZPHH,708 Dufferin St,Main,M6K,Single/Semi-detached House,9,Davenport
1158009,STR-2203-HFGPHJ,479 Davisville Ave,,M4S,Single/Semi-detached House,15,Don Valley West
1158010,STR-2203-HVTPHL,19 Belanger Cres,Upper Unit,M1L,Townhouse/ Row House,20,Scarborough Southwest
1158011,STR-2203-FRRBHC,44 Collingdale Rd,,M9V,Single/Semi-detached House,1,Etobicoke North
1158012,STR-2203-GXRBHH,101 Peter St,2407,M5V,Condominium,10,Spadina-Fort York
1158013,STR-2203-HFXBHJ,5 Ainsley Gdns,,M9A,Single/Semi-detached House,2,Etobicoke Centre
1158014,STR-2203-HWKBHL,65 Bremner Blvd,4305,M5J,Condominium,10,Spadina-Fort York
1158015,STR-2203-JDRBHM,157 Symington Ave,,M6P,Single/Semi-detached House,9,Davenport
1158016,STR-2203-FJZPHB,122 Nymark Ave,,M2J,Single/Semi-detached House,17,Don Valley North
1158017,STR-2203-FZMPHD,110 Leacrest Rd,,M4G,Single/Semi-detached House,15,Don Valley West
1158018,STR-2203-GHTPHF,459 Main St,,M4C,Single/Semi-detached House,19,Beaches-East York
1158019,STR-2203-GQZPHG,50 Glenside Ave,,M4L,Single/Semi-detached House,14,Toronto-Danforth
1158020,STR-2203-GYGPHH,55 Ontario St,1005,M5A,Condominium,13,Toronto Centre
1158021,STR-2203-HWZPHL,90 Main St,,M4E,Single/Semi-detached House,19,Beaches-East York
1158022,STR-2203-JFGPHM,103 Auburn Ave,2nd floor,M6H,Single/Semi-detached House,9,Davenport
1158023,STR-2203-FKRBHB,73F Corley Ave,,M4E,Single/Semi-detached House,19,Beaches-East York
1158024,STR-2203-GBDBHD,74 Connolly St,,M6N,Condominium,9,Davenport
1158025,STR-2203-HHDBHJ,112 West Lodge Ave,,M6K,Townhouse/ Row House,4,Parkdale-High Park
1158026,STR-2203-HXRBHL,96 Markham St,3,M6J,Duplex/Triplex/Fourplex,10,Spadina-Fort York
1158027,STR-2203-FLGPHB,68 Shuter St,201,M5B,Condominium,13,Toronto Centre
1158028,STR-2203-GBTPHD,231 Fort York Blvd,334,M5V,Condominium,10,Spadina-Fort York
1158029,STR-2203-GJZPHF,200 Sackville St,1107,M5A,Condominium,13,Toronto Centre
1158030,STR-2203-GSGPHG,574 Wellington St W,616A,M5V,Townhouse/ Row House,10,Spadina-Fort York
1158031,STR-2203-HYGPHL,54B Wanita Rd,,M1C,Single/Semi-detached House,25,Scarborough-Rouge Park
1158032,STR-2203-JGMPHM,108 Freshmeadow Dr,Upper Unit,M2H,Single/Semi-detached House,17,Don Valley North
1158033,STR-2203-FLYHHC,783 Bathurst St,408,M5S,Condominium,11,University-Rosedale
1158034,STR-2203-FVFHHD,501 Adelaide St W,1110,M5V,Condominium,10,Spadina-Fort York
1158035,STR-2203-GCLHHF,155 Yorkville Ave,418,M5R,Condominium,11,University-Rosedale
1158036,STR-2203-GKSHHG,540 Northcliffe Blvd,,M6E,Single/Semi-detached House,12,Toronto-St. Paul's
1158037,STR-2203-HRSHHL,2 Sonic Way,1904,M3C,Condominium,16,Don Valley East
1158038,STR-2203-FFHVHB,955 Bay St,2807,M5S,Condominium,13,Toronto Centre
1158039,STR-2203-GDBVHF,100 Harbour St,6110,M5J,Condominium,10,Spadina-Fort York
1158040,STR-2203-HKBVHK,25 Baseball Pl,807,M4M,Condominium,14,Toronto-Danforth
1158041,STR-2203-FFYHHB,268 Weston Rd,Lower,M6N,Duplex/Triplex/Fourplex,5,York South-Weston
1158042,STR-2204-GDSHHF,9 Southport St,,M6S,Townhouse/ Row House,4,Parkdale-High Park
1158043,STR-2204-GLYHHG,101 Peter St,1607,M5V,Condominium,10,Spadina-Fort York
1158044,STR-2204-FPVVHC,25 Bedford Rd,605,M5R,Apartment,11,University-Rosedale
1158045,STR-2204-GVVVHH,174 Yarmouth Rd,,M6G,Single/Semi-detached House,11,University-Rosedale
1158046,STR-2204-JBVVHM,10 Tangreen Crt,1401,M2M,Condominium,18,Willowdale
1158047,STR-2204-FHFHHB,30 Grand Trunk Cres,1209,M5J,Condominium,10,Spadina-Fort York
1158048,STR-2204-GFYHHF,70 Pauline Ave,,M6H,Single/Semi-detached House,9,Davenport
1158049,STR-2204-FHVVHB,7 Broadway Ave,701,M4P,Condominium,12,Toronto-St. Paul's
1158050,STR-2204-FYHVHD,62 Blue Forest Dr,,M3H,Single/Semi-detached House,6,York Centre
1158051,STR-2204-GGPVHF,219 Coxwell Ave,,M4L,Townhouse/ Row House,19,Beaches-East York
1158052,STR-2204-GPVVHG,82 Marion St,,M6R,Single/Semi-detached House,4,Parkdale-High Park
1158053,STR-2204-JDBVHM,27 Kennaley Cres,,M1V,Single/Semi-detached House,23,Scarborough North
1158054,STR-2204-FJLHHB,51 Howland Ave,,M5R,Single/Semi-detached House,11,University-Rosedale
1158055,STR-2204-GHFHHF,823 Adelaide St W,Main Unit,M6J,Duplex/Triplex/Fourplex,10,Spadina-Fort York
1158056,STR-2204-GQLHHG,6 Treasure Grv,,M1S,Single/Semi-detached House,22,Scarborough-Agincourt
1158057,STR-2204-GXSHHH,2 Wendigo Way,,M6S,Single/Semi-detached House,4,Parkdale-High Park
1158058,STR-2204-HWLHHL,65 London St,2nd Floor Unit,M6G,Single/Semi-detached House,11,University-Rosedale
1158059,STR-2204-JDSHHM,62 Stanley Ter,,M6J,Single/Semi-detached House,10,Spadina-Fort York
1158060,STR-2204-GHVVHF,46 Arnold Ave,,M5A,Single/Semi-detached House,13,Toronto Centre
1158061,STR-2204-GRBVHG,4 Bank St,,M6K,Single/Semi-detached House,9,Davenport
1158062,STR-2204-HXBVHL,221 Aldercrest Rd,,M8W,Single/Semi-detached House,3,Etobicoke-Lakeshore
1158063,STR-2204-GBFHHD,223 Willowdale Ave,,M2N,Single/Semi-detached House,18,Willowdale
1158064,STR-2204-GJLHHF,55 Bremner Blvd,4611,M5J,Condominium,10,Spadina-Fort York
1158065,STR-2204-HRBVHK,751 Markham St,2nd Floor,M6G,Single/Semi-detached House,11,University-Rosedale
1158066,STR-2204-HYHVHL,143 Rusholme Rd,2,M6H,Single/Semi-detached House,9,Davenport
1158067,STR-2204-FDTPHB,53 Campbell Ave,,M6P,Single/Semi-detached House,9,Davenport
1158068,STR-2204-FFKBHB,126 Fourth St,,M8V,Single/Semi-detached House,3,Etobicoke-Lakeshore
1158069,STR-2204-HSKBHL,21 Iceboat Ter,3105,M5V,Condominium,10,Spadina-Fort York
1158070,STR-2204-FWMPHD,230 Christie St,,M6G,Duplex/Triplex/Fourplex,11,University-Rosedale
1158071,STR-2204-GLZPHG,21 Shadowbrook Dr,,M9B,Single/Semi-detached House,2,Etobicoke Centre
1158072,STR-2204-GVGPHH,520 Lauder Ave,,M6E,Single/Semi-detached House,12,Toronto-St. Paul's
1158073,STR-2204-HCMPHJ,266 Carlton St,,M5A,Single/Semi-detached House,13,Toronto Centre
1158074,STR-2204-HKTPHK,49 Park Blvd,,M8W,Single/Semi-detached House,3,Etobicoke-Lakeshore
1158075,STR-2204-HSZPHL,8 Old Weston Rd,2,M6P,Apartment,4,Parkdale-High Park
1158076,STR-2204-JBGPHM,284 St Helen's Ave,104,M6H,Condominium,9,Davenport
1158077,STR-2204-FPXBHC,144 Bartlett Ave,,M6H,Single/Semi-detached House,9,Davenport
1158078,STR-2204-GVXBHH,208 Queens Quay W,2009,M5J,Condominium,10,Spadina-Fort York
1158079,STR-2204-HTRBHL,219 Fort York Blvd,2812,M5V,Condominium,10,Spadina-Fort York
1158080,STR-2204-FXTPHD,68 Bethune Blvd,,M1M,Single/Semi-detached House,24,Scarborough-Guildwood
1158081,STR-2204-GPGPHG,155 Yorkville Ave,1212,M5R,Condominium,11,University-Rosedale
1158082,STR-2204-HVGPHL,12 Addison Cres,,M3B,Single/Semi-detached House,16,Don Valley East
1158083,STR-2204-GGRBHF,89 Dunfield Ave,2308,M4S,Condominium,12,Toronto-St. Paul's
1158084,STR-2204-HMRBHK,231 Shaw St,2nd floor,M6J,Duplex/Triplex/Fourplex,10,Spadina-Fort York
1158085,STR-2204-JDDBHM,568 Northcliffe Blvd,,M6E,Single/Semi-detached House,12,Toronto-St. Paul's
1158086,STR-2204-FJMPHB,21 Iceboat Ter,1209,M5V,Condominium,10,Spadina-Fort York
1158087,STR-2204-FYZPHD,101 Peter St,3211,M5V,Condominium,10,Spadina-Fort York
1158088,STR-2204-GHGPHF,248 Fulton Ave,,M4K,Single/Semi-detached House,14,Toronto-Danforth
1158089,STR-2204-GXTPHH,521 Shaw St,,M6G,Single/Semi-detached House,11,University-Rosedale
1158090,STR-2204-HPGPHK,477 Richmond St W,709,M5V,Condominium,10,Spadina-Fort York
1158091,STR-2204-FKDBHB,135 Gore Vale Ave,,M6J,Single/Semi-detached House,10,Spadina-Fort York
1158092,STR-2204-GHXBHF,411 Carlton St,,M5A,Single/Semi-detached House,13,Toronto Centre
1158093,STR-2204-HGRBHJ,1621 Queen St W,54,M6R,Apartment,4,Parkdale-High Park
1158094,STR-2204-HPXBHK,300 Front St W,2613,M5V,Condominium,10,Spadina-Fort York
1158095,STR-2204-GYZPHH,197 Yonge St,3809,M5B,Condominium,13,Toronto Centre
1158096,STR-2204-HXTPHL,388 Berkeley St,,M5A,Single/Semi-detached House,13,Toronto Centre
1158097,STR-2204-JFZPHM,491 Evans Ave,,M8W,Single/Semi-detached House,3,Etobicoke-Lakeshore
1158098,STR-2204-FTRBHC,55 Bremner Blvd,2008,M5J,Condominium,10,Spadina-Fort York
1158099,STR-2204-GKDBHF,942 Greenwood Ave,,M4J,Single/Semi-detached House,14,Toronto-Danforth
1158100,STR-2204-GSKBHG,798 Richmond St W,763,M6J,Apartment,10,Spadina-Fort York
1158101,STR-2204-GZRBHH,199 Richmond St W,720,M5V,Condominium,10,Spadina-Fort York
1158102,STR-2204-HYKBHL,155 Yorkville Ave,2312,M5R,Condominium,11,University-Rosedale
1158103,STR-2204-FDVVHB,1243 Kingston Rd,,M1N,Single/Semi-detached House,20,Scarborough Southwest
1158104,STR-2204-FVHVHD,300 Front St W,1008,M5V,Condominium,10,Spadina-Fort York
1158105,STR-2204-GKVVHG,18 Yonge St,3602,M5E,Condominium,10,Spadina-Fort York
1158106,STR-2204-HJPVHK,88 Corley Ave,Upper,M4E,Apartment,19,Beaches-East York
1158107,STR-2204-FMSHHC,65 Jefferson Ave,205,M6K,Apartment,10,Spadina-Fort York
1158108,STR-2204-GDFHHF,55 Bremner Blvd,4008,M5J,Condominium,10,Spadina-Fort York
1158109,STR-2204-GLLHHG,8 Eaton Park Lane,20,M1W,Townhouse/ Row House,22,Scarborough-Agincourt
1158110,STR-2204-HSLHHL,21 Evermede Dr,,M3A,Single/Semi-detached House,16,Don Valley East
1158111,STR-2204-FWPVHD,157 Glendale Ave,1,M6R,Single/Semi-detached House,4,Parkdale-High Park
1158112,STR-2204-GDVVHF,3 Chalfont Rd,,M9W,Single/Semi-detached House,1,Etobicoke North
1158113,STR-2204-HKVVHK,155 Yorkville Ave,2704,M5R,Condominium,11,University-Rosedale
1158114,STR-2204-HTBVHL,101 Peter St,2909,M5V,Condominium,10,Spadina-Fort York
1158115,STR-2204-FGSHHB,71 Kendal Ave,,M5R,Single/Semi-detached House,11,University-Rosedale
1158116,STR-2204-FXFHHD,32 Trolley Cres,819,M5A,Condominium,13,Toronto Centre
1158117,STR-2204-GVYHHH,42 Rowallan Dr,Main Floor,M1E,Single/Semi-detached House,24,Scarborough-Guildwood
1158118,STR-2204-HTSHHL,103 Pindar Cres,,M2J,Single/Semi-detached House,17,Don Valley North
1158119,STR-2204-JBYHHM,14 York St,6209,M5J,Condominium,10,Spadina-Fort York
1158120,STR-2204-FHHVHB,83 Sumach St,,M5A,Townhouse/ Row House,13,Toronto Centre
1158121,STR-2204-FQPVHC,39 Galbraith Ave,Upper,M4B,Single/Semi-detached House,19,Beaches-East York
1158122,STR-2204-GGBVHF,10 Queens Quay W,1902,M5J,Apartment,10,Spadina-Fort York
1158123,STR-2204-GPHVHG,42 Stephen Dr,,M8Y,Duplex/Triplex/Fourplex,3,Etobicoke-Lakeshore
1158124,STR-2204-HDVVHJ,197 Crawford St,,M6J,Single/Semi-detached House,10,Spadina-Fort York
1158125,STR-2204-HMBVHK,66 Portland St,602,M5V,Condominium,10,Spadina-Fort York
1158126,STR-2204-FHYHHB,247B McIntosh St,,M1N,Single/Semi-detached House,20,Scarborough Southwest
1158127,STR-2204-FYLHHD,633 Huron St,,M5R,Single/Semi-detached House,11,University-Rosedale
1158128,STR-2204-GPYHHG,138 Patricia Ave,Basement,M2M,Single/Semi-detached House,18,Willowdale
1158129,STR-2204-GXFHHH,468 Pape Ave,A,M4K,Townhouse/ Row House,14,Toronto-Danforth
1158130,STR-2204-HVYHHL,114 Queensdale Ave,,M4J,Single/Semi-detached House,14,Toronto-Danforth
1158131,STR-2204-JDFHHM,141 Brock Ave,,M6K,Single/Semi-detached House,9,Davenport
1158132,STR-2204-FJPVHB,181 Huron St,1605,M5T,Condominium,11,University-Rosedale
1158133,STR-2204-FRVVHC,285 Roxton Rd,,M6G,Townhouse/ Row House,11,University-Rosedale
1158134,STR-2204-FZBVHD,300 Front St W,3009,M5V,Condominium,10,Spadina-Fort York
1158135,STR-2204-GHHVHF,27 Bowmore Rd,,M4L,Single/Semi-detached House,19,Beaches-East York
1158136,STR-2204-GQPVHG,14 York St,3608,M5J,Condominium,10,Spadina-Fort York
1158137,STR-2204-HXFHHL,339 Soudan Ave,,M4S,Single/Semi-detached House,15,Don Valley West
1158138,STR-2204-FKVVHB,219 Fort York Blvd,2407,M5V,Condominium,10,Spadina-Fort York
1158139,STR-2204-GJPVHF,2685 Midland Ave,,M1S,Single/Semi-detached House,23,Scarborough North
1158140,STR-2204-HHHVHJ,62 Bridlegrove Dr,,M1M,Townhouse/ Row House,20,Scarborough Southwest
1158141,STR-2204-HXVVHL,22 Dellbrook Cres,,M9L,Single/Semi-detached House,7,Humber River-Black Creek
1158142,STR-2204-FLLHHB,279 Major St,Upper,M5S,Single/Semi-detached House,11,University-Rosedale
1158143,STR-2204-FTSHHC,329 Mutual St,1,M4Y,Apartment,13,Toronto Centre
1158144,STR-2204-GKFHHF,238 Windermere Ave,,M6S,Single/Semi-detached House,4,Parkdale-High Park
1158145,STR-2204-JGSHHM,141 Burbank Dr,,M2K,Single/Semi-detached House,17,Don Valley North
1158146,STR-2204-FVKBHD,28 Sackville Pl,,M4X,Single/Semi-detached House,13,Toronto Centre
1158147,STR-2204-GCRBHF,89 Beaconsfield Ave,Basement,M6J,Single/Semi-detached House,9,Davenport
1158148,STR-2204-GTDBHH,299 Rhodes Ave,,M4L,Single/Semi-detached House,14,Toronto-Danforth
1158149,STR-2204-HJRBHK,18 Laxton Ave,Basement,M6K,Single/Semi-detached House,4,Parkdale-High Park
1158150,STR-2204-GLMPHG,8 Wellesley St E,308,M4Y,Condominium,13,Toronto Centre
1158151,STR-2204-HBZPHJ,14 York St,4510,M5J,Condominium,10,Spadina-Fort York
1158152,STR-2204-FGDBHB,10 Humheller Rd,,M9W,Single/Semi-detached House,1,Etobicoke North
1158153,STR-2204-FWRBHD,67 Woodstream Dr,,M9W,Townhouse/ Row House,1,Etobicoke North
1158154,STR-2204-GVKBHH,52 Robert St,Upper,M5S,Single/Semi-detached House,11,University-Rosedale
1158155,STR-2204-HKXBHK,70 Malvern Ave,,M4E,Single/Semi-detached House,19,Beaches-East York
1158156,STR-2204-HTDBHL,460 Montrose Ave,,M6G,Single/Semi-detached House,11,University-Rosedale
1158157,STR-2204-GFMPHF,170 Sumach St,1306,M5A,Condominium,13,Toronto Centre
1158158,STR-2204-GVZPHH,47 Holbrooke Ave,,M8Y,Single/Semi-detached House,3,Etobicoke-Lakeshore
1158159,STR-2204-HDGPHJ,2 Cadmus Rd,,M2M,Single/Semi-detached House,18,Willowdale
1158160,STR-2204-JBZPHM,21 Douville Crt,,M5A,Townhouse/ Row House,10,Spadina-Fort York
1158161,STR-2204-FXXBHD,2164 St Clair Ave W,,M6N,Single/Semi-detached House,5,York South-Weston
1158162,STR-2204-GGDBHF,650 Lawrence Ave W,905,M6A,Condominium,8,Eglinton-Lawrence
1158163,STR-2204-GPKBHG,11 Stephenson Ave,,M4C,Single/Semi-detached House,19,Beaches-East York
1158164,STR-2204-GWRBHH,15 Zorra St,1105,M8Z,Condominium,3,Etobicoke-Lakeshore
1158165,STR-2204-HMDBHK,176 Manitoba St,8,M8Y,Townhouse/ Row House,3,Etobicoke-Lakeshore
1158166,STR-2204-HVKBHL,70 Queens Wharf Rd,1710,M5V,Condominium,10,Spadina-Fort York
1158167,STR-2204-FYMPHD,31 Oxford St,,M5T,Single/Semi-detached House,11,University-Rosedale
1158168,STR-2204-GGTPHF,14 York St,1301,M5J,Condominium,10,Spadina-Fort York
1158169,STR-2204-GPZPHG,439 Parliament St,301,M5A,Duplex/Triplex/Fourplex,13,Toronto Centre
1158170,STR-2204-GXGPHH,325 Jarvis St,13,M5B,Townhouse/ Row House,13,Toronto Centre
1158171,STR-2204-HFMPHJ,3 Highfield Rd,Main Floor,M4L,Single/Semi-detached House,14,Toronto-Danforth
1158172,STR-2204-HMTPHK,2 Anndale Dr,1510,M2N,Condominium,18,Willowdale
1158173,STR-2204-HVZPHL,266 John St,Upper Unit,M9N,Single/Semi-detached House,5,York South-Weston
1158174,STR-2204-JDGPHM,55 Triller Ave,2008,M6R,Apartment,4,Parkdale-High Park
1158175,STR-2204-FRXBHC,16 Adele Ave,,M3L,Single/Semi-detached House,7,Humber River-Black Creek
1158176,STR-2204-GXXBHH,188 Cumberland St,712,M5R,Condominium,11,University-Rosedale
1158177,STR-2204-HPKBHK,2 Anndale Dr,3205,M2N,Condominium,18,Willowdale
1158178,STR-2204-HWRBHL,88 Thursfield Cres,,M4G,Single/Semi-detached House,15,Don Valley West
1158179,STR-2204-FKGPHB,391 Whitmore Ave,,M6E,Single/Semi-detached House,8,Eglinton-Lawrence
1158180,STR-2204-HGTPHJ,26 Exford Dr,,M1P,Single/Semi-detached House,21,Scarborough Centre
1158181,STR-2204-JFMPHM,1001 Bathurst St,Upper Unit,M5R,Duplex/Triplex/Fourplex,11,University-Rosedale
1158182,STR-2204-FTDBHC,62 Perthshire St,,M1V,Single/Semi-detached House,22,Scarborough-Agincourt
1158183,STR-2204-GJRBHF,22 Tandridge Cres,816,M9W,Townhouse/ Row House,1,Etobicoke North
1158184,STR-2204-GRXBHG,196 Gillard Ave,,M4J,Single/Semi-detached House,14,Toronto-Danforth
1158185,STR-2204-GZDBHH,155 Yorkville Ave,903,M5R,Condominium,11,University-Rosedale
1158186,STR-2204-HQRBHK,47 Albacore Cres,,M1H,Single/Semi-detached House,24,Scarborough-Guildwood
1158187,STR-2204-HXXBHL,183 Howland Ave,,M5R,Single/Semi-detached House,11,University-Rosedale
1158188,STR-2204-JGDBHM,225 Wellesley St E,614,M4X,Condominium,13,Toronto Centre
1158189,STR-2204-FTTPHC,832 Bay St,503,M5S,Apartment,11,University-Rosedale
1158190,STR-2204-GBZPHD,9 Macey Ave,,M1L,Single/Semi-detached House,20,Scarborough Southwest
1158191,STR-2204-HHZPHJ,1340 Bloor St W,1,M6H,Duplex/Triplex/Fourplex,9,Davenport
1158192,STR-2204-HRGPHK,128 Willow Ave,,M4E,Single/Semi-detached House,19,Beaches-East York
1158193,STR-2204-FVLHHD,2 Eva Rd,1721,M9C,Condominium,2,Etobicoke Centre
1158194,STR-2204-GKYHHG,7 Mabelle Ave,4306,M9A,Condominium,3,Etobicoke-Lakeshore
1158195,STR-2204-HJSHHK,38 Western Battery Rd,631,M6K,Townhouse/ Row House,10,Spadina-Fort York
1158196,STR-2204-FMVVHC,227 Fern Ave,,M6R,Single/Semi-detached House,4,Parkdale-High Park
1158197,STR-2204-HSPVHL,14 York St,5710,M5J,Condominium,10,Spadina-Fort York
1158198,STR-2204-FWSHHD,682 Indian Rd,,M6P,Single/Semi-detached House,4,Parkdale-High Park
1158199,STR-2204-GMFHHG,130 Pickering St,Basement,M4E,Single/Semi-detached House,19,Beaches-East York
1158200,STR-2204-JBLHHM,250 Wellington St W,1034,M5V,Condominium,10,Spadina-Fort York
1158201,STR-2204-FGVVHB,12 York St,604,M5J,Condominium,10,Spadina-Fort York
1158202,STR-2204-FQBVHC,94 St Leonard's Ave,,M4N,Single/Semi-detached House,15,Don Valley West
1158203,STR-2204-FXHVHD,23 Symington Ave,,M6P,Townhouse/ Row House,9,Davenport
1158204,STR-2204-HLPVHK,14 York St,3303,M5J,Condominium,10,Spadina-Fort York
1158205,STR-2204-HTVVHL,700 Ontario St,1508,M4X,Apartment,13,Toronto Centre
1158206,STR-2204-FHLHHB,14 York St,5210,M5J,Condominium,10,Spadina-Fort York
1158207,STR-2204-GGFHHF,101 Peter St,1807,M5V,Condominium,10,Spadina-Fort York
1158208,STR-2204-JCSHHM,80 Western Battery Rd,UPH 11,M6K,Condominium,10,Spadina-Fort York
1158209,STR-2204-FJBVHB,21 Bournville Dr,,M1E,Single/Semi-detached House,24,Scarborough-Guildwood
1158210,STR-2204-FRHVHC,223 Manning Ave,Basement,M6J,Single/Semi-detached House,11,University-Rosedale
1158211,STR-2204-FYPVHD,190 Markham St,,M6J,Single/Semi-detached House,11,University-Rosedale
1158212,STR-2204-GGVVHF,209 Fort York Blvd,668,M5V,Condominium,10,Spadina-Fort York
1158213,STR-2204-GXHVHH,107 Christie St,Basement,M6G,Duplex/Triplex/Fourplex,11,University-Rosedale
1158214,STR-2204-HWBVHL,151 Dan Leckie Way,1903,M5V,Condominium,10,Spadina-Fort York
1158215,STR-2205-GHLHHF,1A Vermont Ave,21,M6G,Apartment,11,University-Rosedale
1158216,STR-2205-GQSHHG,199 Richmond St W,1501,M5V,Condominium,10,Spadina-Fort York
1158217,STR-2205-GXYHHH,800 Richmond St W,1410,M6J,Apartment,10,Spadina-Fort York
1158218,STR-2205-HWSHHL,38 Farmcrest Dr,,M1T,Single/Semi-detached House,22,Scarborough-Agincourt
1158219,STR-2205-FZVVHD,8 Painswick Cres,,M2J,Single/Semi-detached House,17,Don Valley North
1158220,STR-2205-GRHVHG,122A Neville Park Blvd,,M4E,Single/Semi-detached House,19,Beaches-East York
1158221,STR-2205-GYPVHH,300 Front St W,2306,M5V,Condominium,10,Spadina-Fort York
1158222,STR-2205-HQBVHK,21 Iceboat Ter,4511,M5V,Condominium,10,Spadina-Fort York
1158223,STR-2205-HXHVHL,161 Hillside Ave,,M8V,Single/Semi-detached House,3,Etobicoke-Lakeshore
1158224,STR-2205-FKYHHB,1 Linden St,,M4Y,Single/Semi-detached House,13,Toronto Centre
1158225,STR-2205-GBLHHD,11 Applebaum Ter,,M3J,Single/Semi-detached House,7,Humber River-Black Creek
1158226,STR-2205-GZFHHH,466 Shaw St,,M6G,Townhouse/ Row House,11,University-Rosedale
1158227,STR-2205-HXYHHL,1338 Lawrence Ave W,,M6L,Single/Semi-detached House,5,York South-Weston
1158228,STR-2205-GCBVHD,2417 St Clair Ave W,,M6N,Townhouse/ Row House,5,York South-Weston
1158229,STR-2205-GKHVHF,797 Craven Rd,,M4L,Single/Semi-detached House,14,Toronto-Danforth
1158230,STR-2205-GSPVHG,30 Nelson St,902,M5V,Condominium,10,Spadina-Fort York
1158231,STR-2205-FVMPHD,394 Hillsdale Ave E,,M4S,Single/Semi-detached House,15,Don Valley West
1158232,STR-2205-GTGPHH,278 Wright Ave,,M6R,Single/Semi-detached House,4,Parkdale-High Park
1158233,STR-2205-HBMPHJ,560 Front St W,1123,M5V,Condominium,10,Spadina-Fort York
1158234,STR-2205-HRZPHL,78 Ashdale Ave,,M4L,Single/Semi-detached House,14,Toronto-Danforth
1158235,STR-2205-HZGPHM,83 Elm Ave,309,M4W,Apartment,11,University-Rosedale
1158236,STR-2205-FFRBHB,81 Erie St,,M6L,Single/Semi-detached House,5,York South-Weston
1158237,STR-2205-FMXBHC,12 Sarnia Ave,LOWER,M6P,Single/Semi-detached House,9,Davenport
1158238,STR-2205-FWDBHD,101 Peter St,1117,M5V,Condominium,10,Spadina-Fort York
1158239,STR-2205-GDKBHF,87 Dunelm St,,M1J,Single/Semi-detached House,24,Scarborough-Guildwood
1158240,STR-2205-GLRBHG,14 Bingley Rd,,M1X,Single/Semi-detached House,25,Scarborough-Rouge Park
1158241,STR-2205-HCDBHJ,15 Chatfield Dr,,M3B,Single/Semi-detached House,16,Don Valley East
1158242,STR-2205-HSRBHL,12 York St,4005,M5J,Condominium,10,Spadina-Fort York
1158243,STR-2205-GMGPHG,2101 Islington Ave,2102,M9P,Apartment,1,Etobicoke North
1158244,STR-2205-JBMPHM,41 Glenmount Park Rd,,M4E,Single/Semi-detached House,19,Beaches-East York
1158245,STR-2205-FQDBHC,197 Yonge St,5502,M5B,Condominium,13,Toronto Centre
1158246,STR-2205-FQTPHC,258 Ontario St,Upper,M5A,Townhouse/ Row House,13,Toronto Centre
1158247,STR-2205-FXZPHD,270 Wellington St W,306,M5V,Condominium,10,Spadina-Fort York
1158248,STR-2205-GGGPHF,100 Tyndall Ave,306,M6K,Apartment,4,Parkdale-High Park
1158249,STR-2205-GPMPHG,49 Jersey Ave,Lower,M6G,Duplex/Triplex/Fourplex,11,University-Rosedale
1158250,STR-2205-HDZPHJ,19 Indian Grv,Main Floor,M6R,Single/Semi-detached House,4,Parkdale-High Park
1158251,STR-2205-FJDBHB,151 Rhodes Ave,,M4L,Single/Semi-detached House,14,Toronto-Danforth
1158252,STR-2205-FYRBHD,14 York St,5706,M5J,Condominium,10,Spadina-Fort York
1158253,STR-2205-GGXBHF,155 Yorkville Ave,1211,M5R,Condominium,11,University-Rosedale
1158254,STR-2205-GQDBHG,278 Betty Ann Dr,,M2R,Single/Semi-detached House,18,Willowdale
1158255,STR-2205-GXKBHH,17 Maple Grove Ave,,M6K,Single/Semi-detached House,4,Parkdale-High Park
1158256,STR-2205-FSRBHC,332 Willowdale Ave,,M2N,Single/Semi-detached House,18,Willowdale
1158257,STR-2205-FZXBHD,151 Dan Leckie Way,651,M5V,Condominium,10,Spadina-Fort York
1158258,STR-2205-GRKBHG,70 William Durie Way,,M2R,Single/Semi-detached House,18,Willowdale
1158259,STR-2205-GYRBHH,41 Don Valley Dr,,M4K,Single/Semi-detached House,14,Toronto-Danforth
1158260,STR-2205-FPDDVC,116 William Duncan  Rd,,M3K,Townhouse/ Row House,6,York Centre
1158261,STR-2205-HXKBHL,155 Yorkville Ave,614,M5R,Condominium,11,University-Rosedale
1158262,STR-2205-JFRBHM,693 Queen St W,3,M6J,Apartment,10,Spadina-Fort York
1158263,STR-2205-FKZPHB,54 Fenwick Ave,,M4K,Single/Semi-detached House,14,Toronto-Danforth
1158264,STR-2205-JGGPHM,41 Sunnylea Ave W,,M8Y,Single/Semi-detached House,3,Etobicoke-Lakeshore
1158265,STR-2205-GCDBHD,560 Front St W,1018,M5V,Condominium,10,Spadina-Fort York
1158266,STR-2205-GSRBHG,501 St Clair Ave W,1302,M5P,Condominium,12,Toronto-St. Paul's
1158267,STR-2205-HRKBHK,284 Sherbourne St,2,M5A,Townhouse/ Row House,13,Toronto Centre
1158268,STR-2205-HYRBHL,17 Bromley Cres,,M9A,Single/Semi-detached House,2,Etobicoke Centre
1158269,STR-2205-JGXBHM,560 Front St W,1131,M5V,Condominium,10,Spadina-Fort York
1158270,STR-2205-FMHVHC,1005 King St W,224,M6K,Condominium,10,Spadina-Fort York
1158271,STR-2205-FVPVHD,332 Kennedy Ave,,M6P,Single/Semi-detached House,4,Parkdale-High Park
1158272,STR-2205-GTHVHH,209 Fort York Blvd,385,M5V,Condominium,10,Spadina-Fort York
1158273,STR-2205-HBPVHJ,219 Fort York Blvd,2410,M5V,Condominium,10,Spadina-Fort York
1158274,STR-2205-HSBVHL,151 Dan Leckie Way,603,M5V,Apartment,10,Spadina-Fort York
1158275,STR-2205-HZHVHM,418 Brookdale Ave,,M5M,Single/Semi-detached House,8,Eglinton-Lawrence
1158276,STR-2205-FWFHHD,42 Crossbow Cres,BSMT,M2J,Single/Semi-detached House,17,Don Valley North
1158277,STR-2205-GTYHHH,14 York St,6006,M5J,Condominium,10,Spadina-Fort York
1158278,STR-2205-HCFHHJ,9 First Ave,,M4M,Single/Semi-detached House,14,Toronto-Danforth
1158279,STR-2205-HZYHHM,2221 Yonge St,1908,M4S,Condominium,12,Toronto-St. Paul's
1158280,STR-2205-GMHVHG,71 Twenty Sixth St,,M8V,Single/Semi-detached House,3,Etobicoke-Lakeshore
1158281,STR-2205-GVPVHH,185 Deloraine Ave,,M5M,Single/Semi-detached House,8,Eglinton-Lawrence
1158282,STR-2205-HLBVHK,21 Iceboat Ter,1802,M5V,Condominium,10,Spadina-Fort York
1158283,STR-2205-JBPVHM,155 Yorkville Ave,507,M5R,Condominium,11,University-Rosedale
1158284,STR-2205-GMYHHG,27 Old Orchard Grv,,M5M,Single/Semi-detached House,8,Eglinton-Lawrence
1158285,STR-2205-JCFHHM,300 Seaton St,1,M5A,Duplex/Triplex/Fourplex,13,Toronto Centre
1158286,STR-2205-FQVVHC,116 George St,N1006,M5A,Condominium,13,Toronto Centre
1158287,STR-2205-FYBVHD,26 Myrtle Ave,,M4M,Single/Semi-detached House,14,Toronto-Danforth
1158288,STR-2205-GGHVHF,210 Victoria St,2402,M5B,Condominium,13,Toronto Centre
1158289,STR-2205-HMHVHK,111 Hiscock Blvd,,M1G,Single/Semi-detached House,24,Scarborough-Guildwood
1158290,STR-2205-HVPVHL,73 Richmond St W,L05,M5H,Condominium,10,Spadina-Fort York
1158291,STR-2205-FYSHHD,74 Pembroke St,A,M5A,Single/Semi-detached House,13,Toronto Centre
1158292,STR-2205-GQFHHG,300 Front St W,810,M5V,Condominium,10,Spadina-Fort York
1158293,STR-2205-HFSHHJ,10 Mendelssohn St,205,M1L,Condominium,20,Scarborough Southwest
1158294,STR-2205-HWFHHL,18 Yonge St,714,M5E,Condominium,10,Spadina-Fort York
1158295,STR-2205-JDLHHM,154 Jones Ave,Lower Unit,M4M,Single/Semi-detached House,14,Toronto-Danforth
1158296,STR-2205-FZHVHD,160 Howard Park Ave,1A,M6R,Apartment,4,Parkdale-High Park
1158297,STR-2205-HGHVHJ,138 Roywood Dr,,M3A,Single/Semi-detached House,16,Don Valley East
1158298,STR-2205-HWVVHL,2837 Yonge St,406,M4N,Apartment,15,Don Valley West
1158299,STR-2205-HGYHHJ,60 Annette St,,M6P,Townhouse/ Row House,4,Parkdale-High Park
1158300,STR-2205-HQFHHK,33 Riverlea Dr,Upper Unit,M9P,Single/Semi-detached House,2,Etobicoke Centre
1158301,STR-2205-JFSHHM,434 Dundas St W,3A,M5T,Apartment,11,University-Rosedale
1158302,STR-2205-FLBVHB,12 York St,3810,M5J,Condominium,10,Spadina-Fort York
1158303,STR-2205-GJVVHF,53 Fieldwood Dr,,M1V,Single/Semi-detached House,23,Scarborough North
1158304,STR-2205-HHPVHJ,101 Peter St,1102,M5V,Condominium,10,Spadina-Fort York
1158305,STR-2205-HQVVHK,88 Carr St,29,M5T,Condominium,10,Spadina-Fort York
1158306,STR-2205-HYBVHL,117 Twenty Fourth St,,M8V,Single/Semi-detached House,3,Etobicoke-Lakeshore
1158307,STR-2205-GKLHHF,13 Mulberry Cres,,M6C,Single/Semi-detached House,12,Toronto-St. Paul's
1158308,STR-2205-GSSHHG,215 Fort York Blvd,316,M5V,Condominium,10,Spadina-Fort York
1158309,STR-2205-GZYHHH,231 Fort York Blvd,922,M5V,Condominium,10,Spadina-Fort York
1158310,STR-2205-HJFHHJ,77 Browning Ave,,M4K,Single/Semi-detached House,14,Toronto-Danforth
1158311,STR-2205-FMKBHC,55 Bremner Blvd,2307,M5J,Condominium,10,Spadina-Fort York
1158312,STR-2205-FVRBHD,38 Grenville St,3904,M4Y,Condominium,13,Toronto Centre
1158313,STR-2205-HBRBHJ,155 Yorkville Ave,918,M5R,Condominium,11,University-Rosedale
1158314,STR-2205-FFTPHB,300 Front St W,604,M5V,Condominium,10,Spadina-Fort York
1158315,STR-2205-HCGPHJ,7 Park Blvd,,M8W,Single/Semi-detached House,3,Etobicoke-Lakeshore
1158316,STR-2205-HKMPHK,560 Front St W,210,M5V,Condominium,10,Spadina-Fort York
1158317,STR-2205-HSTPHL,5 Adelaide Pl,,M5V,Townhouse/ Row House,10,Spadina-Fort York
1158318,STR-2205-FGKBHB,38 Grenville St,3410,M4Y,Condominium,13,Toronto Centre
1158319,STR-2205-FWXBHD,140 Broadview Ave,46,M4M,Townhouse/ Row House,14,Toronto-Danforth
1158320,STR-2205-GVRBHH,679 Mortimer Ave,,M4C,Single/Semi-detached House,19,Beaches-East York
1158321,STR-2205-HLDBHK,148 Old Sheppard Ave,,M2J,Single/Semi-detached House,17,Don Valley North
1158322,STR-2205-JBRBHM,14 York St,4408,M5J,Condominium,10,Spadina-Fort York
1158323,STR-2205-GFTPHF,47 Lewis St,2,M4M,Single/Semi-detached House,14,Toronto-Danforth
1158324,STR-2205-HLTPHK,5 Greystone Walk Dr,515,M1K,Condominium,20,Scarborough Southwest
1158325,STR-2205-GGKBHF,6 Glen Muir Dr,,M1M,Single/Semi-detached House,20,Scarborough Southwest
1158326,STR-2205-GPRBHG,707 Mortimer Ave,,M4C,Single/Semi-detached House,19,Beaches-East York
1158327,STR-2205-HFDBHJ,1676 St Clair Ave W,,M6N,Apartment,9,Davenport
1158328,STR-2205-JCXBHM,145 St George St,1201,M5R,Apartment,11,University-Rosedale
1158329,STR-2205-FJGPHB,52 Perth Ave,,M6R,Townhouse/ Row House,9,Davenport
1158330,STR-2205-GXMPHH,71 Niagara St,Upper Unit,M5V,Townhouse/ Row House,10,Spadina-Fort York
1158331,STR-2205-HWGPHL,209 Fort York Blvd,1557,M5V,Condominium,10,Spadina-Fort York
1158332,STR-2205-FJXBHB,15 Deerford Rd,,M2J,Single/Semi-detached House,17,Don Valley North
1158333,STR-2205-GQXBHG,2121 Bathurst St,909,M5N,Apartment,8,Eglinton-Lawrence
1158334,STR-2205-GYDBHH,19 Riverton Dr,,M9L,Single/Semi-detached House,7,Humber River-Black Creek
1158335,STR-2205-HGKBHJ,78 Harrison Garden Blvd,1008,M2N,Condominium,18,Willowdale
1158336,STR-2205-HPRBHK,129 Shanly St,,M6H,Single/Semi-detached House,9,Davenport
1158337,STR-2205-JFDBHM,52 Kenneth Ave,Apt 2,M6P,Duplex/Triplex/Fourplex,4,Parkdale-High Park
1158338,STR-2205-FZZPHD,560 Front St W,432,M5V,Condominium,10,Spadina-Fort York
1158339,STR-2205-GYTPHH,313 Richmond St E,770,M5A,Condominium,13,Toronto Centre
1158340,STR-2205-HGZPHJ,361 The West Mall,102,M9C,Apartment,2,Etobicoke Centre
1158341,STR-2205-HQGPHK,21 Westminster Ave,,M6R,Townhouse/ Row House,4,Parkdale-High Park
1158342,STR-2205-HXMPHL,899 Lansdowne Ave,,M6H,Single/Semi-detached House,9,Davenport
1158343,STR-2205-JFTPHM,41 Creekbank Rd,Upper,M6L,Townhouse/ Row House,5,York South-Weston
1158344,STR-2205-GBRBHD,17 Farmstead Rd,503,M2L,Apartment,15,Don Valley West
1158345,STR-2205-GKMPHF,78 King Edward Ave,,M4C,Single/Semi-detached House,19,Beaches-East York
1158346,STR-2205-GSTPHG,68 Fernalroy Blvd,,M8Z,Single/Semi-detached House,3,Etobicoke-Lakeshore
1158347,STR-2205-HYTPHL,10 Capreol Crt,917,M5V,Condominium,10,Spadina-Fort York
1158348,STR-2205-JGZPHM,38 Veerland Dr,,M6L,Single/Semi-detached House,5,York South-Weston
1158349,STR-2205-FVSKVD,88 Blue Jays Way,1213,M5V,Condominium,10,Spadina-Fort York
1158350,STR-2205-GTLKVH,112 Wesley St,,M8Y,Single/Semi-detached House,3,Etobicoke-Lakeshore
1158351,STR-2205-FPBXVC,228 Hollywood Ave,,M2N,Single/Semi-detached House,18,Willowdale
1158352,STR-2205-HKPXVK,1355 Neilson Rd,93,M1B,Townhouse/ Row House,25,Scarborough-Rouge Park
1158353,STR-2205-FGLKVB,44 Tefley Rd,,M2M,Single/Semi-detached House,18,Willowdale
1158354,STR-2205-FPSKVC,80 Ferrier Ave,,M4K,Single/Semi-detached House,14,Toronto-Danforth
1158355,STR-2205-HLFKVK,12 York St,3511,M5J,Condominium,10,Spadina-Fort York
1158356,STR-2205-FQHXVC,155 Yorkville Ave,2803,M5R,Condominium,11,University-Rosedale
1158357,STR-2205-FXPXVD,1063 Davenport Rd,Main Floor,M6G,Single/Semi-detached House,12,Toronto-St. Paul's
1158358,STR-2205-GPBXVG,42 Western Battery Rd,701,M6K,Apartment,10,Spadina-Fort York
1158359,STR-2205-HVBXVL,627 Glebeholme Blvd,,M4C,Single/Semi-detached House,19,Beaches-East York
1158360,STR-2205-JCHXVM,477 Richmond St W,904,M5V,Apartment,10,Spadina-Fort York
1158361,STR-2205-FQYKVC,2 King Edward Ave,,M4C,Single/Semi-detached House,19,Beaches-East York
1158362,STR-2205-GPSKVG,24 Leith Hill Rd,809,M2J,Apartment,17,Don Valley North
1158363,STR-2205-HFFKVJ,560 Balliol St,,M4S,Single/Semi-detached House,15,Don Valley West
1158364,STR-2205-HMLKVK,300 Eglinton Ave E,407,M4P,Apartment,15,Don Valley West
1158365,STR-2205-JCYKVM,666 Ontario St,906,M4X,Apartment,13,Toronto Centre
1158366,STR-2205-FJHXVB,123 Boultbee Ave,,M4J,Single/Semi-detached House,14,Toronto-Danforth
1158367,STR-2205-FRPXVC,280 Drewry Ave,BSMT,M2M,Single/Semi-detached House,18,Willowdale
1158368,STR-2205-FYVXVD,33 Aura Lea Blvd,,M9M,Single/Semi-detached House,7,Humber River-Black Creek
1158369,STR-2205-GQHXVG,263 Berkeley St,,M5A,Single/Semi-detached House,13,Toronto Centre
1158370,STR-2205-FJYKVB,13 Caroline Carpenter Grv,,M3K,Townhouse/ Row House,6,York Centre
1158371,STR-2205-GQYKVG,300 Front St W,3605,M5V,Condominium,10,Spadina-Fort York
1158372,STR-2205-HPSKVK,300 Front St W,2214,M5V,Condominium,10,Spadina-Fort York
1158373,STR-2205-HWYKVL,210 Victoria St,2703,M5B,Condominium,13,Toronto Centre
1158374,STR-2205-FSVXVC,11A St Andrews Blvd,,M9R,Single/Semi-detached House,1,Etobicoke North
1158375,STR-2205-GRPXVG,49 Waverley Rd,Upper,M4L,Townhouse/ Row House,19,Beaches-East York
1158376,STR-2205-HHBXVJ,181 Bedford Rd,704,M5R,Condominium,11,University-Rosedale
1158377,STR-2205-HXPXVL,140 Canon Jackson Dr,209,M6M,Townhouse/ Row House,5,York South-Weston
1158378,STR-2205-FTLKVC,215 Fort York Blvd,2012,M5V,Condominium,10,Spadina-Fort York
1158379,STR-2205-GBSKVD,38 The Esplanade,1407,M5E,Condominium,13,Toronto Centre
1158380,STR-2205-GJYKVF,25 Overbank Cres,,M3A,Single/Semi-detached House,16,Don Valley East
1158381,STR-2205-HQYKVK,135 Bathurst St,2,M5V,Duplex/Triplex/Fourplex,10,Spadina-Fort York
1158382,STR-2205-HYFKVL,1 Allanhurst Dr,,M9A,Single/Semi-detached House,2,Etobicoke Centre
1158383,STR-2205-JGLKVM,25 Westminster Ave,,M6R,Single/Semi-detached House,4,Parkdale-High Park
1158384,STR-2205-FLXDVC,11 Givins St,,M6J,Single/Semi-detached House,10,Spadina-Fort York
1158385,STR-2205-GKRDVG,101 Peter St,1203,M5V,Condominium,10,Spadina-Fort York
1158386,STR-2205-GSXDVH,12 York St,3407,M5J,Condominium,10,Spadina-Fort York
1158387,STR-2205-HJKDVK,289 Queen St E,Upper,M5A,Townhouse/ Row House,13,Toronto Centre
1158388,STR-2205-HRRDVL,513 Milverton Blvd,,M4C,Single/Semi-detached House,19,Beaches-East York
1158389,STR-2205-FVTRVD,105 George St,1614,M5A,Condominium,13,Toronto Centre
1158390,STR-2205-GLGRVG,210 Victoria St,3207,M5B,Condominium,13,Toronto Centre
1158391,STR-2205-HJZRVK,101 Peter St,3903,M5V,Condominium,10,Spadina-Fort York
1158392,STR-2205-HSGRVL,476 King St E,,M5A,Single/Semi-detached House,13,Toronto Centre
1158393,STR-2205-FFXDVB,1372 Queen St W,1,M6K,Apartment,4,Parkdale-High Park
1158394,STR-2205-GDRDVF,22 Galley Ave,Upper,M6R,Single/Semi-detached House,4,Parkdale-High Park
1158395,STR-2205-GVDDVH,22 Galley Ave,Garden,M6R,Single/Semi-detached House,4,Parkdale-High Park
1158396,STR-2205-HKRDVK,39 Langford Ave,lower,M4J,Single/Semi-detached House,14,Toronto-Danforth
1158397,STR-2205-JBDDVM,1223 College St,A,M6H,Single/Semi-detached House,9,Davenport
1158398,STR-2205-FGMRVB,24 Rose Valley Cres,,M6N,Single/Semi-detached House,5,York South-Weston
1158399,STR-2205-FPTRVC,72 Craigmore Cres,,M2N,Single/Semi-detached House,18,Willowdale
1158400,STR-2205-FWZRVD,970 Bathurst St,2,M5R,Apartment,11,University-Rosedale
1158401,STR-2205-GMMRVG,138 St Helen's Ave,611,M6H,Condominium,9,Davenport
1158402,STR-2205-GVTRVH,51 Bowie Ave,,M6E,Single/Semi-detached House,8,Eglinton-Lawrence
1158403,STR-2205-HTMRVL,45 Sloane Ave,,M4A,Townhouse/ Row House,16,Don Valley East
1158404,STR-2206-FHDDVB,82 Muriel Ave,,M4J,Single/Semi-detached House,14,Toronto-Danforth
1158405,STR-2206-FQKDVC,423 Ossington Ave,,M6J,Townhouse/ Row House,11,University-Rosedale
1158406,STR-2206-GPDDVG,629 Duplex Ave,,M4R,Single/Semi-detached House,8,Eglinton-Lawrence
1158407,STR-2206-GWKDVH,219 Fort York Blvd,1109,M5V,Condominium,10,Spadina-Fort York
1158408,STR-2206-JCKDVM,126 Bannockburn Ave,,M5M,Single/Semi-detached House,8,Eglinton-Lawrence
1158409,STR-2206-FQZRVC,47 Gledhill Ave,,M4C,Single/Semi-detached House,19,Beaches-East York
1158410,STR-2206-FYGRVD,185 Bonis Ave,1115,M1T,Condominium,22,Scarborough-Agincourt
1158411,STR-2206-GGMRVF,64 Millicent St,1,M6H,Single/Semi-detached House,9,Davenport
1158412,STR-2206-GPTRVG,246 Torrens Ave,,M4J,Single/Semi-detached House,14,Toronto-Danforth
1158413,STR-2206-HFGRVJ,78 Kimberley Ave,,M4E,Duplex/Triplex/Fourplex,19,Beaches-East York
1158414,STR-2206-HVTRVL,8 Bank St,,M6K,Single/Semi-detached House,9,Davenport
1158415,STR-2206-GHDDVF,21 Iceboat Ter,4009,M5V,Condominium,10,Spadina-Fort York
1158416,STR-2206-GQKDVG,1074A St Clair Ave W,1,M6E,Apartment,9,Davenport
1158417,STR-2206-HFXDVJ,300 Front St W,1910,M5V,Condominium,10,Spadina-Fort York
1158418,STR-2206-HPDDVK,50 George Butchart Dr,211,M3K,Condominium,6,York Centre
1158419,STR-2206-HHVXVJ,88 Bellamy Rd S,,M1M,Single/Semi-detached House,20,Scarborough Southwest
1158420,STR-2206-HPTRVK,195 Redpath Ave,1209,M4P,Condominium,12,Toronto-St. Paul's
1158421,STR-2206-HWZRVL,251 Jarvis St,217,M5B,Condominium,13,Toronto Centre
1158422,STR-2206-HHDDVJ,54 Applefield Dr,,M1P,Single/Semi-detached House,21,Scarborough Centre
1158423,STR-2206-GJZRVF,90 Power St,Apt 1,M5A,Duplex/Triplex/Fourplex,13,Toronto Centre
1158424,STR-2206-HQZRVK,65 Gledhill Ave,,M4C,Single/Semi-detached House,19,Beaches-East York
1158425,STR-2206-JGMRVM,181 Huron St,UPH03,M5T,Condominium,11,University-Rosedale
1158426,STR-2206-FDSKVB,14 York St,4703,M5J,Condominium,10,Spadina-Fort York
1158427,STR-2206-HBFKVJ,19 Mulholland Ave,,M6A,Single/Semi-detached House,8,Eglinton-Lawrence
1158428,STR-2206-HJLKVK,199 The Westway,,M9R,Single/Semi-detached House,2,Etobicoke Centre
1158429,STR-2206-HRSKVL,14 York St,2909,M5J,Condominium,10,Spadina-Fort York
1158430,STR-2206-HYYKVM,3 Caines Ave,,M2M,Single/Semi-detached House,18,Willowdale
1158431,STR-2206-HZPXVM,38 Columbine Ave,,M4L,Single/Semi-detached House,19,Beaches-East York
1158432,STR-2206-GDSKVF,206 Drewry Ave,,M2M,Single/Semi-detached House,18,Willowdale
1158433,STR-2206-FXBXVD,369 Shaw St,,M6J,Single/Semi-detached House,11,University-Rosedale
1158434,STR-2206-GFHXVF,151 Dan Leckie Way,1039,M5V,Condominium,10,Spadina-Fort York
1158435,STR-2206-HDBXVJ,3 Concord Ave,,M6H,Townhouse/ Row House,9,Davenport
1158436,STR-2206-HTPXVL,50 South Kingsway,,M6S,Single/Semi-detached House,4,Parkdale-High Park
1158437,STR-2206-JBVXVM,69 Hewitt Ave,,M6R,Single/Semi-detached House,4,Parkdale-High Park
1158438,STR-2206-FQLKVC,23 1/2 Camden St,2,M5V,Apartment,10,Spadina-Fort York
1158439,STR-2206-GFYKVF,12 York St,1802,M5J,Condominium,10,Spadina-Fort York
1158440,STR-2206-GPFKVG,70 Devondale Ave,,M2R,Single/Semi-detached House,18,Willowdale
1158441,STR-2206-HVVXVL,219 Finch Ave E,,M2N,Duplex/Triplex/Fourplex,18,Willowdale
1158442,STR-2206-HPFKVK,50 Chelsea Ave,1,M6P,Single/Semi-detached House,4,Parkdale-High Park
1158443,STR-2206-FKBXVB,26 Ridley Gdns,,M6R,Single/Semi-detached House,4,Parkdale-High Park
1158444,STR-2206-FSHXVC,4 Moorefield Dr,,M1C,Single/Semi-detached House,25,Scarborough-Rouge Park
1158445,STR-2206-HPVXVK,251 Jarvis St,825,M5B,Condominium,13,Toronto Centre
1158446,STR-2206-HXBXVL,112 George St,706,M5A,Condominium,13,Toronto Centre
1158447,STR-2206-FSYKVC,55 Glen Everest Rd,,M1N,Single/Semi-detached House,20,Scarborough Southwest
1158448,STR-2206-GJLKVF,30 Baseball Pl,927,M4M,Condominium,14,Toronto-Danforth
1158449,STR-2206-HXSKVL,41 Dundonald St,203,M4Y,Apartment,13,Toronto Centre
1158450,STR-2206-JFYKVM,12 St Dennis Dr,215,M3C,Apartment,16,Don Valley East
1158451,STR-2206-FLHXVB,1 Forty Second St,,M8W,Single/Semi-detached House,3,Etobicoke-Lakeshore
1158452,STR-2206-FTPXVC,23 Old Mill Ter,,M8X,Single/Semi-detached House,3,Etobicoke-Lakeshore
1158453,STR-2206-GSHXVG,1 Crewe Ave,,M4C,Single/Semi-detached House,19,Beaches-East York
1158454,STR-2206-GZPXVH,39 Barksdale Ave,,M3H,Single/Semi-detached House,6,York Centre
1158455,STR-2206-HRBXVK,176 Indian Grv,2,M6P,Duplex/Triplex/Fourplex,4,Parkdale-High Park
1158456,STR-2206-HYHXVL,56 Victory Dr,,M3M,Single/Semi-detached House,6,York Centre
1158457,STR-2206-HRTRVL,231 Fort York Blvd,2509,M5V,Condominium,10,Spadina-Fort York
1158458,STR-2206-HYZRVM,220 Rosemount Ave,,M6H,Single/Semi-detached House,9,Davenport
1158459,STR-2206-FFKDVB,155 Yorkville Ave,3017,M5R,Condominium,11,University-Rosedale
1158460,STR-2206-FMRDVC,266 Dovercourt Rd,Main/Lower,M6J,Duplex/Triplex/Fourplex,9,Davenport
1158461,STR-2206-FVXDVD,38 Whittaker Cres,,M2K,Single/Semi-detached House,17,Don Valley North
1158462,STR-2206-GLKDVG,14 York St,3310,M5J,Condominium,10,Spadina-Fort York
1158463,STR-2206-HKDDVK,2 Federal St,2,M6J,Single/Semi-detached House,9,Davenport
1158464,STR-2206-HSKDVL,562 Ontario St,,M4X,Townhouse/ Row House,13,Toronto Centre
1158465,STR-2206-HZRDVM,27 Bathurst St,1606,M5V,Condominium,10,Spadina-Fort York
1158466,STR-2206-GLZRVG,107 Prescott Ave,,M6N,Single/Semi-detached House,9,Davenport
1158467,STR-2206-GVGRVH,209 Fort York Blvd,381,M5V,Condominium,10,Spadina-Fort York
1158468,STR-2206-FGRDVB,80 Orchid Place Dr,202,M1B,Condominium,23,Scarborough North
1158469,STR-2206-FPXDVC,8 MacKenzie Cres,1,M6J,Single/Semi-detached House,9,Davenport
1158470,STR-2206-GFKDVF,50 Chelsea Ave,2,M6P,Single/Semi-detached House,4,Parkdale-High Park
1158471,STR-2206-HLKDVK,292 Gladstone Ave,,M6J,Single/Semi-detached House,9,Davenport
1158472,STR-2206-JBXDVM,361 Front St W,3012,M5V,Condominium,10,Spadina-Fort York
1158473,STR-2206-FHGRVB,33 Shore Breeze Dr,1204,M8V,Condominium,3,Etobicoke-Lakeshore
1158474,STR-2206-GPGRVG,58 Dan Leckie Way,TH03,M5V,Townhouse/ Row House,10,Spadina-Fort York
1158475,STR-2206-JCMRVM,20 John St,524,M5V,Condominium,10,Spadina-Fort York
1158476,STR-2206-FHXDVB,155 Yorkville Ave,813,M5R,Condominium,11,University-Rosedale
1158477,STR-2206-FRDDVC,268 Ashdale Ave,,M4L,Single/Semi-detached House,14,Toronto-Danforth
1158478,STR-2206-GPXDVG,53 Pearson Ave,,M6R,Single/Semi-detached House,4,Parkdale-High Park
1158479,STR-2206-HFKDVJ,65 Bremner Blvd,4105,M5J,Condominium,10,Spadina-Fort York
1158480,STR-2206-JDDDVM,215 Fort York Blvd,1411,M5V,Condominium,10,Spadina-Fort York
1158481,STR-2206-FJMRVB,165 Legion Rd N,3022,M8Y,Condominium,3,Etobicoke-Lakeshore
1158482,STR-2206-FRTRVC,10 Wychwood Pk,,M6G,Single/Semi-detached House,12,Toronto-St. Paul's
1158483,STR-2206-FYZRVD,105 George St,1013,M5A,Condominium,13,Toronto Centre
1158484,STR-2206-GHGRVF,238 River St,,M5A,Townhouse/ Row House,13,Toronto Centre
1158485,STR-2206-GXTRVH,292 Carlton St,,M5A,Single/Semi-detached House,13,Toronto Centre
1158486,STR-2206-HGRDVJ,65 Lillian St,617,M4S,Apartment,12,Toronto-St. Paul's
1158487,STR-2206-HPXDVK,80 Western Battery Rd,608,M6K,Condominium,10,Spadina-Fort York
1158488,STR-2206-HXDDVL,10 Park Lawn Rd,4005,M8V,Condominium,3,Etobicoke-Lakeshore
1158489,STR-2206-FKTRVB,337 Bain Ave,,M4J,Single/Semi-detached House,14,Toronto-Danforth
1158490,STR-2206-FSZRVC,50 Mould Ave,,M6N,Single/Semi-detached House,5,York South-Weston
1158491,STR-2206-GRTRVG,20 Prince Arthur Ave,10E,M5R,Apartment,11,University-Rosedale
1158492,STR-2206-HHGRVJ,77 Howard St,2209,M4X,Apartment,13,Toronto Centre
1158493,STR-2206-HXTRVL,300 Front St W,1702,M5V,Condominium,10,Spadina-Fort York
1158494,STR-2206-JFZRVM,60 Pebblehill Sq,,M1S,Single/Semi-detached House,23,Scarborough North
1158495,STR-2206-FLKDVB,635 Ossington Ave,1,M6G,Duplex/Triplex/Fourplex,11,University-Rosedale
1158496,STR-2206-GZRDVH,664 Gladstone Ave,2,M6H,Single/Semi-detached House,9,Davenport
1158497,STR-2206-FDVXVB,409 Mortimer Ave,,M4J,Single/Semi-detached House,14,Toronto-Danforth
1158498,STR-2206-GCPXVF,118 Wheeler Ave,,M4L,Single/Semi-detached House,19,Beaches-East York
1158499,STR-2206-GKVXVG,14 York St,6201,M5J,Condominium,10,Spadina-Fort York
1158500,STR-2206-HBHXVJ,497 Northcliffe Blvd,,M6E,Single/Semi-detached House,12,Toronto-St. Paul's
1158501,STR-2206-HJPXVK,99 John St,3906,M5V,Condominium,10,Spadina-Fort York
1158502,STR-2206-HRVXVL,30 Westwood Ave,,M4K,Single/Semi-detached House,14,Toronto-Danforth
1158503,STR-2206-HZBXVM,2 Eva Rd,1022,M9C,Condominium,2,Etobicoke Centre
1158504,STR-2206-FFLKVB,200 Victoria St,1407,M5B,Condominium,13,Toronto Centre
1158505,STR-2206-FMSKVC,14 York St,3005,M5J,Condominium,10,Spadina-Fort York
1158506,STR-2206-GLLKVG,151 Dan Leckie Way,1058,M5V,Condominium,10,Spadina-Fort York
1158507,STR-2206-FGBXVB,585 Bloor St E,618,M4W,Condominium,13,Toronto Centre
1158508,STR-2206-FPHXVC,500 Doris Ave,621,M2N,Condominium,18,Willowdale
1158509,STR-2206-GVHXVH,48 Fulwell Cres,,M3J,Single/Semi-detached House,7,Humber River-Black Creek
1158510,STR-2206-HCPXVJ,55 Wilkes Cres,Upper,M1L,Townhouse/ Row House,20,Scarborough Southwest
1158511,STR-2206-FGSKVB,55 Bremner Blvd,3407,M5J,Condominium,10,Spadina-Fort York
1158512,STR-2206-FPYKVC,42 Dayton Ave,Basement,M8Z,Single/Semi-detached House,3,Etobicoke-Lakeshore
1158513,STR-2206-GMSKVG,20 Kidbrooke Cres,,M1M,Single/Semi-detached House,20,Scarborough Southwest
1158514,STR-2206-JBYKVM,83 Glen Watford Dr,,M1S,Single/Semi-detached House,23,Scarborough North
1158515,STR-2206-FHHXVB,365 Murray Ross Pkwy,17,M3J,Townhouse/ Row House,7,Humber River-Black Creek
1158516,STR-2206-FXVXVD,300 Front St W,2205,M5V,Condominium,10,Spadina-Fort York
1158517,STR-2206-GWPXVH,413 Cook Rd,,M3J,Single/Semi-detached House,7,Humber River-Black Creek
1158518,STR-2206-JCPXVM,14 York St,312,M5J,Condominium,10,Spadina-Fort York
1158519,STR-2206-FHYKVB,832 Bay St,5010,M5S,Condominium,11,University-Rosedale
1158520,STR-2206-FRFKVC,21 Iceboat Ter,3101,M5V,Condominium,10,Spadina-Fort York
1158521,STR-2206-FYLKVD,28 Yorkdale Cres,,M9M,Single/Semi-detached House,7,Humber River-Black Creek
1158522,STR-2206-GGSKVF,219 Fort York Blvd,2710,M5V,Condominium,10,Spadina-Fort York
1158523,STR-2206-GPYKVG,494 Northcliffe Blvd,BSMT,M6E,Single/Semi-detached House,12,Toronto-St. Paul's
1158524,STR-2206-HMSKVK,270 Beatrice St,3,M6G,Apartment,11,University-Rosedale
1158525,STR-2206-FJPXVB,14 Fifteenth St,,M8V,Single/Semi-detached House,3,Etobicoke-Lakeshore
1158526,STR-2206-FRVXVC,281 Livingston Rd,Upper,M1E,Duplex/Triplex/Fourplex,24,Scarborough-Guildwood
1158527,STR-2206-FZBXVD,158 Quebec Ave,2,M6P,Duplex/Triplex/Fourplex,4,Parkdale-High Park
1158528,STR-2206-GQPXVG,41 Wild Rose Gdns,Main,M6L,Single/Semi-detached House,5,York South-Weston
1158529,STR-2206-GXVXVH,12 York St,4908,M5J,Condominium,10,Spadina-Fort York
1158530,STR-2206-HWPXVL,157 Rosewell Ave,,M4R,Single/Semi-detached House,8,Eglinton-Lawrence
1158531,STR-2206-JDVXVM,56 Ford St,,M6N,Single/Semi-detached House,9,Davenport
1158532,STR-2206-FSLKVC,151 Avenue Rd,604,M5R,Condominium,11,University-Rosedale
1158533,STR-2206-GHYKVF,8 Charlotte St,1104,M5V,Condominium,10,Spadina-Fort York
1158534,STR-2206-GYLKVH,255 Snowdon Ave,,M4N,Single/Semi-detached House,15,Don Valley West
1158535,STR-2206-HGSKVJ,30 Vaudeville Dr,,M8W,Single/Semi-detached House,3,Etobicoke-Lakeshore
1158536,STR-2206-FKVXVB,32 Glenora Ave,,M6C,Single/Semi-detached House,12,Toronto-St. Paul's
1158537,STR-2206-FTBXVC,105 Dewhurst Blvd,,M4J,Single/Semi-detached House,14,Toronto-Danforth
1158538,STR-2206-GZBXVH,38 Joe Shuster Way,1320,M6K,Condominium,10,Spadina-Fort York
1158539,STR-2206-FLLKVB,598 Yonge St,C,M4Y,Apartment,13,Toronto Centre
1158540,STR-2206-FTSKVC,749 Gerrard St E,1,M4M,Townhouse/ Row House,14,Toronto-Danforth
1158541,STR-2206-GSLKVG,47 Grantbrook St,,M2R,Single/Semi-detached House,18,Willowdale
1158542,STR-2206-GZSKVH,492 Shaw St,,M6G,Townhouse/ Row House,11,University-Rosedale
1158543,STR-2206-HHYKVJ,21 Hilldale Rd,,M6N,Single/Semi-detached House,5,York South-Weston
1158544,STR-2206-GKXDVG,105 Isabella St,305,M4Y,Apartment,13,Toronto Centre
1158545,STR-2206-GTDDVH,1 Shaw St,LPH 18,M6K,Condominium,10,Spadina-Fort York
1158546,STR-2206-HZDDVM,466 Pape Ave,Basement,M4K,Duplex/Triplex/Fourplex,14,Toronto-Danforth
1158547,STR-2206-HBZRVJ,155 Yorkville Ave,1806,M5R,Condominium,11,University-Rosedale
1158548,STR-2206-FWRDVD,9 Selby St,Basement,M4Y,Single/Semi-detached House,13,Toronto Centre
1158549,STR-2206-GMDDVG,3 Iceboat Ter,G15,M5V,Condominium,10,Spadina-Fort York
1158550,STR-2206-FGTRVB,1100 Lansdowne Ave,A5,M6H,Townhouse/ Row House,9,Davenport
1158551,STR-2206-GFMRVF,31 Futura Dr,,M3N,Single/Semi-detached House,7,Humber River-Black Creek
1158552,STR-2206-GGDDVF,320 Euclid Ave,Main,M6J,Duplex/Triplex/Fourplex,11,University-Rosedale
1158553,STR-2206-GPKDVG,351 Manning Ave,1,M6J,Duplex/Triplex/Fourplex,11,University-Rosedale
1158554,STR-2206-HMDDVK,592 Church St,592 5,M4Y,Apartment,13,Toronto Centre
1158555,STR-2206-HVKDVL,757 Queen St E,,M4M,Apartment,14,Toronto-Danforth
1158556,STR-2206-JCRDVM,1158 College St,2,M6H,Duplex/Triplex/Fourplex,9,Davenport
1158557,STR-2206-FHZRVB,22 Wuthering Heights Rd,,M1C,Townhouse/ Row House,25,Scarborough-Rouge Park
1158558,STR-2206-FRGRVC,2 Anndale Dr,2901,M2N,Condominium,18,Willowdale
1158559,STR-2206-GGTRVF,68 Leroy Ave,,M4J,Single/Semi-detached House,14,Toronto-Danforth
1158560,STR-2206-HMTRVK,10 Sword St,3,M5A,Condominium,13,Toronto Centre
1158561,STR-2206-HVZRVL,19 Markham St,2,M6J,Duplex/Triplex/Fourplex,10,Spadina-Fort York
1158562,STR-2206-JDGRVM,777 Gerrard St E,,M4M,Townhouse/ Row House,14,Toronto-Danforth
1158563,STR-2206-FZDDVD,73 Gormley Ave,,M4V,Single/Semi-detached House,12,Toronto-St. Paul's
1158564,STR-2206-GXXDVH,15 Nora Rd,,M9A,Single/Semi-detached House,3,Etobicoke-Lakeshore
1158565,STR-2206-FKGRVB,300 Front St W,1014,M5V,Condominium,10,Spadina-Fort York
1158566,STR-2206-FSMRVC,222 Wychwood Ave,1,M6C,Duplex/Triplex/Fourplex,12,Toronto-St. Paul's
1158567,STR-2206-GRGRVG,90 Garthdale Crt,,M3H,Single/Semi-detached House,6,York Centre
1158568,STR-2206-GYMRVH,211 Nairn Ave,BSMT,M6E,Single/Semi-detached House,9,Davenport
1158569,STR-2206-HXGRVL,84 Sylvan Ave,,M1M,Single/Semi-detached House,24,Scarborough-Guildwood
1158570,STR-2206-GZDDVH,388 Yonge St,7210,M5B,Condominium,11,University-Rosedale
1158571,STR-2206-HQRDVK,152 Clinton St,1,M6G,Apartment,11,University-Rosedale
1158572,STR-2206-JGDDVM,250 Wellington St W,1628,M5V,Condominium,10,Spadina-Fort York
1158573,STR-2206-FLMRVB,8 Mc Gee St,,M4M,Townhouse/ Row House,14,Toronto-Danforth
1158574,STR-2206-GBZRVD,61 Dane Ave,,M6A,Single/Semi-detached House,8,Eglinton-Lawrence
1158575,STR-2206-GSMRVG,24 Wyndham St,,M6K,Single/Semi-detached House,9,Davenport
1158576,STR-2206-GZTRVH,140 Simcoe St,1209,M5H,Condominium,10,Spadina-Fort York
1158577,STR-2206-FDYKVB,19 Bournville Dr,,M1E,Single/Semi-detached House,24,Scarborough-Guildwood
1158578,STR-2206-GCSKVF,23 Kilbarry Rd,,M5P,Single/Semi-detached House,12,Toronto-St. Paul's
1158579,STR-2206-HJSKVK,270 Wellington St W,415,M5V,Condominium,10,Spadina-Fort York
1158580,STR-2206-FMVXVC,241 Emerson Ave,,M6H,Single/Semi-detached House,9,Davenport
1158581,STR-2206-HCBXVJ,501 Markham St,5,M6G,Duplex/Triplex/Fourplex,11,University-Rosedale
1158582,STR-2206-HZVXVM,45 Gillespie Ave,1,M6N,Duplex/Triplex/Fourplex,9,Davenport
1158583,STR-2206-FWSKVD,786 Crawford St,100,M6G,Duplex/Triplex/Fourplex,11,University-Rosedale
1158584,STR-2206-GMFKVG,56 Marchmount Rd,Upper,M6G,Single/Semi-detached House,12,Toronto-St. Paul's
1158585,STR-2206-HCSKVJ,832 Bay St,4306,M5S,Condominium,11,University-Rosedale
1158586,STR-2206-FQBXVC,80 Western Battery Rd,2308,M6K,Condominium,10,Spadina-Fort York
1158587,STR-2206-GMVXVG,86 Watson St,,M1C,Single/Semi-detached House,25,Scarborough-Rouge Park
1158588,STR-2206-FHLKVB,215 Fort York Blvd,517,M5V,Condominium,10,Spadina-Fort York
1158589,STR-2206-FQSKVC,1007 Ossington Ave,,M6G,Single/Semi-detached House,11,University-Rosedale
1158590,STR-2206-GGFKVF,60 Teignmouth Ave,,M6E,Single/Semi-detached House,9,Davenport
1158591,STR-2206-GPLKVG,116 George St,N305,M5A,Condominium,13,Toronto Centre
1158592,STR-2206-GWSKVH,114 Robina Ave,,M6C,Townhouse/ Row House,9,Davenport
1158593,STR-2206-HMFKVK,7 Lukow Ter,Upper,M6R,Single/Semi-detached House,4,Parkdale-High Park
1158594,STR-2206-JCSKVM,7 Mabelle Ave,304,M9A,Condominium,3,Etobicoke-Lakeshore
1158595,STR-2206-FYPXVD,955 Bay St,3506,M5S,Condominium,13,Toronto Centre
1158596,STR-2206-GQBXVG,54 Hamilton St,,M4M,Townhouse/ Row House,14,Toronto-Danforth
1158597,STR-2206-HWBXVL,151 Dan Leckie Way,2301,M5V,Condominium,10,Spadina-Fort York
1158598,STR-2206-GQSKVG,452 Lansdowne Ave,,M6H,Single/Semi-detached House,9,Davenport
1158599,STR-2206-GXYKVH,151 Dan Leckie Way,341,M5V,Condominium,10,Spadina-Fort York
1158600,STR-2206-HGFKVJ,46 Clydesdale Dr,,M2J,Single/Semi-detached House,17,Don Valley North
1158601,STR-2206-HPLKVK,27 Bathurst St,1903,M5V,Condominium,10,Spadina-Fort York
1158602,STR-2206-HWSKVL,58 Cuffley Cres S,,M3K,Single/Semi-detached House,6,York Centre
1158603,STR-2206-FKHXVB,47 Katie Crt,Main,M6L,Single/Semi-detached House,5,York South-Weston
1158604,STR-2206-FSPXVC,1 Edgewater Dr,PH33,M5A,Condominium,10,Spadina-Fort York
1158605,STR-2206-GJBXVF,267 Christie St,,M6G,Single/Semi-detached House,11,University-Rosedale
1158606,STR-2206-GYPXVH,127 Ulster St,,M6G,Single/Semi-detached House,11,University-Rosedale
1158607,STR-2206-HGVXVJ,37 Grosvenor St,1410,M4Y,Condominium,13,Toronto Centre
1158608,STR-2206-FTFKVC,361 Front St W,1502,M5V,Condominium,10,Spadina-Fort York
1158609,STR-2206-GZFKVH,19 Six Nations Ave,,M1H,Single/Semi-detached House,24,Scarborough-Guildwood
1158610,STR-2206-HHLKVJ,818 Sammon Ave,,M4C,Single/Semi-detached House,19,Beaches-East York
1158611,STR-2206-HXYKVL,350 Queens Quay W,1906,M5V,Apartment,10,Spadina-Fort York
1158612,STR-2206-GKHXVF,155 Legion Rd N,2712,M8Y,Condominium,3,Etobicoke-Lakeshore
1158613,STR-2206-HRHXVK,869 Coxwell Ave,,M4C,Single/Semi-detached House,19,Beaches-East York
1158614,STR-2206-FDZRVB,27 Ray Ave,,M6M,Duplex/Triplex/Fourplex,5,York South-Weston
1158615,STR-2206-GTGRVH,65 Turntable Cres,92,M6H,Townhouse/ Row House,9,Davenport
1158616,STR-2206-GLRDVG,12 York St,3010,M5J,Condominium,10,Spadina-Fort York
1158617,STR-2207-GTXDVH,14 York St,710,M5J,Condominium,10,Spadina-Fort York
1158618,STR-2207-HSRDVL,26 Fieldway Rd,42,M8Z,Condominium,3,Etobicoke-Lakeshore
1158619,STR-2207-FWTRVD,2 Barrowcliff Dr,,M1V,Single/Semi-detached House,23,Scarborough North
1158620,STR-2207-GMGRVG,224 Hallam St,Main,M6H,Duplex/Triplex/Fourplex,9,Davenport
1158621,STR-2207-HKZRVK,89 Dunfield Ave,504,M4S,Condominium,12,Toronto-St. Paul's
1158622,STR-2207-JBMRVM,36 St Paul St,,M5A,Single/Semi-detached House,13,Toronto Centre
1158623,STR-2207-FGXDVB,435 Murray Ross Pkwy,,M3J,Single/Semi-detached House,7,Humber River-Black Creek
1158624,STR-2207-FXKDVD,6 May Apple Ter,,M1E,Single/Semi-detached House,25,Scarborough-Rouge Park
1158625,STR-2207-HDKDVJ,192 Pacific Ave,,M6P,Single/Semi-detached House,4,Parkdale-High Park
1158626,STR-2207-HLRDVK,64 Larwood Blvd,,M1M,Single/Semi-detached House,20,Scarborough Southwest
1158627,STR-2207-HTXDVL,199 Richmond St W,2503,M5V,Condominium,10,Spadina-Fort York
1158628,STR-2207-JCDDVM,723 Cosburn Ave,Main,M4C,Single/Semi-detached House,19,Beaches-East York
1158629,STR-2207-FQTRVC,85 Porchester Dr,,M1J,Single/Semi-detached House,24,Scarborough-Guildwood
1158630,STR-2207-GPMRVG,151 Dan Leckie Way,205,M5V,Condominium,10,Spadina-Fort York
1158631,STR-2207-HMGRVK,78 Carr St,22,M5T,Condominium,10,Spadina-Fort York
1158632,STR-2207-HVMRVL,43 Meighen Ave,,M4B,Single/Semi-detached House,19,Beaches-East York
1158633,STR-2207-JCTRVM,310 Coxwell Ave,,M4L,Single/Semi-detached House,14,Toronto-Danforth
1158634,STR-2207-GGXDVF,24 Erindale Ave,,M4K,Single/Semi-detached House,14,Toronto-Danforth
1158635,STR-2207-HFRDVJ,388 Yonge St,6116,M5B,Condominium,11,University-Rosedale
1158636,STR-2207-HWDDVL,310 Robert St,,M5S,Single/Semi-detached House,11,University-Rosedale
1158637,STR-2207-FJTRVB,133 Port Royal Trl,,M1V,Single/Semi-detached House,23,Scarborough North
1158638,STR-2207-GQTRVG,251 Murray Ross Pkwy,,M3J,Single/Semi-detached House,7,Humber River-Black Creek
1158639,STR-2207-HPMRVK,12 Esgore Dr,,M5M,Single/Semi-detached House,8,Eglinton-Lawrence
1158640,STR-2207-JDZRVM,10 Park Lawn Rd,2506,M8V,Condominium,3,Etobicoke-Lakeshore
1158641,STR-2207-FSRDVC,2798 Eglinton Ave E,8,M1J,Townhouse/ Row House,21,Scarborough Centre
1158642,STR-2207-GJDDVF,170 Sumach St,1513,M5A,Condominium,13,Toronto Centre
1158643,STR-2207-HQDDVK,151 Dan Leckie Way,756,M5V,Condominium,10,Spadina-Fort York
1158644,STR-2207-HXKDVL,54 Duncannon Dr,,M5P,Single/Semi-detached House,12,Toronto-St. Paul's
1158645,STR-2207-JFRDVM,140 Simcoe St,1011,M5H,Condominium,10,Spadina-Fort York
1158646,STR-2207-HPPXVK,20 Castlebar Rd,,M8Z,Single/Semi-detached House,3,Etobicoke-Lakeshore
1158647,STR-2207-FRLKVC,55 Nicholas Ave,12,M5A,Townhouse/ Row House,13,Toronto Centre
1158648,STR-2207-FTXDVC,300 Front St W,1602,M5V,Condominium,10,Spadina-Fort York
1158649,STR-2207-GCDDVD,288 Margueretta St,,M6H,Single/Semi-detached House,9,Davenport
1158650,STR-2207-GKKDVF,349 Perth Ave,,M6P,Single/Semi-detached House,9,Davenport
1158651,STR-2207-GZXDVH,28 Edward Horton Cres,,M8Z,Townhouse/ Row House,3,Etobicoke-Lakeshore
1158652,STR-2207-HYRDVL,47 Bonnydon Cres,,M1B,Single/Semi-detached House,25,Scarborough-Rouge Park
1158653,STR-2207-JGXDVM,7 Beaver Ave,,M6H,Single/Semi-detached House,9,Davenport
1158654,STR-2207-FMHXVC,49 White Birch Rd,,M1N,Single/Semi-detached House,20,Scarborough Southwest
1158655,STR-2207-GTHXVH,140 Simcoe St,1003,M5H,Condominium,10,Spadina-Fort York
1158656,STR-2207-HBPXVJ,560 Front St W,728,M5V,Condominium,10,Spadina-Fort York
1158657,STR-2207-GLSKVG,37 Ashburnham Rd,,M6H,Single/Semi-detached House,9,Davenport
1158658,STR-2207-FGHXVB,32 Brown's Line,,M8W,Single/Semi-detached House,3,Etobicoke-Lakeshore
1158659,STR-2207-FWVXVD,1824 Gerrard St E,,M4L,Single/Semi-detached House,19,Beaches-East York
1158660,STR-2207-GVPXVH,114 Denton Ave,,M1L,Single/Semi-detached House,20,Scarborough Southwest
1158661,STR-2207-FXLKVD,12 York St,2302,M5J,Condominium,10,Spadina-Fort York
1158662,STR-2207-GFSKVF,66 Lanark Ave,,M6E,Townhouse/ Row House,12,Toronto-St. Paul's
1158663,STR-2207-HDLKVJ,99 Westhumber Blvd,Lower,M9W,Duplex/Triplex/Fourplex,1,Etobicoke North
1158664,STR-2207-HTYKVL,26 Carus Ave,,M6G,Single/Semi-detached House,12,Toronto-St. Paul's
1158665,STR-2207-JCFKVM,50 West Ave,Basement,M4M,Single/Semi-detached House,14,Toronto-Danforth
1158666,STR-2207-FHPXVB,215 Fort York Blvd,3203,M5V,Condominium,10,Spadina-Fort York
1158667,STR-2207-FQVXVC,30 Breadner Dr,,M9R,Single/Semi-detached House,2,Etobicoke Centre
1158668,STR-2207-GGHXVF,24 Glenavy Ave,,M4P,Single/Semi-detached House,15,Don Valley West
1158669,STR-2207-HVPXVL,16 Lightbourn Ave,,M6H,Townhouse/ Row House,9,Davenport
1158670,STR-2207-JCVXVM,617 Wellington St W,,M5V,Townhouse/ Row House,10,Spadina-Fort York
1158671,STR-2207-FJFKVB,579A Kennedy Rd,,M1K,Duplex/Triplex/Fourplex,20,Scarborough Southwest
1158672,STR-2207-FYSKVD,415 Dundas St E,,M5A,Townhouse/ Row House,13,Toronto Centre
1158673,STR-2207-GQFKVG,206 St George St,601,M5R,Apartment,11,University-Rosedale
1158674,STR-2207-HFSKVJ,1 Shaw St,1029,M6K,Apartment,10,Spadina-Fort York
1158675,STR-2207-HMYKVK,560 Front St W,606,M5V,Condominium,10,Spadina-Fort York
1158676,STR-2207-HWVXVL,30 Western Battery Rd,329,M6K,Condominium,10,Spadina-Fort York
1158677,STR-2207-JFBXVM,255 Main St,715,M4C,Apartment,19,Beaches-East York
1158678,STR-2207-FSSKVC,62 Bellwoods Ave,,M6J,Single/Semi-detached House,10,Spadina-Fort York
1158679,STR-2207-FZYKVD,210 Victoria St,4008,M5B,Condominium,13,Toronto Centre
1158680,STR-2207-HQFKVK,41 Winter Ave,,M1K,Single/Semi-detached House,20,Scarborough Southwest
1158681,STR-2207-GBPXVD,26 Glacier Cres,,M1X,Single/Semi-detached House,23,Scarborough North
1158682,STR-2207-GZHXVH,151 Dan Leckie Way,608,M5V,Condominium,10,Spadina-Fort York
1158683,STR-2207-HQVXVK,30 Nelson St,1409,M5V,Condominium,10,Spadina-Fort York
1158684,STR-2207-JGHXVM,155 Yorkville Ave,3115,M5R,Condominium,11,University-Rosedale
1158685,STR-2207-FLSKVB,175 Lisgar St,,M6J,Single/Semi-detached House,9,Davenport
1158686,STR-2207-GCFKVD,300 Front St W,4002,M5V,Condominium,10,Spadina-Fort York
1158687,STR-2207-GKLKVF,4 Bryant Ave,,M4C,Single/Semi-detached House,19,Beaches-East York
1158688,STR-2207-GZYKVH,915 King St W,303,M6K,Apartment,10,Spadina-Fort York
1158689,STR-2207-HJFKVJ,573 Conacher Dr,,M2M,Single/Semi-detached House,18,Willowdale
1158690,STR-2207-HRLKVK,209 Fort York Blvd,579,M5V,Condominium,10,Spadina-Fort York
1158691,STR-2207-FFDDVB,14 York St,512,M5J,Condominium,10,Spadina-Fort York
1158692,STR-2207-FVRDVD,14 York St,908,M5J,Condominium,10,Spadina-Fort York
1158693,STR-2207-GTKDVH,11 Edgewood Grv,,M4L,Single/Semi-detached House,19,Beaches-East York
1158694,STR-2207-HZKDVM,50 Gillespie Ave,,M6N,Single/Semi-detached House,9,Davenport
1158695,STR-2207-FFTRVB,16 True Davidson Dr,,M4W,Single/Semi-detached House,11,University-Rosedale
1158696,STR-2207-FWGRVD,560 Front St W,429,M5V,Condominium,10,Spadina-Fort York
1158697,STR-2207-GDMRVF,743 Manning Ave,,M6G,Single/Semi-detached House,11,University-Rosedale
1158698,STR-2207-GTZRVH,285 Ossington Ave,Main,M6J,Single/Semi-detached House,11,University-Rosedale
1158699,STR-2207-HCGRVJ,168 Simcoe St,508,M5H,Condominium,10,Spadina-Fort York
1158700,STR-2207-HKMRVK,15 Baseball Pl,1801,M4M,Condominium,14,Toronto-Danforth
1158701,STR-2207-HSTRVL,107 Rainier Sq,,M1T,Single/Semi-detached House,22,Scarborough-Agincourt
1158702,STR-2207-HCXDVJ,100 Wellesley St E,2809,M4Y,Apartment,13,Toronto Centre
1158703,STR-2207-FGZRVB,56 Blandford St,,M6E,Single/Semi-detached House,12,Toronto-St. Paul's
1158704,STR-2207-FXMRVD,408 Brown's Line,206,M8W,Condominium,3,Etobicoke-Lakeshore
1158705,STR-2207-GMZRVG,300 Front St W,3104,M5V,Condominium,10,Spadina-Fort York
1158706,STR-2207-GWGRVH,35 Beatrice St,,M6J,Single/Semi-detached House,11,University-Rosedale
1158707,STR-2207-HLTRVK,200 Bogert Ave,Upper,M2N,Single/Semi-detached House,18,Willowdale
1158708,STR-2207-FQXDVC,269 Kennedy Ave,2,M6P,Single/Semi-detached House,4,Parkdale-High Park
1158709,STR-2207-GPRDVG,235 Queenslea Ave,,M9N,Single/Semi-detached House,5,York South-Weston
1158710,STR-2207-FYTRVD,88 Harbord St,Upper,M5S,Apartment,11,University-Rosedale
1158711,STR-2207-GGZRVF,154 Symington Ave,Basement,M6P,Single/Semi-detached House,9,Davenport
1158712,STR-2207-HMZRVK,14 York St,1605,M5J,Condominium,10,Spadina-Fort York
1158713,STR-2207-HWGRVL,50 Ordnance St,306,M6K,Condominium,10,Spadina-Fort York
1158714,STR-2207-GQXDVG,178 Margueretta St,B,M6H,Single/Semi-detached House,9,Davenport
1158715,STR-2207-GYDDVH,73 Ellerbeck St,,M4K,Single/Semi-detached House,14,Toronto-Danforth
1158716,STR-2207-HGKDVJ,188 Cumberland St,1402,M5R,Condominium,11,University-Rosedale
1158717,STR-2207-FKMRVB,26 Nipigon Ave,,M2M,Single/Semi-detached House,18,Willowdale
1158718,STR-2207-FSTRVC,12 Hearthstone Cres,,M2R,Single/Semi-detached House,6,York Centre
1158719,STR-2207-GYTRVH,132 Ardwick Blvd,Main,M9M,Single/Semi-detached House,7,Humber River-Black Creek
1158720,STR-2207-HGZRVJ,9 Acores Ave,,M6G,Single/Semi-detached House,12,Toronto-St. Paul's
1158721,STR-2207-JFTRVM,199 Richmond St W,2408,M5V,Condominium,10,Spadina-Fort York
1158722,STR-2207-FLDDVB,221 Bain Ave,,M4K,Single/Semi-detached House,14,Toronto-Danforth
1158723,STR-2207-GJXDVF,2256 Queen St E,Unit A,M4E,Townhouse/ Row House,19,Beaches-East York
1158724,STR-2207-GSDDVG,624 Shaw St,,M6G,Single/Semi-detached House,11,University-Rosedale
1158725,STR-2207-HHRDVJ,93 Springhurst Ave,,M6K,Single/Semi-detached House,4,Parkdale-High Park
1158726,STR-2207-HYDDVL,955 Bay St,2001,M5S,Condominium,13,Toronto Centre
1158727,STR-2207-FTZRVC,43 Woodbine Ave,Main,M4L,Single/Semi-detached House,19,Beaches-East York
1158728,STR-2207-GCGRVD,41 Brookfield St,,M6J,Single/Semi-detached House,10,Spadina-Fort York
1158729,STR-2207-FDQBHB,155 Yorkville Ave,1418,M5R,Condominium,11,University-Rosedale
1158730,STR-2207-GKQBHG,59 Ossington Ave,2,M6J,Apartment,10,Spadina-Fort York
1158731,STR-2207-GSWBHH,300 Front St W,2108,M5V,Apartment,10,Spadina-Fort York
1158732,STR-2207-HJJBHK,2 Helen Ave,,M6N,Single/Semi-detached House,9,Davenport
1158733,STR-2207-FFFPHB,1384 Queen St W,1,M6K,Apartment,4,Parkdale-High Park
1158734,STR-2207-GCYPHF,838 Sammon Ave,,M4C,Single/Semi-detached House,19,Beaches-East York
1158735,STR-2207-GLFPHG,7 Claremont St,,M6J,Townhouse/ Row House,10,Spadina-Fort York
1158736,STR-2207-GTLPHH,28 Lippincott St,Main,M5T,Townhouse/ Row House,11,University-Rosedale
1158737,STR-2207-HBSPHJ,39 Sherbourne St,903,M5A,Condominium,13,Toronto Centre
1158738,STR-2207-FFWBHB,830 Dundas St W,Second Floor,M6J,Apartment,11,University-Rosedale
1158739,STR-2207-FPCBHC,300 Front St W,803,M5V,Apartment,10,Spadina-Fort York
1158740,STR-2207-FWJBHD,130 Springhurst Ave,Upper,M6K,Duplex/Triplex/Fourplex,4,Parkdale-High Park
1158741,STR-2207-GLWBHG,11 Livingstone Ave,,M6E,Single/Semi-detached House,8,Eglinton-Lawrence
1158742,STR-2207-HCJBHJ,78 Clonmore Dr,,M1N,Single/Semi-detached House,20,Scarborough Southwest
1158743,STR-2207-JBCBHM,151 Dan Leckie Way,507,M5V,Condominium,10,Spadina-Fort York
1158744,STR-2207-FGLPHB,107 Elise Ter,,M2R,Single/Semi-detached House,18,Willowdale
1158745,STR-2207-GMLPHG,100 Braemar Ave,,M5P,Single/Semi-detached House,12,Toronto-St. Paul's
1158746,STR-2207-HLFPHK,11 Applewood Lane,120,M9C,Townhouse/ Row House,2,Etobicoke Centre
1158747,STR-2207-FQJBHC,74 Main St,,M4E,Single/Semi-detached House,19,Beaches-East York
1158748,STR-2207-JCJBHM,10 Capreol Crt,1009,M5V,Condominium,10,Spadina-Fort York
1158749,STR-2207-FHSPHB,108 Hertle Ave,,M4L,Single/Semi-detached House,14,Toronto-Danforth
1158750,STR-2207-FQYPHC,300 Front St W,4801,M5V,Condominium,10,Spadina-Fort York
1158751,STR-2207-FYFPHD,10 Walmer Rd,303,M5R,Apartment,11,University-Rosedale
1158752,STR-2207-GGLPHF,24 Palacky St,,M1G,Single/Semi-detached House,24,Scarborough-Guildwood
1158753,STR-2207-GWYPHH,80 Western Battery Rd,1013,M6K,Condominium,10,Spadina-Fort York
1158754,STR-2207-HFFPHJ,117 Priscilla Ave,,M6S,Single/Semi-detached House,4,Parkdale-High Park
1158755,STR-2207-HMLPHK,68 Carr St,16,M5T,Townhouse/ Row House,10,Spadina-Fort York
1158756,STR-2207-FRQBHC,270 Queens Quay W,1701,M5J,Condominium,10,Spadina-Fort York
1158757,STR-2207-GHCBHF,12 York St,809,M5J,Condominium,10,Spadina-Fort York
1158758,STR-2207-GQJBHG,151 Dan Leckie Way,701,M5V,Condominium,10,Spadina-Fort York
1158759,STR-2207-HFWBHJ,120 Lisgar St,Upper,M6J,Townhouse/ Row House,9,Davenport
1158760,STR-2207-HPCBHK,8 Gladstone Ave,705,M6J,Condominium,9,Davenport
1158761,STR-2207-FJYPHB,12 Norwin St,,M2M,Single/Semi-detached House,18,Willowdale
1158762,STR-2207-GQYPHG,14 York St,5612,M5J,Condominium,10,Spadina-Fort York
1158763,STR-2207-HPSPHK,667 Eglinton Ave E,,M4G,Single/Semi-detached House,15,Don Valley West
1158764,STR-2207-HWYPHL,20 Shore Breeze Dr,223,M8V,Condominium,3,Etobicoke-Lakeshore
1158765,STR-2207-GBCBHD,30 Berkindale Dr,,M2L,Single/Semi-detached House,15,Don Valley West
1158766,STR-2207-GJJBHF,28 Batawa Cres,,M9V,Single/Semi-detached House,1,Etobicoke North
1158767,STR-2207-HHCBHJ,588 Yonge St,3,M4Y,Apartment,13,Toronto Centre
1158768,STR-2207-FLFPHB,164 Alton Ave,,M4L,Single/Semi-detached House,14,Toronto-Danforth
1158769,STR-2207-GSFPHG,30 Howie Ave,,M4M,Single/Semi-detached House,14,Toronto-Danforth
1158770,STR-2207-HYFPHL,14 York St,3804,M5J,Condominium,10,Spadina-Fort York
1158771,STR-2207-JGLPHM,14 York St,5906,M5J,Condominium,10,Spadina-Fort York
1158772,STR-2207-FDRHHB,101 Reiner Rd,,M3H,Single/Semi-detached House,6,York Centre
1158773,STR-2207-FLXHHC,70 Borden St,,M5S,Townhouse/ Row House,11,University-Rosedale
1158774,STR-2207-FVDHHD,38 Niagara St,501,M5V,Condominium,10,Spadina-Fort York
1158775,STR-2207-GCKHHF,141 Davisville Ave,703,M4S,Apartment,12,Toronto-St. Paul's
1158776,STR-2207-HCKHHJ,336 Spadina Ave,2,M5T,Apartment,11,University-Rosedale
1158777,STR-2207-HJKHHK,433 Roxton Rd,2,M6G,Single/Semi-detached House,11,University-Rosedale
1158778,STR-2207-HYXHHM,101 Peter St,4006,M5V,Condominium,10,Spadina-Fort York
1158779,STR-2207-GCZVHF,39 Lankin Blvd,,M4J,Single/Semi-detached House,14,Toronto-Danforth
1158780,STR-2207-GLGVHG,12 York St,3307,M5J,Condominium,10,Spadina-Fort York
1158781,STR-2207-HSGVHL,8 Bartlett Ave,5,M6H,Condominium,9,Davenport
1158782,STR-2207-GPDHHG,2 Eva Rd,PH23,M9C,Condominium,2,Etobicoke Centre
1158783,STR-2207-FWKHHD,299 Roehampton Ave,1227,M4P,Apartment,15,Don Valley West
1158784,STR-2207-GDRHHF,69 Chaplin Cres,,M5P,Single/Semi-detached House,12,Toronto-St. Paul's
1158785,STR-2207-GLXHHG,3091 Dufferin St,828,M6A,Condominium,8,Eglinton-Lawrence
1158786,STR-2207-GVDHHH,210 Markland Dr,405,M9C,Apartment,2,Etobicoke Centre
1158787,STR-2207-HKRHHK,9 First Ave,,M4M,Single/Semi-detached House,14,Toronto-Danforth
1158788,STR-2207-HSXHHL,20 John St,1117,M5V,Condominium,10,Spadina-Fort York
1158789,STR-2207-FPTVHC,210 Victoria St,3013,M5B,Condominium,13,Toronto Centre
1158790,STR-2207-GMMVHG,72 Branstone Rd,,M6E,Single/Semi-detached House,9,Davenport
1158791,STR-2207-HLGVHK,239 Bingham Ave,,M4E,Single/Semi-detached House,19,Beaches-East York
1158792,STR-2207-HTMVHL,161 Euclid Ave,,M6J,Single/Semi-detached House,10,Spadina-Fort York
1158793,STR-2207-FQKHHC,363 Strathmore Blvd,,M4C,Single/Semi-detached House,19,Beaches-East York
1158794,STR-2207-HDRHHJ,955 Bay St,3806,M5S,Condominium,13,Toronto Centre
1158795,STR-2207-HLXHHK,389 Lansdowne Ave,,M6H,Single/Semi-detached House,9,Davenport
1158796,STR-2207-FHTVHB,16 Low Meadoway,,M2H,Townhouse/ Row House,17,Don Valley North
1158797,STR-2207-FYGVHD,725 King St W,204,M5V,Condominium,10,Spadina-Fort York
1158798,STR-2207-GGMVHF,188 Cumberland St,2403,M5R,Condominium,11,University-Rosedale
1158799,STR-2207-GPTVHG,162 Claremont St,,M6J,Townhouse/ Row House,10,Spadina-Fort York
1158800,STR-2207-HMMVHK,219 Fort York Blvd,1804,M5V,Condominium,10,Spadina-Fort York
1158801,STR-2207-JCZVHM,11 Moon Valley Dr,,M9W,Single/Semi-detached House,1,Etobicoke North
1158802,STR-2207-HFXHHJ,51 Jefferson Ave,102,M6K,Apartment,10,Spadina-Fort York
1158803,STR-2207-HWKHHL,11 Kempsell Cres,,M2J,Single/Semi-detached House,17,Don Valley North
1158804,STR-2207-FJZVHB,204 Bogert Ave,,M2N,Single/Semi-detached House,18,Willowdale
1158805,STR-2207-GQZVHG,11 Renata Royalway,,M2H,Townhouse/ Row House,17,Don Valley North
1158806,STR-2207-HGMVHJ,40 Fountainhead Rd,814,M3J,Apartment,7,Humber River-Black Creek
1158807,STR-2207-HWZVHL,301 Dudley Ave,,M2N,Single/Semi-detached House,18,Willowdale
1158808,STR-2207-JFGVHM,10 Macey Ave,809,M1L,Apartment,20,Scarborough Southwest
1158809,STR-2207-GBDHHD,10 Park Lawn Rd,3309,M8V,Condominium,3,Etobicoke-Lakeshore
1158810,STR-2207-GRRHHG,25 Stafford St,408,M5V,Condominium,10,Spadina-Fort York
1158811,STR-2207-FLGVHB,8 Gladstone Ave,506,M6J,Condominium,9,Davenport
1158812,STR-2207-FTMVHC,85 Penmarric Pl,,M1V,Single/Semi-detached House,23,Scarborough North
1158813,STR-2207-GBTVHD,453 Brock Ave,,M6H,Single/Semi-detached House,9,Davenport
1158814,STR-2207-GZMVHH,9 Henderson Ave,,M6J,Single/Semi-detached House,11,University-Rosedale
1158815,STR-2207-HHTVHJ,266 Gowan Ave,,M4J,Single/Semi-detached House,14,Toronto-Danforth
1158816,STR-2207-HQZVHK,1531 Islington Ave,,M9A,Single/Semi-detached House,2,Etobicoke Centre
1158817,STR-2207-FLYPHC,352 Front St W,814,M5V,Condominium,10,Spadina-Fort York
1158818,STR-2207-FVFPHD,1420 Dupont St,1910,M6H,Condominium,9,Davenport
1158819,STR-2207-GKSPHG,209 Fort York Blvd,957,M5V,Condominium,10,Spadina-Fort York
1158820,STR-2207-HBFPHJ,109A Robinson Ave,,M1L,Single/Semi-detached House,20,Scarborough Southwest
1158821,STR-2207-HJLPHK,305 St George St,Upper,M5R,Single/Semi-detached House,11,University-Rosedale
1158822,STR-2207-FMQBHC,56 Houston Cres,,M2J,Single/Semi-detached House,17,Don Valley North
1158823,STR-2207-HBWBHJ,93 Ashbourne Dr,,M9B,Single/Semi-detached House,2,Etobicoke Centre
1158824,STR-2207-HSJBHL,251 Harbord St,A,M6G,Single/Semi-detached House,11,University-Rosedale
1158825,STR-2207-HZQBHM,258 Crawford St,,M6J,Single/Semi-detached House,11,University-Rosedale
1158826,STR-2207-GVFPHH,65 Bremner Blvd,4507,M5J,Condominium,10,Spadina-Fort York
1158827,STR-2207-HSYPHL,340 Mill Rd,1908,M9C,Apartment,2,Etobicoke Centre
1158828,STR-2207-JBFPHM,252 Royal York Rd,211,M8V,Townhouse/ Row House,3,Etobicoke-Lakeshore
1158829,STR-2207-FXCBHD,106 Mountview Ave,,M6P,Single/Semi-detached House,4,Parkdale-High Park
1158830,STR-2207-HDCBHJ,4600 Kingston Rd,Upper Floor,M1E,Single/Semi-detached House,25,Scarborough-Rouge Park
1158831,STR-2207-HLJBHK,106 Mountview Ave,,M6P,Single/Semi-detached House,4,Parkdale-High Park
1158832,STR-2207-FQLPHC,12 Pebblewood Ave,,M1V,Townhouse/ Row House,23,Scarborough North
1158833,STR-2207-GWLPHH,11 Alessia Crcl,,M6E,Single/Semi-detached House,9,Davenport
1158834,STR-2207-HDSPHJ,715 The Queensway,1,M8Y,Townhouse/ Row House,3,Etobicoke-Lakeshore
1158835,STR-2207-HVFPHL,49 Rusholme Park Cres,,M6J,Single/Semi-detached House,9,Davenport
1158836,STR-2207-JCLPHM,300 Front St W,310,M5V,Condominium,10,Spadina-Fort York
1158837,STR-2207-FRCBHC,300 Front St W,713,M5V,Condominium,10,Spadina-Fort York
1158838,STR-2207-GPWBHG,536 Bathurst St,Upper,M5S,Duplex/Triplex/Fourplex,11,University-Rosedale
1158839,STR-2207-GXCBHH,5 Lake Shore Dr,,M8V,Single/Semi-detached House,3,Etobicoke-Lakeshore
1158840,STR-2207-JDCBHM,158 Northcliffe Blvd,Main,M6E,Single/Semi-detached House,9,Davenport
1158841,STR-2207-GHFPHF,29 Esther Lorrie Dr,,M9W,Single/Semi-detached House,1,Etobicoke North
1158842,STR-2207-HFYPHJ,98 Lillian St,1019,M4S,Condominium,12,Toronto-St. Paul's
1158843,STR-2207-HWLPHL,42 Haig Ave,,M1N,Single/Semi-detached House,20,Scarborough Southwest
1158844,STR-2208-FKCBHB,11 Basildon Cres,,M1M,Single/Semi-detached House,20,Scarborough Southwest
1158845,STR-2208-GYJBHH,485 Clendenan Ave,,M6P,Townhouse/ Row House,4,Parkdale-High Park
1158846,STR-2208-HGQBHJ,17 Savarin St,,M1J,Single/Semi-detached House,21,Scarborough Centre
1158847,STR-2208-HPWBHK,87 Peter St,3710,M5V,Condominium,10,Spadina-Fort York
1158848,STR-2208-FSYPHC,181 Wynford Dr,1705,M3C,Condominium,16,Don Valley East
1158849,STR-2208-GJLPHF,84 Edith Dr,Main Unit,M4R,Single/Semi-detached House,8,Eglinton-Lawrence
1158850,STR-2208-GYYPHH,725 Dupont St,Main,M6G,Single/Semi-detached House,11,University-Rosedale
1158851,STR-2208-FLJBHB,300 Front St W,407,M5V,Condominium,10,Spadina-Fort York
1158852,STR-2208-FTQBHC,209 Fort York Blvd,1368,M5V,Condominium,10,Spadina-Fort York
1158853,STR-2208-GBWBHD,20 Blue Jays Way,601,M5V,Apartment,10,Spadina-Fort York
1158854,STR-2208-HRCBHK,3077 Weston Rd,1201,M9M,Condominium,7,Humber River-Black Creek
1158855,STR-2208-GCMVHF,120 Homewood Ave,212,M4Y,Condominium,13,Toronto Centre
1158856,STR-2208-GSZVHH,397 Front St W,2712,M5V,Condominium,10,Spadina-Fort York
1158857,STR-2208-HBGVHJ,443 St Clarens Ave,,M6H,Single/Semi-detached House,9,Davenport
1158858,STR-2208-FFKHHB,151 Dan Leckie Way,509,M5V,Condominium,10,Spadina-Fort York
1158859,STR-2208-GDDHHF,25 Lappin Ave,,M6H,Single/Semi-detached House,9,Davenport
1158860,STR-2208-GLKHHG,5 Vicora Linkway,1710,M3C,Condominium,16,Don Valley East
1158861,STR-2208-HBXHHJ,103 Palmerston Ave,,M6J,Single/Semi-detached House,10,Spadina-Fort York
1158862,STR-2208-HKDHHK,489 Ontario St,,M4X,Single/Semi-detached House,13,Toronto Centre
1158863,STR-2208-HSKHHL,858 Danforth Rd,,M1K,Single/Semi-detached House,20,Scarborough Southwest
1158864,STR-2208-FFZVHB,51 Morewood Cres,,M2K,Single/Semi-detached House,17,Don Valley North
1158865,STR-2208-GLZVHG,61 St Georges Blvd,,M9R,Single/Semi-detached House,1,Etobicoke North
1158866,STR-2208-GVGVHH,21 Iceboat Ter,1709,M5V,Condominium,10,Spadina-Fort York
1158867,STR-2208-HKTVHK,257 Perth Ave,Upper,M6P,Single/Semi-detached House,9,Davenport
1158868,STR-2208-HSZVHL,21 Iceboat Ter,2815,M5V,Condominium,10,Spadina-Fort York
1158869,STR-2208-HLKHHK,252 Garden Ave,,M6R,Single/Semi-detached House,4,Parkdale-High Park
1158870,STR-2208-JBXHHM,53 Lilian Dr,,M1R,Single/Semi-detached House,21,Scarborough Centre
1158871,STR-2208-FQMVHC,151 Chaplin Cres,,M5P,Single/Semi-detached House,12,Toronto-St. Paul's
1158872,STR-2208-GFZVHF,201 Weston Rd,207,M6N,Apartment,5,York South-Weston
1158873,STR-2208-GPGVHG,325 Carlton St,,M5A,Single/Semi-detached House,13,Toronto Centre
1158874,STR-2208-HDTVHJ,33 Iceboat Ter,G19,M5V,Condominium,10,Spadina-Fort York
1158875,STR-2208-GPXHHG,94 Geoffrey St,,M6R,Single/Semi-detached House,4,Parkdale-High Park
1158876,STR-2208-GXTVHH,151 Dan Leckie Way,1037,M5V,Condominium,10,Spadina-Fort York
1158877,STR-2208-HPGVHK,155 Yorkville Ave,2716,M5R,Condominium,11,University-Rosedale
1158878,STR-2208-HWMVHL,14 York St,909,M5J,Condominium,10,Spadina-Fort York
1158879,STR-2208-JDTVHM,29 Clissold Rd,Unit B,M8Z,Single/Semi-detached House,3,Etobicoke-Lakeshore
1158880,STR-2208-FZRHHD,497 Warden Ave,,M1L,Single/Semi-detached House,20,Scarborough Southwest
1158881,STR-2208-GYKHHH,238 Horsham Ave,,M2N,Single/Semi-detached House,18,Willowdale
1158882,STR-2208-FKTVHB,352A Aylesworth Ave,,M1N,Single/Semi-detached House,20,Scarborough Southwest
1158883,STR-2208-GBGVHD,879 St Clair Ave W,Unit 1,M6C,Apartment,9,Davenport
1158884,STR-2208-GYZVHH,24 Coe Hill Dr,,M6S,Single/Semi-detached House,4,Parkdale-High Park
1158885,STR-2208-FLKHHB,160 Margueretta St,Upstairs,M6H,Single/Semi-detached House,9,Davenport
1158886,STR-2208-HRDHHK,152 Upper Canada Dr,,M2P,Single/Semi-detached House,15,Don Valley West
1158887,STR-2208-HBJBHJ,116 Seventh St,,M8V,Single/Semi-detached House,3,Etobicoke-Lakeshore
1158888,STR-2208-HRWBHL,1109 Ossington Ave,,M6G,Single/Semi-detached House,12,Toronto-St. Paul's
1158889,STR-2208-HKFPHK,172 Old Sheppard Ave,,M2J,Single/Semi-detached House,17,Don Valley North
1158890,STR-2208-FGCBHB,8 Charlotte St,3306,M5V,Condominium,10,Spadina-Fort York
1158891,STR-2208-GDWBHF,403 Church St,1909,M4Y,Condominium,13,Toronto Centre
1158892,STR-2208-GMCBHG,636 Evans Ave,2,M8W,Single/Semi-detached House,3,Etobicoke-Lakeshore
1158893,STR-2208-HKWBHK,7 Armitage Dr,,M1R,Single/Semi-detached House,21,Scarborough Centre
1158894,STR-2208-HTCBHL,56 Peterborough Ave,,M6H,Single/Semi-detached House,9,Davenport
1158895,STR-2208-JBJBHM,172 Alfred Ave,,M2N,Single/Semi-detached House,18,Willowdale
1158896,STR-2208-GFLPHF,111 Third St,,M8V,Single/Semi-detached House,3,Etobicoke-Lakeshore
1158897,STR-2208-HLLPHK,82 Lincoln Ave,,M6S,Single/Semi-detached House,4,Parkdale-High Park
1158898,STR-2208-HTSPHL,80 Dallimore Crcl,,M3C,Townhouse/ Row House,16,Don Valley East
1158899,STR-2208-FQQBHC,760 Lawrence Ave W,79,M6A,Townhouse/ Row House,8,Eglinton-Lawrence
1158900,STR-2208-FXWBHD,42 Melville Ave,,M6G,Single/Semi-detached House,11,University-Rosedale
1158901,STR-2208-HDWBHJ,209 Burbank Dr,,M2K,Single/Semi-detached House,17,Don Valley North
1158902,STR-2208-HMCBHK,100B Seventeenth St,,M8V,Single/Semi-detached House,3,Etobicoke-Lakeshore
1158903,STR-2208-FYLPHD,43 Hillsboro Ave,3,M5R,Apartment,11,University-Rosedale
1158904,STR-2208-GXFPHH,427 Empress Ave,,M2N,Single/Semi-detached House,18,Willowdale
1158905,STR-2208-HVYPHL,3022 BAYVIEW AVE,,M2N,Single/Semi-detached House,18,Willowdale
1158906,STR-2208-FZCBHD,478 Bloor St W,1,M5S,Apartment,11,University-Rosedale
1158907,STR-2208-GQQBHG,185 Torresdale Ave,,M2R,Single/Semi-detached House,6,York Centre
1158908,STR-2208-HPJBHK,8 Wellesley St E,7,M4Y,Condominium,13,Toronto Centre
1158909,STR-2208-HWQBHL,120 Homewood Ave,1108,M4Y,Condominium,13,Toronto Centre
1158910,STR-2208-FKFPHB,2335 Sheppard Ave W,25,M9M,Townhouse/ Row House,7,Humber River-Black Creek
1158911,STR-2208-GYLPHH,66 Angus Dr,,M2J,Single/Semi-detached House,17,Don Valley North
1158912,STR-2208-JFLPHM,321 Sherbourne St,409,M5A,Apartment,13,Toronto Centre
1158913,STR-2208-FTCBHC,142 Christie St,Main Floor,M6G,Duplex/Triplex/Fourplex,11,University-Rosedale
1158914,STR-2208-GRWBHG,561 Sherbourne St,3603,M4X,Apartment,13,Toronto Centre
1158915,STR-2208-JGCBHM,77 Maitland Pl,601,M4Y,Condominium,13,Toronto Centre
1158916,STR-2208-FTSPHC,110 Winnett Ave,,M6C,Single/Semi-detached House,12,Toronto-St. Paul's
1158917,STR-2208-GKFPHF,66 Rosemount Ave,,M9N,Single/Semi-detached House,5,York South-Weston
1158918,STR-2208-HHYPHJ,83 Mondeo Dr,121,M1P,Townhouse/ Row House,21,Scarborough Centre
1158919,STR-2208-JGSPHM,21 Earl St,318,M4Y,Apartment,13,Toronto Centre
1158920,STR-2208-GKXHHG,119 McGill St,Upper,M5B,Duplex/Triplex/Fourplex,13,Toronto Centre
1158921,STR-2208-HBKHHJ,10 Bloomfield Ave,B,M4L,Apartment,14,Toronto-Danforth
1158922,STR-2208-HJRHHK,251 Jarvis St,3010,M5B,Condominium,13,Toronto Centre
1158923,STR-2208-FMTVHC,236 Lauder Ave,,M6E,Single/Semi-detached House,9,Davenport
1158924,STR-2208-FVZVHD,6 Eva Rd,1209,M9C,Condominium,2,Etobicoke Centre
1158925,STR-2208-HBZVHJ,27 Brock Ave,103,M6K,Condominium,4,Parkdale-High Park
1158926,STR-2208-FWRHHD,117 William Duncan Rd,,M3K,Townhouse/ Row House,6,York Centre
1158927,STR-2208-HKXHHK,347 St Clair Ave E,,M4T,Single/Semi-detached House,11,University-Rosedale
1158928,STR-2208-FGTVHB,15 Watt Ave,,M6M,Single/Semi-detached House,5,York South-Weston
1158929,STR-2208-GFMVHF,300 Front St W,3404,M5V,Condominium,10,Spadina-Fort York
1158930,STR-2208-GMTVHG,30 Canerouth Dr,,M9C,Single/Semi-detached House,2,Etobicoke Centre
1158931,STR-2208-GVZVHH,8 Frivick Crt,,M2M,Single/Semi-detached House,18,Willowdale
1158932,STR-2208-HTTVHL,14 York St,5511,M5J,Condominium,10,Spadina-Fort York
1158933,STR-2208-FHKHHB,426 Queen St E,206,M5A,Apartment,13,Toronto Centre
1158934,STR-2208-GWRHHH,21 Montrose Ave,Basement,M6J,Single/Semi-detached House,11,University-Rosedale
1158935,STR-2208-HDXHHJ,397 Crawford St,,M6J,Single/Semi-detached House,11,University-Rosedale
1158936,STR-2208-HVKHHL,5 Temple Ave,Main Floor,M6K,Apartment,10,Spadina-Fort York
1158937,STR-2208-GGTVHF,280 Woburn Ave,,M5M,Single/Semi-detached House,8,Eglinton-Lawrence
1158938,STR-2208-HFMVHJ,481 Concord Ave,,M6H,Single/Semi-detached House,9,Davenport
1158939,STR-2208-HMTVHK,95 Bathurst St,917,M5V,Condominium,10,Spadina-Fort York
1158940,STR-2208-JDGVHM,52 Jay St,,M6L,Single/Semi-detached House,5,York South-Weston
1158941,STR-2208-FRXHHC,12 Glenavon Rd,1,M6K,Single/Semi-detached House,4,Parkdale-High Park
1158942,STR-2208-FZDHHD,24 Westbrook Ave,,M4C,Single/Semi-detached House,19,Beaches-East York
1158943,STR-2208-GHKHHF,48 Commonwealth Ave,,M1K,Single/Semi-detached House,20,Scarborough Southwest
1158944,STR-2208-HWRHHL,100 Harrison Garden Blvd,214,M2N,Condominium,18,Willowdale
1158945,STR-2208-JDXHHM,615 Adelaide St W,,M6J,Townhouse/ Row House,10,Spadina-Fort York
1158946,STR-2208-FZTVHD,27 Dixon Rd,,M9P,Single/Semi-detached House,2,Etobicoke Centre
1158947,STR-2208-GRGVHG,11 Jacinta Dr,,M6L,Single/Semi-detached House,5,York South-Weston
1158948,STR-2208-HPZVHK,100 Dupont St,2,M5R,Townhouse/ Row House,11,University-Rosedale
1158949,STR-2208-JFMVHM,8 Ferndale Ave,,M4T,Single/Semi-detached House,12,Toronto-St. Paul's
1158950,STR-2208-GBKHHD,14 York St,2008,M5J,Condominium,10,Spadina-Fort York
1158951,STR-2208-GRXHHG,50 Thorncliffe Park Dr,303,M4H,Apartment,15,Don Valley West
1158952,STR-2208-HHKHHJ,736 Bay St,1012,M5G,Condominium,11,University-Rosedale
1158953,STR-2208-GSMVHG,17 York Rd,,M9R,Single/Semi-detached House,1,Etobicoke North
1158954,STR-2208-HRGVHK,67 Frater Ave,,M4C,Single/Semi-detached House,19,Beaches-East York
1158955,STR-2208-JGTVHM,31 Lewis St,2,M4M,Single/Semi-detached House,14,Toronto-Danforth
1158956,STR-2208-GCSPHF,221 Sterling Rd,16,M6R,Apartment,9,Davenport
1158957,STR-2208-GKYPHG,772 O'Connor Dr,,M4B,Single/Semi-detached House,19,Beaches-East York
1158958,STR-2208-HBLPHJ,12 York St,2907,M5J,Condominium,10,Spadina-Fort York
1158959,STR-2208-HZFPHM,62 Marion St,Upper,M6R,Single/Semi-detached House,4,Parkdale-High Park
1158960,STR-2208-FWSPHD,21 Iceboat Ter,825,M5V,Condominium,10,Spadina-Fort York
1158961,STR-2208-GDYPHF,60 Thomas Mulholland Dr,3,M3K,Townhouse/ Row House,6,York Centre
1158962,STR-2208-GVLPHH,30 Bushey Ave,,M6N,Single/Semi-detached House,5,York South-Weston
1158963,STR-2208-HCSPHJ,101 Peter St,716,M5V,Condominium,10,Spadina-Fort York
1158964,STR-2208-FQCBHC,165 Legion Rd N,522,M8Y,Condominium,3,Etobicoke-Lakeshore
1158965,STR-2208-GMWBHG,14 York St,5408,M5J,Condominium,10,Spadina-Fort York
1158966,STR-2208-JCCBHM,208 North Carson St,2,M8W,Single/Semi-detached House,3,Etobicoke-Lakeshore
1158967,STR-2208-FHLPHB,118 Lisgar St,Upper Floor,M6J,Townhouse/ Row House,9,Davenport
1158968,STR-2208-FQSPHC,105 George St,1505,M5A,Condominium,13,Toronto Centre
1158969,STR-2208-FXYPHD,49 Westlake Cres,,M4C,Single/Semi-detached House,19,Beaches-East York
1158970,STR-2208-GGFPHF,122 Darlingside Dr,,M1E,Single/Semi-detached House,25,Scarborough-Rouge Park
1158971,STR-2208-GWSPHH,106 Berkeley St,,M5A,Townhouse/ Row House,13,Toronto Centre
1158972,STR-2208-HDYPHJ,39 Woodcrest Dr,,M9A,Single/Semi-detached House,2,Etobicoke Centre
1158973,STR-2208-JCSPHM,180 Mill St,s139,M5A,Townhouse/ Row House,13,Toronto Centre
1158974,STR-2208-GQCBHG,151 Dan Leckie Way,203,M5V,Condominium,10,Spadina-Fort York
1158975,STR-2208-HWCBHL,42 Park Blvd,,M8W,Single/Semi-detached House,3,Etobicoke-Lakeshore
1158976,STR-2208-JDJBHM,11 Fulford Pl,,M9R,Single/Semi-detached House,2,Etobicoke Centre
1158977,STR-2208-FJSPHB,3220 Sheppard Ave E,514,M1T,Condominium,22,Scarborough-Agincourt
1158978,STR-2208-FKJBHB,78 William Durie Way,,M2R,Single/Semi-detached House,18,Willowdale
1158979,STR-2208-FSQBHC,80 Grandravine Dr,812,M3J,Condominium,7,Humber River-Black Creek
1158980,STR-2208-FZWBHD,568 Dovercourt Rd,,M6H,Single/Semi-detached House,9,Davenport
1158981,STR-2208-GJCBHF,48A Netherly Dr,,M9V,Single/Semi-detached House,1,Etobicoke North
1158982,STR-2208-GRJBHG,6 Rolyat St,C,M6J,Single/Semi-detached House,10,Spadina-Fort York
1158983,STR-2208-JFQBHM,955 Bay St,3118,M5S,Condominium,13,Toronto Centre
1158984,STR-2208-GZFPHH,87 Peter St,PH305,M5V,Condominium,10,Spadina-Fort York
1158985,STR-2208-HXYPHL,25 Turntable Cres,125,M6H,Townhouse/ Row House,9,Davenport
1158986,STR-2208-FLQBHB,68 Woodbine Ave,,M4L,Townhouse/ Row House,19,Beaches-East York
1158987,STR-2208-GCCBHD,6 Brussels Rd,Main Unit,M1K,Single/Semi-detached House,20,Scarborough Southwest
1158988,STR-2208-GKJBHF,58 Earlsdale Ave,Main Unit,M6C,Single/Semi-detached House,9,Davenport
1158989,STR-2208-HYQBHL,317 Murray Ross Pkwy,,M3J,Single/Semi-detached House,7,Humber River-Black Creek
1158990,STR-2208-FMGVHC,2 Ollerton Rd,,M3J,Single/Semi-detached House,7,Humber River-Black Creek
1158991,STR-2208-FVMVHD,53 Adamede Cres,,M2H,Single/Semi-detached House,17,Don Valley North
1158992,STR-2208-GKZVHG,5 Caravan Dr,,M3B,Single/Semi-detached House,15,Don Valley West
1158993,STR-2208-GTGVHH,300 Front St W,4308,M5V,Condominium,10,Spadina-Fort York
1158994,STR-2208-FMXHHC,181 Cottonwood Dr,,M3C,Single/Semi-detached House,16,Don Valley East
1158995,STR-2208-GDKHHF,21 Iceboat Ter,3902,M5V,Condominium,10,Spadina-Fort York
1158996,STR-2208-GTXHHH,38 Weatherell St,,M6S,Single/Semi-detached House,4,Parkdale-High Park
1158997,STR-2208-HCDHHJ,300 Front St W,3810,M5V,Condominium,10,Spadina-Fort York
1158998,STR-2208-HSRHHL,16 Crowfoot Pl,,M1W,Single/Semi-detached House,22,Scarborough-Agincourt
1158999,STR-2208-HZXHHM,78 Greendale Ave,,M6N,Single/Semi-detached House,5,York South-Weston
1159000,STR-2208-GMGVHG,12 Geoffrey St,,M6R,Townhouse/ Row House,4,Parkdale-High Park
1159001,STR-2208-HCTVHJ,499 Palmerston Blvd,Upper,M6G,Single/Semi-detached House,11,University-Rosedale
1159002,STR-2208-HTGVHL,300 Front St W,2612,M5V,Condominium,10,Spadina-Fort York
1159003,STR-2208-FQDHHC,71 Haynes Ave,,M3J,Single/Semi-detached House,7,Humber River-Black Creek
1159004,STR-2208-FXKHHD,23 Pitt Ave,,M1L,Single/Semi-detached House,20,Scarborough Southwest
1159005,STR-2208-GFRHHF,26 Dempster St,,M1T,Single/Semi-detached House,22,Scarborough-Agincourt
1159006,STR-2208-GMXHHG,19 Harlton Cres,,M6M,Single/Semi-detached House,5,York South-Weston
1159007,STR-2208-FQTVHC,1085 Victoria Park Ave,,M4B,Single/Semi-detached House,20,Scarborough Southwest
1159008,STR-2208-GWTVHH,430 Main St,,M4C,Townhouse/ Row House,19,Beaches-East York
1159009,STR-2208-HVMVHL,21 Iceboat Ter,PH08,M5V,Condominium,10,Spadina-Fort York
1159010,STR-2208-FRKHHC,565 Sherbourne St,1911,M4X,Apartment,13,Toronto Centre
1159011,STR-2208-HFRHHJ,8 Wellesley St E,509,M4Y,Condominium,13,Toronto Centre
1159012,STR-2208-HMXHHK,201 Sherbourne St,409,M5A,Apartment,13,Toronto Centre
1159013,STR-2208-FJTVHB,747 Manning Ave,,M6G,Single/Semi-detached House,11,University-Rosedale
1159014,STR-2208-HGGVHJ,2191 Yonge St,906,M4S,Condominium,12,Toronto-St. Paul's
1159015,STR-2208-GJDHHF,98 Burbank Dr,,M2K,Single/Semi-detached House,17,Don Valley North
1159016,STR-2208-GYRHHH,14 York St,5912,M5J,Condominium,10,Spadina-Fort York
1159017,STR-2208-FKZVHB,31 Cloverhill Rd,,M8Y,Single/Semi-detached House,3,Etobicoke-Lakeshore
1159018,STR-2208-HHMVHJ,9 John Graham Crt,,M1B,Single/Semi-detached House,25,Scarborough-Rouge Park
1159019,STR-2208-HQTVHK,249 Harbord St,1,M6G,Duplex/Triplex/Fourplex,11,University-Rosedale
1159020,STR-2208-HXZVHL,55 Bremner Blvd,1411,M5J,Condominium,10,Spadina-Fort York
1159021,STR-2208-JGGVHM,1425 Islington Ave,,M9A,Single/Semi-detached House,2,Etobicoke Centre
1159022,STR-2208-GZXHHH,86 Exford Dr,,M1P,Single/Semi-detached House,21,Scarborough Centre
1159023,STR-2208-HJDHHJ,14 Trenton Ter,,M6K,Townhouse/ Row House,4,Parkdale-High Park
1159024,STR-2208-HRKHHK,1201 Pharmacy Ave,,M1R,Single/Semi-detached House,21,Scarborough Centre
1159025,STR-2209-GGJBHF,1 Conan Rd,,M9W,Single/Semi-detached House,1,Etobicoke North
1159026,STR-2208-FMJBHC,270 Wellington St W,811,M5V,Condominium,10,Spadina-Fort York
1159027,STR-2208-GTJBHH,94 Snowhill Cres,,M1S,Single/Semi-detached House,23,Scarborough North
1159028,STR-2208-HJWBHK,560 Ontario St,,M4X,Townhouse/ Row House,13,Toronto Centre
1159029,STR-2208-HSCBHL,35 Mariner Ter,4308,M5V,Condominium,10,Spadina-Fort York
1159030,STR-2208-FMYPHC,35 Timbercreek Crt,,M1W,Single/Semi-detached House,22,Scarborough-Agincourt
1159031,STR-2208-GLSPHG,12 York St,4305,M5J,Apartment,10,Spadina-Fort York
1159032,STR-2208-HZYPHM,1 Stanwood Cres,,M9M,Single/Semi-detached House,7,Humber River-Black Creek
1159033,STR-2208-FWWBHD,208 Queens Quay W,808,M5J,Condominium,10,Spadina-Fort York
1159034,STR-2209-HTJBHL,298 Huntsmill Blvd,,M1W,Single/Semi-detached House,22,Scarborough-Agincourt
1159035,STR-2209-FXLPHD,26 Gibbs Rd,933,M9B,Condominium,2,Etobicoke Centre
1159036,STR-2209-GMYPHG,130 Springhurst Ave,Lower,M6K,Duplex/Triplex/Fourplex,4,Parkdale-High Park
1159037,STR-2209-GWFPHH,199 Richmond St W,2404,M5V,Condominium,10,Spadina-Fort York
1159038,STR-2209-HLSPHK,101 McGill St,4,M5B,Townhouse/ Row House,13,Toronto Centre
1159039,STR-2209-FYCBHD,33 Avon Ave,,M6N,Single/Semi-detached House,5,York South-Weston
1159040,STR-2209-HFCBHJ,18 Yonge St,2908,M5E,Apartment,10,Spadina-Fort York
1159041,STR-2209-HMJBHK,34 Rushbrooke Ave,,M4M,Single/Semi-detached House,14,Toronto-Danforth
1159042,STR-2209-JCWBHM,14 York St,3207,M5J,Condominium,10,Spadina-Fort York
1159043,STR-2209-FJFPHB,103 West Lodge Ave,1604,M6K,Apartment,4,Parkdale-High Park
1159044,STR-2209-FRLPHC,1177 Ossington Ave,,M6G,Single/Semi-detached House,12,Toronto-St. Paul's
1159045,STR-2209-GGYPHF,155 Yorkville Ave,1016,M5R,Condominium,11,University-Rosedale
1159046,STR-2209-GXLPHH,60 Churchill Ave,2,M6J,Duplex/Triplex/Fourplex,9,Davenport
1159047,STR-2209-HWFPHL,5 Khedive Ave,,M6A,Townhouse/ Row House,8,Eglinton-Lawrence
1159048,STR-2209-FJWBHB,1 Frater Ave,,M4C,Single/Semi-detached House,19,Beaches-East York
1159049,STR-2209-GLDHHG,54 Castlefield Ave,,M4R,Single/Semi-detached House,8,Eglinton-Lawrence
1159050,STR-2209-HGJBHJ,955 Bay St,2404,M5S,Condominium,13,Toronto Centre
1159051,STR-2209-HPQBHK,867 Wilson Ave,2A,M3K,Townhouse/ Row House,6,York Centre
1159052,STR-2209-HWWBHL,18 Yonge St,2209,M5E,Condominium,10,Spadina-Fort York
1159053,STR-2209-GJFPHF,64 Elderwood Dr,2,M5P,Duplex/Triplex/Fourplex,12,Toronto-St. Paul's
1159054,STR-2209-GRLPHG,201 Carlaw Ave,802,M4M,Condominium,14,Toronto-Danforth
1159055,STR-2209-HGYPHJ,38 The Esplanade,423,M5E,Condominium,13,Toronto Centre
1159056,STR-2209-HXLPHL,227 Spadina Rd,2nd Floor,M5R,Duplex/Triplex/Fourplex,11,University-Rosedale
1159057,STR-2209-JFSPHM,798 Richmond St W,543,M6J,Apartment,10,Spadina-Fort York
1159058,STR-2209-HQWBHK,209 Fort York Blvd,173,M5V,Condominium,10,Spadina-Fort York
1159059,STR-2209-FLSPHB,879 Cosburn Ave,,M4C,Single/Semi-detached House,19,Beaches-East York
1159060,STR-2209-FFDHHB,701 King St W,609,M5V,Condominium,10,Spadina-Fort York
1159061,STR-2209-FVRHHD,14 York St,3411,M5J,Condominium,10,Spadina-Fort York
1159062,STR-2209-GTKHHH,8 Eldorado Crt,,M3J,Single/Semi-detached House,6,York Centre
1159063,STR-2209-HBRHHJ,84 Watson St,Basement,M1C,Single/Semi-detached House,25,Scarborough-Rouge Park
1159064,STR-2209-HJXHHK,14 York St,3003,M5J,Condominium,10,Spadina-Fort York
1159065,STR-2209-FWGVHD,20 Snowy Owl Way,,M1X,Single/Semi-detached House,23,Scarborough North
1159066,STR-2209-GDMVHF,154 Calvington Dr,,M3M,Single/Semi-detached House,6,York Centre
1159067,STR-2209-GTZVHH,649 Manning Ave,,M6G,Single/Semi-detached House,11,University-Rosedale
1159068,STR-2209-HZZVHM,55 Bremner Blvd,4501,M5J,Condominium,10,Spadina-Fort York
1159069,STR-2209-FPRHHC,176 Hastings Ave,,M4L,Single/Semi-detached House,14,Toronto-Danforth
1159070,STR-2209-GVRHHH,525 Adelaide St W,1508,M5V,Condominium,10,Spadina-Fort York
1159071,STR-2209-HLDHHK,99 Hayden St,1001,M4Y,Condominium,11,University-Rosedale
1159072,STR-2209-HTKHHL,208 Queens Quay W,3005,M5J,Condominium,10,Spadina-Fort York
1159073,STR-2209-FXMVHD,3 Edilou Dr,,M8W,Single/Semi-detached House,3,Etobicoke-Lakeshore
1159074,STR-2209-FHRHHB,80 Western Battery Rd,2111,M6K,Condominium,10,Spadina-Fort York
1159075,STR-2209-GGKHHF,463 Shuter St,,M5A,Townhouse/ Row House,13,Toronto Centre
1159076,STR-2209-GPRHHG,36 Robinson St,A,M6J,Duplex/Triplex/Fourplex,10,Spadina-Fort York
1159077,STR-2209-GWXHHH,130 Baldwin St,2,M5T,Townhouse/ Row House,11,University-Rosedale
1159078,STR-2209-HVRHHL,50 Roseheath Ave,,M4C,Single/Semi-detached House,19,Beaches-East York
1159079,STR-2209-JCXHHM,46 Spruce Hill Rd,,M4E,Single/Semi-detached House,19,Beaches-East York
1159080,STR-2209-GQGVHG,12 Dervock Cres,18,M2K,Townhouse/ Row House,17,Don Valley North
1159081,STR-2209-HMZVHK,163 Manning Ave,Lower,M6J,Single/Semi-detached House,10,Spadina-Fort York
1159082,STR-2209-JDMVHM,94 George Anderson Dr,,M6M,Single/Semi-detached House,5,York South-Weston
1159083,STR-2209-FJXHHB,8 Charlotte St,2608,M5V,Condominium,10,Spadina-Fort York
1159084,STR-2209-FZKHHD,255 Claremont St,,M6J,Townhouse/ Row House,11,University-Rosedale
1159085,STR-2209-GHRHHF,215 Fort York Blvd,2311,M5V,Condominium,10,Spadina-Fort York
1159086,STR-2209-GQXHHG,165 Legion Rd N,2730,M8Y,Condominium,3,Etobicoke-Lakeshore
1159087,STR-2209-GYDHHH,215 Fort York Blvd,1907,M5V,Condominium,10,Spadina-Fort York
1159088,STR-2209-HWXHHL,1191 Pharmacy Ave,,M1R,Single/Semi-detached House,21,Scarborough Centre
1159089,STR-2209-FKMVHB,21 Iceboat Ter,2812,M5V,Condominium,10,Spadina-Fort York
1159090,STR-2209-FSTVHC,295 Dufferin St,510,M6K,Apartment,10,Spadina-Fort York
1159091,STR-2209-GYTVHH,50 Griggsden Ave,,M9P,Single/Semi-detached House,2,Etobicoke Centre
1159092,STR-2209-FLDHHB,18 Yonge St,2309,M5E,Condominium,10,Spadina-Fort York
1159093,STR-2209-FTKHHC,215 Fort York Blvd,912,M5V,Condominium,10,Spadina-Fort York
1159094,STR-2209-GZKHHH,5 Overton Pl,,M3B,Single/Semi-detached House,16,Don Valley East
1159095,STR-2209-JGKHHM,122 Silverhill Dr,,M9B,Single/Semi-detached House,3,Etobicoke-Lakeshore
1159096,STR-2209-FLTVHB,215 Fort York Blvd,1802,M5V,Condominium,10,Spadina-Fort York
1159097,STR-2209-FTZVHC,104 Amelia St,,M4X,Single/Semi-detached House,13,Toronto Centre
1159098,STR-2209-GCGVHD,240 Vauxhall Dr,,M1P,Single/Semi-detached House,21,Scarborough Centre
1159099,STR-2209-GZZVHH,65 Hastings Ave,,M4L,Single/Semi-detached House,14,Toronto-Danforth
1159100,STR-2209-HRMVHK,189 Kingsview Blvd,,M9R,Single/Semi-detached House,1,Etobicoke North
1159101,STR-2209-JGZVHM,22 Kamloops Dr,,M2J,Single/Semi-detached House,17,Don Valley North
1159102,STR-2209-GCJDVF,921 Woodbine Ave,BSMT,M4C,Single/Semi-detached House,19,Beaches-East York
1159103,STR-2209-HJJDVK,41 Rockwell Ave,,M6N,Single/Semi-detached House,9,Davenport
1159104,STR-2209-FFFRVB,225 Gladstone Ave,304,M6J,Apartment,9,Davenport
1159105,STR-2209-FVSRVD,40 Carnation Ave,111,M8V,Townhouse/ Row House,3,Etobicoke-Lakeshore
1159106,STR-2209-HZLRVM,9 Maypole St,,M9B,Single/Semi-detached House,3,Etobicoke-Lakeshore
1159107,STR-2209-FWJDVD,101 Peter St,2403,M5V,Condominium,10,Spadina-Fort York
1159108,STR-2209-GLWDVG,54 Rangoon Rd,,M9C,Single/Semi-detached House,2,Etobicoke Centre
1159109,STR-2209-GVCDVH,233 Lansdowne Ave,Basement Unit,M6K,Single/Semi-detached House,9,Davenport
1159110,STR-2209-FGLRVB,190 Ossington Ave,2,M6J,Duplex/Triplex/Fourplex,10,Spadina-Fort York
1159111,STR-2209-FPSRVC,650 Parliament St,1216,M4X,Apartment,13,Toronto Centre
1159112,STR-2209-GVSRVH,241 Lee Ave,,M4E,Single/Semi-detached House,19,Beaches-East York
1159113,STR-2209-HTLRVL,7 Gwynne Ave,B,M6K,Townhouse/ Row House,4,Parkdale-High Park
1159114,STR-2209-FQJDVC,14 York St,4302,M5J,Condominium,10,Spadina-Fort York
1159115,STR-2209-GWJDVH,295 Waverley Rd,Main Unit,M4L,Duplex/Triplex/Fourplex,19,Beaches-East York
1159116,STR-2209-FHSRVB,1361 Birchmount Rd,,M1P,Single/Semi-detached House,21,Scarborough Centre
1159117,STR-2209-GGLRVF,53 Hazelton Ave,,M5R,Single/Semi-detached House,11,University-Rosedale
1159118,STR-2209-HVSRVL,32 Galt Ave,,M4M,Single/Semi-detached House,14,Toronto-Danforth
1159119,STR-2209-FJJDVB,123 Strathcona Ave,5,M4J,Townhouse/ Row House,14,Toronto-Danforth
1159120,STR-2209-FRQDVC,15 Iceboat Ter,1706,M5V,Condominium,10,Spadina-Fort York
1159121,STR-2209-GQJDVG,224 Galloway Rd,,M1E,Single/Semi-detached House,24,Scarborough-Guildwood
1159122,STR-2209-HFWDVJ,120 Harrison Garden Blvd,1133,M2N,Condominium,18,Willowdale
1159123,STR-2209-JDQDVM,155 Yorkville Ave,1705,M5R,Condominium,11,University-Rosedale
1159124,STR-2209-FSFRVC,15 Iceboat Terr,Ph11,M5V,Condominium,10,Spadina-Fort York
1159125,STR-2209-FZLRVD,24 Kidbrooke Cres,,M1M,Single/Semi-detached House,20,Scarborough Southwest
1159126,STR-2209-GYFRVH,559 Delaware Ave N,Ground Floor,M6H,Single/Semi-detached House,9,Davenport
1159127,STR-2209-FSWDVC,81 Byng Ave,,M1L,Single/Semi-detached House,20,Scarborough Southwest
1159128,STR-2209-GRQDVG,248 Dovercourt Rd,BSMT,M6J,Duplex/Triplex/Fourplex,9,Davenport
1159129,STR-2209-JFWDVM,52 Balfour Ave,,M4C,Townhouse/ Row House,19,Beaches-East York
1159130,STR-2209-JGLRVM,95 Bathurst St,1404,M5V,Condominium,10,Spadina-Fort York
1159131,STR-2209-FDRKVB,93 Dearbourne Ave,,M4K,Single/Semi-detached House,14,Toronto-Danforth
1159132,STR-2209-HBDKVJ,28 Linden St,1906,M4Y,Condominium,13,Toronto Centre
1159133,STR-2209-HRRKVL,7 Craven Rd,Main Unit,M4L,Single/Semi-detached House,14,Toronto-Danforth
1159134,STR-2209-FVTXVD,101 Glen Long Ave,,M6B,Single/Semi-detached House,8,Eglinton-Lawrence
1159135,STR-2209-GCZXVF,12 York St,4107,M5J,Condominium,10,Spadina-Fort York
1159136,STR-2209-GLGXVG,117 Sheridan Ave,1,M6K,Single/Semi-detached House,9,Davenport
1159137,STR-2209-GTMXVH,77 Fermanagh Ave,,M6R,Single/Semi-detached House,4,Parkdale-High Park
1159138,STR-2209-HJZXVK,151 Dan Leckie Way,1210,M5V,Condominium,10,Spadina-Fort York
1159139,STR-2209-HSGXVL,21 Iceboat Ter,2108,M5V,Condominium,10,Spadina-Fort York
1159140,STR-2209-FFXKVB,74 Dale Ave,,M4W,Single/Semi-detached House,11,University-Rosedale
1159141,STR-2209-FWKKVD,1185 The Queensway,218,M8Z,Condominium,3,Etobicoke-Lakeshore
1159142,STR-2209-HCKKVJ,14 York St,4606,M5J,Condominium,10,Spadina-Fort York
1159143,STR-2209-HSXKVL,33 Westlake Ave,,M4C,Single/Semi-detached House,19,Beaches-East York
1159144,STR-2209-JBDKVM,2636 Kennedy Rd,Main,M1T,Single/Semi-detached House,22,Scarborough-Agincourt
1159145,STR-2209-FWZXVD,8 Wellesley St E,501,M4Y,Condominium,13,Toronto Centre
1159146,STR-2209-GMMXVG,300 Front St W,3806,M5V,Condominium,10,Spadina-Fort York
1159147,STR-2209-HTMXVL,21 Iceboat Ter,2511,M5V,Condominium,10,Spadina-Fort York
1159148,STR-2209-FHDKVB,50 Western Battery Rd,922,M6K,Condominium,10,Spadina-Fort York
1159149,STR-2209-GPDKVG,525 Adelaide St W,706,M5V,Condominium,10,Spadina-Fort York
1159150,STR-2209-HDRKVJ,95 Green Meadows Crcl,,M2J,Single/Semi-detached House,17,Don Valley North
1159151,STR-2209-HVDKVL,36 Milton St,,M8Y,Single/Semi-detached House,3,Etobicoke-Lakeshore
1159152,STR-2209-FHTXVB,16 Brightview Cres,,M1E,Single/Semi-detached House,25,Scarborough-Rouge Park
1159153,STR-2209-GGMXVF,55 Purdy Cres,,M9N,Single/Semi-detached House,5,York South-Weston
1159154,STR-2209-JCZXVM,447C Queen St E,,M5A,Townhouse/ Row House,13,Toronto Centre
1159155,STR-2209-GQKKVG,35 Kenneth Ave,,M2N,Single/Semi-detached House,18,Willowdale
1159156,STR-2209-HFXKVJ,60 Emmett Ave,Upper,M6M,Single/Semi-detached House,5,York South-Weston
1159157,STR-2209-HWKKVL,25 Edinborough Crt,,M6N,Duplex/Triplex/Fourplex,5,York South-Weston
1159158,STR-2209-FSGXVC,31 Tyndall Ave,2,M6K,Duplex/Triplex/Fourplex,4,Parkdale-High Park
1159159,STR-2209-HGMXVJ,151 Dan Leckie Way,615,M5V,Condominium,10,Spadina-Fort York
1159160,STR-2209-GJKKVF,22 Western Battery Rd,122,M6K,Townhouse/ Row House,10,Spadina-Fort York
1159161,STR-2209-GRRKVG,117 Falstaff Ave,,M6L,Single/Semi-detached House,5,York South-Weston
1159162,STR-2209-HXRKVL,21 Orchard Park Blvd,,M4L,Single/Semi-detached House,19,Beaches-East York
1159163,STR-2209-JFXKVM,37 St Andrews Blvd,,M9R,Single/Semi-detached House,1,Etobicoke North
1159164,STR-2209-FLGXVB,50 Foxbar Rd,,M4V,Single/Semi-detached House,12,Toronto-St. Paul's
1159165,STR-2209-GSGXVG,10 Oakfield Dr,,M8Y,Single/Semi-detached House,3,Etobicoke-Lakeshore
1159166,STR-2209-HQZXVK,16 Mallon Ave,,M4M,Single/Semi-detached House,14,Toronto-Danforth
1159167,STR-2209-FDSRVB,58 Langside Ave,Upper,M9N,Single/Semi-detached House,5,York South-Weston
1159168,STR-2209-GSYRVH,82 Lansdowne Ave,,M6K,Townhouse/ Row House,4,Parkdale-High Park
1159169,STR-2209-HBFRVJ,17 Purdon Dr,,M3H,Single/Semi-detached House,6,York Centre
1159170,STR-2209-HRSRVL,436 Clinton St,Laneway House,M6G,Single/Semi-detached House,11,University-Rosedale
1159171,STR-2209-GDCDVF,141 Booth Ave,,M4M,Single/Semi-detached House,14,Toronto-Danforth
1159172,STR-2209-GLJDVG,88 Blue Jays Way,1210,M5V,Condominium,10,Spadina-Fort York
1159173,STR-2209-GTQDVH,32 Alma Ave,1,M6J,Single/Semi-detached House,9,Davenport
1159174,STR-2209-HBWDVJ,50 Medford Ave,,M1L,Single/Semi-detached House,20,Scarborough Southwest
1159175,STR-2209-GDSRVF,350 Queens Quay W,2112,M5V,Apartment,10,Spadina-Fort York
1159176,STR-2209-HKSRVK,90 Trinity St,509,M5A,Condominium,13,Toronto Centre
1159177,STR-2209-JBWDVM,356 Queen St E,2,M5A,Townhouse/ Row House,13,Toronto Centre
1159178,STR-2209-FQLRVC,223 St Clair Ave W,1102,M4V,Condominium,12,Toronto-St. Paul's
1159179,STR-2209-FXSRVD,6 Annapearl Crt,,M2N,Single/Semi-detached House,18,Willowdale
1159180,STR-2209-GFYRVF,6 Annapearl Crt,,M2N,Single/Semi-detached House,18,Willowdale
1159181,STR-2209-GPFRVG,14 York St,6303,M5J,Condominium,10,Spadina-Fort York
1159182,STR-2209-HDSRVJ,100 Gloucester St,901,M4Y,Apartment,13,Toronto Centre
1159183,STR-2209-HLYRVK,1 Ketchum Pl,,M1V,Single/Semi-detached House,23,Scarborough North
1159184,STR-2209-JCLRVM,91 Hove St,,M3H,Single/Semi-detached House,6,York Centre
1159185,STR-2209-FRCDVC,27 Brock Ave,205,M6K,Condominium,4,Parkdale-High Park
1159186,STR-2209-GPWDVG,637 Wellington St W,,M5V,Townhouse/ Row House,10,Spadina-Fort York
1159187,STR-2209-JDCDVM,300 Front St W,4208,M5V,Condominium,10,Spadina-Fort York
1159188,STR-2209-FJLRVB,345 McKee Ave,,M2N,Single/Semi-detached House,18,Willowdale
1159189,STR-2209-GHFRVF,249 Bicknell Ave,,M6M,Single/Semi-detached House,5,York South-Weston
1159190,STR-2209-GXSRVH,955 Bay St,3109,M5S,Condominium,13,Toronto Centre
1159191,STR-2209-GHWDVF,43 Cecil St,A,M5T,Duplex/Triplex/Fourplex,11,University-Rosedale
1159192,STR-2209-GRCDVG,64 Hillside Dr,,M4K,Single/Semi-detached House,14,Toronto-Danforth
1159193,STR-2209-HPWDVK,590 Bloor St W,2,M6G,Duplex/Triplex/Fourplex,11,University-Rosedale
1159194,STR-2209-JFJDVM,12 Coleridge Ave,Suite-R,M4C,Single/Semi-detached House,19,Beaches-East York
1159195,STR-2209-GRSRVG,4645 Jane St,1101,M3N,Condominium,7,Humber River-Black Creek
1159196,STR-2209-HQLRVK,32 Albani St,,M8V,Single/Semi-detached House,3,Etobicoke-Lakeshore
1159197,STR-2209-GBWDVD,120 Homewood Ave,116,M4Y,Condominium,13,Toronto Centre
1159198,STR-2209-GSJDVG,35 Heaslip Ter,,M1T,Single/Semi-detached House,22,Scarborough-Agincourt
1159199,STR-2209-HHWDVJ,117 Meadowcliffe Dr,,M1M,Single/Semi-detached House,20,Scarborough Southwest
1159200,STR-2209-HYJDVL,21 Iceboat Ter,723,M5V,Condominium,10,Spadina-Fort York
1159201,STR-2209-JGQDVM,567 Craven Rd,,M4L,Single/Semi-detached House,14,Toronto-Danforth
1159202,STR-2209-FLZXVC,30 Nelson St,14,M5V,Townhouse/ Row House,10,Spadina-Fort York
1159203,STR-2209-FVGXVD,250 Major St,2,M5S,Duplex/Triplex/Fourplex,11,University-Rosedale
1159204,STR-2210-GKTXVG,300 Front St W,3502,M5V,Condominium,10,Spadina-Fort York
1159205,STR-2210-HBGXVJ,350 Horsham Ave,,M2R,Single/Semi-detached House,18,Willowdale
1159206,STR-2210-HJMXVK,373 Front St W,2201,M5V,Condominium,10,Spadina-Fort York
1159207,STR-2210-HRTXVL,18 Hollywood Ave,1405,M2N,Condominium,18,Willowdale
1159208,STR-2210-FMRKVC,16 Burlington St,,M8V,Single/Semi-detached House,3,Etobicoke-Lakeshore
1159209,STR-2210-GDDKVF,56 Avonlea Blvd,,M4C,Single/Semi-detached House,19,Beaches-East York
1159210,STR-2210-GLKKVG,151 Dawes Rd,,M4C,Single/Semi-detached House,19,Beaches-East York
1159211,STR-2210-HZRKVM,757 Huntingwood Dr,,M1T,Single/Semi-detached House,22,Scarborough-Agincourt
1159212,STR-2210-FWMXVD,1593 Bathurst St,,M5P,Single/Semi-detached House,12,Toronto-St. Paul's
1159213,STR-2210-GDTXVF,35 Orpington Cres,,M9V,Single/Semi-detached House,1,Etobicoke North
1159214,STR-2210-HCMXVJ,87 Pintail Cres,BSMT,M3A,Duplex/Triplex/Fourplex,16,Don Valley East
1159215,STR-2210-HKTXVK,255 Homewood Ave,,M2R,Single/Semi-detached House,18,Willowdale
1159216,STR-2210-HSZXVL,1501 Woodbine Ave,804,M4C,Apartment,19,Beaches-East York
1159217,STR-2210-FGRKVB,41 Dovercourt Rd,610,M6J,Condominium,10,Spadina-Fort York
1159218,STR-2210-GFKKVF,44 Barkwood Cres,,M2H,Single/Semi-detached House,17,Don Valley North
1159219,STR-2210-GMRKVG,215 Fort York Blvd,2010,M5V,Condominium,10,Spadina-Fort York
1159220,STR-2210-GVXKVH,1706 Gerrard St E,,M4L,Single/Semi-detached House,19,Beaches-East York
1159221,STR-2210-HLKKVK,458 Richmond St W,1109,M5V,Condominium,10,Spadina-Fort York
1159222,STR-2210-FHGXVB,12 York St,4203,M5J,Condominium,10,Spadina-Fort York
1159223,STR-2210-FXTXVD,133 Brooklawn Ave,,M1M,Single/Semi-detached House,20,Scarborough Southwest
1159224,STR-2210-GFZXVF,148 Pleasant Ave,,M2M,Single/Semi-detached House,18,Willowdale
1159225,STR-2210-GWMXVH,832 Bay St,1506,M5S,Condominium,11,University-Rosedale
1159226,STR-2210-HDTXVJ,153 Denison Ave,,M5T,Townhouse/ Row House,11,University-Rosedale
1159227,STR-2210-HLZXVK,8 Flagler St,,M4X,Townhouse/ Row House,13,Toronto Centre
1159228,STR-2210-GPXKVG,14 York St,1108,M5J,Condominium,10,Spadina-Fort York
1159229,STR-2210-GXDKVH,98 Lloyd Manor Rd,,M9B,Single/Semi-detached House,2,Etobicoke Centre
1159230,STR-2210-HFKKVJ,155 Downsview Park Blvd,115,M3K,Townhouse/ Row House,6,York Centre
1159231,STR-2210-FRTXVC,561 Sherbourne St,1503,M4X,Condominium,13,Toronto Centre
1159232,STR-2210-GHGXVF,44 Lowcrest Blvd,,M1T,Single/Semi-detached House,22,Scarborough-Agincourt
1159233,STR-2210-GQMXVG,17 Ferrier Ave,,M4K,Single/Semi-detached House,14,Toronto-Danforth
1159234,STR-2210-GXTXVH,11 Abbs St,,M6K,Single/Semi-detached House,4,Parkdale-High Park
1159235,STR-2210-HFZXVJ,151 Dan Leckie Way,210,M5V,Condominium,10,Spadina-Fort York
1159236,STR-2210-HWMXVL,208 Queens Quay W,2408,M5J,Condominium,10,Spadina-Fort York
1159237,STR-2210-HXDKVL,155 Strachan Ave,,M6J,Single/Semi-detached House,10,Spadina-Fort York
1159238,STR-2210-JFKKVM,218 Queens Quay W,610,M5J,Condominium,10,Spadina-Fort York
1159239,STR-2210-HHGXVJ,326 Salem Ave,,M6H,Single/Semi-detached House,9,Davenport
1159240,STR-2210-FLKKVB,99 Broadway Ave,2009,M4P,Condominium,12,Toronto-St. Paul's
1159241,STR-2210-GKDKVF,120 Homewood Ave,2102,M4Y,Condominium,13,Toronto Centre
1159242,STR-2210-GSKKVG,8 The Esplanade,905,M5E,Condominium,13,Toronto Centre
1159243,STR-2210-FDWDVB,219 Fort York Blvd,615,M5V,Condominium,10,Spadina-Fort York
1159244,STR-2210-GCQDVF,51 Snapdragon Dr,,M2J,Single/Semi-detached House,17,Don Valley North
1159245,STR-2210-GKWDVG,23 Moncrieff Dr,,M9W,Single/Semi-detached House,1,Etobicoke North
1159246,STR-2210-HBJDVJ,27 Eastdale Ave,,M4C,Single/Semi-detached House,19,Beaches-East York
1159247,STR-2210-HZCDVM,31 Tyndall Ave,1,M6K,Duplex/Triplex/Fourplex,4,Parkdale-High Park
1159248,STR-2210-FFLRVB,55 Bremner Blvd,3206,M5J,Condominium,10,Spadina-Fort York
1159249,STR-2210-FVYRVD,22 Felicity Dr,,M1H,Single/Semi-detached House,24,Scarborough-Guildwood
1159250,STR-2210-GDFRVF,63 Brooklyn Ave,,M4M,Duplex/Triplex/Fourplex,14,Toronto-Danforth
1159251,STR-2210-GLLRVG,27 Irvington Cres,,M2N,Single/Semi-detached House,18,Willowdale
1159252,STR-2210-HSLRVL,999A Dovercourt Rd,,M6H,Single/Semi-detached House,9,Davenport
1159253,STR-2210-HZSRVM,16 Archway Cres,,M9M,Single/Semi-detached House,7,Humber River-Black Creek
1159254,STR-2210-FPJDVC,407 Glenholme Ave,,M6E,Single/Semi-detached House,12,Toronto-St. Paul's
1159255,STR-2210-GDWDVF,21 Iceboat Ter,2502,M5V,Condominium,10,Spadina-Fort York
1159256,STR-2210-HCQDVJ,71 Robbins Ave,,M4L,Single/Semi-detached House,19,Beaches-East York
1159257,STR-2210-HKWDVK,42 Amberley Dr,,M1R,Single/Semi-detached House,21,Scarborough Centre
1159258,STR-2210-HTCDVL,151 Dan Leckie Way,512,M5V,Condominium,10,Spadina-Fort York
1159259,STR-2210-FGSRVB,2652 Lake Shore Blvd W,,M8V,Single/Semi-detached House,3,Etobicoke-Lakeshore
1159260,STR-2210-FPYRVC,129 Pearson Ave,,M6R,Townhouse/ Row House,4,Parkdale-High Park
1159261,STR-2210-GVYRVH,13 Glen Baillie Pl,,M5T,Townhouse/ Row House,11,University-Rosedale
1159262,STR-2210-HLLRVK,213 Nairn Ave,,M6E,Single/Semi-detached House,9,Davenport
1159263,STR-2210-FXWDVD,36 Abitibi Ave,,M2M,Single/Semi-detached House,18,Willowdale
1159264,STR-2210-GWQDVH,215 Fort York Blvd,2309,M5V,Condominium,10,Spadina-Fort York
1159265,STR-2210-HDWDVJ,358 Glen Park Ave,,M6B,Single/Semi-detached House,8,Eglinton-Lawrence
1159266,STR-2210-HMCDVK,251 Jarvis St,902,M5B,Condominium,13,Toronto Centre
1159267,STR-2103-GXGDVH,15 Glengrove Ave E,,M4N,Duplex/Triplex/Fourplex,15,Don Valley West
1159268,STR-2210-GXFRVH,8 York St,3604,M5J,Condominium,10,Spadina-Fort York
1159269,STR-2210-HVYRVL,62 Newmarket Ave,Upper,M4C,Single/Semi-detached House,19,Beaches-East York
1159270,STR-2103-FWQRVD,111 Wheeler Ave,1,M4L,Single/Semi-detached House,19,Beaches-East York
1159271,STR-2103-JBJRVM,14 York St,5104,M5J,Condominium,10,Spadina-Fort York
1159272,STR-2103-FGTDVB,350 Queens Quay W,1207,M5V,Apartment,10,Spadina-Fort York
1159273,STR-2103-FXGDVD,12 York St,1609,M5J,Condominium,10,Spadina-Fort York
1159274,STR-2103-JBZDVM,300 Front St W,3902,M5V,Condominium,10,Spadina-Fort York
1159275,STR-2103-GGCRVF,460 Ossington Ave,Laneway Suite,M6G,Single/Semi-detached House,9,Davenport
1159276,STR-2103-GPJRVG,30 Renshaw St,Basement,M3M,Single/Semi-detached House,6,York Centre
1159277,STR-2103-FYMDVD,12 York St,1109,M5J,Condominium,10,Spadina-Fort York
1159278,STR-2103-HFMDVJ,560 Front St W,805,M5V,Condominium,10,Spadina-Fort York
1159279,STR-2103-FRWRVC,140 Hilton Ave,,M5R,Single/Semi-detached House,12,Toronto-St. Paul's
1159280,STR-2103-HWQRVL,1530 Dufferin St,,M6H,Single/Semi-detached House,9,Davenport
1159281,STR-2103-FSMDVC,15 Currie Ave,,M4C,Single/Semi-detached House,19,Beaches-East York
1159282,STR-2103-HPZDVK,151 Dan Leckie Way,503,M5V,Apartment,10,Spadina-Fort York
1159283,STR-2103-JFMDVM,11 Foundry Ave,231,M6H,Townhouse/ Row House,9,Davenport
1159284,STR-2103-GBJRVD,199 Millwood Rd,UPPER APT,M4S,Duplex/Triplex/Fourplex,12,Toronto-St. Paul's
1159285,STR-2103-JGCRVM,14 York St,2305,M5J,Apartment,10,Spadina-Fort York
1159286,STR-2103-GBZDVD,14 York St,612,M5J,Condominium,10,Spadina-Fort York
1159287,STR-2103-FVKXVD,1578 Queen St E,Upper Unit,M4L,Apartment,14,Toronto-Danforth
1159288,STR-2103-HSPKVL,101 Peter St,1705,M5V,Condominium,10,Spadina-Fort York
1159289,STR-2103-FWRXVD,39 Larabee Cres,,M3A,Single/Semi-detached House,16,Don Valley East
1159290,STR-2103-GVKXVH,103 St Hubert Ave,Basement,M4J,Single/Semi-detached House,14,Toronto-Danforth
1159291,STR-2103-JBKXVM,100 Ruscica Dr,,M4A,Single/Semi-detached House,16,Don Valley East
1159292,STR-2103-FQBKVC,165 Legion Rd N,1825,M8Y,Condominium,3,Etobicoke-Lakeshore
1159293,STR-2103-FXHKVD,81 Pickering St,,M4E,Single/Semi-detached House,19,Beaches-East York
1159294,STR-2104-FQRXVC,82 Faye Dr,,M2J,Single/Semi-detached House,17,Don Valley North
1159295,STR-2104-GWRXVH,27 Sudbury St,2705,M6J,Townhouse/ Row House,10,Spadina-Fort York
1159296,STR-2104-HDXXVJ,155 Winchester St,1,M4X,Duplex/Triplex/Fourplex,13,Toronto Centre
1159297,STR-2104-HMDXVK,74A Yore Rd,Basement,M6M,Single/Semi-detached House,5,York South-Weston
1159298,STR-2104-HFPKVJ,25 Carlton St,904,M5B,Condominium,13,Toronto Centre
1159299,STR-2104-HWBKVL,477 Richmond St W,201,M5V,Condominium,10,Spadina-Fort York
1159300,STR-2104-FZDXVD,219 Fort York Blvd,903,M5V,Condominium,10,Spadina-Fort York
1159301,STR-2104-GHKXVF,268 Greenwood Ave,,M4L,Single/Semi-detached House,14,Toronto-Danforth
1159302,STR-2104-GQRXVG,12 Alder Rd,Upper,M4B,Single/Semi-detached House,19,Beaches-East York
1159303,STR-2104-GJBKVF,26 Unsworth Ave,,M5M,Single/Semi-detached House,8,Eglinton-Lawrence
1159304,STR-2104-GRHKVG,153 Church St,A,M5B,Apartment,13,Toronto Centre
1159305,STR-2104-HGVKVJ,12 York St,304,M5J,Condominium,10,Spadina-Fort York
1159306,STR-2104-HXHKVL,30 Nelson St,1609,M5V,Condominium,10,Spadina-Fort York
1159307,STR-2104-GBKXVD,1630 Dundas St W,8,M6K,Apartment,9,Davenport
1159308,STR-2104-GRXXVG,36 Kent Rd,,M4L,Single/Semi-detached House,14,Toronto-Danforth
1159309,STR-2104-HHKXVJ,65 McGee St,,M4M,Single/Semi-detached House,14,Toronto-Danforth
1159310,STR-2104-FLPKVB,120 Homewood Ave,3309,M4Y,Condominium,13,Toronto Centre
1159311,STR-2104-FTVKVC,188 Cumberland St,1913,M5R,Condominium,11,University-Rosedale
1159312,STR-2104-HJTDVK,930 St Clair Ave W,301,M6C,Apartment,9,Davenport
1159313,STR-2104-FMWRVC,148 Springhurst Ave,102,M6K,Apartment,4,Parkdale-High Park
1159314,STR-2104-FGGDVB,650 King St W,208,M5V,Condominium,10,Spadina-Fort York
1159315,STR-2104-FQCRVC,1 Lake Shore Dr,Lakefront unit,M8V,Single/Semi-detached House,3,Etobicoke-Lakeshore
1159316,STR-2104-FXJRVD,12 York St,1101,M5J,Condominium,10,Spadina-Fort York
1159317,STR-2104-JCCRVM,195 Pinewood Ave,,M6C,Single/Semi-detached House,12,Toronto-St. Paul's
1159318,STR-2105-FJCRVB,64 Beatrice St,Upper Unit,M6J,Single/Semi-detached House,11,University-Rosedale
1159319,STR-2105-GQCRVG,14 York St,2905,M5J,Condominium,10,Spadina-Fort York
1159320,STR-2105-GXJRVH,160 Vanderhoof Ave,1708,M4G,Condominium,15,Don Valley West
1159321,STR-2105-JDJRVM,30 Shore Breeze Dr,438,M8V,Condominium,3,Etobicoke-Lakeshore
1159322,STR-2105-FJTDVB,208 Hastings Ave,,M4L,Single/Semi-detached House,14,Toronto-Danforth
1159323,STR-2105-JDZDVM,21 Slater Crt,,M3L,Single/Semi-detached House,6,York Centre
1159324,STR-2105-GJCRVF,34 Glenallan Rd,,M4N,Single/Semi-detached House,15,Don Valley West
1159325,STR-2105-HQCRVK,9 Westbank Cres,UPPER,M9P,Single/Semi-detached House,2,Etobicoke Centre
1159326,STR-2105-HXJRVL,55 Bremner Blvd,3005,M5J,Condominium,10,Spadina-Fort York
1159327,STR-2105-JFQRVM,7 Eleventh St,Upper,M8V,Single/Semi-detached House,3,Etobicoke-Lakeshore
1159328,STR-2105-GJTDVF,3091 Dufferin St,325,M6A,Condominium,8,Eglinton-Lawrence
1159329,STR-2105-GZWRVH,12 York St,905,M5J,Condominium,10,Spadina-Fort York
1159330,STR-2105-HYQRVL,156 Cummer Ave,,M2M,Single/Semi-detached House,18,Willowdale
1159331,STR-2105-FFBKVB,8 Wellesley St E,511,M4Y,Condominium,13,Toronto Centre
1159332,STR-2105-FWDXVD,9 Windermere Ave,94,M6S,Townhouse/ Row House,4,Parkdale-High Park
1159333,STR-2105-GDKXVF,135 Maitland St,102,M4Y,Condominium,13,Toronto Centre
1159334,STR-2105-HFBKVJ,119 Brickworks Lane,,M6N,Townhouse/ Row House,5,York South-Weston
1159335,STR-2105-JBPKVM,197 Palmerston Ave,,M6J,Single/Semi-detached House,11,University-Rosedale
1159336,STR-2105-GMXXVG,34 Tecumseth St,,M5V,Townhouse/ Row House,10,Spadina-Fort York
1159337,STR-2105-HLRXVK,780 O'Connor Dr,Basement,M4B,Single/Semi-detached House,19,Beaches-East York
1159338,STR-2105-FQVKVC,251 St George St,301,M5R,Apartment,11,University-Rosedale
1159339,STR-2105-FRKXVC,295 Rhodes Ave,,M4L,Single/Semi-detached House,14,Toronto-Danforth
1159340,STR-2105-FYRXVD,666 Yonge St,2,M4Y,Single/Semi-detached House,13,Toronto Centre
1159341,STR-2105-HMXXVK,136 Spears St,,M6N,Single/Semi-detached House,5,York South-Weston
1159342,STR-2105-JDKXVM,266 Maria St,,M6P,Single/Semi-detached House,4,Parkdale-High Park
1159343,STR-2105-FJVKVB,477 Richmond St W,401,M5V,Condominium,10,Spadina-Fort York
1159344,STR-2105-GQVKVG,215 Fort York Blvd,2711,M5V,Condominium,10,Spadina-Fort York
1159345,STR-2105-HPPKVK,14 York St,6708,M5J,Condominium,10,Spadina-Fort York
1159346,STR-2105-HWVKVL,565 Sherbourne St,2511,M4X,Apartment,13,Toronto Centre
1159347,STR-2105-FZXXVD,534 Strathmore Blvd,Main/Upper Floor,M4C,Duplex/Triplex/Fourplex,19,Beaches-East York
1159348,STR-2105-GRKXVG,12 York St,3211,M5J,Condominium,10,Spadina-Fort York
1159349,STR-2105-GYRXVH,13A Delaware Ave,Main,M6H,Single/Semi-detached House,9,Davenport
1159350,STR-2106-GZHKVH,80 Western Battery Rd,1506,M6K,Condominium,10,Spadina-Fort York
1159351,STR-2106-HHPKVJ,645 Davenport Rd,8,M5R,Condominium,12,Toronto-St. Paul's
1159352,STR-2106-FTXXVC,21 Iceboat Ter,2507,M5V,Condominium,10,Spadina-Fort York
1159353,STR-2106-GCDXVD,103 Ashdale Ave,2,M4L,Duplex/Triplex/Fourplex,14,Toronto-Danforth
1159354,STR-2106-GSRXVG,24 Denrock Dr,,M2K,Single/Semi-detached House,17,Don Valley North
1159355,STR-2106-GZXXVH,391 Ontario St,,M5A,Single/Semi-detached House,13,Toronto Centre
1159356,STR-2106-HYRXVL,94 Tecumseth St,B,M6J,Duplex/Triplex/Fourplex,10,Spadina-Fort York
1159357,STR-2106-GCWRVF,5 Orleans Dr,,M1C,Single/Semi-detached House,25,Scarborough-Rouge Park
1159358,STR-2106-HBQRVJ,190 Westminster Ave,,M6R,Duplex/Triplex/Fourplex,4,Parkdale-High Park
1159359,STR-2106-FFTDVB,141 Rhodes Ave,1,M4L,Duplex/Triplex/Fourplex,14,Toronto-Danforth
1159360,STR-2106-FMZDVC,300 Front St W,3408,M5V,Condominium,10,Spadina-Fort York
1159361,STR-2106-HCGDVJ,270 Wellington St W,1110,M5V,Condominium,10,Spadina-Fort York
1159362,STR-2106-HKMDVK,198 Merton St,,M4S,Townhouse/ Row House,12,Toronto-St. Paul's
1159363,STR-2106-FWWRVD,10 Capreol Crt,1202,M5V,Condominium,10,Spadina-Fort York
1159364,STR-2106-GFCRVF,14 York St,4602,M5J,Condominium,10,Spadina-Fort York
1159365,STR-2106-GMJRVG,95 Grandville Ave,,M6N,Single/Semi-detached House,5,York South-Weston
1159366,STR-2106-GVQRVH,55 Ash Cres,,M8W,Single/Semi-detached House,3,Etobicoke-Lakeshore
1159367,STR-2106-HTJRVL,77 Arlington Ave,,M6G,Single/Semi-detached House,12,Toronto-St. Paul's
1159368,STR-2106-FYCRVD,168 Simcoe St,803,M5H,Condominium,10,Spadina-Fort York
1159369,STR-2106-GGJRVF,50 Wells St,Main Floor,M5R,Single/Semi-detached House,11,University-Rosedale
1159370,STR-2106-HVQRVL,219 Fort York Blvd,3702,M5V,Condominium,10,Spadina-Fort York
1159371,STR-2106-GGZDVF,300 Front St W,2412,M5V,Condominium,10,Spadina-Fort York
1159372,STR-2106-HFTDVJ,382 Ontario St,,M5A,Single/Semi-detached House,13,Toronto Centre
1159373,STR-2106-HMZDVK,55 Bremner Blvd,1303,M5J,Condominium,10,Spadina-Fort York
1159374,STR-2106-FJWRVB,33 Roseheath Ave,,M4C,Single/Semi-detached House,19,Beaches-East York
1159375,STR-2106-FZJRVD,30 Ordnance St,101,M6K,Condominium,10,Spadina-Fort York
1159376,STR-2106-GQWRVG,300 Front St W,3906,M5V,Condominium,10,Spadina-Fort York
1159377,STR-2106-GYCRVH,199 Richmond St W,601,M5V,Condominium,10,Spadina-Fort York
1159378,STR-2106-HGJRVJ,300 Front St W,3606,M5V,Condominium,10,Spadina-Fort York
1159379,STR-2106-HWWRVL,357 Kingston Rd,,M4L,Single/Semi-detached House,19,Beaches-East York
1159380,STR-2106-GJGDVF,456 College St,408,M6G,Condominium,11,University-Rosedale
1159381,STR-2106-HGZDVJ,3 Greentree Crt,9b,M6M,Apartment,5,York South-Weston
1159382,STR-2106-HXMDVL,65 Bremner Blvd,4910,M5J,Condominium,10,Spadina-Fort York
1159383,STR-2106-FTJRVC,64 Venetian Cres,Upper Floor,M3N,Single/Semi-detached House,7,Humber River-Black Creek
1159384,STR-2106-JGJRVM,216 Conlins Rd,,M1C,Single/Semi-detached House,25,Scarborough-Rouge Park
1159385,STR-2106-FLTDVB,40 Silas Hill Dr,,M2J,Single/Semi-detached House,17,Don Valley North
1159386,STR-2106-GLFBHG,243 Beatrice St,,M6G,Townhouse/ Row House,11,University-Rosedale
1159387,STR-2106-FPBPHC,668 Yonge St,B,M4Y,Townhouse/ Row House,13,Toronto Centre
1159388,STR-2106-HCHPHJ,32 Camden St,1004,M5V,Condominium,10,Spadina-Fort York
1159389,STR-2106-HKPPHK,155 Yorkville Ave,606,M5R,Condominium,11,University-Rosedale
1159390,STR-2106-HSVPHL,761 Kingston Rd,basement,M4E,Single/Semi-detached House,19,Beaches-East York
1159391,STR-2106-JBBPHM,21 Iceboat Ter,2803,M5V,Condominium,10,Spadina-Fort York
1159392,STR-2106-FPSBHC,89 Dunfield Ave,407,M4S,Condominium,12,Toronto-St. Paul's
1159393,STR-2106-FQHPHC,10 Goodwood Ave,,M6E,Single/Semi-detached House,9,Davenport
1159394,STR-2106-GPBPHG,34 Tubman Ave,713,M5A,Condominium,13,Toronto Centre
1159395,STR-2106-HVBPHL,309 Lake Promenade,,M8W,Single/Semi-detached House,3,Etobicoke-Lakeshore
1159396,STR-2106-JCHPHM,56A Elmhurst Dr,,M9W,Single/Semi-detached House,1,Etobicoke North
1159397,STR-2107-HVSBHL,61 Delaney Cres,,M6K,Single/Semi-detached House,9,Davenport
1159398,STR-2107-FRPPHC,17 Lormar Dr,,M9B,Single/Semi-detached House,2,Etobicoke Centre
1159399,STR-2107-GQHPHG,55 Bremner Blvd,4104,M5J,Condominium,10,Spadina-Fort York
1159400,STR-2107-HFVPHJ,263A Gamble Ave,,M4J,Single/Semi-detached House,14,Toronto-Danforth
1159401,STR-2107-HWHPHL,230 Queens Quay W,729,M5J,Condominium,10,Spadina-Fort York
1159402,STR-2107-FJYBHB,195 Bonis Ave,502,M1T,Condominium,22,Scarborough-Agincourt
1159403,STR-2107-FSFBHC,217 Crawford St,,M6J,Single/Semi-detached House,10,Spadina-Fort York
1159404,STR-2107-HGLBHJ,71 Longbow Sq,,M1W,Single/Semi-detached House,22,Scarborough-Agincourt
1159405,STR-2107-FKPPHB,14 Lanark Ave,,M6C,Single/Semi-detached House,12,Toronto-St. Paul's
1159406,STR-2107-GJHPHF,216 Lippincott St,2nd floor,M5S,Duplex/Triplex/Fourplex,11,University-Rosedale
1159407,STR-2107-GYVPHH,8 York St,1711,M5J,Condominium,10,Spadina-Fort York
1159408,STR-2107-HHBPHJ,21 Rialto Dr,,M3A,Single/Semi-detached House,16,Don Valley East
1159409,STR-2107-HXPPHL,15 Denison Rd W,,M9N,Single/Semi-detached House,5,York South-Weston
1159410,STR-2107-GSFBHG,111 Woodfield Rd,,M4L,Single/Semi-detached House,14,Toronto-Danforth
1159411,STR-2107-JGLBHM,902 Davenport Rd,2,M6G,Duplex/Triplex/Fourplex,12,Toronto-St. Paul's
1159412,STR-2107-FLWVHC,33 Curzon St,,M4M,Single/Semi-detached House,14,Toronto-Danforth
1159413,STR-2107-FVCVHD,200 St Helen's Ave,Main Floor,M6H,Single/Semi-detached House,9,Davenport
1159414,STR-2107-GCJVHF,175 Hamilton St,,M4M,Single/Semi-detached House,14,Toronto-Danforth
1159415,STR-2107-GKQVHG,270 Wellington St W,1001,M5V,Condominium,10,Spadina-Fort York
1159416,STR-2107-GCZHHF,1074 Warden Ave,,M1R,Single/Semi-detached House,21,Scarborough Centre
1159417,STR-2107-HBTHHJ,282 Westmount Ave,,M6E,Single/Semi-detached House,9,Davenport
1159418,STR-2107-HZMHHM,21 Iceboat Ter,3202,M5V,Condominium,10,Spadina-Fort York
1159419,STR-2107-GVCVHH,21 Iceboat Ter,2203,M5V,Condominium,10,Spadina-Fort York
1159420,STR-2107-JBCVHM,14 Katherine Rd,,M3K,Single/Semi-detached House,6,York Centre
1159421,STR-2107-FGMHHB,65 Bremner Blvd,1610,M5J,Condominium,10,Spadina-Fort York
1159422,STR-2107-GFGHHF,67 Orchardcroft Cres,,M3J,Single/Semi-detached House,6,York Centre
1159423,STR-2107-HCZHHJ,12 York St,705,M5J,Condominium,10,Spadina-Fort York
1159424,STR-2107-HTMHHL,767 Annette St,1,M6S,Duplex/Triplex/Fourplex,4,Parkdale-High Park
1159425,STR-2107-FQJVHC,142 Rhodes Ave,,M4L,Townhouse/ Row House,14,Toronto-Danforth
1159426,STR-2107-GWJVHH,30 Shore Breeze Dr,330,M8V,Condominium,3,Etobicoke-Lakeshore
1159427,STR-2107-HDQVHJ,24 Ford St,Upper,M6N,Duplex/Triplex/Fourplex,9,Davenport
1159428,STR-2107-JCJVHM,3 Mitchell Ave,,M6J,Townhouse/ Row House,10,Spadina-Fort York
1159429,STR-2107-FQZHHC,83 Hilda Ave,,M2M,Single/Semi-detached House,18,Willowdale
1159430,STR-2305-JCKXVZ,31 Hallam St,1,M6G,Duplex/Triplex/Fourplex,11,University-Rosedale
1159431,STR-2107-FRQVHC,145 Denison Ave,,M5T,Single/Semi-detached House,11,University-Rosedale
1159432,STR-2107-GQJVHG,151 Dan Leckie Way,716,M5V,Condominium,10,Spadina-Fort York
1159433,STR-2107-HWJVHL,12 York St,2002,M5J,Condominium,10,Spadina-Fort York
1159434,STR-2107-FJZHHB,172 High Park Ave,Upper Unit,M6P,Single/Semi-detached House,4,Parkdale-High Park
1159435,STR-2107-FSGHHC,29 Glenmount Park Rd,,M4E,Single/Semi-detached House,19,Beaches-East York
1159436,STR-2107-GHTHHF,12 York St,5602,M5J,Condominium,10,Spadina-Fort York
1159437,STR-2107-HWZHHL,160 Erskine Ave,1904,M4P,Apartment,15,Don Valley West
1159438,STR-2107-JFGHHM,319 Markham St,,M6G,Duplex/Triplex/Fourplex,11,University-Rosedale
1159439,STR-2107-FSWVHC,20 John St,518,M5V,Condominium,10,Spadina-Fort York
1159440,STR-2108-HQLBHK,635 Greenwood Ave,,M4J,Duplex/Triplex/Fourplex,14,Toronto-Danforth
1159441,STR-2107-GRQVHG,14 York St,6506,M5J,Condominium,10,Spadina-Fort York
1159442,STR-2107-HHCVHJ,39 Russett Ave,,M6H,Single/Semi-detached House,9,Davenport
1159443,STR-2107-GBTHHD,249 Logan Ave,1,M4M,Apartment,14,Toronto-Danforth
1159444,STR-2107-GJZHHF,161 Dan Leckie Way,G15,M5V,Townhouse/ Row House,10,Spadina-Fort York
1159445,STR-2107-HQZHHK,64 Millicent St,2,M6H,Duplex/Triplex/Fourplex,9,Davenport
1159446,STR-2107-HJLBHK,251 Jarvis St,3008,M5B,Condominium,13,Toronto Centre
1159447,STR-2107-HRSBHL,151 Dan Leckie Way,348,M5V,Condominium,10,Spadina-Fort York
1159448,STR-2107-HYYBHM,233 Shaw St,A,M6J,Duplex/Triplex/Fourplex,10,Spadina-Fort York
1159449,STR-2107-FMPPHC,252 Woodfield Rd,,M4L,Single/Semi-detached House,14,Toronto-Danforth
1159450,STR-2107-FVVPHD,750 Crawford St,,M6G,Single/Semi-detached House,11,University-Rosedale
1159451,STR-2107-GLHPHG,55 Bremner Blvd,2910,M5J,Condominium,10,Spadina-Fort York
1159452,STR-2107-HKBPHK,111 Tulane Cres,,M3A,Single/Semi-detached House,16,Don Valley East
1159453,STR-2107-HSHPHL,1257 Dundas St W,,M6J,Single/Semi-detached House,10,Spadina-Fort York
1159454,STR-2107-HZPPHM,955 Bay St,620,M5S,Condominium,13,Toronto Centre
1159455,STR-2107-JBVPHM,542 Roxton Rd,,M6G,Single/Semi-detached House,11,University-Rosedale
1159456,STR-2107-FHFBHB,304 Glebemount Ave,,M4C,Single/Semi-detached House,19,Beaches-East York
1159457,STR-2107-FQLBHC,300 Front St W,708,M5V,Condominium,10,Spadina-Fort York
1159458,STR-2107-FXSBHD,2782 Eglinton Ave E,1,M1J,Townhouse/ Row House,21,Scarborough Centre
1159459,STR-2107-GPFBHG,208 Queens Quay W,1413,M5J,Condominium,10,Spadina-Fort York
1159460,STR-2305-JBDXVZ,191 Lisgar St,,M6J,Single/Semi-detached House,9,Davenport
1159461,STR-2107-HLYBHK,175 Jeffcoat Dr,Upstairs Unit,M9W,Single/Semi-detached House,1,Etobicoke North
1159462,STR-2107-GPVPHG,216 Lippincott St,1st Floor,M5S,Duplex/Triplex/Fourplex,11,University-Rosedale
1159463,STR-2107-JDBPHM,12 York St,3807,M5J,Condominium,10,Spadina-Fort York
1159464,STR-2107-FJLBHB,153 Shaw St,,M6J,Single/Semi-detached House,10,Spadina-Fort York
1159465,STR-2107-GHVPHF,63A Drewry Ave,,M2M,Townhouse/ Row House,18,Willowdale
1159466,STR-2108-FSYBHC,605 Finch Ave W,102,M2R,Apartment,6,York Centre
1159467,STR-2108-GYYBHH,93 Boulton Ave,,M4M,Townhouse/ Row House,14,Toronto-Danforth
1159468,STR-2108-JFYBHM,105 George St,1414,M5A,Condominium,13,Toronto Centre
1159469,STR-2108-FTPPHC,984 Midland Ave,,M1K,Single/Semi-detached House,21,Scarborough Centre
1159470,STR-2108-HRBPHK,27 George Webster Rd,2,M4B,Single/Semi-detached House,19,Beaches-East York
1159471,STR-2108-FLZHHC,113 Navenby Cres,,M9L,Single/Semi-detached House,7,Humber River-Black Creek
1159472,STR-2108-GKTHHG,27 Bathurst St,1805,M5V,Condominium,10,Spadina-Fort York
1159473,STR-2305-GSXXVV,50 Cosburn Ave,1202,M4K,Apartment,14,Toronto-Danforth
1159474,STR-2305-HBDXVW,1804 Dundas St E,,M4L,Single/Semi-detached House,14,Toronto-Danforth
1159475,STR-2305-HJKXVX,73 Widdicombe Hill Blvd,705,M9R,Condominium,2,Etobicoke Centre
1159476,STR-2305-HRRXVY,21 Clydesdale Dr,,M2J,Single/Semi-detached House,17,Don Valley North
1159477,STR-2305-FMPKVQ,1069 Spadina Rd,B,M5N,Single/Semi-detached House,8,Eglinton-Lawrence
1159478,STR-2305-HSHKVY,378 Drewry Ave,,M2R,Single/Semi-detached House,18,Willowdale
1159479,STR-2305-FPDXVQ,167 Weir Cres,,M1E,Single/Semi-detached House,24,Scarborough-Guildwood
1159480,STR-2305-FWKXVR,426 Montrose Ave,Main Floor,M6G,Single/Semi-detached House,11,University-Rosedale
1159481,STR-2305-GDRXVS,103 Gladstone Ave,3,M6J,Duplex/Triplex/Fourplex,9,Davenport
1159482,STR-2305-GLXXVT,700 King St W,1016,M5V,Condominium,10,Spadina-Fort York
1159483,STR-2305-GVDXVV,8 Mercer St,2612,M5V,Condominium,10,Spadina-Fort York
1159484,STR-2305-HCKXVW,186 Sixth St,,M8V,Single/Semi-detached House,3,Etobicoke-Lakeshore
1159485,STR-2305-HKRXVX,1 Old Mill Dr,703,M6S,Condominium,4,Parkdale-High Park
1159486,STR-2305-FGPKVP,569 Broadview Ave,A11,M4K,Apartment,14,Toronto-Danforth
1159487,STR-2305-FPVKVQ,150 Sudbury St,1808,M6J,Condominium,9,Davenport
1159488,STR-2305-GFHKVS,1928 Lake Shore Blvd W,3911,M6S,Condominium,4,Parkdale-High Park
1159489,STR-2305-GMPKVT,743 Glencairn Ave,,M6B,Single/Semi-detached House,8,Eglinton-Lawrence
1159490,STR-2305-GVVKVV,108 Woodmount Ave,,M4C,Single/Semi-detached House,19,Beaches-East York
1159491,STR-2305-HTPKVY,103 Wells Hill Ave,,M5R,Single/Semi-detached House,12,Toronto-St. Paul's
1159492,STR-2305-JBVKVZ,717 Lawrence Ave W,43,M6A,Condominium,8,Eglinton-Lawrence
1159493,STR-2305-FQKXVQ,71 Hepbourne St,2,M6H,Duplex/Triplex/Fourplex,9,Davenport
1159494,STR-2305-FXRXVR,1189 Woodbine Ave,,M4C,Single/Semi-detached House,19,Beaches-East York
1159495,STR-2305-GFXXVS,250 Wellington St W,841,M5V,Condominium,10,Spadina-Fort York
1159496,STR-2305-GPDXVT,150 East Liberty St,2608,M6K,Condominium,10,Spadina-Fort York
1159497,STR-2305-HLXXVX,22 William Duncan Rd,,M3K,Townhouse/ Row House,6,York Centre
1159498,STR-2305-HVDXVY,55 Bremner Blvd,4409,M5J,Condominium,10,Spadina-Fort York
1159499,STR-2305-FHVKVP,914 Yonge St,1209,M4W,Apartment,11,University-Rosedale
1159500,STR-2305-GXBKVV,472 Grace St,,M6G,Single/Semi-detached House,11,University-Rosedale
1159501,STR-2305-HFHKVW,307 Glenholme Ave,,M6E,Single/Semi-detached House,9,Davenport
1159502,STR-2305-HMPKVX,210 Victoria St,2906,M5B,Condominium,13,Toronto Centre
1159503,STR-2305-HVVKVY,9 Mabelle Ave,223,M9A,Condominium,3,Etobicoke-Lakeshore
1159504,STR-2305-JDBKVZ,101 Peter St,2912,M5V,Condominium,10,Spadina-Fort York
1159505,STR-2305-FJKXVP,9 Triple Crown Ave,,M9W,Townhouse/ Row House,1,Etobicoke North
1159506,STR-2305-FRRXVQ,12 Joseph Salsberg Lane,,M6J,Townhouse/ Row House,10,Spadina-Fort York
1159507,STR-2305-FYXXVR,1787 St Clair Ave W,1013,M6N,Condominium,9,Davenport
1159508,STR-2305-GHDXVS,209 Fort York Blvd,757,M5V,Condominium,10,Spadina-Fort York
1159509,STR-2305-GQKXVT,300 Front St W,3005,M5V,Condominium,10,Spadina-Fort York
1159510,STR-2305-GXRXVV,3091 Dufferin St,439,M6A,Condominium,8,Eglinton-Lawrence
1159511,STR-2305-HFXXVW,15 Iceboat Ter,2206,M5V,Condominium,10,Spadina-Fort York
1159512,STR-2305-HPDXVX,385B Hounslow Ave,,M2R,Single/Semi-detached House,18,Willowdale
1159513,STR-2305-HWKXVY,16 Harrison Garden Blvd,1503,M2N,Condominium,18,Willowdale
1159514,STR-2305-JDRXVZ,155 Yorkville Ave,2211,M5R,Condominium,11,University-Rosedale
1159515,STR-2305-FSHKVQ,151 Dan Leckie Way,517,M5V,Condominium,10,Spadina-Fort York
1159516,STR-2305-GHVKVS,151 Dan Leckie Way,303,M5V,Condominium,10,Spadina-Fort York
1159517,STR-2305-GRBKVT,2 Augusta Ave,lph08,M5V,Condominium,10,Spadina-Fort York
1159518,STR-2305-GYHKVV,1 Falaise Rd,214,M1E,Condominium,24,Scarborough-Guildwood
1159519,STR-2305-JFHKVZ,17 Lakeview Ave,Lower,M6J,Single/Semi-detached House,9,Davenport
1159520,STR-2305-FKRXVP,9 Donald Ave,2,M6M,Duplex/Triplex/Fourplex,5,York South-Weston
1159521,STR-2305-FSXXVQ,565 Shuter St,,M5A,Townhouse/ Row House,13,Toronto Centre
1159522,STR-2305-GBDXVR,3 Elmer Ave,,M4L,Single/Semi-detached House,19,Beaches-East York
1159523,STR-2305-GJKXVS,21 Iceboat Ter,2611,M5V,Condominium,10,Spadina-Fort York
1159524,STR-2305-GRRXVT,21 Iceboat Ter,232,M5V,Condominium,10,Spadina-Fort York
1159525,STR-2305-HXRXVY,320 Dixon Rd,1508,M9R,Condominium,1,Etobicoke North
1159526,STR-2305-JFXXVZ,15 Fennings St,,M6J,Single/Semi-detached House,10,Spadina-Fort York
1159527,STR-2305-FLHKVP,12 Lincoln Ave,,M6P,Single/Semi-detached House,4,Parkdale-High Park
1159528,STR-2305-FTPKVQ,198 Maxome Ave,,M2M,Single/Semi-detached House,18,Willowdale
1159529,STR-2305-GBVKVR,70 Colonial Ave,,M1M,Duplex/Triplex/Fourplex,20,Scarborough Southwest
1159530,STR-2305-GKBKVS,45 Lisgar St,907,M6J,Apartment,9,Davenport
1159531,STR-2305-HHVKVW,1824 Lake Shore Blvd E,,M4L,Townhouse/ Row House,19,Beaches-East York
1159532,STR-2305-HYHKVY,1 Marmaduke St,3,M6R,Single/Semi-detached House,4,Parkdale-High Park
1159533,STR-2305-JGPKVZ,225 Lisgar St,2,M6J,Duplex/Triplex/Fourplex,9,Davenport
1159534,STR-2305-FDTDVP,62 Langevin Cres,,M1C,Single/Semi-detached House,25,Scarborough-Rouge Park
1159535,STR-2305-FLZDVQ,21 Iceboat Ter,3802,M5V,Condominium,10,Spadina-Fort York
1159536,STR-2305-FVGDVR,300 Front St W,4505,M5V,Condominium,10,Spadina-Fort York
1159537,STR-2305-GCMDVS,99 Harbour Sq,3008,M5J,Condominium,10,Spadina-Fort York
1159538,STR-2305-GKTDVT,300 Front St W,3713,M5V,Condominium,10,Spadina-Fort York
1159539,STR-2305-HBGDVW,45 Marsdale Cres,,M1X,Single/Semi-detached House,25,Scarborough-Rouge Park
1159540,STR-2305-HJMDVX,83 Ashdale Ave,,M4L,Single/Semi-detached House,14,Toronto-Danforth
1159541,STR-2305-HRTDVY,3 Fermanagh Ave,,M6R,Single/Semi-detached House,4,Parkdale-High Park
1159542,STR-2305-HYZDVZ,59 Maresfield Dr,,M1V,Single/Semi-detached House,23,Scarborough North
1159543,STR-2305-FFJRVP,28 Centennial Rd,,M1C,Single/Semi-detached House,25,Scarborough-Rouge Park
1159544,STR-2305-FMQRVQ,436 Symington Ave,1,M6N,Single/Semi-detached House,9,Davenport
1159545,STR-2305-GDCRVS,300 Front St W,3013,M5V,Condominium,10,Spadina-Fort York
1159546,STR-2305-GLJRVT,30 Nelson St,1102,M5V,Condominium,10,Spadina-Fort York
1159547,STR-2305-GTQRVV,500 Murray Ross Pkwy,309,M3J,Apartment,7,Humber River-Black Creek
1159548,STR-2305-HBWRVW,14 York St,6603,M5J,Condominium,10,Spadina-Fort York
1159549,STR-2305-HKCRVX,56 Annie Craig Dr,4507,M8V,Condominium,3,Etobicoke-Lakeshore
1159550,STR-2305-HSJRVY,560 Front St W,932,M5V,Condominium,10,Spadina-Fort York
1159551,STR-2305-FFZDVP,33 Shore Breeze Dr,2601,M8V,Condominium,3,Etobicoke-Lakeshore
1159552,STR-2305-FWMDVR,181 King St,,M9N,Single/Semi-detached House,5,York South-Weston
1159553,STR-2305-GLZDVT,150 Sudbury St,1815,M6J,Condominium,9,Davenport
1159554,STR-2305-GVGDVV,18 Knox Ave,,M9L,Single/Semi-detached House,7,Humber River-Black Creek
1159555,STR-2305-HCMDVW,36 Haverson Blvd,,M6M,Single/Semi-detached House,5,York South-Weston
1159556,STR-2305-HKTDVX,55 Cooper St,2805,M5E,Condominium,10,Spadina-Fort York
1159557,STR-2305-FGQRVP,101 Peter St,2708,M5V,Condominium,10,Spadina-Fort York
1159558,STR-2305-GFJRVS,20 Blue Jays Way,1516,M5V,Condominium,10,Spadina-Fort York
1159559,STR-2305-GMQRVT,101 Peter St,1103,M5V,Condominium,10,Spadina-Fort York
1159560,STR-2305-GVWRVV,433 Jarvis St,815,M4Y,Apartment,13,Toronto Centre
1159561,STR-2305-HDCRVW,55 Bremner Blvd,2305,M5J,Condominium,10,Spadina-Fort York
1159562,STR-2305-HLJRVX,3 Davidson Ave,,M1K,Apartment,20,Scarborough Southwest
1159563,STR-2305-HTQRVY,155 Yorkville Ave,3010,M5R,Condominium,11,University-Rosedale
1159564,STR-2305-JBWRVZ,26 Gibbs Rd,432N,M9B,Apartment,2,Etobicoke Centre
1159565,STR-2305-FHGDVP,219 Fort York Blvd,2910,M5V,Condominium,10,Spadina-Fort York
1159566,STR-2305-GFZDVS,15 Maplewood Ave,704,M6C,Condominium,12,Toronto-St. Paul's
1159567,STR-2305-GPGDVT,46 Western Battery Rd,825,M6K,Townhouse/ Row House,10,Spadina-Fort York
1159568,STR-2305-GWMDVV,85 Pintail Cres,,M3A,Single/Semi-detached House,16,Don Valley East
1159569,STR-2305-HDTDVW,201 Sherbourne St,1101,M5A,Condominium,13,Toronto Centre
1159570,STR-2305-HVGDVY,219 Fort York Blvd,2612,M5V,Condominium,10,Spadina-Fort York
1159571,STR-2305-FYJRVR,231 Otonabee Ave,,M2M,Single/Semi-detached House,18,Willowdale
1159572,STR-2305-GGQRVS,51 Bastedo Ave,,M4C,Single/Semi-detached House,19,Beaches-East York
1159573,STR-2305-GPWRVT,300 Front St W,214,M5V,Condominium,10,Spadina-Fort York
1159574,STR-2305-GXCRVV,102 Bestview Dr,,M2M,Single/Semi-detached House,17,Don Valley North
1159575,STR-2305-HFJRVW,1 Shaw St,707,M6K,Condominium,10,Spadina-Fort York
1159576,STR-2305-HVWRVY,38 Afton Ave,,M6J,Single/Semi-detached House,9,Davenport
1159577,STR-2305-FRTDVQ,86 Hatherley Rd,,M6E,Single/Semi-detached House,9,Davenport
1159578,STR-2305-FYZDVR,234 Euclid Ave,,M6J,Townhouse/ Row House,11,University-Rosedale
1159579,STR-2305-GHGDVS,32 Darnborough Way,,M1W,Single/Semi-detached House,22,Scarborough-Agincourt
1159580,STR-2305-GQMDVT,1438 Dundas St W,3,M6J,Apartment,9,Davenport
1159581,STR-2305-GXTDVV,932 St Clarens Ave,,M6H,Single/Semi-detached House,9,Davenport
1159582,STR-2305-HPGDVX,80 Western Battery Rd,2203,M6K,Condominium,10,Spadina-Fort York
1159583,STR-2305-HWMDVY,155 Yorkville Ave,2018,M5R,Condominium,11,University-Rosedale
1159584,STR-2305-JDTDVZ,20 St Patrick St,821,M5T,Apartment,10,Spadina-Fort York
1159585,STR-2305-FKCRVP,200 Victoria St,1004,M5B,Condominium,13,Toronto Centre
1159586,STR-2305-FSJRVQ,18 Yonge St,1315,M5E,Condominium,10,Spadina-Fort York
1159587,STR-2305-FZQRVR,832 Bay St,5009,M5S,Condominium,11,University-Rosedale
1159588,STR-2305-GHWRVS,23 Orchard Park Blvd,,M4L,Single/Semi-detached House,19,Beaches-East York
1159589,STR-2305-GRCRVT,4 Kinghorn Ave,,M6N,Single/Semi-detached House,5,York South-Weston
1159590,STR-2305-GYJRVV,17 Bathurst St,3902,M5V,Condominium,10,Spadina-Fort York
1159591,STR-2305-HGQRVW,24 Noble St,409,M6K,Condominium,4,Parkdale-High Park
1159592,STR-2305-HPWRVX,411 Westmount Ave,,M6E,Single/Semi-detached House,12,Toronto-St. Paul's
1159593,STR-2305-HXCRVY,129 Roywood Dr,,M3A,Single/Semi-detached House,16,Don Valley East
1159594,STR-2305-JFJRVZ,30 Nelson St,223,M5V,Condominium,10,Spadina-Fort York
1159595,STR-2305-FKTDVP,30 Denton Ave,1702,M1L,Apartment,20,Scarborough Southwest
1159596,STR-2305-FSZDVQ,44 White Ave,,M1C,Single/Semi-detached House,25,Scarborough-Rouge Park
1159597,STR-2305-GBGDVR,8 Redmount Rd,,M3H,Single/Semi-detached House,6,York Centre
1159598,STR-2305-GJMDVS,3829 Finch Ave E,,M1T,Single/Semi-detached House,22,Scarborough-Agincourt
1159599,STR-2305-GYZDVV,1170 Weston Rd,1,M6M,Apartment,5,York South-Weston
1159600,STR-2305-HQMDVX,2460 Eglinton Ave E,1019,M1K,Condominium,21,Scarborough Centre
1159601,STR-2305-HXTDVY,233 Grenadier Rd,,M6R,Single/Semi-detached House,4,Parkdale-High Park
1159602,STR-2305-JFZDVZ,8855 Sheppard Ave E,227,M1B,Condominium,25,Scarborough-Rouge Park
1159603,STR-2305-FLJRVP,308A Beechgrove Dr,,M1E,Single/Semi-detached House,25,Scarborough-Rouge Park
1159604,STR-2305-FTQRVQ,32 Purdon Dr,,M3H,Single/Semi-detached House,6,York Centre
1159605,STR-2305-GBWRVR,39 John Perkins Bull Dr,19,M3K,Townhouse/ Row House,6,York Centre
1159606,STR-2305-GKCRVS,14 York St,3811,M5J,Condominium,10,Spadina-Fort York
1159607,STR-2305-GSJRVT,155 Yorkville Ave,2813,M5R,Condominium,11,University-Rosedale
1159608,STR-2305-GZQRVV,20 Antrim Cres,304,M1P,Condominium,21,Scarborough Centre
1159609,STR-2305-HHWRVW,25 Fuller Ave,,M6R,Townhouse/ Row House,4,Parkdale-High Park
1159610,STR-2305-HRCRVX,3 Norwich Pl,,M9V,Single/Semi-detached House,1,Etobicoke North
1159611,STR-2305-HYJRVY,560 Front St W,825,M5V,Condominium,10,Spadina-Fort York
1159612,STR-2305-FDVKVP,155 Yorkville Ave,1503,M5R,Condominium,11,University-Rosedale
1159613,STR-2305-GCPKVS,215 Robina Ave,1,M6C,Duplex/Triplex/Fourplex,12,Toronto-St. Paul's
1159614,STR-2305-GKVKVT,6 Adele Ave,,M3L,Single/Semi-detached House,7,Humber River-Black Creek
1159615,STR-2305-GTBKVV,153 Cranbrooke Ave,,M5M,Single/Semi-detached House,8,Eglinton-Lawrence
1159616,STR-2305-HBHKVW,335 Clinton St,1,M6G,Single/Semi-detached House,11,University-Rosedale
1159617,STR-2305-HRVKVY,736 Bay St,902,M5G,Condominium,11,University-Rosedale
1159618,STR-2305-FFKXVP,55 Triller Ave,1209,M6R,Apartment,4,Parkdale-High Park
1159619,STR-2305-FMRXVQ,30 Highcroft Rd,,M4L,Single/Semi-detached House,19,Beaches-East York
1159620,STR-2305-GDDXVS,105 George St,1711,M5A,Condominium,13,Toronto Centre
1159621,STR-2305-GLKXVT,224 St Mark's Rd,,M6S,Single/Semi-detached House,4,Parkdale-High Park
1159622,STR-2305-GTRXVV,99 Lake shore Blvd E,904,M5E,Condominium,10,Spadina-Fort York
1159623,STR-2305-HBXXVW,300 Front St W,2714,M5V,Condominium,10,Spadina-Fort York
1159624,STR-2305-HSKXVY,284 St Helen's Ave,138,M6H,Condominium,9,Davenport
1159625,STR-2305-HZRXVZ,3 Thyra Ave,,M4C,Single/Semi-detached House,19,Beaches-East York
1159626,STR-2305-FPHKVQ,164 Franklin Ave,,M2N,Single/Semi-detached House,18,Willowdale
1159627,STR-2305-FWPKVR,53 Gloucester St,King Rm & Rm2,M4Y,Townhouse/ Row House,13,Toronto Centre
1159628,STR-2305-GVHKVV,126 Simcoe St,5,M5H,Condominium,10,Spadina-Fort York
1159629,STR-2305-HCPKVW,39 Old Brewery Lane,3,M5A,Condominium,13,Toronto Centre
1159630,STR-2305-HKVKVX,54 Second St,,M8V,Single/Semi-detached House,3,Etobicoke-Lakeshore
1159631,STR-2305-HTBKVY,70 Ossington Ave,201,M6J,Apartment,10,Spadina-Fort York
1159632,STR-2305-JBHKVZ,110 Erskine Ave,905,M4P,Apartment,15,Don Valley West
1159633,STR-2305-FGRXVP,107 Eastville Ave,,M1M,Single/Semi-detached House,20,Scarborough Southwest
1159634,STR-2305-FPXXVQ,60 Town Centre Crt,306,M1P,Condominium,21,Scarborough Centre
1159635,STR-2305-FXDXVR,200 Jameson Ave,602,M6K,Apartment,4,Parkdale-High Park
1159636,STR-2305-GFKXVS,240 Bingham Ave,,M4E,Single/Semi-detached House,19,Beaches-East York
1159637,STR-2305-GMRXVT,60 Carr St,3,M5T,Townhouse/ Row House,10,Spadina-Fort York
1159638,STR-2305-HDDXVW,1029 King St W,403,M6K,Condominium,10,Spadina-Fort York
1159639,STR-2306-HLKXVX,955 Bay St,911,M5S,Condominium,13,Toronto Centre
1159640,STR-2306-HTRXVY,85 Bloor St E,911,M4W,Condominium,11,University-Rosedale
1159641,STR-2306-GGBKVS,32 Marta Ave,,M1K,Single/Semi-detached House,20,Scarborough Southwest
1159642,STR-2306-GWPKVV,391 Sherbourne St,302,M4X,Apartment,13,Toronto Centre
1159643,STR-2306-HDVKVW,955 Bay St,812,M5S,Condominium,13,Toronto Centre
1159644,STR-2306-HMBKVX,219 Fort York Blvd,1612,M5V,Condominium,10,Spadina-Fort York
1159645,STR-2306-FHXXVP,101 Peter St,3801,M5V,Condominium,10,Spadina-Fort York
1159646,STR-2306-FRDXVQ,136 L'Amoreaux Dr,,M1W,Single/Semi-detached House,22,Scarborough-Agincourt
1159647,STR-2306-FYKXVR,236 Pineway Blvd,,M2H,Single/Semi-detached House,17,Don Valley North
1159648,STR-2306-GGRXVS,151 Dan Leckie Way,1038,M5V,Apartment,10,Spadina-Fort York
1159649,STR-2306-GPXXVT,26 Gibbs Rd,632N,M9B,Condominium,2,Etobicoke Centre
1159650,STR-2306-HFKXVW,101 Peter St,1712,M5V,Condominium,10,Spadina-Fort York
1159651,STR-2306-HVXXVY,1928 Lake Shore Blvd W,2310,M6S,Condominium,4,Parkdale-High Park
1159652,STR-2306-JDDXVZ,222 Cass Ave,,M1T,Single/Semi-detached House,22,Scarborough-Agincourt
1159653,STR-2306-FRVKVQ,241 Lansdowne Ave,,M6K,Single/Semi-detached House,9,Davenport
1159654,STR-2306-FZBKVR,300 Front St W,607,M5V,Condominium,10,Spadina-Fort York
1159655,STR-2306-GHHKVS,208 Queens Quay W,3404,M5J,Condominium,10,Spadina-Fort York
1159656,STR-2306-GQPKVT,165 Perth Ave,Upper,M6P,Duplex/Triplex/Fourplex,9,Davenport
1159657,STR-2306-GXVKVV,55 Bamburgh Crcl,1704,M1W,Condominium,22,Scarborough-Agincourt
1159658,STR-2306-HWPKVY,14 York St,1004,M5J,Condominium,10,Spadina-Fort York
1159659,STR-2306-JDVKVZ,35 Mariner Ter,4602,M5V,Condominium,10,Spadina-Fort York
1159660,STR-2306-FKDXVP,24 Wardell St,,M4M,Single/Semi-detached House,14,Toronto-Danforth
1159661,STR-2306-FZRXVR,20 Garnett Janes Rd,1006,M8V,Apartment,3,Etobicoke-Lakeshore
1159662,STR-2306-GYKXVV,65 Harbour Sq,2209,M5J,Condominium,10,Spadina-Fort York
1159663,STR-2306-HGRXVW,17 Edison Crcl,,M6L,Single/Semi-detached House,5,York South-Weston
1159664,STR-2306-HPXXVX,27 Bathurst St,1010,M5V,Condominium,10,Spadina-Fort York
1159665,STR-2306-JFKXVZ,902 Davenport Rd,1,M6G,Apartment,12,Toronto-St. Paul's
1159666,STR-2306-FKVKVP,100 Gloucester St,718,M4Y,Apartment,13,Toronto Centre
1159667,STR-2306-GBHKVR,4230 Bloor St W,,M9C,Single/Semi-detached House,2,Etobicoke Centre
1159668,STR-2306-GRVKVT,20 Gladstone Ave,608,M6J,Condominium,9,Davenport
1159669,STR-2306-GZBKVV,21 Iceboat Ter,4615,M5V,Condominium,10,Spadina-Fort York
1159670,STR-2306-HHHKVW,626 Manning Ave,,M6G,Single/Semi-detached House,11,University-Rosedale
1159671,STR-2306-HZCRVZ,242 Bingham Ave,,M4E,Single/Semi-detached House,19,Beaches-East York
1159672,STR-2306-HXVKVY,141 Garden Ave,,M6R,Single/Semi-detached House,4,Parkdale-High Park
1159673,STR-2306-JGBKVZ,78 Dovercourt Rd,,M6J,Single/Semi-detached House,9,Davenport
1159674,STR-2306-FTRXVQ,15 Wareside Rd,,M9C,Single/Semi-detached House,2,Etobicoke Centre
1159675,STR-2306-GBXXVR,132 Chatham Ave,,M4J,Single/Semi-detached House,14,Toronto-Danforth
1159676,STR-2306-GKDXVS,160 Glenholme Ave,,M6E,Single/Semi-detached House,9,Davenport
1159677,STR-2306-GSKXVT,56 Parker Ave,,M8Z,Single/Semi-detached House,3,Etobicoke-Lakeshore
1159678,STR-2306-GZRXVV,257 Roxton Rd,,M6G,Townhouse/ Row House,11,University-Rosedale
1159679,STR-2306-HHXXVW,68 Butterworth Ave,,M1L,Single/Semi-detached House,20,Scarborough Southwest
1159680,STR-2306-FDWRVP,830 Kennedy Rd,1,M1K,Single/Semi-detached House,21,Scarborough Centre
1159681,STR-2306-FMCRVQ,38 Mac Frost Way,,M1X,Townhouse/ Row House,23,Scarborough North
1159682,STR-2306-FVJRVR,48 Houston Cres,,M2J,Single/Semi-detached House,17,Don Valley North
1159683,STR-2306-GCQRVS,91 Craven Rd,,M4L,Townhouse/ Row House,14,Toronto-Danforth
1159684,STR-2306-GKWRVT,12 York St,4407,M5J,Condominium,10,Spadina-Fort York
1159685,STR-2306-GTCRVV,251 Jarvis St,1110,M5B,Condominium,13,Toronto Centre
1159686,STR-2306-HJQRVX,143 Chester Le Blvd,,M1W,Single/Semi-detached House,22,Scarborough-Agincourt
1159687,STR-2306-HRWRVY,60 Lynngrove Ave,,M8X,Single/Semi-detached House,3,Etobicoke-Lakeshore
1159688,STR-2306-FFMDVP,47 Lewis St,BSMT,M4M,Single/Semi-detached House,14,Toronto-Danforth
1159689,STR-2306-FVZDVR,10 Bowman St,2,M4X,Duplex/Triplex/Fourplex,13,Toronto Centre
1159690,STR-2306-GDGDVS,163 Augusta Ave,Main Floor,M5T,Duplex/Triplex/Fourplex,11,University-Rosedale
1159691,STR-2306-GLMDVT,1108 St Clair Ave W,B,M6E,Apartment,9,Davenport
1159692,STR-2306-GTTDVV,209 Fort York Blvd,575,M5V,Condominium,10,Spadina-Fort York
1159693,STR-2306-HBZDVW,2 Sonic Way,1511,M3C,Condominium,16,Don Valley East
1159694,STR-2306-HKGDVX,133 Yarmouth Rd,,M6G,Single/Semi-detached House,11,University-Rosedale
1159695,STR-2306-HSMDVY,210 Victoria St,804,M5B,Apartment,13,Toronto Centre
1159696,STR-2306-HZTDVZ,955 Bay St,1506,M5S,Condominium,13,Toronto Centre
1159697,STR-2306-FGCRVP,19 Leona Dr,,M2N,Single/Semi-detached House,18,Willowdale
1159698,STR-2306-FPJRVQ,200 Victor Ave,Basement,M4K,Single/Semi-detached House,14,Toronto-Danforth
1159699,STR-2306-GDWRVS,270 Wellington St W,213,M5V,Condominium,10,Spadina-Fort York
1159700,STR-2306-GMCRVT,185 William Duncan Rd,6,M3K,Duplex/Triplex/Fourplex,6,York Centre
1159701,STR-2306-GVJRVV,360 Shaw St,,M6J,Single/Semi-detached House,11,University-Rosedale
1159702,STR-2306-HCQRVW,75 Beaty Ave,,M6K,Single/Semi-detached House,4,Parkdale-High Park
1159703,STR-2306-HKWRVX,275 Willard Ave,,M6S,Single/Semi-detached House,4,Parkdale-High Park
1159704,STR-2306-JBJRVZ,225 Sumach St,1303,M5A,Condominium,13,Toronto Centre
1159705,STR-2306-FXGDVR,20 Blue Jays Way,814,M5V,Condominium,10,Spadina-Fort York
1159706,STR-2306-GFMDVS,350 Indian Road Cres,,M6P,Single/Semi-detached House,4,Parkdale-High Park
1159707,STR-2306-GMTDVT,28 Linden St,1105,M4Y,Condominium,13,Toronto Centre
1159708,STR-2306-GVZDVV,2 Keele St,203,M6P,Apartment,4,Parkdale-High Park
1159709,STR-2306-HDGDVW,165 Legion Rd N,728,M8Y,Condominium,3,Etobicoke-Lakeshore
1159710,STR-2306-HTTDVY,5 Vicora Linkway,1111,M3C,Condominium,16,Don Valley East
1159711,STR-2306-JBZDVZ,225 Lisgar St,3,M6J,Duplex/Triplex/Fourplex,9,Davenport
1159712,STR-2306-FHJRVP,1050 The Queensway,505,M8Z,Condominium,3,Etobicoke-Lakeshore
1159713,STR-2306-FQQRVQ,560 Front St W,26,M5V,Condominium,10,Spadina-Fort York
1159714,STR-2306-FXWRVR,225 Lisgar St,4,M6J,Duplex/Triplex/Fourplex,9,Davenport
1159715,STR-2306-GGCRVS,8 Charlotte St,1502,M5V,Condominium,10,Spadina-Fort York
1159716,STR-2306-GPJRVT,131 Cambridge Ave,,M4K,Single/Semi-detached House,14,Toronto-Danforth
1159717,STR-2306-GWQRVV,14 York St,5904,M5J,Condominium,10,Spadina-Fort York
1159718,STR-2306-HDWRVW,29 Halkin Cres,,M4A,Single/Semi-detached House,16,Don Valley East
1159719,STR-2306-HMCRVX,100 Gloucester St,910,M4Y,Apartment,13,Toronto Centre
1159720,STR-2306-HVJRVY,98 Reiner Rd,,M3H,Single/Semi-detached House,6,York Centre
1159721,STR-2306-JCQRVZ,116 Ranleigh Ave,,M4N,Single/Semi-detached House,15,Don Valley West
1159722,STR-2306-FHZDVP,210 Victoria St,805,M5B,Apartment,13,Toronto Centre
1159723,STR-2306-FRGDVQ,2212 Lake Shore Blvd W,2303,M8V,Condominium,3,Etobicoke-Lakeshore
1159724,STR-2306-FYMDVR,1 Richard Ave,,M4L,Single/Semi-detached House,14,Toronto-Danforth
1159725,STR-2306-GPZDVT,36 Charlotte St,1106,M5V,Apartment,10,Spadina-Fort York
1159726,STR-2306-HMTDVX,268 Huntsmill Blvd,,M1W,Single/Semi-detached House,22,Scarborough-Agincourt
1159727,STR-2306-HVZDVY,152 St Patrick St,1108,M5T,Condominium,10,Spadina-Fort York
1159728,STR-2306-JDGDVZ,15 Elm Grove Ave,5,M6K,Apartment,4,Parkdale-High Park
1159729,STR-2306-FJQRVP,525 Ossington Ave,1,M6G,Apartment,11,University-Rosedale
1159730,STR-2306-FRWRVQ,39 Merkley Sq,,M1G,Single/Semi-detached House,24,Scarborough-Guildwood
1159731,STR-2306-FZCRVR,47 Pannahill Rd,,M3H,Single/Semi-detached House,6,York Centre
1159732,STR-2306-GHJRVS,539 Dufferin St,,M6K,Single/Semi-detached House,9,Davenport
1159733,STR-2306-GQQRVT,165 Brookside Dr,,M4E,Single/Semi-detached House,19,Beaches-East York
1159734,STR-2306-GXWRVV,50 Wellesley St E,607,M4Y,Condominium,13,Toronto Centre
1159735,STR-2306-HGCRVW,88 Blue Jays Way,3306,M5V,Condominium,10,Spadina-Fort York
1159736,STR-2306-HWQRVY,56 Gledhill Ave,,M4C,Single/Semi-detached House,19,Beaches-East York
1159737,STR-2306-JDWRVZ,251 Jarvis St,1120,M5B,Condominium,13,Toronto Centre
1159738,STR-2306-FSMDVQ,120 Ivy Ave,,M4L,Single/Semi-detached House,14,Toronto-Danforth
1159739,STR-2306-FZTDVR,1121 Bay St,1008,M5S,Condominium,13,Toronto Centre
1159740,STR-2306-GHZDVS,523 Quebec Ave,,M6P,Townhouse/ Row House,4,Parkdale-High Park
1159741,STR-2306-GRGDVT,231 Fort York Blvd,824,M5V,Condominium,10,Spadina-Fort York
1159742,STR-2306-HGTDVW,208 Queens Quay W,1001,M5J,Condominium,10,Spadina-Fort York
1159743,STR-2306-FKWRVP,210 Victoria St,1803,M5B,Condominium,13,Toronto Centre
1159744,STR-2306-GBJRVR,155 Yorkville Ave,1218,M5R,Condominium,11,University-Rosedale
1159745,STR-2306-GJQRVS,741 Sheppard Ave W,707,M3H,Condominium,6,York Centre
1159746,STR-2306-GRWRVT,6 Ilfracombe Cres,,M1R,Single/Semi-detached House,21,Scarborough Centre
1159747,STR-2306-GZCRVV,210 Victoria St,2403,M5B,Apartment,13,Toronto Centre
1159748,STR-2306-HHJRVW,21 Iceboat Ter,3908,M5V,Condominium,10,Spadina-Fort York
1159749,STR-2306-HQQRVX,116 1/2 Coleman Ave,,M4C,Single/Semi-detached House,19,Beaches-East York
1159750,STR-2306-JGCRVZ,145 Portland St,,M5V,Single/Semi-detached House,10,Spadina-Fort York
1159751,STR-2306-FLMDVP,127 Madison Ave,,M5R,Single/Semi-detached House,11,University-Rosedale
1159752,STR-2306-GBZDVR,60 Berwick Ave,714,M5P,Condominium,12,Toronto-St. Paul's
1159753,STR-2306-GSMDVT,215 Fort York Blvd,415,M5V,Condominium,10,Spadina-Fort York
1159754,STR-2306-HRGDVX,105 George Appleton Way,2150,M3M,Condominium,6,York Centre
1159755,STR-2306-JGTDVZ,21 Iceboat Ter,1907,M5V,Condominium,10,Spadina-Fort York
1159756,STR-2306-FDXXVP,14 York St,6507,M5J,Condominium,10,Spadina-Fort York
1159757,STR-2306-FMDXVQ,48A St Georges Blvd,,M9R,Single/Semi-detached House,1,Etobicoke North
1159758,STR-2306-HBKXVW,202 Dairy Dr,,M1L,Townhouse/ Row House,20,Scarborough Southwest
1159759,STR-2306-HJRXVX,65 Bremner Blvd,1406,M5J,Condominium,10,Spadina-Fort York
1159760,STR-2306-HRXXVY,541 Clinton St,,M6G,Single/Semi-detached House,11,University-Rosedale
1159761,STR-2306-HZDXVZ,34 Yonge Blvd,,M5M,Single/Semi-detached House,8,Eglinton-Lawrence
1159762,STR-2306-FMVKVQ,59 Elm Grove Ave,3,M6K,Single/Semi-detached House,4,Parkdale-High Park
1159763,STR-2306-FWBKVR,81 Navy Wharf Crt,2905,M5V,Condominium,10,Spadina-Fort York
1159764,STR-2306-GDHKVS,218 Newton Dr,,M2M,Single/Semi-detached House,18,Willowdale
1159765,STR-2306-GTVKVV,231 Fort York Blvd,1709,M5V,Condominium,10,Spadina-Fort York
1159766,STR-2306-HKHKVX,42 Weir Cres,,M1E,Single/Semi-detached House,24,Scarborough-Guildwood
1159767,STR-2306-HSPKVY,65 Bremner Blvd,4007,M5J,Condominium,10,Spadina-Fort York
1159768,STR-2306-HZVKVZ,56 Pleasant Ave,,M2M,Single/Semi-detached House,18,Willowdale
1159769,STR-2306-FPKXVQ,238 Greenwood Ave,,M4L,Townhouse/ Row House,14,Toronto-Danforth
1159770,STR-2306-GDXXVS,292 Warden Ave,,M1N,Single/Semi-detached House,20,Scarborough Southwest
1159771,STR-2306-GMDXVT,219 Fort York Blvd,1503,M5V,Condominium,10,Spadina-Fort York
1159772,STR-2306-HCRXVW,151 Dan Leckie Way,951,M5V,Condominium,10,Spadina-Fort York
1159773,STR-2306-FGVKVP,101 Peter St,1708,M5V,Condominium,10,Spadina-Fort York
1159774,STR-2306-GFPKVS,215 Fort York Blvd,1807,M5V,Condominium,10,Spadina-Fort York
1159775,STR-2306-HDHKVW,12 York St,5709,M5J,Condominium,10,Spadina-Fort York
1159776,STR-2306-HLPKVX,11 Phlox Ave,,M8W,Single/Semi-detached House,3,Etobicoke-Lakeshore
1159777,STR-2306-JCBKVZ,6 Stanhope Ave,,M4K,Single/Semi-detached House,14,Toronto-Danforth
1159778,STR-2306-FHKXVP,45 Hendrick Ave,,M6G,Single/Semi-detached House,12,Toronto-St. Paul's
1159779,STR-2306-FQRXVQ,538 Royal York Rd,,M8Y,Single/Semi-detached House,3,Etobicoke-Lakeshore
1159780,STR-2306-FXXXVR,1121 Bay St,309,M5S,Condominium,13,Toronto Centre
1159781,STR-2306-GGDXVS,91 Valdor Dr,,M1V,Single/Semi-detached House,23,Scarborough North
1159782,STR-2306-HHKXVW,20 John St,1117,M5V,Apartment,10,Spadina-Fort York
1159783,STR-2306-GPKXVT,60 Montclair Ave,201,M5P,Apartment,12,Toronto-St. Paul's
1159784,STR-2306-GWRXVV,20 Woodbank Rd,,M9B,Single/Semi-detached House,2,Etobicoke Centre
1159785,STR-2306-HDXXVW,40 Hampton Ave,,M4K,Single/Semi-detached House,14,Toronto-Danforth
1159786,STR-2306-JCRXVZ,20 Bruyeres Mews,317,M5V,Condominium,10,Spadina-Fort York
1159787,STR-2306-FJBKVP,24 Dairy Dr,,M1L,Single/Semi-detached House,20,Scarborough Southwest
1159788,STR-2306-FRHKVQ,21 Iceboat Ter,1615,M5V,Condominium,10,Spadina-Fort York
1159789,STR-2306-FYPKVR,12 Bonnycastle St,909,M5A,Condominium,10,Spadina-Fort York
1159790,STR-2306-GQBKVT,58 Doncaster Ave,,M4C,Single/Semi-detached House,19,Beaches-East York
1159791,STR-2306-HFPKVW,89 Olive Ave,,M2N,Single/Semi-detached House,18,Willowdale
1159792,STR-2306-HMVKVX,1 Edgewater Dr,GPH26,M5A,Condominium,10,Spadina-Fort York
1159793,STR-2306-HWBKVY,121 Bedford Rd,,M5R,Single/Semi-detached House,11,University-Rosedale
1159794,STR-2306-JDHKVZ,152 Evelyn Cres,,M6P,Single/Semi-detached House,4,Parkdale-High Park
1159795,STR-2306-FJRXVP,32 Forest Manor Rd,707,M2J,Condominium,17,Don Valley North
1159796,STR-2306-FRXXVQ,38 Larkin Ave,,M6S,Single/Semi-detached House,4,Parkdale-High Park
1159797,STR-2306-FZDXVR,47 O'Connor Dr,,M4K,Single/Semi-detached House,14,Toronto-Danforth
1159798,STR-2306-GHKXVS,15 Pinecone Dr,,M9W,Single/Semi-detached House,1,Etobicoke North
1159799,STR-2306-GQRXVT,330 Adelaide St E,803,M5A,Condominium,13,Toronto Centre
1159800,STR-2306-HGDXVW,475A Clinton St,,M6G,Single/Semi-detached House,11,University-Rosedale
1159801,STR-2306-FKHKVP,55 Banff Rd,,M4S,Single/Semi-detached House,15,Don Valley West
1159802,STR-2306-FSPKVQ,130 Amelia St,,M4X,Single/Semi-detached House,13,Toronto Centre
1159803,STR-2306-FZVKVR,181 Wynford Dr,2507,M3C,Apartment,16,Don Valley East
1159804,STR-2306-GJBKVS,65 Bremner Blvd,4603,M5J,Condominium,10,Spadina-Fort York
1159805,STR-2306-GYPKVV,231 Fort York Blvd,121,M5V,Condominium,10,Spadina-Fort York
1159806,STR-2306-HGVKVW,167 Sammon Ave,,M4J,Single/Semi-detached House,14,Toronto-Danforth
1159807,STR-2306-HXHKVY,277 Lisgar St,,M6J,Single/Semi-detached House,9,Davenport
1159808,STR-2306-FKXXVP,1 Adirondack Gt,,M1T,Single/Semi-detached House,22,Scarborough-Agincourt
1159809,STR-2306-FTDXVQ,12 York St,3404,M5J,Condominium,10,Spadina-Fort York
1159810,STR-2306-GBKXVR,37 Grosvenor St,3205,M4Y,Condominium,13,Toronto Centre
1159811,STR-2306-GJRXVS,208 Indian Rd,,M6R,Single/Semi-detached House,4,Parkdale-High Park
1159812,STR-2306-GRXXVT,74 Cronin Dr,,M9B,Single/Semi-detached House,2,Etobicoke Centre
1159813,STR-2306-GZDXVV,215 Fort York Blvd,3311,M5V,Condominium,10,Spadina-Fort York
1159814,STR-2306-FYCRVR,1423A yonge st,8,M4T,Apartment,12,Toronto-St. Paul’s
1159815,STR-2306-HQRXVX,181 Beatrice St,B,M6G,Single/Semi-detached House,11,University-Rosedale
1159816,STR-2306-HXXXVY,195 Woodville Ave,,M4J,Single/Semi-detached House,14,Toronto-Danforth
1159817,STR-2306-JGDXVZ,798 Richmond St W,259,M6J,Apartment,10,Spadina-Fort York
1159818,STR-2306-FLPKVP,47 Memorial Park Ave,,M4J,Single/Semi-detached House,14,Toronto-Danforth
1159819,STR-2306-GCBKVR,19 Jesmond Ave,,M6E,Single/Semi-detached House,12,Toronto-St. Paul's
1159820,STR-2306-GKHKVS,390 Queens Quay W,1604,M5V,Condominium,10,Spadina-Fort York
1159821,STR-2306-GSPKVT,381 Front St W,2111,M5V,Condominium,10,Spadina-Fort York
1159822,STR-2306-GZVKVV,87 Berkinshaw Cres,,M3B,Single/Semi-detached House,16,Don Valley East
1159823,STR-2306-HJBKVW,77 Saulter St,,M4M,Townhouse/ Row House,14,Toronto-Danforth
1159824,STR-2306-HRHKVX,225 Sumach St,2511,M5A,Condominium,13,Toronto Centre
1159825,STR-2306-HYPKVY,14 York St,5107,M5J,Condominium,10,Spadina-Fort York
1159826,STR-2306-FMGDVQ,21 Iceboat Ter,1806,M5V,Apartment,10,Spadina-Fort York
1159827,STR-2306-FVMDVR,21 Iceboat Ter,4303,M5V,Condominium,10,Spadina-Fort York
1159828,STR-2306-GCTDVS,346 Highfield Rd,,M4L,Single/Semi-detached House,14,Toronto-Danforth
1159829,STR-2306-GKZDVT,80 Western Battery Rd,905,M6K,Condominium,10,Spadina-Fort York
1159830,STR-2306-GTGDVV,14 York St,5201,M5J,Condominium,10,Spadina-Fort York
1159831,STR-2306-HBMDVW,572 Brock Ave,Main floor,M6H,Single/Semi-detached House,9,Davenport
1159832,STR-2306-HZGDVZ,82 Kildonan Dr,,M1N,Single/Semi-detached House,20,Scarborough Southwest
1159833,STR-2306-FFQRVP,8 Flintwood Crt,,M2J,Single/Semi-detached House,17,Don Valley North
1159834,STR-2306-FWCRVR,418 Queen St W,B,M5V,Apartment,10,Spadina-Fort York
1159835,STR-2306-GDJRVS,17 Pharmacy Ave,,M1L,Single/Semi-detached House,20,Scarborough Southwest
1159836,STR-2306-GLQRVT,300 Front St W,4404,M5V,Condominium,10,Spadina-Fort York
1159837,STR-2306-GTWRVV,55 Bremner Blvd,3404,M5J,Condominium,10,Spadina-Fort York
1159838,STR-2306-HSQRVY,68 Abell St,103,M6J,Condominium,9,Davenport
1159839,STR-2306-FGGDVP,2184 Dundas St W,3,M6R,Duplex/Triplex/Fourplex,4,Parkdale-High Park
1159840,STR-2306-GDZDVS,5 Parkway Forest Dr,802,M2J,Condominium,17,Don Valley North
1159841,STR-2306-GVMDVV,1 Valhalla Inn Rd,903,M9B,Condominium,2,Etobicoke Centre
1159842,STR-2306-HCTDVW,78 Ash Cres,,M8W,Single/Semi-detached House,3,Etobicoke-Lakeshore
1159843,STR-2306-HTGDVY,25 Carlton St,2507,M5B,Condominium,13,Toronto Centre
1159844,STR-2306-FQCRVQ,77 Orchardcroft Cres,,M3J,Single/Semi-detached House,6,York Centre
1159845,STR-2306-FXJRVR,101 Peter St,1801,M5V,Condominium,10,Spadina-Fort York
1159846,STR-2306-GFQRVS,101 Peter St,1808,M5V,Condominium,10,Spadina-Fort York
1159847,STR-2306-GMWRVT,12 Burnt Bark Dr,,M1V,Single/Semi-detached House,22,Scarborough-Agincourt
1159848,STR-2306-GWCRVV,101 Peter St,611,M5V,Condominium,10,Spadina-Fort York
1159849,STR-2306-HLQRVX,2 Feldbar Crt,,M2N,Single/Semi-detached House,18,Willowdale
1159850,STR-2306-HTWRVY,72 Sir Raymond Dr,,M1E,Single/Semi-detached House,24,Scarborough-Guildwood
1159851,STR-2306-JCCRVZ,210 Victoria St,2403,M5B,Condominium,13,Toronto Centre
1159852,STR-2306-FHMDVP,166 Van Dusen Blvd,,M8Z,Single/Semi-detached House,3,Etobicoke-Lakeshore
1159853,STR-2306-FQTDVQ,2330 Queen St E,B,M4E,Duplex/Triplex/Fourplex,19,Beaches-East York
1159854,STR-2306-FXZDVR,256 Indian Road Cres,,M6P,Single/Semi-detached House,4,Parkdale-High Park
1159855,STR-2306-GGGDVS,110 Charles St E,1005,M4Y,Condominium,11,University-Rosedale
1159856,STR-2306-GWTDVV,108B Gough Ave,,M4K,Single/Semi-detached House,14,Toronto-Danforth
1159857,STR-2306-HDZDVW,17 Melbourne Ave,,M6K,Single/Semi-detached House,4,Parkdale-High Park
1159858,STR-2306-HMGDVX,165 Lascelles Blvd,,M5P,Single/Semi-detached House,12,Toronto-St. Paul's
1159859,STR-2306-HVMDVY,159 Gerrard St E,2,M5A,Duplex/Triplex/Fourplex,13,Toronto Centre
1159860,STR-2306-JCTDVZ,21 Iceboat Ter,3711,M5V,Condominium,10,Spadina-Fort York
1159861,STR-2306-FJCRVP,357 King St W,1005,M5V,Condominium,10,Spadina-Fort York
1159862,STR-2306-GGWRVS,155 South Edgely Ave,,M1N,Single/Semi-detached House,20,Scarborough Southwest
1159863,STR-2306-GQCRVT,20 Penzance Dr,,M1K,Single/Semi-detached House,21,Scarborough Centre
1159864,STR-2306-GXJRVV,383 horsham ave,,M2R,Townhouse/ Row House,18,Willowdale
1159865,STR-2306-HFQRVW,2480 St Clair Ave W,,M6N,Single/Semi-detached House,5,York South-Weston
1159866,STR-2306-HMWRVX,151 Dan Leckie Way,1003,M5V,Condominium,10,Spadina-Fort York
1159867,STR-2306-HWCRVY,155 Yorkville Ave,2115,M5R,Condominium,11,University-Rosedale
1159868,STR-2306-JDJRVZ,1035 Islington Ave,,M8Z,Apartment,3,Etobicoke-Lakeshore
1159869,STR-2306-FJTDVP,130 Macpherson Ave,18,M5R,Apartment,11,University-Rosedale
1159870,STR-2306-FRZDVQ,195 St Clarens Ave,1,M6H,Duplex/Triplex/Fourplex,9,Davenport
1159871,STR-2306-GHMDVS,21 Iceboat Ter,726,M5V,Condominium,10,Spadina-Fort York
1159872,STR-2306-GQTDVT,36 White Birch Rd,,M1N,Single/Semi-detached House,20,Scarborough Southwest
1159873,STR-2306-HPMDVX,17 Urbandale Ave,,M2M,Single/Semi-detached House,18,Willowdale
1159874,STR-2306-HWTDVY,33 Orchard View Blvd,1816,M4R,Condominium,8,Eglinton-Lawrence
1159875,STR-2306-FSQRVQ,21 Iceboat Ter,4503,M5V,Condominium,10,Spadina-Fort York
1159876,STR-2306-FZWRVR,155 Yorkville Ave,413,M5R,Condominium,11,University-Rosedale
1159877,STR-2306-GJCRVS,10 Maple Bush Ave,,M9N,Single/Semi-detached House,5,York South-Weston
1159878,STR-2306-GRJRVT,105 Seaton St,,M5A,Townhouse/ Row House,13,Toronto Centre
1159879,STR-2306-GYQRVV,16 Pine Ter,,M4E,Townhouse/ Row House,19,Beaches-East York
1159880,STR-2306-HGWRVW,85 Gormley Ave,1,M4V,Single/Semi-detached House,12,Toronto-St. Paul's
1159881,STR-2306-HXJRVY,650 Eglinton Ave W,209,M5N,Apartment,8,Eglinton-Lawrence
1159882,STR-2306-JFQRVZ,134 Harrison St,B,M6J,Duplex/Triplex/Fourplex,9,Davenport
1159883,STR-2306-FKZDVP,12 York St,5508,M5J,Condominium,10,Spadina-Fort York
1159884,STR-2306-FTGDVQ,222 Elm St,319,M5T,Apartment,11,University-Rosedale
1159885,STR-2306-GBMDVR,30 Shore Breeze Dr,528,M8V,Condominium,3,Etobicoke-Lakeshore
1159886,STR-2306-GRZDVT,300 Front St W,4101,M5V,Condominium,10,Spadina-Fort York
1159887,STR-2306-GZGDVV,188 Cumberland St,2407,M5R,Condominium,11,University-Rosedale
1159888,STR-2306-HHMDVW,1591 Dufferin St,1,M6H,Duplex/Triplex/Fourplex,9,Davenport
1159889,STR-2306-HXZDVY,24 Brian Ave,,M1R,Single/Semi-detached House,21,Scarborough Centre
1159890,STR-2306-FTWRVQ,33 Van Stassen Blvd,,M6S,Single/Semi-detached House,4,Parkdale-High Park
1159891,STR-2306-GKJRVS,116 Galt Ave,,M4M,Single/Semi-detached House,14,Toronto-Danforth
1159892,STR-2306-HYQRVY,21 Iceboat Ter,3702,M5V,Condominium,10,Spadina-Fort York
1159893,STR-2306-JGWRVZ,85 Garnier Crt,,M2M,Single/Semi-detached House,17,Don Valley North
1159894,STR-2306-FFBKVP,120 Homewood Ave,120,M4Y,Condominium,13,Toronto Centre
1159895,STR-2306-FMHKVQ,33 Almayo Cres,,M9V,Single/Semi-detached House,1,Etobicoke North
1159896,STR-2306-FVPKVR,153 Kenilworth Ave,,M4L,Single/Semi-detached House,19,Beaches-East York
1159897,STR-2306-GLBKVT,6 Burritt Rd,,M1R,Single/Semi-detached House,21,Scarborough Centre
1159898,STR-2306-GTHKVV,475 Jones Ave,,M4J,Single/Semi-detached House,14,Toronto-Danforth
1159899,STR-2306-HBPKVW,381 Lawrence Ave W,,M5M,Single/Semi-detached House,8,Eglinton-Lawrence
1159900,STR-2306-HSBKVY,8 Charlotte St,3405,M5V,Condominium,10,Spadina-Fort York
1159901,STR-2306-HZHKVZ,2 Eva Rd,329,M9C,Condominium,2,Etobicoke Centre
1159902,STR-2306-FFRXVP,300 Seaton St,2,M5A,Duplex/Triplex/Fourplex,13,Toronto Centre
1159903,STR-2306-FMXXVQ,8 Trowell Ave,,M6M,Single/Semi-detached House,5,York South-Weston
1159904,STR-2306-GDKXVS,412 Sumach St,,M4X,Single/Semi-detached House,13,Toronto Centre
1159905,STR-2306-GLRXVT,100 Hill Cres,,M1M,Single/Semi-detached House,24,Scarborough-Guildwood
1159906,STR-2306-GTXXVV,105 George St,1304,M5A,Condominium,13,Toronto Centre
1159907,STR-2306-HSRXVY,52 Bairstow Cres,,M9W,Single/Semi-detached House,1,Etobicoke North
1159908,STR-2306-HZXXVZ,39 Niagara St,915,M5V,Apartment,10,Spadina-Fort York
1159909,STR-2306-FGHKVP,87 Peter St,2907,M5V,Condominium,10,Spadina-Fort York
1159910,STR-2306-FPPKVQ,525 Main St,,M4C,Single/Semi-detached House,19,Beaches-East York
1159911,STR-2306-GFBKVS,113 Harlandale Ave,,M2N,Single/Semi-detached House,18,Willowdale
1159912,STR-2306-GMHKVT,2 Anndale Dr,3103,M2N,Condominium,18,Willowdale
1159913,STR-2306-GVPKVV,29 Aldergrove Ave,,M4C,Single/Semi-detached House,19,Beaches-East York
1159914,STR-2306-HCVKVW,21 Iceboat Ter,1508,M5V,Condominium,10,Spadina-Fort York
1159915,STR-2306-HTHKVY,97A McGillivray Ave,,M5M,Single/Semi-detached House,8,Eglinton-Lawrence
1159916,STR-2306-JBPKVZ,69 Elm St,3rd floor,M5G,Single/Semi-detached House,11,University-Rosedale
1159917,STR-2306-FGXXVP,33 Beechwood Dr,,M4K,Single/Semi-detached House,14,Toronto-Danforth
1159918,STR-2306-FQDXVQ,20 Shore Breeze Dr,542,M8V,Condominium,3,Etobicoke-Lakeshore
1159919,STR-2306-FXKXVR,105 Frederick Tisdale Dr,,M3K,Townhouse/ Row House,6,York Centre
1159920,STR-2306-GFRXVS,29 Tonon Dr,,M3N,Single/Semi-detached House,7,Humber River-Black Creek
1159921,STR-2306-HDKXVW,17 Myers Lane,,M2H,Single/Semi-detached House,17,Don Valley North
1159922,STR-2306-HLRXVX,582 Ridelle Ave,,M6B,Single/Semi-detached House,8,Eglinton-Lawrence
1159923,STR-2306-HTXXVY,425 Drewry Ave,,M2R,Single/Semi-detached House,18,Willowdale
1159924,STR-2306-JCDXVZ,7 Smith Cres,418,M8Z,Apartment,3,Etobicoke-Lakeshore
1159925,STR-2306-FHPKVP,101 Peter St,3507,M5V,Condominium,10,Spadina-Fort York
1159926,STR-2306-FQVKVQ,33 Erskine Ave,1008,M4P,Apartment,15,Don Valley West
1159927,STR-2306-GGHKVS,101 Erskine Ave,1907,M4P,Condominium,15,Don Valley West
1159928,STR-2306-GPPKVT,804 Gladstone Ave,,M6H,Single/Semi-detached House,9,Davenport
1159929,STR-2306-HFBKVW,42 Western Battery Rd,745,M6K,Townhouse/ Row House,10,Spadina-Fort York
1159930,STR-2306-HMHKVX,209 Fort York Blvd,876,M5V,Condominium,10,Spadina-Fort York
1159931,STR-2306-HVPKVY,100 Burnside Dr,Main,M6G,Single/Semi-detached House,12,Toronto-St. Paul's
1159932,STR-2306-FJDXVP,224 Geoffrey St,,M6R,Single/Semi-detached House,4,Parkdale-High Park
1159933,STR-2306-FRKXVQ,300 Front St W,2604,M5V,Condominium,10,Spadina-Fort York
1159934,STR-2306-FYRXVR,957 Broadview Ave,A,M4K,Townhouse/ Row House,14,Toronto-Danforth
1159935,STR-2306-GGXXVS,147 Silver Springs Blvd,,M1V,Single/Semi-detached House,22,Scarborough-Agincourt
1159936,STR-2306-GQDXVT,37 Berryman St,,M5R,Townhouse/ Row House,11,University-Rosedale
1159937,STR-2306-GXKXVV,39 Lappin Ave,Main,M6H,Duplex/Triplex/Fourplex,9,Davenport
1159938,STR-2306-HWDXVY,50 Gladstone Ave,2,M6J,Duplex/Triplex/Fourplex,9,Davenport
1159939,STR-2306-JDKXVZ,10 Thyra Ave,,M4C,Single/Semi-detached House,19,Beaches-East York
1159940,STR-2306-GHPKVS,565 Sherbourne St,219,M4X,Apartment,13,Toronto Centre
1159941,STR-2306-GQVKVT,2 Anndale Dr,1806,M2N,Condominium,18,Willowdale
1159942,STR-2306-HGHKVW,101 Peter St,3407,M5V,Condominium,10,Spadina-Fort York
1159943,STR-2306-HPPKVX,27 Hector Ave,Lower Level,M6G,Duplex/Triplex/Fourplex,12,Toronto-St. Paul's
1159944,STR-2306-JFBKVZ,57 Finch Ave W,4,M2N,Condominium,18,Willowdale
1159945,STR-2306-FKKXVP,363 Shaw St,,M6J,Single/Semi-detached House,11,University-Rosedale
1159946,STR-2306-FSRXVQ,184 Emerson Ave,1,M6H,Townhouse/ Row House,9,Davenport
1159947,STR-2306-GRKXVT,97 Kingsdale Ave,,M2N,Single/Semi-detached House,18,Willowdale
1159948,STR-2306-HQDXVX,44 Huntley St,202,M4Y,Apartment,13,Toronto Centre
1159949,STR-2306-HXKXVY,349 Logan Ave,,M4M,Single/Semi-detached House,14,Toronto-Danforth
1159950,STR-2306-JFRXVZ,47 Lower River St,440,M5A,Condominium,13,Toronto Centre
1159951,STR-2306-FTHKVQ,45 Twin Pauls Cres,,M1R,Single/Semi-detached House,21,Scarborough Centre
1159952,STR-2306-GBPKVR,264 Gowan Ave,4,M4J,Duplex/Triplex/Fourplex,14,Toronto-Danforth
1159953,STR-2306-GJVKVS,4 Huronia Gt,Main,M1H,Single/Semi-detached House,24,Scarborough-Guildwood
1159954,STR-2306-GSBKVT,28 Linden St,1002,M4Y,Condominium,13,Toronto Centre
1159955,STR-2306-GZHKVV,107 Frederick Tisdale Dr,,M3K,Townhouse/ Row House,6,York Centre
1159956,STR-2306-HYBKVY,27 Bathurst St,914,M5V,Condominium,10,Spadina-Fort York
1159957,STR-2306-JGHKVZ,21 Cora Cres,,M1P,Single/Semi-detached House,21,Scarborough Centre
1159958,STR-2306-FLRXVP,650 King St W,807,M5V,Condominium,10,Spadina-Fort York
1159959,STR-2306-FTXXVQ,117 Warden Ave,,M1N,Single/Semi-detached House,20,Scarborough Southwest
1159960,STR-2306-GCDXVR,45 Grenoble Dr,2501,M3C,Apartment,16,Don Valley East
1159961,STR-2306-GKKXVS,95 Bastedo Ave,1,M4C,Duplex/Triplex/Fourplex,19,Beaches-East York
1159962,STR-2306-GSRXVT,62 Secroft Cres,,M3N,Single/Semi-detached House,7,Humber River-Black Creek
1159963,STR-2306-GZXXVV,58 Farningham Cres,,M9B,Single/Semi-detached House,2,Etobicoke Centre
1159964,STR-2306-HJDXVW,17 Winston Ave,,M1N,Single/Semi-detached House,20,Scarborough Southwest
1159965,STR-2306-HRKXVX,667 College St,3,M6G,Apartment,11,University-Rosedale
1159966,STR-2306-FFCRVP,1 Michael Power Pl,1102,M9A,Condominium,3,Etobicoke-Lakeshore
1159967,STR-2306-FMJRVQ,20 John St,620,M5V,Condominium,10,Spadina-Fort York
1159968,STR-2306-FVQRVR,130 Beech Ave,,M4E,Single/Semi-detached House,19,Beaches-East York
1159969,STR-2306-GLCRVT,300 Front St W,4211,M5V,Condominium,10,Spadina-Fort York
1159970,STR-2306-HBQRVW,19 Perth Ave,,M6R,Townhouse/ Row House,9,Davenport
1159971,STR-2306-HJWRVX,279 Reiner Rd,,M3H,Single/Semi-detached House,6,York Centre
1159972,STR-2306-HSCRVY,198 Newton Dr,,M2M,Single/Semi-detached House,18,Willowdale
1159973,STR-2306-HZJRVZ,32 Arcadian Crcl,,M8W,Single/Semi-detached House,3,Etobicoke-Lakeshore
1159974,STR-2306-FFTDVP,352 Front St W,320,M5V,Condominium,10,Spadina-Fort York
1159975,STR-2306-FMZDVQ,58 Teignmouth Ave,,M6E,Single/Semi-detached House,9,Davenport
1159976,STR-2306-FWGDVR,8 Mercer St,608,M5V,Condominium,10,Spadina-Fort York
1159977,STR-2306-GDMDVS,317 Margueretta St,1,M6H,Single/Semi-detached House,9,Davenport
1159978,STR-2306-GLTDVT,268 Logan Ave,3,M4M,Apartment,14,Toronto-Danforth
1159979,STR-2306-GTZDVV,734 Queen St E,2,M4M,Apartment,14,Toronto-Danforth
1159980,STR-2306-HSTDVY,47 Manderley Dr,,M1N,Single/Semi-detached House,20,Scarborough Southwest
1159981,STR-2306-FGJRVP,204 Pacific Ave,,M6P,Single/Semi-detached House,4,Parkdale-High Park
1159982,STR-2306-FPQRVQ,1 Iceboat Ter,G16,M5V,Townhouse/ Row House,10,Spadina-Fort York
1159983,STR-2306-FWWRVR,181 Wynford Dr,403,M3C,Condominium,16,Don Valley East
1159984,STR-2306-HCWRVW,21 Iceboat Ter,631,M5V,Condominium,10,Spadina-Fort York
1159985,STR-2306-HLCRVX,104 Goodwood Park Crt,209,M4C,Apartment,19,Beaches-East York
1159986,STR-2306-JBQRVZ,215 Fort York Blvd,1707,M5V,Condominium,10,Spadina-Fort York
1159987,STR-2306-FQGDVQ,2 Lakeland Cres,,M1G,Single/Semi-detached House,24,Scarborough-Guildwood
1159988,STR-2306-FXMDVR,230 Oak St,1111,M5A,Apartment,13,Toronto Centre
1159989,STR-2306-GFTDVS,151 Dan Leckie Way,2209,M5V,Condominium,10,Spadina-Fort York
1159990,STR-2306-GMZDVT,225 Wellesley St E,612,M4X,Condominium,13,Toronto Centre
1159991,STR-2306-GWGDVV,300 Front St W,1708,M5V,Condominium,10,Spadina-Fort York
1159992,STR-2306-HDMDVW,760 The Queensway,212,M8Z,Condominium,3,Etobicoke-Lakeshore
1159993,STR-2306-HLTDVX,155 Yorkville Ave,2705,M5R,Condominium,11,University-Rosedale
1159994,STR-2306-HTZDVY,256 Boston Ave,,M4M,Single/Semi-detached House,14,Toronto-Danforth
1159995,STR-2306-FQWRVQ,251 Manitoba St,115,M8Y,Condominium,3,Etobicoke-Lakeshore
1159996,STR-2306-GGJRVS,52 Forthbridge Cres,,M3M,Single/Semi-detached House,6,York Centre
1159997,STR-2306-GPQRVT,84 Dairy Dr,,M1L,Townhouse/ Row House,20,Scarborough Southwest
1159998,STR-2306-HFCRVW,155 Yorkville Ave,2307,M5R,Condominium,11,University-Rosedale
1159999,STR-2306-HMJRVX,165 Campbell Ave,Basement,M6P,Single/Semi-detached House,9,Davenport
1160000,STR-2306-HVQRVY,140 Simcoe St,814,M5H,Condominium,10,Spadina-Fort York
1160001,STR-2306-JCWRVZ,630 Kingston Rd,301,M4E,Condominium,19,Beaches-East York
1160002,STR-2306-FYTDVR,209 Fort York Blvd,873,M5V,Condominium,10,Spadina-Fort York
1160003,STR-2306-GGZDVS,174 Wineva Ave,,M4E,Single/Semi-detached House,19,Beaches-East York
1160004,STR-2306-GXMDVV,216 Sterling Rd,,M6R,Single/Semi-detached House,9,Davenport
1160005,STR-2306-HFTDVW,1081 Danforth Rd,133,M1J,Townhouse/ Row House,20,Scarborough Southwest
1160006,STR-2306-HWGDVY,91 Oakwood Ave,2,M6H,Duplex/Triplex/Fourplex,9,Davenport
1160007,STR-2306-JDMDVZ,21 Iceboat Ter,3205,M5V,Condominium,10,Spadina-Fort York
1160008,STR-2306-FJWRVP,1309 Davenport Rd,,M6H,Duplex/Triplex/Fourplex,9,Davenport
1160009,STR-2306-FSCRVQ,12 Coleridge Ave,,M4C,Single/Semi-detached House,19,Beaches-East York
1160010,STR-2306-FZJRVR,1029 King St W,403,M6K,Condominium,10,Spadina-Fort York
1160011,STR-2306-GQWRVT,47 Geneva Ave,,M5A,Townhouse/ Row House,13,Toronto Centre
1160012,STR-2306-GYCRVV,16 Bonnycastle St,1302,M5A,Condominium,10,Spadina-Fort York
1160013,STR-2306-HGJRVW,120 Harrison Garden Blvd,1105,M2N,Apartment,18,Willowdale
1160014,STR-2306-HPQRVX,19 Grand Trunk Cres,3008,M5J,Apartment,10,Spadina-Fort York
1160015,STR-2306-HWWRVY,215 Fort York Blvd,614,M5V,Condominium,10,Spadina-Fort York
1160016,STR-2306-FKMDVP,41 Mariposa Ave,,M6N,Single/Semi-detached House,5,York South-Weston
1160017,STR-2306-FSTDVQ,17 Zorra St,1504,M8Z,Condominium,3,Etobicoke-Lakeshore
1160018,STR-2306-FZZDVR,9 Tangmere Rd,,M3B,Single/Semi-detached House,16,Don Valley East
1160019,STR-2306-GJGDVS,24 Sandwell Dr,,M9R,Single/Semi-detached House,2,Etobicoke Centre
1160020,STR-2306-GRMDVT,223 Carlton St,A,M5A,Duplex/Triplex/Fourplex,13,Toronto Centre
1160021,STR-2306-GYTDVV,215 Fort York Blvd,3011,M5V,Condominium,10,Spadina-Fort York
1160022,STR-2306-HGZDVW,9 Love Cres,1,M4E,Duplex/Triplex/Fourplex,19,Beaches-East York
1160023,STR-2306-HQGDVX,112 George St,434,M5A,Condominium,13,Toronto Centre
1160024,STR-2306-HXMDVY,18 Yonge st,1403,M5E,Condominium,10,Spadina-Fort York
1160025,STR-2306-FLCRVP,75 Graydon Hall Dr,1408,M3A,Condominium,16,Don Valley East
1160026,STR-2306-GBQRVR,1646 Dupont St,1,M6P,Single/Semi-detached House,9,Davenport
1160027,STR-2306-GJWRVS,251 Jarvis St,4701,M5B,Condominium,13,Toronto Centre
1160028,STR-2306-GSCRVT,23 Lorraine Dr,810,M2N,Condominium,18,Willowdale
1160029,STR-2306-GZJRVV,8 Charlotte St,808,M5V,Condominium,10,Spadina-Fort York
1160030,STR-2306-HHQRVW,197 Bellefontaine St,,M1S,Townhouse/ Row House,22,Scarborough-Agincourt
1160031,STR-2306-HQWRVX,1356 Queen St E,3,M4L,Apartment,14,Toronto-Danforth
1160032,STR-2306-FLTDVP,151 Dan Leckie Way,947,M5V,Condominium,10,Spadina-Fort York
1160033,STR-2306-FTZDVQ,97 Berkshire Ave,,M4M,Townhouse/ Row House,14,Toronto-Danforth
1160034,STR-2306-GKMDVS,19 Regatta Cres,,M2R,Single/Semi-detached House,18,Willowdale
1160035,STR-2306-GSTDVT,81 Heman St,1,M8V,Duplex/Triplex/Fourplex,3,Etobicoke-Lakeshore
1160036,STR-2306-GZZDVV,57 Macaulay Ave,502,M6P,Condominium,9,Davenport
1160037,STR-2306-HJGDVW,367 Caledonia Rd,,M6E,Single/Semi-detached House,9,Davenport
1160038,STR-2306-HRMDVX,125 Redpath Ave,2402,M4S,Condominium,12,Toronto-St. Paul's
1160039,STR-2306-HYTDVY,585 Bloor St E,1619,M4W,Condominium,13,Toronto Centre
1160040,STR-2306-FDPPHP,21 Iceboat Ter,4101,M5V,Condominium,10,Spadina-Fort York
1160041,STR-2306-FVBPHR,12 Twenty Second St,2,M8V,Apartment,3,Etobicoke-Lakeshore
1160042,STR-2306-GCHPHS,57 Macaulay Ave,703,M6P,Condominium,9,Davenport
1160043,STR-2306-GSVPHV,101 Peter St,906,M5V,Condominium,10,Spadina-Fort York
1160044,STR-2306-HBBPHW,503 Main St,,M4C,Single/Semi-detached House,19,Beaches-East York
1160045,STR-2306-FFFBHP,101 Peter St,1003,M5V,Condominium,10,Spadina-Fort York
1160046,STR-2306-FMLBHQ,137 Roebuck Dr,,M1K,Single/Semi-detached House,20,Scarborough Southwest
1160047,STR-2306-FVSBHR,1540 King St W,3A,M6K,Condominium,4,Parkdale-High Park
1160048,STR-2306-GCYBHS,30 Hillsboro Ave,1902,M5R,Apartment,11,University-Rosedale
1160049,STR-2306-GTLBHV,95 Lightbourn Ave,,M6H,Single/Semi-detached House,9,Davenport
1160050,STR-2306-HBSBHW,28 Glenbrook Ave,,M6B,Single/Semi-detached House,8,Eglinton-Lawrence
1160051,STR-2306-HJYBHX,435 Richmond St W,812,M5V,Condominium,10,Spadina-Fort York
1160052,STR-2306-HSFBHY,90 Oxford St,11,M5T,Apartment,11,University-Rosedale
1160053,STR-2306-HZLBHZ,22 Western Battery Rd,117,M6K,Townhouse/ Row House,10,Spadina-Fort York
1160054,STR-2306-FPBPHQ,432 Lake Shore Blvd W,G08,M5V,Condominium,10,Spadina-Fort York
1160055,STR-2306-GDPPHS,110 Charles St E,2206,M4Y,Condominium,11,University-Rosedale
1160056,STR-2306-GLVPHT,687 Glencairn Ave,,M6B,Single/Semi-detached House,8,Eglinton-Lawrence
1160057,STR-2306-GVBPHV,168A Euclid Ave,,M6J,Single/Semi-detached House,10,Spadina-Fort York
1160058,STR-2306-HCHPHW,438 Christie St,,M6G,Single/Semi-detached House,12,Toronto-St. Paul's
1160059,STR-2306-HSVPHY,14 York St,3302,M5J,Condominium,10,Spadina-Fort York
1160060,STR-2306-FGLBHP,55 Ann O'Reilly Rd,621,M2J,Condominium,17,Don Valley North
1160061,STR-2306-FPSBHQ,36 Servington Cres,,M4S,Single/Semi-detached House,12,Toronto-St. Paul's
1160062,STR-2306-GFFBHS,13 Collahie St,,M6J,Townhouse/ Row House,9,Davenport
1160063,STR-2306-GMLBHT,101 Peter St,3110,M5V,Condominium,10,Spadina-Fort York
1160064,STR-2306-GVSBHV,113 Pemberton Ave,,M2M,Single/Semi-detached House,18,Willowdale
1160065,STR-2306-HLFBHX,10 Capreol Crt,356,M5V,Condominium,10,Spadina-Fort York
1160066,STR-2306-HTLBHY,6 Donna Crt,,M2M,Single/Semi-detached House,18,Willowdale
1160067,STR-2306-JBSBHZ,50 Bruyeres Mews,812,M5V,Condominium,10,Spadina-Fort York
1160068,STR-2306-GPBPHT,88 Wareside Rd,,M9C,Single/Semi-detached House,2,Etobicoke Centre
1160069,STR-2306-GWHPHV,20 Shannon St,,M6J,Single/Semi-detached House,9,Davenport
1160070,STR-2306-HDPPHW,86 Donlands Ave,,M4J,Single/Semi-detached House,14,Toronto-Danforth
1160071,STR-2306-HVBPHY,477 The East Mall,,M9B,Single/Semi-detached House,2,Etobicoke Centre
1160072,STR-2306-FHSBHP,4 Hazelwood Ave,,M4J,Single/Semi-detached House,14,Toronto-Danforth
1160073,STR-2306-FQYBHQ,21 Iceboat Ter,1703,M5V,Condominium,10,Spadina-Fort York
1160074,STR-2306-FYFBHR,88 Carr St,26,M5T,Townhouse/ Row House,10,Spadina-Fort York
1160075,STR-2306-GGLBHS,17 Patricia Ave,,M2M,Single/Semi-detached House,18,Willowdale
1160076,STR-2306-GPSBHT,155 Yorkville Ave,2012,M5R,Condominium,11,University-Rosedale
1160077,STR-2307-GWYBHV,955 Bay St,2007,M5S,Condominium,13,Toronto Centre
1160078,STR-2307-HFFBHW,99 Cameron St,803,M5T,Condominium,10,Spadina-Fort York
1160079,STR-2307-HMLBHX,270 Palmdale Dr,1701,M1T,Condominium,22,Scarborough-Agincourt
1160080,STR-2307-HVSBHY,270 Wellington St W,212,M5V,Condominium,10,Spadina-Fort York
1160081,STR-2307-JCYBHZ,65 Bremner Blvd,3310,M5J,Condominium,10,Spadina-Fort York
1160082,STR-2307-FJHPHP,352 Front St W,820,M5V,Condominium,10,Spadina-Fort York
1160083,STR-2307-FRPPHQ,43 Parkway Ave,,M6R,Single/Semi-detached House,4,Parkdale-High Park
1160084,STR-2307-FYVPHR,14 York St,5510,M5J,Condominium,10,Spadina-Fort York
1160085,STR-2307-GHBPHS,22 John St,1502,M9N,Condominium,5,York South-Weston
1160086,STR-2307-GQHPHT,222 Elm St,1009,M5T,Apartment,11,University-Rosedale
1160087,STR-2307-HFVPHW,38 Grenville St,4404,M4Y,Condominium,13,Toronto Centre
1160088,STR-2307-HWHPHY,219 Fort York Blvd,201,M5V,Condominium,10,Spadina-Fort York
1160089,STR-2307-FJYBHP,87 Peter St,4111,M5V,Condominium,10,Spadina-Fort York
1160090,STR-2307-FSFBHQ,33 Lawnmere Cres,,M1S,Single/Semi-detached House,23,Scarborough North
1160091,STR-2307-FZLBHR,40 Gerrard St E,712,M5B,Apartment,13,Toronto Centre
1160092,STR-2307-GQYBHT,836 Manning Ave,,M6G,Single/Semi-detached House,11,University-Rosedale
1160093,STR-2307-GYFBHV,305 Roehampton Ave,407,M4P,Condominium,15,Don Valley West
1160094,STR-2307-HGLBHW,77 Bartley Dr,,M4A,Single/Semi-detached House,16,Don Valley East
1160095,STR-2307-HWYBHY,94 Ninth St,,M8V,Single/Semi-detached House,3,Etobicoke-Lakeshore
1160096,STR-2307-JFFBHZ,50 Joe Shuster Way,203,M6K,Townhouse/ Row House,10,Spadina-Fort York
1160097,STR-2307-FKPPHP,237 Seaton St,,M5A,Townhouse/ Row House,13,Toronto Centre
1160098,STR-2307-FSVPHQ,250 Wellington St W,1642,M5V,Condominium,10,Spadina-Fort York
1160099,STR-2307-GBBPHR,101 Peter St,2105,M5V,Condominium,10,Spadina-Fort York
1160100,STR-2307-GJHPHS,1023 Islington Ave,,M8Z,Single/Semi-detached House,3,Etobicoke-Lakeshore
1160101,STR-2307-GRPPHT,279 Lisgar St,,M6J,Single/Semi-detached House,9,Davenport
1160102,STR-2307-GYVPHV,50 Waniska Ave,3,M8Y,Apartment,3,Etobicoke-Lakeshore
1160103,STR-2307-HHBPHW,38 Abell St,207,M6J,Condominium,9,Davenport
1160104,STR-2307-HQHPHX,64 Venetian Cres,Upper Floor,M3N,Single/Semi-detached House,7,Humber River-Black Creek
1160105,STR-2307-HXPPHY,91 Sun Row Dr,,M9P,Single/Semi-detached House,2,Etobicoke Centre
1160106,STR-2307-FLFBHP,124 Spadina Rd,3,M5R,Apartment,11,University-Rosedale
1160107,STR-2307-GBSBHR,41 Huntsmill Blvd,,M1W,Single/Semi-detached House,22,Scarborough-Agincourt
1160108,STR-2307-GJYBHS,146 Sellers Ave,,M6E,Single/Semi-detached House,9,Davenport
1160109,STR-2307-GSFBHT,280 Wellesley St E,1615,M4X,Apartment,13,Toronto Centre
1160110,STR-2307-GZLBHV,144 Evelyn Cres,,M6P,Single/Semi-detached House,4,Parkdale-High Park
1160111,STR-2307-HHSBHW,1050 The Queensway,808,M8Z,Condominium,3,Etobicoke-Lakeshore
1160112,STR-2307-HQYBHX,33 Struthers St,,M8V,Single/Semi-detached House,3,Etobicoke-Lakeshore
1160113,STR-2307-HYFBHY,209 Fort York Blvd,674,M5V,Condominium,10,Spadina-Fort York
1160114,STR-2307-JGLBHZ,5 Doverwood Crt,,M2M,Single/Semi-detached House,18,Willowdale
1160115,STR-2307-FDQVHP,251 Jarvis St,4604,M5B,Condominium,13,Toronto Centre
1160116,STR-2307-FVCVHR,26 Olive Ave,1706,M2N,Condominium,18,Willowdale
1160117,STR-2307-GCJVHS,230 Queens Quay W,729,M5J,Condominium,10,Spadina-Fort York
1160118,STR-2307-GSWVHV,30 NELSON St,2208,M5V,Condominium,10,Spadina-Fort York
1160119,STR-2307-HBCVHW,19 Treeland Way,,M3M,Townhouse/ Row House,6,York Centre
1160120,STR-2307-HJJVHX,199 Richmond St W,2403,M5V,Condominium,10,Spadina-Fort York
1160121,STR-2307-HRQVHY,455 Front St E,N315,M5A,Condominium,13,Toronto Centre
1160122,STR-2307-HYWVHZ,8 York St,1611,M5J,Condominium,10,Spadina-Fort York
1160123,STR-2307-FFGHHP,20 Six Nations Ave,,M1H,Single/Semi-detached House,24,Scarborough-Guildwood
1160124,STR-2307-FMMHHQ,15 Shudell Ave,,M4J,Single/Semi-detached House,14,Toronto-Danforth
1160125,STR-2307-FVTHHR,85 Bloor St E,2002,M4W,Condominium,11,University-Rosedale
1160126,STR-2307-GTMHHV,300 Front St W,3706,M5V,Condominium,10,Spadina-Fort York
1160127,STR-2307-HBTHHW,10 Capreol Crt,345,M5V,Condominium,10,Spadina-Fort York
1160128,STR-2307-HJZHHX,101 Peter St,3412,M5V,Condominium,10,Spadina-Fort York
1160129,STR-2307-HSGHHY,710 Humberwood Blvd,706,M9W,Apartment,1,Etobicoke North
1160130,STR-2307-HZMHHZ,160 Bellwoods Ave,,M6J,Single/Semi-detached House,10,Spadina-Fort York
1160131,STR-2307-FPCVHQ,50 Charles St E,2612,M4Y,Condominium,11,University-Rosedale
1160132,STR-2307-GLWVHT,136 Glen Albert Dr,,M4B,Single/Semi-detached House,19,Beaches-East York
1160133,STR-2307-GVCVHV,300 Front St W,4101,M5V,Condominium,10,Spadina-Fort York
1160134,STR-2307-HCJVHW,210 Victoria St,912,M5B,Condominium,13,Toronto Centre
1160135,STR-2307-HKQVHX,50 Portland St,710,M5V,Apartment,10,Spadina-Fort York
1160136,STR-2307-FGMHHP,150 East Liberty St,1707,M6K,Condominium,10,Spadina-Fort York
1160137,STR-2307-FPTHHQ,2 Hurdman St,,M6M,Single/Semi-detached House,5,York South-Weston
1160138,STR-2307-FWZHHR,123 Humbercrest Blvd,,M6S,Single/Semi-detached House,4,Parkdale-High Park
1160139,STR-2307-HCZHHW,25 Nicholas Ave,611,M5A,Apartment,13,Toronto Centre
1160140,STR-2307-HLGHHX,155 Yorkville Ave,1811,M5R,Condominium,11,University-Rosedale
1160141,STR-2307-HTMHHY,11 Everson Dr,414,M2N,Townhouse/ Row House,18,Willowdale
1160142,STR-2307-JBTHHZ,30 Nelson St,212,M5V,Condominium,10,Spadina-Fort York
1160143,STR-2307-FHCVHP,45 McRae Dr,,M4G,Single/Semi-detached House,15,Don Valley West
1160144,STR-2307-FQJVHQ,65 High Park Ave,1610,M6P,Apartment,4,Parkdale-High Park
1160145,STR-2307-FXQVHR,71 Leslie St,,M4M,Single/Semi-detached House,14,Toronto-Danforth
1160146,STR-2307-GPCVHT,251 Jarvis St,4311,M5B,Condominium,13,Toronto Centre
1160147,STR-2307-GWJVHV,19 Grand Trunk Cres,911,M5J,Condominium,10,Spadina-Fort York
1160148,STR-2307-HDQVHW,955 Bay St,1616,M5S,Condominium,13,Toronto Centre
1160149,STR-2307-HVCVHY,300 Cornelius Pkwy,,M3K,Single/Semi-detached House,6,York Centre
1160150,STR-2307-JCJVHZ,141 Crescent Rd,,M4W,Single/Semi-detached House,11,University-Rosedale
1160151,STR-2307-FHTHHP,83 Chester Ave,,M4K,Single/Semi-detached House,14,Toronto-Danforth
1160152,STR-2307-FQZHHQ,550 Jane St,,M6S,Single/Semi-detached House,4,Parkdale-High Park
1160153,STR-2307-FYGHHR,208 Queens Quay W,1204,M5J,Condominium,10,Spadina-Fort York
1160154,STR-2307-GPTHHT,155 Wolseley St,,M6J,Townhouse/ Row House,10,Spadina-Fort York
1160155,STR-2307-HPTHHX,240 Wellesworth Dr,,M9C,Single/Semi-detached House,2,Etobicoke Centre
1160156,STR-2307-GWZHHV,88 Park Lawn Rd,1906,M8Y,Condominium,3,Etobicoke-Lakeshore
1160157,STR-2307-HFGHHW,300 Front St W,809,M5V,Condominium,10,Spadina-Fort York
1160158,STR-2307-HMMHHX,715 Don Mills Rd,1107,M3C,Condominium,16,Don Valley East
1160159,STR-2307-JCZHHZ,2900 Jane St,210,M3N,Apartment,7,Humber River-Black Creek
1160160,STR-2307-FJJVHP,55 Warrender Ave,1413,M9B,Apartment,2,Etobicoke Centre
1160161,STR-2307-FRQVHQ,70 Scarborough Rd,1,M4E,Duplex/Triplex/Fourplex,19,Beaches-East York
1160162,STR-2307-GQJVHT,29 Moore Park Ave,,M2M,Townhouse/ Row House,18,Willowdale
1160163,STR-2307-HFWVHW,216 Balsam Ave,,M4E,Single/Semi-detached House,19,Beaches-East York
1160164,STR-2307-HPCVHX,12 Earl Haig Ave,,M4C,Single/Semi-detached House,19,Beaches-East York
1160165,STR-2307-HWJVHY,38 Joe Shuster Way,1422,M6K,Condominium,10,Spadina-Fort York
1160166,STR-2307-JDQVHZ,38 Stonegate Rd,,M8Y,Single/Semi-detached House,3,Etobicoke-Lakeshore
1160167,STR-2307-FJZHHP,209 Fort York Blvd,859,M5V,Condominium,10,Spadina-Fort York
1160168,STR-2307-FSGHHQ,300 Front St W,3710,M5V,Condominium,10,Spadina-Fort York
1160169,STR-2307-FZMHHR,955 Bay St,1815,M5S,Condominium,13,Toronto Centre
1160170,STR-2307-GHTHHS,500 Doris Ave,1030,M2N,Condominium,18,Willowdale
1160171,STR-2307-GYGHHV,141 Gough Ave,3,M4K,Duplex/Triplex/Fourplex,14,Toronto-Danforth
1160172,STR-2307-JFGHHZ,7 Banstock Dr,,M2K,Single/Semi-detached House,17,Don Valley North
1160173,STR-2307-GBCVHR,22 Shannon St,,M6J,Single/Semi-detached House,9,Davenport
1160174,STR-2307-GJJVHS,2130 Bayview Ave,,M4N,Townhouse/ Row House,15,Don Valley West
1160175,STR-2307-GRQVHT,140 Harrison St,,M6J,Single/Semi-detached House,9,Davenport
1160176,STR-2307-GYWVHV,199 Richmond St W,1503,M5V,Condominium,10,Spadina-Fort York
1160177,STR-2307-HHCVHW,22 Moore Park Ave,,M2M,Single/Semi-detached House,18,Willowdale
1160178,STR-2307-HQJVHX,13 Corbett Ave,,M6N,Single/Semi-detached House,5,York South-Weston
1160179,STR-2307-JFWVHZ,14 York St,3612,M5J,Condominium,10,Spadina-Fort York
1160180,STR-2307-FLGHHP,105 Silverthorn Ave,,M6N,Single/Semi-detached House,9,Davenport
1160181,STR-2307-GBTHHR,21 Iceboat Ter,1810,M5V,Condominium,10,Spadina-Fort York
1160182,STR-2307-GJZHHS,300 Front St W,2501,M5V,Condominium,10,Spadina-Fort York
1160183,STR-2307-HHTHHW,33 Helendale Ave,1607,M4R,Condominium,8,Eglinton-Lawrence
1160184,STR-2307-HQZHHX,18 Yonge St,3807,M5E,Condominium,10,Spadina-Fort York
1160185,STR-2307-FDSBHP,214 Grace St,,M6G,Single/Semi-detached House,11,University-Rosedale
1160186,STR-2307-FVFBHR,320 Fairlawn Ave,,M5M,Single/Semi-detached House,8,Eglinton-Lawrence
1160187,STR-2307-GCLBHS,2459 Dundas St W,,M6P,Single/Semi-detached House,4,Parkdale-High Park
1160188,STR-2307-GSYBHV,478 King St W,1110,M5V,Condominium,10,Spadina-Fort York
1160189,STR-2307-HBFBHW,428B Valermo Dr,,M8W,Single/Semi-detached House,3,Etobicoke-Lakeshore
1160190,STR-2307-HJLBHX,79 Thorncliffe Park Dr,809,M4H,Apartment,15,Don Valley West
1160191,STR-2307-HRSBHY,5 Homestead Rd,,M1E,Single/Semi-detached House,25,Scarborough-Rouge Park
1160192,STR-2307-HYYBHZ,127 Bingham Ave,,M4E,Single/Semi-detached House,19,Beaches-East York
1160193,STR-2307-FFHPHP,29 Green Spring Dr,,M1V,Single/Semi-detached House,23,Scarborough North
1160194,STR-2307-FMPPHQ,29 Monarch Park Ave,2,M4J,Single/Semi-detached House,14,Toronto-Danforth
1160195,STR-2307-FVVPHR,555 Wilson Ave,E1010,M3H,Condominium,6,York Centre
1160196,STR-2307-GDBPHS,1 Shaw St,621,M6K,Condominium,10,Spadina-Fort York
1160197,STR-2307-HBVPHW,80 Western Battery Rd,2304,M6K,Condominium,10,Spadina-Fort York
1160198,STR-2307-HSHPHY,599 St Clair Ave W,8,M6C,Apartment,12,Toronto-St. Paul's
1160199,STR-2307-HZPPHZ,150 East Liberty St,1415,M6K,Apartment,10,Spadina-Fort York
1160200,STR-2307-FFYBHP,31 Shaver Ave S,,M9B,Single/Semi-detached House,3,Etobicoke-Lakeshore
1160201,STR-2307-FPFBHQ,575 Clendenan Ave,,M6P,Single/Semi-detached House,4,Parkdale-High Park
1160202,STR-2307-FWLBHR,11 Charleston Rd,,M9B,Single/Semi-detached House,2,Etobicoke Centre
1160203,STR-2307-HSLBHY,15 Victoria Ave W,,M9N,Single/Semi-detached House,5,York South-Weston
1160204,STR-2307-GDSBHS,11 Ordnance St,904,M6K,Apartment,10,Spadina-Fort York
1160205,STR-2307-GLYBHT,2 Broadway Ave,3,M4P,Apartment,15,Don Valley West
1160206,STR-2307-GVFBHV,95 Wright Ave,,M6R,Single/Semi-detached House,4,Parkdale-High Park
1160207,STR-2307-HCLBHW,237 Dovercourt Rd,F,M6J,Apartment,10,Spadina-Fort York
1160208,STR-2307-HKSBHX,255 Richmond St E,402,M5A,Apartment,13,Toronto Centre
1160209,STR-2307-HSYBHY,3257-3259 Lake Shore Blvd W,3,M8V,Apartment,3,Etobicoke-Lakeshore
1160210,STR-2307-JBFBHZ,8 Trent Ave,1119,M4C,Condominium,19,Beaches-East York
1160211,STR-2307-FGPPHP,241 St John's Rd,,M6P,Single/Semi-detached House,4,Parkdale-High Park
1160212,STR-2307-FPVPHQ,10 Rexford Rd,,M6S,Single/Semi-detached House,4,Parkdale-High Park
1160213,STR-2307-FXBPHR,236 First Ave,,M4M,Single/Semi-detached House,14,Toronto-Danforth
1160214,STR-2307-GFHPHS,39 Finchurst Dr,,M2R,Single/Semi-detached House,18,Willowdale
1160215,STR-2307-GMPPHT,250 Wellington St W,1235,M5V,Condominium,10,Spadina-Fort York
1160216,STR-2307-GVVPHV,1001 Pharmacy Ave,,M1R,Single/Semi-detached House,21,Scarborough Centre
1160217,STR-2307-HDBPHW,80 Grandravine Dr,616,M3J,Condominium,7,Humber River-Black Creek
1160218,STR-2307-HLHPHX,1944 Yonge St,714,M4S,Apartment,12,Toronto-St. Paul's
1160219,STR-2307-HTPPHY,300 Front St W,3405,M5V,Condominium,10,Spadina-Fort York
1160220,STR-2307-JBVPHZ,12 York St,2309,M5J,Condominium,10,Spadina-Fort York
1160221,STR-2307-FHFBHP,140 Canon Jackson Dr,108,M6M,Townhouse/ Row House,5,York South-Weston
1160222,STR-2307-FQLBHQ,23 Ladysbridge Dr,1,M1G,Single/Semi-detached House,24,Scarborough-Guildwood
1160223,STR-2307-FXSBHR,12 Bloomfield Ave,,M4L,Single/Semi-detached House,14,Toronto-Danforth
1160224,STR-2307-GPFBHT,21 Darlingside Dr,Main house,M1E,Single/Semi-detached House,25,Scarborough-Rouge Park
1160225,STR-2307-HDSBHW,22 Harrington Cres,,M2M,Single/Semi-detached House,17,Don Valley North
1160226,STR-2307-HLYBHX,68 Decarie Crcl,,M9B,Single/Semi-detached House,2,Etobicoke Centre
1160227,STR-2307-HVFBHY,990 Victoria Park Ave,,M4B,Single/Semi-detached House,19,Beaches-East York
1160228,STR-2307-FYHPHR,148 1/2 Bellwoods Ave,,M6J,Townhouse/ Row House,10,Spadina-Fort York
1160229,STR-2307-GGPPHS,122 Manning Ave,,M6J,Single/Semi-detached House,10,Spadina-Fort York
1160230,STR-2307-GPVPHT,21 Iceboat Ter,1111,M5V,Condominium,10,Spadina-Fort York
1160231,STR-2307-GXBPHV,649 Dupont St,A,M6G,Apartment,11,University-Rosedale
1160232,STR-2307-HMPPHX,1398 Queen St E,,M4L,Single/Semi-detached House,14,Toronto-Danforth
1160233,STR-2307-HVVPHY,30 Ordnance St,1606,M6K,Condominium,10,Spadina-Fort York
1160234,STR-2307-JDBPHZ,25 Sandyhook Sq,,M1W,Single/Semi-detached House,22,Scarborough-Agincourt
1160235,STR-2307-FRSBHQ,38 Joe Shuster Way,704,M6K,Condominium,10,Spadina-Fort York
1160236,STR-2307-GHFBHS,268 Dewhurst Blvd N,,M4J,Single/Semi-detached House,14,Toronto-Danforth
1160237,STR-2307-GQLBHT,12 York St,3904,M5J,Condominium,10,Spadina-Fort York
1160238,STR-2307-GXSBHV,99 The Donway W,614,M3C,Condominium,16,Don Valley East
1160239,STR-2307-HPFBHX,25 Humewood Dr,,M6C,Single/Semi-detached House,12,Toronto-St. Paul's
1160240,STR-2307-HWLBHY,77 Mutual St,2002,M5B,Condominium,13,Toronto Centre
1160241,STR-2307-GHVPHS,223 River St,B3,M5A,Townhouse/ Row House,13,Toronto Centre
1160242,STR-2307-GRBPHT,65 Thicket Rd,,M9C,Single/Semi-detached House,2,Etobicoke Centre
1160243,STR-2307-GYHPHV,210 Victoria St,2501,M5B,Condominium,13,Toronto Centre
1160244,STR-2307-HGPPHW,99 Lake Shore Blvd E,704,M5E,Apartment,10,Spadina-Fort York
1160245,STR-2307-JFHPHZ,55 Warrender Ave,1611,M9B,Apartment,2,Etobicoke Centre
1160246,STR-2307-FSYBHQ,19 Firebrace Rd,,M1W,Single/Semi-detached House,22,Scarborough-Agincourt
1160247,STR-2307-GBFBHR,29 St Quentin Ave,,M1M,Single/Semi-detached House,20,Scarborough Southwest
1160248,STR-2307-GJLBHS,578 Spadina Ave,4,M5S,Condominium,11,University-Rosedale
1160249,STR-2307-GRSBHT,143 Yorkview Dr,,M8Z,Single/Semi-detached House,3,Etobicoke-Lakeshore
1160250,STR-2307-HHFBHW,262 McNicoll Ave,Second Floor,M2H,Single/Semi-detached House,17,Don Valley North
1160251,STR-2307-FTPPHQ,300 Front St W,3114,M5V,Condominium,10,Spadina-Fort York
1160252,STR-2307-GBVPHR,105 George St,2110,M5A,Condominium,13,Toronto Centre
1160253,STR-2307-GKBPHS,11 Northolt Crt,,M9A,Single/Semi-detached House,2,Etobicoke Centre
1160254,STR-2307-GSHPHT,251 Ingleton Blvd,,M1V,Single/Semi-detached House,23,Scarborough North
1160255,STR-2307-GZPPHV,22 Somerset Ave,,M6H,Townhouse/ Row House,9,Davenport
1160256,STR-2307-HHVPHW,18 Yonge St,3901,M5E,Apartment,10,Spadina-Fort York
1160257,STR-2307-HRBPHX,61 Lawnside Dr,,M6L,Single/Semi-detached House,5,York South-Weston
1160258,STR-2307-JGPPHZ,57 De Vere Gdns,,M5M,Single/Semi-detached House,8,Eglinton-Lawrence
1160259,STR-2307-FDTHHP,155 Yorkville Ave,2717,M5R,Condominium,11,University-Rosedale
1160260,STR-2307-GCMHHS,215 Fort York Blvd,620,M5V,Condominium,10,Spadina-Fort York
1160261,STR-2307-GKTHHT,50 Houston Cres,,M2J,Single/Semi-detached House,17,Don Valley North
1160262,STR-2307-HBGHHW,208 Osler St,,M6N,Single/Semi-detached House,9,Davenport
1160263,STR-2307-HYZHHZ,38 Dan Leckie Way,3009,M5V,Condominium,10,Spadina-Fort York
1160264,STR-2307-FFJVHP,68 Abell St,1226,M6J,Condominium,9,Davenport
1160265,STR-2307-FMQVHQ,955 Bay St,1101,M5S,Condominium,13,Toronto Centre
1160266,STR-2307-FVWVHR,59 Lewis St,,M4M,Townhouse/ Row House,14,Toronto-Danforth
1160267,STR-2307-GDCVHS,12 York St,4701,M5J,Condominium,10,Spadina-Fort York
1160268,STR-2307-GLJVHT,1055 College St,4,M6H,Duplex/Triplex/Fourplex,9,Davenport
1160269,STR-2307-GTQVHV,516 Indian Grv,,M6P,Single/Semi-detached House,4,Parkdale-High Park
1160270,STR-2307-HSJVHY,39 Roehampton Ave,411,M4P,Condominium,12,Toronto-St. Paul's
1160271,STR-2307-FFZHHP,80 Queens Wharf Rd,1511,M5V,Condominium,10,Spadina-Fort York
1160272,STR-2307-FPGHHQ,468 Whitmore Ave,,M6E,Single/Semi-detached House,8,Eglinton-Lawrence
1160273,STR-2307-GDTHHS,47 Haven Hill Sq,,M1V,Single/Semi-detached House,23,Scarborough North
1160274,STR-2307-GLZHHT,81 Thursfield Cres,,M4G,Single/Semi-detached House,15,Don Valley West
1160275,STR-2307-GVGHHV,30 Ordnance St,2302,M6K,Condominium,10,Spadina-Fort York
1160276,STR-2307-HCMHHW,7 Puckeridge Cres,,M9B,Single/Semi-detached House,2,Etobicoke Centre
1160277,STR-2307-HKTHHX,5949 Yonge St,908,M2M,Apartment,18,Willowdale
1160278,STR-2307-HSZHHY,208 Queens Quay W,3412,M5J,Condominium,10,Spadina-Fort York
1160279,STR-2307-JBGHHZ,7 Centrepark Dr,,M6M,Single/Semi-detached House,5,York South-Weston
1160280,STR-2307-FPWVHQ,1141 Broadview Ave,1,M4K,Single/Semi-detached House,14,Toronto-Danforth
1160281,STR-2307-FXCVHR,101 Peter St,1710,M5V,Apartment,10,Spadina-Fort York
1160282,STR-2307-GFJVHS,36 Wheeler Ave,,M4L,Single/Semi-detached House,19,Beaches-East York
1160283,STR-2307-HDCVHW,17 Zorra St,2403,M8Z,Condominium,3,Etobicoke-Lakeshore
1160284,STR-2307-HLJVHX,123 Overland Dr,,M3C,Single/Semi-detached House,16,Don Valley East
1160285,STR-2307-JBWVHZ,219 Dundas St E,707,M5A,Condominium,13,Toronto Centre
1160286,STR-2307-FHGHHP,10 Arrowstook Rd,,M2K,Single/Semi-detached House,17,Don Valley North
1160287,STR-2307-GFZHHS,110 Red River Cres,,M1B,Townhouse/ Row House,25,Scarborough-Rouge Park
1160288,STR-2307-GPGHHT,300 Front St W,304,M5V,Condominium,10,Spadina-Fort York
1160289,STR-2307-GWMHHV,199 Upper Canada Dr,222,M2P,Apartment,15,Don Valley West
1160290,STR-2307-HDTHHW,313 Glen Rd,,M4W,Single/Semi-detached House,11,University-Rosedale
1160291,STR-2307-HLZHHX,2 Edilou Dr,,M8W,Single/Semi-detached House,3,Etobicoke-Lakeshore
1160292,STR-2307-JCMHHZ,2 Danesbury Ave,Main FL,M6B,Single/Semi-detached House,8,Eglinton-Lawrence
1160293,STR-2307-FHWVHP,138 Dovercourt Rd,,M6J,Single/Semi-detached House,9,Davenport
1160294,STR-2307-GYJVHV,274 Searle Ave,,M3H,Single/Semi-detached House,6,York Centre
1160295,STR-2307-GPWVHT,677 Lansdowne Ave,1,M6H,Apartment,9,Davenport
1160296,STR-2307-GXCVHV,39 Baltic Ave,,M4J,Single/Semi-detached House,14,Toronto-Danforth
1160297,STR-2307-HFJVHW,151 Dan Leckie Way,202,M5V,Apartment,10,Spadina-Fort York
1160298,STR-2307-HMQVHX,106 Gradwell Dr,,M1M,Single/Semi-detached House,20,Scarborough Southwest
1160299,STR-2307-HVWVHY,102 Sammon Ave,,M4J,Single/Semi-detached House,14,Toronto-Danforth
1160300,STR-2307-FJMHHP,17 Monastery Lane,,M1L,Single/Semi-detached House,20,Scarborough Southwest
1160301,STR-2307-FYZHHR,1122 Greenwood Ave,,M4J,Single/Semi-detached House,14,Toronto-Danforth
1160302,STR-2307-GQMHHT,33 Coxwell Ave,,M4L,Single/Semi-detached House,19,Beaches-East York
1160303,STR-2307-GXTHHV,491 Donlands Ave,,M4J,Single/Semi-detached House,14,Toronto-Danforth
1160304,STR-2307-HPGHHX,55 Bremner Blvd,4308,M5J,Condominium,10,Spadina-Fort York
1160305,STR-2307-HWMHHY,7 Silver Spruce Dr,,M1W,Single/Semi-detached House,22,Scarborough-Agincourt
1160306,STR-2307-JDTHHZ,57 Thirty Seventh St,,M8W,Single/Semi-detached House,3,Etobicoke-Lakeshore
1160307,STR-2307-FKCVHP,955 Bay St,1917,M5S,Condominium,13,Toronto Centre
1160308,STR-2307-FSJVHQ,54 Afton Ave,,M6J,Single/Semi-detached House,9,Davenport
1160309,STR-2307-GHWVHS,2300 St Clair Ave W,1006,M6N,Condominium,5,York South-Weston
1160310,STR-2307-HGQVHW,183 Bowie Ave,3,M6E,Duplex/Triplex/Fourplex,8,Eglinton-Lawrence
1160311,STR-2307-HPWVHX,151 Dan Leckie Way,706,M5V,Condominium,10,Spadina-Fort York
1160312,STR-2307-HXCVHY,23 Hollywood Ave,3205,M2N,Condominium,18,Willowdale
1160313,STR-2307-FKTHHP,38 Grenville St,2601,M4Y,Condominium,13,Toronto Centre
1160314,STR-2307-GBGHHR,2221 Yonge St,2905,M4S,Condominium,12,Toronto-St. Paul's
1160315,STR-2307-GJMHHS,1279 Davenport Rd,1,M6H,Single/Semi-detached House,9,Davenport
1160316,STR-2307-GYZHHV,248 Moore Park Ave,,M2M,Single/Semi-detached House,18,Willowdale
1160317,STR-2307-HHGHHW,215 Fort York Blvd,2102,M5V,Condominium,10,Spadina-Fort York
1160318,STR-2307-HQMHHX,175 Bleecker St,216,M4X,Condominium,13,Toronto Centre
1160319,STR-2307-FTQVHQ,101 Peter St,907,M5V,Condominium,10,Spadina-Fort York
1160320,STR-2307-GKCVHS,222 Elm St,1014,M5T,Apartment,11,University-Rosedale
1160321,STR-2307-GSJVHT,106 Dovercourt Rd,515,M6J,Condominium,9,Davenport
1160322,STR-2307-GZQVHV,170 Woodfield Rd,,M4L,Single/Semi-detached House,14,Toronto-Danforth
1160323,STR-2307-JGQVHZ,170 Ingleton Blvd,,M1V,Single/Semi-detached House,23,Scarborough North
1160324,STR-2307-FMBPHQ,87 Rivercrest Rd,,M6S,Single/Semi-detached House,4,Parkdale-High Park
1160325,STR-2307-FVHPHR,361 Front St W,1906,M5V,Condominium,10,Spadina-Fort York
1160326,STR-2307-GCPPHS,42C Shank St,,M6J,Townhouse/ Row House,10,Spadina-Fort York
1160327,STR-2307-GKVPHT,151 Dan Leckie Way,911,M5V,Condominium,10,Spadina-Fort York
1160328,STR-2307-GTBPHV,35 Walmer Rd,504,M5R,Apartment,11,University-Rosedale
1160329,STR-2307-HBHPHW,300 Front St W,2512,M5V,Condominium,10,Spadina-Fort York
1160330,STR-2307-HJPPHX,201 Emerson Ave,,M6H,Single/Semi-detached House,9,Davenport
1160331,STR-2307-HRVPHY,65 Bremner Blvd,2809,M5J,Condominium,10,Spadina-Fort York
1160332,STR-2307-HZBPHZ,33 Canniff St,716,M6K,Townhouse/ Row House,10,Spadina-Fort York
1160333,STR-2307-GDFBHS,65 Bremner Blvd,3406,M5J,Condominium,10,Spadina-Fort York
1160334,STR-2307-GLLBHT,1612 O'Connor Dr,,M4B,Townhouse/ Row House,19,Beaches-East York
1160335,STR-2307-HBYBHW,4 Knowland Dr,,M9A,Single/Semi-detached House,2,Etobicoke Centre
1160336,STR-2307-FGBPHP,29 Noble St,,M6K,Single/Semi-detached House,4,Parkdale-High Park
1160337,STR-2307-FPHPHQ,12 York St,2503,M5J,Condominium,10,Spadina-Fort York
1160338,STR-2307-FWPPHR,1 Shaw St,115,M6K,Condominium,10,Spadina-Fort York
1160339,STR-2307-GDVPHS,84 Seventeenth St,,M8V,Single/Semi-detached House,3,Etobicoke-Lakeshore
1160340,STR-2307-GMBPHT,21 Iceboat Ter,1501,M5V,Condominium,10,Spadina-Fort York
1160341,STR-2307-GVHPHV,114 High Park Ave,,M6P,Single/Semi-detached House,4,Parkdale-High Park
1160342,STR-2307-HCPPHW,47 Slidell Cres,,M3A,Single/Semi-detached House,16,Don Valley East
1160343,STR-2307-HTBPHY,100 Harrison Garden Blvd,1915,M2N,Condominium,18,Willowdale
1160344,STR-2307-JBHPHZ,2A Church St,612,M5E,Condominium,10,Spadina-Fort York
1160345,STR-2307-FPYBHQ,26 Twenty Ninth St,1,M8W,Townhouse/ Row House,3,Etobicoke-Lakeshore
1160346,STR-2307-FXFBHR,680 Brown's Line,,M8W,Single/Semi-detached House,3,Etobicoke-Lakeshore
1160347,STR-2307-GFLBHS,21 Iceboat Ter,531,M5V,Condominium,10,Spadina-Fort York
1160348,STR-2307-GMSBHT,44 Hart Ave,,M1K,Single/Semi-detached House,20,Scarborough Southwest
1160349,STR-2307-GVYBHV,12 York St,502,M5J,Condominium,10,Spadina-Fort York
1160350,STR-2307-HLLBHX,68 Hastings Ave,,M4L,Single/Semi-detached House,14,Toronto-Danforth
1160351,STR-2307-HTSBHY,151 Dan Leckie Way,312,M5V,Condominium,10,Spadina-Fort York
1160352,STR-2307-FHHPHP,57 Hopperton Dr,,M2L,Single/Semi-detached House,15,Don Valley West
1160353,STR-2307-FXVPHR,17 Tarmola Park Court,,M9L,Townhouse/ Row House,,
1160354,STR-2307-GGBPHS,50 White Ave,,M1C,Single/Semi-detached House,25,Scarborough-Rouge Park
1160355,STR-2307-GPHPHT,60 Jopling Ave N,,M9B,Single/Semi-detached House,2,Etobicoke Centre
1160356,STR-2307-HDVPHW,42 Donalda Cres,,M1S,Single/Semi-detached House,22,Scarborough-Agincourt
1160357,STR-2307-HVHPHY,32 Simpson Ave,,M4K,Single/Semi-detached House,14,Toronto-Danforth
1160358,STR-2307-JCPPHZ,21 Iceboat Ter,730,M5V,Condominium,10,Spadina-Fort York
1160359,STR-2307-FRFBHQ,188 Cumberland St,1912,M5R,Condominium,11,University-Rosedale
1160360,STR-2307-FYLBHR,99 Cameron St,709,M5T,Condominium,10,Spadina-Fort York
1160361,STR-2307-GGSBHS,112 Natal Ave,,M1N,Single/Semi-detached House,20,Scarborough Southwest
1160362,STR-2307-GXFBHV,2221 Yonge St,5202,M4S,Condominium,12,Toronto-St. Paul's
1160363,STR-2307-HFLBHW,482 Dufferin St,BSMT,M6K,Townhouse/ Row House,9,Davenport
1160364,STR-2307-HMSBHX,15 Iceboat Ter,1612,M5V,Condominium,10,Spadina-Fort York
1160365,STR-2307-HVYBHY,50 Bruyeres Mews,712,M5V,Condominium,10,Spadina-Fort York
1160366,STR-2307-GQPPHT,363 Strathmore Blvd,,M4C,Single/Semi-detached House,19,Beaches-East York
1160367,STR-2307-GXVPHV,3 Jean Dempsey Gt,,M1C,Single/Semi-detached House,25,Scarborough-Rouge Park
1160368,STR-2307-HGBPHW,12 York St,1810,M5J,Condominium,10,Spadina-Fort York
1160369,STR-2307-HPHPHX,363 Strathmore Blvd,Basement,M4C,Single/Semi-detached House,19,Beaches-East York
1160370,STR-2307-JDVPHZ,1540A King St W,2A,M6K,Condominium,4,Parkdale-High Park
1160371,STR-2307-FKFBHP,560 Front St W,313,M5V,Condominium,10,Spadina-Fort York
1160372,STR-2307-FSLBHQ,12 York St,4808,M5J,Condominium,10,Spadina-Fort York
1160373,STR-2307-GRFBHT,14 York St,3906,M5J,Condominium,10,Spadina-Fort York
1160374,STR-2307-GYLBHV,219 Fort York Blvd,515,M5V,Condominium,10,Spadina-Fort York
1160375,STR-2307-HGSBHW,165 Legion Rd N,534,M8Y,Condominium,3,Etobicoke-Lakeshore
1160376,STR-2307-JFLBHZ,12 York St,4506,M5J,Condominium,10,Spadina-Fort York
1160377,STR-2307-GBHPHR,10 Montana Ave,,M3M,Single/Semi-detached House,6,York Centre
1160378,STR-2307-HQPPHX,110 Pleasant View Dr,,M2J,Single/Semi-detached House,17,Don Valley North
1160379,STR-2307-HXVPHY,158 Grenadier Rd,1,M6R,Single/Semi-detached House,4,Parkdale-High Park
1160380,STR-2307-JGBPHZ,194 Dixon Rd,,M9P,Single/Semi-detached House,1,Etobicoke North
1160381,STR-2307-GSLBHT,98 Yorkview Dr,,M8Z,Single/Semi-detached House,3,Etobicoke-Lakeshore
1160382,STR-2307-GZSBHV,15 Iceboat Ter,2216,M5V,Condominium,10,Spadina-Fort York
1160383,STR-2307-HHYBHW,100 Wellesley St E,1601,M4Y,Apartment,13,Toronto Centre
1160384,STR-2307-HRFBHX,43 Cosmic Dr,,M3B,Single/Semi-detached House,15,Don Valley West
1160385,STR-2307-HYLBHY,300 Front St W,4306,M5V,Condominium,10,Spadina-Fort York
1160386,STR-2307-JGSBHZ,151 Dan Leckie Way,908,M5V,Condominium,10,Spadina-Fort York
1160387,STR-2307-FDWVHP,34 Glendale Ave,,M6R,Single/Semi-detached House,4,Parkdale-High Park
1160388,STR-2307-FMCVHQ,300 Front St W,701,M5V,Condominium,10,Spadina-Fort York
1160389,STR-2307-FVJVHR,145 Marlee Ave,1702,M6B,Apartment,8,Eglinton-Lawrence
1160390,STR-2307-GCQVHS,20 Whistle Post St,,M4E,Single/Semi-detached House,19,Beaches-East York
1160391,STR-2307-GKWVHT,978 The Queensway,A,M8Z,Apartment,3,Etobicoke-Lakeshore
1160392,STR-2307-HBJVHW,35 Mariner Ter,1111,M5V,Condominium,10,Spadina-Fort York
1160393,STR-2307-HJQVHX,34 Tubman Ave,1013,M5A,Condominium,13,Toronto Centre
1160394,STR-2307-FFMHHP,19 Hillsboro Ave,,M5R,Single/Semi-detached House,11,University-Rosedale
1160395,STR-2307-FMTHHQ,549 Perth Ave,Upper,M6N,Duplex/Triplex/Fourplex,9,Davenport
1160396,STR-2307-FVZHHR,98 Lillian St,312,M4S,Condominium,12,Toronto-St. Paul's
1160397,STR-2307-GDGHHS,38 The Kingsway,,M8X,Single/Semi-detached House,3,Etobicoke-Lakeshore
1160398,STR-2307-GLMHHT,9 Fairmount Cres,,M4L,Single/Semi-detached House,19,Beaches-East York
1160399,STR-2307-GTTHHV,60 Morecambe Gate,310,M1W,Townhouse/ Row House,22,Scarborough-Agincourt
1160400,STR-2307-HBZHHW,300 Front St W,313,M5V,Condominium,10,Spadina-Fort York
1160401,STR-2307-HKGHHX,300 Front St W,3713,M5V,Condominium,10,Spadina-Fort York
1160402,STR-2307-HSMHHY,2350 Dundas St W,1909,M6P,Apartment,4,Parkdale-High Park
1160403,STR-2307-HZTHHZ,666 Spadina Ave,505,M5S,Apartment,11,University-Rosedale
1160404,STR-2307-FPJVHQ,10 Yonge St,3603,M5E,Apartment,10,Spadina-Fort York
1160405,STR-2307-GMCVHT,287 Humberside Ave,,M6P,Single/Semi-detached House,4,Parkdale-High Park
1160406,STR-2307-HKWVHX,317 O'Connor Dr,,M4J,Duplex/Triplex/Fourplex,14,Toronto-Danforth
1160407,STR-2307-HTCVHY,2 Houston Cres,,M2J,Single/Semi-detached House,17,Don Valley North
1160408,STR-2307-FPZHHQ,66 Amelia St,4,M4X,Apartment,13,Toronto Centre
1160409,STR-2307-FXGHHR,137 Pineway Blvd,,M2H,Single/Semi-detached House,17,Don Valley North
1160410,STR-2307-GFMHHS,101 Poynter Dr,,M9R,Single/Semi-detached House,2,Etobicoke Centre
1160411,STR-2307-GVZHHV,321 Concord Ave,,M6H,Single/Semi-detached House,9,Davenport
1160412,STR-2307-HDGHHW,69 Lynn Williams St,814,M6K,Condominium,10,Spadina-Fort York
1160413,STR-2307-HLMHHX,210 Linden Ave,,M1K,Single/Semi-detached House,20,Scarborough Southwest
1160414,STR-2307-HTTHHY,60 Shuter St,2701,M5B,Condominium,13,Toronto Centre
1160415,STR-2307-FQQVHQ,8 Tottenham Rd,,M3C,Single/Semi-detached House,16,Don Valley East
1160416,STR-2307-FXWVHR,1251 King St W,209,M6K,Apartment,4,Parkdale-High Park
1160417,STR-2307-GPJVHT,604 O'Connor Dr,,M4C,Single/Semi-detached House,19,Beaches-East York
1160418,STR-2307-HDWVHW,517A Birchmount Rd,,M1K,Single/Semi-detached House,20,Scarborough Southwest
1160419,STR-2307-HMCVHX,342 Harvie Ave,,M6E,Single/Semi-detached House,9,Davenport
1160420,STR-2307-FRGHHQ,124 Sandown Ave,,M1N,Single/Semi-detached House,20,Scarborough Southwest
1160421,STR-2307-GPZHHT,3 Denver Cres,,M2J,Single/Semi-detached House,17,Don Valley North
1160422,STR-2307-HMTHHX,2B Holmstead Ave,,M4B,Single/Semi-detached House,19,Beaches-East York
1160423,STR-2307-JDGHHZ,105 Massey St,,M6J,Single/Semi-detached House,10,Spadina-Fort York
1160424,STR-2307-FJQVHP,20 John St,319,M5V,Condominium,10,Spadina-Fort York
1160425,STR-2307-FRWVHQ,200 Victoria St,1506,M5B,Apartment,13,Toronto Centre
1160426,STR-2307-FZCVHR,15 Merchants' Wharf,805,M5A,Condominium,10,Spadina-Fort York
1160427,STR-2307-GHJVHS,21 Iceboat Ter,532,M5V,Condominium,10,Spadina-Fort York
1160428,STR-2307-GXWVHV,955 Bay St,1010,M5S,Condominium,13,Toronto Centre
1160429,STR-2307-HGCVHW,100 Roe Ave,,M5M,Single/Semi-detached House,8,Eglinton-Lawrence
1160430,STR-2307-HPJVHX,85 Bloor St E,2008,M4W,Condominium,11,University-Rosedale
1160431,STR-2307-HWQVHY,251 Jarvis St,4106,M5B,Condominium,13,Toronto Centre
1160432,STR-2307-JDWVHZ,2101 Yonge St,1,M4S,Townhouse/ Row House,12,Toronto-St. Paul's
1160433,STR-2307-FSMHHQ,757 Victoria Park Ave,1404,M4C,Condominium,20,Scarborough Southwest
1160434,STR-2307-GHZHHS,61 Cameron St,2,M5T,Townhouse/ Row House,10,Spadina-Fort York
1160435,STR-2307-GRGHHT,458 Richmond St W,1604,M5V,Condominium,10,Spadina-Fort York
1160436,STR-2307-GYMHHV,44 Eastwood Rd,,M4L,Single/Semi-detached House,19,Beaches-East York
1160437,STR-2307-HGTHHW,13 Fifth St,,M5J,Single/Semi-detached House,10,Spadina-Fort York
1160438,STR-2307-HPZHHX,1173 Dundas St E,229,M4M,Condominium,14,Toronto-Danforth
1160439,STR-2307-HXGHHY,30 Meadowglen Pl,1007,M1G,Condominium,24,Scarborough-Guildwood
1160440,STR-2307-JFMHHZ,1 Cotillion Crt,,M9A,Single/Semi-detached House,2,Etobicoke Centre
1160441,STR-2307-GBJVHR,163 Donald Ave,,M6M,Single/Semi-detached House,5,York South-Weston
1160442,STR-2307-GJQVHS,180 Dowling Ave,,M6K,Single/Semi-detached House,4,Parkdale-High Park
1160443,STR-2307-GZCVHV,90 Park Lawn Rd,2001,M8Y,Condominium,3,Etobicoke-Lakeshore
1160444,STR-2307-HHJVHW,68 Davisville Ave,1,M4S,Duplex/Triplex/Fourplex,12,Toronto-St. Paul's
1160445,STR-2307-JGCVHZ,55 Bremner Blvd,1111,M5J,Condominium,10,Spadina-Fort York
1160446,STR-2307-GKGHHS,151 Dan Leckie Way,1902,M5V,Condominium,10,Spadina-Fort York
1160447,STR-2307-GSMHHT,86 Beachview Cres,,M4E,Single/Semi-detached House,19,Beaches-East York
1160448,STR-2307-GZTHHV,81 Mitchell Ave,,M6J,Single/Semi-detached House,10,Spadina-Fort York
1160449,STR-2307-HHZHHW,120 Harrison Garden Blvd,306,M2N,Condominium,18,Willowdale
1160450,STR-2307-HRGHHX,11 Lister Dr,,M2R,Single/Semi-detached House,18,Willowdale
1160451,STR-2307-HYMHHY,151 Dan Leckie Way,1110,M5V,Condominium,10,Spadina-Fort York
1160452,STR-2307-JGTHHZ,6 Fintona Ave,,M1E,Duplex/Triplex/Fourplex,25,Scarborough-Rouge Park
1160453,STR-2307-FMFBHQ,26 Purdon Dr,,M3H,Single/Semi-detached House,6,York Centre
1160454,STR-2307-FVLBHR,73 Ashdale Ave,,M4L,Single/Semi-detached House,14,Toronto-Danforth
1160455,STR-2307-GCSBHS,263 Wellington St W,203,M5V,Condominium,10,Spadina-Fort York
1160456,STR-2307-GTFBHV,30 Nelson St,1207,M5V,Condominium,10,Spadina-Fort York
1160457,STR-2307-HBLBHW,28 Gibson Ave,,M9V,Single/Semi-detached House,1,Etobicoke North
1160458,STR-2307-HJSBHX,18 Cedarwood Ave,,M2L,Single/Semi-detached House,15,Don Valley West
1160459,STR-2307-HZFBHZ,100 Chipwood Cres,,M2J,Single/Semi-detached House,17,Don Valley North
1160460,STR-2307-FMVPHQ,277 Hiawatha Rd,,M4L,Single/Semi-detached House,14,Toronto-Danforth
1160461,STR-2307-GDHPHS,69 Coleman Ave,,M4C,Single/Semi-detached House,19,Beaches-East York
1160462,STR-2307-GTVPHV,274 Pacific Ave,2,M6P,Apartment,4,Parkdale-High Park
1160463,STR-2307-HKHPHX,932 Royal York Rd,,M8Y,Single/Semi-detached House,3,Etobicoke-Lakeshore
1160464,STR-2307-HSPPHY,984 Queen St W,2,M6J,Apartment,10,Spadina-Fort York
1160465,STR-2307-HZVPHZ,23 Wishart Pl,,M3L,Single/Semi-detached House,6,York Centre
1160466,STR-2307-FGFBHP,477 Richmond St W,407,M5V,Condominium,10,Spadina-Fort York
1160467,STR-2307-FPLBHQ,15 Myrtle Ave,,M4M,Single/Semi-detached House,14,Toronto-Danforth
1160468,STR-2307-FWSBHR,149 Hillhurst Blvd,,M5N,Single/Semi-detached House,8,Eglinton-Lawrence
1160469,STR-2307-GDYBHS,115 Isaac Devins Blvd,,M9M,Townhouse/ Row House,7,Humber River-Black Creek
1160470,STR-2307-GMFBHT,11 Plainfield Rd,,M9N,Single/Semi-detached House,5,York South-Weston
1160471,STR-2307-GVLBHV,120 Bell Estate Rd,,M1L,Single/Semi-detached House,20,Scarborough Southwest
1160472,STR-2307-HCSBHW,101 Peter St,1802,M5V,Condominium,10,Spadina-Fort York
1160473,STR-2307-HKYBHX,350 Mill Rd,408,M9C,Condominium,2,Etobicoke Centre
1160474,STR-2307-HTFBHY,551 Fairlawn Ave,,M5M,Single/Semi-detached House,8,Eglinton-Lawrence
1160475,STR-2307-JBLBHZ,29 Merrian Rd,1,M1K,Single/Semi-detached House,20,Scarborough Southwest
1160476,STR-2307-FGVPHP,12 York St,4603,M5J,Condominium,10,Spadina-Fort York
1160477,STR-2307-FQBPHQ,92 Power St,APT 2,M5A,Duplex/Triplex/Fourplex,13,Toronto Centre
1160478,STR-2307-FXHPHR,19 Agnes Lane,,M4L,Townhouse/ Row House,14,Toronto-Danforth
1160479,STR-2307-GFPPHS,45 Carlton St,819,M5B,Condominium,13,Toronto Centre
1160480,STR-2307-GMVPHT,1 Avondale Ave,1012,M2N,Condominium,18,Willowdale
1160481,STR-2307-GWBPHV,14 York St,6103,M5J,Condominium,10,Spadina-Fort York
1160482,STR-2307-HDHPHW,1005 King St W,720,M6K,Condominium,10,Spadina-Fort York
1160483,STR-2307-JCBPHZ,424 Yonge St,718,M5B,Apartment,11,University-Rosedale
1160484,STR-2307-FHLBHP,288 Ossington Ave,,M6J,Single/Semi-detached House,9,Davenport
1160485,STR-2307-FXYBHR,48 Applemore Rd,,M1B,Single/Semi-detached House,23,Scarborough North
1160486,STR-2307-GPLBHT,120 Homewood Ave,705,M4Y,Apartment,13,Toronto Centre
1160487,STR-2307-GWSBHV,29 Chapais Cres,,M1C,Single/Semi-detached House,25,Scarborough-Rouge Park
1160488,STR-2307-HDYBHW,215 Fort York Blvd,2104,M5V,Condominium,10,Spadina-Fort York
1160489,STR-2307-HMFBHX,121 Stafford Rd,,M2R,Single/Semi-detached House,18,Willowdale
1160490,STR-2307-HVLBHY,321 Lonsdale Rd,F,M4V,Apartment,12,Toronto-St. Paul's
1160491,STR-2307-JCSBHZ,1404 Yonge St,c,M4T,Apartment,12,Toronto-St. Paul's
1160492,STR-2307-FJBPHP,500 Doris Ave,1521,M2N,Condominium,18,Willowdale
1160493,STR-2307-FRHPHQ,1173 Gerrard St E,,M4L,Single/Semi-detached House,14,Toronto-Danforth
1160494,STR-2307-FYPPHR,217 Melita Ave,,M6G,Single/Semi-detached House,12,Toronto-St. Paul's
1160495,STR-2307-GGVPHS,21 Earl St,120,M4Y,Condominium,13,Toronto Centre
1160496,STR-2307-GQBPHT,18 Parkview Ave,1211,M2N,Condominium,18,Willowdale
1160497,STR-2307-GXHPHV,300 Front St W,3312,M5V,Condominium,10,Spadina-Fort York
1160498,STR-2307-HFPPHW,1059 Dufferin St,,M6H,Townhouse/ Row House,9,Davenport
1160499,STR-2307-HMVPHX,7 Smith Cres,716,M8Z,Condominium,3,Etobicoke-Lakeshore
1160500,STR-2307-HWBPHY,44 Bennington Heights Dr,,M4G,Single/Semi-detached House,15,Don Valley West
1160501,STR-2307-FJSBHP,116 Galt Ave,,M4M,Single/Semi-detached House,14,Toronto-Danforth
1160502,STR-2308-FRYBHQ,6 Rolyat St,A,M6J,Single/Semi-detached House,10,Spadina-Fort York
1160503,STR-2308-GHLBHS,96 Judge Rd,,M8Z,Single/Semi-detached House,3,Etobicoke-Lakeshore
1160504,STR-2308-GQSBHT,17 Newman Ave,,M4C,Single/Semi-detached House,19,Beaches-East York
1160505,STR-2308-GXYBHV,70 Annie Craig Dr,704,M8V,Condominium,3,Etobicoke-Lakeshore
1160506,STR-2308-HGFBHW,49 East Liberty St,1007,M6K,Condominium,10,Spadina-Fort York
1160507,STR-2308-HPLBHX,482 Milverton Blvd,,M4C,Single/Semi-detached House,19,Beaches-East York
1160508,STR-2308-JDYBHZ,500 Doris Ave,1421,M2N,Condominium,18,Willowdale
1160509,STR-2308-FKHPHP,135 Allanhurst Dr,,M9A,Single/Semi-detached House,2,Etobicoke Centre
1160510,STR-2308-FSPPHQ,12 Glenn Arthur Dr,,M8Y,Single/Semi-detached House,3,Etobicoke-Lakeshore
1160511,STR-2308-FZVPHR,39 Roehampton Ave,3806,M4P,Condominium,12,Toronto-St. Paul's
1160512,STR-2308-HGVPHW,329 Port Union Rd,,M1C,Duplex/Triplex/Fourplex,25,Scarborough-Rouge Park
1160513,STR-2308-HQBPHX,100 Harbour St,4402,M5J,Condominium,10,Spadina-Fort York
1160514,STR-2308-JFPPHZ,88 Wallace Ave,,M6H,Single/Semi-detached House,9,Davenport
1160515,STR-2308-FKYBHP,277 Kennedy Ave,,M6P,Single/Semi-detached House,4,Parkdale-High Park
1160516,STR-2308-FTFBHQ,251 Manitoba St,504,M8Y,Condominium,3,Etobicoke-Lakeshore
1160517,STR-2308-GBLBHR,34 Robinter Dr,,M2M,Single/Semi-detached House,18,Willowdale
1160518,STR-2308-GZFBHV,170 Elmhurst Dr,,M9W,Single/Semi-detached House,1,Etobicoke North
1160519,STR-2308-HQSBHX,15 Iceboat Ter,3710,M5V,Apartment,10,Spadina-Fort York
1160520,STR-2308-HXYBHY,7 Stubbs Dr,,M2L,Single/Semi-detached House,15,Don Valley West
1160521,STR-2308-JGFBHZ,10 Yonge St,408,M5E,Condominium,10,Spadina-Fort York
1160522,STR-2308-FLPPHP,32 Byng Ave,,M1L,Single/Semi-detached House,20,Scarborough Southwest
1160523,STR-2308-FTVPHQ,195 Boulton Ave,,M4M,Single/Semi-detached House,14,Toronto-Danforth
1160524,STR-2308-GCBPHR,217 Beverley St,3,M5T,Apartment,11,University-Rosedale
1160525,STR-2308-GKHPHS,117A Coxwell Ave,,M4L,Single/Semi-detached House,19,Beaches-East York
1160526,STR-2308-GSPPHT,170 Fort York Blvd,2206,M5V,Condominium,10,Spadina-Fort York
1160527,STR-2308-GZVPHV,12 York St,3206,M5J,Condominium,10,Spadina-Fort York
1160528,STR-2308-HYPPHY,11 Valentine Dr,,M3A,Single/Semi-detached House,16,Don Valley East
1160529,STR-2308-JGVPHZ,38 Dan Leckie Way,2908,M5V,Condominium,10,Spadina-Fort York
1160530,STR-2308-FDZHHP,155 Yorkville Ave,1506,M5R,Condominium,11,University-Rosedale
1160531,STR-2308-FMGHHQ,8 Harlow Cres,,M9V,Single/Semi-detached House,1,Etobicoke North
1160532,STR-2308-FVMHHR,288 Empress Ave,,M2N,Single/Semi-detached House,18,Willowdale
1160533,STR-2308-GCTHHS,25 Telegram Mews,1109,M5V,Condominium,10,Spadina-Fort York
1160534,STR-2308-GTGHHV,229 Coleridge Ave,,M4C,Single/Semi-detached House,19,Beaches-East York
1160535,STR-2308-HBMHHW,366 Runnymede Rd,,M6S,Single/Semi-detached House,4,Parkdale-High Park
1160536,STR-2308-HJTHHX,11 Broadway Ave,5,M4P,Townhouse/ Row House,12,Toronto-St. Paul's
1160537,STR-2308-HRZHHY,27 Concord Ave,,M6H,Single/Semi-detached House,9,Davenport
1160538,STR-2308-HZGHHZ,226 Glengarry Ave,,M5M,Single/Semi-detached House,8,Eglinton-Lawrence
1160539,STR-2308-FFQVHP,103 Dunloe Rd,,M5P,Single/Semi-detached House,12,Toronto-St. Paul's
1160540,STR-2308-FMWVHQ,2121 Lake Shore Blvd W,1407,M8V,Condominium,3,Etobicoke-Lakeshore
1160541,STR-2308-FWCVHR,5 Cushendun Rd,,M1E,Single/Semi-detached House,25,Scarborough-Rouge Park
1160542,STR-2308-GDJVHS,15 Wadsworth Blvd,,M9N,Single/Semi-detached House,5,York South-Weston
1160543,STR-2308-GLQVHT,48 Berryman St,,M5R,Single/Semi-detached House,11,University-Rosedale
1160544,STR-2308-GTWVHV,5 Turtledove Grv,,M1X,Single/Semi-detached House,23,Scarborough North
1160545,STR-2308-HCCVHW,114 John Tabor Trl,,M1B,Single/Semi-detached House,25,Scarborough-Rouge Park
1160546,STR-2308-HKJVHX,51 Bonnie Brae Blvd,,M4J,Single/Semi-detached House,14,Toronto-Danforth
1160547,STR-2308-HSQVHY,275 Village Green Sq,1719,M1S,Condominium,22,Scarborough-Agincourt
1160548,STR-2308-FGGHHP,24 Phillip Ave,,M1N,Single/Semi-detached House,20,Scarborough Southwest
1160549,STR-2308-FWTHHR,38 Dan Leckie Way,9,M5V,Condominium,10,Spadina-Fort York
1160550,STR-2308-GDZHHS,18 Deforest Rd,,M6S,Single/Semi-detached House,4,Parkdale-High Park
1160551,STR-2308-GMGHHT,88 Rowntree Mill Rd,,M9L,Single/Semi-detached House,7,Humber River-Black Creek
1160552,STR-2308-GVMHHV,251 Manitoba St,129,M8Y,Condominium,3,Etobicoke-Lakeshore
1160553,STR-2308-HCTHHW,18 Yonge St,3002,M5E,Condominium,10,Spadina-Fort York
1160554,STR-2308-HTGHHY,32 Braemar Ave,,M5P,Single/Semi-detached House,12,Toronto-St. Paul's
1160555,STR-2308-JBMHHZ,197 Yonge St,5010,M5B,Condominium,13,Toronto Centre
1160556,STR-2308-FQCVHQ,109 Roebuck Dr,,M1K,Single/Semi-detached House,20,Scarborough Southwest
1160557,STR-2308-FXJVHR,51 Willow Ave,Main,M4E,Single/Semi-detached House,19,Beaches-East York
1160558,STR-2308-GFQVHS,12 Distin Ave,,M8Z,Single/Semi-detached House,3,Etobicoke-Lakeshore
1160559,STR-2308-GMWVHT,117 Dawes Rd,,M4C,Single/Semi-detached House,19,Beaches-East York
1160560,STR-2308-GWCVHV,50 Stephanie St,2309,M5T,Apartment,10,Spadina-Fort York
1160561,STR-2308-HDJVHW,25 Cambridge Ave,,M4K,Single/Semi-detached House,14,Toronto-Danforth
1160562,STR-2308-HLQVHX,77 Erskine Ave,M9,M4P,Apartment,15,Don Valley West
1160563,STR-2308-HTWVHY,38 Bin-Scarth Rd,,M4W,Single/Semi-detached House,11,University-Rosedale
1160564,STR-2308-JCCVHZ,81 Navy Wharf Crt,201,M5V,Condominium,10,Spadina-Fort York
1160565,STR-2308-FHMHHP,155 Yorkville Ave,410,M5R,Condominium,11,University-Rosedale
1160566,STR-2308-FXZHHR,34 Tiago Ave,,M4B,Single/Semi-detached House,19,Beaches-East York
1160567,STR-2308-GGGHHS,21 Iceboat Ter,2503,M5V,Condominium,10,Spadina-Fort York
1160568,STR-2308-GPMHHT,35 High Park Ave,1703,M6P,Apartment,4,Parkdale-High Park
1160569,STR-2308-GWTHHV,29 Chapais Cres,,M1C,Single/Semi-detached House,25,Scarborough-Rouge Park
1160570,STR-2308-HDZHHW,10 Capreol Crt,746,M5V,Condominium,10,Spadina-Fort York
1160571,STR-2308-HMGHHX,427 Armadale Ave,,M6S,Single/Semi-detached House,4,Parkdale-High Park
1160572,STR-2308-FRJVHQ,37 Canham Cres,,M1S,Single/Semi-detached House,23,Scarborough North
1160573,STR-2308-FYQVHR,195 Redpath Ave,909,M4P,Condominium,12,Toronto-St. Paul's
1160574,STR-2308-GQCVHT,59 Brantley Cres,,M3J,Single/Semi-detached House,7,Humber River-Black Creek
1160575,STR-2308-GXJVHV,11 Margaret Rose Crt,,M9N,Single/Semi-detached House,5,York South-Weston
1160576,STR-2308-HMWVHX,545 The West Mall,1521,M9C,Apartment,2,Etobicoke Centre
1160577,STR-2308-JDJVHZ,1095 Dundas St W,2,M6J,Single/Semi-detached House,10,Spadina-Fort York
1160578,STR-2308-FJTHHP,101 Peter St,1403,M5V,Condominium,10,Spadina-Fort York
1160579,STR-2308-FRZHHQ,251 Jarvis St,1134,M5B,Condominium,13,Toronto Centre
1160580,STR-2308-GHMHHS,73 Langley Ave,,M4K,Single/Semi-detached House,14,Toronto-Danforth
1160581,STR-2308-GXZHHV,21 Iceboat Ter,2001,M5V,Condominium,10,Spadina-Fort York
1160582,STR-2308-HPMHHX,80 Western Battery Rd,710,M6K,Condominium,10,Spadina-Fort York
1160583,STR-2308-JDZHHZ,15 Lower Jarvis St,1703,M5E,Apartment,10,Spadina-Fort York
1160584,STR-2308-FKJVHP,289 Burnett Ave,,M2N,Single/Semi-detached House,18,Willowdale
1160585,STR-2308-FZWVHR,10 Clancy Dr,,M2J,Single/Semi-detached House,17,Don Valley North
1160586,STR-2308-GJCVHS,45 Dunfield Ave,404,M4S,Apartment,12,Toronto-St. Paul's
1160587,STR-2308-GRJVHT,17 Dunblaine Ave,,M5M,Single/Semi-detached House,8,Eglinton-Lawrence
1160588,STR-2308-GYQVHV,98 Lillian St,726,M4S,Condominium,12,Toronto-St. Paul's
1160589,STR-2308-HGWVHW,63 Dagmar Ave,Upper,M4M,Single/Semi-detached House,14,Toronto-Danforth
1160590,STR-2308-HQCVHX,27 Clinton St,,M6J,Single/Semi-detached House,11,University-Rosedale
1160591,STR-2308-FKZHHP,151 Dan Leckie Way,720,M5V,Condominium,10,Spadina-Fort York
1160592,STR-2308-FTGHHQ,151 Dan Leckie Way,918,M5V,Condominium,10,Spadina-Fort York
1160593,STR-2308-GBMHHR,118 Harewood Ave,,M1M,Duplex/Triplex/Fourplex,20,Scarborough Southwest
1160594,STR-2308-GJTHHS,92 Glen Everest Rd,113,M1N,Condominium,20,Scarborough Southwest
1160595,STR-2308-GZGHHV,605 Finch Ave W,1925,M2R,Apartment,6,York Centre
1160596,STR-2308-HHMHHW,101 Peter St,4006,M5V,Condominium,10,Spadina-Fort York
1160597,STR-2308-HQTHHX,7 Cavell Ave,,M4K,Single/Semi-detached House,14,Toronto-Danforth
1160598,STR-2308-HXZHHY,68 Abell St,101,M6J,Apartment,9,Davenport
1160599,STR-2308-JGGHHZ,213 Franklin Ave,,M6P,Single/Semi-detached House,9,Davenport
1160600,STR-2308-FTWVHQ,375 King St W,3508,M5V,Condominium,10,Spadina-Fort York
1160601,STR-2308-GKJVHS,34 Elmfield Cres,,M1V,Single/Semi-detached House,22,Scarborough-Agincourt
1160602,STR-2308-GSQVHT,15 Zorra St,2205,M8Z,Condominium,3,Etobicoke-Lakeshore
1160603,STR-2308-JGWVHZ,1948 Danforth Avenue,1,M4C,Apartment,19,Beaches-East York
1160604,STR-2308-FFBPHP,299 Milverton Blvd,,M4J,Single/Semi-detached House,14,Toronto-Danforth
1160605,STR-2308-FVPPHR,520A Bloor St W,1,M5S,Apartment,11,University-Rosedale
1160606,STR-2308-GCVPHS,60 Robinson St,,M6J,Townhouse/ Row House,10,Spadina-Fort York
1160607,STR-2308-GTHPHV,300 Front St W,2104,M5V,Condominium,10,Spadina-Fort York
1160608,STR-2308-HBPPHW,12 York St,3908,M5J,Condominium,10,Spadina-Fort York
1160609,STR-2308-HJVPHX,769 Ossington Ave,,M6G,Single/Semi-detached House,11,University-Rosedale
1160610,STR-2308-HZHPHZ,26 Ridley Gdns,,M6R,Single/Semi-detached House,4,Parkdale-High Park
1160611,STR-2308-FWFBHR,66 Beatrice St,,M6J,Single/Semi-detached House,11,University-Rosedale
1160612,STR-2308-GDLBHS,300 Front St W,2904,M5V,Condominium,10,Spadina-Fort York
1160613,STR-2308-GLSBHT,14 York St,5111,M5J,Apartment,10,Spadina-Fort York
1160614,STR-2308-GTYBHV,683 Shaw St,,M6G,Single/Semi-detached House,11,University-Rosedale
1160615,STR-2308-HCFBHW,46 Whitbread Cres,,M3L,Single/Semi-detached House,7,Humber River-Black Creek
1160616,STR-2308-HKLBHX,55 Bremner Blvd,2005,M5J,Condominium,10,Spadina-Fort York
1160617,STR-2308-HSSBHY,15 Iceboat Ter,2103,M5V,Condominium,10,Spadina-Fort York
1160618,STR-2308-FGHPHP,225 Sumach St,2306,M5A,Condominium,13,Toronto Centre
1160619,STR-2308-FPPPHQ,63 Ruskin Ave,502,M6P,Townhouse/ Row House,9,Davenport
1160620,STR-2308-FWVPHR,122 Ridgewood Rd,,M1C,Single/Semi-detached House,25,Scarborough-Rouge Park
1160621,STR-2308-GVPPHV,5162 Yonge St,1601,M2N,Condominium,18,Willowdale
1160622,STR-2308-HCVPHW,123 Bertrand Ave,,M1K,Single/Semi-detached House,21,Scarborough Centre
1160623,STR-2308-HLBPHX,177 Betty Ann Dr,,M2N,Single/Semi-detached House,18,Willowdale
1160624,STR-2308-JBPPHZ,878 Bloor St W,3,M6G,Apartment,11,University-Rosedale
1160625,STR-2308-FGYBHP,31 Harjolyn Dr,,M9B,Single/Semi-detached House,3,Etobicoke-Lakeshore
1160626,STR-2308-FXLBHR,155 Murison Blvd,,M1B,Single/Semi-detached House,25,Scarborough-Rouge Park
1160627,STR-2308-GFSBHS,35 Blackburn St,,M4M,Townhouse/ Row House,14,Toronto-Danforth
1160628,STR-2308-GMYBHT,219 Fort York Blvd,623,M5V,Condominium,10,Spadina-Fort York
1160629,STR-2308-GWFBHV,25 Whitelock Cres,,M2K,Single/Semi-detached House,17,Don Valley North
1160630,STR-2308-HDLBHW,300 Front St W,3802,M5V,Condominium,10,Spadina-Fort York
1160631,STR-2308-HLSBHX,84 Frater Ave,,M4C,Single/Semi-detached House,19,Beaches-East York
1160632,STR-2308-FHPPHP,1 Trefann St,E,M5A,Condominium,13,Toronto Centre
1160633,STR-2308-FQVPHQ,12 New Haven Dr,,M5N,Single/Semi-detached House,8,Eglinton-Lawrence
1160634,STR-2308-FYBPHR,301 Lansdowne Ave,505,M6K,Apartment,9,Davenport
1160635,STR-2308-GPPPHT,318 Richmond St W,1701,M5V,Condominium,10,Spadina-Fort York
1160636,STR-2308-GWVPHV,287 Richmond St E,302,M5A,Condominium,13,Toronto Centre
1160637,STR-2308-HFBPHW,59 Draycott Dr,,M4A,Single/Semi-detached House,16,Don Valley East
1160638,STR-2308-HMHPHX,560 Front St W,PH 24,M5V,Condominium,10,Spadina-Fort York
1160639,STR-2308-JCVPHZ,224 King St W,1502,M5H,Condominium,10,Spadina-Fort York
1160640,STR-2308-FRLBHQ,15 Solidarity Way,2301,M6K,Condominium,10,Spadina-Fort York
1160641,STR-2308-FYSBHR,21 Humewood Dr,,M6C,Single/Semi-detached House,12,Toronto-St. Paul's
1160642,STR-2308-GGYBHS,830 Lawrence Ave W,2304,M6A,Condominium,8,Eglinton-Lawrence
1160643,STR-2308-HYSBHY,45 Brookmount Rd,1,M4L,Single/Semi-detached House,19,Beaches-East York
1160644,STR-2308-GXLBHV,55 Bremner Blvd,1603,M5J,Condominium,10,Spadina-Fort York
1160645,STR-2308-HMYBHX,955 Kingston Rd,A,M4E,Apartment,19,Beaches-East York
1160646,STR-2308-HWFBHY,31 Tollerton Ave,,M2K,Single/Semi-detached House,17,Don Valley North
1160647,STR-2308-JDLBHZ,11 Brunel Crt,2907,M5V,Condominium,10,Spadina-Fort York
1160648,STR-2308-FJVPHP,25 Telegram Mews,707,M5V,Apartment,10,Spadina-Fort York
1160649,STR-2308-GHPPHS,210 Victoria St,1802,M5B,Apartment,13,Toronto Centre
1160650,STR-2308-GYBPHV,101 Peter St,1408,M5V,Condominium,10,Spadina-Fort York
1160651,STR-2308-HGHPHW,1251 King St W,901,M6K,Apartment,4,Parkdale-High Park
1160652,STR-2308-HWVPHY,14 York St,3501,M5J,Condominium,10,Spadina-Fort York
1160653,STR-2308-JFBPHZ,67 Pony Farm Dr,,M9R,Townhouse/ Row House,2,Etobicoke Centre
1160654,STR-2308-FSSBHQ,45 Leacroft Cres,,M3B,Single/Semi-detached House,15,Don Valley West
1160655,STR-2308-FZYBHR,441 Sackville St,,M4X,Single/Semi-detached House,13,Toronto Centre
1160656,STR-2308-GJFBHS,94 Caledonia Park Rd,4,M6H,Townhouse/ Row House,9,Davenport
1160657,STR-2308-GRLBHT,2300 St Clair Ave W,906,M6N,Condominium,5,York South-Weston
1160658,STR-2308-JGYBHZ,8 Knollview Cres,,M2K,Single/Semi-detached House,17,Don Valley North
1160659,STR-2308-HGYBHW,20 Minowan Miikan Lane,1126,M6J,Condominium,9,Davenport
1160660,STR-2308-JFSBHZ,57 Cameron St,BSMT,M5T,Townhouse/ Row House,10,Spadina-Fort York
1160661,STR-2308-GJVPHS,73 Northdale Blvd,,M4B,Single/Semi-detached House,19,Beaches-East York
1160662,STR-2308-GSBPHT,45 Homewood Ave,,M4Y,Townhouse/ Row House,13,Toronto Centre
1160663,STR-2308-HHPPHW,1501 Woodbine Ave,1500,M4C,Condominium,19,Beaches-East York
1160664,STR-2308-HQVPHX,12 York St,3601,M5J,Condominium,10,Spadina-Fort York
1160665,STR-2308-HYBPHY,58 Lyall Ave,,M4E,Single/Semi-detached House,19,Beaches-East York
1160666,STR-2308-FLSBHP,210 Victoria St,2607,M5B,Condominium,13,Toronto Centre
1160667,STR-2308-FTYBHQ,509 Beecroft Rd,616,M2N,Condominium,18,Willowdale
1160668,STR-2308-GKLBHS,105 George St,1211,M5A,Condominium,13,Toronto Centre
1160669,STR-2308-GSSBHT,592 The Queensway,,M8Y,Single/Semi-detached House,3,Etobicoke-Lakeshore
1160670,STR-2308-GZYBHV,71 First Ave,,M4M,Single/Semi-detached House,14,Toronto-Danforth
1160671,STR-2308-HRLBHX,674 Bathurst St,,M5S,Single/Semi-detached House,11,University-Rosedale
1160672,STR-2308-FFCVHP,5233 Dundas St W,1824,M9B,Condominium,3,Etobicoke-Lakeshore
1160673,STR-2308-GLCVHT,49 Wicklow Dr,,M1T,Single/Semi-detached House,22,Scarborough-Agincourt
1160674,STR-2308-HBQVHW,54 1/2 McGill St,,M5B,Townhouse/ Row House,13,Toronto Centre
1160675,STR-2308-HJWVHX,300 Front St W,705,M5V,Condominium,10,Spadina-Fort York
1160676,STR-2308-HSCVHY,1 Amberdale Dr,,M1P,Single/Semi-detached House,21,Scarborough Centre
1160677,STR-2308-FMZHHQ,564 Indian Rd,,M6P,Single/Semi-detached House,4,Parkdale-High Park
1160678,STR-2308-FWGHHR,491 Lansdowne Ave,,M6H,Single/Semi-detached House,9,Davenport
1160679,STR-2308-GDMHHS,5 Rose Ave,,M4X,Townhouse/ Row House,13,Toronto Centre
1160680,STR-2308-GTZHHV,20 Nero Crt,,M1K,Single/Semi-detached House,21,Scarborough Centre
1160681,STR-2308-HCGHHW,92 Celeste Dr,,M1E,Single/Semi-detached House,24,Scarborough-Guildwood
1160682,STR-2308-HKMHHX,219 Fort York Blvd,804,M5V,Condominium,10,Spadina-Fort York
1160683,STR-2308-HSTHHY,166 Wilson Ave,317,M5M,Apartment,8,Eglinton-Lawrence
1160684,STR-2308-HZZHHZ,65 Woodbury Rd,,M8W,Single/Semi-detached House,3,Etobicoke-Lakeshore
1160685,STR-2308-FGJVHP,95 Bathurst St,719,M5V,Condominium,10,Spadina-Fort York
1160686,STR-2308-FPQVHQ,19 Hill Garden Rd,,M9P,Single/Semi-detached House,2,Etobicoke Centre
1160687,STR-2308-GFCVHS,78 Cameron Ave,,M2N,Single/Semi-detached House,18,Willowdale
1160688,STR-2308-GVQVHV,2 Augusta Ave,801,M5V,Condominium,10,Spadina-Fort York
1160689,STR-2308-HLCVHX,326 1/2 Howland Ave,,M5R,Single/Semi-detached House,12,Toronto-St. Paul's
1160690,STR-2308-FGZHHP,251 Manitoba St,106,M8Y,Condominium,3,Etobicoke-Lakeshore
1160691,STR-2308-FXMHHR,300 Front St W,3311,M5V,Condominium,10,Spadina-Fort York
1160692,STR-2308-GFTHHS,48 Saulter St,,M4M,Single/Semi-detached House,14,Toronto-Danforth
1160693,STR-2308-GMZHHT,47 Gloxinia Cres,,M1W,Single/Semi-detached House,22,Scarborough-Agincourt
1160694,STR-2308-GWGHHV,341 Lumsden Ave,,M4C,Single/Semi-detached House,19,Beaches-East York
1160695,STR-2308-HLTHHX,24 Pape Ave,,M4M,Single/Semi-detached House,14,Toronto-Danforth
1160696,STR-2308-HTZHHY,120 Homewood Ave,2802,M4Y,Condominium,13,Toronto Centre
1160697,STR-2308-JCGHHZ,34 Western Battery Rd,432,M6K,Townhouse/ Row House,10,Spadina-Fort York
1160698,STR-2308-FHQVHP,21 Belanger Cres,,M1L,Townhouse/ Row House,20,Scarborough Southwest
1160699,STR-2308-FYCVHR,65 Bremner Blvd,5007,M5J,Condominium,10,Spadina-Fort York
1160700,STR-2308-GPQVHT,955 Bay St,1111,M5S,Condominium,13,Toronto Centre
1160701,STR-2308-GWWVHV,219 Fort York Blvd,1811,M5V,Condominium,10,Spadina-Fort York
1160702,STR-2308-HFCVHW,60 Princess St,446,M5A,Condominium,13,Toronto Centre
1160703,STR-2308-HVQVHY,88 Charles St E,511,M4Y,Condominium,11,University-Rosedale
1160704,STR-2308-FJGHHP,40 Fountainhead Rd,314,M3J,Apartment,7,Humber River-Black Creek
1160705,STR-2308-FRMHHQ,1045 Craven Rd,,M4J,Single/Semi-detached House,14,Toronto-Danforth
1160706,STR-2308-GGZHHS,21 Iceboat Ter,729,M5V,Condominium,10,Spadina-Fort York
1160707,STR-2308-GQGHHT,832 Bay St,2008,M5S,Condominium,11,University-Rosedale
1160708,STR-2308-GXMHHV,585 Bloor St E,518,M4W,Condominium,13,Toronto Centre
1160709,STR-2308-HFTHHW,10 Capreol Crt,917,M5V,Condominium,10,Spadina-Fort York
1160710,STR-2308-HMZHHX,575 Bloor St E,605,M4W,Condominium,13,Toronto Centre
1160711,STR-2308-FJWVHP,2151 Kipling Ave,,M9W,Single/Semi-detached House,1,Etobicoke North
1160712,STR-2308-FSCVHQ,375 Cook Rd,66,M3J,Townhouse/ Row House,7,Humber River-Black Creek
1160713,STR-2308-GQWVHT,32 Fifeshire Rd,,M2L,Single/Semi-detached House,15,Don Valley West
1160714,STR-2308-HGJVHW,6 Killamarsh Dr,,M3J,Single/Semi-detached House,7,Humber River-Black Creek
1160715,STR-2308-HPQVHX,42 Browning Ave,,M4K,Single/Semi-detached House,14,Toronto-Danforth
1160716,STR-2308-HWWVHY,110 Erskine Ave,1610,M4P,Apartment,15,Don Valley West
1160717,STR-2308-FKMHHP,188 Cumberland St,1109,M5R,Condominium,11,University-Rosedale
1160718,STR-2308-FSTHHQ,69 Phillip Ave,,M1N,Single/Semi-detached House,20,Scarborough Southwest
1160719,STR-2308-GJGHHS,3477 Dundas St W,,M6S,Single/Semi-detached House,4,Parkdale-High Park
1160720,STR-2308-GRMHHT,100 Springhouse Sq,,M1W,Single/Semi-detached House,22,Scarborough-Agincourt
1160721,STR-2308-HGZHHW,252 Waverley Rd,,M4L,Single/Semi-detached House,19,Beaches-East York
1160722,STR-2308-HQGHHX,225 Torbarrie Rd,,M3L,Townhouse/ Row House,7,Humber River-Black Creek
1160723,STR-2308-HXMHHY,65 Bremner Blvd,3501,M5J,Condominium,10,Spadina-Fort York
1160724,STR-2308-JFTHHZ,43 Rhodes Ave,,M4L,Single/Semi-detached House,14,Toronto-Danforth
1160725,STR-2308-FLCVHP,26 Fieldway Rd,37,M8Z,Condominium,3,Etobicoke-Lakeshore
1160726,STR-2308-FTJVHQ,43 Megan Ave,,M1E,Single/Semi-detached House,25,Scarborough-Rouge Park
1160727,STR-2308-GBQVHR,10 Park Lawn Rd,502,M8V,Condominium,3,Etobicoke-Lakeshore
1160728,STR-2308-GSCVHT,169 Walmer Rd,1,M5R,Single/Semi-detached House,11,University-Rosedale
1160729,STR-2308-GZJVHV,180 Frederick St,401,M5A,Apartment,13,Toronto Centre
1160730,STR-2308-HQWVHX,251 Jarvis St,5004,M5B,Condominium,13,Toronto Centre
1160731,STR-2308-JGJVHZ,602A Fleet St,,M5V,Townhouse/ Row House,10,Spadina-Fort York
1160732,STR-2308-FLTHHP,725 King St W,4,M5V,Condominium,10,Spadina-Fort York
1160733,STR-2308-FTZHHQ,1239 Dundas St W,507,M6J,Apartment,10,Spadina-Fort York
1160734,STR-2308-GCGHHR,44 Duplex Ave,,M5P,Single/Semi-detached House,12,Toronto-St. Paul's
1160735,STR-2308-GKMHHS,1239 Dundas St W,401,M6J,Apartment,10,Spadina-Fort York
1160736,STR-2308-GZZHHV,1239 Dundas St W,306,M6J,Apartment,10,Spadina-Fort York
1160737,STR-2308-HJGHHW,256 Hallam St,,M6H,Single/Semi-detached House,9,Davenport
1160738,STR-2308-FDPRVP,21 Iceboat Ter,3301,M5V,Condominium,10,Spadina-Fort York
1160739,STR-2308-FLVRVQ,47 Andona Cres,,M1C,Single/Semi-detached House,25,Scarborough-Rouge Park
1160740,STR-2308-FVBRVR,112 Withrow Ave,,M4K,Single/Semi-detached House,14,Toronto-Danforth
1160741,STR-2308-GCHRVS,21 Iceboat Ter,2211,M5V,Condominium,10,Spadina-Fort York
1160742,STR-2308-GKPRVT,300 Front St W,3411,M5V,Condominium,10,Spadina-Fort York
1160743,STR-2308-GSVRVV,14 York St,4809,M5J,Condominium,10,Spadina-Fort York
1160744,STR-2308-HBBRVW,101 Peter St,2511,M5V,Apartment,10,Spadina-Fort York
1160745,STR-2308-HJHRVX,101 Peter St,2805,M5V,Apartment,10,Spadina-Fort York
1160746,STR-2308-HRPRVY,99 Marjory Ave,,M4M,Single/Semi-detached House,14,Toronto-Danforth
1160747,STR-2308-HYVRVZ,39 Roehampton Ave,405,M4P,Condominium,12,Toronto-St. Paul's
1160748,STR-2308-FFFDVP,60 Celeste Dr,,M1E,Single/Semi-detached House,24,Scarborough-Guildwood
1160749,STR-2308-FMLDVQ,120 Long Branch Ave,6,M8W,Townhouse/ Row House,3,Etobicoke-Lakeshore
1160750,STR-2308-FVSDVR,52 Pintail Cres,,M3A,Single/Semi-detached House,16,Don Valley East
1160751,STR-2308-GLFDVT,15 Greenview Ave,2510,M2M,Condominium,18,Willowdale
1160752,STR-2308-HBSDVW,128 Castlefield Ave,,M4R,Single/Semi-detached House,8,Eglinton-Lawrence
1160753,STR-2308-HSFDVY,78 Sylvan Ave,,M1M,Single/Semi-detached House,24,Scarborough-Guildwood
1160754,STR-2308-HZLDVZ,191 Markham St,,M6J,Single/Semi-detached House,11,University-Rosedale
1160755,STR-2308-FFVRVP,199 Richmond St W,1204,M5V,Condominium,10,Spadina-Fort York
1160756,STR-2308-FWHRVR,250 Westview Blvd,,M4B,Single/Semi-detached House,19,Beaches-East York
1160757,STR-2308-GLVRVT,238 Pineway Blvd,,M2H,Single/Semi-detached House,17,Don Valley North
1160758,STR-2308-HCHRVW,721 Dupont St,,M6G,Duplex/Triplex/Fourplex,11,University-Rosedale
1160759,STR-2308-HKPRVX,170 Sudbury St,108,M6J,Condominium,9,Davenport
1160760,STR-2308-HSVRVY,250 Wellington St W,1443,M5V,Condominium,10,Spadina-Fort York
1160761,STR-2308-JBBRVZ,477 Richmond St W,503,M5V,Condominium,10,Spadina-Fort York
1160762,STR-2308-FWYDVR,155 Yorkville Ave,2917,M5R,Condominium,11,University-Rosedale
1160763,STR-2308-GFFDVS,300 Front St W,3008,M5V,Condominium,10,Spadina-Fort York
1160764,STR-2308-GMLDVT,16 Trinnell Blvd,,M1L,Single/Semi-detached House,20,Scarborough Southwest
1160765,STR-2308-GVSDVV,215 Fort York Blvd,2809,M5V,Condominium,10,Spadina-Fort York
1160766,STR-2308-HCYDVW,15 Wales Ave,,M5T,Townhouse/ Row House,11,University-Rosedale
1160767,STR-2308-HLFDVX,140 Lee Ave,,M4E,Single/Semi-detached House,19,Beaches-East York
1160768,STR-2308-JBSDVZ,21 Iceboat Ter,3306,M5V,Condominium,10,Spadina-Fort York
1160769,STR-2308-FHBRVP,215 Horsham Ave,,M2N,Single/Semi-detached House,18,Willowdale
1160770,STR-2308-FQHRVQ,488 King St E,,M5A,Townhouse/ Row House,13,Toronto Centre
1160771,STR-2308-FXPRVR,585 Bloor St E,3721,M4W,Condominium,13,Toronto Centre
1160772,STR-2308-GWHRVV,146 Colonel Danforth Trl,,M1C,Single/Semi-detached House,25,Scarborough-Rouge Park
1160773,STR-2308-HLVRVX,30 Nelson St,2907,M5V,Condominium,10,Spadina-Fort York
1160774,STR-2308-HVBRVY,87B Sussex Ave,,M5S,Duplex/Triplex/Fourplex,11,University-Rosedale
1160775,STR-2308-FHSDVP,215 Fort York Blvd,3811,M5V,Condominium,10,Spadina-Fort York
1160776,STR-2308-FQYDVQ,131 Dunn Ave,310,M6K,Apartment,4,Parkdale-High Park
1160777,STR-2308-FYFDVR,151 Dan Leckie Way,245,M5V,Condominium,10,Spadina-Fort York
1160778,STR-2308-GGLDVS,8 Mayfield Ave,,M6S,Single/Semi-detached House,4,Parkdale-High Park
1160779,STR-2308-GPSDVT,300 Front St W,2506,M5V,Condominium,10,Spadina-Fort York
1160780,STR-2308-GWYDVV,458 Richmond St W,408,M5V,Condominium,10,Spadina-Fort York
1160781,STR-2308-HFFDVW,620 Martin Grove Rd,1002,M9R,Apartment,1,Etobicoke North
1160782,STR-2308-HVSDVY,103 The Queensway,913,M6S,Condominium,4,Parkdale-High Park
1160783,STR-2308-FRPRVQ,94 The Westway,,M9P,Single/Semi-detached House,2,Etobicoke Centre
1160784,STR-2308-FYVRVR,50 Ordnance St,706,M6K,Condominium,10,Spadina-Fort York
1160785,STR-2308-GQHRVT,62 Prust Ave,BSMT,M4L,Single/Semi-detached House,14,Toronto-Danforth
1160786,STR-2308-GXPRVV,165 Legion Rd N,1734,M8Y,Condominium,3,Etobicoke-Lakeshore
1160787,STR-2308-HFVRVW,101 Peter St,3107,M5V,Condominium,10,Spadina-Fort York
1160788,STR-2308-HPBRVX,101 Peter St,3810,M5V,Condominium,10,Spadina-Fort York
1160789,STR-2308-HWHRVY,101 Peter St,3501,M5V,Condominium,10,Spadina-Fort York
1160790,STR-2308-JDPRVZ,14 York St,1809,M5J,Condominium,10,Spadina-Fort York
1160791,STR-2308-FJYDVP,12 York St,504,M5J,Condominium,10,Spadina-Fort York
1160792,STR-2308-FSFDVQ,219 Fort York Blvd,705,M5V,Condominium,10,Spadina-Fort York
1160793,STR-2308-FZLDVR,300 Front St W,805,M5V,Condominium,10,Spadina-Fort York
1160794,STR-2308-GHSDVS,65 Bremner Blvd,1605,M5J,Condominium,10,Spadina-Fort York
1160795,STR-2308-GQYDVT,117 Baycrest Ave,,M6A,Single/Semi-detached House,8,Eglinton-Lawrence
1160796,STR-2308-GYFDVV,252 Ontario St,,M5A,Single/Semi-detached House,13,Toronto Centre
1160797,STR-2308-HGLDVW,151 Dan Leckie Way,516,M5V,Condominium,10,Spadina-Fort York
1160798,STR-2308-HWYDVY,363 Dovercourt Rd,2nd floor,M6J,Single/Semi-detached House,9,Davenport
1160799,STR-2308-JFFDVZ,880 Ossington Ave,,M6G,Single/Semi-detached House,9,Davenport
1160800,STR-2308-FKPRVP,272 St Clarens Ave,Basement,M6H,Single/Semi-detached House,9,Davenport
1160801,STR-2308-FSVRVQ,300 Front St W,2407,M5V,Condominium,10,Spadina-Fort York
1160802,STR-2308-GBBRVR,219 Fort York Blvd,3307,M5V,Condominium,10,Spadina-Fort York
1160803,STR-2308-GRPRVT,197 Osler St,,M6N,Single/Semi-detached House,9,Davenport
1160804,STR-2308-GYVRVV,300 Front St W,4504,M5V,Condominium,10,Spadina-Fort York
1160805,STR-2308-HHBRVW,210 Victoria St,608,M5B,Condominium,13,Toronto Centre
1160806,STR-2308-HQHRVX,21 Iceboat Ter,1105,M5V,Condominium,10,Spadina-Fort York
1160807,STR-2308-HXPRVY,300 Front St W,1408,M5V,Condominium,10,Spadina-Fort York
1160808,STR-2308-JFVRVZ,251 Jarvis St,2715,M5B,Condominium,13,Toronto Centre
1160809,STR-2308-FLFDVP,12 Mid Pines Rd,,M1G,Single/Semi-detached House,24,Scarborough-Guildwood
1160810,STR-2308-GBSDVR,25 Havelock St,,M6H,Single/Semi-detached House,9,Davenport
1160811,STR-2308-GJYDVS,68 Shaver Ave S,,M9B,Single/Semi-detached House,3,Etobicoke-Lakeshore
1160812,STR-2308-GSFDVT,3529 St Clair Ave E,,M1K,Single/Semi-detached House,20,Scarborough Southwest
1160813,STR-2308-GZLDVV,10 Sword St,2,M5A,Apartment,13,Toronto Centre
1160814,STR-2308-HHSDVW,439 St Clarens Ave,BSMT,M6H,Duplex/Triplex/Fourplex,9,Davenport
1160815,STR-2308-HQYDVX,60 Shuter St,611,M5B,Condominium,13,Toronto Centre
1160816,STR-2308-HYFDVY,14 Edna Ave,Main,M6P,Single/Semi-detached House,4,Parkdale-High Park
1160817,STR-2308-FDQXVP,73 Castlefield Ave,,M4R,Single/Semi-detached House,8,Eglinton-Lawrence
1160818,STR-2308-FLWXVQ,428 Kenneth Ave,1,M2N,Townhouse/ Row House,18,Willowdale
1160819,STR-2308-FVCXVR,13 Adair Rd,,M4B,Single/Semi-detached House,19,Beaches-East York
1160820,STR-2308-GCJXVS,1239 Dundas St W,304,M6J,Condominium,10,Spadina-Fort York
1160821,STR-2308-GKQXVT,9 London St,,M6G,Single/Semi-detached House,11,University-Rosedale
1160822,STR-2308-HBCXVW,181 Booth Ave,,M4M,Single/Semi-detached House,14,Toronto-Danforth
1160823,STR-2308-HJJXVX,206 Cummer Ave,,M2M,Single/Semi-detached House,18,Willowdale
1160824,STR-2308-HRQXVY,659 Woodbine Ave,A,M4E,Duplex/Triplex/Fourplex,19,Beaches-East York
1160825,STR-2308-HYWXVZ,177F Caledonia Rd,,M6E,Single/Semi-detached House,9,Davenport
1160826,STR-2308-FFGKVP,60 Tannery Rd,1008,M5A,Condominium,13,Toronto Centre
1160827,STR-2308-FMMKVQ,30 Jeffton Cres,,M1G,Single/Semi-detached House,24,Scarborough-Guildwood
1160828,STR-2308-GCZKVS,40 Toynbee Trl,,M1E,Single/Semi-detached House,24,Scarborough-Guildwood
1160829,STR-2308-GLGKVT,547 Douglas Ave,,M5M,Single/Semi-detached House,8,Eglinton-Lawrence
1160830,STR-2308-GTMKVV,22 Rayside Dr,,M9C,Single/Semi-detached House,2,Etobicoke Centre
1160831,STR-2308-HBTKVW,10 Park Lawn Rd,1104,M8V,Apartment,3,Etobicoke-Lakeshore
1160832,STR-2308-HJZKVX,84 Comrie Ter,,M1M,Single/Semi-detached House,20,Scarborough Southwest
1160833,STR-2308-HZMKVZ,316 Churchill Ave,,M2R,Single/Semi-detached House,18,Willowdale
1160834,STR-2308-FPCXVQ,51 Cassels Ave,Whole House,M4E,Duplex/Triplex/Fourplex,19,Beaches-East York
1160835,STR-2308-FWJXVR,18 Colony Rd,,M1R,Single/Semi-detached House,21,Scarborough Centre
1160836,STR-2308-GDQXVS,300 Front St W,1801,M5V,Apartment,10,Spadina-Fort York
1160837,STR-2308-GLWXVT,1070 Sandhurst Cir,,M1V,Single/Semi-detached House,23,Scarborough North
1160838,STR-2308-GVCXVV,300 Front St W,2309,M5V,Apartment,10,Spadina-Fort York
1160839,STR-2308-HKQXVX,21 Cedarcrest Dr,,M9A,Single/Semi-detached House,2,Etobicoke Centre
1160840,STR-2308-HSWXVY,3B Hobden Pl,,M9R,Townhouse/ Row House,2,Etobicoke Centre
1160841,STR-2308-JBCXVZ,51 Lombardy Cres,,M1K,Single/Semi-detached House,20,Scarborough Southwest
1160842,STR-2308-FGMKVP,24 Dunsmore Gdns,,M3H,Single/Semi-detached House,6,York Centre
1160843,STR-2308-FWZKVR,27 Hartland Rd,,M9C,Single/Semi-detached House,2,Etobicoke Centre
1160844,STR-2308-GFGKVS,10 Yonge St,311,M5E,Condominium,10,Spadina-Fort York
1160845,STR-2308-HLGKVX,197 Yonge St,5409,M5B,Condominium,13,Toronto Centre
1160846,STR-2308-JBTKVZ,55 Emmett Ave,1406,M6M,Apartment,5,York South-Weston
1160847,STR-2308-FHCXVP,125 Barker Ave,,M4C,Single/Semi-detached House,19,Beaches-East York
1160848,STR-2308-FQJXVQ,80 Western Battery Rd,2309,M6K,Condominium,10,Spadina-Fort York
1160849,STR-2308-GPCXVT,359 Parkside Dr,,M5G,Single/Semi-detached House,4,Parkdale-High Park
1160850,STR-2308-GWJXVV,64 Lionel Heights Cres,,M3A,Single/Semi-detached House,16,Don Valley East
1160851,STR-2308-HLWXVX,177 Snowdon Ave,,M4N,Single/Semi-detached House,15,Don Valley West
1160852,STR-2308-HVCXVY,19 Revcoe Dr,,M2M,Single/Semi-detached House,18,Willowdale
1160853,STR-2308-JCJXVZ,46 Orpington Cres,,M9V,Single/Semi-detached House,1,Etobicoke North
1160854,STR-2308-FQZKVQ,33 Gwynne Ave,,M6K,Single/Semi-detached House,4,Parkdale-High Park
1160855,STR-2308-FYGKVR,121 Ling Rd,1512,M1E,Condominium,25,Scarborough-Rouge Park
1160856,STR-2308-GPTKVT,171 John St,,M9N,Single/Semi-detached House,5,York South-Weston
1160857,STR-2308-GWZKVV,730 Saint Clarens Ave,1411,M6H,Apartment,9,Davenport
1160858,STR-2308-HFGKVW,32 East Lynn Ave,,M4C,Single/Semi-detached House,19,Beaches-East York
1160859,STR-2308-HVTKVY,139 Day Ave,,M6E,Single/Semi-detached House,9,Davenport
1160860,STR-2308-FJJXVP,1 The Esplanade,1507,M5E,Condominium,10,Spadina-Fort York
1160861,STR-2308-FRQXVQ,3 Coe Hill Dr,,M6S,Single/Semi-detached House,4,Parkdale-High Park
1160862,STR-2308-GHCXVS,226 Garden Ave,,M6R,Single/Semi-detached House,4,Parkdale-High Park
1160863,STR-2308-GQJXVT,300 Front St W,3601,M5V,Condominium,10,Spadina-Fort York
1160864,STR-2308-HPCXVX,20 Fennings St,Main,M6J,Single/Semi-detached House,10,Spadina-Fort York
1160865,STR-2308-HWJXVY,89 Mossbank Dr,,M1G,Single/Semi-detached House,24,Scarborough-Guildwood
1160866,STR-2308-JDQXVZ,151 Dan Leckie Way,1038,M5V,Condominium,10,Spadina-Fort York
1160867,STR-2308-FZMKVR,344 Logan Ave,,M4M,Single/Semi-detached House,14,Toronto-Danforth
1160868,STR-2308-GHTKVS,209 Fort York Blvd,582,M5V,Condominium,10,Spadina-Fort York
1160869,STR-2308-GQZKVT,30 Nelson St,202,M5V,Condominium,10,Spadina-Fort York
1160870,STR-2308-GYGKVV,15 Janus Crt,,M2H,Single/Semi-detached House,17,Don Valley North
1160871,STR-2308-HGMKVW,55 Seymour Ave,,M4J,Single/Semi-detached House,14,Toronto-Danforth
1160872,STR-2308-HPTKVX,63 Shippigan Cres,,M2J,Single/Semi-detached House,17,Don Valley North
1160873,STR-2308-HWZKVY,14 Penzance Dr,,M1K,Single/Semi-detached House,21,Scarborough Centre
1160874,STR-2308-FKQXVP,443 Bathurst St,1,M5T,Duplex/Triplex/Fourplex,11,University-Rosedale
1160875,STR-2308-FSWXVQ,155 Yorkville Ave,505,M5R,Condominium,11,University-Rosedale
1160876,STR-2308-GBCXVR,61 Beatrice St,,M6J,Townhouse/ Row House,11,University-Rosedale
1160877,STR-2308-GRQXVT,36 Yardley Ave,,M4B,Single/Semi-detached House,19,Beaches-East York
1160878,STR-2308-GYWXVV,1077 Dufferin St,,M6H,Single/Semi-detached House,9,Davenport
1160879,STR-2308-HHCXVW,3520 Danforth Ave,306,M1L,Condominium,20,Scarborough Southwest
1160880,STR-2308-HQJXVX,251 Jarvis St,4212,M5B,Condominium,13,Toronto Centre
1160881,STR-2308-HXQXVY,13 Allen Ave,,M4M,Single/Semi-detached House,14,Toronto-Danforth
1160882,STR-2308-JFWXVZ,358 Queen St E,2,M5A,Apartment,13,Toronto Centre
1160883,STR-2308-FTMKVQ,62 Burnaby Blvd,,M5N,Single/Semi-detached House,8,Eglinton-Lawrence
1160884,STR-2308-GBTKVR,1838 Dufferin St,,M6E,Single/Semi-detached House,9,Davenport
1160885,STR-2308-GJZKVS,93 Dairy Dr,,M1L,Townhouse/ Row House,20,Scarborough Southwest
1160886,STR-2308-GSGKVT,176 Rosemount Ave,,M9N,Single/Semi-detached House,5,York South-Weston
1160887,STR-2308-GZMKVV,299 Lauder Ave,2,M6E,Single/Semi-detached House,9,Davenport
1160888,STR-2308-HQZKVX,700 King St W,314,M5V,Apartment,10,Spadina-Fort York
1160889,STR-2308-HYGKVY,139 Rhodes Ave,,M4L,Single/Semi-detached House,14,Toronto-Danforth
1160890,STR-2308-JGMKVZ,65 Ellenhall Sq,,M1W,Single/Semi-detached House,22,Scarborough-Agincourt
1160891,STR-2308-FDSDVP,1176 Shaw St,,M6G,Single/Semi-detached House,12,Toronto-St. Paul's
1160892,STR-2308-FVFDVR,245 Woburn Ave,,M5M,Single/Semi-detached House,8,Eglinton-Lawrence
1160893,STR-2308-GKSDVT,150 Rushton Rd,,M6G,Single/Semi-detached House,12,Toronto-St. Paul's
1160894,STR-2308-GSYDVV,120 Dallimore Crcl,713,M3C,Condominium,16,Don Valley East
1160895,STR-2308-HRSDVY,21 Haddon Ave,,M1N,Single/Semi-detached House,20,Scarborough Southwest
1160896,STR-2308-HYYDVZ,29 Sylla Ave,,M1R,Single/Semi-detached House,21,Scarborough Centre
1160897,STR-2308-FMPRVQ,54 Golden Ave,,M6R,Single/Semi-detached House,4,Parkdale-High Park
1160898,STR-2308-GDBRVS,53 Branstone Rd,,M6E,Single/Semi-detached House,9,Davenport
1160899,STR-2308-GLHRVT,154 Amberjack Blvd,,M1H,Single/Semi-detached House,24,Scarborough-Guildwood
1160900,STR-2308-HBVRVW,201 Carlaw Ave,255,M4M,Condominium,14,Toronto-Danforth
1160901,STR-2308-HZPRVZ,388 Richmond St W,712,M5V,Condominium,10,Spadina-Fort York
1160902,STR-2308-FFYDVP,270 Wellington St W,17,M5V,Condominium,10,Spadina-Fort York
1160903,STR-2308-GDSDVS,120 Pendrith St,,M6G,Single/Semi-detached House,11,University-Rosedale
1160904,STR-2308-GVFDVV,149 Pitt Ave,A,M1L,Single/Semi-detached House,20,Scarborough Southwest
1160905,STR-2308-HCLDVW,318 King St E,712,M5A,Condominium,13,Toronto Centre
1160906,STR-2308-HKSDVX,645 Davenport Rd,3,M5R,Townhouse/ Row House,12,Toronto-St. Paul's
1160907,STR-2308-JBFDVZ,150 East Liberty St,1402,M6K,Condominium,10,Spadina-Fort York
1160908,STR-2308-FPVRVQ,116 Navenby Cres,,M9L,Townhouse/ Row House,7,Humber River-Black Creek
1160909,STR-2308-GFHRVS,64 Frost St,,M9W,Single/Semi-detached House,1,Etobicoke North
1160910,STR-2308-GMPRVT,101 Peter St,3410,M5V,Condominium,10,Spadina-Fort York
1160911,STR-2308-GVVRVV,101 Peter St,PH 01,M5V,Condominium,10,Spadina-Fort York
1160912,STR-2308-JBVRVZ,101 Peter St,2007,M5V,Condominium,10,Spadina-Fort York
1160913,STR-2308-FQLDVQ,101 Peter St,610,M5V,Condominium,10,Spadina-Fort York
1160914,STR-2308-GFYDVS,652 Spadina Ave,,M5S,Townhouse/ Row House,11,University-Rosedale
1160915,STR-2308-GPFDVT,21 Iceboat Ter,932,M5V,Apartment,10,Spadina-Fort York
1160916,STR-2308-GWLDVV,39 Twenty Fifth St,2,M8V,Duplex/Triplex/Fourplex,3,Etobicoke-Lakeshore
1160917,STR-2308-HLYDVX,191 Beatrice St,,M6G,Single/Semi-detached House,11,University-Rosedale
1160918,STR-2308-HVFDVY,140 Simcoe St,1104,M5H,Condominium,10,Spadina-Fort York
1160919,STR-2309-FSHRVQ,30 Nelson St,1505,M5V,Condominium,10,Spadina-Fort York
1160920,STR-2308-FRBRVQ,300 Front St W,4204,M5V,Condominium,10,Spadina-Fort York
1160921,STR-2308-GXBRVV,36 Crofton Rd,,M4G,Single/Semi-detached House,15,Don Valley West
1160922,STR-2308-HFHRVW,8 Wellesley St E,305,M4Y,Condominium,13,Toronto Centre
1160923,STR-2308-HMPRVX,151 Dan Leckie Way,1007,M5V,Condominium,10,Spadina-Fort York
1160924,STR-2308-FYYDVR,210 Victoria St,4407,M5B,Condominium,13,Toronto Centre
1160925,STR-2308-GHFDVS,300 Front St W,2502,M5V,Apartment,10,Spadina-Fort York
1160926,STR-2309-GQLDVT,316 Silverthorn Ave,,M6N,Single/Semi-detached House,9,Davenport
1160927,STR-2309-GXSDVV,219 Torbarrie Rd,,M3L,Townhouse/ Row House,7,Humber River-Black Creek
1160928,STR-2309-HFYDVW,18 Yonge St,2003,M5E,Condominium,10,Spadina-Fort York
1160929,STR-2309-HWLDVY,413 Patricia Ave,,M2R,Single/Semi-detached House,18,Willowdale
1160930,STR-2309-FKBRVP,55 Bremner Blvd,2109,M5J,Condominium,10,Spadina-Fort York
1160931,STR-2309-GYHRVV,2 Parmbelle Cres,,M3A,Single/Semi-detached House,16,Don Valley East
1160932,STR-2309-HXBRVY,208 Queens Quay  W,2213,M5J,Condominium,10,Spadina-Fort York
1160933,STR-2309-JFHRVZ,70 Don River Blvd,,M2N,Single/Semi-detached House,18,Willowdale
1160934,STR-2309-FKSDVP,231 Fort York Blvd,1304,M5V,Condominium,10,Spadina-Fort York
1160935,STR-2309-FSYDVQ,101 Peter St,618,M5V,Condominium,10,Spadina-Fort York
1160936,STR-2309-GRSDVT,955 Bay St,405,M5S,Condominium,13,Toronto Centre
1160937,STR-2309-HHFDVW,88 Carr St,5,M5T,Condominium,10,Spadina-Fort York
1160938,STR-2309-HQLDVX,45 White Heather Blvd,,M1V,Single/Semi-detached House,23,Scarborough North
1160939,STR-2309-HXSDVY,25 St Mary St,1003,M4Y,Apartment,13,Toronto Centre
1160940,STR-2309-FLHRVP,14 York St,3112,M5J,Condominium,10,Spadina-Fort York
1160941,STR-2309-FTPRVQ,9 Mabelle Ave,2621,M9A,Condominium,3,Etobicoke-Lakeshore
1160942,STR-2309-GBVRVR,90 Broadview Ave,404,M4M,Apartment,14,Toronto-Danforth
1160943,STR-2309-GKBRVS,155 Yorkville Ave,1101,M5R,Condominium,11,University-Rosedale
1160944,STR-2309-GSHRVT,38 Shangarry Dr,,M1R,Single/Semi-detached House,21,Scarborough Centre
1160945,STR-2309-HHVRVW,126 Owen Blvd,,M2P,Single/Semi-detached House,15,Don Valley West
1160946,STR-2309-HYHRVY,349 Huntsmill Blvd,,M1W,Single/Semi-detached House,22,Scarborough-Agincourt
1160947,STR-2309-JGPRVZ,321 Lonsdale Rd,H,M4V,Apartment,12,Toronto-St. Paul's
1160948,STR-2309-FDTKVP,21 Balmuto St,1405,M4Y,Condominium,11,University-Rosedale
1160949,STR-2309-FVGKVR,336 Trudelle St,Upper,M1J,Single/Semi-detached House,21,Scarborough Centre
1160950,STR-2309-GCMKVS,10 Park Lawn Rd,628,M8V,Condominium,3,Etobicoke-Lakeshore
1160951,STR-2309-GKTKVT,88 Corporate Dr,2708,M1H,Condominium,24,Scarborough-Guildwood
1160952,STR-2309-GSZKVV,87 Longbow Sq,,M1W,Single/Semi-detached House,22,Scarborough-Agincourt
1160953,STR-2309-HJMKVX,98 Nipigon Ave,,M2M,Single/Semi-detached House,18,Willowdale
1160954,STR-2309-HRTKVY,65 Margueretta St,,M6H,Single/Semi-detached House,9,Davenport
1160955,STR-2309-HYZKVZ,35 Buckley Cres,,M9R,Single/Semi-detached House,2,Etobicoke Centre
1160956,STR-2309-FMQXVQ,21 Iceboat Ter,625,M5V,Condominium,10,Spadina-Fort York
1160957,STR-2309-FVWXVR,36 Lorraine Gdns,,M9B,Single/Semi-detached House,2,Etobicoke Centre
1160958,STR-2309-GDCXVS,54 Woodrow Ave,,M4C,Single/Semi-detached House,19,Beaches-East York
1160959,STR-2309-GLJXVT,17 Pembroke St,13,M5A,Condominium,13,Toronto Centre
1160960,STR-2309-GTQXVV,12 York St,1301,M5J,Condominium,10,Spadina-Fort York
1160961,STR-2309-HBWXVW,2 Ashcott St,,M1V,Single/Semi-detached House,23,Scarborough North
1160962,STR-2309-HSJXVY,65 Bremner Blvd,2901,M5J,Condominium,10,Spadina-Fort York
1160963,STR-2309-FFZKVP,326 Carlaw Ave,203,M4M,Condominium,14,Toronto-Danforth
1160964,STR-2309-GDTKVS,126 Simcoe St,1305,M5H,Condominium,10,Spadina-Fort York
1160965,STR-2309-GVGKVV,382 Highfield Rd,,M4L,Single/Semi-detached House,14,Toronto-Danforth
1160966,STR-2309-HCMKVW,2240 Lake Shore Blvd W,1808,M8V,Condominium,3,Etobicoke-Lakeshore
1160967,STR-2309-HKTKVX,126 Crawford St,,M6J,Single/Semi-detached House,10,Spadina-Fort York
1160968,STR-2309-JBGKVZ,105 Eleventh St,,M8V,Single/Semi-detached House,3,Etobicoke-Lakeshore
1160969,STR-2309-FGQXVP,20 West Wareside Rd,,M9C,Single/Semi-detached House,2,Etobicoke Centre
1160970,STR-2309-FPWXVQ,725 King St W,513,M5V,Condominium,10,Spadina-Fort York
1160971,STR-2309-FXCXVR,215 Fort York Blvd,416,M5V,Condominium,10,Spadina-Fort York
1160972,STR-2309-GFJXVS,8 Fieldway Rd,214,M8Z,Condominium,3,Etobicoke-Lakeshore
1160973,STR-2309-GMQXVT,52 Castlebury Cres,,M2H,Single/Semi-detached House,17,Don Valley North
1160974,STR-2309-GVWXVV,377 Madison Ave,111,M4V,Condominium,12,Toronto-St. Paul's
1160975,STR-2309-HDCXVW,101 Peter St,4007,M5V,Condominium,10,Spadina-Fort York
1160976,STR-2309-HTQXVY,105 Heddington Ave,,M5N,Single/Semi-detached House,8,Eglinton-Lawrence
1160977,STR-2309-JBWXVZ,35 Cameron Ave,,M6M,Single/Semi-detached House,5,York South-Weston
1160978,STR-2309-FHGKVP,219 Fort York Blvd,2810,M5V,Condominium,10,Spadina-Fort York
1160979,STR-2309-GFZKVS,858 Shaw St,,M6G,Single/Semi-detached House,11,University-Rosedale
1160980,STR-2309-GPGKVT,409 Huron St,104,M5S,Apartment,11,University-Rosedale
1160981,STR-2309-HDTKVW,168 Simcoe St,316,M5H,Condominium,10,Spadina-Fort York
1160982,STR-2309-HLZKVX,32 Symington Ave,,M6P,Single/Semi-detached House,9,Davenport
1160983,STR-2309-HVGKVY,50 Hillsboro Ave,508,M5R,Apartment,11,University-Rosedale
1160984,STR-2309-JCMKVZ,1 Doverwood Crt,,M2M,Single/Semi-detached House,18,Willowdale
1160985,STR-2309-FHWXVP,38 Santa Barbara Rd,,M2N,Single/Semi-detached House,18,Willowdale
1160986,STR-2309-FRCXVQ,65 Dane Ave,,M6A,Single/Semi-detached House,8,Eglinton-Lawrence
1160987,STR-2309-GGQXVS,71 Denvale Rd,,M4B,Single/Semi-detached House,19,Beaches-East York
1160988,STR-2309-GXCXVV,270 Wellington St W,223,M5V,Condominium,10,Spadina-Fort York
1160989,STR-2309-HMQXVX,300 Front St W,1303,M5V,Condominium,10,Spadina-Fort York
1160990,STR-2309-HVWXVY,276 Bogert Ave,,M2N,Single/Semi-detached House,18,Willowdale
1160991,STR-2309-JDCXVZ,20 John St,521,M5V,Condominium,10,Spadina-Fort York
1160992,STR-2309-FJMKVP,215 Fort York Blvd,1303,M5V,Condominium,10,Spadina-Fort York
1160993,STR-2309-FYZKVR,120 Harrison Garden Blvd,1411,M2N,Condominium,18,Willowdale
1160994,STR-2309-GHGKVS,209 Fort York Blvd,174,M5V,Condominium,10,Spadina-Fort York
1160995,STR-2309-GQMKVT,275 Broadview Ave,4,M4M,Townhouse/ Row House,14,Toronto-Danforth
1160996,STR-2309-GXTKVV,8 York St,2407,M5J,Condominium,10,Spadina-Fort York
1160997,STR-2309-HFZKVW,38 Valentine Dr,,M3A,Single/Semi-detached House,16,Don Valley East
1160998,STR-2309-HPGKVX,64 Foxley St,,M6J,Townhouse/ Row House,10,Spadina-Fort York
1160999,STR-2309-HWMKVY,196 Clonmore Dr,Upper,M1N,Single/Semi-detached House,20,Scarborough Southwest
1161000,STR-2309-JDTKVZ,300 Front St W,4107,M5V,Condominium,10,Spadina-Fort York
1161001,STR-2309-FKCXVP,16 Grace St,,M6J,Single/Semi-detached House,11,University-Rosedale
1161002,STR-2309-FSJXVQ,265 Dixon Rd,1507,M9R,Apartment,2,Etobicoke Centre
1161003,STR-2309-FZQXVR,62 Chartland Blvd S,,M1S,Single/Semi-detached House,23,Scarborough North
1161004,STR-2309-GRCXVT,17 Oak Park Ave,,M4C,Single/Semi-detached House,19,Beaches-East York
1161005,STR-2309-HPWXVX,21 Iceboat Ter,PH07,M5V,Condominium,10,Spadina-Fort York
1161006,STR-2309-JFJXVZ,155 Yorkville Ave,2308,M5R,Condominium,11,University-Rosedale
1161007,STR-2309-FSZKVQ,21 Iceboat Ter,4003,M5V,Condominium,10,Spadina-Fort York
1161008,STR-2309-GJMKVS,59 Lonborough Ave,,M6M,Single/Semi-detached House,5,York South-Weston
1161009,STR-2309-GRTKVT,21 Fourth St,,M5J,Single/Semi-detached House,10,Spadina-Fort York
1161010,STR-2309-HHGKVW,18 Maitland Ter,412,M4Y,Condominium,13,Toronto Centre
1161011,STR-2309-HQMKVX,55 Ontario St,2204,M5A,Condominium,13,Toronto Centre
1161012,STR-2309-HXTKVY,209 Fort York Blvd,374,M5V,Condominium,10,Spadina-Fort York
1161013,STR-2309-FLJXVP,30 Sunnycrest Rd,1,M2R,Single/Semi-detached House,6,York Centre
1161014,STR-2309-FTQXVQ,324 Trudelle St,,M1J,Single/Semi-detached House,21,Scarborough Centre
1161015,STR-2309-GBWXVR,593 Greenwood Ave,,M4J,Single/Semi-detached House,14,Toronto-Danforth
1161016,STR-2309-GSJXVT,30 Nelson St,2604,M5V,Condominium,10,Spadina-Fort York
1161017,STR-2309-HRCXVX,594 Wellington St W,,M5V,Townhouse/ Row House,10,Spadina-Fort York
1161018,STR-2309-JGQXVZ,35 Gledhill Ave,,M4C,Single/Semi-detached House,19,Beaches-East York
1161019,STR-2309-FDVRVP,155 Yorkville Ave,710,M5R,Condominium,11,University-Rosedale
1161020,STR-2309-FMBRVQ,134 Bartlett Ave,R,M6H,Single/Semi-detached House,9,Davenport
1161021,STR-2309-FVHRVR,165 Legion Rd N,723,M8Y,Condominium,3,Etobicoke-Lakeshore
1161022,STR-2309-GCPRVS,65 Bremner Blvd,4607,M5J,Condominium,10,Spadina-Fort York
1161023,STR-2309-GKVRVT,10 Park Lawn Rd,3808,M8V,Condominium,3,Etobicoke-Lakeshore
1161024,STR-2309-GTBRVV,130 Combe Ave,,M3H,Single/Semi-detached House,6,York Centre
1161025,STR-2309-HBHRVW,28 Pakenham Dr,,M9W,Single/Semi-detached House,1,Etobicoke North
1161026,STR-2309-FFLDVP,2154 Dundas St W,205,M6R,Condominium,4,Parkdale-High Park
1161027,STR-2309-FMSDVQ,74 Pembroke St,A,M5A,Single/Semi-detached House,13,Toronto Centre
1161028,STR-2309-FVYDVR,133 Wychwood Ave,Main,M6G,Single/Semi-detached House,12,Toronto-St. Paul's
1161029,STR-2309-GDFDVS,525 Adelaide St W,620,M5V,Condominium,10,Spadina-Fort York
1161030,STR-2309-GLLDVT,112 George St,702,M5A,Condominium,13,Toronto Centre
1161031,STR-2309-GTSDVV,2 Orley Ave,,M4C,Single/Semi-detached House,19,Beaches-East York
1161032,STR-2309-HBYDVW,10 Park Lawn Rd,7,M8V,Condominium,3,Etobicoke-Lakeshore
1161033,STR-2309-HKFDVX,155 Yorkville Ave,2011,M5R,Apartment,11,University-Rosedale
1161034,STR-2309-HSLDVY,628 Crawford St,Lower level Apt,M6G,Single/Semi-detached House,11,University-Rosedale
1161035,STR-2309-FGBRVP,78 Willesden Rd,,M2H,Single/Semi-detached House,17,Don Valley North
1161036,STR-2309-FPHRVQ,21 Pirandello St,1216,M6K,Townhouse/ Row House,10,Spadina-Fort York
1161037,STR-2309-FWPRVR,474 Martin Grove Rd,,M9B,Single/Semi-detached House,2,Etobicoke Centre
1161038,STR-2309-GDVRVS,107 Perth Ave,,M6P,Single/Semi-detached House,9,Davenport
1161039,STR-2309-GMBRVT,104 Wishing Well Dr,,M1T,Single/Semi-detached House,22,Scarborough-Agincourt
1161040,STR-2309-GVHRVV,323 Armadale Ave,,M6S,Single/Semi-detached House,4,Parkdale-High Park
1161041,STR-2309-HCPRVW,21 Iceboat Ter,1907,M5V,Condominium,10,Spadina-Fort York
1161042,STR-2309-HKVRVX,2603 Bathurst St,404,M6B,Apartment,8,Eglinton-Lawrence
1161043,STR-2309-HTBRVY,51 Paul Lane Gdns,2,M5T,Townhouse/ Row House,10,Spadina-Fort York
1161044,STR-2309-FPYDVQ,55 Bremner Blvd,3510,M5J,Condominium,10,Spadina-Fort York
1161045,STR-2309-FXFDVR,209 Fort York Blvd,1275,M5V,Condominium,10,Spadina-Fort York
1161046,STR-2309-GFLDVS,83 Empire Ave,,M4M,Single/Semi-detached House,14,Toronto-Danforth
1161047,STR-2309-GMSDVT,88 Harbour St,3011,M5J,Condominium,10,Spadina-Fort York
1161048,STR-2309-GVYDVV,14 York St,2207,M5J,Condominium,10,Spadina-Fort York
1161049,STR-2309-HDFDVW,47 John Perkins Bull Dr,3,M3K,Apartment,6,York Centre
1161050,STR-2309-HTSDVY,223 Timberbank Blvd,,M1W,Single/Semi-detached House,22,Scarborough-Agincourt
1161051,STR-2309-JBYDVZ,14 Massie St,,M1S,Single/Semi-detached House,23,Scarborough North
1161052,STR-2309-FQPRVQ,8 St Hubert Ave,,M4J,Single/Semi-detached House,14,Toronto-Danforth
1161053,STR-2309-GGBRVS,1238 Davenport Rd,1,M6H,Apartment,9,Davenport
1161054,STR-2309-GPHRVT,100 Gloucester St,612,M4Y,Apartment,13,Toronto Centre
1161055,STR-2309-GWPRVV,825 Adelaide St W,,M6J,Single/Semi-detached House,10,Spadina-Fort York
1161056,STR-2309-HDVRVW,20 John St,618,M5V,Condominium,10,Spadina-Fort York
1161057,STR-2309-HMBRVX,306 Renforth Dr,,M9C,Single/Semi-detached House,2,Etobicoke Centre
1161058,STR-2309-HVHRVY,429 Sumach St,,M4X,Single/Semi-detached House,13,Toronto Centre
1161059,STR-2309-JCPRVZ,138 Horsham Ave,,M2N,Single/Semi-detached House,18,Willowdale
1161060,STR-2309-FHYDVP,24 Avonwick Gt,,M3A,Single/Semi-detached House,16,Don Valley East
1161061,STR-2309-FRFDVQ,1410 Dupont St,2301,M6H,Condominium,9,Davenport
1161062,STR-2309-FYLDVR,68 Woodbine Ave,,M4L,Townhouse/ Row House,19,Beaches-East York
1161063,STR-2309-GGSDVS,165 Legion Rd N,1128,M8Y,Condominium,3,Etobicoke-Lakeshore
1161064,STR-2309-GXFDVV,38 Grenville St,810,M4Y,Condominium,13,Toronto Centre
1161065,STR-2309-HVYDVY,76 MacDonell Ave,,M6R,Single/Semi-detached House,4,Parkdale-High Park
1161066,STR-2309-FRVRVQ,439 Wellesley St E,,M4X,Single/Semi-detached House,13,Toronto Centre
1161067,STR-2309-FZBRVR,27 Spindlewood Dr,,M2J,Single/Semi-detached House,17,Don Valley North
1161068,STR-2309-GHHRVS,343 Gladstone Ave,,M6H,Duplex/Triplex/Fourplex,,
1161069,STR-2309-GQPRVT,78 Via Cassia Dr,,M6M,Single/Semi-detached House,5,York South-Weston
1161070,STR-2309-GXVRVV,49 Lacey Ave,2,M6M,Duplex/Triplex/Fourplex,5,York South-Weston
1161071,STR-2309-HPHRVX,39 Courton Dr,,M1R,Single/Semi-detached House,21,Scarborough Centre
1161072,STR-2309-FZSDVR,112 Seaton St,,M5A,Single/Semi-detached House,13,Toronto Centre
1161073,STR-2309-GRFDVT,1310 Dundas St E,,M4M,Single/Semi-detached House,14,Toronto-Danforth
1161074,STR-2309-HGSDVW,560 Front St W,1128,M5V,Condominium,10,Spadina-Fort York
1161075,STR-2309-HPYDVX,266 Harvie Ave,,M6E,Single/Semi-detached House,9,Davenport
1161076,STR-2309-HXFDVY,37 Eastbourne Cres,,M8V,Single/Semi-detached House,3,Etobicoke-Lakeshore
1161077,STR-2309-JFLDVZ,88 Milton St,,M8Y,Townhouse/ Row House,3,Etobicoke-Lakeshore
1161078,STR-2309-FTBRVQ,222 Elm St,704,M5T,Apartment,11,University-Rosedale
1161079,STR-2309-GVJXVV,99 John St,509,M5V,Condominium,10,Spadina-Fort York
1161080,STR-2309-GBHRVR,2421 Gerrard St E,,M4E,Single/Semi-detached House,19,Beaches-East York
1161081,STR-2309-GJPRVS,18 St Quentin Ave,,M1M,Single/Semi-detached House,20,Scarborough Southwest
1161082,STR-2309-GRVRVT,111 Blackfriar Ave,205,M9R,Apartment,1,Etobicoke North
1161083,STR-2309-GZBRVV,77 Shuter St,216,M5B,Condominium,13,Toronto Centre
1161084,STR-2309-HHHRVW,352 Front St W,1022,M5V,Condominium,10,Spadina-Fort York
1161085,STR-2309-HQPRVX,206 Queen's Dr,,M9N,Single/Semi-detached House,5,York South-Weston
1161086,STR-2309-HXVRVY,50 Regent St,,M6N,Single/Semi-detached House,5,York South-Weston
1161087,STR-2309-JGBRVZ,30 Ordnance St,1309,M6K,Condominium,10,Spadina-Fort York
1161088,STR-2309-FTSDVQ,23 Sheppard Ave E,409,M2N,Condominium,18,Willowdale
1161089,STR-2309-GBYDVR,52 St Lawrence St,222,M5A,Apartment,13,Toronto Centre
1161090,STR-2309-GKFDVS,2573 Lake Shore Blvd W,5,M8V,Apartment,3,Etobicoke-Lakeshore
1161091,STR-2309-GSLDVT,38 Grenville St,3407,M4Y,Condominium,13,Toronto Centre
1161092,STR-2309-HHYDVW,73 Guthrie Ave,,M8Y,Single/Semi-detached House,3,Etobicoke-Lakeshore
1161093,STR-2309-HRFDVX,168 Simcoe St,513,M5H,Condominium,10,Spadina-Fort York
1161094,STR-2309-HYLDVY,975 Willowdale Ave,,M2M,Single/Semi-detached House,18,Willowdale
1161095,STR-2309-JGSDVZ,4 Crendon Dr,,M9C,Single/Semi-detached House,2,Etobicoke Centre
1161096,STR-2309-FDWXVP,28 Pine Ave,,M4E,Single/Semi-detached House,19,Beaches-East York
1161097,STR-2309-FVJXVR,251 Jarvis St,4512,M5B,Condominium,13,Toronto Centre
1161098,STR-2309-GKWXVT,100 Raglan Ave,1009,M6C,Apartment,12,Toronto-St. Paul's
1161099,STR-2309-GTCXVV,7 Smith Cres,321,M8Z,Condominium,3,Etobicoke-Lakeshore
1161100,STR-2309-HJQXVX,232 Castlefield Ave,,M4R,Single/Semi-detached House,8,Eglinton-Lawrence
1161101,STR-2309-HZCXVZ,14 York St,509,M5J,Condominium,10,Spadina-Fort York
1161102,STR-2309-FFMKVP,6 Thorncrest Rd,,M9A,Single/Semi-detached House,2,Etobicoke Centre
1161103,STR-2309-FVZKVR,114 Tandridge Cres,,M9W,Single/Semi-detached House,1,Etobicoke North
1161104,STR-2309-GDGKVS,942 Dundas St E,2,M4M,Townhouse/ Row House,14,Toronto-Danforth
1161105,STR-2309-GLMKVT,300 Front St W,3811,M5V,Condominium,10,Spadina-Fort York
1161106,STR-2309-GTTKVV,157 Hannaford St,,M4E,Single/Semi-detached House,19,Beaches-East York
1161107,STR-2309-HBZKVW,99 Gerrard St W,2101,M5G,Apartment,11,University-Rosedale
1161108,STR-2309-HKGKVX,300 Front St W,204,M5V,Condominium,10,Spadina-Fort York
1161109,STR-2309-HSMKVY,11 Hucknall Rd,,M3J,Single/Semi-detached House,7,Humber River-Black Creek
1161110,STR-2309-FGCXVP,5949 Yonge St,1108,M2M,Condominium,18,Willowdale
1161111,STR-2309-FPJXVQ,451 Pacific Ave,,M6P,Single/Semi-detached House,4,Parkdale-High Park
1161112,STR-2309-FWQXVR,39 Niagara St,121,M5V,Townhouse/ Row House,10,Spadina-Fort York
1161113,STR-2309-GDWXVS,453 Soudan Ave,,M4S,Single/Semi-detached House,15,Don Valley West
1161114,STR-2309-GMCXVT,35 Viking Lane,2645,M9B,Apartment,3,Etobicoke-Lakeshore
1161115,STR-2309-HCQXVW,12 York St,1806,M5J,Condominium,10,Spadina-Fort York
1161116,STR-2309-HTCXVY,193 Dawlish Ave,,M4N,Single/Semi-detached House,15,Don Valley West
1161117,STR-2309-FGTKVP,91 Robinson St,,M6J,Single/Semi-detached House,10,Spadina-Fort York
1161118,STR-2309-FPZKVQ,255 Richmond St E,815,M5A,Condominium,13,Toronto Centre
1161119,STR-2309-FXGKVR,695 Woodbine Ave,,M4E,Single/Semi-detached House,19,Beaches-East York
1161120,STR-2309-GMTKVT,25 Indian Trl,Lower,M6R,Single/Semi-detached House,4,Parkdale-High Park
1161121,STR-2309-GVZKVV,44 Garnock Ave,,M4K,Single/Semi-detached House,14,Toronto-Danforth
1161122,STR-2309-HDGKVW,885 Shaw St,,M6G,Single/Semi-detached House,11,University-Rosedale
1161123,STR-2309-HLMKVX,7 Trent Ave,,M4C,Single/Semi-detached House,19,Beaches-East York
1161124,STR-2309-JBZKVZ,38 Butterworth Ave,,M1L,Single/Semi-detached House,20,Scarborough Southwest
1161125,STR-2309-FHJXVP,30 Northbrook Rd,,M4J,Single/Semi-detached House,14,Toronto-Danforth
1161126,STR-2309-FQQXVQ,14 Hammersmith Ave,1,M4E,Duplex/Triplex/Fourplex,19,Beaches-East York
1161127,STR-2309-FXWXVR,8 Eglinton Ave E,3012,M4P,Condominium,12,Toronto-St. Paul's
1161128,STR-2309-GGCXVS,80 Western Battery Rd,1912,M6K,Condominium,10,Spadina-Fort York
1161129,STR-2309-GPJXVT,30 Fernwood Park Ave,4,M4E,Duplex/Triplex/Fourplex,19,Beaches-East York
1161130,STR-2309-HDWXVW,95 Thomas Fisher Dr,,M8Z,Townhouse/ Row House,3,Etobicoke-Lakeshore
1161131,STR-2309-HMCXVX,112 Springhurst Ave,2A,M6K,Duplex/Triplex/Fourplex,4,Parkdale-High Park
1161132,STR-2309-JCQXVZ,22 Capreol Crt,G18,M5V,Townhouse/ Row House,10,Spadina-Fort York
1161133,STR-2309-FHZKVP,19 Gair Dr,,M8W,Single/Semi-detached House,3,Etobicoke-Lakeshore
1161134,STR-2309-FYMKVR,68 Pine Cres,,M4E,Single/Semi-detached House,19,Beaches-East York
1161135,STR-2309-GGTKVS,38 Dan Leckie Way,525,M5V,Condominium,10,Spadina-Fort York
1161136,STR-2309-GPZKVT,47 Moon Valley Dr,,M9W,Single/Semi-detached House,1,Etobicoke North
1161137,STR-2309-GXGKVV,20 Blue Jays Way,1410,M5V,Condominium,10,Spadina-Fort York
1161138,STR-2309-HFMKVW,214 St George St,707,M5R,Apartment,11,University-Rosedale
1161139,STR-2309-HMTKVX,26 Parkcrest Dr,,M1M,Single/Semi-detached House,20,Scarborough Southwest
1161140,STR-2309-HVZKVY,7 Crowland Dr,,M9W,Single/Semi-detached House,1,Etobicoke North
1161141,STR-2309-JDGKVZ,128 Roxanne Cres,,M1V,Single/Semi-detached House,23,Scarborough North
1161142,STR-2309-FJQXVP,7 Leggett Ave,,M9P,Single/Semi-detached House,2,Etobicoke Centre
1161143,STR-2309-FRWXVQ,127 Cheltenham Ave,,M4N,Single/Semi-detached House,15,Don Valley West
1161144,STR-2309-GQQXVT,12 York St,3005,M5J,Condominium,10,Spadina-Fort York
1161145,STR-2309-HGCXVW,297 College St,1607,M5T,Condominium,11,University-Rosedale
1161146,STR-2309-FKGKVP,68 Abell St,1808,M6J,Condominium,9,Davenport
1161147,STR-2309-FZTKVR,6 Courage Ave,,M3L,Single/Semi-detached House,7,Humber River-Black Creek
1161148,STR-2309-GYMKVV,2028 Dundas St E,,M4L,Single/Semi-detached House,19,Beaches-East York
1161149,STR-2309-HGTKVW,41 Bentworth Ave,,M6A,Single/Semi-detached House,8,Eglinton-Lawrence
1161150,STR-2309-HPZKVX,32 Camden St,1002,M5V,Condominium,10,Spadina-Fort York
1161151,STR-2309-JFMKVZ,19 Markham St,3,M6J,Duplex/Triplex/Fourplex,10,Spadina-Fort York
1161152,STR-2309-FKWXVP,19 Brant St,605,M5V,Condominium,10,Spadina-Fort York
1161153,STR-2309-FTCXVQ,253 The Westway,Main level,M9R,Single/Semi-detached House,2,Etobicoke Centre
1161154,STR-2309-GVLDVV,77 Sweeney Dr,,M4A,Single/Semi-detached House,16,Don Valley East
1161155,STR-2309-GBJXVR,14 York St,2608,M5J,Condominium,10,Spadina-Fort York
1161156,STR-2309-GJQXVS,126 JOHN TABOR TRL,,M1B,Single/Semi-detached House,25,Scarborough-Rouge Park
1161157,STR-2309-GRWXVT,589 Oxford St,,M8Y,Single/Semi-detached House,3,Etobicoke-Lakeshore
1161158,STR-2309-GZCXVV,45 Garden Ave,,M6R,Single/Semi-detached House,4,Parkdale-High Park
1161159,STR-2309-JGCXVZ,5 Bisley St,,M4M,Townhouse/ Row House,14,Toronto-Danforth
1161160,STR-2309-FLMKVP,50 Cranbrooke Ave,,M5M,Single/Semi-detached House,8,Eglinton-Lawrence
1161161,STR-2309-FTTKVQ,17 Queen Victoria St,,M4J,Single/Semi-detached House,14,Toronto-Danforth
1161162,STR-2309-GBZKVR,175 Jones Ave,1,M4M,Condominium,14,Toronto-Danforth
1161163,STR-2309-GKGKVS,96 Strachan Ave,618,M6K,Condominium,10,Spadina-Fort York
1161164,STR-2309-GSMKVT,230 Queens Quay  W,2523,M5J,Condominium,10,Spadina-Fort York
1161165,STR-2309-HHZKVW,42 Gwendolen Cres,,M2N,Single/Semi-detached House,18,Willowdale
1161166,STR-2309-HYMKVY,66 Amelia St,2,M4X,Apartment,13,Toronto Centre
1161167,STR-2309-FDYDVP,88 Blue Jays Way,1204,M5V,Condominium,10,Spadina-Fort York
1161168,STR-2309-FMFDVQ,137 Mammoth Hall Trl,,M1B,Townhouse/ Row House,23,Scarborough North
1161169,STR-2309-FVLDVR,73 Osler St,,M6P,Townhouse/ Row House,9,Davenport
1161170,STR-2309-GCSDVS,19 Coneflower Cres,122,M2R,Townhouse/ Row House,6,York Centre
1161171,STR-2309-GKYDVT,116 George St,N507,M5A,Condominium,13,Toronto Centre
1161172,STR-2309-GTFDVV,23 Bowsprit Ave,,M9P,Single/Semi-detached House,2,Etobicoke Centre
1161173,STR-2309-HJSDVX,170 Hope St,,M6E,Single/Semi-detached House,9,Davenport
1161174,STR-2309-HRYDVY,34 Hay Ave,,M8Z,Single/Semi-detached House,3,Etobicoke-Lakeshore
1161175,STR-2309-HZFDVZ,512 Bathurst St,3,M5S,Duplex/Triplex/Fourplex,11,University-Rosedale
1161176,STR-2309-FMVRVQ,97 Charlton Blvd,,M2M,Townhouse/ Row House,18,Willowdale
1161177,STR-2309-FWBRVR,151 Dan Leckie Way,912,M5V,Condominium,10,Spadina-Fort York
1161178,STR-2309-HDHRVW,1 Purcell Sq,,M1V,Single/Semi-detached House,22,Scarborough-Agincourt
1161179,STR-2309-GLPRVT,151 Dan Leckie Way,558,M5V,Condominium,10,Spadina-Fort York
1161180,STR-2309-GTVRVV,14 York St,3605,M5J,Condominium,10,Spadina-Fort York
1161181,STR-2309-HCBRVW,10 Gateway Blvd,211,M3C,Condominium,16,Don Valley East
1161182,STR-2309-HSPRVY,41 Coulson Ave,,M4V,Single/Semi-detached House,12,Toronto-St. Paul's
1161183,STR-2309-HZVRVZ,19 Mulham Pl,,M9A,Single/Semi-detached House,2,Etobicoke Centre
1161184,STR-2309-FGFDVP,93 Perth Ave,1,M6P,Apartment,9,Davenport
1161185,STR-2309-FPLDVQ,2133 Morningside Ave,,M1X,Townhouse/ Row House,25,Scarborough-Rouge Park
1161186,STR-2309-FWSDVR,175 Bonis Ave,9,M1T,Townhouse/ Row House,22,Scarborough-Agincourt
1161187,STR-2309-GDYDVS,107 Symington Ave,,M6P,Single/Semi-detached House,9,Davenport
1161188,STR-2309-GMFDVT,119 Lascelles Blvd,,M5P,Single/Semi-detached House,12,Toronto-St. Paul's
1161189,STR-2309-HKYDVX,25 Tumbleweed Rd,,M2J,Single/Semi-detached House,17,Don Valley North
1161190,STR-2309-HTFDVY,21 Iceboat Ter,2112,M5V,Condominium,10,Spadina-Fort York
1161191,STR-2309-JBLDVZ,101 Peter St,4002,M5V,Condominium,10,Spadina-Fort York
1161192,STR-2309-FQBRVQ,544 Glebeholme Blvd,,M4C,Single/Semi-detached House,19,Beaches-East York
1161193,STR-2309-FXHRVR,35 MacDonald St,,M8V,Single/Semi-detached House,3,Etobicoke-Lakeshore
1161194,STR-2309-GFPRVS,2300 St Clair Ave W,113,M6N,Condominium,5,York South-Weston
1161195,STR-2309-HLPRVX,34B Maybourne Ave,,M1L,Single/Semi-detached House,20,Scarborough Southwest
1161196,STR-2309-HTVRVY,151 Dan Leckie Way,537,M5V,Condominium,10,Spadina-Fort York
1161197,STR-2309-JCBRVZ,54 East Liberty St,1021,M6K,Condominium,10,Spadina-Fort York
1161198,STR-2309-FHLDVP,530 Indian Grv,305,M6P,Condominium,4,Parkdale-High Park
1161199,STR-2309-FQSDVQ,885 Dundas St W,2,M6J,Apartment,10,Spadina-Fort York
1161200,STR-2309-FXYDVR,748 St Clair Ave W,1,M6C,Apartment,12,Toronto-St. Paul's
1161201,STR-2309-GGFDVS,73 Ambercroft Blvd,,M1W,Single/Semi-detached House,22,Scarborough-Agincourt
1161202,STR-2309-GPLDVT,21 Iceboat Ter,3312,M5V,Condominium,10,Spadina-Fort York
1161203,STR-2309-GWSDVV,219 Fort York Blvd,607,M5V,Condominium,10,Spadina-Fort York
1161204,STR-2309-FJBRVP,2 Eva Rd,1928,M9C,Condominium,2,Etobicoke Centre
1161205,STR-2309-FRHRVQ,1 Flax Field Ln,,M2N,Townhouse/ Row House,18,Willowdale
1161206,STR-2309-FYPRVR,235 Rosemount Ave,,M9N,Single/Semi-detached House,5,York South-Weston
1161207,STR-2309-GQBRVT,14 Hammersmith Ave,4,M4E,Duplex/Triplex/Fourplex,19,Beaches-East York
1161208,STR-2309-GXHRVV,120 Homewood Ave,311,M4Y,Condominium,13,Toronto Centre
1161209,STR-2309-HFPRVW,120 Homewood Ave,324,M4Y,Condominium,13,Toronto Centre
1161210,STR-2309-HMVRVX,251 Jarvis St,827,M5B,Condominium,13,Toronto Centre
1161211,STR-2309-JDHRVZ,2360 Dundas St W,2504,M6P,Apartment,4,Parkdale-High Park
1161212,STR-2309-FJSDVP,60 Bathurst St,1014,M5V,Condominium,10,Spadina-Fort York
1161213,STR-2309-FRYDVQ,30 Nelson St,1702,M5V,Condominium,10,Spadina-Fort York
1161214,STR-2309-FZFDVR,9 Euclid Ave,,M6J,Townhouse/ Row House,10,Spadina-Fort York
1161215,STR-2309-GHLDVS,11 Armada Crt,,M1G,Single/Semi-detached House,24,Scarborough-Guildwood
1161216,STR-2309-GQSDVT,103 The Queensway,1410,M6S,Condominium,4,Parkdale-High Park
1161217,STR-2309-GXYDVV,1 Yore Rd,,M6M,Single/Semi-detached House,5,York South-Weston
1161218,STR-2309-HGFDVW,7 Birdsilver Gdns,,M1C,Single/Semi-detached House,25,Scarborough-Rouge Park
1161219,STR-2309-HPLDVX,22 Morna Ave,,M1E,Single/Semi-detached House,24,Scarborough-Guildwood
1161220,STR-2309-HWSDVY,40 Edmund Ave,Main,M9N,Single/Semi-detached House,5,York South-Weston
1161221,STR-2309-FKHRVP,196 Delaware Ave,,M6H,Single/Semi-detached House,9,Davenport
1161222,STR-2309-FZVRVR,14 York St,2310,M5J,Condominium,10,Spadina-Fort York
1161223,STR-2309-GJBRVS,138 St Helen's Ave,710,M6H,Condominium,9,Davenport
1161224,STR-2309-GRHRVT,27 Mount Royal Ave,,M6H,Single/Semi-detached House,9,Davenport
1161225,STR-2309-HGVRVW,59 East Liberty St,112,M6K,Condominium,10,Spadina-Fort York
1161226,STR-2309-HXHRVY,33 Dundonald St,2,M4Y,Townhouse/ Row House,13,Toronto Centre
1161227,STR-2309-JFPRVZ,735 Richmond St W,basement,M6J,Single/Semi-detached House,10,Spadina-Fort York
1161228,STR-2309-FKYDVP,215 Jarvis St,4,M5B,Apartment,13,Toronto Centre
1161229,STR-2309-GJSDVS,228 Browning Ave,,M4K,Single/Semi-detached House,14,Toronto-Danforth
1161230,STR-2309-GRYDVT,18 Burnhamthorpe Park Blvd,,M9A,Single/Semi-detached House,3,Etobicoke-Lakeshore
1161231,STR-2309-GZFDVV,1350 Victoria Park Ave,,M4B,Duplex/Triplex/Fourplex,19,Beaches-East York
1161232,STR-2309-HHLDVW,29 Farrell Ave,,M2R,Single/Semi-detached House,18,Willowdale
1161233,STR-2309-HQSDVX,326 Strathmore Blvd,,M4J,Single/Semi-detached House,14,Toronto-Danforth
1161234,STR-2309-HXYDVY,26 Winslow St,,M8Y,Single/Semi-detached House,3,Etobicoke-Lakeshore
1161235,STR-2309-JGFDVZ,22 Densmore Ave,,M9W,Single/Semi-detached House,1,Etobicoke North
1161236,STR-2309-FLPRVP,16 Embers Dr,,M9C,Duplex/Triplex/Fourplex,2,Etobicoke Centre
1161237,STR-2309-FTVRVQ,672 Huron St,,M5R,Single/Semi-detached House,11,University-Rosedale
1161238,STR-2309-GCBRVR,21 Iceboat Ter,3305,M5V,Condominium,10,Spadina-Fort York
1161239,STR-2309-GZVRVV,245 Carlaw Ave,508,M4M,Apartment,14,Toronto-Danforth
1161240,STR-2309-HRHRVX,21 Iceboat Ter,4810,M5V,Condominium,10,Spadina-Fort York
1161241,STR-2309-HYPRVY,168 Ellis Park Rd,,M6S,Single/Semi-detached House,4,Parkdale-High Park
1161242,STR-2309-FDZKVP,22 Munro Park Ave,,M4E,Single/Semi-detached House,19,Beaches-East York
1161243,STR-2309-FMGKVQ,113 Yorkminster Rd,,M2P,Single/Semi-detached House,15,Don Valley West
1161244,STR-2309-GCTKVS,4 Claremore Ave,,M1N,Single/Semi-detached House,20,Scarborough Southwest
1161245,STR-2309-GTGKVV,5176 Dundas St W,A,M9A,Apartment,3,Etobicoke-Lakeshore
1161246,STR-2309-HBMKVW,205 Sherway Gardens Rd,710,M9C,Condominium,3,Etobicoke-Lakeshore
1161247,STR-2309-HRZKVY,300 Front St W,4211,M5V,Condominium,10,Spadina-Fort York
1161248,STR-2309-HZGKVZ,108 Randolph Rd,,M4G,Single/Semi-detached House,15,Don Valley West
1161249,STR-2309-FFQXVP,28 Endean Ave,Main,M4M,Single/Semi-detached House,14,Toronto-Danforth
1161250,STR-2309-FMWXVQ,21 Iceboat Ter,223,M5V,Condominium,10,Spadina-Fort York
1161251,STR-2309-FWCXVR,1239 Dundas St W,402,M6J,Condominium,10,Spadina-Fort York
1161252,STR-2309-GWCXVV,15 Flatwoods Dr,,M1V,Single/Semi-detached House,23,Scarborough North
1161253,STR-2309-GLQXVT,21 Iceboat Ter,3311,M5V,Condominium,10,Spadina-Fort York
1161254,STR-2309-GTWXVV,30 Nelson St,1104,M5V,Condominium,10,Spadina-Fort York
1161255,STR-2309-HKJXVX,30 Western Battery Rd,330,M6K,Townhouse/ Row House,10,Spadina-Fort York
1161256,STR-2309-HSQXVY,101 Peter St,3210,M5V,Condominium,10,Spadina-Fort York
1161257,STR-2309-HZWXVZ,300 Front St W,1714,M5V,Condominium,10,Spadina-Fort York
1161258,STR-2309-FPMKVQ,1104 Dovercourt Rd,D,M6H,Duplex/Triplex/Fourplex,9,Davenport
1161259,STR-2309-FWTKVR,365 Sentinel Rd,,M3J,Single/Semi-detached House,7,Humber River-Black Creek
1161260,STR-2309-GDZKVS,14 Seaforth Ave,B,M6K,Duplex/Triplex/Fourplex,4,Parkdale-High Park
1161261,STR-2309-GMGKVT,65 Hargrave Lane,,M4N,Townhouse/ Row House,15,Don Valley West
1161262,STR-2309-HCTKVW,16 Yonge St,1313,M5E,Apartment,10,Spadina-Fort York
1161263,STR-2309-HKZKVX,46 Hewitt Ave,,M6R,Single/Semi-detached House,4,Parkdale-High Park
1161264,STR-2309-HTGKVY,25 Savarin St,,M1J,Single/Semi-detached House,21,Scarborough Centre
1161265,STR-2309-JBMKVZ,12 Windy Ridge Dr,,M1M,Single/Semi-detached House,20,Scarborough Southwest
1161266,STR-2309-FXJXVR,205 De Grassi St,,M4M,Single/Semi-detached House,14,Toronto-Danforth
1161267,STR-2309-HLQXVX,10049 Sheppard Ave E,,M1B,Single/Semi-detached House,25,Scarborough-Rouge Park
1161268,STR-2309-HTWXVY,21 Iceboat Ter,4302,M5V,Condominium,10,Spadina-Fort York
1161269,STR-2309-JCCXVZ,21 Iceboat Ter,533,M5V,Condominium,10,Spadina-Fort York
1161270,STR-2309-FHMKVP,21 Iceboat Ter,2010,M5V,Condominium,10,Spadina-Fort York
1161271,STR-2309-FQTKVQ,151 Dan Leckie Way,303,M5V,Condominium,10,Spadina-Fort York
1161272,STR-2309-GPMKVT,38 Denrock Dr,,M2K,Single/Semi-detached House,17,Don Valley North
1161273,STR-2309-GWTKVV,156 Portland St,615,M5V,Condominium,10,Spadina-Fort York
1161274,STR-2309-HDZKVW,82 Halsey Ave,,M4B,Townhouse/ Row House,19,Beaches-East York
1161275,STR-2309-HVMKVY,103 West Lodge Ave,501,M6K,Apartment,4,Parkdale-High Park
1161276,STR-2309-JCTKVZ,1161 Islington Ave,,M8Z,Single/Semi-detached House,3,Etobicoke-Lakeshore
1161277,STR-2309-FJCXVP,12 Lount St,,M4J,Townhouse/ Row House,14,Toronto-Danforth
1161278,STR-2309-FRJXVQ,463 Warden Ave,,M1L,Single/Semi-detached House,20,Scarborough Southwest
1161279,STR-2309-FYQXVR,83 Lippincott St,,M5S,Single/Semi-detached House,11,University-Rosedale
1161280,STR-2309-GGWXVS,512 Bathurst St,1,M5S,Duplex/Triplex/Fourplex,11,University-Rosedale
1161281,STR-2309-GQCXVT,955 Bay St,2008,M5S,Condominium,13,Toronto Centre
1161282,STR-2309-HFQXVW,638 Oakwood Ave,,M6E,Single/Semi-detached House,12,Toronto-St. Paul's
1161283,STR-2309-HWCXVY,30 Nelson St,2901,M5V,Condominium,10,Spadina-Fort York
1161284,STR-2309-JDJXVZ,300 Front St W,2901,M5V,Condominium,10,Spadina-Fort York
1161285,STR-2309-FRZKVQ,215 Fort York Blvd,2907,M5V,Condominium,10,Spadina-Fort York
1161286,STR-2310-FZGKVR,1673 Bathurst St,A,M5P,Apartment,12,Toronto-St. Paul's
1161287,STR-2310-GQTKVT,81 Dalhousie St,208,M5B,Apartment,13,Toronto Centre
1161288,STR-2310-GXZKVV,118 Mavety St,,M6P,Single/Semi-detached House,4,Parkdale-High Park
1161289,STR-2311-JGVVHZ,1204 Avenue Rd,,M5N,Townhouse/ Row House,,
1161290,STR-2310-HGGKVW,166 Gilmour Ave,,M6P,Single/Semi-detached House,4,Parkdale-High Park
1161291,STR-2310-HWTKVY,28 Linden St,307,M4Y,Condominium,13,Toronto Centre
1161292,STR-2310-JDZKVZ,625 The West Mall,404,M9C,Condominium,2,Etobicoke Centre
1161293,STR-2310-GJCXVS,47 Old Colony Rd,,M2L,Single/Semi-detached House,15,Don Valley West
1161294,STR-2310-GRJXVT,35 Hayden St,101,M4Y,Condominium,11,University-Rosedale
1161295,STR-2310-HGWXVW,101 Peter St,1603,M5V,Condominium,10,Spadina-Fort York
1161296,STR-2310-HQCXVX,21 Iceboat Ter,4303,M5V,Condominium,10,Spadina-Fort York
1161297,STR-2310-HXJXVY,3 Gloucester St,1506,M4Y,Condominium,13,Toronto Centre
1161298,STR-2310-JFQXVZ,14 Lightwood Dr,,M9V,Single/Semi-detached House,1,Etobicoke North
1161299,STR-2310-FKZKVP,12 Kollar Dr,,M1G,Single/Semi-detached House,24,Scarborough-Guildwood
1161300,STR-2310-GBMKVR,183 Chatham Ave,,M4J,Single/Semi-detached House,14,Toronto-Danforth
1161301,STR-2310-GJTKVS,1 Elsie Lane,74,M6P,Townhouse/ Row House,9,Davenport
1161302,STR-2310-GRZKVT,300 Front St W,312,M5V,Condominium,10,Spadina-Fort York
1161303,STR-2310-GZGKVV,493 Bloor St W,3,M5S,Apartment,19,Beaches-East York
1161304,STR-2310-HHMKVW,300 Front St W,3613,M5V,Condominium,10,Spadina-Fort York
1161305,STR-2310-HQTKVX,19 Pettibone Sq,,M1W,Single/Semi-detached House,22,Scarborough-Agincourt
1161306,STR-2310-JGGKVZ,151 Dan Leckie Way,519,M5V,Condominium,10,Spadina-Fort York
1161307,STR-2310-GKJXVS,52 Tefley Rd,,M2M,Single/Semi-detached House,18,Willowdale
1161308,STR-2310-GSQXVT,55 Dallas Rd,,M2R,Single/Semi-detached House,18,Willowdale
1161309,STR-2310-GZWXVV,295 Adelaide St W,801,M5V,Condominium,10,Spadina-Fort York
1161310,STR-2310-HJCXVW,121 Ferris Rd,1,M4B,Single/Semi-detached House,19,Beaches-East York
1161311,STR-2310-HRJXVX,300 Front St W,3009,M5V,Condominium,10,Spadina-Fort York
1161312,STR-2310-HYQXVY,1551 Eglinton Ave W,2,M6E,Apartment,12,Toronto-St. Paul's
1161313,STR-2310-JGWXVZ,11 Brunel Crt,4508,M5V,Condominium,10,Spadina-Fort York
1161314,STR-2310-FVPRVR,69 Lynn Williams St,1002,M6K,Condominium,10,Spadina-Fort York
1161315,STR-2310-GCVRVS,35 Cranbrooke Ave,,M5M,Single/Semi-detached House,8,Eglinton-Lawrence
1161316,STR-2310-GTHRVV,19 Fareham Cres,,M1E,Single/Semi-detached House,24,Scarborough-Guildwood
1161317,STR-2310-HBPRVW,71 Centennial Rd,,M1C,Single/Semi-detached House,25,Scarborough-Rouge Park
1161318,STR-2310-HJVRVX,18 Yonge St,1715,M5E,Condominium,10,Spadina-Fort York
1161319,STR-2310-HZHRVZ,458 Richmond St W,1007,M5V,Condominium,10,Spadina-Fort York
1161320,STR-2310-FMYDVQ,18 Riverdale Ave,,M4K,Single/Semi-detached House,14,Toronto-Danforth
1161321,STR-2310-FWFDVR,2157 Kipling Ave,,M9W,Single/Semi-detached House,1,Etobicoke North
1161322,STR-2310-GLSDVT,298 Empress Ave,,M2N,Single/Semi-detached House,18,Willowdale
1161323,STR-2310-GTYDVV,3091 Dufferin St,834,M6A,Condominium,8,Eglinton-Lawrence
1161324,STR-2310-HCFDVW,128 Burgess Ave,,M4E,Single/Semi-detached House,19,Beaches-East York
1161325,STR-2310-HSSDVY,20 Bruyeres Mews,1605,M5V,Condominium,10,Spadina-Fort York
1161326,STR-2310-HZYDVZ,9 Talent Cres,,M9M,Single/Semi-detached House,7,Humber River-Black Creek
1161327,STR-2310-FPPRVQ,21 Iceboat Ter,4509,M5V,Condominium,10,Spadina-Fort York
1161328,STR-2310-FWVRVR,2 Anndale Dr,3109,M2N,Condominium,18,Willowdale
1161329,STR-2310-GFBRVS,19 Beckenham Crt,,M9C,Single/Semi-detached House,2,Etobicoke Centre
1161330,STR-2310-GVPRVV,300 Front St W,4506,M5V,Condominium,10,Spadina-Fort York
1161331,STR-2310-HCVRVW,100 Hamilton St,,M4M,Townhouse/ Row House,14,Toronto-Danforth
1161332,STR-2310-HLBRVX,155 Yorkville Ave,1714,M5R,Condominium,11,University-Rosedale
1161333,STR-2310-HTHRVY,245 Carlaw Ave,403,M4M,Condominium,14,Toronto-Danforth
1161334,STR-2310-JBPRVZ,168 Glenmount Park Rd,,M4E,Single/Semi-detached House,19,Beaches-East York
1161335,STR-2310-FGYDVP,21 Iceboat Ter,3701,M5V,Apartment,10,Spadina-Fort York
1161336,STR-2310-FQFDVQ,56 Kilchurn Castle Dr,,M1T,Single/Semi-detached House,22,Scarborough-Agincourt
1161337,STR-2311-GXZPHV,36 Zorra St,2706,M8Z,Condominium,3,Etobicoke-Lakeshore
1161338,STR-2310-FXLDVR,151 Dan Leckie Way,755,M5V,Condominium,10,Spadina-Fort York
1161339,STR-2310-GFSDVS,3931 Bloor St W,,M9B,Single/Semi-detached House,3,Etobicoke-Lakeshore
1161340,STR-2310-GMYDVT,236 Thistle Down Blvd,,M9V,Single/Semi-detached House,1,Etobicoke North
1161341,STR-2310-HDLDVW,144 Manor Rd E,,M4S,Single/Semi-detached House,12,Toronto-St. Paul's
1161342,STR-2310-JCFDVZ,92 Whitburn Cres,Main Floor,M3M,Single/Semi-detached House,6,York Centre
1161343,STR-2310-FHPRVP,140 Simcoe St,602,M5H,Condominium,10,Spadina-Fort York
1161344,STR-2310-FYBRVR,47 Vradenberg Dr,,M1T,Single/Semi-detached House,22,Scarborough-Agincourt
1161345,STR-2310-GGHRVS,90 De Quincy Blvd,,M3H,Single/Semi-detached House,6,York Centre
1161346,STR-2310-HFBRVW,45 Minnacote Ave,,M1E,Single/Semi-detached House,25,Scarborough-Rouge Park
1161347,STR-2310-HMHRVX,101 Peter St,1408,M5V,Condominium,10,Spadina-Fort York
1161348,STR-2310-HVPRVY,17 Strath Humber Crt,,M9A,Single/Semi-detached House,2,Etobicoke Centre
1161349,STR-2310-JCVRVZ,79 Montrose Ave,,M6J,Single/Semi-detached House,11,University-Rosedale
1161350,STR-2310-FJFDVP,51 Mc Gee St,3,M4M,Duplex/Triplex/Fourplex,14,Toronto-Danforth
1161351,STR-2310-FRLDVQ,23 Sheppard Ave E,2705,M2N,Condominium,18,Willowdale
1161352,STR-2310-GGYDVS,800 King St W,209,M5V,Condominium,10,Spadina-Fort York
1161353,STR-2310-GXLDVV,1 Shaw St,609,M6K,Condominium,10,Spadina-Fort York
1161354,STR-2310-HFSDVW,585 Bloor St E,2618,M4W,Condominium,13,Toronto Centre
1161355,STR-2310-HMYDVX,300 Front St W,2213,M5V,Condominium,10,Spadina-Fort York
1161356,STR-2310-HWFDVY,216 Newton Dr,,M2M,Single/Semi-detached House,18,Willowdale
1161357,STR-2310-JDLDVZ,71 Bobmar Rd,,M1C,Single/Semi-detached House,25,Scarborough-Rouge Park
1161358,STR-2310-FSBRVQ,412 Rouge Hills Dr,,M1C,Single/Semi-detached House,25,Scarborough-Rouge Park
1161359,STR-2310-GHPRVS,7 Bow Valley Dr,,M1G,Single/Semi-detached House,24,Scarborough-Guildwood
1161360,STR-2310-GQVRVT,75 Portland St,1008,M5V,Condominium,10,Spadina-Fort York
1161361,STR-2310-GYBRVV,1185 The Queensway,603,M8Z,Condominium,3,Etobicoke-Lakeshore
1161362,STR-2310-HGHRVW,551 Eglinton Ave E,604,M4P,Apartment,15,Don Valley West
1161363,STR-2310-HPPRVX,1570 King St W,15B,M6K,Apartment,4,Parkdale-High Park
1161364,STR-2310-FSSDVQ,65 Ellerbeck St,,M4K,Single/Semi-detached House,14,Toronto-Danforth
1161365,STR-2310-FZYDVR,95 Walnut Ave,,M5V,Single/Semi-detached House,10,Spadina-Fort York
1161366,STR-2310-GJFDVS,1755 Bayview Ave,101,M4G,Apartment,15,Don Valley West
1161367,STR-2310-GYSDVV,7 Old Burnhamthorpe Rd,,M9C,Single/Semi-detached House,2,Etobicoke Centre
1161368,STR-2310-HGYDVW,456 College St,607,M6G,Condominium,11,University-Rosedale
1161369,STR-2310-HQFDVX,11 Ozark Cres,,M4K,Single/Semi-detached House,14,Toronto-Danforth
1161370,STR-2310-HXLDVY,30 Nelson St,2002,M5V,Condominium,10,Spadina-Fort York
1161371,STR-2310-JFSDVZ,26 Symington Ave,,M6P,Townhouse/ Row House,9,Davenport
1161372,STR-2310-FLBRVP,65 Stonedene Blvd,,M2R,Single/Semi-detached House,6,York Centre
1161373,STR-2310-FTHRVQ,155 Marlee Ave,803,M6B,Condominium,8,Eglinton-Lawrence
1161374,STR-2310-GBPRVR,107 Scollard St,2nd,M5R,Single/Semi-detached House,11,University-Rosedale
1161375,STR-2310-GJVRVS,70 Douro St,116,M6K,Townhouse/ Row House,10,Spadina-Fort York
1161376,STR-2310-GZHRVV,17 Baylawn Dr,,M1S,Single/Semi-detached House,22,Scarborough-Agincourt
1161377,STR-2310-HSCXVY,9 Durban Rd,9A,M8Z,Single/Semi-detached House,3,Etobicoke-Lakeshore
1161378,STR-2310-HHPRVW,1928 Lake Shore Blvd W,2902,M6S,Condominium,4,Parkdale-High Park
1161379,STR-2310-HYBRVY,16 Clarkhill St,,M2R,Single/Semi-detached House,18,Willowdale
1161380,STR-2310-JGHRVZ,9 Sergio Marchi St,,M3L,Single/Semi-detached House,7,Humber River-Black Creek
1161381,STR-2310-FLSDVP,108 Blaisdale Rd,,M1P,Single/Semi-detached House,21,Scarborough Centre
1161382,STR-2310-FTYDVQ,54 Hamptonbrook Dr,,M9P,Single/Semi-detached House,2,Etobicoke Centre
1161383,STR-2310-GCFDVR,36 Park Lawn Rd,504,M8V,Condominium,3,Etobicoke-Lakeshore
1161384,STR-2310-GSSDVT,97 Crossovers St,,M4E,Single/Semi-detached House,19,Beaches-East York
1161385,STR-2310-GZYDVV,209 Fort York Blvd,1475,M5V,Apartment,10,Spadina-Fort York
1161386,STR-2310-HJFDVW,16 Yonge St,3307,M5E,Condominium,10,Spadina-Fort York
1161387,STR-2310-HYSDVY,2046 Gerrard St E,,M4E,Single/Semi-detached House,19,Beaches-East York
1161388,STR-2310-JGYDVZ,151 Dan Leckie Way,1602,M5V,Condominium,10,Spadina-Fort York
1161389,STR-2310-FMJXVQ,560 Front St W,324,M5V,Condominium,10,Spadina-Fort York
1161390,STR-2310-GLCXVT,80 Western Battery Rd,1105,M6K,Condominium,10,Spadina-Fort York
1161391,STR-2310-HJWXVX,38 Via Torre Dr,,M6M,Townhouse/ Row House,5,York South-Weston
1161392,STR-2310-HZJXVZ,27 Vernon St,1,M6P,Single/Semi-detached House,4,Parkdale-High Park
1161393,STR-2310-GDMKVS,215 Fort York Blvd,3003,M5V,Condominium,10,Spadina-Fort York
1161394,STR-2310-GLTKVT,80 St Clair Ave E,1409,M4T,Apartment,12,Toronto-St. Paul's
1161395,STR-2310-GTZKVV,6 Valia Rd,,M1E,Single/Semi-detached House,25,Scarborough-Rouge Park
1161396,STR-2310-HKMKVX,9A Megan Ave,,M1E,Single/Semi-detached House,25,Scarborough-Rouge Park
1161397,STR-2310-HZZKVZ,155 Yorkville Ave,516,M5R,Condominium,11,University-Rosedale
1161398,STR-2310-FGJXVP,15 James Finlay Way,925,M3M,Condominium,6,York Centre
1161399,STR-2310-FPQXVQ,13 Humbert St,,M6J,Single/Semi-detached House,10,Spadina-Fort York
1161400,STR-2310-FWWXVR,50 Stephanie St,2110,M5T,Apartment,10,Spadina-Fort York
1161401,STR-2310-GFCXVS,619 College St,3,M6G,Apartment,11,University-Rosedale
1161402,STR-2310-GVQXVV,1265 Birchmount Rd,2,M1P,Townhouse/ Row House,21,Scarborough Centre
1161403,STR-2310-HCWXVW,7 Cavell Ave,,M4K,Single/Semi-detached House,14,Toronto-Danforth
1161404,STR-2310-HLCXVX,2 Ashfield Dr,,M9C,Single/Semi-detached House,2,Etobicoke Centre
1161405,STR-2310-HTJXVY,33 Bay St,4412,M5J,Condominium,10,Spadina-Fort York
1161406,STR-2310-JBQXVZ,402 The East Mall,314,M9B,Townhouse/ Row House,2,Etobicoke Centre
1161407,STR-2310-FGZKVP,172 Carolbreen Sq,,M1V,Single/Semi-detached House,23,Scarborough North
1161408,STR-2310-FQGKVQ,21 Iceboat Ter,529,M5V,Condominium,10,Spadina-Fort York
1161409,STR-2310-GFTKVS,10 Capreol Crt,322,M5V,Condominium,10,Spadina-Fort York
1161410,STR-2310-GWGKVV,224 Forest Hill Rd,,M5P,Single/Semi-detached House,12,Toronto-St. Paul's
1161411,STR-2310-HDMKVW,21 Iceboat Ter,3612,M5V,Condominium,10,Spadina-Fort York
1161412,STR-2310-HLTKVX,219 Fort York Blvd,508,M5V,Condominium,10,Spadina-Fort York
1161413,STR-2310-HTZKVY,41 Dale Ave,,M1J,Single/Semi-detached House,24,Scarborough-Guildwood
1161414,STR-2310-JCGKVZ,21 Iceboat Ter,2608,M5V,Condominium,10,Spadina-Fort York
1161415,STR-2310-FHQXVP,21 Iceboat Ter,732,M5V,Condominium,10,Spadina-Fort York
1161416,STR-2310-FQWXVQ,219 Fort York Blvd,902,M5V,Condominium,10,Spadina-Fort York
1161417,STR-2310-FYCXVR,50 Rovinelli Rd,,M1B,Single/Semi-detached House,25,Scarborough-Rouge Park
1161418,STR-2310-GGJXVS,55 Triller Ave,305,M6R,Apartment,4,Parkdale-High Park
1161419,STR-2310-HFCXVW,55 Triller Ave,710,M6R,Apartment,4,Parkdale-High Park
1161420,STR-2310-GPQXVT,300 Front St W,1009,M5V,Condominium,10,Spadina-Fort York
1161421,STR-2310-HMJXVX,55 Triller Ave,1007,M6R,Apartment,4,Parkdale-High Park
1161422,STR-2310-GQGKVT,219 Fort York Blvd,416,M5V,Condominium,10,Spadina-Fort York
1161423,STR-2310-GXMKVV,46 Grove Park Cres,,M2J,Single/Semi-detached House,17,Don Valley North
1161424,STR-2310-HFTKVW,27 Montvale Dr,,M1M,Single/Semi-detached House,20,Scarborough Southwest
1161425,STR-2310-HWGKVY,1571 Dupont St,2,M6P,Single/Semi-detached House,9,Davenport
1161426,STR-2310-JDMKVZ,300 Front St W,3808,M5V,Condominium,10,Spadina-Fort York
1161427,STR-2310-FJWXVP,145 Mutual St,905,M5B,Apartment,13,Toronto Centre
1161428,STR-2310-FZJXVR,38 Grenville St,4408,M4Y,Condominium,13,Toronto Centre
1161429,STR-2310-GQWXVT,200 Elmhurst Dr,,M9W,Single/Semi-detached House,1,Etobicoke North
1161430,STR-2310-GYCXVV,36 McNicoll Ave,,M2H,Single/Semi-detached House,17,Don Valley North
1161431,STR-2310-HGJXVW,136 Manitoba St,,M8Y,Townhouse/ Row House,3,Etobicoke-Lakeshore
1161432,STR-2310-HPQXVX,34 Hannaford St,,M4E,Single/Semi-detached House,19,Beaches-East York
1161433,STR-2310-HWWXVY,18 Yonge St,3912,M5E,Condominium,10,Spadina-Fort York
1161434,STR-2310-JFCXVZ,241 Renforth Dr,,M9C,Single/Semi-detached House,2,Etobicoke Centre
1161435,STR-2310-FZZKVR,80 Bell Estate Rd,13,M1L,Single/Semi-detached House,20,Scarborough Southwest
1161436,STR-2310-GJGKVS,150 BATHGATE DR,,M1C,Single/Semi-detached House,25,Scarborough-Rouge Park
1161437,STR-2310-GRMKVT,2A Church St,707,M5E,Condominium,10,Spadina-Fort York
1161438,STR-2310-GYTKVV,42 Day Ave,Upper,M6E,Single/Semi-detached House,9,Davenport
1161439,STR-2310-HGZKVW,2 Anndale Dr,608,M2N,Condominium,18,Willowdale
1161440,STR-2310-HQGKVX,20 Woodcroft Cres,,M6E,Duplex/Triplex/Fourplex,9,Davenport
1161441,STR-2310-FTJXVQ,109 Pauline Ave,,M6H,Single/Semi-detached House,9,Davenport
1161442,STR-2310-GBQXVR,86 St Andrews Blvd,,M9R,Single/Semi-detached House,1,Etobicoke North
1161443,STR-2310-GJWXVS,8 Mercer St,315,M5V,Condominium,10,Spadina-Fort York
1161444,STR-2310-GSCXVT,152 Linsmore Cres,,M4J,Single/Semi-detached House,14,Toronto-Danforth
1161445,STR-2310-GZJXVV,251 Jarvis St,3015,M5B,Condominium,13,Toronto Centre
1161446,STR-2310-HHQXVW,257 Lisgar St,,M6J,Single/Semi-detached House,9,Davenport
1161447,STR-2310-HYCXVY,300 Front St W,314,M5V,Condominium,10,Spadina-Fort York
1161448,STR-2310-FLTKVP,6 Elway Crt,3,M6B,Duplex/Triplex/Fourplex,8,Eglinton-Lawrence
1161449,STR-2310-FTZKVQ,144 Hollyberry Trl,,M2H,Single/Semi-detached House,17,Don Valley North
1161450,STR-2310-GKMKVS,155 Yorkville Ave,2118,M5R,Apartment,11,University-Rosedale
1161451,STR-2310-GSTKVT,8 Marigold Ave,,M4M,Single/Semi-detached House,14,Toronto-Danforth
1161452,STR-2310-GZZKVV,44 Sherwood Ave,,M1R,Single/Semi-detached House,21,Scarborough Centre
1161453,STR-2310-HRMKVX,300 Front St W,2712,M5V,Condominium,10,Spadina-Fort York
1161454,STR-2310-HYTKVY,38 Abell St,216,M6J,Condominium,9,Davenport
1161455,STR-2310-JGZKVZ,1205 Bathurst St,2,M5R,Single/Semi-detached House,12,Toronto-St. Paul's
1161456,STR-2310-FDPVHP,14 York St,2912,M5J,Apartment,10,Spadina-Fort York
1161457,STR-2310-FLVVHQ,955 Bay St,,M5S,Condominium,13,Toronto Centre
1161458,STR-2310-FVBVHR,144 Morse St,,M4M,Single/Semi-detached House,14,Toronto-Danforth
1161459,STR-2310-GCHVHS,1173 Dundas St E,226,M4M,Apartment,14,Toronto-Danforth
1161460,STR-2310-GKPVHT,110 Erskine Ave,2210,M4P,Apartment,15,Don Valley West
1161461,STR-2310-GSVVHV,49 Kennaley Cres,,M1V,Single/Semi-detached House,23,Scarborough North
1161462,STR-2310-HBBVHW,219 Fort York Blvd,1001,M5V,Apartment,10,Spadina-Fort York
1161463,STR-2310-HJHVHX,219 Fort York Blvd,317,M5V,Apartment,10,Spadina-Fort York
1161464,STR-2310-HRPVHY,71 Plum Treeway,,M2R,Townhouse/ Row House,6,York Centre
1161465,STR-2310-FFFHHP,216 Argyle St,,M6J,Single/Semi-detached House,9,Davenport
1161466,STR-2310-GCYHHS,848 Dovercourt Rd,,M6H,Single/Semi-detached House,9,Davenport
1161467,STR-2310-GTLHHV,2 Montrose Ave,,M6J,Townhouse/ Row House,11,University-Rosedale
1161468,STR-2310-HBSHHW,17 Ranleigh Ave,,M4N,Single/Semi-detached House,15,Don Valley West
1161469,STR-2310-HZLHHZ,12 York St,3408,M5J,Condominium,10,Spadina-Fort York
1161470,STR-2310-FFVVHP,39 St Quentin Ave,,M1M,Single/Semi-detached House,20,Scarborough Southwest
1161471,STR-2310-FPBVHQ,65 Bremner Blvd,3707,M5J,Condominium,10,Spadina-Fort York
1161472,STR-2310-FWHVHR,68 Carr St,33,M5T,Condominium,10,Spadina-Fort York
1161473,STR-2310-GDPVHS,10 Capreol Crt,1016,M5V,Condominium,10,Spadina-Fort York
1161474,STR-2310-HCHVHW,155 Balliol St,1711,M4S,Apartment,12,Toronto-St. Paul's
1161475,STR-2310-HKPVHX,2A Sundel Ave,,M6M,Single/Semi-detached House,5,York South-Weston
1161476,STR-2310-HSVVHY,300 Front St W,3512,M5V,Condominium,10,Spadina-Fort York
1161477,STR-2310-JBBVHZ,11 Gageview Crt,,M1V,Single/Semi-detached House,23,Scarborough North
1161478,STR-2310-FWYHHR,259 Donlands Ave,,M4J,Duplex/Triplex/Fourplex,14,Toronto-Danforth
1161479,STR-2310-GMLHHT,110 Erskine Ave,907,M4P,Apartment,15,Don Valley West
1161480,STR-2310-GVSHHV,81 Glendora Ave,,M2N,Single/Semi-detached House,18,Willowdale
1161481,STR-2310-HCYHHW,300 Front St W,4008,M5V,Condominium,10,Spadina-Fort York
1161482,STR-2310-HLFHHX,4 Draper St,,M5V,Single/Semi-detached House,10,Spadina-Fort York
1161483,STR-2310-HTLHHY,50 George Butchart Dr,327A,M3K,Condominium,6,York Centre
1161484,STR-2310-FHBVHP,86 Greenbrook Dr,,M6M,Single/Semi-detached House,5,York South-Weston
1161485,STR-2310-FQHVHQ,7 Triller Ave,,M6K,Single/Semi-detached House,4,Parkdale-High Park
1161486,STR-2310-GFVVHS,19 Fairwood Cres,,M1E,Single/Semi-detached House,25,Scarborough-Rouge Park
1161487,STR-2310-GPBVHT,14 York St,3705,M5J,Condominium,10,Spadina-Fort York
1161488,STR-2310-GWHVHV,44 Gossamer Ave,,M2M,Single/Semi-detached House,18,Willowdale
1161489,STR-2310-HLVVHX,104 Hollywood Ave,,M2N,Single/Semi-detached House,18,Willowdale
1161490,STR-2310-HVBVHY,135 Village Green Sq,1823,M1S,Condominium,22,Scarborough-Agincourt
1161491,STR-2310-FHSHHP,102 Ulster St,,M5S,Single/Semi-detached House,11,University-Rosedale
1161492,STR-2310-FQYHHQ,11 Arnott St,,M1K,Single/Semi-detached House,21,Scarborough Centre
1161493,STR-2310-FYFHHR,117 Baycrest Ave,,M6A,Single/Semi-detached House,8,Eglinton-Lawrence
1161494,STR-2310-GGLHHS,8 Allenbury Gdns,,M2J,Single/Semi-detached House,17,Don Valley North
1161495,STR-2310-GPSHHT,196A Beta St,,M8W,Single/Semi-detached House,3,Etobicoke-Lakeshore
1161496,STR-2310-HFFHHW,222 Elm St,608,M5T,Apartment,11,University-Rosedale
1161497,STR-2310-HMLHHX,395 The Westway,,M9R,Townhouse/ Row House,2,Etobicoke Centre
1161498,STR-2310-HVSHHY,5294 Lawrence Ave E,,M1C,Single/Semi-detached House,25,Scarborough-Rouge Park
1161499,STR-2310-FRPVHQ,2150 Lawrence Ave E,110,M1R,Condominium,21,Scarborough Centre
1161500,STR-2310-FYVVHR,25 Neighbourhood Lane,104,M8Y,Condominium,3,Etobicoke-Lakeshore
1161501,STR-2310-GHBVHS,915 King St W,201,M6K,Apartment,10,Spadina-Fort York
1161502,STR-2310-GXPVHV,155 Yorkville Ave,2607,M5R,Condominium,11,University-Rosedale
1161503,STR-2310-HFVVHW,262 Nairn Ave,,M6E,Duplex/Triplex/Fourplex,9,Davenport
1161504,STR-2310-HPBVHX,8 Mercer St,2401,M5V,Condominium,10,Spadina-Fort York
1161505,STR-2310-JDPVHZ,118 Courcelette Rd,,M1N,Single/Semi-detached House,20,Scarborough Southwest
1161506,STR-2310-FSFHHQ,20 Carlton St,1034,M5B,Condominium,13,Toronto Centre
1161507,STR-2310-GHSHHS,17 Coneflower Cres,204,M2R,Townhouse/ Row House,6,York Centre
1161508,STR-2310-GYFHHV,25 Turtledove Grv,,M1X,Single/Semi-detached House,23,Scarborough North
1161509,STR-2310-HGLHHW,1320 Dupont St,,M6H,Single/Semi-detached House,9,Davenport
1161510,STR-2310-HPSHHX,210 Deloraine Ave,,M5M,Single/Semi-detached House,8,Eglinton-Lawrence
1161511,STR-2310-HWYHHY,26 Derrydown Rd,,M3J,Single/Semi-detached House,7,Humber River-Black Creek
1161512,STR-2310-JFFHHZ,1209 Glencairn Ave,,M6B,Single/Semi-detached House,8,Eglinton-Lawrence
1161513,STR-2310-FSVVHQ,41 Athabaska Ave,1,M2M,Single/Semi-detached House,18,Willowdale
1161514,STR-2310-GBBVHR,209 Fort York Blvd,367,M5V,Condominium,10,Spadina-Fort York
1161515,STR-2310-GJHVHS,11 Ellington Dr,,M1R,Single/Semi-detached House,21,Scarborough Centre
1161516,STR-2310-HQHVHX,1 Shaw St,916,M6K,Condominium,10,Spadina-Fort York
1161517,STR-2310-JFVVHZ,12 Beechwood Ave,,M6N,Single/Semi-detached House,5,York South-Weston
1161518,STR-2310-FLFHHP,2636 Lake Shore Blvd W,,M8V,Single/Semi-detached House,3,Etobicoke-Lakeshore
1161519,STR-2310-FTLHHQ,100 Western Battery Rd,421,M6K,Condominium,10,Spadina-Fort York
1161520,STR-2310-GBSHHR,21 Iceboat Ter,4912,M5V,Condominium,10,Spadina-Fort York
1161521,STR-2310-GJYHHS,55 Kidron Valley Dr,,M9V,Single/Semi-detached House,1,Etobicoke North
1161522,STR-2310-GZLHHV,60 St David St,,M5A,Townhouse/ Row House,13,Toronto Centre
1161523,STR-2310-HHSHHW,38 Marlena Dr,,M1E,Single/Semi-detached House,24,Scarborough-Guildwood
1161524,STR-2310-HQYHHX,18 Yonge St,1615,M5E,Condominium,10,Spadina-Fort York
1161525,STR-2310-FDRBHP,217 Chaplin Cres,,M5P,Single/Semi-detached House,12,Toronto-St. Paul's
1161526,STR-2310-FLXBHQ,275 Blackthorn Ave,,M6N,Single/Semi-detached House,9,Davenport
1161527,STR-2310-FVDBHR,852 Dundas St W,A,M6J,Duplex/Triplex/Fourplex,11,University-Rosedale
1161528,STR-2310-GCKBHS,62 Newmarket Ave,2,M4C,Duplex/Triplex/Fourplex,19,Beaches-East York
1161529,STR-2310-GKRBHT,35 Mariner Ter,809,M5V,Condominium,10,Spadina-Fort York
1161530,STR-2310-HBDBHW,10 Capreol Crt,920,M5V,Condominium,10,Spadina-Fort York
1161531,STR-2310-HJKBHX,300 Front St W,614,M5V,Condominium,10,Spadina-Fort York
1161532,STR-2310-HRRBHY,105 Betty Ann Dr,,M2N,Single/Semi-detached House,18,Willowdale
1161533,STR-2310-HYXBHZ,6 Red Oaks Cres,,M4G,Single/Semi-detached House,15,Don Valley West
1161534,STR-2310-FFGPHP,291 Glenforest Rd,2A,M4N,Duplex/Triplex/Fourplex,15,Don Valley West
1161535,STR-2310-FMMPHQ,300 Front St W,2902,M5V,Condominium,10,Spadina-Fort York
1161536,STR-2310-FVTPHR,121 Home Rd,,M3K,Single/Semi-detached House,6,York Centre
1161537,STR-2310-GCZPHS,832 Bay St,3308,M5S,Condominium,11,University-Rosedale
1161538,STR-2310-GLGPHT,188 Lippincott St,A,M5S,Condominium,11,University-Rosedale
1161539,STR-2310-GTMPHV,386 Yonge St,4509,M5B,Condominium,11,University-Rosedale
1161540,STR-2310-HJZPHX,300 Front St W,2802,M5V,Condominium,10,Spadina-Fort York
1161541,STR-2310-FFXBHP,2067 Lake Shore Blvd W,203,M8V,Condominium,3,Etobicoke-Lakeshore
1161542,STR-2310-FWKBHR,15 Applewood Lane,86,M9C,Townhouse/ Row House,2,Etobicoke Centre
1161543,STR-2310-GDRBHS,250 Havelock St,,M6H,Single/Semi-detached House,9,Davenport
1161544,STR-2310-GLXBHT,125 George Appleton Way,2018,M3M,Townhouse/ Row House,6,York Centre
1161545,STR-2310-HCKBHW,409 Huron St,101,M5S,Apartment,11,University-Rosedale
1161546,STR-2310-FGMPHP,18 Jardin Hill Crt,,M2H,Single/Semi-detached House,17,Don Valley North
1161547,STR-2310-FPTPHQ,8 Eaton Park Lane,16,M1W,Townhouse/ Row House,22,Scarborough-Agincourt
1161548,STR-2310-FWZPHR,25 Wyndcliff Cres,,M4A,Single/Semi-detached House,16,Don Valley East
1161549,STR-2310-GFGPHS,65 Bremner Blvd,2909,M5J,Condominium,10,Spadina-Fort York
1161550,STR-2310-GMMPHT,102 Wincott Dr,,M9R,Single/Semi-detached House,2,Etobicoke Centre
1161551,STR-2310-GVTPHV,44 Nassau St,,M5T,Single/Semi-detached House,11,University-Rosedale
1161552,STR-2310-HCZPHW,11 Jimmy Wisdom Way,,M6E,Single/Semi-detached House,8,Eglinton-Lawrence
1161553,STR-2310-HLGPHX,763 Bay St,2112,M5G,Condominium,11,University-Rosedale
1161554,STR-2310-HTMPHY,37 Grosvenor St,302,M4Y,Condominium,13,Toronto Centre
1161555,STR-2310-JBTPHZ,21 Carlton St,1109,M5B,Condominium,13,Toronto Centre
1161556,STR-2310-FHDBHP,21 Iceboat Terr,929,M5V,Condominium,10,Spadina-Fort York
1161557,STR-2310-FXRBHR,101 Peter St,1907,M5V,Condominium,10,Spadina-Fort York
1161558,STR-2310-GFXBHS,29 Galley Ave,,M6R,Single/Semi-detached House,4,Parkdale-High Park
1161559,STR-2310-GPDBHT,27 William Duncan Rd,,M3K,Townhouse/ Row House,6,York Centre
1161560,STR-2310-HDRBHW,165 Legion Rd N,2734,M8Y,Condominium,3,Etobicoke-Lakeshore
1161561,STR-2310-HLXBHX,207A Manning Ave,,M6J,Townhouse/ Row House,11,University-Rosedale
1161562,STR-2310-JCKBHZ,181 Huron St,1401,M5T,Apartment,11,University-Rosedale
1161563,STR-2310-FHTPHP,2 Eva Rd,324,M9C,Condominium,2,Etobicoke Centre
1161564,STR-2310-FQZPHQ,12 York St,1803,M5J,Condominium,10,Spadina-Fort York
1161565,STR-2310-FYGPHR,1928 Lake Shore Blvd W,2907,M6S,Condominium,4,Parkdale-High Park
1161566,STR-2310-GGMPHS,8 Mc Kenzie Ave,,M4W,Single/Semi-detached House,11,University-Rosedale
1161567,STR-2310-GPTPHT,151 Dan Leckie Way,909,M5V,Condominium,10,Spadina-Fort York
1161568,STR-2310-GWZPHV,89 Bombay Ave,,M3H,Single/Semi-detached House,6,York Centre
1161569,STR-2310-HFGPHW,3 Anvil Millway,,M2L,Townhouse/ Row House,15,Don Valley West
1161570,STR-2310-HMMPHX,453 Adelaide St W,,M5V,Townhouse/ Row House,10,Spadina-Fort York
1161571,STR-2310-FRRBHQ,350 Lake Promenade,,M8W,Single/Semi-detached House,3,Etobicoke-Lakeshore
1161572,STR-2310-FYXBHR,50 Ashbury Ave,,M6E,Duplex/Triplex/Fourplex,12,Toronto-St. Paul's
1161573,STR-2310-GHDBHS,11 Fourteenth St,,M8V,Duplex/Triplex/Fourplex,3,Etobicoke-Lakeshore
1161574,STR-2310-GXRBHV,2300 St Clair Ave W,726,M6N,Condominium,5,York South-Weston
1161575,STR-2310-HFXBHW,64 Shrewsbury Sq,,M1T,Single/Semi-detached House,22,Scarborough-Agincourt
1161576,STR-2310-HPDBHX,47 Birdstone Cres,,M6N,Townhouse/ Row House,5,York South-Weston
1161577,STR-2310-HWKBHY,327 Riverdale Ave,,M4J,Single/Semi-detached House,14,Toronto-Danforth
1161578,STR-2310-JDRBHZ,72 Glenridge Rd,,M1M,Single/Semi-detached House,20,Scarborough Southwest
1161579,STR-2310-GHTPHS,500 Sherbourne St,117,M4X,Condominium,13,Toronto Centre
1161580,STR-2310-GQZPHT,150 Sudbury St,1107,M6J,Condominium,9,Davenport
1161581,STR-2310-GYGPHV,2 Sonic Way,2711,M3C,Condominium,16,Don Valley East
1161582,STR-2310-HGMPHW,29 Stanwell Dr,,M1P,Single/Semi-detached House,21,Scarborough Centre
1161583,STR-2310-HPTPHX,110 Shoreham Dr,,M3N,Single/Semi-detached House,7,Humber River-Black Creek
1161584,STR-2310-HWZPHY,38 Angus Dr,,M2J,Single/Semi-detached House,17,Don Valley North
1161585,STR-2310-JFGPHZ,55 Bremner Blvd,2502,M5J,Condominium,10,Spadina-Fort York
1161586,STR-2310-FKRBHP,27 Ashley Park Rd,,M9A,Single/Semi-detached House,2,Etobicoke Centre
1161587,STR-2310-GBDBHR,87 Peter St,PH107,M5V,Condominium,10,Spadina-Fort York
1161588,STR-2310-GJKBHS,219 Fort York Blvd,304,M5V,Apartment,10,Spadina-Fort York
1161589,STR-2310-GYXBHV,65 Hamilton St,Upper,M4M,Duplex/Triplex/Fourplex,14,Toronto-Danforth
1161590,STR-2310-HXRBHY,246 Ontario St,,M5A,Townhouse/ Row House,13,Toronto Centre
1161591,STR-2310-FLGPHP,480 Front St W,1001,M5V,Condominium,10,Spadina-Fort York
1161592,STR-2310-FTMPHQ,52 Lynd Ave,,M6R,Single/Semi-detached House,4,Parkdale-High Park
1161593,STR-2310-GJZPHS,151 Dan Leckie Way,2002,M5V,Condominium,10,Spadina-Fort York
1161594,STR-2310-GZMPHV,31 Berwick Ave,,M5P,Single/Semi-detached House,12,Toronto-St. Paul's
1161595,STR-2310-HHTPHW,60 Rainsford Rd,,M4L,Single/Semi-detached House,19,Beaches-East York
1161596,STR-2310-HQZPHX,77 Lombard St,104,M5C,Condominium,13,Toronto Centre
1161597,STR-2310-FDSHHP,27 Island Rd,18,M1C,Condominium,25,Scarborough-Rouge Park
1161598,STR-2310-FLYHHQ,21 Iceboat Ter,1509,M5V,Condominium,10,Spadina-Fort York
1161599,STR-2310-GCLHHS,48 Chopin Ave,,M1K,Single/Semi-detached House,21,Scarborough Centre
1161600,STR-2310-GKSHHT,128 Rangoon Rd,,M9C,Single/Semi-detached House,2,Etobicoke Centre
1161601,STR-2310-GSYHHV,50 Ordnance St,1010,M6K,Condominium,10,Spadina-Fort York
1161602,STR-2310-HBFHHW,955 Bay St,1212,M5S,Condominium,13,Toronto Centre
1161603,STR-2310-HJLHHX,225 Gladstone Ave,306,M6J,Apartment,9,Davenport
1161604,STR-2310-HRSHHY,1208 Huntingwood Dr,,M1S,Single/Semi-detached House,23,Scarborough North
1161605,STR-2310-HYYHHZ,208 Queens Quay  W,1209,M5J,Condominium,10,Spadina-Fort York
1161606,STR-2310-FFHVHP,955 Bay St,1502,M5S,Condominium,13,Toronto Centre
1161607,STR-2310-FMPVHQ,231 Fort York Blvd,1022,M5V,Condominium,10,Spadina-Fort York
1161608,STR-2310-GDBVHS,300 Front St W,3707,M5V,Condominium,10,Spadina-Fort York
1161609,STR-2310-GLHVHT,210 Simcoe St,1001,M5T,Condominium,10,Spadina-Fort York
1161610,STR-2310-GTPVHV,85 Dawlish Ave,,M4N,Single/Semi-detached House,15,Don Valley West
1161611,STR-2310-HBVVHW,121 Ford St,109,M6N,Condominium,9,Davenport
1161612,STR-2310-HKBVHX,500 Doris Ave,1230,M2N,Condominium,18,Willowdale
1161613,STR-2310-HSHVHY,251 Jarvis St,826,M5B,Condominium,13,Toronto Centre
1161614,STR-2310-HZPVHZ,121 lower Sherbourne st,841,M5A,Condominium,13,Toronto Centre
1161615,STR-2310-FFYHHP,87 Knox Ave,,M4L,Single/Semi-detached House,14,Toronto-Danforth
1161616,STR-2310-FPFHHQ,2 Commonwealth Ave,,M1K,Single/Semi-detached House,20,Scarborough Southwest
1161617,STR-2310-FWLHHR,15 Kintyre Ave,,M4M,Single/Semi-detached House,14,Toronto-Danforth
1161618,STR-2310-GDSHHS,14 York St,1107,M5J,Condominium,10,Spadina-Fort York
1161619,STR-2310-GLYHHT,21 Iceboat Ter,2612,M5V,Condominium,10,Spadina-Fort York
1161620,STR-2310-HSYHHY,253 Woodsworth Rd,,M2L,Single/Semi-detached House,15,Don Valley West
1161621,STR-2310-JBFHHZ,87 Leroy Ave,,M4J,Single/Semi-detached House,14,Toronto-Danforth
1161622,STR-2310-FXBVHR,43 Wychwood Ave,,M6G,Single/Semi-detached House,12,Toronto-St. Paul's
1161623,STR-2310-GFHVHS,11A Norwood Rd,,M4E,Single/Semi-detached House,19,Beaches-East York
1161624,STR-2310-GMPVHT,250 Wellington St W,PH40,M5V,Condominium,10,Spadina-Fort York
1161625,STR-2310-GVVVHV,225 Sumach St,2501,M5A,Condominium,13,Toronto Centre
1161626,STR-2310-HDBVHW,36 Forest Manor Rd,106,M2J,Condominium,17,Don Valley North
1161627,STR-2310-HLHVHX,154 Simpson Ave,,M4K,Single/Semi-detached House,14,Toronto-Danforth
1161628,STR-2310-HTPVHY,1415 Lawrence Ave W,315,M6L,Condominium,5,York South-Weston
1161629,STR-2310-JBVVHZ,2134 Dundas st W,A,M6R,Duplex/Triplex/Fourplex,4,Parkdale-High Park
1161630,STR-2310-FHFHHP,4 Ffolkes Crt,,M9W,Single/Semi-detached House,1,Etobicoke North
1161631,STR-2310-FQLHHQ,260 Fisherville Rd,,M2R,Single/Semi-detached House,6,York Centre
1161632,STR-2310-FXSHHR,300 Front St W,2309,M5V,Condominium,10,Spadina-Fort York
1161633,STR-2310-GFYHHS,83 Amherst Ave,,M6E,Single/Semi-detached House,12,Toronto-St. Paul's
1161634,STR-2310-GPFHHT,40 Euclid Ave,,M6J,Single/Semi-detached House,10,Spadina-Fort York
1161635,STR-2310-GWLHHV,783 Manning Ave,,M6G,Single/Semi-detached House,11,University-Rosedale
1161636,STR-2310-HDSHHW,155 Yorkville Ave,2711,M5R,Condominium,11,University-Rosedale
1161637,STR-2310-HVFHHY,22 Cuthbert Cres,,M4S,Single/Semi-detached House,12,Toronto-St. Paul's
1161638,STR-2310-JCLHHZ,197 Yonge St,2613,M5B,Condominium,13,Toronto Centre
1161639,STR-2310-FHVVHP,15 Iceboat Ter,2916,M5V,Condominium,10,Spadina-Fort York
1161640,STR-2310-FRBVHQ,629 Shaw St,,M6G,Single/Semi-detached House,11,University-Rosedale
1161641,STR-2310-FYHVHR,1012 O'Connor Dr,301,M4B,Apartment,19,Beaches-East York
1161642,STR-2310-GGPVHS,955 Bay St,617,M5S,Condominium,13,Toronto Centre
1161643,STR-2310-HFHVHW,5 Corylus Crt,,M9W,Single/Semi-detached House,1,Etobicoke North
1161644,STR-2310-HMPVHX,29 Lyndale Dr,,M2N,Single/Semi-detached House,18,Willowdale
1161645,STR-2310-JDBVHZ,955 Bay St,3703,M5S,Condominium,13,Toronto Centre
1161646,STR-2310-FJLHHP,18 Weatherstone Cres,,M2H,Single/Semi-detached House,17,Don Valley North
1161647,STR-2310-FRSHHQ,62 Frost St,,M9W,Single/Semi-detached House,1,Etobicoke North
1161648,STR-2310-GHFHHS,832 Bay St,3807,M5S,Condominium,11,University-Rosedale
1161649,STR-2310-GQLHHT,117 Trinity St,,M5A,Townhouse/ Row House,13,Toronto Centre
1161650,STR-2310-GXSHHV,5 Northtown Way,608,M2N,Condominium,18,Willowdale
1161651,STR-2310-HFYHHW,32 Kentish Cres,,M1S,Single/Semi-detached House,23,Scarborough North
1161652,STR-2310-HPFHHX,17 Bathurst St,2508,M5V,Condominium,10,Spadina-Fort York
1161653,STR-2310-HWLHHY,62 East Dr,,M6N,Single/Semi-detached House,5,York South-Weston
1161654,STR-2310-FKBVHP,58 Chalkfarm Dr,,M3L,Single/Semi-detached House,7,Humber River-Black Creek
1161655,STR-2310-FSHVHQ,21 Iceboat Ter,3708,M5V,Condominium,10,Spadina-Fort York
1161656,STR-2310-FZPVHR,150 Sudbury St,1307,M6J,Condominium,9,Davenport
1161657,STR-2310-GHVVHS,56 Annie Craig Dr,4408,M8V,Condominium,3,Etobicoke-Lakeshore
1161658,STR-2310-HGPVHW,115 Palm Dr,,M3H,Single/Semi-detached House,6,York Centre
1161659,STR-2310-HPVVHX,24 Belsize Dr,,M4S,Single/Semi-detached House,12,Toronto-St. Paul's
1161660,STR-2310-HXBVHY,51 Thirty Eighth St,,M8W,Single/Semi-detached House,3,Etobicoke-Lakeshore
1161661,STR-2310-JFHVHZ,35 Burnelm Dr,,M9B,Single/Semi-detached House,2,Etobicoke Centre
1161662,STR-2310-FKSHHP,31 Hedgewood rd,,M2L,Single/Semi-detached House,15,Don Valley West
1161663,STR-2310-FSYHHQ,199 Richmond St W,516,M5V,Condominium,10,Spadina-Fort York
1161664,STR-2310-GBFHHR,750 Bay St,902,M5G,Condominium,11,University-Rosedale
1161665,STR-2310-GJLHHS,143 Kingston Rd,,M4L,Single/Semi-detached House,19,Beaches-East York
1161666,STR-2310-GRSHHT,30 Donnalyn Dr,,M2R,Single/Semi-detached House,18,Willowdale
1161667,STR-2310-GYYHHV,46 Palomino Cres,,M2K,Single/Semi-detached House,17,Don Valley North
1161668,STR-2310-HQLHHX,300 Front St W,1312,M5V,Condominium,10,Spadina-Fort York
1161669,STR-2310-JFYHHZ,251 Manitoba St,605,M8Y,Condominium,3,Etobicoke-Lakeshore
1161670,STR-2310-FLHVHP,10 Glen Robert Dr,,M4B,Single/Semi-detached House,19,Beaches-East York
1161671,STR-2310-GBVVHR,658 Euclid Ave,,M6G,Single/Semi-detached House,11,University-Rosedale
1161672,STR-2310-GZPVHV,22 Tilbury Dr,,M3K,Single/Semi-detached House,6,York Centre
1161673,STR-2310-HHVVHW,197 East Ave,,M1C,Single/Semi-detached House,25,Scarborough-Rouge Park
1161674,STR-2310-HRBVHX,2 LONDON ST,3,M6G,Apartment,11,University-Rosedale
1161675,STR-2310-HYHVHY,118 Montgomery Ave,204E,M4R,Condominium,8,Eglinton-Lawrence
1161676,STR-2310-JGPVHZ,21 Iceboat Ter,1707,M5V,Condominium,10,Spadina-Fort York
1161677,STR-2310-FDTPHP,300 Front St W,2914,M5V,Condominium,10,Spadina-Fort York
1161678,STR-2310-FLZPHQ,3580 Lake Shore Blvd W,1,M8W,Townhouse/ Row House,3,Etobicoke-Lakeshore
1161679,STR-2310-GCMPHS,8 Denham Rd,,M1P,Single/Semi-detached House,21,Scarborough Centre
1161680,STR-2310-GKTPHT,1A Normandy Blvd,,M4L,Single/Semi-detached House,19,Beaches-East York
1161681,STR-2310-HBGPHW,14 York St,4209,M5J,Condominium,10,Spadina-Fort York
1161682,STR-2310-HYZPHZ,114 John Tabor Trl,,M1B,Single/Semi-detached House,25,Scarborough-Rouge Park
1161683,STR-2310-FFKBHP,19 Singer Crt,1012,M2K,Condominium,17,Don Valley North
1161684,STR-2310-FVXBHR,58B Poulett St,,M5A,Townhouse/ Row House,13,Toronto Centre
1161685,STR-2310-GDDBHS,240 Wellesley St E,1211,M4X,Apartment,13,Toronto Centre
1161686,STR-2310-GLKBHT,300 Front St W,4307,M5V,Condominium,10,Spadina-Fort York
1161687,STR-2310-HBXBHW,890 Mount Pleasant Rd,207,M4P,Apartment,12,Toronto-St. Paul's
1161688,STR-2310-HKDBHX,14 York St,5601,M5J,Condominium,10,Spadina-Fort York
1161689,STR-2310-HSKBHY,35 Grant St,,M4M,Single/Semi-detached House,14,Toronto-Danforth
1161690,STR-2310-FFZPHP,155 Yorkville Ave,3112,M5R,Condominium,11,University-Rosedale
1161691,STR-2310-FPGPHQ,3 Rowntree Rd,811,M9V,Condominium,1,Etobicoke North
1161692,STR-2310-FWMPHR,45 Grenoble Dr,2101,M3C,Apartment,16,Don Valley East
1161693,STR-2310-GDTPHS,67 Lynvalley Cres,,M1R,Single/Semi-detached House,21,Scarborough Centre
1161694,STR-2310-GLZPHT,80 Western Battery Rd,1410,M6K,Condominium,10,Spadina-Fort York
1161695,STR-2311-GVGPHV,365 Beech Ave,402,M4E,Condominium,19,Beaches-East York
1161696,STR-2311-HCMPHW,55 Gerrard St W,308,M5G,Apartment,11,University-Rosedale
1161697,STR-2311-HSZPHY,23 Corning Rd,,M2J,Single/Semi-detached House,17,Don Valley North
1161698,STR-2311-JBGPHZ,110 Wembley Rd,,M6C,Single/Semi-detached House,8,Eglinton-Lawrence
1161699,STR-2311-FGRBHP,1086 Dufferin St,,M6H,Single/Semi-detached House,9,Davenport
1161700,STR-2311-FPXBHQ,871 Sheppard Ave W,47,M3H,Townhouse/ Row House,6,York Centre
1161701,STR-2311-GMRBHT,14 York St,4307,M5J,Condominium,10,Spadina-Fort York
1161702,STR-2311-GVXBHV,5229 Dundas St W,711,M9B,Condominium,3,Etobicoke-Lakeshore
1161703,STR-2311-HDDBHW,126 Millicent St,,M6H,Single/Semi-detached House,9,Davenport
1161704,STR-2311-HLKBHX,2220 Lake Shore Blvd W,4509,M8V,Condominium,3,Etobicoke-Lakeshore
1161705,STR-2311-HTRBHY,145 Medland St,,M6P,Single/Semi-detached House,4,Parkdale-High Park
1161706,STR-2311-FHGPHP,10 Glen Robert Dr,,M4B,Single/Semi-detached House,19,Beaches-East York
1161707,STR-2311-FQMPHQ,39 Clinton St,,M6J,Single/Semi-detached House,11,University-Rosedale
1161708,STR-2311-FXTPHR,48 Fraserton Cres,,M1J,Single/Semi-detached House,21,Scarborough Centre
1161709,STR-2311-GPGPHT,292 Dunview Ave,,M2N,Single/Semi-detached House,18,Willowdale
1161710,STR-2311-GWMPHV,359 Westmoreland Ave N,,M6H,Single/Semi-detached House,9,Davenport
1161711,STR-2311-HDTPHW,14 York St,3807,M5J,Condominium,10,Spadina-Fort York
1161712,STR-2311-HLZPHX,251 Jarvis St,1019,M5B,Condominium,13,Toronto Centre
1161713,STR-2311-HVGPHY,150 Hollyberry Trl,Basement,M2H,Single/Semi-detached House,17,Don Valley North
1161714,STR-2311-JCMPHZ,114 Lake Shore Dr,,M8V,Single/Semi-detached House,3,Etobicoke-Lakeshore
1161715,STR-2311-FHXBHP,77 Avenue Rd,503,M5R,Apartment,11,University-Rosedale
1161716,STR-2311-FYKBHR,302 Aylesworth Ave,,M1N,Single/Semi-detached House,20,Scarborough Southwest
1161717,STR-2311-GGRBHS,8 Alcan Ave,,M8W,Single/Semi-detached House,3,Etobicoke-Lakeshore
1161718,STR-2311-GPXBHT,36 Kingslake Rd,,M2J,Single/Semi-detached House,17,Don Valley North
1161719,STR-2311-GXDBHV,119 Barker Ave,,M4C,Single/Semi-detached House,19,Beaches-East York
1161720,STR-2311-HFKBHW,60 Sultan Pool Dr,,M9V,Single/Semi-detached House,1,Etobicoke North
1161721,STR-2311-HMRBHX,52 Bestview Dr,,M2M,Single/Semi-detached House,17,Don Valley North
1161722,STR-2311-FJMPHP,5 Bellman Ave,,M8W,Single/Semi-detached House,3,Etobicoke-Lakeshore
1161723,STR-2311-FRTPHQ,5 Brockley Dr,202,M1P,Apartment,21,Scarborough Centre
1161724,STR-2311-FYZPHR,88 Tecumseth St,Main Floor,M6J,Townhouse/ Row House,10,Spadina-Fort York
1161725,STR-2311-GHGPHS,77 Thirty First St,,M8W,Single/Semi-detached House,3,Etobicoke-Lakeshore
1161726,STR-2311-GQMPHT,2621 Birchmount Rd,,M1W,Single/Semi-detached House,22,Scarborough-Agincourt
1161727,STR-2311-GXTPHV,1103 Leslie St,1103,M3C,Condominium,16,Don Valley East
1161728,STR-2311-HFZPHW,10 Nassau St,,M5T,Single/Semi-detached House,11,University-Rosedale
1161729,STR-2311-HPGPHX,65 Bremner Blvd,3401,M5J,Condominium,10,Spadina-Fort York
1161730,STR-2311-FSKBHQ,1842 Davenport Rd,1,M6N,Duplex/Triplex/Fourplex,9,Davenport
1161731,STR-2311-FZRBHR,87 Peter St,4611,M5V,Condominium,10,Spadina-Fort York
1161732,STR-2311-HPXBHX,220 Gladstone Ave,,M6J,Single/Semi-detached House,9,Davenport
1161733,STR-2311-JFKBHZ,6 Alrita Cres,,M1R,Single/Semi-detached House,21,Scarborough Centre
1161734,STR-2311-FKTPHP,815 Dovercourt Rd,,M6H,Single/Semi-detached House,9,Davenport
1161735,STR-2311-FSZPHQ,90 Canon Jackson Dr,207,M6M,Townhouse/ Row House,5,York South-Weston
1161736,STR-2311-GBGPHR,708 Royal York Rd,,M8Y,Single/Semi-detached House,3,Etobicoke-Lakeshore
1161737,STR-2311-GRTPHT,92 Bowie Ave,,M6E,Single/Semi-detached House,8,Eglinton-Lawrence
1161738,STR-2311-GYZPHV,24 Mooreshead Dr,,M9C,Single/Semi-detached House,2,Etobicoke Centre
1161739,STR-2311-HQMPHX,145A Bexhill Ave,,M1L,Single/Semi-detached House,20,Scarborough Southwest
1161740,STR-2311-HXTPHY,89 Lochleven Dr,,M1M,Single/Semi-detached House,20,Scarborough Southwest
1161741,STR-2311-FLKBHP,12 Dervock Cres,3,M2K,Townhouse/ Row House,17,Don Valley North
1161742,STR-2311-GKDBHS,2200 Lake Shore Blvd W,3708,M8V,Condominium,3,Etobicoke-Lakeshore
1161743,STR-2311-GSKBHT,35 Mariner Ter,1702,M5V,Condominium,10,Spadina-Fort York
1161744,STR-2311-HHXBHW,21 Iceboat Ter,225,M5V,Condominium,10,Spadina-Fort York
1161745,STR-2311-HYKBHY,33 Hoptree Ave,,M1X,Single/Semi-detached House,25,Scarborough-Rouge Park
1161746,STR-2311-JGRBHZ,73 Heathview Ave,,M2K,Single/Semi-detached House,17,Don Valley North
1161747,STR-2311-FMBVHQ,108 Northland Ave,,M6N,Single/Semi-detached House,5,York South-Weston
1161748,STR-2311-FVHVHR,417 Palmerston Blvd,,M6G,Single/Semi-detached House,11,University-Rosedale
1161749,STR-2311-GCPVHS,194 Sweeney Dr,,M4A,Single/Semi-detached House,16,Don Valley East
1161750,STR-2311-GKVVHT,955 Bay St,320,M5S,Condominium,13,Toronto Centre
1161751,STR-2311-HBHVHW,1313 Dundas St E,,M4M,Single/Semi-detached House,14,Toronto-Danforth
1161752,STR-2311-HJPVHX,34 Wigan Cres,,M3H,Single/Semi-detached House,6,York Centre
1161753,STR-2311-HRVVHY,66 Edgewood Ave,Unit 5,M4L,Apartment,19,Beaches-East York
1161754,STR-2311-FFLHHP,83 Bertmount Ave,,M4M,Single/Semi-detached House,14,Toronto-Danforth
1161755,STR-2311-FMSHHQ,225 St Mark's Rd,,M6S,Single/Semi-detached House,4,Parkdale-High Park
1161756,STR-2311-GDFHHS,41 Regatta Cres,,M2R,Single/Semi-detached House,18,Willowdale
1161757,STR-2311-GLLHHT,272A Beta St,,M8W,Single/Semi-detached House,3,Etobicoke-Lakeshore
1161758,STR-2311-HSLHHY,10 Gibbs Rd,407,M9B,Condominium,2,Etobicoke Centre
1161759,STR-2311-HZSHHZ,20 Blue Jays Way,817,M5V,Condominium,10,Spadina-Fort York
1161760,STR-2311-FPHVHQ,18 Yonge St,2908,M5E,Condominium,10,Spadina-Fort York
1161761,STR-2311-HCPVHW,65 Bremner Blvd,4606,M5J,Condominium,10,Spadina-Fort York
1161762,STR-2311-HKVVHX,32 Blithfield Ave,,M2K,Single/Semi-detached House,17,Don Valley North
1161763,STR-2311-FPYHHQ,14 York St,4207,M5J,Condominium,10,Spadina-Fort York
1161764,STR-2311-FXFHHR,66 Jasper Ave,,M6N,Single/Semi-detached House,5,York South-Weston
1161765,STR-2311-GFLHHS,55 Ontario St,1909,M5A,Condominium,13,Toronto Centre
1161766,STR-2311-GMSHHT,300 Front St W,714,M5V,Apartment,10,Spadina-Fort York
1161767,STR-2311-GVYHHV,927 Logan Ave,,M4K,Single/Semi-detached House,14,Toronto-Danforth
1161768,STR-2311-HTSHHY,66 Cummer Ave,,M2M,Single/Semi-detached House,18,Willowdale
1161769,STR-2311-JBYHHZ,127 Littles Rd,,M1B,Single/Semi-detached House,25,Scarborough-Rouge Park
1161770,STR-2311-FHHVHP,105 McRoberts Ave,,M6E,Single/Semi-detached House,9,Davenport
1161771,STR-2311-FQPVHQ,219 Fort York Blvd,1302,M5V,Condominium,10,Spadina-Fort York
1161772,STR-2311-FXVVHR,14 York St,2208,M5J,Condominium,10,Spadina-Fort York
1161773,STR-2311-HDVVHW,184 Phyllis Ave,,M1M,Single/Semi-detached House,20,Scarborough Southwest
1161774,STR-2311-HMBVHX,222 Combe Ave,,M3H,Single/Semi-detached House,6,York Centre
1161775,STR-2311-HVHVHY,12 York St,2901,M5J,Condominium,10,Spadina-Fort York
1161776,STR-2311-JCPVHZ,300 Front St W,4301,M5V,Condominium,10,Spadina-Fort York
1161777,STR-2311-FHYHHP,125 Village Green Sq,2701,M1S,Condominium,22,Scarborough-Agincourt
1161778,STR-2311-GGSHHS,274 Glebeholme Blvd,,M4J,Single/Semi-detached House,14,Toronto-Danforth
1161779,STR-2311-GPYHHT,219 Fort York Blvd,2806,M5V,Condominium,10,Spadina-Fort York
1161780,STR-2311-GXFHHV,55 Bremner Blvd,1510,M5J,Condominium,10,Spadina-Fort York
1161781,STR-2311-HFLHHW,101 Peter St,3807,M5V,Condominium,10,Spadina-Fort York
1161782,STR-2311-HMSHHX,46 Heather Rd,,M1S,Single/Semi-detached House,23,Scarborough North
1161783,STR-2311-HVYHHY,55 Bremner Blvd,1810,M5J,Condominium,10,Spadina-Fort York
1161784,STR-2311-JDFHHZ,32 Strathgowan Ave,UN-MAIN,M4N,Duplex/Triplex/Fourplex,15,Don Valley West
1161785,STR-2311-FJPVHP,23 Martin Rd,,M4S,Single/Semi-detached House,15,Don Valley West
1161786,STR-2311-FZBVHR,210 Victoria St,801,M5B,Apartment,13,Toronto Centre
1161787,STR-2311-GHHVHS,30 Glenda Rd,,M1M,Single/Semi-detached House,20,Scarborough Southwest
1161788,STR-2311-GQPVHT,160 Winnett Ave,,M6C,Single/Semi-detached House,12,Toronto-St. Paul's
1161789,STR-2311-GXVVHV,1992 Danforth Ave,A,M4C,Townhouse/ Row House,19,Beaches-East York
1161790,STR-2311-HGBVHW,165 Legion Rd N,927,M8Y,Condominium,3,Etobicoke-Lakeshore
1161791,STR-2311-HPHVHX,50 Wellesley St E,3601,M4Y,Condominium,13,Toronto Centre
1161792,STR-2311-JDVVHZ,88 Harbour St,5209,M5J,Condominium,10,Spadina-Fort York
1161793,STR-2311-FSLHHQ,212 Manning Ave,,M6J,Single/Semi-detached House,11,University-Rosedale
1161794,STR-2311-GHYHHS,18 Yonge St,2512,M5E,Condominium,10,Spadina-Fort York
1161795,STR-2311-GRFHHT,207 Montrose Ave,3,M6G,Duplex/Triplex/Fourplex,11,University-Rosedale
1161796,STR-2311-HPYHHX,108 Peter St,1509,M5V,Condominium,10,Spadina-Fort York
1161797,STR-2311-HXFHHY,21 Brookside Dr,2,M4E,Duplex/Triplex/Fourplex,19,Beaches-East York
1161798,STR-2311-JFLHHZ,41 Memorial Park Ave,,M4J,Single/Semi-detached House,14,Toronto-Danforth
1161799,STR-2311-FTBVHQ,37 Boustead Ave,1,M6R,Duplex/Triplex/Fourplex,4,Parkdale-High Park
1161800,STR-2311-GBHVHR,17 Barberry Pl,301,M2K,Condominium,17,Don Valley North
1161801,STR-2311-GJPVHS,18 Yonge St,1605,M5E,Condominium,10,Spadina-Fort York
1161802,STR-2311-GRVVHT,101 Peter St,2803,M5V,Condominium,10,Spadina-Fort York
1161803,STR-2311-GZBVHV,28 Tecumseth St,Upper,M5V,Townhouse/ Row House,10,Spadina-Fort York
1161804,STR-2311-HQPVHX,62 Garnet Ave,,M6G,Single/Semi-detached House,11,University-Rosedale
1161805,STR-2311-HXVVHY,15 Fort York Blvd,3705,M5V,Condominium,10,Spadina-Fort York
1161806,STR-2311-FLLHHP,67 Madawaska Ave,,M2M,Single/Semi-detached House,18,Willowdale
1161807,STR-2311-FTSHHQ,21 Iceboat Ter,2110,M5V,Condominium,10,Spadina-Fort York
1161808,STR-2311-GBYHHR,300 Front St W,2013,M5V,Condominium,10,Spadina-Fort York
1161809,STR-2311-GKFHHS,315 Greenfield Ave,,M2N,Single/Semi-detached House,18,Willowdale
1161810,STR-2311-GSLHHT,20 Collier St,408,M4W,Condominium,11,University-Rosedale
1161811,STR-2311-GZSHHV,12 York St,5109,M5J,Condominium,10,Spadina-Fort York
1161812,STR-2311-HHYHHW,703 Shaw St,,M6G,Single/Semi-detached House,11,University-Rosedale
1161813,STR-2311-HRFHHX,22 Beran Dr,,M1G,Single/Semi-detached House,24,Scarborough-Guildwood
1161814,STR-2311-JGSHHZ,57 East Liberty St,16,M6K,Townhouse/ Row House,10,Spadina-Fort York
1161815,STR-2311-FMDBHQ,336 Douglas Dr,,M4W,Single/Semi-detached House,11,University-Rosedale
1161816,STR-2311-FVKBHR,11 Lesterwood Cres,,M1P,Single/Semi-detached House,21,Scarborough Centre
1161817,STR-2311-GCRBHS,478 Richmond St W,,M5V,Single/Semi-detached House,10,Spadina-Fort York
1161818,STR-2311-GTDBHV,83 Mondeo Dr,201,M1P,Townhouse/ Row House,21,Scarborough Centre
1161819,STR-2311-HBKBHW,8 Gladstone Ave,514,M6J,Condominium,9,Davenport
1161820,STR-2311-HRXBHY,101 Peter St,1709,M5V,Condominium,10,Spadina-Fort York
1161821,STR-2311-HZDBHZ,42 Bowmore Rd,,M4L,Single/Semi-detached House,19,Beaches-East York
1161822,STR-2311-FFMPHP,500 Duplex Ave,2608,M4R,Apartment,8,Eglinton-Lawrence
1161823,STR-2311-FMTPHQ,84 Tidworth Sq,,M1S,Single/Semi-detached House,23,Scarborough North
1161824,STR-2311-FVZPHR,37 Citation Dr,,M2K,Single/Semi-detached House,17,Don Valley North
1161825,STR-2311-GDGPHS,54 Highfield Rd,,M4L,Single/Semi-detached House,14,Toronto-Danforth
1161826,STR-2311-GLMPHT,34 Western Battery Rd,440,M6K,Condominium,10,Spadina-Fort York
1161827,STR-2311-GTTPHV,11 Lillian St,310,M4S,Condominium,12,Toronto-St. Paul's
1161828,STR-2311-HKGPHX,328 Howland Ave,,M5R,Single/Semi-detached House,12,Toronto-St. Paul's
1161829,STR-2311-HSMPHY,330 Salem Ave,,M6H,Single/Semi-detached House,9,Davenport
1161830,STR-2311-HZTPHZ,140 Simcoe St,508,M5H,Condominium,10,Spadina-Fort York
1161831,STR-2311-GWRBHV,49 Snapdragon Dr,,M2J,Single/Semi-detached House,17,Don Valley North
1161832,STR-2311-FWRBHR,66 Long Branch Ave,15,M8W,Condominium,3,Etobicoke-Lakeshore
1161833,STR-2311-GDXBHS,106 Lappin Ave,2,M6H,Duplex/Triplex/Fourplex,9,Davenport
1161834,STR-2311-HCRBHW,58 Amsterdam Ave,,M4B,Single/Semi-detached House,19,Beaches-East York
1161835,STR-2311-JBKBHZ,130 Rosedale Valley Rd,801,M4W,Apartment,11,University-Rosedale
1161836,STR-2311-FGTPHP,12 York St,4611,M5J,Condominium,10,Spadina-Fort York
1161837,STR-2311-FPZPHQ,109 Galley Ave,,M6R,Single/Semi-detached House,4,Parkdale-High Park
1161838,STR-2311-FXGPHR,40 Salisbury Ave,Upper,M4X,Single/Semi-detached House,13,Toronto Centre
1161839,STR-2311-GFMPHS,244 Gerrard St E,201,M5A,Duplex/Triplex/Fourplex,13,Toronto Centre
1161840,STR-2311-GMTPHT,1780 Dufferin St,,M6E,Duplex/Triplex/Fourplex,9,Davenport
1161841,STR-2311-HDGPHW,215 Fort York Blvd,2403,M5V,Condominium,10,Spadina-Fort York
1161842,STR-2311-HLMPHX,23 Idyllwood Cres,,M6P,Single/Semi-detached House,4,Parkdale-High Park
1161843,STR-2311-FHKBHP,2191 Yonge St,710,M4S,Condominium,12,Toronto-St. Paul's
1161844,STR-2311-GGDBHS,49 Leslie St,,M4M,Townhouse/ Row House,14,Toronto-Danforth
1161845,STR-2311-HDXBHW,203 Woodycrest Ave,,M4J,Single/Semi-detached House,14,Toronto-Danforth
1161846,STR-2311-HMDBHX,924 Ossington Ave,200,M6G,Duplex/Triplex/Fourplex,9,Davenport
1161847,STR-2311-HVKBHY,16 Tower Dr,,M1R,Single/Semi-detached House,21,Scarborough Centre
1161848,STR-2311-JCRBHZ,841 Queen St W,B,M6J,Apartment,10,Spadina-Fort York
1161849,STR-2311-FHZPHP,93 Maclean Ave,Suite B,M4E,Duplex/Triplex/Fourplex,19,Beaches-East York
1161850,STR-2311-FYMPHR,33 Helendale Ave,1001,M4R,Condominium,8,Eglinton-Lawrence
1161851,STR-2311-GGTPHS,1029 King St W,205,M6K,Condominium,10,Spadina-Fort York
1161852,STR-2311-GPZPHT,101 Peter St,2612,M5V,Condominium,10,Spadina-Fort York
1161853,STR-2311-GXGPHV,39 Niagara St,1115,M5V,Apartment,10,Spadina-Fort York
1161854,STR-2311-HFMPHW,16 Newington Cres,,M9C,Single/Semi-detached House,2,Etobicoke Centre
1161855,STR-2311-HVZPHY,98 Squires Ave,,M4B,Single/Semi-detached House,19,Beaches-East York
1161856,STR-2311-FRXBHQ,42 Scarfair Ptwy,,M1B,Townhouse/ Row House,25,Scarborough-Rouge Park
1161857,STR-2311-GHKBHS,270 Dufferin St,1213,M6K,Apartment,4,Parkdale-High Park
1161858,STR-2311-GQRBHT,718 Gerrard St E,1,M4M,Single/Semi-detached House,14,Toronto-Danforth
1161859,STR-2311-GXXBHV,120 Hadrian Dr,,M9W,Single/Semi-detached House,1,Etobicoke North
1161860,STR-2311-HGDBHW,112 O'Connor Dr,,M4K,Single/Semi-detached House,14,Toronto-Danforth
1161861,STR-2311-HPKBHX,43 Lorraine Gdns,,M9B,Single/Semi-detached House,2,Etobicoke Centre
1161862,STR-2311-JDXBHZ,3190 Dundas St W,A,M6P,Duplex/Triplex/Fourplex,4,Parkdale-High Park
1161863,STR-2311-FKGPHP,300 Front St W,3008,M5V,Condominium,10,Spadina-Fort York
1161864,STR-2311-FSMPHQ,1553 Bloor St W,8,M6P,Apartment,4,Parkdale-High Park
1161865,STR-2311-FZTPHR,840 Queen's Plate Dr,1507,M9W,Condominium,1,Etobicoke North
1161866,STR-2311-GHZPHS,2 Linden Ave,,M1K,Single/Semi-detached House,20,Scarborough Southwest
1161867,STR-2311-GRGPHT,1 Rowntree Rd,712,M9V,Condominium,1,Etobicoke North
1161868,STR-2311-GYMPHV,29 Hawkedon Cres,,M9W,Single/Semi-detached House,1,Etobicoke North
1161869,STR-2311-HGTPHW,111 Alton Ave,,M4L,Single/Semi-detached House,14,Toronto-Danforth
1161870,STR-2311-HXGPHY,713 Lawrence Ave W,8,M6A,Townhouse/ Row House,8,Eglinton-Lawrence
1161871,STR-2311-FKXBHP,21 Iceboat Ter,1105,M5V,Condominium,10,Spadina-Fort York
1161872,STR-2311-FTDBHQ,12 York St,2101,M5J,Condominium,10,Spadina-Fort York
1161873,STR-2311-GBKBHR,14 York St,6402,M5J,Condominium,10,Spadina-Fort York
1161874,STR-2311-GJRBHS,1 Bloor St E,4405,M4W,Condominium,11,University-Rosedale
1161875,STR-2311-GRXBHT,38 Abell St,219,M6J,Condominium,9,Davenport
1161876,STR-2311-GZDBHV,209 Fort York Blvd,179,M5V,Condominium,10,Spadina-Fort York
1161877,STR-2311-HHKBHW,21 Iceboat Ter,4715,M5V,Condominium,10,Spadina-Fort York
1161878,STR-2311-HQRBHX,101 Peter St,1509,M5V,Condominium,10,Spadina-Fort York
1161879,STR-2311-HXXBHY,5 Chaldean St,,M1W,Single/Semi-detached House,22,Scarborough-Agincourt
1161880,STR-2311-JGDBHZ,101 Peter St,4011,M5V,Condominium,10,Spadina-Fort York
1161881,STR-2311-FLMPHP,1608 Queen St W,1,M6R,Townhouse/ Row House,4,Parkdale-High Park
1161882,STR-2311-FTTPHQ,140 Medland St,upper,M6P,Duplex/Triplex/Fourplex,4,Parkdale-High Park
1161883,STR-2311-GBZPHR,350 Wellington St W,206,M5V,Condominium,10,Spadina-Fort York
1161884,STR-2311-GKGPHS,804 Millwood Rd,,M4G,Single/Semi-detached House,15,Don Valley West
1161885,STR-2311-GZTPHV,55 cooper St,5606,M5E,Condominium,10,Spidina-Fort York
1161886,STR-2311-HHZPHW,222 Elm St,702,M5T,Apartment,11,University-Rosedale
1161887,STR-2311-HYMPHY,143 Broadlands Blvd,,M3A,Single/Semi-detached House,16,Don Valley East
1161888,STR-2311-JGTPHZ,21 Iceboat Ter,2311,M5V,Condominium,10,Spadina-Fort York
1161889,STR-2311-FDYHHP,1233 King St W,,M6K,Single/Semi-detached House,4,Parkdale-High Park
1161890,STR-2311-FMFHHQ,92 Earlton Rd,,M1T,Single/Semi-detached House,22,Scarborough-Agincourt
1161891,STR-2311-FVLHHR,161 Elmer Ave,,M4L,Single/Semi-detached House,19,Beaches-East York
1161892,STR-2311-GCSHHS,209 Fort York Blvd,672,M5V,Condominium,10,Spadina-Fort York
1161893,STR-2311-GTFHHV,101 Peter St,6,M5V,Condominium,10,Spadina-Fort York
1161894,STR-2311-HBLHHW,600 Fleet St,2206,M5V,Condominium,10,Spadina-Fort York
1161895,STR-2311-HJSHHX,695 Gladstone Ave,B,M6H,Single/Semi-detached House,9,Davenport
1161896,STR-2311-HRYHHY,50 Ordnance St,2111,M6K,Condominium,10,Spadina-Fort York
1161897,STR-2311-HZFHHZ,12 York St,2108,M5J,Condominium,10,Spadina-Fort York
1161898,STR-2311-FFPVHP,69 Lawton Blvd,,M4V,Single/Semi-detached House,12,Toronto-St. Paul's
1161899,STR-2311-FMVVHQ,978 Carlaw Ave,,M4K,Single/Semi-detached House,14,Toronto-Danforth
1161900,STR-2311-FWBVHR,102 Glenmore Rd,,M4L,Single/Semi-detached House,19,Beaches-East York
1161901,STR-2311-GDHVHS,17 Mosedale Cres,,M2J,Single/Semi-detached House,17,Don Valley North
1161902,STR-2311-GLPVHT,573 Shuter St,,M5A,Townhouse/ Row House,13,Toronto Centre
1161903,STR-2311-GTVVHV,160 Vanderhoof Ave,LPH13,M4G,Condominium,15,Don Valley West
1161904,STR-2311-HCBVHW,64 Gort Ave,,M8W,Single/Semi-detached House,3,Etobicoke-Lakeshore
1161905,STR-2311-HKHVHX,4 MacKenzie Cres,1,M6J,Duplex/Triplex/Fourplex,9,Davenport
1161906,STR-2311-HSPVHY,209 Fort York Blvd,364,M5V,Condominium,10,Spadina-Fort York
1161907,STR-2311-HZVVHZ,585 Bloor St E,1919,M4W,Apartment,13,Toronto Centre
1161908,STR-2311-FPLHHQ,62 Alhambra Ave,,M6R,Single/Semi-detached House,4,Parkdale-High Park
1161909,STR-2311-FWSHHR,7 Ingleport Pl,,M9R,Single/Semi-detached House,1,Etobicoke North
1161910,STR-2311-GDYHHS,430 Arlington Ave,,M6C,Single/Semi-detached House,12,Toronto-St. Paul's
1161911,STR-2311-GMFHHT,107 Citation Dr,,M2K,Single/Semi-detached House,17,Don Valley North
1161912,STR-2311-GVLHHV,177 Seaton St,Main,M5A,Townhouse/ Row House,13,Toronto Centre
1161913,STR-2311-HKYHHX,35 Warrender Ave,704,M9B,Apartment,2,Etobicoke Centre
1161914,STR-2311-HTFHHY,309 St George St,,M5R,Single/Semi-detached House,11,University-Rosedale
1161915,STR-2311-JBLHHZ,170 Indian Grv,,M6P,Single/Semi-detached House,4,Parkdale-High Park
1161916,STR-2311-FGVVHP,3209 Weston Rd,,M9M,Single/Semi-detached House,7,Humber River-Black Creek
1161917,STR-2311-FXHVHR,21 Cloud Dr,,M9L,Single/Semi-detached House,7,Humber River-Black Creek
1161918,STR-2311-GMVVHT,123 Bristol Ave,,M6H,Single/Semi-detached House,9,Davenport
1161919,STR-2311-HDHVHW,32 Harrington Cres,,M2M,Single/Semi-detached House,17,Don Valley North
1161920,STR-2311-HTVVHY,300 Front St W,1204,M5V,Condominium,10,Spadina-Fort York
1161921,STR-2311-JCBVHZ,101 Peter St,3008,M5V,Condominium,10,Spadina-Fort York
1161922,STR-2311-FQSHHQ,219 Fort York Blvd,520,M5V,Condominium,10,Spadina-Fort York
1161923,STR-2311-FXYHHR,300 Front St W,1002,M5V,Condominium,10,Spadina-Fort York
1161924,STR-2311-GGFHHS,77 Avenue Rd,410,M5R,Apartment,11,University-Rosedale
1161925,STR-2311-GPLHHT,77 Avenue Rd,203,M5R,Apartment,11,University-Rosedale
1161926,STR-2311-GWSHHV,101 Peter St,2510,M5V,Condominium,10,Spadina-Fort York
1161927,STR-2311-HDYHHW,20 Blue Jays Way,1117,M5V,Condominium,10,Spadina-Fort York
1161928,STR-2311-HMFHHX,315 Delaware Ave,,M6H,Single/Semi-detached House,9,Davenport
1161929,STR-2311-HVLHHY,6 Duncanwoods Dr,,M9L,Single/Semi-detached House,7,Humber River-Black Creek
1161930,STR-2311-JCSHHZ,43 Tefley Rd,,M2M,Single/Semi-detached House,18,Willowdale
1161931,STR-2311-FRHVHQ,46 Brock Ave,B,M6K,Single/Semi-detached House,4,Parkdale-High Park
1161932,STR-2311-FYPVHR,741 Dovercourt Rd,304,M6H,Apartment,9,Davenport
1161933,STR-2311-GGVVHS,300 Front St W,3010,M5V,Condominium,10,Spadina-Fort York
1161934,STR-2311-GQBVHT,560 Front St W,506,M5V,Condominium,10,Spadina-Fort York
1161935,STR-2311-HFPVHW,325 Bogert Ave,G4,M2N,Apartment,18,Willowdale
1161936,STR-2311-HMVVHX,1755 Danforth Ave,,M4C,Townhouse/ Row House,19,Beaches-East York
1161937,STR-2311-HWBVHY,300 Front St W,2410,M5V,Condominium,10,Spadina-Fort York
1161938,STR-2311-FRYHHQ,27 Austin Cres,,M5R,Single/Semi-detached House,12,Toronto-St. Paul's
1161939,STR-2311-FZFHHR,160 Bedford Rd,307,M5R,Condominium,11,University-Rosedale
1161940,STR-2311-GHLHHS,10 Turntable Cres,5,M6H,Townhouse/ Row House,9,Davenport
1161941,STR-2311-GXYHHV,1666 Queen St E,25,M4L,Townhouse/ Row House,19,Beaches-East York
1161942,STR-2311-HWSHHY,14 York St,1902,M5J,Condominium,10,Spadina-Fort York
1161943,STR-2311-JDYHHZ,300 Front St W,1005,M5V,Condominium,10,Spadina-Fort York
1161944,STR-2311-FKHVHP,77 Avenue Rd,303,M5R,Apartment,11,University-Rosedale
1161945,STR-2311-FSPVHQ,55 Triller Ave,1609,M6R,Apartment,4,Parkdale-High Park
1161946,STR-2311-FZVVHR,77 Avenue Rd,608,M5R,Apartment,11,University-Rosedale
1161947,STR-2311-GJBVHS,21 Iceboat Ter,730,M5V,Condominium,10,Spadina-Fort York
1161948,STR-2311-GYPVHV,7 Milk Bottle Lane,,M4C,Apartment,19,Beaches-East York
1161949,STR-2311-HQBVHX,135 Village Green Sq,3422,M1S,Condominium,22,Scarborough-Agincourt
1161950,STR-2311-JFPVHZ,263 Woodfield Rd,,M4L,Single/Semi-detached House,14,Toronto-Danforth
1161951,STR-2311-FKYHHP,111 Sandown Ave,,M1N,Single/Semi-detached House,20,Scarborough Southwest
1161952,STR-2311-GBLHHR,133 Ambercroft Blvd,,M1W,Single/Semi-detached House,22,Scarborough-Agincourt
1161953,STR-2311-GJSHHS,300 Front St W,804,M5V,Condominium,10,Spadina-Fort York
1161954,STR-2311-GRYHHT,585 Bloor St E,620,M4W,Condominium,13,Toronto Centre
1161955,STR-2311-GZFHHV,398 Princess Ave,,M2N,Single/Semi-detached House,18,Willowdale
1161956,STR-2311-HHLHHW,84 Poyntz Ave,,M2N,Duplex/Triplex/Fourplex,18,Willowdale
1161957,STR-2311-HQSHHX,219 Fort York Blvd,1211,M5V,Condominium,10,Spadina-Fort York
1161958,STR-2311-HXYHHY,15 Fort York Blvd,510,M5V,Condominium,10,Spadina-Fort York
1161959,STR-2311-FLPVHP,38 Empire Ave,,M4M,Single/Semi-detached House,14,Toronto-Danforth
1161960,STR-2311-GCBVHR,238 Horsham Ave,,M2N,Single/Semi-detached House,18,Willowdale
1161961,STR-2311-GKHVHS,188 Cumberland St,1410,M5R,Condominium,11,University-Rosedale
1161962,STR-2311-GSPVHT,101 Peter St,8,M5V,Condominium,10,Spadina-Fort York
1161963,STR-2311-GZVVHV,57 Brock Ave,206,M6K,Apartment,4,Parkdale-High Park
1161964,STR-2311-HJBVHW,55 cooper st,5705,M5E,Condominium,10,Spadina-Fort York
1161965,STR-2311-HYPVHY,256 Royal York Rd,111,M8V,Townhouse/ Row House,3,Etobicoke-Lakeshore
1161966,STR-2311-FDZPHP,2300 St Clair Ave W,809,M6N,Condominium,5,York South-Weston
1161967,STR-2311-FMGPHQ,276 Poyntz Ave,,M2N,Single/Semi-detached House,18,Willowdale
1161968,STR-2311-FVMPHR,86 Littleleaf Dr,,M1B,Single/Semi-detached House,23,Scarborough North
1161969,STR-2311-GCTPHS,150 Alameda Ave,3,M6C,Duplex/Triplex/Fourplex,12,Toronto-St. Paul's
1161970,STR-2311-GKZPHT,20 Rosemount Dr,,M1K,Single/Semi-detached House,21,Scarborough Centre
1161971,STR-2311-GTGPHV,91 Strathcona Ave,,M4J,Townhouse/ Row House,14,Toronto-Danforth
1161972,STR-2311-HBMPHW,27 Bathurst St,217,M5V,Condominium,10,Spadina-Fort York
1161973,STR-2311-HJTPHX,15 Iceboat Ter,2216,M5V,Condominium,10,Spadina-Fort York
1161974,STR-2311-HZGPHZ,160 Bedford Rd,308,M5R,Condominium,11,University-Rosedale
1161975,STR-2311-FFRBHP,12 Havelock St,,M6H,Single/Semi-detached House,9,Davenport
1161976,STR-2311-FMXBHQ,22 Malamute Cres,,M1T,Single/Semi-detached House,22,Scarborough-Agincourt
1161977,STR-2311-GDKBHS,51 Haven Rd,,M6B,Single/Semi-detached House,8,Eglinton-Lawrence
1161978,STR-2311-GLRBHT,61 Jasper Ave,2,M6N,Duplex/Triplex/Fourplex,5,York South-Weston
1161979,STR-2311-HKKBHX,6 Angus Dr,,M2J,Single/Semi-detached House,17,Don Valley North
1161980,STR-2311-HZXBHZ,240 Wellesley St E,614,M4X,Apartment,13,Toronto Centre
1161981,STR-2311-FGGPHP,9R Clintwood Gt,33,M3A,Townhouse/ Row House,16,Don Valley East
1161982,STR-2311-FWTPHR,164 York Mills Rd,,M2L,Single/Semi-detached House,15,Don Valley West
1161983,STR-2311-GDZPHS,42 Ravenview Dr,,M1E,Single/Semi-detached House,25,Scarborough-Rouge Park
1161984,STR-2311-GMGPHT,80 Western Battery Rd,2012,M6K,Condominium,10,Spadina-Fort York
1161985,STR-2311-HCTPHW,17 Zorra St,1401E,M8Z,Condominium,3,Etobicoke-Lakeshore
1161986,STR-2311-HKZPHX,565 Sherbourne St,1212,M4X,Apartment,13,Toronto Centre
1161987,STR-2311-HTGPHY,103 West Lodge Ave,1603,M6K,Apartment,4,Parkdale-High Park
1161988,STR-2311-JBMPHZ,30 Shore Breeze Dr,3612,M8V,Condominium,3,Etobicoke-Lakeshore
1161989,STR-2311-FQDBHQ,55 Bremner Blvd,4003,M5J,Condominium,10,Spadina-Fort York
1161990,STR-2311-FXKBHR,60 Tannery Rd,1113,M5A,Condominium,13,Toronto Centre
1161991,STR-2311-GMXBHT,42 Maitland St,C02,M4Y,Apartment,13,Toronto Centre
1161992,STR-2311-GWDBHV,308 Strathmore Blvd,,M4J,Single/Semi-detached House,14,Toronto-Danforth
1161993,STR-2311-HDKBHW,14 Langemark Ave,,M6J,Single/Semi-detached House,9,Davenport
1161994,STR-2311-HLRBHX,149 Durant Ave,,M4J,Single/Semi-detached House,14,Toronto-Danforth
1161995,STR-2311-HTXBHY,24 Noble St,405,M6K,Condominium,4,Parkdale-High Park
1161996,STR-2311-JCDBHZ,251 Jarvis St,4801,M5B,Condominium,13,Toronto Centre
1161997,STR-2311-FHMPHP,21 Iceboat Ter,4103,M5V,Condominium,10,Spadina-Fort York
1161998,STR-2311-FXZPHR,209 Fort York Blvd,372,M5V,Condominium,10,Spadina-Fort York
1161999,STR-2311-GPMPHT,37 Tweedrock Cres,,M1E,Single/Semi-detached House,24,Scarborough-Guildwood
1162000,STR-2311-GWTPHV,144 Booth Ave,,M4M,Single/Semi-detached House,14,Toronto-Danforth
1162001,STR-2311-HDZPHW,226 Nairn Ave,,M6E,Single/Semi-detached House,9,Davenport
1162002,STR-2311-HMGPHX,15 WILLIAM JACKSON WAY,25,M8V,Condominium,3,Etobicoke-Lakeshore
1162003,STR-2311-JCTPHZ,31 Broomfield Dr,,M1S,Single/Semi-detached House,23,Scarborough North
1162004,STR-2311-FRKBHQ,12 Rosalind Cres,,M1L,Single/Semi-detached House,20,Scarborough Southwest
1162005,STR-2311-FYRBHR,1369 Bloor St W,1302,M6P,Condominium,9,Davenport
1162006,STR-2311-GQDBHT,151 Dan Leckie Way,1015,M5V,Apartment,10,Spadina-Fort York
1162007,STR-2311-HFRBHW,45 Allen Ave,,M4M,Single/Semi-detached House,14,Toronto-Danforth
1162008,STR-2311-HWDBHY,73 Forest Grove Dr,,M2K,Single/Semi-detached House,17,Don Valley North
1162009,STR-2311-JDKBHZ,220 Connaught Ave,,M2M,Single/Semi-detached House,18,Willowdale
1162010,STR-2311-FRZPHQ,628 Fleet St,222,M5V,Condominium,10,Spadina-Fort York
1162011,STR-2311-FZGPHR,151 Dan Leckie Way,605,M5V,Condominium,10,Spadina-Fort York
1162012,STR-2311-HGGPHW,21 Iceboat Ter,2006,M5V,Condominium,10,Spadina-Fort York
1162013,STR-2311-HPMPHX,49 Trehorne Dr,,M9P,Single/Semi-detached House,2,Etobicoke Centre
1162014,STR-2311-HWTPHY,19 Bathurst St,1803,M5V,Condominium,10,Spadina-Fort York
1162015,STR-2311-FKKBHP,322 Woodsworth Rd,,M2L,Single/Semi-detached House,15,Don Valley West
1162016,STR-2311-FSRBHQ,27 D'Albret Cres,,M1T,Single/Semi-detached House,22,Scarborough-Agincourt
1162017,STR-2311-FZXBHR,55 Bremner Blvd,2402,M5J,Condominium,10,Spadina-Fort York
1162018,STR-2311-GJDBHS,122 Ridgewood Rd,,M1C,Single/Semi-detached House,25,Scarborough-Rouge Park
1162019,STR-2311-GYRBHV,268 Randall Cres,,M1M,Single/Semi-detached House,20,Scarborough Southwest
1162020,STR-2311-HQDBHX,78 Carr St,5,M5T,Condominium,10,Spadina-Fort York
1162021,STR-2311-JFRBHZ,2 Augusta Ave,807,M5V,Condominium,10,Spadina-Fort York
1162022,STR-2311-FTGPHQ,30 Shore Breeze Dr,439,M8V,Condominium,3,Etobicoke-Lakeshore
1162023,STR-2311-GBMPHR,147 Sylvan Ave,,M1M,Single/Semi-detached House,24,Scarborough-Guildwood
1162024,STR-2311-GJTPHS,170 Sumach St,719,M5A,Condominium,13,Toronto Centre
1162025,STR-2311-GRZPHT,477 Richmond St W,303,M5V,Condominium,10,Spadina-Fort York
1162026,STR-2311-GZGPHV,14 York St,4208,M5J,Condominium,10,Spadina-Fort York
1162027,STR-2311-HHMPHW,480 Front St W,905,M5V,Condominium,10,Spadina-Fort York
1162028,STR-2311-HQTPHX,199 Richmond St W,509,M5V,Condominium,10,Spadina-Fort York
1162029,STR-2311-JGGPHZ,251 Jarvis St,712,M5B,Condominium,13,Toronto Centre
1162030,STR-2311-FLRBHP,229 Newton Dr,,M2M,Single/Semi-detached House,18,Willowdale
1162031,STR-2311-FTXBHQ,55 Regent Park Blvd,2304,M5A,Condominium,13,Toronto Centre
1162032,STR-2311-GKKBHS,8 Mercer St,2612,M5V,Condominium,10,Spadina-Fort York
1162033,STR-2311-GZXBHV,70 Simpson Ave,,M4K,Single/Semi-detached House,14,Toronto-Danforth
1162034,STR-2311-HJDBHW,455 Sentinel Rd,1107,M3J,Apartment,7,Humber River-Black Creek
1162035,STR-2311-HRKBHX,2 Patrick Blvd,,M2J,Single/Semi-detached House,17,Don Valley North
1162036,STR-2311-FFBVHP,155 Yorkville Ave,2304,M5R,Apartment,11,University-Rosedale
1162037,STR-2311-FMHVHQ,57 Crawford St,,M6J,Single/Semi-detached House,10,Spadina-Fort York
1162038,STR-2311-FVPVHR,151 Dan Leckie Way,356,M5V,Condominium,10,Spadina-Fort York
1162039,STR-2311-GTHVHV,275 Manse Rd,94,M1E,Townhouse/ Row House,25,Scarborough-Rouge Park
1162040,STR-2311-HSBVHY,63 Chartway Blvd,,M1C,Single/Semi-detached House,25,Scarborough-Rouge Park
1162041,STR-2311-FMYHHQ,19 Grand Trunk Cres,808,M5J,Condominium,10,Spadina-Fort York
1162042,STR-2311-FWFHHR,5 Greyhound Dr,,M2H,Single/Semi-detached House,17,Don Valley North
1162043,STR-2311-GDLHHS,6059 Kingston Rd,29,M1C,Townhouse/ Row House,25,Scarborough-Rouge Park
1162044,STR-2311-GTYHHV,151 Dan Leckie Way,1008,M5V,Condominium,10,Spadina-Fort York
1162045,STR-2311-HCFHHW,411 Craven Rd,1,M4L,Single/Semi-detached House,14,Toronto-Danforth
1162046,STR-2311-HSSHHY,6 Prince Hal Cres,,M1T,Single/Semi-detached House,22,Scarborough-Agincourt
1162047,STR-2311-FGHVHP,77 Ravina Cres,,M4J,Single/Semi-detached House,14,Toronto-Danforth
1162048,STR-2311-FWVVHR,783 Sammon Ave,,M4C,Single/Semi-detached House,19,Beaches-East York
1162049,STR-2311-GFBVHS,4 Park Vista,603,M4B,Condominium,19,Beaches-East York
1162050,STR-2311-GMHVHT,151 Dan Leckie Way,539,M5V,Condominium,10,Spadina-Fort York
1162051,STR-2311-GVPVHV,214 Sixth St,,M8V,Single/Semi-detached House,3,Etobicoke-Lakeshore
1162052,STR-2311-HTHVHY,124 Van Horne Ave,,M2J,Single/Semi-detached House,17,Don Valley North
1162053,STR-2311-FQFHHQ,10 Meadowglen Pl,202,M1G,Condominium,24,Scarborough-Guildwood
1162054,STR-2312-FXLHHR,435A Bathurst St,,M5T,Townhouse/ Row House,11,University-Rosedale
1162055,STR-2312-GYSHHV,349C Royal York Rd,6,M8Y,Apartment,3,Etobicoke-Lakeshore
1162056,STR-2312-GFSHHS,151 Dan Leckie Way,735,M5V,Condominium,10,Spadina-Fort York
1162057,STR-2312-GMYHHT,29 Brendwin Rd,,M6N,Single/Semi-detached House,5,York South-Weston
1162058,STR-2312-GWFHHV,323 Richmond St E,703,M5A,Condominium,13,Toronto Centre
1162059,STR-2312-HDLHHW,1 Shaw St,1420,M6K,Condominium,10,Spadina-Fort York
1162060,STR-2312-HLSHHX,14 York St,2712,M5J,Condominium,10,Spadina-Fort York
1162061,STR-2312-HTYHHY,40 Leitch Ave,,M3J,Single/Semi-detached House,7,Humber River-Black Creek
1162062,STR-2312-JCFHHZ,151 Dan Leckie Way,1047,M5V,Condominium,10,Spadina-Fort York
1162063,STR-2312-FQVVHQ,387 Willard Ave,2,M6S,Single/Semi-detached House,4,Parkdale-High Park
1162064,STR-2312-FYBVHR,250 Wellington St W,933,M5V,Condominium,10,Spadina-Fort York
1162065,STR-2312-GGHVHS,10 Capreol Crt,606,M5V,Condominium,10,Spadina-Fort York
1162066,STR-2312-GPPVHT,200 Sackville St,910,M5A,Condominium,13,Toronto Centre
1162067,STR-2312-GWVVHV,111 Virginia Ave,,M4C,Single/Semi-detached House,19,Beaches-East York
1162068,STR-2312-HFBVHW,1363 Neilson Rd,28,M1B,Townhouse/ Row House,25,Scarborough-Rouge Park
1162069,STR-2312-HMHVHX,69 Ashwick Dr,,M1K,Single/Semi-detached House,20,Scarborough Southwest
1162070,STR-2312-HVPVHY,87 Bushmills Sq,,M1V,Single/Semi-detached House,23,Scarborough North
1162071,STR-2312-JCVVHZ,2 Anndale Dr,1802,M2N,Condominium,18,Willowdale
1162072,STR-2312-FJFHHP,145 Blackthorn Ave,,M6N,Single/Semi-detached House,9,Davenport
1162073,STR-2312-FRLHHQ,34 Moran Rd,,M1S,Single/Semi-detached House,23,Scarborough North
1162074,STR-2312-FYSHHR,65 Bremner Blvd,3311,M5J,Condominium,10,Spadina-Fort York
1162075,STR-2312-GQFHHT,88 Colgate Ave,104,M4M,Condominium,14,Toronto-Danforth
1162076,STR-2312-HFSHHW,1821 Danforth Ave,B,M4C,Apartment,19,Beaches-East York
1162077,STR-2312-HMYHHX,68 Zezel Way,,M1P,Townhouse/ Row House,21,Scarborough Centre
1162078,STR-2312-HWFHHY,802 Coxwell Ave,,M4C,Single/Semi-detached House,14,Toronto-Danforth
1162079,STR-2312-FJVVHP,259 Wellesley St E,,M4X,Single/Semi-detached House,13,Toronto Centre
1162080,STR-2312-FSBVHQ,125 Florence St,,M6K,Townhouse/ Row House,9,Davenport
1162081,STR-2312-FZHVHR,21 Stavely Ave,,M1K,Single/Semi-detached House,20,Scarborough Southwest
1162082,STR-2312-GHPVHS,664 Pape Ave,,M4K,Single/Semi-detached House,14,Toronto-Danforth
1162083,STR-2312-GQVVHT,210 Victoria St,3303,M5B,Condominium,13,Toronto Centre
1162084,STR-2312-GYBVHV,2554 Lake Shore Blvd W,,M8V,Single/Semi-detached House,3,Etobicoke-Lakeshore
1162085,STR-2312-HWVVHY,321 Mortimer Ave,,M4J,Single/Semi-detached House,14,Toronto-Danforth
1162086,STR-2312-JFBVHZ,50 Brantford Dr,,M1W,Single/Semi-detached House,22,Scarborough-Agincourt
1162087,STR-2312-GJFHHS,21 Iceboat Ter,1607,M5V,Condominium,10,Spadina-Fort York
1162088,STR-2312-HGYHHW,137 Essex St,,M6G,Single/Semi-detached House,11,University-Rosedale
1162089,STR-2312-HQFHHX,318 Richmond St W,704,M5V,Condominium,10,Spadina-Fort York
1162090,STR-2312-JFSHHZ,560 King St W,710,M5V,Condominium,10,Spadina-Fort York
1162091,STR-2312-FLBVHP,64 Scarboro Beach Blvd,Upper,M4E,Duplex/Triplex/Fourplex,19,Beaches-East York
1162092,STR-2312-FTHVHQ,251 Jarvis St,1514,M5B,Condominium,13,Toronto Centre
1162093,STR-2312-GBPVHR,270 Wellington St W,1105,M5V,Condominium,10,Spadina-Fort York
1162094,STR-2312-GSBVHT,9 Kingsbridge Crt,506,M2R,Condominium,6,York Centre
1162095,STR-2312-GZHVHV,3 Brumwell St,,M1C,Single/Semi-detached House,25,Scarborough-Rouge Park
1162096,STR-2312-HYBVHY,17 Four Winds Dr,9,M3J,Townhouse/ Row House,7,Humber River-Black Creek
1162097,STR-2312-JGHVHZ,6382 Kingston Rd,,M1C,Single/Semi-detached House,25,Scarborough-Rouge Park
1162098,STR-2312-FTYHHQ,215 Fort York Blvd,2601,M5V,Condominium,10,Spadina-Fort York
1162099,STR-2312-GCFHHR,25 Sheldonbury Cres,,M1W,Single/Semi-detached House,22,Scarborough-Agincourt
1162100,STR-2312-GKLHHS,185 Crawford St,2,M6J,Single/Semi-detached House,10,Spadina-Fort York
1162101,STR-2312-GSSHHT,92 Stanley Ter,,M6J,Townhouse/ Row House,10,Spadina-Fort York
1162102,STR-2312-GZYHHV,21 Iceboat Ter,3115,M5V,Condominium,10,Spadina-Fort York
1162103,STR-2312-HJFHHW,409 Huron St,210,M5S,Apartment,11,University-Rosedale
1162104,STR-2312-HRLHHX,21 Nelson St,818,M5V,Condominium,10,Spadina-Fort York
1162105,STR-2312-HYSHHY,77 Hamilton St,2,M4M,Townhouse/ Row House,14,Toronto-Danforth
1162106,STR-2312-JGYHHZ,155 Yorkville Ave,1809,M5R,Condominium,11,University-Rosedale
1162107,STR-2312-FFDBHP,21 Iceboat Ter,3603,M5V,Apartment,10,Spadina-Fort York
1162108,STR-2312-FMKBHQ,77 Avenue Rd,511,M5R,Apartment,11,University-Rosedale
1162109,STR-2312-FVRBHR,21 Iceboat Ter,3212,M5V,Condominium,10,Spadina-Fort York
1162110,STR-2312-GCXBHS,38 Dan Leckie Way,2709,M5V,Condominium,10,Spadina-Fort York
1162111,STR-2312-GLDBHT,109 Roebuck Dr,,M1K,Single/Semi-detached House,20,Scarborough Southwest
1162112,STR-2312-GTKBHV,12 York St,5006,M5J,Condominium,10,Spadina-Fort York
1162113,STR-2312-HBRBHW,101 Peter St,4009,M5V,Apartment,10,Spadina-Fort York
1162114,STR-2312-HJXBHX,210 Victoria St,809,M5B,Condominium,13,Toronto Centre
1162115,STR-2312-HSDBHY,21 Iceboat Ter,2807,M5V,Apartment,10,Spadina-Fort York
1162116,STR-2312-FFTPHP,10 Capreol Crt,807,M5V,Apartment,10,Spadina-Fort York
1162117,STR-2312-FMZPHQ,322 O'Connor Dr,,M4J,Single/Semi-detached House,14,Toronto-Danforth
1162118,STR-2312-FWGPHR,1 Falaise Rd,224,M1E,Condominium,24,Scarborough-Guildwood
1162119,STR-2312-GDMPHS,151 Dan Leckie Way,551,M5V,Condominium,10,Spadina-Fort York
1162120,STR-2312-GLTPHT,1070 Sheppard Ave W,517,M3J,Condominium,6,York Centre
1162121,STR-2312-HKMPHX,300 Front St W,3206,M5V,Condominium,10,Spadina-Fort York
1162122,STR-2312-HZZPHZ,4K Spadina Ave,1810,M5V,Condominium,10,Spadina-Fort York
1162123,STR-2312-FGKBHP,300 Front St W,1903,M5V,Condominium,10,Spadina-Fort York
1162124,STR-2312-FWXBHR,221 Balliol St,1626,M4S,Apartment,12,Toronto-St. Paul's
1162125,STR-2312-GMKBHT,300 Front St W,3501,M5V,Condominium,10,Spadina-Fort York
1162126,STR-2312-GVRBHV,8 Hazel Ave,,M4E,Single/Semi-detached House,19,Beaches-East York
1162127,STR-2312-HCXBHW,30 Shore Breeze Dr,228,M8V,Condominium,3,Etobicoke-Lakeshore
1162128,STR-2312-HLDBHX,12 York St,906,M5J,Condominium,10,Spadina-Fort York
1162129,STR-2312-HTKBHY,280 Wellesley St E,1518,M4X,Apartment,13,Toronto Centre
1162130,STR-2312-FGZPHP,671 Huntingwood Dr,22,M1W,Townhouse/ Row House,22,Scarborough-Agincourt
1162131,STR-2312-GFTPHS,89 Dunfield Ave,512,M4S,Condominium,12,Toronto-St. Paul's
1162132,STR-2312-GWGPHV,29 Chipping Rd,,M3B,Single/Semi-detached House,16,Don Valley East
1162133,STR-2312-HLTPHX,14 York St,6705,M5J,Condominium,10,Spadina-Fort York
1162134,STR-2312-HTZPHY,47 Finch Ave W,,M2N,Single/Semi-detached House,18,Willowdale
1162135,STR-2312-JCGPHZ,429 Shuter St,B,M5A,Townhouse/ Row House,13,Toronto Centre
1162136,STR-2312-FYDBHR,761 Bay St,2109,M5G,Condominium,11,University-Rosedale
1162137,STR-2312-GPRBHT,219 Fort York Blvd,1912,M5V,Condominium,10,Spadina-Fort York
1162138,STR-2312-GWXBHV,55 Danjohn Cres,,M1V,Single/Semi-detached House,23,Scarborough North
1162139,STR-2312-HFDBHW,215 Fort York Blvd,3310,M5V,Condominium,10,Spadina-Fort York
1162140,STR-2312-HMKBHX,251 Jarvis St,2302,M5B,Condominium,13,Toronto Centre
1162141,STR-2312-HVRBHY,42 Ravenview Dr,,M1E,Single/Semi-detached House,25,Scarborough-Rouge Park
1162142,STR-2312-JCXBHZ,66 Amelia St,3,M4X,Apartment,13,Toronto Centre
1162143,STR-2312-FJGPHP,352 Millwood Rd,,M4S,Single/Semi-detached House,15,Don Valley West
1162144,STR-2312-FRMPHQ,591 Sheppard Ave E,720,M2K,Condominium,17,Don Valley North
1162145,STR-2312-FYTPHR,747 Gerrard St E,,M4M,Townhouse/ Row House,14,Toronto-Danforth
1162146,STR-2312-GGZPHS,12 Applewood Lane,4,M9C,Townhouse/ Row House,2,Etobicoke Centre
1162147,STR-2312-GXMPHV,57 St Clair Gdns,,M6E,Single/Semi-detached House,9,Davenport
1162148,STR-2312-HWGPHY,11 Ampleford Pl,,M1V,Single/Semi-detached House,23,Scarborough North
1162149,STR-2312-JDMPHZ,955 Bay St,1320,M5S,Condominium,13,Toronto Centre
1162150,STR-2312-FSDBHQ,47 Newton Dr,,M2M,Single/Semi-detached House,18,Willowdale
1162151,STR-2312-GHRBHS,177 Holmes Ave,,M2N,Single/Semi-detached House,18,Willowdale
1162152,STR-2312-GQXBHT,42 Allanhurst Dr,,M9A,Single/Semi-detached House,2,Etobicoke Centre
1162153,STR-2312-GYDBHV,377 Palmerston Blvd,,M6G,Single/Semi-detached House,11,University-Rosedale
1162154,STR-2312-HGKBHW,101 Peter St,3902,M5V,Condominium,10,Spadina-Fort York
1162155,STR-2312-HPRBHX,197 Ashworth Ave,,M6G,Single/Semi-detached House,12,Toronto-St. Paul's
1162156,STR-2312-HWXBHY,77 Mutual St,2110,M5B,Condominium,13,Toronto Centre
1162157,STR-2312-JFDBHZ,688 Cosburn Ave,,M4C,Single/Semi-detached House,19,Beaches-East York
1162158,STR-2312-FKMPHP,2230 Lake Shore Blvd W,1608,M8V,Condominium,3,Etobicoke-Lakeshore
1162159,STR-2312-GJGPHS,2 Anndale Dr,3402,M2N,Condominium,18,Willowdale
1162160,STR-2312-GRMPHT,210 Victoria St,2711,M5B,Condominium,13,Toronto Centre
1162161,STR-2312-HQGPHX,300 Front St W,901,M5V,Condominium,10,Spadina-Fort York
1162162,STR-2312-HXMPHY,151 Dan Leckie Way,540,M5V,Condominium,10,Spadina-Fort York
1162163,STR-2312-JFTPHZ,21 Iceboat Ter,2008,M5V,Condominium,10,Spadina-Fort York
1162164,STR-2312-FTKBHQ,27 Pawnee Ave,,M2H,Single/Semi-detached House,17,Don Valley North
1162165,STR-2312-GJXBHS,215 Fort York Blvd,2702,M5V,Condominium,10,Spadina-Fort York
1162166,STR-2312-GSDBHT,14 York St,5804,M5J,Condominium,10,Spadina-Fort York
1162167,STR-2312-HQXBHX,45 Wychwood Ave,,M6G,Single/Semi-detached House,12,Toronto-St. Paul's
1162168,STR-2312-HYDBHY,172 Floyd Ave,,M4J,Single/Semi-detached House,14,Toronto-Danforth
1162169,STR-2312-JGKBHZ,191 Sherbourne St,1515,M5A,Apartment,13,Toronto Centre
1162170,STR-2312-FTZPHQ,54 Stephen Dr,Ground,M8Y,Duplex/Triplex/Fourplex,3,Etobicoke-Lakeshore
1162171,STR-2312-GCGPHR,8 Charlotte St,1006,M5V,Condominium,10,Spadina-Fort York
1162172,STR-2312-GKMPHS,22 Tideswell Blvd,,M1B,Townhouse/ Row House,25,Scarborough-Rouge Park
1162173,STR-2312-GSTPHT,300 Front St W,4305,M5V,Condominium,10,Spadina-Fort York
1162174,STR-2312-GZZPHV,15 Chapman Ave,,M4B,Single/Semi-detached House,19,Beaches-East York
1162175,STR-2312-HRMPHX,80 Western Battery Rd,1802,M6K,Condominium,10,Spadina-Fort York
1162176,STR-2312-HYTPHY,33 Wycliffe Cres,,M2K,Single/Semi-detached House,17,Don Valley North
1162177,STR-2312-JGZPHZ,26 Rolyat St,1,M6J,Duplex/Triplex/Fourplex,10,Spadina-Fort York
1162178,STR-2312-FLVXVQ,105 Livingstone Ave,,M6E,Single/Semi-detached House,8,Eglinton-Lawrence
1162179,STR-2312-FVBXVR,231 Fort York Blvd,922,M5V,Condominium,10,Spadina-Fort York
1162180,STR-2312-GCHXVS,111 Poplar Heights Dr,,M9A,Single/Semi-detached House,2,Etobicoke Centre
1162181,STR-2312-GSVXVV,36 Charlotte St,304,M5V,Condominium,10,Spadina-Fort York
1162182,STR-2312-HBBXVW,12 Lacewood Cres,,M3A,Single/Semi-detached House,16,Don Valley East
1162183,STR-2312-HJHXVX,32 Queens Ave,,M8V,Single/Semi-detached House,3,Etobicoke-Lakeshore
1162184,STR-2312-HRPXVY,155 Yorkville Ave,501,M5R,Condominium,11,University-Rosedale
1162185,STR-2312-HYVXVZ,128 Angus Dr,,M2J,Single/Semi-detached House,17,Don Valley North
1162186,STR-2312-FFFKVP,50 Bellefontaine St,,M1S,Single/Semi-detached House,22,Scarborough-Agincourt
1162187,STR-2312-FVSKVR,90 Broadview Ave,210,M4M,Condominium,14,Toronto-Danforth
1162188,STR-2312-GCYKVS,1928 Lake Shore Blvd W,1209,M6S,Condominium,4,Parkdale-High Park
1162189,STR-2312-GLFKVT,12 Sudbury St,603,M6J,Townhouse/ Row House,10,Spadina-Fort York
1162190,STR-2312-HJYKVX,5 Sheppard Ave E,3123,M2N,Condominium,18,Willowdale
1162191,STR-2312-HSFKVY,629 King St W,326,M5V,Condominium,10,Spadina-Fort York
1162192,STR-2312-HZLKVZ,251 Jarvis St,404,M5B,Apartment,13,Toronto Centre
1162193,STR-2312-FFVXVP,16 Goulden Cres,,M1L,Single/Semi-detached House,20,Scarborough Southwest
1162194,STR-2312-FWHXVR,90 Waterloo Ave,,M3H,Single/Semi-detached House,6,York Centre
1162195,STR-2312-GDPXVS,2 Anndale Dr,709,M2N,Condominium,18,Willowdale
1162196,STR-2312-HCHXVW,251 Jarvis St,825,M5B,Condominium,13,Toronto Centre
1162197,STR-2312-HSVXVY,230 Manning Ave,,M6J,Townhouse/ Row House,11,University-Rosedale
1162198,STR-2312-FGLKVP,20 Shore Breeze Dr,517,M8V,Condominium,3,Etobicoke-Lakeshore
1162199,STR-2312-FPSKVQ,10 Drummond St,506,M8V,Townhouse/ Row House,3,Etobicoke-Lakeshore
1162200,STR-2312-FWYKVR,51 Chestnut Park Rd,,M4W,Single/Semi-detached House,11,University-Rosedale
1162201,STR-2312-GFFKVS,169 Tower Dr,,M1R,Single/Semi-detached House,21,Scarborough Centre
1162202,STR-2312-GMLKVT,2015 Sheppard Ave E,3702,M2J,Condominium,17,Don Valley North
1162203,STR-2312-GVSKVV,9 Jardin Hill Crt,,M2H,Single/Semi-detached House,17,Don Valley North
1162204,STR-2312-HCYKVW,160 Cummer Ave,,M2M,Single/Semi-detached House,18,Willowdale
1162205,STR-2312-HLFKVX,314 Robert St,,M5S,Single/Semi-detached House,11,University-Rosedale
1162206,STR-2312-HTLKVY,90 Barrington Ave,,M4C,Single/Semi-detached House,19,Beaches-East York
1162207,STR-2312-GPBXVT,105 George St,914,M5A,Condominium,13,Toronto Centre
1162208,STR-2312-GWHXVV,300 Front St W,3006,M5V,Condominium,10,Spadina-Fort York
1162209,STR-2312-HDPXVW,10 Park Lawn Rd,501,M8V,Condominium,3,Etobicoke-Lakeshore
1162210,STR-2312-HLVXVX,98 Lillian St,1412,M4S,Condominium,12,Toronto-St. Paul's
1162211,STR-2312-HVBXVY,48 McNab Blvd,,M1M,Single/Semi-detached House,20,Scarborough Southwest
1162212,STR-2312-FHSKVP,120 Shelborne Ave,814,M6B,Apartment,8,Eglinton-Lawrence
1162213,STR-2312-FQYKVQ,9 Donald Ave,1,M6M,Apartment,5,York South-Weston
1162214,STR-2312-FYFKVR,96 Hollywood Cres,,M4L,Single/Semi-detached House,19,Beaches-East York
1162215,STR-2312-GGLKVS,426 Queen St E,103,M5A,Apartment,13,Toronto Centre
1162216,STR-2312-GPSKVT,28 Havelock St,,M6H,Single/Semi-detached House,9,Davenport
1162217,STR-2312-GWYKVV,70 Scarborough Heights Blvd,,M1M,Single/Semi-detached House,20,Scarborough Southwest
1162218,STR-2312-HFFKVW,1029 King St W,1011,M6K,Condominium,10,Spadina-Fort York
1162219,STR-2312-HVSKVY,7 West Lynn Ave,A,M4C,Single/Semi-detached House,19,Beaches-East York
1162220,STR-2312-JCYKVZ,42 Pintail Cres,,M3A,Single/Semi-detached House,16,Don Valley East
1162221,STR-2312-FJHXVP,16 Belgreen Ave,,M1S,Single/Semi-detached House,22,Scarborough-Agincourt
1162222,STR-2312-FYVXVR,237 Acton Ave,,M3H,Single/Semi-detached House,6,York Centre
1162223,STR-2312-GHBXVS,2 Eva Rd,2822,M9C,Apartment,2,Etobicoke Centre
1162224,STR-2312-GQHXVT,61 Fennings St,,M6J,Single/Semi-detached House,10,Spadina-Fort York
1162225,STR-2312-GXPXVV,210 Victoria St,1816,M5B,Condominium,13,Toronto Centre
1162226,STR-2312-HFVXVW,12 Bellevue Ave,,M5T,Single/Semi-detached House,11,University-Rosedale
1162227,STR-2312-HWHXVY,19 Warwick Ave,2,M6C,Apartment,12,Toronto-St. Paul's
1162228,STR-2312-FJYKVP,1657 Bathurst St,1B,M5P,Apartment,12,Toronto-St. Paul's
1162229,STR-2312-FSFKVQ,1657 Bathurst St,2A,M5P,Apartment,12,Toronto-St. Paul's
1162230,STR-2312-FZLKVR,1657 Bathurst St,2B,M5P,Apartment,12,Toronto-St. Paul's
1162231,STR-2312-GHSKVS,1657 Bathurst St,3A,M5P,Apartment,12,Toronto-St. Paul's
1162232,STR-2312-GQYKVT,1657 Bathurst St,3B,M5P,Apartment,12,Toronto-St. Paul's
1162233,STR-2312-GYFKVV,62 Marydon Cres,,M1S,Single/Semi-detached House,23,Scarborough North
1162234,STR-2312-HGLKVW,21 Iceboat Ter,1701,M5V,Condominium,10,Spadina-Fort York
1162235,STR-2312-HPSKVX,8 Gladstone Ave,504,M6J,Condominium,9,Davenport
1162236,STR-2312-HWYKVY,181C De Grassi St,,M4M,Single/Semi-detached House,14,Toronto-Danforth
1162237,STR-2312-JFFKVZ,93 The Queensway,52,M6S,Townhouse/ Row House,4,Parkdale-High Park
1162238,STR-2312-FKPXVP,50 Crayford Dr,Upper,M1W,Single/Semi-detached House,22,Scarborough-Agincourt
1162239,STR-2312-GBBXVR,36 Longford Cres,201,M1W,Single/Semi-detached House,22,Scarborough-Agincourt
1162240,STR-2312-GJHXVS,1029 King St W,635,M6K,Condominium,10,Spadina-Fort York
1162241,STR-2312-GRPXVT,66 Edgewood Ave,4,M4L,Apartment,19,Beaches-East York
1162242,STR-2312-HHBXVW,160 Canon Jackson Dr,504,M6M,Apartment,5,York South-Weston
1162243,STR-2312-HQHXVX,63 Claremont St,1,M6J,Single/Semi-detached House,10,Spadina-Fort York
1162244,STR-2312-HXPXVY,11 Ovida Ave,,M9B,Single/Semi-detached House,3,Etobicoke-Lakeshore
1162245,STR-2312-JFVXVZ,21 Iceboat Ter,4811,M5V,Condominium,10,Spadina-Fort York
1162246,STR-2312-FLFKVP,119 Seaton St,,M5A,Single/Semi-detached House,13,Toronto Centre
1162247,STR-2312-FTLKVQ,155 Yorkville Ave,1009,M5R,Apartment,11,University-Rosedale
1162248,STR-2312-GBSKVR,321 Sherbourne St,610,M5A,Apartment,13,Toronto Centre
1162249,STR-2312-GJYKVS,90 Burndale Ave,,M2N,Single/Semi-detached House,18,Willowdale
1162250,STR-2312-GSFKVT,33 Barkwin Dr,,M9V,Single/Semi-detached House,1,Etobicoke North
1162251,STR-2312-GZLKVV,124 Kenilworth Ave,,M4L,Single/Semi-detached House,19,Beaches-East York
1162252,STR-2312-HHSKVW,10 Lakeview Ave,Main,M6J,Duplex/Triplex/Fourplex,9,Davenport
1162253,STR-2312-HYFKVY,33 Holly St,109,M4S,Apartment,12,Toronto-St. Paul's
1162254,STR-2312-JGLKVZ,101 Peter St,805,M5V,Condominium,10,Spadina-Fort York
1162255,STR-2312-FDRDVP,98 Upper Canada Dr,,M2P,Single/Semi-detached House,15,Don Valley West
1162256,STR-2312-FLXDVQ,300 Front St W,1707,M5V,Condominium,10,Spadina-Fort York
1162257,STR-2312-FVDDVR,288 Parkview Ave,,M2N,Single/Semi-detached House,18,Willowdale
1162258,STR-2312-GCKDVS,176 Brighton Ave,,M3H,Single/Semi-detached House,6,York Centre
1162259,STR-2312-GKRDVT,25 Moon Valley Dr,,M9W,Single/Semi-detached House,1,Etobicoke North
1162260,STR-2312-GSXDVV,22 Western Battery Rd,119,M6K,Townhouse/ Row House,10,Spadina-Fort York
1162261,STR-2312-HJKDVX,95 Bathurst St,515,M5V,Condominium,10,Spadina-Fort York
1162262,STR-2312-HRRDVY,21 Iceboat Ter,2712,M5V,Condominium,10,Spadina-Fort York
1162263,STR-2312-FFGRVP,17 Berkinshaw Cres,BSMT,M3B,Single/Semi-detached House,16,Don Valley East
1162264,STR-2312-FMMRVQ,300 Front St W,4304,M5V,Condominium,10,Spadina-Fort York
1162265,STR-2312-FVTRVR,605 Runnymede Rd,,M6S,Single/Semi-detached House,4,Parkdale-High Park
1162266,STR-2312-GCZRVS,1173 Dundas St E,218,M4M,Condominium,14,Toronto-Danforth
1162267,STR-2312-GLGRVT,209 Fort York Blvd,180,M5V,Condominium,10,Spadina-Fort York
1162268,STR-2312-GTMRVV,438 Vaughan Rd,,M6C,Single/Semi-detached House,12,Toronto-St. Paul's
1162269,STR-2312-HJZRVX,439 Lansdowne Ave,,M6H,Single/Semi-detached House,9,Davenport
1162270,STR-2312-HSGRVY,1369 Bloor St W,211,M6P,Apartment,9,Davenport
1162271,STR-2312-HZMRVZ,374 Elm Rd,,M5M,Single/Semi-detached House,8,Eglinton-Lawrence
1162272,STR-2312-FFXDVP,20 Wade Ave,501,M6H,Apartment,9,Davenport
1162273,STR-2312-FWKDVR,23 Norval St,,M6N,Single/Semi-detached House,5,York South-Weston
1162274,STR-2312-GLXDVT,300 Front St W,1314,M5V,Condominium,10,Spadina-Fort York
1162275,STR-2312-GVDDVV,2 Anndale Dr,3206,M2N,Condominium,18,Willowdale
1162276,STR-2312-HCKDVW,346E Jarvis St,,M4Y,Townhouse/ Row House,13,Toronto Centre
1162277,STR-2312-HKRDVX,209 Fort York Blvd,270,M5V,Condominium,10,Spadina-Fort York
1162278,STR-2312-HSXDVY,150 East Liberty St,2417,M6K,Condominium,10,Spadina-Fort York
1162279,STR-2312-JBDDVZ,98 Lillian St,811,M4S,Condominium,12,Toronto-St. Paul's
1162280,STR-2312-FGMRVP,12 York St,3508,M5J,Condominium,10,Spadina-Fort York
1162281,STR-2312-FPTRVQ,2088 Lawrence Ave W,1007,M9N,Condominium,5,York South-Weston
1162282,STR-2312-FWZRVR,533 Richmond St W,608,M5V,Condominium,10,Spadina-Fort York
1162283,STR-2312-GFGRVS,1051 Bathurst St,,M5R,Single/Semi-detached House,11,University-Rosedale
1162284,STR-2312-GMMRVT,449 St Clarens Ave,,M6H,Single/Semi-detached House,9,Davenport
1162285,STR-2312-HLGRVX,955 Bay St,1302,M5S,Condominium,13,Toronto Centre
1162286,STR-2312-JBTRVZ,2300 St Clair Ave W,1008,M6N,Condominium,5,York South-Weston
1162287,STR-2312-FHDDVP,383 Ossington Ave,4,M6J,Apartment,11,University-Rosedale
1162288,STR-2312-FQKDVQ,16 Adele Ave,,M3L,Single/Semi-detached House,7,Humber River-Black Creek
1162289,STR-2312-FXRDVR,12 York St,2905,M5J,Condominium,10,Spadina-Fort York
1162290,STR-2312-GFXDVS,6 Rushbrooke Ave,,M4M,Single/Semi-detached House,14,Toronto-Danforth
1162291,STR-2312-GWKDVV,18 Yonge St,1410,M5E,Condominium,10,Spadina-Fort York
1162292,STR-2312-HDRDVW,308 Ridgewood Rd,,M1C,Single/Semi-detached House,25,Scarborough-Rouge Park
1162293,STR-2312-HLXDVX,300 Front St W,3602,M5V,Condominium,10,Spadina-Fort York
1162294,STR-2312-HVDDVY,51 Creekwood Dr,,M1E,Single/Semi-detached House,24,Scarborough-Guildwood
1162295,STR-2312-FQZRVQ,84 Darby Crt,,M1B,Single/Semi-detached House,25,Scarborough-Rouge Park
1162296,STR-2312-GGMRVS,219 Fort York Blvd,1403,M5V,Condominium,10,Spadina-Fort York
1162297,STR-2312-GPTRVT,101 Peter St,2905,M5V,Condominium,10,Spadina-Fort York
1162298,STR-2312-GWZRVV,57 Finch Ave W,23,M2N,Townhouse/ Row House,18,Willowdale
1162299,STR-2312-HMMRVX,17 Arrowstook Rd,,M2K,Single/Semi-detached House,17,Don Valley North
1162300,STR-2312-JCZRVZ,98 Hay Ave,,M8Z,Single/Semi-detached House,3,Etobicoke-Lakeshore
1162301,STR-2312-FJKDVP,21 Iceboat Ter,332,M5V,Condominium,10,Spadina-Fort York
1162302,STR-2312-FRRDVQ,219 Fort York Blvd,507,M5V,Condominium,10,Spadina-Fort York
1162303,STR-2312-FYXDVR,21 Iceboat Ter,525,M5V,Condominium,10,Spadina-Fort York
1162304,STR-2312-GHDDVS,101 Peter St,1608,M5V,Condominium,10,Spadina-Fort York
1162305,STR-2312-GQKDVT,101 Peter St,2807,M5V,Condominium,10,Spadina-Fort York
1162306,STR-2312-GXRDVV,155 Yorkville Ave,1603,M5R,Condominium,11,University-Rosedale
1162307,STR-2312-HFXDVW,101 Peter St,2107,M5V,Condominium,10,Spadina-Fort York
1162308,STR-2312-HPDDVX,101 Peter St,2301,M5V,Condominium,10,Spadina-Fort York
1162309,STR-2312-HWKDVY,101 Peter St,2305,M5V,Condominium,10,Spadina-Fort York
1162310,STR-2312-JDRDVZ,300 Front St W,909,M5V,Condominium,10,Spadina-Fort York
1162311,STR-2312-FJZRVP,219 Fort York Blvd,1511,M5V,Condominium,10,Spadina-Fort York
1162312,STR-2312-FSGRVQ,760 Lawrence Ave W,15,M6A,Condominium,8,Eglinton-Lawrence
1162313,STR-2312-FZMRVR,38 Abell St,218,M6J,Condominium,9,Davenport
1162314,STR-2312-GQZRVT,96 Jenkinson Way,,M1P,Townhouse/ Row House,21,Scarborough Centre
1162315,STR-2312-GYGRVV,21 Iceboat Ter,2512,M5V,Condominium,10,Spadina-Fort York
1162316,STR-2312-HGMRVW,18 College St,,M9V,Single/Semi-detached House,1,Etobicoke North
1162317,STR-2312-HWZRVY,36 O'Hara Ave,,M6K,Townhouse/ Row House,4,Parkdale-High Park
1162318,STR-2312-JFGRVZ,258 GLENHOLME AVE,,M6E,Apartment,9,Davenport
1162319,STR-2312-FKRDVP,2415 Jane St,602,M3M,Apartment,6,York Centre
1162320,STR-2312-GBDDVR,350 Wellington St W,426,M5V,Condominium,10,Spadina-Fort York
1162321,STR-2312-GJKDVS,10 Capreol Crt,509,M5V,Condominium,10,Spadina-Fort York
1162322,STR-2312-GRRDVT,112 George St,539,M5A,Condominium,13,Toronto Centre
1162323,STR-2312-GYXDVV,139 Tamworth Rd,,M2N,Single/Semi-detached House,18,Willowdale
1162324,STR-2312-HHDDVW,705 King St W,1807,M5V,Condominium,10,Spadina-Fort York
1162325,STR-2312-JFXDVZ,5 Sheppard Ave E,3016,M2N,Condominium,18,Willowdale
1162326,STR-2312-FLGRVP,36 Lockwood Rd,,M4L,Single/Semi-detached House,19,Beaches-East York
1162327,STR-2312-FTMRVQ,58B Pitt Ave,,M1L,Single/Semi-detached House,20,Scarborough Southwest
1162328,STR-2312-GBTRVR,28 Coatsworth Cres,,M4C,Single/Semi-detached House,19,Beaches-East York
1162329,STR-2312-GSGRVT,227 Donald Ave,,M6M,Single/Semi-detached House,5,York South-Weston
1162330,STR-2312-HQZRVX,14 YORK ST,2910,M5J,Condominium,10,Spadina-Fort York
1162331,STR-2312-HYGRVY,45 Baseball Place,201,M4M,Condominium,14,Toronto-Danforth
1162332,STR-2312-JGMRVZ,24 Noble St,411,M6K,Apartment,4,Parkdale-High Park
1162333,STR-2312-FLYKVQ,251 Jarvis St,612,M5B,Condominium,13,Toronto Centre
1162334,STR-2312-GCLKVS,69 Saddle Ridge Dr,,M4A,Single/Semi-detached House,16,Don Valley East
1162335,STR-2312-GKSKVT,6 Halton St,1,M6J,Single/Semi-detached House,10,Spadina-Fort York
1162336,STR-2312-HBFKVW,300 Front St W,3010,M5V,Condominium,10,Spadina-Fort York
1162337,STR-2312-HRSKVY,447 Lansdowne Ave,A,M6H,Duplex/Triplex/Fourplex,9,Davenport
1162338,STR-2312-HYYKVZ,156 Portland St,604,M5V,Condominium,10,Spadina-Fort York
1162339,STR-2312-FFHXVP,85 Cavell Ave,,M4J,Single/Semi-detached House,14,Toronto-Danforth
1162340,STR-2312-FMPXVQ,8 Castlemere Cres,,M1W,Single/Semi-detached House,22,Scarborough-Agincourt
1162341,STR-2312-FVVXVR,48 Park Home Ave,,M2N,Single/Semi-detached House,18,Willowdale
1162342,STR-2312-GLHXVT,35 Wabash Ave,316,M6R,Condominium,4,Parkdale-High Park
1162343,STR-2312-GTPXVV,14 Wyvern Rd,,M2K,Single/Semi-detached House,17,Don Valley North
1162344,STR-2312-HKBXVX,16 Muriel Ave,,M4J,Single/Semi-detached House,14,Toronto-Danforth
1162345,STR-2312-HSHXVY,8 Gladstone Ave,315,M6J,Condominium,9,Davenport
1162346,STR-2312-HZPXVZ,36 Dixon Ave,Lower,M4L,Duplex/Triplex/Fourplex,19,Beaches-East York
1162347,STR-2312-FFYKVP,50 Beckwith Rd,,M9C,Single/Semi-detached House,2,Etobicoke Centre
1162348,STR-2312-FPFKVQ,172 Curzon St,,M4M,Single/Semi-detached House,14,Toronto-Danforth
1162349,STR-2312-FWLKVR,89 Dunfield Ave,2404,M4S,Condominium,12,Toronto-St. Paul's
1162350,STR-2312-GDSKVS,21 Iceboat Ter,4802,M5V,Condominium,10,Spadina-Fort York
1162351,STR-2312-GLYKVT,2 Anndale Dr,302,M2N,Condominium,18,Willowdale
1162352,STR-2312-GVFKVV,105 Goulding Ave,,M2M,Single/Semi-detached House,18,Willowdale
1162353,STR-2312-HKSKVX,79 Songwood Dr,,M9M,Single/Semi-detached House,7,Humber River-Black Creek
1162354,STR-2312-FGPXVP,71 Guthrie Ave,,M8Y,Single/Semi-detached House,3,Etobicoke-Lakeshore
1162355,STR-2312-FPVXVQ,495 Logan Ave,305,M4K,Condominium,14,Toronto-Danforth
1162356,STR-2312-FXBXVR,16 Lisburn Cres,,M2J,Single/Semi-detached House,17,Don Valley North
1162357,STR-2312-GFHXVS,60 George Butchart Dr,301,M3K,Condominium,6,York Centre
1162358,STR-2312-GMPXVT,25 Wascana Ave,,M5A,Townhouse/ Row House,13,Toronto Centre
1162359,STR-2401-JBVXVZ,300 Front St W,1902,M5V,Condominium,10,Spadina-Fort York
1162360,STR-2401-FQLKVQ,49 Hertle Ave,,M4L,Single/Semi-detached House,14,Toronto-Danforth
1162361,STR-2401-GFYKVS,300 Front St W,3705,M5V,Apartment,10,Spadina-Fort York
1162362,STR-2401-GPFKVT,2 Anndale Dr,1604,M2N,Condominium,18,Willowdale
1162363,STR-2401-HDSKVW,389 Davisville Ave,,M4S,Single/Semi-detached House,15,Don Valley West
1162364,STR-2401-HVFKVY,96 Seaton St,B,M5A,Single/Semi-detached House,13,Toronto Centre
1162365,STR-2401-FHVXVP,252B Berkeley St,,M5A,Townhouse/ Row House,13,Toronto Centre
1162366,STR-2401-FYHXVR,11 Cannon Rd,3,M8Y,Apartment,3,Etobicoke-Lakeshore
1162367,STR-2401-GGPXVS,209 St Clarens Ave,,M6H,Single/Semi-detached House,9,Davenport
1162368,STR-2401-GPVXVT,1005 King St W,135,M6K,Apartment,10,Spadina-Fort York
1162369,STR-2401-GXBXVV,79 William Duncan Rd,,M3K,Single/Semi-detached House,6,York Centre
1162370,STR-2401-HFHXVW,20 Sheridan Ave,,M6K,Single/Semi-detached House,9,Davenport
1162371,STR-2401-HMPXVX,23 Birchmount Rd,,M1N,Single/Semi-detached House,20,Scarborough Southwest
1162372,STR-2401-FJLKVP,597 O'Connor Dr,,M4C,Single/Semi-detached House,19,Beaches-East York
1162373,STR-2401-GHFKVS,141 Silas Hill Dr,,M2J,Single/Semi-detached House,17,Don Valley North
1162374,STR-2401-GQLKVT,300 Front St W,3805,M5V,Condominium,10,Spadina-Fort York
1162375,STR-2401-GXSKVV,19 Stavely Ave,,M1K,Single/Semi-detached House,20,Scarborough Southwest
1162376,STR-2401-HPFKVX,21 Woodenhill Crt,,M6M,Single/Semi-detached House,5,York South-Weston
1162377,STR-2401-HWLKVY,127 Fitzgibbon Ave,,M1K,Single/Semi-detached House,21,Scarborough Centre
1162378,STR-2401-JDSKVZ,15 Legion Rd,1804,M8V,Condominium,3,Etobicoke-Lakeshore
1162379,STR-2401-FSHXVQ,215 Fort York Blvd,1903,M5V,Condominium,10,Spadina-Fort York
1162380,STR-2401-GHVXVS,57 Burnhamthorpe Cres,,M9A,Single/Semi-detached House,3,Etobicoke-Lakeshore
1162381,STR-2401-GRBXVT,36 Erindale Ave,B,M4K,Duplex/Triplex/Fourplex,14,Toronto-Danforth
1162382,STR-2401-GYHXVV,64 Osler St,,M6P,Single/Semi-detached House,9,Davenport
1162383,STR-2401-HXBXVY,63 Rusholme Rd,,M6J,Single/Semi-detached House,9,Davenport
1162384,STR-2401-JFHXVZ,440 Ashdale Ave,,M4L,Single/Semi-detached House,14,Toronto-Danforth
1162385,STR-2401-FKSKVP,18 Yonge St,2512,M5E,Condominium,10,Spadina-Fort York
1162386,STR-2401-FSYKVQ,197 Yonge St,6005,M5B,Condominium,13,Toronto Centre
1162387,STR-2401-GJLKVS,47 Dunraven Dr,,M6M,Single/Semi-detached House,5,York South-Weston
1162388,STR-2401-HHFKVW,50 Devondale Ave,,M2R,Single/Semi-detached House,18,Willowdale
1162389,STR-2401-HXSKVY,41 Nina St,,M5R,Single/Semi-detached House,12,Toronto-St. Paul's
1162390,STR-2401-JFYKVZ,11 St Joseph St,1803,M4Y,Condominium,13,Toronto Centre
1162391,STR-2401-FLHXVP,17 Gustav Cres,,M2M,Single/Semi-detached House,18,Willowdale
1162392,STR-2401-GBVXVR,2 Anndale Dr,1602,M2N,Condominium,18,Willowdale
1162393,STR-2401-HRBXVX,60 Lindsey Ave,3,M6H,Duplex/Triplex/Fourplex,9,Davenport
1162394,STR-2401-HYHXVY,15 Hertle Ave,,M4L,Single/Semi-detached House,14,Toronto-Danforth
1162395,STR-2401-FDTRVP,21 Iceboat Ter,1115,M5V,Condominium,10,Spadina-Fort York
1162396,STR-2401-FVGRVR,65 Bremner Blvd,3105,M5J,Condominium,10,Spadina-Fort York
1162397,STR-2401-GCMRVS,20 Rainsford Rd,,M4L,Single/Semi-detached House,19,Beaches-East York
1162398,STR-2401-GKTRVT,43 Syracuse Cres,,M1E,Single/Semi-detached House,24,Scarborough-Guildwood
1162399,STR-2401-HRTRVY,123 Woodbine Ave,112,M4L,Condominium,19,Beaches-East York
1162400,STR-2401-FFKDVP,26 Fennings St,,M6J,Townhouse/ Row House,10,Spadina-Fort York
1162401,STR-2401-FMRDVQ,25 Pebble Byway,9,M2H,Townhouse/ Row House,17,Don Valley North
1162402,STR-2401-FVXDVR,74 Thirty Eighth St,,M8W,Single/Semi-detached House,3,Etobicoke-Lakeshore
1162403,STR-2401-GLKDVT,101 Peter St,1701,M5V,Condominium,10,Spadina-Fort York
1162404,STR-2401-HBXDVW,10 Stamford Sq S,,M1L,Single/Semi-detached House,20,Scarborough Southwest
1162405,STR-2401-HKDDVX,1239 Victoria Park Ave,,M4B,Single/Semi-detached House,20,Scarborough Southwest
1162406,STR-2401-HSKDVY,21 Iceboat Ter,4212,M5V,Condominium,10,Spadina-Fort York
1162407,STR-2401-FFZRVP,133 Bethany Leigh Dr,,M1V,Single/Semi-detached House,23,Scarborough North
1162408,STR-2401-FPGRVQ,1153 Dupont St,,M6H,Single/Semi-detached House,9,Davenport
1162409,STR-2401-FWMRVR,10 Park Lawn Rd,4003,M8V,Condominium,3,Etobicoke-Lakeshore
1162410,STR-2401-GDTRVS,24 Sheridan Ave,1,M6K,Duplex/Triplex/Fourplex,9,Davenport
1162411,STR-2401-GLZRVT,179 O'Connor Dr,,M4J,Single/Semi-detached House,14,Toronto-Danforth
1162412,STR-2401-GVGRVV,8 Eaton Park Lane,5,M1W,Townhouse/ Row House,22,Scarborough-Agincourt
1162413,STR-2401-HCMRVW,8 The Esplanade,3811,M5E,Condominium,13,Toronto Centre
1162414,STR-2401-HKTRVX,33 Coxwell Ave,,M4L,Single/Semi-detached House,19,Beaches-East York
1162415,STR-2401-JBGRVZ,30 Nelson St,3305,M5V,Condominium,10,Spadina-Fort York
1162416,STR-2401-FGRDVP,522 Melrose Ave,,M5M,Single/Semi-detached House,8,Eglinton-Lawrence
1162417,STR-2401-FPXDVQ,3 Linden Ave,,M1K,Single/Semi-detached House,20,Scarborough Southwest
1162418,STR-2401-FXDDVR,97 Santa Barbara Rd,,M2N,Single/Semi-detached House,18,Willowdale
1162419,STR-2401-GFKDVS,41 Eileen Ave,,M6N,Single/Semi-detached House,5,York South-Weston
1162420,STR-2401-GVXDVV,14 York St,307,M5J,Condominium,10,Spadina-Fort York
1162421,STR-2401-HDDDVW,5 Sheppard Ave E,3824,M2N,Condominium,18,Willowdale
1162422,STR-2401-HLKDVX,134 Helendale Ave,,M4R,Single/Semi-detached House,8,Eglinton-Lawrence
1162423,STR-2401-JBXDVZ,2 Anndale Dr,607,M2N,Condominium,18,Willowdale
1162424,STR-2401-FHGRVP,106 Dovercourt Rd,101,M6J,Condominium,9,Davenport
1162425,STR-2401-FXTRVR,209 Fort York Blvd,1273,M5V,Condominium,10,Spadina-Fort York
1162426,STR-2401-GPGRVT,238 Doris Ave,212,M2N,Condominium,18,Willowdale
1162427,STR-2401-GWMRVV,38 Monte Kwinter Crt,711,M3H,Condominium,6,York Centre
1162428,STR-2401-HLZRVX,151 Dan Leckie Way,1009,M5V,Apartment,10,Spadina-Fort York
1162429,STR-2401-HVGRVY,85 Wellesley St E,401,M4Y,Apartment,13,Toronto Centre
1162430,STR-2401-JCMRVZ,30 Doddington Dr,,M8Y,Single/Semi-detached House,3,Etobicoke-Lakeshore
1162431,STR-2401-FHXDVP,24 Unity Rd,,M4J,Single/Semi-detached House,14,Toronto-Danforth
1162432,STR-2401-FRDDVQ,55 Paradelle Cres,1,M3N,Single/Semi-detached House,7,Humber River-Black Creek
1162433,STR-2401-FYKDVR,57 Fairview Ave,,M6P,Single/Semi-detached House,4,Parkdale-High Park
1162434,STR-2401-GPXDVT,76 Garnet Ave,Upper Unit,M6G,Single/Semi-detached House,11,University-Rosedale
1162435,STR-2401-HFKDVW,49 Heath St W,,M4V,Single/Semi-detached House,12,Toronto-St. Paul's
1162436,STR-2401-HVXDVY,15 O'Hara Ave,308,M6K,Apartment,4,Parkdale-High Park
1162437,STR-2401-JDDDVZ,55 Ontario St,1503,M5A,Condominium,13,Toronto Centre
1162438,STR-2401-FJMRVP,20 Littlewood Cres,,M9C,Single/Semi-detached House,2,Etobicoke Centre
1162439,STR-2401-FRTRVQ,2738 St Clair Ave E,Main,M4B,Single/Semi-detached House,19,Beaches-East York
1162440,STR-2401-FYZRVR,44 D'Arcy St,B,M5T,Single/Semi-detached House,11,University-Rosedale
1162441,STR-2401-GHGRVS,251 Manitoba St,327,M8Y,Condominium,3,Etobicoke-Lakeshore
1162442,STR-2401-HFZRVW,68 Monkton Ave,,M8Z,Single/Semi-detached House,3,Etobicoke-Lakeshore
1162443,STR-2401-HPGRVX,428 1/2 Clinton St,,M6G,Single/Semi-detached House,11,University-Rosedale
1162444,STR-2401-HWMRVY,26 Goldsboro Rd,,M9L,Duplex/Triplex/Fourplex,7,Humber River-Black Creek
1162445,STR-2401-FKDDVP,51 Ingham Ave,,M4K,Single/Semi-detached House,14,Toronto-Danforth
1162446,STR-2401-FSKDVQ,200 Sudbury St,308,M6J,Condominium,9,Davenport
1162447,STR-2401-GHXDVS,173 Timberbank Blvd,,M1W,Single/Semi-detached House,22,Scarborough-Agincourt
1162448,STR-2401-GRDDVT,67 Dennett Dr,,M1S,Single/Semi-detached House,23,Scarborough North
1162449,STR-2401-GYKDVV,9 Wilkins Ave,,M5A,Townhouse/ Row House,13,Toronto Centre
1162450,STR-2401-HGRDVW,43 Bernice Cres,,M6N,Single/Semi-detached House,5,York South-Weston
1162451,STR-2401-HPXDVX,6 Akil Thomas Gdns,,M1P,Townhouse/ Row House,21,Scarborough Centre
1162452,STR-2401-HXDDVY,783 Adelaide St W,,M6J,Single/Semi-detached House,10,Spadina-Fort York
1162453,STR-2401-FKTRVP,50 Charles St E,2410,M4Y,Condominium,11,University-Rosedale
1162454,STR-2401-FSZRVQ,14 Cheshire Dr,,M9B,Single/Semi-detached House,2,Etobicoke Centre
1162455,STR-2401-GBGRVR,26 Craigmore Cres,,M2N,Single/Semi-detached House,18,Willowdale
1162456,STR-2401-GJMRVS,14 York St,5904,M5J,Condominium,10,Spadina-Fort York
1162457,STR-2401-GRTRVT,56 Roywood Dr,,M3A,Single/Semi-detached House,16,Don Valley East
1162458,STR-2401-HHGRVW,165 Legion Rd N,1634,M8Y,Condominium,3,Etobicoke-Lakeshore
1162459,STR-2401-HQMRVX,219 Fort York Blvd,901,M5V,Condominium,10,Spadina-Fort York
1162460,STR-2401-JFZRVZ,21 Iceboat Ter,2703,M5V,Condominium,10,Spadina-Fort York
1162461,STR-2401-GBXDVR,101 Peter St,3310,M5V,Condominium,10,Spadina-Fort York
1162462,STR-2401-GKDDVS,210 Victoria St,4011,M5B,Condominium,13,Toronto Centre
1162463,STR-2401-GZRDVV,101 Peter St,5,M5V,Condominium,10,Spadina-Fort York
1162464,STR-2401-HRDDVX,21 Iceboat Ter,4603,M5V,Condominium,10,Spadina-Fort York
1162465,STR-2401-HYKDVY,701 King St W,411,M5V,Condominium,10,Spadina-Fort York
1162466,STR-2401-GCPXVS,165 Manning Ave,,M6J,Duplex/Triplex/Fourplex,10,Spadina-Fort York
1162467,STR-2401-GTBXVV,947 Willowdale Ave,,M2M,Apartment,18,Willowdale
1162468,STR-2401-HBHXVW,73 Richmond St W,205A,M5H,Condominium,10,Spadina-Fort York
1162469,STR-2401-HJPXVX,285 Willow Ave,,M4E,Single/Semi-detached House,19,Beaches-East York
1162470,STR-2401-HRVXVY,5 Sheppard Ave E,2916,M2N,Condominium,18,Willowdale
1162471,STR-2401-FFLKVP,4 Henley Cres,,M9W,Single/Semi-detached House,1,Etobicoke North
1162472,STR-2401-FMSKVQ,300 Front St W,3414,M5V,Condominium,10,Spadina-Fort York
1162473,STR-2401-FVYKVR,31 Fleetwell Crt,,M2R,Single/Semi-detached House,18,Willowdale
1162474,STR-2401-GLLKVT,155 Yorkville Ave,904,M5R,Condominium,11,University-Rosedale
1162475,STR-2401-HBYKVW,121 Maxome Ave,,M2M,Single/Semi-detached House,18,Willowdale
1162476,STR-2401-HKFKVX,223 Lisgar St,,M6J,Duplex/Triplex/Fourplex,9,Davenport
1162477,STR-2401-HZSKVZ,1183 Kipling Ave,,M9B,Single/Semi-detached House,2,Etobicoke Centre
1162478,STR-2401-FPHXVQ,219 Fort York Blvd,1406,M5V,Condominium,10,Spadina-Fort York
1162479,STR-2401-FWPXVR,75 Oak Park Ave,,M4C,Single/Semi-detached House,19,Beaches-East York
1162480,STR-2401-GMBXVT,17 Kilbarry Rd,,M5P,Single/Semi-detached House,12,Toronto-St. Paul's
1162481,STR-2401-GVHXVV,101 Peter St,3610,M5V,Condominium,10,Spadina-Fort York
1162482,STR-2401-HTBXVY,2A Church St,910,M5E,Condominium,10,Spadina-Fort York
1162483,STR-2401-JBHXVZ,354 Main St,,M4C,Single/Semi-detached House,19,Beaches-East York
1162484,STR-2401-FGSKVP,11 Kelvinway Dr,basement,M1W,Single/Semi-detached House,22,Scarborough-Agincourt
1162485,STR-2401-FPYKVQ,31 Russett Ave,,M6H,Single/Semi-detached House,9,Davenport
1162486,STR-2401-GMSKVT,21 Iceboat Ter,2111,M5V,Condominium,10,Spadina-Fort York
1162487,STR-2401-GVYKVV,42 Aspendale Dr,upper,M1P,Single/Semi-detached House,21,Scarborough Centre
1162488,STR-2401-HDFKVW,33 Anewen Dr,,M4A,Single/Semi-detached House,16,Don Valley East
1162489,STR-2401-JBYKVZ,16 Norham Cres,,M9R,Single/Semi-detached House,2,Etobicoke Centre
1162490,STR-2401-FHHXVP,128 Scarboro Ave,,M1C,Single/Semi-detached House,25,Scarborough-Rouge Park
1162491,STR-2401-FXVXVR,76 Milverton Blvd,,M4J,Single/Semi-detached House,14,Toronto-Danforth
1162492,STR-2401-GGBXVS,120 Glendale Ave,,M6R,Single/Semi-detached House,4,Parkdale-High Park
1162493,STR-2401-GPHXVT,226 Winona Dr,,M6C,Single/Semi-detached House,9,Davenport
1162494,STR-2401-GWPXVV,430 Rustic Rd,,M6L,Single/Semi-detached House,5,York South-Weston
1162495,STR-2401-HMBXVX,21 Grand Magazine St,709,M5V,Apartment,10,Spadina-Fort York
1162496,STR-2401-HVHXVY,88 Corporate Dr,1905,M1H,Apartment,24,Scarborough-Guildwood
1162497,STR-2401-JCPXVZ,20 Edward St,712,M5G,Apartment,11,University-Rosedale
1162498,STR-2401-FHYKVP,28 Ted Rogers Way,4302,M4Y,Apartment,11,University-Rosedale
1162499,STR-2401-FYLKVR,64 Malamute Cres,,M1T,Single/Semi-detached House,22,Scarborough-Agincourt
1162500,STR-2401-GXFKVV,24 Clarkhill St,,M2R,Single/Semi-detached House,18,Willowdale
1162501,STR-2401-HMSKVX,22A Lynnbrook Dr,,M1H,Single/Semi-detached House,24,Scarborough-Guildwood
1162502,STR-2401-JDFKVZ,37 Dundonald St,,M4Y,Single/Semi-detached House,13,Toronto Centre
1162503,STR-2401-FJPXVP,105 Isabella St,1007,M4Y,Apartment,13,Toronto Centre
1162504,STR-2401-HGBXVW,251 Jarvis St,2703,M5B,Condominium,13,Toronto Centre
1162505,STR-2401-JDVXVZ,1026 Mount Pleasant Rd,,M4P,Single/Semi-detached House,15,Don Valley West
1162506,STR-2401-FSLKVQ,575 Bloor St E,807,M4W,Apartment,13,Toronto Centre
1162507,STR-2401-FZSKVR,300 Front St W,3401,M5V,Condominium,10,Spadina-Fort York
1162508,STR-2401-GRFKVT,41 South Marine Dr,,M1E,Single/Semi-detached House,24,Scarborough-Guildwood
1162509,STR-2401-GYLKVV,15 O'Hara Ave,408,M6K,Apartment,4,Parkdale-High Park
1162510,STR-2401-HXFKVY,25 Lower Simcoe St,323,M5J,Condominium,10,Spadina-Fort York
1162511,STR-2401-JFLKVZ,41 Brightwood St,,M3H,Apartment,6,York Centre
1162512,STR-2401-FKVXVP,71 Winstanly Cres,,M1B,Single/Semi-detached House,25,Scarborough-Rouge Park
1162513,STR-2401-FTBXVQ,151 Dan Leckie Way,1908,M5V,Condominium,10,Spadina-Fort York
1162514,STR-2401-GBHXVR,108 Grenadier Rd,,M6R,Single/Semi-detached House,4,Parkdale-High Park
1162515,STR-2401-GJPXVS,96 Heron Park Pl,,M1E,Townhouse/ Row House,25,Scarborough-Rouge Park
1162516,STR-2401-HQPXVX,300 Front St W,711,M5V,Condominium,10,Spadina-Fort York
1162517,STR-2401-HXVXVY,199 Richmond St W,1805,M5V,Condominium,10,Spadina-Fort York
1162518,STR-2401-FLLKVP,105 George St,2009,M5A,Condominium,13,Toronto Centre
1162519,STR-2401-FTSKVQ,18 Moynes Ave,,M8Y,Single/Semi-detached House,3,Etobicoke-Lakeshore
1162520,STR-2401-GKFKVS,150 Logan Ave,207,M4M,Condominium,14,Toronto-Danforth
1162521,STR-2401-GSLKVT,300 Front St W,2502,M5V,Condominium,10,Spadina-Fort York
1162522,STR-2401-GZSKVV,300 Front St W,4202,M5V,Condominium,10,Spadina-Fort York
1162523,STR-2401-HHYKVW,148 Hendon Ave,,M2M,Single/Semi-detached House,18,Willowdale
1162524,STR-2401-HRFKVX,2 Anndale Dr,407,M2N,Apartment,18,Willowdale
1162525,STR-2401-HYLKVY,55 Turntable Cres,68,M6H,Townhouse/ Row House,9,Davenport
1162526,STR-2401-JGSKVZ,779 Eglinton Ave W,4,M5N,Apartment,12,Toronto-St. Paul's
1162527,STR-2401-FDXDVP,20 Wade Ave,304,M6H,Apartment,9,Davenport
1162528,STR-2401-FMDDVQ,890 Queen St E,A,M4M,Duplex/Triplex/Fourplex,14,Toronto-Danforth
1162529,STR-2401-FVKDVR,715 Lawrence Ave W,24,M6A,Condominium,8,Eglinton-Lawrence
1162530,STR-2401-GCRDVS,134 Tulane Cres,,M3A,Single/Semi-detached House,16,Don Valley East
1162531,STR-2401-GKXDVT,14 Fieldstone Rd,APT,M9C,Single/Semi-detached House,2,Etobicoke Centre
1162532,STR-2401-HBKDVW,69 Aura Lea Blvd,,M9M,Single/Semi-detached House,7,Humber River-Black Creek
1162533,STR-2401-HJRDVX,2002 Martin Grove Rd,3,M9V,Condominium,1,Etobicoke North
1162534,STR-2401-FFMRVP,55 Cooper St,6105,M5E,Condominium,10,Spadina-Fort York
1162535,STR-2401-FVZRVR,29 Curzon St,,M4M,Single/Semi-detached House,14,Toronto-Danforth
1162536,STR-2401-GDGRVS,2230 Lake Shore Blvd W,1201,M8V,Condominium,3,Etobicoke-Lakeshore
1162537,STR-2401-GTTRVV,251 Soudan Ave,,M4S,Single/Semi-detached House,12,Toronto-St. Paul's
1162538,STR-2401-HBZRVW,181 Baldwin St,202,M5T,Apartment,11,University-Rosedale
1162539,STR-2401-HKGRVX,57 Cameron St,B,M5T,Duplex/Triplex/Fourplex,10,Spadina-Fort York
1162540,STR-2401-HZTRVZ,5168 Yonge St,PH302,M2N,Condominium,18,Willowdale
1162541,STR-2401-FGDDVP,27 Bisset Ave,,M8W,Single/Semi-detached House,3,Etobicoke-Lakeshore
1162542,STR-2401-GDXDVS,247 Gamble Ave,,M4J,Single/Semi-detached House,14,Toronto-Danforth
1162543,STR-2401-GMDDVT,46 Allen Ave,,M4M,Townhouse/ Row House,14,Toronto-Danforth
1162544,STR-2401-GVKDVV,21 Iceboat Ter,3603,M5V,Condominium,10,Spadina-Fort York
1162545,STR-2401-HCRDVW,628 Fleet St,3306,M5V,Condominium,10,Spadina-Fort York
1162546,STR-2401-HKXDVX,21 Iceboat Ter,1022,M5V,Condominium,10,Spadina-Fort York
1162547,STR-2401-HTDDVY,213 Mutual St,,M5B,Townhouse/ Row House,13,Toronto Centre
1162548,STR-2401-GFMRVS,99 Broadway Ave,1004,M4P,Condominium,12,Toronto-St. Paul's
1162549,STR-2401-GVZRVV,46 Crescentwood Rd,,M1N,Single/Semi-detached House,20,Scarborough Southwest
1162550,STR-2401-HLMRVX,77 Huntley St,2401,M4Y,Apartment,13,Toronto Centre
1162551,STR-2401-HTTRVY,210 Victoria St,4105,M5B,Condominium,13,Toronto Centre
1162552,STR-2401-JBZRVZ,300 Front St W,905,M5V,Condominium,10,Spadina-Fort York
1162553,STR-2401-FHKDVP,300 Front St W,1701,M5V,Condominium,10,Spadina-Fort York
1162554,STR-2401-FQRDVQ,300 Front St W,1714,M5V,Condominium,10,Spadina-Fort York
1162555,STR-2401-FXXDVR,21 Iceboat Ter,4109,M5V,Condominium,10,Spadina-Fort York
1162556,STR-2401-GGDDVS,300 Front St W,1205,M5V,Condominium,10,Spadina-Fort York
1162557,STR-2401-GWRDVV,300 Front St W,2514,M5V,Condominium,10,Spadina-Fort York
1162558,STR-2401-HDXDVW,294 St Clements Ave,,M4R,Single/Semi-detached House,8,Eglinton-Lawrence
1162559,STR-2401-HVKDVY,231 Fort York Blvd,2205,M5V,Condominium,10,Spadina-Fort York
1162560,STR-2401-JCRDVZ,50 McNairn Ave,,M5M,Single/Semi-detached House,8,Eglinton-Lawrence
1162561,STR-2401-FHZRVP,15 O'Hara Ave,102,M6K,Apartment,4,Parkdale-High Park
1162562,STR-2401-FRGRVQ,151 Dan Leckie Way,2006,M5V,Condominium,10,Spadina-Fort York
1162563,STR-2401-FYMRVR,55 Mercer St,1505,M5V,Condominium,10,Spadina-Fort York
1162564,STR-2401-GGTRVS,97 Lippincott St,Upper,M5S,Single/Semi-detached House,11,University-Rosedale
1162565,STR-2401-GPZRVT,300 Front St W,2203,M5V,Condominium,10,Spadina-Fort York
1162566,STR-2401-GXGRVV,7 Glencrest Blvd,,M4B,Single/Semi-detached House,19,Beaches-East York
1162567,STR-2401-HMTRVX,438 Richmond St W,208,M5V,Apartment,10,Spadina-Fort York
1162568,STR-2401-HVZRVY,60 Sullivan St,,M5T,Single/Semi-detached House,10,Spadina-Fort York
1162569,STR-2401-FJRDVP,413 Brock Ave,,M6H,Single/Semi-detached House,9,Davenport
1162570,STR-2401-FZDDVR,919 Dufferin St,303,M6H,Apartment,9,Davenport
1162571,STR-2401-GHKDVS,23 Muir Ave,,M6H,Single/Semi-detached House,9,Davenport
1162572,STR-2401-GQRDVT,130 Old Forest Hill Rd,410,M5P,Apartment,12,Toronto-St. Paul's
1162573,STR-2401-GXXDVV,635 Sheppard Ave E,,M2K,Single/Semi-detached House,17,Don Valley North
1162574,STR-2401-HPKDVX,115 Blue Jays Way,1503,M5V,Condominium,10,Spadina-Fort York
1162575,STR-2401-HWRDVY,20 Edgecliff Golfway,1707,M3C,Condominium,16,Don Valley East
1162576,STR-2401-JDXDVZ,700 Ontario St,1112,M4X,Apartment,13,Toronto Centre
1162577,STR-2401-FKGRVP,152 Lyndhurst Ave,,M5R,Single/Semi-detached House,12,Toronto-St. Paul's
1162578,STR-2401-FZTRVR,1512 King St W,101,M6K,Apartment,4,Parkdale-High Park
1162579,STR-2401-GHZRVS,23 Glebe Rd W,918,M5P,Condominium,12,Toronto-St. Paul's
1162580,STR-2401-GRGRVT,53 Woodbine Ave,,M4L,Single/Semi-detached House,19,Beaches-East York
1162581,STR-2401-GYMRVV,60 Brooklyn Ave,,M4M,Single/Semi-detached House,14,Toronto-Danforth
1162582,STR-2401-HGTRVW,21 Iceboat Ter,3015,M5V,Condominium,10,Spadina-Fort York
1162583,STR-2401-HPZRVX,101 Peter St,608,M5V,Condominium,10,Spadina-Fort York
1162584,STR-2401-JFMRVZ,1415 Gerrard St E,2A,M4L,Apartment,14,Toronto-Danforth
1162585,STR-2401-FKXDVP,2301 Lawrence Ave W,,M9P,Single/Semi-detached House,2,Etobicoke Centre
1162586,STR-2401-GBKDVR,15B Thirty Second St,,M8W,Single/Semi-detached House,3,Etobicoke-Lakeshore
1162587,STR-2401-GZDDVV,364 Dundas St E,A,M5A,Condominium,13,Toronto Centre
1162588,STR-2401-HQRDVX,300 Front St W,1303,M5V,Condominium,10,Spadina-Fort York
1162589,STR-2401-HXXDVY,300 Front St W,2406,M5V,Condominium,10,Spadina-Fort York
1162590,STR-2401-JGDDVZ,29 Lyncroft Dr,,M1E,Single/Semi-detached House,24,Scarborough-Guildwood
1162591,STR-2401-GKGRVS,40 Rogers Rd,,M6E,Single/Semi-detached House,12,Toronto-St. Paul's
1162592,STR-2401-GZTRVV,1209 Queen St E,72,M4M,Condominium,14,Toronto-Danforth
1162593,STR-2401-HHZRVW,295 Dufferin St,205,M6K,Apartment,10,Spadina-Fort York
1162594,STR-2401-HRGRVX,300 Front St W,2004,M5V,Condominium,10,Spadina-Fort York
1162595,STR-2401-HYMRVY,65 Bertha Ave,,M1L,Single/Semi-detached House,20,Scarborough Southwest
1162596,STR-2401-JGTRVZ,56 Withrow Ave,,M4K,Single/Semi-detached House,14,Toronto-Danforth
1162597,STR-2401-FDYKVP,149 St George St,105,M5R,Apartment,11,University-Rosedale
1162598,STR-2401-FMFKVQ,53 Plewes Rd,BASEMENT,M3K,Single/Semi-detached House,6,York Centre
1162599,STR-2401-FVLKVR,101 Peter St,1002,M5V,Condominium,10,Spadina-Fort York
1162600,STR-2401-GTFKVV,300 Front St W,2912,M5V,Condominium,10,Spadina-Fort York
1162601,STR-2401-HJSKVX,50 Ordnance St,902,M6K,Condominium,10,Spadina-Fort York
1162602,STR-2401-HRYKVY,700 King St W,503,M5V,Apartment,10,Spadina-Fort York
1162603,STR-2401-HZFKVZ,115 Leslie St,,M4M,Single/Semi-detached House,14,Toronto-Danforth
1162604,STR-2401-FFPXVP,181E De Grassi St,,M4M,Single/Semi-detached House,14,Toronto-Danforth
1162605,STR-2401-FMVXVQ,5 Defries St,807,M5A,Condominium,13,Toronto Centre
1162606,STR-2401-GDHXVS,1190 Dundas St E,620,M4M,Condominium,14,Toronto-Danforth
1162607,STR-2401-GTVXVV,300 Front St W,2701,M5V,Condominium,10,Spadina-Fort York
1162608,STR-2401-HCBXVW,1 Martin Rd,,M4S,Single/Semi-detached House,15,Don Valley West
1162609,STR-2401-HSPXVY,33 Rathnelly Ave,,M4V,Single/Semi-detached House,12,Toronto-St. Paul's
1162610,STR-2401-FGFKVP,386 Rosewell Ave,,M4R,Single/Semi-detached House,8,Eglinton-Lawrence
1162611,STR-2401-FPLKVQ,87 Robinson St,,M6J,Single/Semi-detached House,10,Spadina-Fort York
1162612,STR-2401-FXYKVR,16 Roblin Ave,,M4C,Single/Semi-detached House,19,Beaches-East York
1162613,STR-2401-FWSKVR,40 Scollard St,902,M5R,Apartment,11,University-Rosedale
1162614,STR-2401-GDYKVS,175 Cumberland St,1211,M5R,Apartment,11,University-Rosedale
1162615,STR-2401-GMFKVT,35 Balmuto St,3102,M4Y,Apartment,11,University-Rosedale
1162616,STR-2401-GVLKVV,167 Church St,1806,M5B,Apartment,13,Toronto Centre
1162617,STR-2401-HCSKVW,14 York St,2305,M5J,Condominium,10,Spadina-Fort York
1162618,STR-2401-HKYKVX,323 Burrows Hall Blvd,,M1B,Single/Semi-detached House,23,Scarborough North
1162619,STR-2401-HTFKVY,95 McMahon Dr,3609,M2K,Condominium,17,Don Valley North
1162620,STR-2401-JBLKVZ,77 Avenue Rd,204,M5R,Apartment,11,University-Rosedale
1162621,STR-2401-FGVXVP,21 Iceboat Ter,3901,M5V,Condominium,10,Spadina-Fort York
1162622,STR-2401-FQBXVQ,219 Fort York Blvd,701,M5V,Condominium,10,Spadina-Fort York
1162623,STR-2401-GFPXVS,14 McInnes Cres,,M1B,Single/Semi-detached House,25,Scarborough-Rouge Park
1162624,STR-2401-GMVXVT,192 Roselawn Ave,,M4R,Single/Semi-detached House,8,Eglinton-Lawrence
1162625,STR-2401-HDHXVW,300 Front St W,2607,M5V,Condominium,10,Spadina-Fort York
1162626,STR-2401-HLPXVX,155 Yorkville Ave,1508,M5R,Condominium,11,University-Rosedale
1162627,STR-2401-HTVXVY,14 York St,1901,M5J,Condominium,10,Spadina-Fort York
1162628,STR-2401-JCBXVZ,1492 Dundas St E,1,M4M,Apartment,14,Toronto-Danforth
1162629,STR-2401-FQSKVQ,30 Hillsboro Ave,2102,M5R,Apartment,11,University-Rosedale
1162630,STR-2401-GGFKVS,501 Yonge St,4613,M4Y,Condominium,13,Toronto Centre
1162631,STR-2401-GPLKVT,270 Wellington St W,818,M5V,Condominium,10,Spadina-Fort York
1162632,STR-2401-HDYKVW,65 Dynevor Rd,303,M6E,Apartment,9,Davenport
1162633,STR-2401-HMFKVX,1 Iceboat Ter,G16,M5V,Condominium,10,Spadina-Fort York
1162634,STR-2401-HVLKVY,105 George St,409,M5A,Apartment,13,Toronto Centre
1162635,STR-2401-JCSKVZ,151 Dan Leckie Way,815,M5V,Condominium,10,Spadina-Fort York
1162636,STR-2401-FJBXVP,300 Front St W,4013,M5V,Condominium,10,Spadina-Fort York
1162637,STR-2401-FYPXVR,560 Front St W,419,M5V,Condominium,10,Spadina-Fort York
1162638,STR-2401-GGVXVS,37 Waverley Rd,,M4L,Single/Semi-detached House,19,Beaches-East York
1162639,STR-2401-HFPXVW,55 Triller Ave,502,M6R,Apartment,4,Parkdale-High Park
1162640,STR-2401-HMVXVX,15 Endean Ave,,M4M,Single/Semi-detached House,14,Toronto-Danforth
1162641,STR-2401-FJSKVP,19 Crosland Dr,,M1R,Single/Semi-detached House,21,Scarborough Centre
1162642,STR-2401-FRYKVQ,14 Crofton Rd,,M4G,Single/Semi-detached House,15,Don Valley West
1162643,STR-2401-FZFKVR,832 Bay St,3304,M5S,Condominium,11,University-Rosedale
1162644,STR-2401-GXYKVV,300 Front St W,4212,M5V,Condominium,10,Spadina-Fort York
1162645,STR-2401-HGFKVW,101 Peter St,3001,M5V,Apartment,10,Spadina-Fort York
1162646,STR-2401-HWSKVY,53 Kenilworth Ave,,M4L,Single/Semi-detached House,19,Beaches-East York
1162647,STR-2401-JDYKVZ,170 Fort York Blvd,2702,M5V,Condominium,10,Spadina-Fort York
1162648,STR-2401-FSPXVQ,171 Symons St,,M8V,Single/Semi-detached House,3,Etobicoke-Lakeshore
1162649,STR-2401-FZVXVR,5162 Yonge St,LPH208,M2N,Condominium,18,Willowdale
1162650,STR-2401-GYPXVV,176 Patricia Ave,,M2M,Single/Semi-detached House,18,Willowdale
1162651,STR-2401-JFPXVZ,136 Gilmour Ave,,M6P,Single/Semi-detached House,4,Parkdale-High Park
1162652,STR-2401-FKYKVP,56 Brookmount Rd,,M4L,Single/Semi-detached House,19,Beaches-East York
1162653,STR-2401-FTFKVQ,284 Gladstone Ave,,M6J,Duplex/Triplex/Fourplex,9,Davenport
1162654,STR-2401-GBLKVR,525 Adelaide St W,932,M5V,Condominium,10,Spadina-Fort York
1162655,STR-2401-GRYKVT,321 Sherbourne St,702,M5A,Apartment,13,Toronto Centre
1162656,STR-2401-GZFKVV,10 Sunny Glenway,408,M3C,Condominium,16,Don Valley East
1162657,STR-2401-HHLKVW,39 Niagara St,534,M5V,Apartment,10,Spadina-Fort York
1162658,STR-2401-HQSKVX,519 Crawford St,,M6G,Single/Semi-detached House,11,University-Rosedale
1162659,STR-2401-JGFKVZ,2405 Queen St E,101,M4E,Apartment,19,Beaches-East York
1162660,STR-2401-FLPXVP,26 Glenora Ave,,M6C,Single/Semi-detached House,12,Toronto-St. Paul's
1162661,STR-2401-FTVXVQ,9 Twenty Fourth St,Lower,M8V,Single/Semi-detached House,3,Etobicoke-Lakeshore
1162662,STR-2401-GCBXVR,46 Archwood Cres,,M1R,Single/Semi-detached House,21,Scarborough Centre
1162663,STR-2401-GKHXVS,14 York St,2406,M5J,Condominium,10,Spadina-Fort York
1162664,STR-2401-GSPXVT,258 Joicey Blvd,,M5M,Single/Semi-detached House,8,Eglinton-Lawrence
1162665,STR-2401-GZVXVV,955 Bay St,2306,M5S,Condominium,13,Toronto Centre
1162666,STR-2401-HRHXVX,98 Seaton St,,M5A,Single/Semi-detached House,13,Toronto Centre
1162667,STR-2401-FDZRVP,560 Front St W,203,M5V,Condominium,10,Spadina-Fort York
1162668,STR-2401-FMGRVQ,112 Shoreham Dr,,M3N,Single/Semi-detached House,7,Humber River-Black Creek
1162669,STR-2401-FVMRVR,1926 Lake Shore Blvd W,2307,M6S,Condominium,4,Parkdale-High Park
1162670,STR-2401-GKZRVT,7 watkinson ave,105,M6P,Condominium,4,Parkdale-High Park
1162671,STR-2401-GTGRVV,154 Delta St,,M8W,Single/Semi-detached House,3,Etobicoke-Lakeshore
1162672,STR-2401-HBMRVW,22 Western Battery Rd,115,M6K,Condominium,10,Spadina-Fort York
1162673,STR-2401-HJTRVX,14 York St,2106,M5J,Apartment,10,Spadina-Fort York
1162674,STR-2401-HRZRVY,207 Glenwood Cres,,M4B,Single/Semi-detached House,19,Beaches-East York
1162675,STR-2401-FFRDVP,290 Adelaide St W,1312,M5V,Condominium,10,Spadina-Fort York
1162676,STR-2401-FMXDVQ,13 Bluffwood Dr,,M2H,Single/Semi-detached House,17,Don Valley North
1162677,STR-2401-GLRDVT,31 Skelmore Cres,,M3A,Single/Semi-detached House,16,Don Valley East
1162678,STR-2401-HCDDVW,8 Charlotte St,507,M5V,Condominium,10,Spadina-Fort York
1162679,STR-2401-HKKDVX,29 Canniff St,403,M6K,Townhouse/ Row House,10,Spadina-Fort York
1162680,STR-2401-HSRDVY,65 Bremner Blvd,4007,M5J,Condominium,10,Spadina-Fort York
1162681,STR-2401-FPMRVQ,8 Wellesley St E,511,M4Y,Condominium,13,Toronto Centre
1162682,STR-2401-FWTRVR,87 Peter St,3101,M5V,Condominium,10,Spadina-Fort York
1162683,STR-2402-HKZRVX,12 York St,2203,M5J,Condominium,10,Spadina-Fort York
1162684,STR-2402-JBMRVZ,576 Front St W,702,M5V,Condominium,10,Spadina-Fort York
1162685,STR-2402-FQDDVQ,29 Skyridge Rd,,M1E,Single/Semi-detached House,24,Scarborough-Guildwood
1162686,STR-2402-GWDDVV,34 Western Battery Rd,422,M6K,Townhouse/ Row House,10,Spadina-Fort York
1162687,STR-2402-HLRDVX,492 Montrose Ave,12,M6G,Apartment,11,University-Rosedale
1162688,STR-2402-HTXDVY,10 Markbrook Lane,102,M9V,Condominium,1,Etobicoke North
1162689,STR-2402-JCDDVZ,341 Atlas Ave,,M6C,Single/Semi-detached House,12,Toronto-St. Paul's
1162690,STR-2402-FQTRVQ,387 Hopewell Ave,,M6E,Single/Semi-detached House,8,Eglinton-Lawrence
1162691,STR-2402-FXZRVR,538 Crawford St,,M6G,Single/Semi-detached House,11,University-Rosedale
1162692,STR-2402-GGGRVS,30 Gibbs Rd,3010,M9B,Condominium,2,Etobicoke Centre
1162693,STR-2402-GPMRVT,81 Armadale Ave,,M6S,Single/Semi-detached House,4,Parkdale-High Park
1162694,STR-2402-HMGRVX,55 Evelyn Ave,,M6P,Single/Semi-detached House,4,Parkdale-High Park
1162695,STR-2402-HVMRVY,41 River St,35,M5A,Condominium,13,Toronto Centre
1162696,STR-2402-JCTRVZ,26 Laurel Ave,,M1K,Single/Semi-detached House,20,Scarborough Southwest
1162697,STR-2402-FJDDVP,10 Park Lawn Rd,5,M8V,Apartment,3,Etobicoke-Lakeshore
1162698,STR-2402-GGXDVS,300 Front St W,3907,M5V,Condominium,10,Spadina-Fort York
1162699,STR-2402-GQDDVT,12 York St,804,M5J,Condominium,10,Spadina-Fort York
1162700,STR-2402-HWDDVY,525 Adelaide St W,222,M5V,Condominium,10,Spadina-Fort York
1162701,STR-2402-JDKDVZ,210 Victoria St,909,M5B,Apartment,13,Toronto Centre
1162702,STR-2402-FJTRVP,63 Tillplain Rd,,M3H,Single/Semi-detached House,6,York Centre
1162703,STR-2402-FZGRVR,2 Hernshaw Cres,,M9C,Single/Semi-detached House,2,Etobicoke Centre
1162704,STR-2402-GHMRVS,36 Ashbury Ave,1,M6E,Duplex/Triplex/Fourplex,12,Toronto-St. Paul's
1162705,STR-2402-GQTRVT,257 Greenwood Ave,,M4L,Single/Semi-detached House,14,Toronto-Danforth
1162706,STR-2402-HWTRVY,300 Front St W,814,M5V,Condominium,10,Spadina-Fort York
1162707,STR-2402-FKKDVP,955 Bay St,811,M5S,Condominium,13,Toronto Centre
1162708,STR-2402-GJDDVS,155 Beresford Ave,,M6S,Single/Semi-detached House,4,Parkdale-High Park
1162709,STR-2402-GYRDVV,188 Cumberland St,805,M5R,Condominium,11,University-Rosedale
1162710,STR-2402-HGXDVW,40 Hiltz Ave,,M4L,Single/Semi-detached House,14,Toronto-Danforth
1162711,STR-2402-JFRDVZ,39 Niagara St,736,M5V,Apartment,10,Spadina-Fort York
1162712,STR-2402-FKZRVP,2200 Lake Shore Blvd W,1209,M8V,Condominium,3,Etobicoke-Lakeshore
1162713,STR-2402-FTGRVQ,111 Davisville Ave,1809,M4S,Apartment,12,Toronto-St. Paul's
1162714,STR-2402-GJTRVS,3 Navy Wharf Crt,1007,M5V,Condominium,10,Spadina-Fort York
1162715,STR-2402-GRZRVT,46B Sandown Ave,,M1N,Single/Semi-detached House,20,Scarborough Southwest
1162716,STR-2402-GZGRVV,955 Bay St,2109,M5S,Condominium,13,Toronto Centre
1162717,STR-2402-HHMRVW,6 Clayland Dr,,M3A,Single/Semi-detached House,16,Don Valley East
1162718,STR-2402-HXZRVY,358 Logan Ave,,M4M,Single/Semi-detached House,14,Toronto-Danforth
1162719,STR-2402-FTXDVQ,8 Charlotte St,1903,M5V,Condominium,10,Spadina-Fort York
1162720,STR-2402-GKKDVS,127 Queen St E,406,M5C,Condominium,13,Toronto Centre
1162721,STR-2402-HRKDVX,151 Dan Leckie Way,849,M5V,Condominium,10,Spadina-Fort York
1162722,STR-2402-JGXDVZ,49 Arjay Cres,,M2L,Single/Semi-detached House,15,Don Valley West
1162723,STR-2402-FMHXVQ,77 Kay Dr,,M9V,Single/Semi-detached House,1,Etobicoke North
1162724,STR-2402-FVPXVR,106 Dovercourt Rd,601,M6J,Condominium,9,Davenport
1162725,STR-2402-GCVXVS,300 Front St W,610,M5V,Condominium,10,Spadina-Fort York
1162726,STR-2402-HSBXVY,175 Greyabbey Trl,,M1E,Single/Semi-detached House,25,Scarborough-Rouge Park
1162727,STR-2402-FFSKVP,77 Harbour Sq,1205,M5J,Condominium,10,Spadina-Fort York
1162728,STR-2402-FMYKVQ,21 Iceboat Ter,626,M5V,Condominium,10,Spadina-Fort York
1162729,STR-2402-FWFKVR,205 Sherway Gardens Rd,2112,M9C,Condominium,3,Etobicoke-Lakeshore
1162730,STR-2402-GDLKVS,155 Legion Rd N,2114,M8Y,Condominium,3,Etobicoke-Lakeshore
1162731,STR-2402-GLSKVT,84 Clarion Rd,,M9R,Single/Semi-detached House,1,Etobicoke North
1162732,STR-2402-HCFKVW,14 York St,1412,M5J,Apartment,10,Spadina-Fort York
1162733,STR-2402-HSSKVY,400 Adelaide St E,816,M5A,Condominium,13,Toronto Centre
1162734,STR-2402-HZYKVZ,87A Hill Cres,,M1M,Single/Semi-detached House,24,Scarborough-Guildwood
1162735,STR-2402-FPPXVQ,55 Triller Ave,1812,M6R,Apartment,4,Parkdale-High Park
1162736,STR-2402-FWVXVR,101 Peter St,1501,M5V,Condominium,10,Spadina-Fort York
1162737,STR-2402-GFBXVS,55 Bremner Blvd,2208,M5J,Condominium,10,Spadina-Fort York
1162738,STR-2402-GVPXVV,21 Iceboat Ter,4206,M5V,Condominium,10,Spadina-Fort York
1162739,STR-2402-HLBXVX,155 Legion Rd N,1313,M8Y,Apartment,3,Etobicoke-Lakeshore
1162740,STR-2402-HTHXVY,194 Clinton St,,M6G,Single/Semi-detached House,11,University-Rosedale
1162741,STR-2402-JBPXVZ,650 Queens Quay W,1116,M5V,Condominium,10,Spadina-Fort York
1162742,STR-2402-FGYKVP,65 Bremner Blvd,3201,M5J,Condominium,10,Spadina-Fort York
1162743,STR-2402-FQFKVQ,232 Kingslake Rd,,M2J,Single/Semi-detached House,17,Don Valley North
1162744,STR-2402-FXLKVR,662 Davenport Rd,,M5R,Single/Semi-detached House,12,Toronto-St. Paul's
1162745,STR-2402-GFSKVS,10 Cree Ave,,M1M,Single/Semi-detached House,20,Scarborough Southwest
1162746,STR-2402-HDLKVW,200 Maxome Ave,,M2M,Single/Semi-detached House,18,Willowdale
1162747,STR-2402-HLSKVX,2221 Yonge St,5303,M4S,Condominium,12,Toronto-St. Paul's
1162748,STR-2402-HTYKVY,135 Bathurst St,1,M5V,Duplex/Triplex/Fourplex,10,Spadina-Fort York
1162749,STR-2402-JCFKVZ,185 Thirtieth St,,M8W,Single/Semi-detached House,3,Etobicoke-Lakeshore
1162750,STR-2402-FQVXVQ,91A Claremont St,BSMT,M6J,Single/Semi-detached House,10,Spadina-Fort York
1162751,STR-2402-FYBXVR,21 Risdon Crt,,M9C,Single/Semi-detached House,2,Etobicoke Centre
1162752,STR-2402-GGHXVS,4 Beachview Cres,,M4E,Single/Semi-detached House,19,Beaches-East York
1162753,STR-2402-GPPXVT,98 Lillian St,417,M4S,Condominium,12,Toronto-St. Paul's
1162754,STR-2402-GWVXVV,151 Dan Leckie Way,PH01,M5V,Apartment,10,Spadina-Fort York
1162755,STR-2402-HMHXVX,11 Superior Ave,401,M8V,Condominium,3,Etobicoke-Lakeshore
1162756,STR-2402-FJFKVP,10 Plymouth Ave,4,M6J,Townhouse/ Row House,11,University-Rosedale
1162757,STR-2402-FRLKVQ,955 Bay St,904,M5S,Condominium,13,Toronto Centre
1162758,STR-2402-FYSKVR,661 Conacher Dr,,M2M,Single/Semi-detached House,18,Willowdale
1162759,STR-2402-GGYKVS,12 Harley Ave,,M5M,Single/Semi-detached House,8,Eglinton-Lawrence
1162760,STR-2402-HWFKVY,139 McKee Ave,,M2N,Single/Semi-detached House,18,Willowdale
1162761,STR-2402-JDLKVZ,14 York St,4707,M5J,Condominium,10,Spadina-Fort York
1162762,STR-2402-FJVXVP,50 Stephanie St,1706,M5T,Apartment,10,Spadina-Fort York
1162763,STR-2402-FZHXVR,752 Markham St,,M6G,Duplex/Triplex/Fourplex,11,University-Rosedale
1162764,STR-2402-HGHXVW,5500 Yonge St,2203,M2N,Condominium,18,Willowdale
1162765,STR-2402-HPPXVX,120 Harrison Garden Blvd,912,M2N,Condominium,18,Willowdale
1162766,STR-2402-JFBXVZ,1330 Pharmacy Ave,,M1R,Single/Semi-detached House,21,Scarborough Centre
1162767,STR-2402-FKLKVP,91 Valdor Dr,,M1V,Single/Semi-detached House,23,Scarborough North
1162768,STR-2402-GYSKVV,560 Front St W,717,M5V,Condominium,10,Spadina-Fort York
1162769,STR-2402-HQFKVX,18 Chamberlain Ave,,M6E,Single/Semi-detached House,8,Eglinton-Lawrence
1162770,STR-2402-JFSKVZ,840 Queen's Plate Dr,1403,M9W,Condominium,1,Etobicoke North
1162771,STR-2402-GBPXVR,11 Wellesley St W,3503,M4Y,Condominium,13,Toronto Centre
1162772,STR-2402-GJVXVS,209 Fort York Blvd,1159,M5V,Condominium,10,Spadina-Fort York
1162773,STR-2402-GSBXVT,251 Jarvis St,308,M5B,Condominium,13,Toronto Centre
1162774,STR-2402-HQVXVX,887 Bay St,911,M5S,Apartment,13,Toronto Centre
1162775,STR-2402-HYBXVY,284 Wilmington Ave,,M3H,Single/Semi-detached House,6,York Centre
1162776,STR-2402-JGHXVZ,224 McNicoll Ave,,M2H,Single/Semi-detached House,17,Don Valley North
1162777,STR-2402-FLSKVP,12 York St,2804,M5J,Condominium,10,Spadina-Fort York
1162778,STR-2402-FTYKVQ,101 Peter St,618,M5V,Condominium,10,Spadina-Fort York
1162779,STR-2402-GCFKVR,75 Rabbit Lane,,M9B,Single/Semi-detached House,2,Etobicoke Centre
1162780,STR-2402-GKLKVS,14 York St,6001,M5J,Condominium,10,Spadina-Fort York
1162781,STR-2402-GSSKVT,251 Jarvis St,525,M5B,Condominium,13,Toronto Centre
1162782,STR-2402-GZYKVV,12 St Dunstan Dr,,M1L,Single/Semi-detached House,20,Scarborough Southwest
1162783,STR-2402-HYSKVY,231 Queen St W,2,M5V,Apartment,10,Spadina-Fort York
1162784,STR-2402-FMKDVQ,85 Bloor St E,708,M4W,Condominium,11,University-Rosedale
1162785,STR-2402-FVRDVR,151 Dan Leckie Way,650,M5V,Condominium,10,Spadina-Fort York
1162786,STR-2402-GCXDVS,4 Omaha Ave,,M5J,Single/Semi-detached House,10,Spadina-Fort York
1162787,STR-2402-GLDDVT,101 Peter St,3407,M5V,Condominium,10,Spadina-Fort York
1162788,STR-2402-GTKDVV,111 York Mills Rd,,M2L,Single/Semi-detached House,15,Don Valley West
1162789,STR-2402-HBRDVW,33 Stanwell Dr,,M1P,Single/Semi-detached House,21,Scarborough Centre
1162790,STR-2402-HSDDVY,219 Fort York Blvd,1606,M5V,Condominium,10,Spadina-Fort York
1162791,STR-2402-FFTRVP,91 Lilac Ave,,M9M,Single/Semi-detached House,7,Humber River-Black Creek
1162792,STR-2402-GDMRVS,360 Glen Park Ave,,M6B,Single/Semi-detached House,8,Eglinton-Lawrence
1162793,STR-2402-GLTRVT,433 Silverstone Dr,40,M9V,Townhouse/ Row House,1,Etobicoke North
1162794,STR-2402-GTZRVV,59 Hocken Ave,,M6G,Single/Semi-detached House,12,Toronto-St. Paul's
1162795,STR-2402-HKMRVX,59 Annie Craig Dr,2402,M8V,Condominium,3,Etobicoke-Lakeshore
1162796,STR-2402-HZZRVZ,21 Iceboat Ter,3703,M5V,Condominium,10,Spadina-Fort York
1162797,STR-2402-FPRDVQ,10 Capreol Crt,755,M5V,Condominium,10,Spadina-Fort York
1162798,STR-2402-FWXDVR,70 Douro St,115,M6K,Condominium,10,Spadina-Fort York
1162799,STR-2402-GFDDVS,209 Fort York Blvd,1272,M5V,Condominium,10,Spadina-Fort York
1162800,STR-2402-GVRDVV,14 York St,3806,M5J,Condominium,10,Spadina-Fort York
1162801,STR-2402-HLDDVX,300 Front St W,4204,M5V,Condominium,10,Spadina-Fort York
1162802,STR-2402-HTKDVY,315 Laird Dr,,M4G,Single/Semi-detached House,15,Don Valley West
1162803,STR-2402-JBRDVZ,30 Nelson St,3501,M5V,Condominium,10,Spadina-Fort York
1162804,STR-2402-FGZRVP,832 Bay St,1505,M5S,Condominium,11,University-Rosedale
1162805,STR-2402-FQGRVQ,199 Richmond St W,313,M5V,Condominium,10,Spadina-Fort York
1162806,STR-2402-GFTRVS,11 Limoges Crt,,M2M,Single/Semi-detached House,17,Don Valley North
1162807,STR-2402-GMZRVT,1470 Midland Ave,713,M1P,Condominium,21,Scarborough Centre
1162808,STR-2402-GWGRVV,4725 Sheppard Ave E,816,M1S,Condominium,23,Scarborough North
1162809,STR-2402-HDMRVW,174 Darlingside Dr,,M1E,Single/Semi-detached House,25,Scarborough-Rouge Park
1162810,STR-2402-JCGRVZ,120 Brookside Ave,,M6S,Single/Semi-detached House,4,Parkdale-High Park
1162811,STR-2402-FHRDVP,208 Queens Quay W,3604,M5J,Condominium,10,Spadina-Fort York
1162812,STR-2402-FYDDVR,118 Tyndall Ave,809,M6K,Apartment,4,Parkdale-High Park
1162813,STR-2402-GGKDVS,197 Yonge St,1409,M5B,Condominium,13,Toronto Centre
1162814,STR-2402-GPRDVT,897 Dundas St W,AP 2,M6J,Apartment,10,Spadina-Fort York
1162815,STR-2402-HMKDVX,134 King Edward Ave,,M4C,Single/Semi-detached House,19,Beaches-East York
1162816,STR-2402-JCXDVZ,26 Glaive Dr,,M1P,Single/Semi-detached House,21,Scarborough Centre
1162817,STR-2402-FRMRVQ,1 Yorkville Ave,1412,M4W,Condominium,11,University-Rosedale
1162818,STR-2402-GGZRVS,101 Peter St,3210,M5V,Condominium,10,Spadina-Fort York
1162819,STR-2402-GQGRVT,764 Pape Ave,,M4K,Single/Semi-detached House,14,Toronto-Danforth
1162820,STR-2402-GXMRVV,46 Western Battery Rd,810,M6K,Townhouse/ Row House,10,Spadina-Fort York
1162821,STR-2402-HFTRVW,188 Cumberland St,2302,M5R,Apartment,11,University-Rosedale
1162822,STR-2402-HMZRVX,175 Pannahill Rd,,M3H,Single/Semi-detached House,6,York Centre
1162823,STR-2402-HWGRVY,88 Meandering Trl,,M1B,Single/Semi-detached House,25,Scarborough-Rouge Park
1162824,STR-2402-JDMRVZ,300 Front St W,2306,M5V,Condominium,10,Spadina-Fort York
1162825,STR-2402-FJXDVP,300 Front St W,1311,M5V,Condominium,10,Spadina-Fort York
1162826,STR-2402-FSDDVQ,68 Shuter St,2206,M5B,Condominium,13,Toronto Centre
1162827,STR-2402-GHRDVS,30 Samuel Wood Way,501,M9B,Condominium,3,Etobicoke-Lakeshore
1162828,STR-2402-GQXDVT,75 Queens Wharf Rd,1505,M5V,Condominium,10,Spadina-Fort York
1162829,STR-2402-GYDDVV,513 Milverton Blvd,,M4C,Single/Semi-detached House,19,Beaches-East York
1162830,STR-2402-HWXDVY,1217 College St,,M6H,Single/Semi-detached House,9,Davenport
1162831,STR-2402-JFDDVZ,21 Iceboat Ter,4111,M5V,Condominium,10,Spadina-Fort York
1162832,STR-2402-FKMRVP,6A Leaside Park Dr,,M4H,Townhouse/ Row House,15,Don Valley West
1162833,STR-2402-FZZRVR,60 Bathurst St,814,M5V,Condominium,10,Spadina-Fort York
1162834,STR-2402-GJGRVS,11 Brunel Crt,915,M5V,Condominium,10,Spadina-Fort York
1162835,STR-2402-GRMRVT,313 Richmond St E,562,M5A,Apartment,13,Toronto Centre
1162836,STR-2402-GYTRVV,14 Fairglen Ave,,M1T,Single/Semi-detached House,22,Scarborough-Agincourt
1162837,STR-2402-HQGRVX,18 Millbrook Cres,,M4K,Single/Semi-detached House,14,Toronto-Danforth
1162838,STR-2402-HXMRVY,10 Capreol Crt,1022,M5V,Condominium,10,Spadina-Fort York
1162839,STR-2402-GBRDVR,201 Riverside Dr,,M6S,Single/Semi-detached House,4,Parkdale-High Park
1162840,STR-2402-GSDDVT,300 Front St W,3905,M5V,Condominium,10,Spadina-Fort York
1162841,STR-2402-HHRDVW,80 Harrison Garden Blvd,927,M2N,Condominium,18,Willowdale
1162842,STR-2402-HQXDVX,215 Fort York Blvd,417,M5V,Condominium,10,Spadina-Fort York
1162843,STR-2402-HYDDVY,31 Whitelock Cres,,M2K,Single/Semi-detached House,17,Don Valley North
1162844,STR-2402-FLTRVP,26 Thorncliffe Park Dr,404,M4H,Apartment,15,Don Valley West
1162845,STR-2402-GZZRVV,360 Coxwell Ave,,M4L,Single/Semi-detached House,14,Toronto-Danforth
1162846,STR-2402-HJGRVW,49 Wynn Rd,,M2R,Single/Semi-detached House,18,Willowdale
1162847,STR-2402-FLWBHQ,90 Searle Ave,,M3H,Single/Semi-detached House,6,York Centre
1162848,STR-2402-GKQBHT,3121 Sheppard Ave E,1203,M1T,Condominium,22,Scarborough-Agincourt
1162849,STR-2402-GSWBHV,209 Fort York Blvd,1559,M5V,Condominium,10,Spadina-Fort York
1162850,STR-2402-HBCBHW,90 Stadium Rd,2009,M5V,Condominium,10,Spadina-Fort York
1162851,STR-2402-HRQBHY,65 Oakfield Dr,,M8Y,Single/Semi-detached House,3,Etobicoke-Lakeshore
1162852,STR-2402-HYWBHZ,64 The Westway,,M9P,Single/Semi-detached House,2,Etobicoke Centre
1162853,STR-2402-FMLPHQ,208 Queens Quay W,2210,M5J,Condominium,10,Spadina-Fort York
1162854,STR-2402-FVSPHR,955 Bay St,1302,M5S,Condominium,13,Toronto Centre
1162855,STR-2402-GTLPHV,9 Fredrick Mowat Lane,,M3J,Single/Semi-detached House,6,York Centre
1162856,STR-2402-HBSPHW,93 Portsdown Rd,,M1P,Single/Semi-detached House,21,Scarborough Centre
1162857,STR-2402-HJYPHX,885 Lansdowne Ave,,M6H,Single/Semi-detached House,9,Davenport
1162858,STR-2402-HZLPHZ,89 Alicewood Crt,,M9V,Single/Semi-detached House,1,Etobicoke North
1162859,STR-2402-FFWBHP,50 Ordnance St,1401,M6K,Condominium,10,Spadina-Fort York
1162860,STR-2402-FWJBHR,60 Cummer Ave,,M2M,Single/Semi-detached House,18,Willowdale
1162861,STR-2402-GLWBHT,100 Fort York Blvd,GO3,M5V,Townhouse/ Row House,10,Spadina-Fort York
1162862,STR-2402-HCJBHW,263 Wellington St W,1005,M5V,Condominium,10,Spadina-Fort York
1162863,STR-2402-HKQBHX,77 Mutual St,1104,M5B,Condominium,13,Toronto Centre
1162864,STR-2402-JBCBHZ,114 Palmerston Ave,,M6J,Single/Semi-detached House,10,Spadina-Fort York
1162865,STR-2402-FGLPHP,28 Ted Rogers Way,2502,M4Y,Condominium,11,University-Rosedale
1162866,STR-2402-FWYPHR,30 Barrington Ave,,M4C,Single/Semi-detached House,19,Beaches-East York
1162867,STR-2402-GFFPHS,300 Front St W,3409,M5V,Condominium,10,Spadina-Fort York
1162868,STR-2402-GMLPHT,194 Bathurst St,,M5T,Single/Semi-detached House,10,Spadina-Fort York
1162869,STR-2402-HLFPHX,18 Treford Pl,,M6J,Townhouse/ Row House,11,University-Rosedale
1162870,STR-2402-HTLPHY,24 Nassau St,,M5T,Single/Semi-detached House,11,University-Rosedale
1162871,STR-2402-JBSPHZ,25 Blackbush Dr,,M9V,Single/Semi-detached House,1,Etobicoke North
1162872,STR-2402-FHCBHP,121 Colonel Danforth Trl,,M1C,Single/Semi-detached House,25,Scarborough-Rouge Park
1162873,STR-2402-FXQBHR,300 Old Weston Rd,,M6N,Single/Semi-detached House,9,Davenport
1162874,STR-2402-GFWBHS,100 Wiltshire Ave,,M6N,Single/Semi-detached House,9,Davenport
1162875,STR-2402-GPCBHT,7 Nottingham Dr,,M9A,Single/Semi-detached House,2,Etobicoke Centre
1162876,STR-2402-GWJBHV,65 Bremner Blvd,2506,M5J,Condominium,10,Spadina-Fort York
1162877,STR-2402-HDQBHW,1340 Islington Ave,,M9A,Single/Semi-detached House,2,Etobicoke Centre
1162878,STR-2402-HLWBHX,20 Bruyeres Mews,802,M5V,Condominium,10,Spadina-Fort York
1162879,STR-2402-JCJBHZ,197 Yonge St,3802,M5B,Condominium,13,Toronto Centre
1162880,STR-2402-FHSPHP,3 Ojibway Ave,,M5J,Single/Semi-detached House,10,Spadina-Fort York
1162881,STR-2402-FQYPHQ,26 Carnahan Ter,,M4E,Townhouse/ Row House,19,Beaches-East York
1162882,STR-2402-HFFPHW,958A The Queensway,,M8Z,Apartment,3,Etobicoke-Lakeshore
1162883,STR-2402-HMLPHX,30 Nelson St,2707,M5V,Condominium,10,Spadina-Fort York
1162884,STR-2402-HVSPHY,266 Roncesvalles Ave,Floor 2,M6R,Single/Semi-detached House,4,Parkdale-High Park
1162885,STR-2402-FJJBHP,188 Cumberland St,1010,M5R,Condominium,11,University-Rosedale
1162886,STR-2402-FRQBHQ,196 Poyntz Ave,,M2N,Single/Semi-detached House,18,Willowdale
1162887,STR-2402-GHCBHS,10 Deeside Crt,,M9W,Single/Semi-detached House,1,Etobicoke North
1162888,STR-2402-GQJBHT,397 Front St W,3910,M5V,Condominium,10,Spadina-Fort York
1162889,STR-2402-HFWBHW,14 York St,607,M5J,Condominium,10,Spadina-Fort York
1162890,STR-2402-HPCBHX,460 Adelaide St E,951,M5A,Condominium,13,Toronto Centre
1162891,STR-2402-HWJBHY,59 Warner Ave,,M4A,Single/Semi-detached House,16,Don Valley East
1162892,STR-2402-JDQBHZ,62 The Queensway,,M6S,Single/Semi-detached House,4,Parkdale-High Park
1162893,STR-2402-FSFPHQ,121 Kingston Rd,,M4L,Single/Semi-detached House,19,Beaches-East York
1162894,STR-2402-FZLPHR,30 Hillsboro Ave,2101,M5R,Apartment,11,University-Rosedale
1162895,STR-2402-GHSPHS,965 Dufferin St,,M6H,Single/Semi-detached House,9,Davenport
1162896,STR-2402-GQYPHT,14 Hickory St,,M5T,Single/Semi-detached House,11,University-Rosedale
1162897,STR-2402-HGLPHW,300 Front St W,1708,M5V,Condominium,10,Spadina-Fort York
1162898,STR-2402-HPSPHX,133 Ingleton Blvd,,M1V,Single/Semi-detached House,23,Scarborough North
1162899,STR-2402-HWYPHY,135 Marlee Ave,1505,M6B,Condominium,8,Eglinton-Lawrence
1162900,STR-2402-FSWBHQ,35 Rolling Mills Rd,S452,M5A,Condominium,13,Toronto Centre
1162901,STR-2402-GBCBHR,50 High Park Ave,2103,M6P,Apartment,4,Parkdale-High Park
1162902,STR-2402-GJJBHS,20 High Park Gdns,,M6R,Single/Semi-detached House,4,Parkdale-High Park
1162903,STR-2402-GYWBHV,2020 Bathurst St,711,M5P,Condominium,12,Toronto-St. Paul's
1162904,STR-2402-HQJBHX,2550 Birchmount Rd,11,M1T,Townhouse/ Row House,22,Scarborough-Agincourt
1162905,STR-2402-HXQBHY,1669 Kipling Ave,,M9R,Single/Semi-detached House,2,Etobicoke Centre
1162906,STR-2402-JFWBHZ,126 Boon Ave,,M6E,Single/Semi-detached House,9,Davenport
1162907,STR-2402-GBSPHR,14 Kensington Pl,,M5T,Townhouse/ Row House,11,University-Rosedale
1162908,STR-2402-GJYPHS,21 Iceboat Ter,1905,M5V,Condominium,10,Spadina-Fort York
1162909,STR-2402-HHSPHW,306 Scarborough Rd,,M4E,Single/Semi-detached House,19,Beaches-East York
1162910,STR-2402-HQYPHX,678 Mortimer Ave,,M4C,Single/Semi-detached House,19,Beaches-East York
1162911,STR-2402-JGLPHZ,215 Queen St W,1812,M5V,Condominium,10,Spadina-Fort York
1162912,STR-2402-FDRHHP,50 Merchant Lane,103,M6P,Condominium,9,Davenport
1162913,STR-2402-FLXHHQ,119 Horsham Ave,,M2N,Single/Semi-detached House,18,Willowdale
1162914,STR-2402-FVDHHR,832 Bay St,3203,M5S,Condominium,11,University-Rosedale
1162915,STR-2402-GCKHHS,127 Frederick Tisdale Dr,,M3K,Townhouse/ Row House,6,York Centre
1162916,STR-2402-GKRHHT,152 Goulding Ave,,M2M,Single/Semi-detached House,18,Willowdale
1162917,STR-2402-GSXHHV,17 Whitaker Ave,,M6J,Townhouse/ Row House,10,Spadina-Fort York
1162918,STR-2402-HBDHHW,71 Caronport Cres,,M3A,Single/Semi-detached House,16,Don Valley East
1162919,STR-2402-HJKHHX,61 Tom Wells Cres,,M1V,Single/Semi-detached House,22,Scarborough-Agincourt
1162920,STR-2402-FHTVHP,50 Benlight Cres,,M1H,Single/Semi-detached House,24,Scarborough-Guildwood
1162921,STR-2402-FFGVHP,75 Queens Wharf Rd,801,M5V,Apartment,10,Spadina-Fort York
1162922,STR-2402-FMMVHQ,209 Fort York Blvd,375,M5V,Condominium,10,Spadina-Fort York
1162923,STR-2402-FVTVHR,560 Front St W,402,M5V,Condominium,10,Spadina-Fort York
1162924,STR-2402-GCZVHS,155 Yorkville Ave,902,M5R,Condominium,11,University-Rosedale
1162925,STR-2402-GTMVHV,75 Pettibone Sq,,M1W,Single/Semi-detached House,22,Scarborough-Agincourt
1162926,STR-2402-HBTVHW,109 Huron St,,M5T,Townhouse/ Row House,11,University-Rosedale
1162927,STR-2402-HJZVHX,104 Norton Ave,,M2N,Single/Semi-detached House,18,Willowdale
1162928,STR-2402-HSGVHY,129 Avondale Ave,,M2N,Single/Semi-detached House,18,Willowdale
1162929,STR-2402-HZMVHZ,68 Seminoff St,,M1L,Single/Semi-detached House,20,Scarborough Southwest
1162930,STR-2402-FPDHHQ,21 Iceboat Ter,2608,M5V,Condominium,10,Spadina-Fort York
1162931,STR-2402-FWKHHR,111 Blackfriar Ave,217,M9R,Apartment,1,Etobicoke North
1162932,STR-2402-HSXHHY,211 Harlandale Ave,,M2N,Single/Semi-detached House,18,Willowdale
1162933,STR-2402-FGMVHP,21 Iceboat Ter,3505,M5V,Condominium,10,Spadina-Fort York
1162934,STR-2402-FWZVHR,300 Front St W,4111,M5V,Condominium,10,Spadina-Fort York
1162935,STR-2402-GFGVHS,12 Grimthorpe Rd,1,M6C,Duplex/Triplex/Fourplex,12,Toronto-St. Paul's
1162936,STR-2402-GMMVHT,300 Front St W,1101,M5V,Condominium,10,Spadina-Fort York
1162937,STR-2402-HCZVHW,300 Front St W,2007,M5V,Condominium,10,Spadina-Fort York
1162938,STR-2402-HTMVHY,104 Cottonwood Dr,,M3C,Single/Semi-detached House,16,Don Valley East
1162939,STR-2402-JBTVHZ,55 Bremner Blvd,2606,M5J,Condominium,10,Spadina-Fort York
1162940,STR-2402-FHDHHP,5 Lotus Crt,,M2H,Single/Semi-detached House,17,Don Valley North
1162941,STR-2402-FQKHHQ,65 Bremner Blvd,1807,M5J,Condominium,10,Spadina-Fort York
1162942,STR-2402-GFXHHS,411 Duplex Ave,2119,M4R,Apartment,8,Eglinton-Lawrence
1162943,STR-2402-GWKHHV,752 Markham St,,M6G,Duplex/Triplex/Fourplex,11,University-Rosedale
1162944,STR-2402-HDRHHW,123 Parkway Forest Dr,805,M2J,Apartment,17,Don Valley North
1162945,STR-2402-HLXHHX,33 Orchard View Blvd,1617,M4R,Apartment,8,Eglinton-Lawrence
1162946,STR-2402-HVDHHY,210 Simcoe St,1605,M5T,Condominium,10,Spadina-Fort York
1162947,STR-2402-FQZVHQ,66 Forest Manor Rd,2,M2J,Condominium,17,Don Valley North
1162948,STR-2402-GWZVHV,151 Brahms Ave,,M2H,Single/Semi-detached House,17,Don Valley North
1162949,STR-2402-HVTVHY,30 Hillsboro Ave,1601,M5R,Apartment,11,University-Rosedale
1162950,STR-2402-JCZVHZ,209 Fort York Blvd,863,M5V,Condominium,10,Spadina-Fort York
1162951,STR-2402-GHDHHS,155 Yorkville Ave,319,M5R,Condominium,11,University-Rosedale
1162952,STR-2402-HFXHHW,132 Major St,,M5S,Single/Semi-detached House,11,University-Rosedale
1162953,STR-2402-HPDHHX,82 Heman St,,M8V,Single/Semi-detached House,3,Etobicoke-Lakeshore
1162954,STR-2402-JDRHHZ,273 Cornelius Pkwy,,M3K,Single/Semi-detached House,6,York Centre
1162955,STR-2402-FZMVHR,53 Aldridge Ave,,M4C,Single/Semi-detached House,19,Beaches-East York
1162956,STR-2402-GHTVHS,10 Willowridge Rd,811,M9R,Apartment,1,Etobicoke North
1162957,STR-2402-HGMVHW,151 Dan Leckie Way,1802,M5V,Condominium,10,Spadina-Fort York
1162958,STR-2402-HPTVHX,155 Yorkville Ave,502,M5R,Condominium,11,University-Rosedale
1162959,STR-2402-JFGVHZ,222 Elm St,1203,M5T,Apartment,11,University-Rosedale
1162960,STR-2403-FSXHHQ,95 Woodbine Ave,,M4L,Single/Semi-detached House,19,Beaches-East York
1162961,STR-2403-GBDHHR,560 Front St W,318,M5V,Condominium,10,Spadina-Fort York
1162962,STR-2403-GJKHHS,14 Disan Crt,,M9V,Single/Semi-detached House,1,Etobicoke North
1162963,STR-2403-GYXHHV,113 Trinity St,,M5A,Single/Semi-detached House,13,Toronto Centre
1162964,STR-2403-HHDHHW,92 Marchmount Rd,,M6G,Single/Semi-detached House,12,Toronto-St. Paul's
1162965,STR-2403-HQKHHX,99 Coleman Ave,208,M4C,Condominium,19,Beaches-East York
1162966,STR-2403-GJZVHS,15 Gore Vale Ave,,M6J,Apartment,10,Spadina-Fort York
1162967,STR-2403-GSGVHT,151 Dan Leckie Way,812,M5V,Condominium,10,Spadina-Fort York
1162968,STR-2403-GZMVHV,38 Royal St,,M6N,Single/Semi-detached House,5,York South-Weston
1162969,STR-2403-HHTVHW,6 Crioline Rd,,M6L,Single/Semi-detached House,5,York South-Weston
1162970,STR-2403-JGMVHZ,1159 St Clair Ave W,3,M6E,Duplex/Triplex/Fourplex,9,Davenport
1162971,STR-2403-FLYPHQ,1 Hathway Dr,,M1P,Single/Semi-detached House,21,Scarborough Centre
1162972,STR-2403-GCLPHS,352 Front St W,2214,M5V,Condominium,10,Spadina-Fort York
1162973,STR-2403-GKSPHT,106 Dovercourt Rd,714,M6J,Condominium,9,Davenport
1162974,STR-2403-GSYPHV,781 Pape Ave,,M4K,Single/Semi-detached House,14,Toronto-Danforth
1162975,STR-2403-HBFPHW,369 Beechgrove Dr,,M1E,Single/Semi-detached House,25,Scarborough-Rouge Park
1162976,STR-2403-HRSPHY,200 Highfield Rd,,M4L,Single/Semi-detached House,14,Toronto-Danforth
1162977,STR-2403-HYYPHZ,6 Loney Ave,,M3L,Single/Semi-detached House,7,Humber River-Black Creek
1162978,STR-2403-FMQBHQ,22 Stonebridge Blvd,,M1W,Single/Semi-detached House,22,Scarborough-Agincourt
1162979,STR-2403-FVWBHR,165 Legion Rd N,1834,M8Y,Condominium,3,Etobicoke-Lakeshore
1162980,STR-2403-GTQBHV,12 York St,702,M5J,Condominium,10,Spadina-Fort York
1162981,STR-2403-HKCBHX,300 Front St W,1302,M5V,Condominium,10,Spadina-Fort York
1162982,STR-2403-HZQBHZ,46 George Anderson Dr,,M6M,Single/Semi-detached House,5,York South-Weston
1162983,STR-2403-FFYPHP,6 Donna Crt,,M2M,Single/Semi-detached House,18,Willowdale
1162984,STR-2403-FPFPHQ,55 Mercer St,321,M5V,Condominium,10,Spadina-Fort York
1162985,STR-2403-GLYPHT,65 Bremner Blvd,4303,M5J,Condominium,10,Spadina-Fort York
1162986,STR-2403-HCLPHW,9518 Sheppard Ave E,,M1B,Townhouse/ Row House,25,Scarborough-Rouge Park
1162987,STR-2403-HKSPHX,8 Charlotte St,402,M5V,Condominium,10,Spadina-Fort York
1162988,STR-2403-JBFPHZ,98 Parkhurst Blvd,,M4G,Single/Semi-detached House,15,Don Valley West
1162989,STR-2403-GMQBHT,273 Hastings Ave,,M4L,Single/Semi-detached House,14,Toronto-Danforth
1162990,STR-2403-HLJBHX,8 York St,2710,M5J,Condominium,10,Spadina-Fort York
1162991,STR-2403-HTQBHY,49 East Liberty St,1504,M6K,Condominium,10,Spadina-Fort York
1162992,STR-2403-FHFPHP,1029 King St W,1021,M6K,Condominium,10,Spadina-Fort York
1162993,STR-2403-GWLPHV,251 Murray Ross Pkwy,,M3J,Single/Semi-detached House,7,Humber River-Black Creek
1162994,STR-2403-HDSPHW,31 Ranleigh Ave,3,M4N,Apartment,15,Don Valley West
1162995,STR-2403-HLYPHX,10 Montana Ave,,M3M,Single/Semi-detached House,6,York Centre
1162996,STR-2403-JCLPHZ,106 Dovercourt Rd,514,M6J,Condominium,9,Davenport
1162997,STR-2403-FHWBHP,231 Fort York Blvd,719,M5V,Condominium,10,Spadina-Fort York
1162998,STR-2403-FRCBHQ,21 Iceboat Ter,1605,M5V,Condominium,10,Spadina-Fort York
1162999,STR-2403-FYJBHR,6 Acre Heights Cres,,M1H,Single/Semi-detached House,24,Scarborough-Guildwood
1163000,STR-2403-GGQBHS,5 Council Cres,,M3J,Single/Semi-detached House,7,Humber River-Black Creek
1163001,STR-2403-GXCBHV,792 Davenport Rd,,M6G,Single/Semi-detached House,12,Toronto-St. Paul's
1163002,STR-2403-HFJBHW,18 Yonge St,1609,M5E,Condominium,10,Spadina-Fort York
1163003,STR-2403-HMQBHX,120 Spencer Ave,5,M6K,Apartment,4,Parkdale-High Park
1163004,STR-2403-JDCBHZ,1000 King St W,18,M6K,Apartment,10,Spadina-Fort York
1163005,STR-2403-FRSPHQ,267 Homewood Ave,,M2R,Single/Semi-detached House,18,Willowdale
1163006,STR-2403-FYYPHR,194 Courcelette Rd,,M1N,Single/Semi-detached House,20,Scarborough Southwest
1163007,STR-2403-GQLPHT,1420 Dupont St,1210,M6H,Condominium,9,Davenport
1163008,STR-2403-HFYPHW,324 Mount Pleasant Rd,,M4T,Single/Semi-detached House,11,University-Rosedale
1163009,STR-2403-HPFPHX,629 King St W,1309,M5V,Condominium,10,Spadina-Fort York
1163010,STR-2403-FKCBHP,2 Hathway Dr,Main,M1P,Single/Semi-detached House,21,Scarborough Centre
1163011,STR-2403-FZQBHR,52 Amberdale Dr,,M1P,Single/Semi-detached House,21,Scarborough Centre
1163012,STR-2403-GHWBHS,54 Lockheed Blvd,,M9P,Single/Semi-detached House,2,Etobicoke Centre
1163013,STR-2403-GRCBHT,169 Jones Ave,10,M4M,Townhouse/ Row House,14,Toronto-Danforth
1163014,STR-2403-HGQBHW,45 Sunnylea Ave E,,M8Y,Single/Semi-detached House,3,Etobicoke-Lakeshore
1163015,STR-2403-HXCBHY,481 Drewry Ave,,M2R,Single/Semi-detached House,18,Willowdale
1163016,STR-2403-JFJBHZ,27 Rean Dr,601,M2K,Condominium,17,Don Valley North
1163017,STR-2403-FKSPHP,11 Murray Ave,Main,M1S,Single/Semi-detached House,23,Scarborough North
1163018,STR-2403-FSYPHQ,356 Riverdale Ave,,M4J,Single/Semi-detached House,14,Toronto-Danforth
1163019,STR-2403-GBFPHR,80 Western Battery Rd,223,M6K,Condominium,10,Spadina-Fort York
1163020,STR-2403-GJLPHS,10 Navy Wharf Crt,2810,M5V,Condominium,10,Spadina-Fort York
1163021,STR-2403-GRSPHT,33 Dundonald St,31B,M4Y,Single/Semi-detached House,13,Toronto Centre
1163022,STR-2403-GYYPHV,5 Sheppard Ave E,1918,M2N,Condominium,18,Willowdale
1163023,STR-2403-JFYPHZ,62 Carlaw Ave,,M4M,Single/Semi-detached House,14,Toronto-Danforth
1163024,STR-2403-FTQBHQ,22 Somerville Ave,,M6M,Single/Semi-detached House,5,York South-Weston
1163025,STR-2403-GBWBHR,313 The Kingsway,2B,M9A,Apartment,2,Etobicoke Centre
1163026,STR-2403-GZQBHV,3 Fairview Blvd,,M4K,Single/Semi-detached House,14,Toronto-Danforth
1163027,STR-2403-HYJBHY,832 Bay St,5005,M5S,Condominium,11,University-Rosedale
1163028,STR-2403-JGQBHZ,151 Dan Leckie Way,1511,M5V,Condominium,10,Spadina-Fort York
1163029,STR-2403-FDTVHP,300 Front St W,714,M5V,Condominium,10,Spadina-Fort York
1163030,STR-2403-FLZVHQ,300 Front St W,3507,M5V,Condominium,10,Spadina-Fort York
1163031,STR-2403-GCMVHS,30 Western Battery Rd,325,M6K,Townhouse/ Row House,10,Spadina-Fort York
1163032,STR-2403-HRTVHY,151 Dan Leckie Way,805,M5V,Condominium,10,Spadina-Fort York
1163033,STR-2403-FMRHHQ,30 Fallingbrook Rd,,M1N,Single/Semi-detached House,20,Scarborough Southwest
1163034,STR-2403-GLKHHT,264A Beta St,,M8W,Single/Semi-detached House,3,Etobicoke-Lakeshore
1163035,STR-2403-GTRHHV,309 Churchill Ave,,M2R,Single/Semi-detached House,18,Willowdale
1163036,STR-2403-HKDHHX,1 Ernest Ave,,M6P,Single/Semi-detached House,9,Davenport
1163037,STR-2403-HSKHHY,21 Iceboat Ter,2315,M5V,Condominium,10,Spadina-Fort York
1163038,STR-2403-GDTVHS,21 Lawren Harris Sq,1208,M5A,Condominium,13,Toronto Centre
1163039,STR-2403-GLZVHT,165 Byng Ave,,M1L,Single/Semi-detached House,20,Scarborough Southwest
1163040,STR-2403-GVGVHV,151 Dan Leckie Way,510,M5V,Condominium,10,Spadina-Fort York
1163041,STR-2403-HCMVHW,16 Davis Downs Pl,,M1E,Single/Semi-detached House,25,Scarborough-Rouge Park
1163042,STR-2403-HKTVHX,324 Lee Ave,,M4E,Single/Semi-detached House,19,Beaches-East York
1163043,STR-2403-FGRHHP,280 Thirtieth St,,M8W,Single/Semi-detached House,3,Etobicoke-Lakeshore
1163044,STR-2403-FPXHHQ,21 Iceboat Ter,3810,M5V,Condominium,10,Spadina-Fort York
1163045,STR-2403-FXDHHR,21 Iceboat Ter,3108,M5V,Condominium,10,Spadina-Fort York
1163046,STR-2403-GMRHHT,106 Dovercourt Rd,413,M6J,Condominium,9,Davenport
1163047,STR-2403-HDDHHW,17 Gowan Ave,,M4K,Single/Semi-detached House,14,Toronto-Danforth
1163048,STR-2403-HTRHHY,26 Chudleigh Rd,,M6E,Single/Semi-detached House,9,Davenport
1163049,STR-2403-FHGVHP,30 Nelson St,3405,M5V,Condominium,10,Spadina-Fort York
1163050,STR-2403-GWMVHV,18 Yonge St,2013,M5E,Condominium,10,Spadina-Fort York
1163051,STR-2403-HDTVHW,155 Yorkville Ave,1908,M5R,Condominium,11,University-Rosedale
1163052,STR-2403-HLZVHX,321 Sherbourne St,404,M5A,Apartment,13,Toronto Centre
1163053,STR-2403-FHXHHP,209 Fort York Blvd,468,M5V,Condominium,10,Spadina-Fort York
1163054,STR-2403-FYKHHR,300 Front St W,3911,M5V,Condominium,10,Spadina-Fort York
1163055,STR-2403-GPXHHT,591 O'Connor Dr,,M4C,Single/Semi-detached House,19,Beaches-East York
1163056,STR-2403-GXDHHV,184 Parkmount Rd,,M4J,Single/Semi-detached House,14,Toronto-Danforth
1163057,STR-2403-HMRHHX,251 Jarvis St,3906,M5B,Condominium,13,Toronto Centre
1163058,STR-2403-HVXHHY,65 Bremner Blvd,2011,M5J,Condominium,10,Spadina-Fort York
1163059,STR-2403-FJMVHP,72 Riverview Gdns,,M6S,Single/Semi-detached House,4,Parkdale-High Park
1163060,STR-2403-GQMVHT,85 Bloor St E,314,M4W,Condominium,11,University-Rosedale
1163061,STR-2403-HPGVHX,13 Orchid Crt,,M2L,Single/Semi-detached House,15,Don Valley West
1163062,STR-2403-HWMVHY,64 Lippincott St,,M5T,Single/Semi-detached House,11,University-Rosedale
1163063,STR-2403-JDTVHZ,1 Yorkville Ave,1807,M4W,Condominium,11,University-Rosedale
1163064,STR-2403-FKDHHP,32 Carluke Cres,406,M2L,Apartment,15,Don Valley West
1163065,STR-2403-FSKHHQ,690 Gladstone Ave,1,M6H,Single/Semi-detached House,9,Davenport
1163066,STR-2403-FZRHHR,59 Blueberry Dr,,M1S,Single/Semi-detached House,23,Scarborough North
1163067,STR-2403-GRDHHT,75 Montrose Ave,,M6J,Single/Semi-detached House,11,University-Rosedale
1163068,STR-2403-FLKHHP,152 Gore Vale Ave,,M6J,Single/Semi-detached House,10,Spadina-Fort York
1163069,STR-2403-GSKHHT,143 Winnett Ave,,M6C,Single/Semi-detached House,12,Toronto-St. Paul's
1163070,STR-2403-HRDHHX,97 Edgecroft Rd,,M8Z,Single/Semi-detached House,3,Etobicoke-Lakeshore
1163071,STR-2403-HYKHHY,150 Spears St,,M6N,Single/Semi-detached House,5,York South-Weston
1163072,STR-2403-FDWBHP,21 Iceboat Ter,4006,M5V,Apartment,10,Spadina-Fort York
1163073,STR-2403-GCQBHS,1228 Victoria Park Ave,,M4B,Single/Semi-detached House,19,Beaches-East York
1163074,STR-2403-GKWBHT,33 Dundonald St,35A,M4Y,Single/Semi-detached House,13,Toronto Centre
1163075,STR-2403-FFLPHP,251 Jarvis St,605,M5B,Condominium,13,Toronto Centre
1163076,STR-2403-GMCBHT,95 Celestine Dr,,M9R,Single/Semi-detached House,2,Etobicoke Centre
1163077,STR-2403-HTCBHY,22 Grandview Ave,,M4K,Single/Semi-detached House,14,Toronto-Danforth
1163078,STR-2403-JBJBHZ,210 Victoria St,4012,M5B,Condominium,13,Toronto Centre
1163079,STR-2403-GFLPHS,368 Spring Garden Ave,,M2N,Single/Semi-detached House,18,Willowdale
1163080,STR-2403-GMSPHT,127 Greenlaw Ave,,M6H,Single/Semi-detached House,9,Davenport
1163081,STR-2403-JBYPHZ,36 Gladys Rd,,M1C,Single/Semi-detached House,25,Scarborough-Rouge Park
1163082,STR-2403-GPJBHT,6 Newington Cres,,M9C,Single/Semi-detached House,2,Etobicoke Centre
1163083,STR-2403-HDWBHW,151 Dan Leckie Way,502,M5V,Condominium,10,Spadina-Fort York
1163084,STR-2403-HMCBHX,65 Bremner Blvd,1805,M5J,Condominium,10,Spadina-Fort York
1163085,STR-2403-GGSPHS,13 Villa Rd,,M8W,Single/Semi-detached House,3,Etobicoke-Lakeshore
1163086,STR-2403-GPYPHT,18 Yonge St,903,M5E,Condominium,10,Spadina-Fort York
1163087,STR-2403-JDFPHZ,955 Bay St,2602,M5S,Condominium,13,Toronto Centre
1163088,STR-2403-GXWBHV,158 Wineva Ave,,M4E,Single/Semi-detached House,19,Beaches-East York
1163089,STR-2403-FKFPHP,1 Clairtrell Rd,810,M2N,Condominium,18,Willowdale
1163090,STR-2403-FZSPHR,178 Hanna Rd,,M4G,Single/Semi-detached House,15,Don Valley West
1163091,STR-2403-GHYPHS,66 Orchard Park Blvd,,M4L,Single/Semi-detached House,19,Beaches-East York
1163092,STR-2403-GRFPHT,155 Yorkville Ave,2808,M5R,Condominium,11,University-Rosedale
1163093,STR-2403-FKWBHP,188 Cumberland St,1110,M5R,Condominium,11,University-Rosedale
1163094,STR-2403-GBJBHR,55 Applefield Dr,,M1P,Single/Semi-detached House,21,Scarborough Centre
1163095,STR-2403-GJQBHS,921 Lansdowne Ave,,M6H,Single/Semi-detached House,9,Davenport
1163096,STR-2403-GZCBHV,39 Sherbourne St,704,M5A,Apartment,13,Toronto Centre
1163097,STR-2403-HHJBHW,832 Bay St,1005,M5S,Condominium,11,University-Rosedale
1163098,STR-2403-HRFPHX,4 Payzac Ave,,M1E,Single/Semi-detached House,24,Scarborough-Guildwood
1163099,STR-2403-FVKHHR,186 Humewood Dr,,M6C,Single/Semi-detached House,12,Toronto-St. Paul's
1163100,STR-2403-HBKHHW,286 Evelyn Ave,,M6P,Single/Semi-detached House,4,Parkdale-High Park
1163101,STR-2403-FMTVHQ,30 Nelson St,2802,M5V,Condominium,10,Spadina-Fort York
1163102,STR-2403-FVZVHR,125 Blue Jays Way,1210,M5V,Condominium,10,Spadina-Fort York
1163103,STR-2403-GDGVHS,560 Front St W,529,M5V,Condominium,10,Spadina-Fort York
1163104,STR-2403-GLMVHT,155 Yorkville Ave,3104,M5R,Condominium,11,University-Rosedale
1163105,STR-2403-HBZVHW,53 Hemford Cres,,M3B,Single/Semi-detached House,16,Don Valley East
1163106,STR-2403-HKXHHX,23 Miranda Ave,,M6E,Duplex/Triplex/Fourplex,8,Eglinton-Lawrence
1163107,STR-2403-FGTVHP,252 Delaware Ave,,M6H,Single/Semi-detached House,9,Davenport
