_id,operator_registration_number,address,unit,postal_code,property_type,ward_number,ward_name
4713924,STR-2211-HKPBHX,24 Tyndall Ave,311,M6K,Apartment,4,Parkdale-High Park
4713925,STR-2303-GGYXVS,5 Temple Ave,B,M6K,Single/Semi-detached House,4,Parkdale-High Park
4713926,STR-2303-GZJKVV,51 Dewson St,2,M6H,Single/Semi-detached House,9,Davenport
4713927,STR-2109-FMWVHC,12 York St,303,M5J,Condominium,10,Spadina-Fort York
4713928,STR-2208-GRWBHG,561 Sherbourne St,3603,M4X,Apartment,13,Toronto Centre
4713929,STR-2207-FFFPHB,1384 Queen St W,1,M6K,Apartment,4,Parkdale-High Park
4713930,STR-2403-FRGVHQ,861 Sheppard Ave W,32,M3H,Townhouse/ Row House,6,York Centre
4713931,STR-2305-HVVKVY,9 Mabelle Ave,223,M9A,Condominium,3,Etobicoke-Lakeshore
4713932,STR-2411-GQHLBT,998 Bloor St W,2,M6H,Apartment,9,Davenport
4713933,STR-2410-HTCPPY,38 Kendleton Dr,,M9V,Single/Semi-detached House,1,Etobicoke North
4713934,STR-2411-HLTBPX,25 Selby Street,1110,M4Y,Apartment,13,Toronto Centre
4713935,STR-2412-FGQSBP,151 Dynevor Rd,Upper,M6E,Duplex/Triplex/Fourplex,9,Davenport
4713936,STR-2009-GLXRPG,249 Shaw St,A,M6J,Townhouse/ Row House,10,Spadina-Fort York
4713937,STR-2501-GZHLBV,16 Donna Crt,,M2M,Single/Semi-detached House,18,Willowdale
4713938,STR-2504-GGCVPS,38 ANNIE CRAIG DR,2005,M8V,Condominium,3,Etobicoke-Lakeshore
4713939,STR-2009-GLDPBG,350 Ossington Ave,,M6J,Townhouse/ Row House,9,Davenport
4713940,STR-2009-GTKPBH,994 Dundas St W,3,M6J,Single/Semi-detached House,11,University-Rosedale
4713941,STR-2009-HSDPBL,59 Claremont St,,M6J,Duplex/Triplex/Fourplex,10,Spadina-Fort York
4713942,STR-2009-HZKPBM,47 Uxbridge Ave,,M6N,Single/Semi-detached House,9,Davenport
4713943,STR-2009-HZLVBM,217 York Mills Rd,,M2L,Single/Semi-detached House,15,Don Valley West
4713944,STR-2009-FFWHBB,9 Highhill Dr,,M1T,Single/Semi-detached House,22,Scarborough-Agincourt
4713945,STR-2009-FPCHBC,235 Seaton St,,M5A,Single/Semi-detached House,13,Toronto Centre
4713946,STR-2009-GDQHBF,153 Parkhurst Blvd,,M4G,Single/Semi-detached House,15,Don Valley West
4713947,STR-2009-GVCHBH,31 Irvington Cres,UL RM 1&2,M2N,Single/Semi-detached House,18,Willowdale
4713948,STR-2009-GMLVBG,157 Euclid Ave,,M6J,Single/Semi-detached House,10,Spadina-Fort York
4713949,STR-2009-GVSVBH,217 Bathurst St,Unit 3,M5T,Duplex/Triplex/Fourplex,10,Spadina-Fort York
4713950,STR-2009-FHCHBB,126 Norseman St,,M8Z,Single/Semi-detached House,3,Etobicoke-Lakeshore
4713951,STR-2009-FHSVBB,96 Caithness Ave,,M4J,Single/Semi-detached House,14,Toronto-Danforth
4713952,STR-2009-FQYVBC,71 Kippendavie Ave,,M4L,Single/Semi-detached House,19,Beaches-East York
4713953,STR-2009-GRQHBG,112 George St,1107,M5A,Condominium,13,Toronto Centre
4713954,STR-2009-GHCHBF,30 Nelson St,20,M5V,Townhouse/ Row House,10,Spadina-Fort York
4713955,STR-2009-HWJHBL,243 Seaton St,,M5A,Townhouse/ Row House,13,Toronto Centre
4713956,STR-2009-JDQHBM,155 Yorkville Ave,1816,M5R,Condominium,11,University-Rosedale
4713957,STR-2009-GYFVBH,50 Lotherton Ptwy,815,M6B,Condominium,8,Eglinton-Lawrence
4713958,STR-2009-JFFVBM,270 Cummer Ave,,M2M,Single/Semi-detached House,18,Willowdale
4713959,STR-2009-FKQHBB,14 Bexhill Ave,,M1L,Single/Semi-detached House,20,Scarborough Southwest
4713960,STR-2009-FSWHBC,25 Greensides Ave,,M6G,Single/Semi-detached House,12,Toronto-St. Paul's
4713961,STR-2009-HQJHBK,11 Sergio Marchi St,,M3L,Single/Semi-detached House,7,Humber River-Black Creek
4713962,STR-2009-FLFVBB,155 Yorkville Ave,1012,M5R,Condominium,11,University-Rosedale
4713963,STR-2009-GBSVBD,205 Howland Ave,,M5R,Single/Semi-detached House,11,University-Rosedale
4713964,STR-2009-FDQKPB,812 Dovercourt Rd,,M6H,Single/Semi-detached House,9,Davenport
4713965,STR-2009-GCJKPF,125 North Carson St,,M8W,Single/Semi-detached House,3,Etobicoke-Lakeshore
4713966,STR-2009-HBCKPJ,415 Palmerston Blvd,Main Unit,M6G,Duplex/Triplex/Fourplex,11,University-Rosedale
4713967,STR-2009-FFFXPB,3981A Bloor St W,,M9B,Single/Semi-detached House,3,Etobicoke-Lakeshore
4713968,STR-2009-FMLXPC,92 Wiley Ave,,M4J,Single/Semi-detached House,14,Toronto-Danforth
4713969,STR-2009-FVSXPD,15 Seneca Ave,,M5J,Single/Semi-detached House,10,Spadina-Fort York
4713970,STR-2009-HJYXPK,1126 Brimley Rd,,M1P,Single/Semi-detached House,21,Scarborough Centre
4713971,STR-2009-HZLXPM,50 Marchmount Rd,,M6G,Single/Semi-detached House,12,Toronto-St. Paul's
4713972,STR-2009-GVCKPH,32 White Birch Rd,,M1N,Single/Semi-detached House,20,Scarborough Southwest
4713973,STR-2009-GGLXPF,48 Dundonald St,,M4Y,Single/Semi-detached House,13,Toronto Centre
4713974,STR-2009-GWYXPH,499 Annette St,,M6P,Single/Semi-detached House,4,Parkdale-High Park
4713975,STR-2009-HFFXPJ,99 Hillside Ave,,M8V,Single/Semi-detached House,3,Etobicoke-Lakeshore
4713976,STR-2009-GXQKPH,159 Drayton Ave,,M4C,Single/Semi-detached House,19,Beaches-East York
4713977,STR-2009-FSFXPC,33 Springbank Ave,,M1N,Single/Semi-detached House,20,Scarborough Southwest
4713978,STR-2009-GQYXPG,27 McManus Rd,,M9P,Single/Semi-detached House,2,Etobicoke Centre
4713979,STR-2009-HWYXPL,120 Homewood Ave,2101,M4Y,Condominium,13,Toronto Centre
4713980,STR-2009-FSWKPC,44 McGill St,,M5B,Townhouse/ Row House,13,Toronto Centre
4713981,STR-2009-GBCKPD,69 Flamborough Dr,,M6M,Single/Semi-detached House,5,York South-Weston
4713982,STR-2009-GYWKPH,147 Broadview Ave,,M4M,Single/Semi-detached House,14,Toronto-Danforth
4713983,STR-2009-HXQKPL,1001 Bay St,2703,M5S,Condominium,13,Toronto Centre
4713984,STR-2009-FTLXPC,29 Parsonage Dr,,M1B,Single/Semi-detached House,25,Scarborough-Rouge Park
4713985,STR-2009-GJYXPF,67 Kildonan Dr,,M1N,Single/Semi-detached House,20,Scarborough Southwest
4713986,STR-2009-HHSXPJ,1240 Bloor St W,2,M6H,Apartment,9,Davenport
4713987,STR-2009-HYFXPL,72 Vauxhall Dr,,M1P,Single/Semi-detached House,21,Scarborough Centre
4713988,STR-2009-GKRRPG,32 Glendale Ave,,M6R,Single/Semi-detached House,4,Parkdale-High Park
4713989,STR-2009-GSXRPH,379 Ontario St,,M5A,Single/Semi-detached House,13,Toronto Centre
4713990,STR-2009-HYXRPM,10 Cromarty Dr,,M9W,Single/Semi-detached House,1,Etobicoke North
4713991,STR-2009-GDBDPF,6 Kalmar Ave,5,M1N,Townhouse/ Row House,20,Scarborough Southwest
4713992,STR-2009-GLHDPG,190 Rankin Cres,,M6P,Single/Semi-detached House,9,Davenport
4713993,STR-2009-GDRRPF,19 Churchill Ave,,M6J,Single/Semi-detached House,9,Davenport
4713994,STR-2009-GVDRPH,108 Denton Ave,,M1L,Single/Semi-detached House,20,Scarborough Southwest
4713995,STR-2009-HCKRPJ,263 Old Weston Rd,,M6N,Single/Semi-detached House,9,Davenport
4713996,STR-2009-FPVDPC,105 Sufi Cres,,M4A,Townhouse/ Row House,16,Don Valley East
4713997,STR-2009-GVVDPH,115A Homestead Road,,M1E,Single/Semi-detached House,25,Scarborough-Rouge Park
4713998,STR-2009-FHDRPB,2 Grimthorpe Rd,,M6C,Single/Semi-detached House,12,Toronto-St. Paul's
4713999,STR-2009-FXRRPD,95 Stafford St,,M6J,Townhouse/ Row House,10,Spadina-Fort York
4714000,STR-2009-GPDRPG,31A Dixon Rd,,M9P,Single/Semi-detached House,2,Etobicoke Centre
4714001,STR-2009-HLXRPK,2 Oakhurst Dr,,M2K,Single/Semi-detached House,17,Don Valley North
4714002,STR-2009-HVDRPL,37 Braddock Rd,,M9W,Single/Semi-detached House,1,Etobicoke North
4714003,STR-2009-FHVDPB,158 Hamilton St,,M4M,Single/Semi-detached House,14,Toronto-Danforth
4714004,STR-2009-GGPDPF,36 Maitland St,H04,M4Y,Apartment,13,Toronto Centre
4714005,STR-2009-GXBDPH,8 Trophy Dr,,M4A,Single/Semi-detached House,16,Don Valley East
4714006,STR-2009-HMPDPK,80 MacDonell Ave,,M6R,Single/Semi-detached House,4,Parkdale-High Park
4714007,STR-2009-HVVDPL,691 Shaw St,,M6G,Single/Semi-detached House,11,University-Rosedale
4714008,STR-2009-GQKRPG,88 Markham St,,M6J,Townhouse/ Row House,10,Spadina-Fort York
4714009,STR-2009-GXRRPH,3 Edgedale Rd,,M4X,Single/Semi-detached House,13,Toronto Centre
4714010,STR-2009-JDRRPM,10 Langbourne Pl,,M3B,Single/Semi-detached House,16,Don Valley East
4714011,STR-2009-GYHDPH,6 Havendale Rd,,M1S,Single/Semi-detached House,22,Scarborough-Agincourt
4714012,STR-2009-HGPDPJ,46 Glencoyne Cres,,M1W,Single/Semi-detached House,22,Scarborough-Agincourt
4714013,STR-2009-HPVDPK,246 Jones Ave,,M4M,Single/Semi-detached House,14,Toronto-Danforth
4714014,STR-2009-GRRRPG,16 Cole St,32,M5A,Townhouse/ Row House,13,Toronto Centre
4714015,STR-2009-GYXRPH,55 Tollerton Ave,,M2K,Single/Semi-detached House,17,Don Valley North
4714016,STR-2009-HXRRPL,69 Durie St,,M6S,Single/Semi-detached House,4,Parkdale-High Park
4714017,STR-2009-JFXRPM,10 Earlscourt Ave,,M6E,Single/Semi-detached House,9,Davenport
4714018,STR-2009-GBVDPD,927 Bathurst St,,M5R,Single/Semi-detached House,11,University-Rosedale
4714019,STR-2009-HRBDPK,28 Kingland Cres,,M2J,Single/Semi-detached House,17,Don Valley North
4714020,STR-2009-FDSXPB,40 Rameau Dr,,M2H,Single/Semi-detached House,17,Don Valley North
4714021,STR-2009-FVWKPD,8 Batavia Ave,,M6N,Townhouse/ Row House,5,York South-Weston
4714022,STR-2009-GLJKPG,3773 Kingston Rd,,M1J,Townhouse/ Row House,24,Scarborough-Guildwood
4714023,STR-2009-HBWKPJ,1339 Lansdowne Ave,2,M6H,Single/Semi-detached House,9,Davenport
4714024,STR-2009-HZQKPM,24 Leith Hill Rd,1709,M2J,Apartment,17,Don Valley North
4714025,STR-2009-GDSXPF,19 Candlebrook Cres,,M1W,Single/Semi-detached House,22,Scarborough-Agincourt
4714026,STR-2009-GVFXPH,219 Donlea Dr,,M4G,Single/Semi-detached House,15,Don Valley West
4714027,STR-2009-FGQKPB,84 Pembroke St,2,M5A,Duplex/Triplex/Fourplex,13,Toronto Centre
4714028,STR-2009-FPWKPC,85 Bloor St E,311,M4W,Condominium,11,University-Rosedale
4714029,STR-2009-GMQKPG,155 Yorkville Ave,708,M5R,Condominium,11,University-Rosedale
4714030,STR-2009-GVWKPH,85 Bloor St E,2001,M4W,Condominium,11,University-Rosedale
4714031,STR-2009-HDCKPJ,10 Sulkara Crt,,M4A,Single/Semi-detached House,16,Don Valley East
4714032,STR-2009-JBWKPM,464 Durie St,,M6S,Single/Semi-detached House,4,Parkdale-High Park
4714033,STR-2009-FHFXPB,56 Cumber Ave,,M1E,Single/Semi-detached House,24,Scarborough-Guildwood
4714034,STR-2009-FXSXPD,11 Burlingame Rd,,M8W,Single/Semi-detached House,3,Etobicoke-Lakeshore
4714035,STR-2009-JCLXPM,3112 Dundas St W,2,M6P,Duplex/Triplex/Fourplex,4,Parkdale-High Park
4714036,STR-2009-FRCKPC,48 Hiltz Ave,,M4L,Single/Semi-detached House,14,Toronto-Danforth
4714037,STR-2009-JDCKPM,269 Palmerston Ave,,M6J,Single/Semi-detached House,11,University-Rosedale
4714038,STR-2009-GQLXPG,163 Burnett Ave,,M2N,Single/Semi-detached House,18,Willowdale
4714039,STR-2009-HWLXPL,302 Cook Rd,,M3J,Single/Semi-detached House,7,Humber River-Black Creek
4714040,STR-2010-FZQKPD,143 Northover St,,M3L,Single/Semi-detached House,6,York Centre
4714041,STR-2010-FSYXPC,161 Faywood Blvd,Lower Level,M3H,Single/Semi-detached House,6,York Centre
4714042,STR-2010-GJLXPF,14 York St,4907,M5J,Condominium,10,Spadina-Fort York
4714043,STR-2010-GSJKPG,96 Mitchell Ave,Basement,M6J,Townhouse/ Row House,10,Spadina-Fort York
4714044,STR-2010-HRVDPL,480 Vaughan Rd,Unit 1,M6C,Duplex/Triplex/Fourplex,12,Toronto-St. Paul's
4714045,STR-2010-GMBDPG,14 York St,812,M5J,Condominium,10,Spadina-Fort York
4714046,STR-2010-GMRRPG,161 Angus Dr,,M2J,Single/Semi-detached House,17,Don Valley North
4714047,STR-2010-HTRRPL,13 Marshall St,,M6K,Townhouse/ Row House,9,Davenport
4714048,STR-2010-GWPDPH,143 Sorauren Ave,1,M6R,Single/Semi-detached House,4,Parkdale-High Park
4714049,STR-2010-GXVDPH,75 Thorncliffe Park Dr,815,M4H,Apartment,15,Don Valley West
4714050,STR-2010-HPHDPK,199 Mammoth Hall Trl,,M1B,Single/Semi-detached House,23,Scarborough North
4714051,STR-2010-FKDRPB,34 Columbus Ave,,M6R,Single/Semi-detached House,4,Parkdale-High Park
4714052,STR-2010-FZRRPD,5229 Dundas St W,2112,M9B,Condominium,3,Etobicoke-Lakeshore
4714053,STR-2010-HPXRPK,232 Woburn Ave,,M5M,Single/Semi-detached House,8,Eglinton-Lawrence
4714054,STR-2010-HXDRPL,347 Cedarvale Ave,,M4C,Single/Semi-detached House,19,Beaches-East York
4714055,STR-2010-JFKRPM,187 Hullmar Dr,,M3N,Single/Semi-detached House,7,Humber River-Black Creek
4714056,STR-2010-FKVDPB,10 Mountain Ash Crt,Lower level,M9C,Single/Semi-detached House,2,Etobicoke Centre
4714057,STR-2010-HHHDPJ,178 Hopedale Ave,,M4K,Single/Semi-detached House,14,Toronto-Danforth
4714058,STR-2010-HHXRPJ,73 Beaconsfield Ave,Lower Level,M6J,Single/Semi-detached House,9,Davenport
4714059,STR-2010-HRWKPL,39 Granby St,,M5B,Townhouse/ Row House,13,Toronto Centre
4714060,STR-2010-GTSXPH,105 Oakridge Dr,,M1M,Single/Semi-detached House,20,Scarborough Southwest
4714061,STR-2010-GMCKPG,13 Stephenson Ave,,M4C,Single/Semi-detached House,19,Beaches-East York
4714062,STR-2010-HKWKPK,2388 St Clair Ave W,,M6N,Single/Semi-detached House,5,York South-Weston
4714063,STR-2010-JBJKPM,140 Woodbine Ave,,M4L,Single/Semi-detached House,19,Beaches-East York
4714064,STR-2010-FXFXPD,6 Springbank Ave,,M1N,Single/Semi-detached House,20,Scarborough Southwest
4714065,STR-2010-HLLXPK,492 Ontario St,,M4X,Townhouse/ Row House,13,Toronto Centre
4714066,STR-2010-FQQKPC,972 Danforth Ave,2,M4J,Apartment,14,Toronto-Danforth
4714067,STR-2010-GGCKPF,31 Tracy St,,M5A,Single/Semi-detached House,13,Toronto Centre
4714068,STR-2010-HGCKPJ,57 Gloucester St,,M4Y,Townhouse/ Row House,13,Toronto Centre
4714069,STR-2010-GPYXPG,2690 Danforth Ave,A,M4C,Apartment,19,Beaches-East York
4714070,STR-2010-HMSXPK,311 Salem Ave,,M6H,Single/Semi-detached House,9,Davenport
4714071,STR-2010-FJQKPB,14 York St,4811,M5J,Condominium,10,Spadina-Fort York
4714072,STR-2010-GQQKPG,12 York St,2107,M5J,Condominium,10,Spadina-Fort York
4714073,STR-2010-HWQKPL,531 St Clarens Ave,,M6H,Single/Semi-detached House,9,Davenport
4714074,STR-2010-HQQKPK,366 Renforth Dr,,M9C,Single/Semi-detached House,2,Etobicoke Centre
4714075,STR-2010-GKFXPF,91B Claremont St,,M6J,Single/Semi-detached House,10,Spadina-Fort York
4714076,STR-2010-GZSXPH,919 Palmerston Ave,,M6G,Single/Semi-detached House,11,University-Rosedale
4714077,STR-2010-HHYXPJ,45 Cambridge Ave,,M4K,Single/Semi-detached House,14,Toronto-Danforth
4714078,STR-2010-HRFXPK,37 Dixon Ave,,M4L,Single/Semi-detached House,19,Beaches-East York
4714079,STR-2010-FVKRPD,654 Adelaide St W,,M6J,Single/Semi-detached House,10,Spadina-Fort York
4714080,STR-2010-GKXRPG,69 Harlow Cres,Main Floor,M9V,Single/Semi-detached House,1,Etobicoke North
4714081,STR-2010-HRXRPL,55 Bremner Blvd,2409,M5J,Condominium,10,Spadina-Fort York
4714082,STR-2010-FFPDPB,145 Kitchener Ave,,M6E,Single/Semi-detached House,9,Davenport
4714083,STR-2010-GLPDPG,55 Bremner Blvd,1609,M5J,Condominium,10,Spadina-Fort York
4714084,STR-2010-HZVDPM,75 Normandy Blvd,,M4L,Single/Semi-detached House,19,Beaches-East York
4714085,STR-2010-GMDRPG,29 Golden Ave,,M6R,Single/Semi-detached House,4,Parkdale-High Park
4714086,STR-2010-GVKRPH,91 Brunswick Ave,,M5S,Single/Semi-detached House,11,University-Rosedale
4714087,STR-2010-FQBDPC,1 Hubbard Blvd,,M4E,Single/Semi-detached House,19,Beaches-East York
4714088,STR-2010-HDHDPJ,66 Brookfield St,,M6J,Townhouse/ Row House,10,Spadina-Fort York
4714089,STR-2010-HLPDPK,27 Olga St,,M1M,Townhouse/ Row House,20,Scarborough Southwest
4714090,STR-2010-JCBDPM,16 Golden Ave,Main Floor,M6R,Single/Semi-detached House,4,Parkdale-High Park
4714091,STR-2010-FHKRPB,128 Fairholme Ave,,M6B,Single/Semi-detached House,8,Eglinton-Lawrence
4714092,STR-2010-FYPDPD,18 Yonge St,1204,M5E,Condominium,10,Spadina-Fort York
4714093,STR-2010-GGVDPF,65 Bremner Blvd,4109,M5J,Condominium,10,Spadina-Fort York
4714094,STR-2010-HFPDPJ,65 Bremner Blvd,4911,M5J,Condominium,10,Spadina-Fort York
4714095,STR-2010-GHKRPF,12 Chandler Dr,Upper Level,M1G,Single/Semi-detached House,24,Scarborough-Guildwood
4714096,STR-2010-FSPDPC,32 Gordon Rd,,M2P,Single/Semi-detached House,15,Don Valley West
4714097,STR-2010-GJBDPF,11 Lothian Ave,,M8Z,Single/Semi-detached House,3,Etobicoke-Lakeshore
4714098,STR-2010-HQBDPK,133 Alberta Ave,,M6H,Single/Semi-detached House,9,Davenport
4714099,STR-2010-JFPDPM,399 Perth Ave,,M6P,Townhouse/ Row House,9,Davenport
4714100,STR-2010-GJRRPF,204 Kenilworth Ave,1,M4L,Duplex/Triplex/Fourplex,19,Beaches-East York
4714101,STR-2010-HHKRPJ,646 College St,3,M6G,Apartment,11,University-Rosedale
4714102,STR-2010-FLPDPB,20 Nelles Ave,,M6S,Single/Semi-detached House,4,Parkdale-High Park
4714103,STR-2010-HRHDPK,155 Yorkville Ave,2117,M5R,Condominium,11,University-Rosedale
4714104,STR-2010-HYPDPL,123 Woodbine Ave,217,M4L,Condominium,19,Beaches-East York
4714105,STR-2010-HZFXPM,145 Chiltern Hill Rd,,M6C,Single/Semi-detached House,12,Toronto-St. Paul's
4714106,STR-2010-FFQKPB,123 Lindsey Ave,,M6H,Single/Semi-detached House,9,Davenport
4714107,STR-2010-GLQKPG,712 Rhodes Ave,,M4J,Single/Semi-detached House,14,Toronto-Danforth
4714108,STR-2010-HCCKPJ,425 Church St,3,M4Y,Apartment,13,Toronto Centre
4714109,STR-2010-GVLXPH,141 Boston Ave,,M4M,Single/Semi-detached House,14,Toronto-Danforth
4714110,STR-2010-HKYXPK,89 Dunfield Ave,3502,M4S,Condominium,12,Toronto-St. Paul's
4714111,STR-2010-GWCKPH,249 Seaton St,,M5A,Single/Semi-detached House,13,Toronto Centre
4714112,STR-2010-HFQKPJ,12 York St,2502,M5J,Condominium,10,Spadina-Fort York
4714113,STR-2010-HGFXPJ,100 Langford Ave,,M4J,Single/Semi-detached House,14,Toronto-Danforth
4714114,STR-2010-HPLXPK,2418 Queen Street East,,M1N,Townhouse/ Row House,20,Scarborough Southwest
4714115,STR-2010-JDYXPM,560 Front St W,608,M5V,Condominium,10,Spadina-Fort York
4714116,STR-2010-FSQKPC,217 Beverley St,4,M5T,Duplex/Triplex/Fourplex,11,University-Rosedale
4714117,STR-2010-HGWKPJ,14 Sydenham St,,M5A,Townhouse/ Row House,13,Toronto Centre
4714118,STR-2010-HYQKPL,101 Peter St,902,M5V,Condominium,10,Spadina-Fort York
4714119,STR-2010-GCVDPF,83 Snowdon Ave,,M4N,Single/Semi-detached House,15,Don Valley West
4714120,STR-2010-GTHDPH,571 Ontario St,,M4X,Single/Semi-detached House,13,Toronto Centre
4714121,STR-2010-FMXRPC,486 Shaw St,,M6G,Townhouse/ Row House,11,University-Rosedale
4714122,STR-2010-GDKRPF,5 Mountnoel Ave,Apartment 2,M4J,Single/Semi-detached House,14,Toronto-Danforth
4714123,STR-2010-GLRRPG,36 Castle Frank Rd,309,M4W,Apartment,11,University-Rosedale
4714124,STR-2010-FGHDPB,265 Brock Ave,lower level,M6K,Single/Semi-detached House,9,Davenport
4714125,STR-2010-GFBDPF,7 Cripps Ave,,M6N,Single/Semi-detached House,5,York South-Weston
4714126,STR-2010-JCDRPM,62 Augusta Ave,1,M5T,Duplex/Triplex/Fourplex,10,Spadina-Fort York
4714127,STR-2010-GXKRPH,510 St Clarens Ave,,M6H,Apartment,9,Davenport
4714128,STR-2010-HPPDPK,308 Broadway Ave,,M4P,Single/Semi-detached House,15,Don Valley West
4714129,STR-2010-HWVDPL,199 Niagara St,1,M5V,Single/Semi-detached House,10,Spadina-Fort York
4714130,STR-2010-JFBDPM,703 Richmond St W,,M6J,Single/Semi-detached House,10,Spadina-Fort York
4714131,STR-2010-FWFXPD,481 Rathburn Rd,Upper,M9C,Single/Semi-detached House,2,Etobicoke Centre
4714132,STR-2010-HSSXPL,29 Evans Ave,bsmnt,M6S,Apartment,4,Parkdale-High Park
4714133,STR-2010-GFCKPF,28 Griggsden Ave,,M9P,Single/Semi-detached House,2,Etobicoke Centre
4714134,STR-2010-FGYXPB,18 Carey Rd,,M4S,Single/Semi-detached House,12,Toronto-St. Paul's
4714135,STR-2010-HDLXPJ,718 Adelaide St W,Upper,M6J,Townhouse/ Row House,10,Spadina-Fort York
4714136,STR-2010-GPQKPG,526 Clinton St,,M6G,Single/Semi-detached House,11,University-Rosedale
4714137,STR-2010-GWWKPH,54 Churchill Ave,main floor,M6J,Single/Semi-detached House,9,Davenport
4714138,STR-2010-HMYXPK,234 Church St,,M9N,Single/Semi-detached House,5,York South-Weston
4714139,STR-2010-GHQKPF,22 Avis Cres,,M4B,Single/Semi-detached House,19,Beaches-East York
4714140,STR-2010-HGJKPJ,27 Hay Ave,,M8Z,Single/Semi-detached House,3,Etobicoke-Lakeshore
4714141,STR-2010-HGYXPJ,12 York St,4405,M5J,Condominium,10,Spadina-Fort York
4714142,STR-2010-FTJKPC,35 Lockwood Rd,,M4L,Single/Semi-detached House,19,Beaches-East York
4714143,STR-2010-GZJKPH,108 Euclid Ave,,M6J,Single/Semi-detached House,10,Spadina-Fort York
4714144,STR-2010-JGYXPM,7 Lansdowne Ave,2,M6K,Single/Semi-detached House,4,Parkdale-High Park
4714145,STR-2010-FDPDVB,65 Maughan Cres,,M4L,Single/Semi-detached House,19,Beaches-East York
4714146,STR-2010-FLVDVC,300 Front St W,1308,M5V,Condominium,10,Spadina-Fort York
4714147,STR-2010-GKPDVG,60 Douro St,252,M6K,Townhouse/ Row House,10,Spadina-Fort York
4714148,STR-2010-HJXRVK,89 Superior Ave,,M8V,Single/Semi-detached House,3,Etobicoke-Lakeshore
4714149,STR-2010-GDPDVF,38 Lippincott St,,M5T,Townhouse/ Row House,11,University-Rosedale
4714150,STR-2010-GMKRVG,59 Threadneedle Cres,,M2H,Single/Semi-detached House,17,Don Valley North
4714151,STR-2010-HCXRVJ,1228 Gerrard St E,,M4L,Single/Semi-detached House,14,Toronto-Danforth
4714152,STR-2010-HDPDVJ,16 Connaught Ave,,M4L,Single/Semi-detached House,14,Toronto-Danforth
4714153,STR-2010-HLVDVK,560 Front St W,809,M5V,Condominium,10,Spadina-Fort York
4714154,STR-2011-GYFXVH,24 Dunsany Cres,,M9R,Single/Semi-detached House,1,Etobicoke North
4714155,STR-2010-HVRRVL,95 Coleridge Ave,,M4C,Single/Semi-detached House,19,Beaches-East York
4714156,STR-2010-FZKRVD,85 Bloor St E,307,M4W,Condominium,11,University-Rosedale
4714157,STR-2010-GYDRVH,30 Shore Breeze Dr,338,M8V,Condominium,3,Etobicoke-Lakeshore
4714158,STR-2010-HPRRVK,55 Paradelle Cres,2,M3N,Single/Semi-detached House,7,Humber River-Black Creek
4714159,STR-2010-GRPDVG,12 York St,2005,M5J,Condominium,10,Spadina-Fort York
4714160,STR-2010-JFVDVM,51 Homewood Ave,4,M4Y,Duplex/Triplex/Fourplex,13,Toronto Centre
4714161,STR-2010-FLDRVB,14 York St,1007,M5J,Condominium,10,Spadina-Fort York
4714162,STR-2010-HYDRVL,21 Larchmere Ave,,M9L,Single/Semi-detached House,7,Humber River-Black Creek
4714163,STR-2010-JGKRVM,46 Rippleton Rd,,M3B,Single/Semi-detached House,15,Don Valley West
4714164,STR-2010-FDQKVB,300 Front St W,903,M5V,Condominium,10,Spadina-Fort York
4714165,STR-2010-FLWKVC,29 Waverley Rd,,M4L,Single/Semi-detached House,19,Beaches-East York
4714166,STR-2010-FVCKVD,91 Malvern Ave,,M4E,Single/Semi-detached House,19,Beaches-East York
4714167,STR-2010-FFFXVB,208 Queens Quay W,2609,M5J,Condominium,10,Spadina-Fort York
4714168,STR-2010-FMLXVC,321 Windermere Ave,,M6S,Single/Semi-detached House,4,Parkdale-High Park
4714169,STR-2010-GLFXVG,1029 King St W,641,M6K,Condominium,10,Spadina-Fort York
4714170,STR-2010-GTLXVH,148 Gore Vale Ave,Main Floor,M6J,Single/Semi-detached House,10,Spadina-Fort York
4714171,STR-2011-FWJKVD,40 Nursewood Rd,,M4E,Single/Semi-detached House,19,Beaches-East York
4714172,STR-2011-GLWKVG,307 Beresford Ave,,M6S,Single/Semi-detached House,4,Parkdale-High Park
4714173,STR-2011-GVCKVH,14 York St,3907,M5J,Condominium,10,Spadina-Fort York
4714174,STR-2011-HKQKVK,58 Park Home Ave,,M2N,Single/Semi-detached House,18,Willowdale
4714175,STR-2011-GFFXVF,2744 Victoria Park Ave,,M2J,Single/Semi-detached House,17,Don Valley North
4714176,STR-2011-HDQKVJ,37 Grosvenor St,1403,M4Y,Condominium,13,Toronto Centre
4714177,STR-2011-JCYXVM,31 Fern Ave,,M6R,Single/Semi-detached House,4,Parkdale-High Park
4714178,STR-2011-FRQKVC,12 York St,810,M5J,Condominium,10,Spadina-Fort York
4714179,STR-2011-FYWKVD,27 George Webster Rd,1,M4B,Single/Semi-detached House,19,Beaches-East York
4714180,STR-2011-GHSXVF,12 Blue Forest Dr,,M3H,Single/Semi-detached House,6,York Centre
4714181,STR-2011-HPSXVK,12 York St,4905,M5J,Condominium,10,Spadina-Fort York
4714182,STR-2011-JFFXVM,14 York St,3107,M5J,Condominium,10,Spadina-Fort York
4714183,STR-2011-HHCKVJ,151 Rushton Rd,,M6G,Single/Semi-detached House,12,Toronto-St. Paul's
4714184,STR-2011-HHSXVJ,280 Windermere Ave,,M6S,Single/Semi-detached House,4,Parkdale-High Park
4714185,STR-2011-HYFXVL,210 Victoria St,4013,M5B,Condominium,13,Toronto Centre
4714186,STR-2011-HCKRVJ,25 Fermanagh Ave,,M6R,Townhouse/ Row House,4,Parkdale-High Park
4714187,STR-2011-GFHDVF,14 York St,3008,M5J,Condominium,10,Spadina-Fort York
4714188,STR-2011-HLHDVK,105 Isabella St,601,M4Y,Apartment,13,Toronto Centre
4714189,STR-2011-HTPDVL,79 O'Hara Ave,Front,M6K,Duplex/Triplex/Fourplex,4,Parkdale-High Park
4714190,STR-2011-GFXRVF,110A Edgewood Ave,,M4L,Single/Semi-detached House,19,Beaches-East York
4714191,STR-2011-GWKRVH,36 Fermanagh Ave,,M6R,Single/Semi-detached House,4,Parkdale-High Park
4714192,STR-2011-JCKRVM,21 Cloud Dr,,M9L,Single/Semi-detached House,7,Humber River-Black Creek
4714193,STR-2011-GXBDVH,14 York St,5204,M5J,Condominium,10,Spadina-Fort York
4714194,STR-2011-HMPDVK,1013 Bathurst St,,M5R,Single/Semi-detached House,11,University-Rosedale
4714195,STR-2011-HVVDVL,685 Euclid Ave,Basement,M6G,Single/Semi-detached House,11,University-Rosedale
4714196,STR-2011-FRRRVC,41 Shannon St,,M6J,Townhouse/ Row House,9,Davenport
4714197,STR-2011-FSHDVC,39 Goodview Rd,,M2J,Single/Semi-detached House,17,Don Valley North
4714198,STR-2011-FZPDVD,82 Osler St,,M6P,Townhouse/ Row House,9,Davenport
4714199,STR-2011-JFHDVM,27 Florist Lane,,M1E,Townhouse/ Row House,24,Scarborough-Guildwood
4714200,STR-2011-FSXRVC,296 Maria St,,M6P,Single/Semi-detached House,4,Parkdale-High Park
4714201,STR-2011-GYXRVH,42 Rusholme Rd,,M6J,Single/Semi-detached House,9,Davenport
4714202,STR-2011-HHDRVJ,214 Lynedock Cres,,M3A,Single/Semi-detached House,16,Don Valley East
4714203,STR-2011-HQKRVK,14 York St,705,M5J,Condominium,10,Spadina-Fort York
4714204,STR-2011-FDSXVB,121 Morse St,,M4M,Single/Semi-detached House,14,Toronto-Danforth
4714205,STR-2011-GCLXVF,317 Sunnyside Ave,,M6R,Single/Semi-detached House,4,Parkdale-High Park
4714206,STR-2011-FFJKVB,515 Pape Ave,,M4K,Single/Semi-detached House,14,Toronto-Danforth
4714207,STR-2011-GTQKVH,85 Moberly Ave,,M4C,Single/Semi-detached House,19,Beaches-East York
4714208,STR-2011-HZQKVM,10 Navy Wharf Crt,3106,M5V,Condominium,10,Spadina-Fort York
4714209,STR-2011-GVFXVH,34 Woodside Ave,,M6P,Single/Semi-detached House,4,Parkdale-High Park
4714210,STR-2011-GVWKVH,21 Iceboat Ter,4701,M5V,Condominium,10,Spadina-Fort York
4714211,STR-2011-FQLXVC,12 York St,5201,M5J,Condominium,10,Spadina-Fort York
4714212,STR-2011-FXSXVD,14 York St,3010,M5J,Condominium,10,Spadina-Fort York
4714213,STR-2011-HVFXVL,436 Euclid Ave,,M6G,Single/Semi-detached House,11,University-Rosedale
4714214,STR-2011-JCLXVM,568 Oriole Pkwy,,M4R,Single/Semi-detached House,8,Eglinton-Lawrence
4714215,STR-2011-FHWKVB,47 Erinlea Cres,,M1H,Single/Semi-detached House,24,Scarborough-Guildwood
4714216,STR-2011-FJLXVB,300 Front St W,4106,M5V,Condominium,10,Spadina-Fort York
4714217,STR-2011-HPWKVK,300 Front St W,704,M5V,Condominium,10,Spadina-Fort York
4714218,STR-2011-FKSXVB,64 Pinemore Cres,,M3A,Single/Semi-detached House,16,Don Valley East
4714219,STR-2011-HHFXVJ,120 Homewood Ave,3303,M4Y,Condominium,13,Toronto Centre
4714220,STR-2011-JFYXVM,786 Dovercourt Rd,,M6H,Single/Semi-detached House,9,Davenport
4714221,STR-2011-HHWKVJ,6 Kings Park Blvd,,M4J,Single/Semi-detached House,14,Toronto-Danforth
4714222,STR-2011-FVHDVD,564 Sherbourne St,Unit 6,M4X,Apartment,13,Toronto Centre
4714223,STR-2011-HRVDVL,107 Walnut Ave,,M5V,Single/Semi-detached House,10,Spadina-Fort York
4714224,STR-2011-HZRRVM,312 Roxton Rd,,M6G,Single/Semi-detached House,11,University-Rosedale
4714225,STR-2011-FGRRVB,300 Front St W,606,M5V,Condominium,10,Spadina-Fort York
4714226,STR-2011-GMRRVG,300 Front St W,1806,M5V,Condominium,10,Spadina-Fort York
4714227,STR-2011-GGBDVF,83 Niagara St,,M5V,Townhouse/ Row House,10,Spadina-Fort York
4714228,STR-2011-FHXRVB,556 Delaware Ave N,,M6H,Single/Semi-detached House,9,Davenport
4714229,STR-2011-GGRRVF,95 Tamworth Rd,,M2N,Single/Semi-detached House,18,Willowdale
4714230,STR-2011-HVXRVL,10 Clementine Sq,,M1G,Single/Semi-detached House,24,Scarborough-Guildwood
4714231,STR-2011-FRVDVC,50 Russell St,,M5S,Duplex/Triplex/Fourplex,11,University-Rosedale
4714232,STR-2011-JDVDVM,92 Indian Grv,,M6R,Single/Semi-detached House,4,Parkdale-High Park
4714233,STR-2011-GSKRVG,40 Hawthorne Rd,,M9R,Single/Semi-detached House,2,Etobicoke Centre
4714234,STR-2011-FGSXVB,14 Alder Rd,,M4B,Single/Semi-detached House,19,Beaches-East York
4714235,STR-2011-GPYXVG,50 Martindale Rd,,M1M,Single/Semi-detached House,20,Scarborough Southwest
4714236,STR-2011-JFLXVM,12 York St,5007,M5J,Condominium,10,Spadina-Fort York
4714237,STR-2011-HHJKVJ,21 Iceboat Ter,3910,M5V,Condominium,10,Spadina-Fort York
4714238,STR-2011-GSLXVG,12 Ponymeadow Ter,,M1C,Single/Semi-detached House,25,Scarborough-Rouge Park
4714239,STR-2012-FRYXVC,13 Berkshire Ave,,M4M,Single/Semi-detached House,14,Toronto-Danforth
4714240,STR-2011-JGSXVM,32 Aberdeen Ave,,M4X,Single/Semi-detached House,13,Toronto Centre
4714241,STR-2011-GLPDVG,168 Ingleton Blvd,,M1V,Single/Semi-detached House,23,Scarborough North
4714242,STR-2011-HCBDVJ,400 Avenue Rd,101,M4V,Apartment,12,Toronto-St. Paul's
4714243,STR-2011-HSPDVL,101 Peter St,3908,M5V,Condominium,10,Spadina-Fort York
4714244,STR-2011-HCRRVJ,8 Newmains Crt,,M1C,Single/Semi-detached House,25,Scarborough-Rouge Park
4714245,STR-2011-FGVDVB,65 Bremner Blvd,3005,M5J,Condominium,10,Spadina-Fort York
4714246,STR-2011-HTVDVL,215 Fort York Blvd,2407,M5V,Condominium,10,Spadina-Fort York
4714247,STR-2011-HMDRVK,218 Weston Rd,,M6N,Single/Semi-detached House,5,York South-Weston
4714248,STR-2011-JCRRVM,11 Ashby Pl,,M5A,Townhouse/ Row House,13,Toronto Centre
4714249,STR-2011-FYPDVD,27 Brock Ave,206,M6K,Condominium,4,Parkdale-High Park
4714250,STR-2011-GQBDVG,155 Yorkville Ave,2001,M5R,Condominium,11,University-Rosedale
4714251,STR-2011-HFPDVJ,33 Wharfside Lane,ground,M1C,Townhouse/ Row House,25,Scarborough-Rouge Park
4714252,STR-2011-FZDRVD,26 Stag Hill Dr,bsmt unit,M4B,Single/Semi-detached House,19,Beaches-East York
4714253,STR-2011-FSPDVC,12 York St,4303,M5J,Condominium,10,Spadina-Fort York
4714254,STR-2011-HQBDVK,58 Orchard View Blvd,TH07,M4R,Condominium,8,Eglinton-Lawrence
4714255,STR-2011-FKXRVB,87 Pintail Cres,,M3A,Single/Semi-detached House,16,Don Valley East
4714256,STR-2011-GRXRVG,52 Briar Hill Ave,,M4R,Single/Semi-detached House,8,Eglinton-Lawrence
4714257,STR-2011-HHKRVJ,28 Mayland Ave,,M9C,Single/Semi-detached House,2,Etobicoke Centre
4714258,STR-2011-JGDRVM,155 Yorkville Ave,2715,M5R,Condominium,11,University-Rosedale
4714259,STR-2012-GTFXVH,22 Oxford St,,M5T,Single/Semi-detached House,11,University-Rosedale
4714260,STR-2012-FFQKVB,96 Aldwych Ave,,M4J,Single/Semi-detached House,14,Toronto-Danforth
4714261,STR-2012-FWCKVD,62 Dan Leckie Way,TH01,M5V,Townhouse/ Row House,10,Spadina-Fort York
4714262,STR-2012-GMFXVG,210 Victoria St,3006,M5B,Condominium,13,Toronto Centre
4714263,STR-2012-HKYXVK,6 Thyra Ave,Upper Unit,M4C,Duplex/Triplex/Fourplex,19,Beaches-East York
4714264,STR-2012-FXYXVD,151 Dan Leckie Way,1711,M5V,Condominium,10,Spadina-Fort York
4714265,STR-2012-GGFXVF,244 Cottingham St,,M4V,Single/Semi-detached House,12,Toronto-St. Paul's
4714266,STR-2012-HVLXVL,300 Front St W,2106,M5V,Condominium,10,Spadina-Fort York
4714267,STR-2012-FJSXVB,10 Capreol Crt,512,M5V,Condominium,10,Spadina-Fort York
4714268,STR-2012-HWSXVL,29 Mechanic Ave,,M6K,Single/Semi-detached House,9,Davenport
4714269,STR-2012-FSQKVC,101 Peter St,912,M5V,Condominium,10,Spadina-Fort York
4714270,STR-2012-FZWKVD,141 Regina Ave,,M6A,Single/Semi-detached House,8,Eglinton-Lawrence
4714271,STR-2012-GBLXVD,21 Iceboat Ter,632,M5V,Condominium,10,Spadina-Fort York
4714272,STR-2012-HBPDVJ,140 Spruce St,,M5A,Townhouse/ Row House,13,Toronto Centre
4714273,STR-2012-HZHDVM,7 Norfolk St,,M6K,Single/Semi-detached House,9,Davenport
4714274,STR-2012-FFRRVB,20 Rivercrest Rd,,M6S,Single/Semi-detached House,4,Parkdale-High Park
4714275,STR-2012-FWDRVD,8 Charlotte St,2706,M5V,Condominium,10,Spadina-Fort York
4714276,STR-2012-GDKRVF,11 Beresford Ave,,M6S,Single/Semi-detached House,4,Parkdale-High Park
4714277,STR-2012-GLRRVG,10 Beresford Ave,,M6S,Single/Semi-detached House,4,Parkdale-High Park
4714278,STR-2012-GFBDVF,49 Oakcrest Ave,,M4C,Single/Semi-detached House,19,Beaches-East York
4714279,STR-2012-GMXRVG,95 Summitcrest Dr,,M9P,Single/Semi-detached House,2,Etobicoke Centre
4714280,STR-2012-FQVDVC,23 Navaho Dr,,M2H,Single/Semi-detached House,17,Don Valley North
4714281,STR-2012-GWVDVH,199 Delta St,,M8W,Single/Semi-detached House,3,Etobicoke-Lakeshore
4714282,STR-2012-HFBDVJ,14 York St,3706,M5J,Condominium,10,Spadina-Fort York
4714283,STR-2012-JDKRVM,63 Innes Ave,,M6E,Single/Semi-detached House,9,Davenport
4714284,STR-2012-FJVDVB,250 Wellington St W,1233,M5V,Condominium,10,Spadina-Fort York
4714285,STR-2012-GQVDVG,2 Waringstown Dr,,M1R,Single/Semi-detached House,21,Scarborough Centre
4714286,STR-2012-HPPDVK,101 Peter St,3202,M5V,Condominium,10,Spadina-Fort York
4714287,STR-2012-FSRRVC,274 Clinton St,1,M6G,Duplex/Triplex/Fourplex,11,University-Rosedale
4714288,STR-2012-FZXRVD,518 Balliol St,,M4S,Single/Semi-detached House,15,Don Valley West
4714289,STR-2012-FTHDVC,219 Fort York Blvd,2104,M5V,Condominium,10,Spadina-Fort York
4714290,STR-2012-HQVDVK,81 Mulock Ave,,M6N,Single/Semi-detached House,5,York South-Weston
4714291,STR-2012-GSRRVG,37 EARL ST,,M4Y,Townhouse/ Row House,13,Toronto Centre
4714292,STR-2012-FFSXVB,151 Dan Leckie Way,1036,M5V,Condominium,10,Spadina-Fort York
4714293,STR-2012-GDLXVF,15 Benalto Rd,,M6A,Single/Semi-detached House,8,Eglinton-Lawrence
4714294,STR-2012-HCFXVJ,92 Blackwater Cres,,M1B,Single/Semi-detached House,25,Scarborough-Rouge Park
4714295,STR-2012-HSSXVL,11 Pintail Cres,Main,M3A,Single/Semi-detached House,16,Don Valley East
4714296,STR-2012-FPQKVC,78 Highcroft Rd,,M4L,Single/Semi-detached House,19,Beaches-East York
4714297,STR-2012-HLCKVK,23 Sproat Ave,,M4M,Single/Semi-detached House,14,Toronto-Danforth
4714298,STR-2012-FYCKVD,12 York St,1211,M5J,Condominium,10,Spadina-Fort York
4714299,STR-2012-HMJKVK,322 St George St,3,M5R,Duplex/Triplex/Fourplex,11,University-Rosedale
4714300,STR-2012-GQFXVG,71 Eaton Ave,,M4J,Single/Semi-detached House,14,Toronto-Danforth
4714301,STR-2012-HFSXVJ,95 Bathurst St,225,M5V,Condominium,10,Spadina-Fort York
4714302,STR-2012-GHQKVF,231 Fort York Blvd,716,M5V,Condominium,10,Spadina-Fort York
4714303,STR-2012-GYSXVH,151 Dan Leckie Way,1509,M5V,Condominium,10,Spadina-Fort York
4714304,STR-2012-GKLXVF,313 Murray Ross Pkwy,,M3J,Single/Semi-detached House,7,Humber River-Black Creek
4714305,STR-2012-GZYXVH,477 Richmond St W,910,M5V,Condominium,10,Spadina-Fort York
4714306,STR-2012-HJFXVJ,239 Lauder Ave,,M6E,Single/Semi-detached House,9,Davenport
4714307,STR-2012-FVBHHD,454 Ruth Ave,,M2M,Single/Semi-detached House,18,Willowdale
4714308,STR-2012-GKPHHG,105 George St,808,M5A,Condominium,13,Toronto Centre
4714309,STR-2012-HJXVHK,12 York St,3309,M5J,Condominium,10,Spadina-Fort York
4714310,STR-2012-FPBHHC,8 Wellesley St E,307,M4Y,Condominium,13,Toronto Centre
4714311,STR-2012-GVBHHH,955 Bay St,3803,M5S,Condominium,13,Toronto Centre
4714312,STR-2012-JBBHHM,204 Rusholme Rd,,M6H,Single/Semi-detached House,9,Davenport
4714313,STR-2012-HTKVHL,37 Fairlawn Ave,B,M5M,Single/Semi-detached House,8,Eglinton-Lawrence
4714314,STR-2012-JBRVHM,11 Mitchell Ave,,M6J,Townhouse/ Row House,10,Spadina-Fort York
4714315,STR-2012-HVBHHL,2 Kingsdown Dr,,M1K,Single/Semi-detached House,21,Scarborough Centre
4714316,STR-2012-GPRVHG,209 Fort York Blvd,355,M5V,Condominium,10,Spadina-Fort York
4714317,STR-2012-GWXVHH,75 Cowan Ave,,M6K,Single/Semi-detached House,4,Parkdale-High Park
4714318,STR-2012-JCXVHM,259 Glebemount Ave,,M4C,Single/Semi-detached House,19,Beaches-East York
4714319,STR-2012-GHBHHF,560 Front St W,528,M5V,Condominium,10,Spadina-Fort York
4714320,STR-2012-GQHHHG,25 Berkham Rd,,M1H,Single/Semi-detached House,24,Scarborough-Guildwood
4714321,STR-2012-HWHHHL,345 St John's Rd,,M6S,Single/Semi-detached House,4,Parkdale-High Park
4714322,STR-2012-FZKVHD,65 Bremner Blvd,4405,M5J,Condominium,10,Spadina-Fort York
4714323,STR-2012-HPRVHK,116 James Park Sq,,M1V,Single/Semi-detached House,23,Scarborough North
4714324,STR-2012-FSVHHC,15 Mozart Ave,,M1K,Single/Semi-detached House,21,Scarborough Centre
4714325,STR-2012-GJHHHF,305 Booth Ave,,M4M,Single/Semi-detached House,14,Toronto-Danforth
4714326,STR-2012-HQHHHK,12 York St,1607,M5J,Condominium,10,Spadina-Fort York
4714327,STR-2012-FLDVHB,116 Sumach St,Main,M5A,Townhouse/ Row House,13,Toronto Centre
4714328,STR-2012-FTKVHC,49 Burnt Bark Dr,Room one,M1V,Single/Semi-detached House,22,Scarborough-Agincourt
4714329,STR-2012-HHRVHJ,188 Albertus Ave,,M4R,Single/Semi-detached House,8,Eglinton-Lawrence
4714330,STR-2012-HQXVHK,209 Ontario St,Unit B,M5A,Duplex/Triplex/Fourplex,13,Toronto Centre
4714331,STR-2012-FDQPHB,209 Fort York Blvd,1255,M5V,Condominium,10,Spadina-Fort York
4714332,STR-2012-GCJPHF,250 Gerrard St E,,M5A,Townhouse/ Row House,13,Toronto Centre
4714333,STR-2012-GLGBHG,28 Dewitt Rd,,M9B,Single/Semi-detached House,2,Etobicoke Centre
4714334,STR-2012-HSGBHL,224 Lippincott St,,M5S,Single/Semi-detached House,11,University-Rosedale
4714335,STR-2012-GMMBHG,37 Indian Rd,,M6R,Single/Semi-detached House,4,Parkdale-High Park
4714336,STR-2012-FQJPHC,34 Magwood Crt,,M6S,Single/Semi-detached House,4,Parkdale-High Park
4714337,STR-2012-HDQPHJ,140 Simcoe St,512,M5H,Condominium,10,Spadina-Fort York
4714338,STR-2012-HLWPHK,72 St Dunstan Dr,,M1L,Single/Semi-detached House,20,Scarborough Southwest
4714339,STR-2012-JCJPHM,228 Lisgar St,,M6J,Single/Semi-detached House,9,Davenport
4714340,STR-2012-FYGBHD,300 Front St W,2706,M5V,Condominium,10,Spadina-Fort York
4714341,STR-2012-GBTBHD,105 Pauline Ave,,M6H,Single/Semi-detached House,9,Davenport
4714342,STR-2012-HYXVHM,202 Kenilworth Ave,,M4L,Duplex/Triplex/Fourplex,19,Beaches-East York
4714343,STR-2012-HHZBHJ,20 John St,922,M5V,Condominium,10,Spadina-Fort York
4714344,STR-2012-HTPHHL,55 Bremner Blvd,3103,M5J,Condominium,10,Spadina-Fort York
4714345,STR-2012-HVDVHL,188 Scarborough Rd,,M4E,Single/Semi-detached House,19,Beaches-East York
4714346,STR-2012-GPVHHG,300 Front St W,2509,M5V,Condominium,10,Spadina-Fort York
4714347,STR-2012-HMPHHK,42 Bright St,,M5A,Townhouse/ Row House,13,Toronto Centre
4714348,STR-2012-HWKVHL,20 John St,624,M5V,Condominium,10,Spadina-Fort York
4714349,STR-2012-FKBHHB,742 Gerrard St E,,M4M,Single/Semi-detached House,14,Toronto-Danforth
4714350,STR-2012-FZPHHD,29 Rathnelly Ave,,M4V,Single/Semi-detached House,12,Toronto-St. Paul's
4714351,STR-2012-HPVHHK,199 Ontario St,,M5A,Single/Semi-detached House,13,Toronto Centre
4714352,STR-2012-FKRVHB,3 Fenwick Ave,,M4K,Single/Semi-detached House,14,Toronto-Danforth
4714353,STR-2012-GKTBHG,13 Trefann St,,M5A,Townhouse/ Row House,13,Toronto Centre
4714354,STR-2012-FMQPHC,36 Bayard Ave,,M1R,Single/Semi-detached House,21,Scarborough Centre
4714355,STR-2012-GLJPHG,278 Prince Edward Dr S,,M8Y,Single/Semi-detached House,3,Etobicoke-Lakeshore
4714356,STR-2012-FXCPHD,151 Dan Leckie Way,940,M5V,Condominium,10,Spadina-Fort York
4714357,STR-2012-GVWPHH,300 Front St W,3205,M5V,Condominium,10,Spadina-Fort York
4714358,STR-2012-HTQPHL,55 Bremner Blvd,1203,M5J,Condominium,10,Spadina-Fort York
4714359,STR-2012-FHWPHB,12 Waterbridge Way,,M1C,Single/Semi-detached House,25,Scarborough-Rouge Park
4714360,STR-2012-HFJPHJ,3 Pembroke St,5,M5A,Townhouse/ Row House,13,Toronto Centre
4714361,STR-2012-HVWPHL,35 Montgomery Ave,,M4R,Single/Semi-detached House,8,Eglinton-Lawrence
4714362,STR-2012-HPGBHK,101 Peter St,409,M5V,Condominium,10,Spadina-Fort York
4714363,STR-2012-GJMBHF,78 Harrison Garden Blvd,1804,M2N,Condominium,18,Willowdale
4714364,STR-2012-HHGBHJ,30 Shannon St,,M6J,Single/Semi-detached House,9,Davenport
4714365,STR-2012-GKCPHF,11 Ingleton Blvd,,M1V,Single/Semi-detached House,23,Scarborough North
4714366,STR-2012-HYJPHL,33 Mystic Ave,,M1L,Single/Semi-detached House,20,Scarborough Southwest
4714367,STR-2012-GLKVHG,59 High Park Blvd,Basement,M6R,Single/Semi-detached House,4,Parkdale-High Park
4714368,STR-2012-GDVHHF,98 Lillian St,1720,M4S,Condominium,12,Toronto-St. Paul's
4714369,STR-2012-HKVHHK,261 Dovercourt Rd,,M6J,Single/Semi-detached House,10,Spadina-Fort York
4714370,STR-2012-JDGBHM,65 Jefferson Ave,303,M6K,Apartment,10,Spadina-Fort York
4714371,STR-2012-HTRVHL,1960 Davenport Rd,1,M6N,Apartment,9,Davenport
4714372,STR-2012-FRVHHC,113 Glen Springs Dr,,M1W,Single/Semi-detached House,22,Scarborough-Agincourt
4714373,STR-2012-GYKVHH,139 Golfview Ave,,M4E,Single/Semi-detached House,19,Beaches-East York
4714374,STR-2012-GJPHHF,130 Warden Ave,,M1N,Single/Semi-detached House,20,Scarborough Southwest
4714375,STR-2012-HHHHHJ,209 Indian Road Cres,,M6P,Single/Semi-detached House,4,Parkdale-High Park
4714376,STR-2012-HHXVHJ,67 Chester Ave,,M4K,Single/Semi-detached House,14,Toronto-Danforth
4714377,STR-2012-HRWPHL,17 Pembroke St,40,M5A,Townhouse/ Row House,13,Toronto Centre
4714378,STR-2012-FWQPHD,162 Cabana Dr,,M9L,Single/Semi-detached House,7,Humber River-Black Creek
4714379,STR-2012-GMCPHG,317 Salem Ave,,M6H,Single/Semi-detached House,9,Davenport
4714380,STR-2012-FHJPHB,39 Miller St,,M6N,Single/Semi-detached House,9,Davenport
4714381,STR-2012-HMTBHK,14 Stamford Sq N,Main Floor,M1L,Single/Semi-detached House,20,Scarborough Southwest
4714382,STR-2012-FJQPHB,310 Beresford Ave,,M6S,Single/Semi-detached House,4,Parkdale-High Park
4714383,STR-2012-HGCPHJ,345 Clinton St,,M6G,Single/Semi-detached House,11,University-Rosedale
4714384,STR-2012-JDWPHM,521 Jones Ave,Basement,M4J,Apartment,14,Toronto-Danforth
4714385,STR-2012-FKGBHB,521 Jones Ave,,M4J,Single/Semi-detached House,14,Toronto-Danforth
4714386,STR-2012-GHZBHF,457 Shuter St,,M5A,Townhouse/ Row House,13,Toronto Centre
4714387,STR-2012-GYMBHH,300 Front St W,404,M5V,Condominium,10,Spadina-Fort York
4714388,STR-2012-GRWPHG,112 George St,201,M5A,Condominium,13,Toronto Centre
4714389,STR-2012-HQQPHK,114 Beverley St,Upper,M5T,Single/Semi-detached House,10,Spadina-Fort York
4714390,STR-2012-GTVHHH,93 Glenholme Ave,Unit 1,M6H,Duplex/Triplex/Fourplex,9,Davenport
4714391,STR-2012-FXHHHD,169 Randolph Rd,,M4G,Single/Semi-detached House,15,Don Valley West
4714392,STR-2012-FXXVHD,42 Lester Ave,,M6M,Single/Semi-detached House,5,York South-Weston
4714393,STR-2012-FRHHHC,220 Dairy Dr,,M1L,Townhouse/ Row House,20,Scarborough Southwest
4714394,STR-2012-HMVHHK,153 Marlborough Pl,,M5R,Duplex/Triplex/Fourplex,11,University-Rosedale
4714395,STR-2012-HGVHHJ,149 Pearson Ave,,M6R,Single/Semi-detached House,4,Parkdale-High Park
4714396,STR-2012-GBKVHD,72 Riverdale Ave,Main,M4K,Single/Semi-detached House,14,Toronto-Danforth
4714397,STR-2012-HHKVHJ,156 Sorauren Ave,North entrance,M6R,Single/Semi-detached House,4,Parkdale-High Park
4714398,STR-2012-FVMBHD,14 York St,2101,M5J,Condominium,10,Spadina-Fort York
4714399,STR-2012-GKZBHG,205 Dovercourt Rd,,M6J,Townhouse/ Row House,10,Spadina-Fort York
4714400,STR-2012-HZWPHM,71 Ashbourne Dr,,M9B,Single/Semi-detached House,2,Etobicoke Centre
4714401,STR-2012-FWTBHD,72 Henry St,,M5T,Single/Semi-detached House,11,University-Rosedale
4714402,STR-2012-HCTBHJ,14 York St,907,M5J,Condominium,10,Spadina-Fort York
4714403,STR-2012-HTGBHL,389 King St W,2,M5V,Apartment,10,Spadina-Fort York
4714404,STR-2012-FQCPHC,500 Annette St,,M6P,Single/Semi-detached House,4,Parkdale-High Park
4714405,STR-2012-FJCPHB,363 Concord Ave,,M6H,Single/Semi-detached House,9,Davenport
4714406,STR-2012-FRZBHC,500 Doris Ave,2522,M2N,Condominium,18,Willowdale
4714407,STR-2012-FZWPHD,150 Yarmouth Rd,,M6G,Single/Semi-detached House,11,University-Rosedale
4714408,STR-2012-FTGBHC,165 Atlas Ave,Upper,M6C,Single/Semi-detached House,12,Toronto-St. Paul's
4714409,STR-2012-GRZBHG,60 Woodbine Ave,,M4L,Townhouse/ Row House,19,Beaches-East York
4714410,STR-2012-FVPHHD,101 Gladstone Ave,2,M6J,Single/Semi-detached House,9,Davenport
4714411,STR-2012-GLBHHG,143 Parkmount Rd,Upper,M4J,Single/Semi-detached House,14,Toronto-Danforth
4714412,STR-2012-HBPHHJ,9 Bralorne Cres,,M6S,Single/Semi-detached House,4,Parkdale-High Park
4714413,STR-2012-FMXVHC,30 Nelson St,907,M5V,Condominium,10,Spadina-Fort York
4714414,STR-2012-HZXVHM,56 Touraine Ave,BSMNT,M3H,Single/Semi-detached House,6,York Centre
4714415,STR-2012-GVPHHH,2 Bellevue Ave,,M5T,Single/Semi-detached House,11,University-Rosedale
4714416,STR-2012-HDKVHJ,537 Palmerston Blvd,1,M6G,Duplex/Triplex/Fourplex,11,University-Rosedale
4714417,STR-2012-HTXVHL,2582 Keele St,BSMT,M6L,Single/Semi-detached House,5,York South-Weston
4714418,STR-2012-FHPHHB,400 St Germain Ave,,M5M,Single/Semi-detached House,8,Eglinton-Lawrence
4714419,STR-2012-FZXVHD,38 Western Battery Rd,618,M6K,Townhouse/ Row House,10,Spadina-Fort York
4714420,STR-2101-FFTBHB,872 Sheppard Ave W,203,M3H,Condominium,6,York Centre
4714421,STR-2101-HDMBHJ,140 Margueretta St,,M6H,Townhouse/ Row House,9,Davenport
4714422,STR-2101-HFCPHJ,241 Brunswick Ave,house upstairs,M5S,Single/Semi-detached House,11,University-Rosedale
4714423,STR-2101-GQGBHG,20 Fourth St,,M5J,Single/Semi-detached House,10,Spadina-Fort York
4714424,STR-2101-FSCPHC,122 Kendal Ave,B,M5R,Duplex/Triplex/Fourplex,11,University-Rosedale
4714425,STR-2101-FZJPHD,215 Fort York Blvd,307,M5V,Condominium,10,Spadina-Fort York
4714426,STR-2101-GYCPHH,109 Walnut Ave,Main,M5V,Duplex/Triplex/Fourplex,10,Spadina-Fort York
4714427,STR-2101-FZZBHD,352 Front St W,1602,M5V,Condominium,10,Spadina-Fort York
4714428,STR-2101-GBQPHD,10 Kintyre Ave,,M4M,Single/Semi-detached House,14,Toronto-Danforth
4714429,STR-2101-GCGBHD,673 Carlaw Ave,,M4K,Single/Semi-detached House,14,Toronto-Danforth
4714430,STR-2101-HYTBHL,59 Balmoral Ave,,M4V,Single/Semi-detached House,12,Toronto-St. Paul's
4714431,STR-2101-FDPKVB,451 Queen St E,,M5A,Townhouse/ Row House,13,Toronto Centre
4714432,STR-2101-FLVKVC,848 Shaw St,,M6G,Single/Semi-detached House,11,University-Rosedale
4714433,STR-2101-HBBKVJ,30 Sabrina Dr,1,M9R,Single/Semi-detached House,2,Etobicoke Centre
4714434,STR-2101-GCXXVF,769 Lansdowne Ave,,M6H,Single/Semi-detached House,9,Davenport
4714435,STR-2101-FWXXVD,9 Meaford Ave,B,M8V,Single/Semi-detached House,3,Etobicoke-Lakeshore
4714436,STR-2101-FQHKVC,155 Yorkville Ave,504,M5R,Condominium,11,University-Rosedale
4714437,STR-2101-GPBKVG,41 Derwyn Rd,,M4J,Single/Semi-detached House,14,Toronto-Danforth
4714438,STR-2101-HDPKVJ,41 Huntley St,1,M4Y,Single/Semi-detached House,13,Toronto Centre
4714439,STR-2101-GWXXVH,1267 Woodbine Ave,Unit B,M4C,Duplex/Triplex/Fourplex,19,Beaches-East York
4714440,STR-2101-JGKXVM,14 York St,504,M5J,Condominium,10,Spadina-Fort York
4714441,STR-2101-JDPKVM,168 Wincott Dr,,M9R,Single/Semi-detached House,2,Etobicoke Centre
4714442,STR-2101-FSDXVC,40 Whitehall Rd,Lower Suite,M4W,Duplex/Triplex/Fourplex,11,University-Rosedale
4714443,STR-2101-FSVKVC,675 Queen St W,2,M6J,Apartment,10,Spadina-Fort York
4714444,STR-2101-GBBKVD,300 Front St W,1106,M5V,Condominium,10,Spadina-Fort York
4714445,STR-2101-GRPKVG,2 Parkcrest Dr,,M1M,Single/Semi-detached House,20,Scarborough Southwest
4714446,STR-2101-HYWRVM,300 Front St W,2810,M5V,Condominium,10,Spadina-Fort York
4714447,STR-2101-HJZDVK,114 Claremore Ave,,M1N,Single/Semi-detached House,20,Scarborough Southwest
4714448,STR-2101-HLGDVK,118 Northland Ave,,M6N,Single/Semi-detached House,5,York South-Weston
4714449,STR-2101-FQZDVC,109 Northcliffe Blvd,,M6E,Single/Semi-detached House,9,Davenport
4714450,STR-2101-GPTDVG,23 Beresford Ave,,M6S,Apartment,4,Parkdale-High Park
4714451,STR-2101-HVTDVL,163 Clifton Ave,,M3H,Single/Semi-detached House,6,York Centre
4714452,STR-2101-GYGDVH,888 Queen St W,Upper,M6J,Duplex/Triplex/Fourplex,10,Spadina-Fort York
4714453,STR-2501-JBQSBZ,59 Marbury Cres,,M3A,Single/Semi-detached House,16,Don Valley East
4714454,STR-2101-HBDXVJ,210 Victoria St,2803,M5B,Condominium,13,Toronto Centre
4714455,STR-2101-HJKXVK,219 Fort York Blvd,1401,M5V,Condominium,10,Spadina-Fort York
4714456,STR-2101-FWKXVD,88 Prust Ave,,M4L,Single/Semi-detached House,14,Toronto-Danforth
4714457,STR-2101-HSXXVL,155 Yorkville Ave,1410,M5R,Condominium,11,University-Rosedale
4714458,STR-2101-JBDXVM,621 Hillsdale Ave E,,M4S,Single/Semi-detached House,15,Don Valley West
4714459,STR-2101-FHDXVB,17 Osler St,,M6P,Single/Semi-detached House,9,Davenport
4714460,STR-2101-HDRXVJ,325 Bogert Ave,Unit 152,M2N,Apartment,18,Willowdale
4714461,STR-2101-HWKXVL,300 Front St W,3209,M5V,Condominium,10,Spadina-Fort York
4714462,STR-2101-GYHKVH,300 Front St W,3711,M5V,Condominium,10,Spadina-Fort York
4714463,STR-2101-GRRXVG,20 Page St.,,M6G,Duplex/Triplex/Fourplex,11,University-Rosedale
4714464,STR-2101-JGPKVM,1052 Queen St W,Penthouse,M6J,Apartment,10,Spadina-Fort York
4714465,STR-2102-GDTDVF,240 Lauder Ave,,M6E,Single/Semi-detached House,9,Davenport
4714466,STR-2102-HSZDVL,15 Sheridan Ave,,M6K,Townhouse/ Row House,9,Davenport
4714467,STR-2102-FPWRVC,240 Ashworth Ave,Lower Unit,M6G,Single/Semi-detached House,12,Toronto-St. Paul's
4714468,STR-2102-HTQRVL,419 Montrose Ave,basement,M6G,Duplex/Triplex/Fourplex,11,University-Rosedale
4714469,STR-2102-HLZDVK,18 Laburnham Ave,,M8V,Single/Semi-detached House,3,Etobicoke-Lakeshore
4714470,STR-2102-FHWRVB,55 Bremner Blvd,4706,M5J,Condominium,10,Spadina-Fort York
4714471,STR-2102-GXCRVH,270 Wellington St W,1017,M5V,Condominium,10,Spadina-Fort York
4714472,STR-2102-HVWRVL,215 Fort York Blvd,1803,M5V,Condominium,10,Spadina-Fort York
4714473,STR-2102-FRTDVC,300 Front St W,2107,M5V,Condominium,10,Spadina-Fort York
4714474,STR-2102-FYZDVD,105 George St,5,M5A,Condominium,13,Toronto Centre
4714475,STR-2102-HXTDVL,402 O'Connor Dr,,M4J,Single/Semi-detached House,14,Toronto-Danforth
4714476,STR-2102-GBWRVD,107 Massey St,3,M6J,Single/Semi-detached House,10,Spadina-Fort York
4714477,STR-2102-GLKXVG,369 Shuter St,2,M5A,Townhouse/ Row House,13,Toronto Centre
4714478,STR-2102-GMBKVG,2 Eva Rd,2623,M9C,Condominium,2,Etobicoke Centre
4714479,STR-2102-GGBKVF,170 Major St,,M5S,Single/Semi-detached House,11,University-Rosedale
4714480,STR-2102-GGRXVF,10 Avalon Ave,Main,M6N,Single/Semi-detached House,5,York South-Weston
4714481,STR-2103-HMRXVK,560 Front St W,420,M5V,Condominium,10,Spadina-Fort York
4714482,STR-2103-GRDXVG,560 Front St W,632,M5V,Condominium,10,Spadina-Fort York
4714483,STR-2103-GKDXVF,12 York St,709,M5J,Condominium,10,Spadina-Fort York
4714484,STR-2103-FMCRVC,83 Trethewey Dr,Main,M6M,Single/Semi-detached House,5,York South-Weston
4714485,STR-2211-FPQDVC,32 Lloyd George Ave,,M8W,Single/Semi-detached House,3,Etobicoke-Lakeshore
4714486,STR-2211-FXLRVD,119 Hallam St,Laneway,M6H,Single/Semi-detached House,9,Davenport
4714487,STR-2211-FQWDVC,250 Wellington St W,1244,M5V,Condominium,10,Spadina-Fort York
4714488,STR-2211-GGJDVF,24 Carmichael Ave,,M5M,Single/Semi-detached House,8,Eglinton-Lawrence
4714489,STR-2211-GPQDVG,11 Prust Ave,,M4L,Single/Semi-detached House,14,Toronto-Danforth
4714490,STR-2211-FJFRVB,65 Bremner Blvd,3708,M5J,Apartment,10,Spadina-Fort York
4714491,STR-2211-GXLRVH,210 Victoria St,4108,M5B,Condominium,13,Toronto Centre
4714492,STR-2211-HWFRVL,39 Hill Cres,,M1M,Single/Semi-detached House,24,Scarborough-Guildwood
4714493,STR-2211-FJWDVB,20 Windham Dr,,M2K,Single/Semi-detached House,17,Don Valley North
4714494,STR-2211-FSCDVC,19 Waringstown Dr,,M1R,Single/Semi-detached House,21,Scarborough Centre
4714495,STR-2211-FZYRVD,57 Glenridge Rd,A,M1M,Single/Semi-detached House,20,Scarborough Southwest
4714496,STR-2211-GJFRVF,359 Brock Ave,A,M6H,Duplex/Triplex/Fourplex,9,Davenport
4714497,STR-2211-GRLRVG,256 Brock Ave,,M6K,Townhouse/ Row House,9,Davenport
4714498,STR-2211-GJWDVF,55 Regent St,13,M5A,Townhouse/ Row House,13,Toronto Centre
4714499,STR-2211-GSCDVG,20 Shore Breeze Dr,210,M8V,Condominium,3,Etobicoke-Lakeshore
4714500,STR-2211-GZJDVH,73 Chelsea Ave,Upper,M6P,Duplex/Triplex/Fourplex,4,Parkdale-High Park
4714501,STR-2211-GCFRVD,336 Berkeley St,,M5A,Single/Semi-detached House,13,Toronto Centre
4714502,STR-2211-GZYRVH,300 Front St W,4003,M5V,Condominium,10,Spadina-Fort York
4714503,STR-2211-HYSRVL,1096 Warden Ave,B,M1R,Single/Semi-detached House,21,Scarborough Centre
4714504,STR-2211-HZKKVM,357 Margueretta St,,M6H,Single/Semi-detached House,9,Davenport
4714505,STR-2211-FFTXVB,96 Chipwood Cres,,M2J,Duplex/Triplex/Fourplex,17,Don Valley North
4714506,STR-2211-GLTXVG,451 Shuter St,Lower,M5A,Duplex/Triplex/Fourplex,13,Toronto Centre
4714507,STR-2211-HSTXVL,381 Murray Ross Pkwy,,M3J,Single/Semi-detached House,7,Humber River-Black Creek
4714508,STR-2211-FGKKVB,38 Laughton Ave,1,M6N,Duplex/Triplex/Fourplex,9,Davenport
4714509,STR-2211-FWXKVD,1 Sunderland Cres,,M1H,Single/Semi-detached House,24,Scarborough-Guildwood
4714510,STR-2211-HCXKVJ,98 Lillian St,712,M4S,Condominium,12,Toronto-St. Paul's
4714511,STR-2211-FXMXVD,19 Bourdon Ave,,M6L,Single/Semi-detached House,5,York South-Weston
4714512,STR-2211-GMZXVG,833 King St W,303,M5V,Condominium,10,Spadina-Fort York
4714513,STR-2211-HDMXVJ,140 Simcoe St,1411,M5H,Condominium,10,Spadina-Fort York
4714514,STR-2211-GWXKVH,1409 King St W,1,M6K,Duplex/Triplex/Fourplex,4,Parkdale-High Park
4714515,STR-2211-HFDKVJ,300 Front St W,1108,M5V,Condominium,10,Spadina-Fort York
4714516,STR-2211-FJGXVB,20B Vanbrugh Ave,Main,M1N,Single/Semi-detached House,20,Scarborough Southwest
4714517,STR-2211-FRMXVC,1209 Queen St E,15,M4M,Townhouse/ Row House,14,Toronto-Danforth
4714518,STR-2211-GQGXVG,56 Cedarvale Ave,A,M4C,Single/Semi-detached House,19,Beaches-East York
4714519,STR-2211-FZKKVD,43 Ryerson Ave,2,M5T,Single/Semi-detached House,10,Spadina-Fort York
4714520,STR-2211-GYDKVH,1558 Queen St E,2,M4L,Apartment,14,Toronto-Danforth
4714521,STR-2211-HGKKVJ,284 Poyntz Ave,,M2N,Single/Semi-detached House,18,Willowdale
4714522,STR-2211-FZZXVD,182 Coleman Ave,Main,M4C,Duplex/Triplex/Fourplex,19,Beaches-East York
4714523,STR-2211-GYTXVH,50 Aberdeen Ave,,M4X,Townhouse/ Row House,13,Toronto Centre
4714524,STR-2211-HXMXVL,477 Wilson Heights Blvd,,M3H,Single/Semi-detached House,6,York Centre
4714525,STR-2211-JFTXVM,12 York St,5002,M5J,Condominium,10,Spadina-Fort York
4714526,STR-2211-GSDKVG,101 Peter St,1702,M5V,Condominium,10,Spadina-Fort York
4714527,STR-2211-JGKKVM,47 Woburn Ave,,M5M,Single/Semi-detached House,8,Eglinton-Lawrence
4714528,STR-2211-HJGXVJ,2 Anndale Dr,3302,M2N,Condominium,18,Willowdale
4714529,STR-2211-GCHBHS,78 Elm Grove Ave,,M6K,Single/Semi-detached House,4,Parkdale-High Park
4714530,STR-2211-GKPBHT,300 Front St W,413,M5V,Condominium,10,Spadina-Fort York
4714531,STR-2211-HBBBHW,569 Ossington Ave,1,M6G,Single/Semi-detached House,11,University-Rosedale
4714532,STR-2211-HBRPHW,297 Keele St,,M6P,Single/Semi-detached House,4,Parkdale-High Park
4714533,STR-2211-HJXPHX,55 Bremner Blvd,4311,M5J,Condominium,10,Spadina-Fort York
4714534,STR-2211-HSDPHY,98 Lillian St,711,M4S,Condominium,12,Toronto-St. Paul's
4714535,STR-2211-HZKPHZ,44 Stephen Dr,,M8Y,Single/Semi-detached House,3,Etobicoke-Lakeshore
4714536,STR-2211-GPBBHT,24 Noble St,408,M6K,Condominium,4,Parkdale-High Park
4714537,STR-2211-GWHBHV,89 William Duncan Rd,,M3K,Townhouse/ Row House,6,York Centre
4714538,STR-2211-HFDPHW,84 Bastedo Ave,UN-B,M4C,Single/Semi-detached House,19,Beaches-East York
4714539,STR-2211-JCXPHZ,215 Fort York Blvd,1701,M5V,Condominium,10,Spadina-Fort York
4714540,STR-2211-FYVBHR,89 Riverdale Ave,,M4K,Single/Semi-detached House,14,Toronto-Danforth
4714541,STR-2211-GHBBHS,52 Vaughan Rd,B,M6G,Apartment,12,Toronto-St. Paul's
4714542,STR-2211-JDPBHZ,3 Sudbury St,303,M6J,Condominium,10,Spadina-Fort York
4714543,STR-2211-FJXPHP,103 Grand Ave,,M8Y,Single/Semi-detached House,3,Etobicoke-Lakeshore
4714544,STR-2211-HPRPHX,256 Blackthorn Ave,,M6N,Single/Semi-detached House,9,Davenport
4714545,STR-2211-JFDPHZ,165 Clifton Ave,,M3H,Single/Semi-detached House,6,York Centre
4714546,STR-2211-GJHBHS,30 Nelson St,3906,M5V,Condominium,10,Spadina-Fort York
4714547,STR-2211-HHBBHW,2541 Eglinton Ave W,1,M6M,Apartment,5,York South-Weston
4714548,STR-2211-HQHBHX,102 Regent St,18,M5A,Townhouse/ Row House,13,Toronto Centre
4714549,STR-2211-HXPBHY,262 Torrens Ave,,M4J,Single/Semi-detached House,14,Toronto-Danforth
4714550,STR-2211-FLDPHP,112 George St,320,M5A,Condominium,13,Toronto Centre
4714551,STR-2211-FTKPHQ,630 Kingston Rd,404,M4E,Condominium,19,Beaches-East York
4714552,STR-2211-GBRPHR,394 Queen St W,2,M5V,Apartment,10,Spadina-Fort York
4714553,STR-2211-FVCHHR,70 Queens Wharf Rd,1207,M5V,Single/Semi-detached House,10,Spadina-Fort York
4714554,STR-2211-FMLVHQ,279 Cocksfield Ave,,M3H,Single/Semi-detached House,6,York Centre
4714555,STR-2211-GTLVHV,11 Blaydon Ave,BSMT,M3M,Single/Semi-detached House,6,York Centre
4714556,STR-2211-HJYVHX,239 Harvie Ave,Laneway,M6E,Single/Semi-detached House,9,Davenport
4714557,STR-2211-FPCHHQ,22 Western Battery Rd,106,M6K,Townhouse/ Row House,10,Spadina-Fort York
4714558,STR-2211-GDQHHS,115 Richmond St E,406,M5C,Condominium,13,Toronto Centre
4714559,STR-2211-GLWHHT,106 Ranee Ave,Basement,M6A,Single/Semi-detached House,8,Eglinton-Lawrence
4714560,STR-2211-GHVBHS,59 Guestville Ave,,M6N,Single/Semi-detached House,5,York South-Weston
4714561,STR-2211-HSWHHY,209 Fort York Blvd,958,M5V,Condominium,10,Spadina-Fort York
4714562,STR-2211-FGLVHP,21 Iceboat Ter,2102,M5V,Condominium,10,Spadina-Fort York
4714563,STR-2211-GFFVHS,60 Eastwood Ave,,M1N,Single/Semi-detached House,20,Scarborough Southwest
4714564,STR-2211-HCYVHW,1136 Queen St W,2,M6J,Apartment,9,Davenport
4714565,STR-2211-HLFVHX,139 Scarboro Cres,,M1M,Single/Semi-detached House,20,Scarborough Southwest
4714566,STR-2211-FQJHHQ,87 Peter St,711,M5V,Condominium,10,Spadina-Fort York
4714567,STR-2211-GWJHHV,215 Sutherland Dr,,M4G,Single/Semi-detached House,15,Don Valley West
4714568,STR-2211-JCJHHZ,174 Indian Grv,Upper,M6P,Duplex/Triplex/Fourplex,4,Parkdale-High Park
4714569,STR-2211-FHSVHP,28 Griggsden Ave,,M9P,Single/Semi-detached House,2,Etobicoke Centre
4714570,STR-2211-FYFVHR,109 Gore Vale Ave,,M6J,Single/Semi-detached House,10,Spadina-Fort York
4714571,STR-2211-GGLVHS,836 Kennedy Rd,,M1K,Single/Semi-detached House,21,Scarborough Centre
4714572,STR-2211-GXQHHV,924 Ossington Ave,203,M6G,Duplex/Triplex/Fourplex,9,Davenport
4714573,STR-2211-FKQHHP,154 Alameda Ave,,M6C,Single/Semi-detached House,12,Toronto-St. Paul's
4714574,STR-2211-HHCHHW,231 Fort York Blvd,921,M5V,Condominium,10,Spadina-Fort York
4714575,STR-2211-GSFVHT,300 Front St W,1001,M5V,Condominium,10,Spadina-Fort York
4714576,STR-2211-HZPBHZ,852 Dundas St W,,M6J,Single/Semi-detached House,11,University-Rosedale
4714577,STR-2211-JBDPHZ,12 York St,4706,M5J,Condominium,10,Spadina-Fort York
4714578,STR-2211-GFHBHS,66 Albani St,,M8V,Single/Semi-detached House,3,Etobicoke-Lakeshore
4714579,STR-2211-FRBBHQ,3 Hagley Rd,Basement,M1M,Single/Semi-detached House,20,Scarborough Southwest
4714580,STR-2211-HFXPHW,6 Eva Rd,1609,M9C,Condominium,2,Etobicoke Centre
4714581,STR-2211-FSHBHQ,361 Waverley Rd,,M4L,Single/Semi-detached House,19,Beaches-East York
4714582,STR-2211-GYHBHV,514 Wilson Heights Blvd,,M3H,Single/Semi-detached House,6,York Centre
4714583,STR-2211-HGPBHW,560 Front St W,532,M5V,Condominium,10,Spadina-Fort York
4714584,STR-2211-FKRPHP,181 Downsview Park Blvd,,M3K,Townhouse/ Row House,6,York Centre
4714585,STR-2211-FLHBHP,209 Fort York Blvd,176,M5V,Condominium,10,Spadina-Fort York
4714586,STR-2211-GZPBHV,2181 Yonge St,1606,M4S,Condominium,12,Toronto-St. Paul's
4714587,STR-2211-HRBBHX,42 Westmoreland Ave,,M6H,Single/Semi-detached House,9,Davenport
4714588,STR-2211-GKSVHT,112 Langley Ave,,M4K,Single/Semi-detached House,14,Toronto-Danforth
4714589,STR-2211-FFJHHP,902 Davenport Rd,3,M6G,Duplex/Triplex/Fourplex,12,Toronto-St. Paul's
4714590,STR-2211-FVWHHR,155 Yorkville Ave,2907,M5R,Condominium,11,University-Rosedale
4714591,STR-2211-GLJHHT,9 Sepia Dr,,M2J,Single/Semi-detached House,17,Don Valley North
4714592,STR-2501-GGZFBS,97 Dewson St,,M6H,Single/Semi-detached House,9,Davenport
4714593,STR-2211-HZQHHZ,95 Fontainbleau Dr,,M2M,Single/Semi-detached House,18,Willowdale
4714594,STR-2211-GLYVHT,34 Bellwoods Ave,,M6J,Townhouse/ Row House,10,Spadina-Fort York
4714595,STR-2211-HCLVHW,2 Elway Crt,3,M6B,Apartment,8,Eglinton-Lawrence
4714596,STR-2211-JBFVHZ,155 Yorkville Ave,1214,M5R,Condominium,11,University-Rosedale
4714597,STR-2211-JBWHHZ,5 Hargrave Lane,,M4N,Townhouse/ Row House,15,Don Valley West
4714598,STR-2211-FYYVHR,407 Symington Ave,,M6N,Townhouse/ Row House,9,Davenport
4714599,STR-2211-GHFVHS,230 Campbell Ave,,M6P,Single/Semi-detached House,9,Davenport
4714600,STR-2211-HPFVHX,151 Lee Ave,,M4E,Single/Semi-detached House,19,Beaches-East York
4714601,STR-2211-FKCHHP,701 Sheppard Ave W,409,M3H,Condominium,6,York Centre
4714602,STR-2211-JFJHHZ,50 Joe Shuster Way,208,M6K,Townhouse/ Row House,10,Spadina-Fort York
4714603,STR-2211-FKSVHP,14 York St,1311,M5J,Condominium,10,Spadina-Fort York
4714604,STR-2211-HXSVHY,955 Bay St,724,M5S,Condominium,13,Toronto Centre
4714605,STR-2211-FLJHHP,208 Churchill Ave,,M2R,Single/Semi-detached House,18,Willowdale
4714606,STR-2211-HRCHHX,166 Huron St,C,M5T,Single/Semi-detached House,11,University-Rosedale
4714607,STR-2211-FDVBHP,119 Pleasant Ave,,M2M,Single/Semi-detached House,18,Willowdale
4714608,STR-2211-FVHBHR,145 Winona Dr,,M6G,Single/Semi-detached House,12,Toronto-St. Paul's
4714609,STR-2211-GCPBHS,156 Codsell Ave,,M3H,Single/Semi-detached House,6,York Centre
4714610,STR-2211-GKVBHT,128 Ulster St,1,M6G,Duplex/Triplex/Fourplex,11,University-Rosedale
4714611,STR-2211-GTRPHV,21 Iceboat Ter,2610,M5V,Condominium,10,Spadina-Fort York
4714612,STR-2212-GDVBHS,56 Forest Manor Rd,3010,M2J,Condominium,17,Don Valley North
4714613,STR-2212-GMBBHT,1 Constance St,1,M6R,Duplex/Triplex/Fourplex,4,Parkdale-High Park
4714614,STR-2212-GVHBHV,10 Navy Wharf Crt,603,M5V,Condominium,10,Spadina-Fort York
4714615,STR-2212-HTBBHY,184 Montclair Ave,,M5P,Single/Semi-detached House,12,Toronto-St. Paul's
4714616,STR-2212-FXDPHR,14 York St,3901,M5J,Condominium,10,Spadina-Fort York
4714617,STR-2212-GVXPHV,2 Prince Hal Cres,,M1T,Single/Semi-detached House,22,Scarborough-Agincourt
4714618,STR-2212-HTRPHY,1929 Dundas St E,,M4L,Single/Semi-detached House,19,Beaches-East York
4714619,STR-2212-GPHBHT,151 Dan Leckie Way,355,M5V,Condominium,10,Spadina-Fort York
4714620,STR-2212-HMBBHX,1445 Military Trl,,M1C,Single/Semi-detached House,25,Scarborough-Rouge Park
4714621,STR-2212-GXDPHV,18 Croft St,,M5S,Single/Semi-detached House,11,University-Rosedale
4714622,STR-2212-HMRPHX,18 Hillcrest Ave,1503,M2N,Condominium,18,Willowdale
4714623,STR-2212-HPHBHX,359 Lauder Ave,,M6E,Single/Semi-detached House,9,Davenport
4714624,STR-2212-GRDPHT,151 Dan Leckie Way,745,M5V,Condominium,10,Spadina-Fort York
4714625,STR-2212-GRVBHT,21 Iceboat Ter,2707,M5V,Condominium,10,Spadina-Fort York
4714626,STR-2212-GZBBHV,6 Kent Rd,,M4L,Single/Semi-detached House,14,Toronto-Danforth
4714627,STR-2212-FTRPHQ,80 Western Battery Rd,LPH 11,M6K,Condominium,10,Spadina-Fort York
4714628,STR-2212-FWQHHR,17 Bertram St,,M6M,Single/Semi-detached House,5,York South-Weston
4714629,STR-2212-FGSVHP,7 Allen Ave,,M4M,Single/Semi-detached House,14,Toronto-Danforth
4714630,STR-2212-HTSVHY,16 Boothroyd Ave,Basement,M4J,Single/Semi-detached House,14,Toronto-Danforth
4714631,STR-2502-HXMFBY,740 Gerrard St E,,M4M,Single/Semi-detached House,14,Toronto-Danforth
4714632,STR-2212-HVJHHY,1030 King St W,107,M6K,Condominium,10,Spadina-Fort York
4714633,STR-2212-FRFVHQ,189 Hounslow Ave,,M2N,Single/Semi-detached House,18,Willowdale
4714634,STR-2212-GPYVHT,1889 Queen St E,Front Unit,M4L,Duplex/Triplex/Fourplex,19,Beaches-East York
4714635,STR-2212-HMSVHX,100 MacDonald St,,M8V,Single/Semi-detached House,3,Etobicoke-Lakeshore
4714636,STR-2212-FJQHHP,12 York St,307,M5J,Condominium,10,Spadina-Fort York
4714637,STR-2212-FZCHHR,273A Delta St,,M8W,Single/Semi-detached House,3,Etobicoke-Lakeshore
4714638,STR-2502-FLCSBP,75 Clissold Rd,,M8Z,Single/Semi-detached House,3,Etobicoke-Lakeshore
4714639,STR-2212-HRFVHX,83 Livingstone Ave,,M6E,Single/Semi-detached House,8,Eglinton-Lawrence
4714640,STR-2212-FVKPHR,20 Bruyeres Mews,2203,M5V,Condominium,10,Spadina-Fort York
4714641,STR-2212-GTDPHV,14 York St,2405,M5J,Condominium,10,Spadina-Fort York
4714642,STR-2212-HJRPHX,300 Front St W,3102,M5V,Condominium,10,Spadina-Fort York
4714643,STR-2212-GDHBHS,584 Parliament St,1,M4X,Townhouse/ Row House,13,Toronto Centre
4714644,STR-2212-GLPBHT,651 Jane St,,M6N,Single/Semi-detached House,5,York South-Weston
4714645,STR-2212-GTVBHV,67 Parkington Cres,,M1H,Single/Semi-detached House,24,Scarborough-Guildwood
4714646,STR-2212-GVKPHV,87 Lesmount Ave,,M4J,Single/Semi-detached House,14,Toronto-Danforth
4714647,STR-2212-HKXPHX,26 Sarah Ashbridge Ave,,M4L,Single/Semi-detached House,19,Beaches-East York
4714648,STR-2301-FMJHHQ,7 Robinson St,,M6J,Duplex/Triplex/Fourplex,10,Spadina-Fort York
4714649,STR-2212-FQBBHQ,169A Chisholm Ave,,M4C,Single/Semi-detached House,19,Beaches-East York
4714650,STR-2212-HTVBHY,100 Gloucester St,207,M4Y,Apartment,13,Toronto Centre
4714651,STR-2212-FXXPHR,218 Northwood Dr,,M2M,Single/Semi-detached House,18,Willowdale
4714652,STR-2212-HVKPHY,18 Methuen Ave,,M6S,Single/Semi-detached House,4,Parkdale-High Park
4714653,STR-2212-HWBBHY,177 Delhi Ave,,M3H,Single/Semi-detached House,6,York Centre
4714654,STR-2212-GHKPHS,14 York St,3803,M5J,Condominium,10,Spadina-Fort York
4714655,STR-2212-FKXPHP,74 Oxford St,Upper,M5T,Townhouse/ Row House,11,University-Rosedale
4714656,STR-2212-FTDPHQ,21 Simpson Ave,,M4K,Single/Semi-detached House,14,Toronto-Danforth
4714657,STR-2212-GZDPHV,158 Ellsworth Ave,,M6G,Single/Semi-detached House,12,Toronto-St. Paul's
4714658,STR-2212-HQRPHX,955 Bay St,702,M5S,Condominium,13,Toronto Centre
4714659,STR-2212-FFQHHP,8 Wellesley St E,5,M4Y,Condominium,13,Toronto Centre
4714660,STR-2212-JGVBHZ,223 Lisgar St,Rear,M6J,Single/Semi-detached House,9,Davenport
4714661,STR-2212-FVLVHR,230 Sterling Rd,Basement,M6R,Townhouse/ Row House,9,Davenport
4714662,STR-2212-HKYVHX,54 Halsey Ave,,M4B,Single/Semi-detached House,19,Beaches-East York
4714663,STR-2212-JBLVHZ,39 Salem Ave,,M6H,Duplex/Triplex/Fourplex,9,Davenport
4714664,STR-2212-FQCHHQ,12 York St,3007,M5J,Condominium,10,Spadina-Fort York
4714665,STR-2212-GMWHHT,82 Otonabee Ave,,M2M,Single/Semi-detached House,18,Willowdale
4714666,STR-2212-HLQHHX,270 Adelaide St W,306,M5H,Condominium,10,Spadina-Fort York
4714667,STR-2212-HTWHHY,92 Seaforth Ave,Main,M6K,Single/Semi-detached House,4,Parkdale-High Park
4714668,STR-2212-JCCHHZ,290 Berkeley St,,M5A,Townhouse/ Row House,13,Toronto Centre
4714669,STR-2212-FQSVHQ,201 Sherbourne St,1501,M5A,Apartment,13,Toronto Centre
4714670,STR-2212-GQCHHT,69 Benjamin Boake Trl,,M3J,Single/Semi-detached House,6,York Centre
4714671,STR-2212-FJSVHP,120 Homewood Ave,606,M4Y,Condominium,13,Toronto Centre
4714672,STR-2212-HGFVHW,1141 Lansdowne Ave,Upper Unit,M6H,Apartment,9,Davenport
4714673,STR-2212-GJCHHS,155 Yorkville Ave,2009,M5R,Condominium,11,University-Rosedale
4714674,STR-2212-GRJHHT,19 Monkton Ave,,M8Z,Single/Semi-detached House,3,Etobicoke-Lakeshore
4714675,STR-2212-JFQHHZ,4 Lakeshore Ave,,M5J,Single/Semi-detached House,10,Spadina-Fort York
4714676,STR-2212-GBLVHR,674 Dufferin St,4,M6K,Duplex/Triplex/Fourplex,9,Davenport
4714677,STR-2212-GZFVHV,8 Charlotte St,2207,M5V,Condominium,10,Spadina-Fort York
4714678,STR-2212-FWDPHR,143 Silas Hill Dr,,M2J,Single/Semi-detached House,17,Don Valley North
4714679,STR-2502-JFTFBZ,238 Simcoe St,2706,M5T,Condominium,10,Spadina-Fort York
4714680,STR-2301-HZXPHZ,1600 Keele St,1020,M6N,Condominium,5,York South-Weston
4714681,STR-2301-HTHBHY,30 Nelson St,308,M5V,Condominium,10,Spadina-Fort York
4714682,STR-2301-FXKPHR,89 Darlingside Dr,,M1E,Single/Semi-detached House,25,Scarborough-Rouge Park
4714683,STR-2301-HTXPHY,151 Dan Leckie Way,1002,M5V,Condominium,10,Spadina-Fort York
4714684,STR-2301-FHPBHP,14 York St,3808,M5J,Condominium,10,Spadina-Fort York
4714685,STR-2301-FQVBHQ,622 Bathurst St,2,M5S,Apartment,11,University-Rosedale
4714686,STR-2301-FYBBHR,17B Poplar Rd,Basement,M1E,Duplex/Triplex/Fourplex,24,Scarborough-Guildwood
4714687,STR-2301-FJDPHP,69 Vermont Ave,,M6G,Single/Semi-detached House,11,University-Rosedale
4714688,STR-2301-HPPBHX,38 Joe Shuster Way,2010,M6K,Condominium,10,Spadina-Fort York
4714689,STR-2301-GJDPHS,33 Gemshaw Cres,,M1B,Single/Semi-detached House,25,Scarborough-Rouge Park
4714690,STR-2301-HXKPHY,161 Lawrence Ave W,Basement Apart,M5M,Duplex/Triplex/Fourplex,8,Eglinton-Lawrence
4714691,STR-2301-FLBBHP,55 Bremner Blvd,4802,M5J,Condominium,10,Spadina-Fort York
4714692,STR-2301-FTHBHQ,1441 Dufferin St,1,M6H,Apartment,9,Davenport
4714693,STR-2301-GJVBHS,12 Petman Ave,,M4S,Single/Semi-detached House,15,Don Valley West
4714694,STR-2301-FLRPHP,155 Geoffrey St,,M6R,Single/Semi-detached House,4,Parkdale-High Park
4714695,STR-2301-HRKPHX,55 Bremner Blvd,3401,M5J,Condominium,10,Spadina-Fort York
4714696,STR-2301-HBQHHW,137 Danforth Ave,1,M4K,Apartment,14,Toronto-Danforth
4714697,STR-2301-FFSVHP,15 Eldora Ave,27,M2M,Townhouse/ Row House,18,Willowdale
4714698,STR-2301-GLSVHT,36 Augusta Ave,Lower,M5T,Townhouse/ Row House,10,Spadina-Fort York
4714699,STR-2301-HCFVHW,80 Western Battery Rd,6,M6K,Condominium,10,Spadina-Fort York
4714700,STR-2301-FGJHHP,50 Lotherton Ptwy,814,M6B,Condominium,8,Eglinton-Lawrence
4714701,STR-2301-FPQHHQ,2690 Danforth Ave,B,M4C,Apartment,19,Beaches-East York
4714702,STR-2301-FQFVHQ,495 Clinton St,1,M6G,Duplex/Triplex/Fourplex,11,University-Rosedale
4714703,STR-2301-HDLVHW,14 York St,5905,M5J,Condominium,10,Spadina-Fort York
4714704,STR-2301-FQWHHQ,1939 Dufferin St,,M6E,Single/Semi-detached House,9,Davenport
4714705,STR-2301-GGJHHS,5 Blue Forest Dr,,M3H,Single/Semi-detached House,6,York Centre
4714706,STR-2301-HMJHHX,955 Bay St,1615,M5S,Condominium,13,Toronto Centre
4714707,STR-2301-GGYVHS,209 Park Lawn Rd,Basement,M8Y,Single/Semi-detached House,3,Etobicoke-Lakeshore
4714708,STR-2301-JDLVHZ,106 Rainsford Rd,,M4L,Single/Semi-detached House,19,Beaches-East York
4714709,STR-2301-FZYVHR,12 York St,2802,M5J,Condominium,10,Spadina-Fort York
4714710,STR-2301-FLCHHP,12 Warfield Dr,Upper,M2J,Duplex/Triplex/Fourplex,17,Don Valley North
4714711,STR-2301-HQWHHX,91 Riverdale Ave,,M4K,Single/Semi-detached House,14,Toronto-Danforth
4714712,STR-2301-HYSVHY,210 Victoria St,3205,M5B,Condominium,13,Toronto Centre
4714713,STR-2301-GCHDVS,130 Mulock Ave,,M6N,Single/Semi-detached House,5,York South-Weston
4714714,STR-2301-HJHDVX,61 Creekbank Rd,2,M6L,Duplex/Triplex/Fourplex,5,York South-Weston
4714715,STR-2301-HBRRVW,76 Greensides Ave,,M6G,Single/Semi-detached House,12,Toronto-St. Paul's
4714716,STR-2301-FFFXVP,188 Cumberland St,2211,M5R,Condominium,11,University-Rosedale
4714717,STR-2301-GFDRVS,273 Queensdale Ave,,M4C,Single/Semi-detached House,19,Beaches-East York
4714718,STR-2301-HDPDVW,923 Bathurst St,Upper,M5R,Townhouse/ Row House,11,University-Rosedale
4714719,STR-2301-HMKRVX,21 Hackett Ave,,M3J,Single/Semi-detached House,7,Humber River-Black Creek
4714720,STR-2301-GXPDVV,14 York St,1904,M5J,Condominium,10,Spadina-Fort York
4714721,STR-2301-FSDRVQ,306 Driftwood Ave,,M3N,Single/Semi-detached House,7,Humber River-Black Creek
4714722,STR-2301-GHRRVS,955 Bay St,1607,M5S,Condominium,13,Toronto Centre
4714723,STR-2301-GBRRVR,70 Queens Wharf Rd,908,M5V,Condominium,10,Spadina-Fort York
4714724,STR-2301-HHRRVW,631 Queens St W,2,M5V,Apartment,10,Spadina-Fort York
4714725,STR-2301-HRQKVY,388 Yonge St,7310,M5B,Condominium,11,University-Rosedale
4714726,STR-2301-FPCKVQ,21 Iceboat Ter,2601,M5V,Condominium,10,Spadina-Fort York
4714727,STR-2301-GVCKVV,26 Leyton Ave,,M1L,Single/Semi-detached House,20,Scarborough Southwest
4714728,STR-2301-FGLXVP,557 Ossington Ave,,M6G,Single/Semi-detached House,11,University-Rosedale
4714729,STR-2301-GFFXVS,219 Fort York Blvd,310,M5V,Condominium,10,Spadina-Fort York
4714730,STR-2301-GVSXVV,101 Peter St,3702,M5V,Condominium,10,Spadina-Fort York
4714731,STR-2301-HCYXVW,66 Gatesview Ave,,M1J,Single/Semi-detached House,24,Scarborough-Guildwood
4714732,STR-2301-HLFXVX,800 King St W,407,M5V,Condominium,10,Spadina-Fort York
4714733,STR-2502-FTJSBQ,222 Northwood Dr,,M2M,Single/Semi-detached House,18,Willowdale
4714734,STR-2301-GPSXVT,158 Glenmount Park Rd,,M4E,Single/Semi-detached House,19,Beaches-East York
4714735,STR-2301-HFFXVW,680 Mortimer Ave,,M4C,Single/Semi-detached House,19,Beaches-East York
4714736,STR-2301-FJJKVP,188 Cumberland St,2205,M5R,Condominium,11,University-Rosedale
4714737,STR-2301-FYWKVR,11 Wellesley St W,406,M4Y,Condominium,13,Toronto Centre
4714738,STR-2301-HWJKVY,479 Wilson Heights Blvd,,M3H,Single/Semi-detached House,6,York Centre
4714739,STR-2302-GJLXVS,8 Geneva Ave,Basement,M5A,Apartment,13,Toronto Centre
4714740,STR-2301-GHSXVS,225 Wellesley St E,714,M4X,Condominium,13,Toronto Centre
4714741,STR-2301-GBCKVR,8 Runnymede Rd,,M6S,Single/Semi-detached House,4,Parkdale-High Park
4714742,STR-2301-HHCKVW,551 King St E,,M5A,Townhouse/ Row House,13,Toronto Centre
4714743,STR-2301-FTLXVQ,300 Front St W,505,M5V,Condominium,10,Spadina-Fort York
4714744,STR-2301-GBSXVR,270 Wellington St W,924,M5V,Condominium,10,Spadina-Fort York
4714745,STR-2502-GBQSBR,102 Heath St E,,M4T,Single/Semi-detached House,11,University-Rosedale
4714746,STR-2301-GSFXVT,12 York St,5307,M5J,Condominium,10,Spadina-Fort York
4714747,STR-2301-HQYXVX,38 Templar Dr,1,M9R,Single/Semi-detached House,2,Etobicoke Centre
4714748,STR-2502-GJWSBS,89 Westhumber Blvd,,M9W,Single/Semi-detached House,1,Etobicoke North
4714749,STR-2301-FGPDVP,20 John St,321,M5V,Condominium,10,Spadina-Fort York
4714750,STR-2301-FPVDVQ,20 John St,522,M5V,Condominium,10,Spadina-Fort York
4714751,STR-2301-GMPDVT,246 Gerrard St E,2,M5A,Duplex/Triplex/Fourplex,13,Toronto Centre
4714752,STR-2301-HDBDVW,155 Yorkville Ave,2817,M5R,Condominium,11,University-Rosedale
4714753,STR-2301-FHDRVP,452 Glengrove Ave,,M5N,Single/Semi-detached House,8,Eglinton-Lawrence
4714754,STR-2301-GFXRVS,70 August Ave,,M1L,Single/Semi-detached House,20,Scarborough Southwest
4714755,STR-2301-HVDRVY,73 Thirty First St,,M8W,Single/Semi-detached House,3,Etobicoke-Lakeshore
4714756,STR-2301-GPVDVT,97 Hadrian Dr,,M9W,Single/Semi-detached House,1,Etobicoke North
4714757,STR-2301-GQKRVT,300 Front St W,PH3,M5V,Condominium,10,Spadina-Fort York
4714758,STR-2301-GXRRVV,91 Shaw St,,M6J,Townhouse/ Row House,10,Spadina-Fort York
4714759,STR-2301-FKBDVP,14 Atkins Ave,,M6K,Single/Semi-detached House,9,Davenport
4714760,STR-2301-JFHDVZ,227 Victoria Park Ave,,M4E,Single/Semi-detached House,20,Scarborough Southwest
4714761,STR-2301-GRRRVT,25 Oakridge Dr,,M1M,Single/Semi-detached House,20,Scarborough Southwest
4714762,STR-2301-GSHDVT,386 Yonge St,4307,M5B,Condominium,11,University-Rosedale
4714763,STR-2301-JGPDVZ,101 Peter St,3012,M5V,Condominium,10,Spadina-Fort York
4714764,STR-2301-HBFXVW,3630B St Clair Ave E,,M1N,Townhouse/ Row House,20,Scarborough Southwest
4714765,STR-2301-HJLXVX,62 Pilkington Dr,,M1L,Townhouse/ Row House,20,Scarborough Southwest
4714766,STR-2301-HRSXVY,3 Pindar Cres,,M2J,Single/Semi-detached House,17,Don Valley North
4714767,STR-2302-FMQKVQ,7 East York Ave,,M4K,Townhouse/ Row House,14,Toronto-Danforth
4714768,STR-2302-GLJKVT,326 Carlaw Ave,207,M4M,Apartment,14,Toronto-Danforth
4714769,STR-2302-GTQKVV,47 Katie Crt,Basement,M6L,Single/Semi-detached House,5,York South-Weston
4714770,STR-2302-HKSXVX,40 Darnborough Way,,M1W,Single/Semi-detached House,22,Scarborough-Agincourt
4714771,STR-2302-FPWKVQ,19 Earnbridge St,2,M6K,Duplex/Triplex/Fourplex,4,Parkdale-High Park
4714772,STR-2302-HLJKVX,53 Abbott Ave,Upper,M6P,Duplex/Triplex/Fourplex,4,Parkdale-High Park
4714773,STR-2302-HTQKVY,21 Iceboat Ter,933,M5V,Condominium,10,Spadina-Fort York
4714774,STR-2302-JBWKVZ,295 Adelaide St W,4104,M5V,Condominium,10,Spadina-Fort York
4714775,STR-2302-FQLXVQ,65 Bremner Blvd,3411,M5J,Condominium,10,Spadina-Fort York
4714776,STR-2302-GPFXVT,2 Anndale Dr,308,M2N,Apartment,18,Willowdale
4714777,STR-2302-HDSXVW,10 Farmington Cres,,M1S,Single/Semi-detached House,22,Scarborough-Agincourt
4714778,STR-2302-GXSXVV,110A Sackville St,,M5A,Townhouse/ Row House,13,Toronto Centre
4714779,STR-2302-HFYXVW,162 Hilda Ave,,M2M,Single/Semi-detached House,18,Willowdale
4714780,STR-2302-FSJKVQ,1572 Dundas St E,,M4L,Single/Semi-detached House,14,Toronto-Danforth
4714781,STR-2302-HXCKVY,275 Newton Dr,,M2M,Single/Semi-detached House,18,Willowdale
4714782,STR-2302-GYYXVV,68 Carr St,17,M5T,Townhouse/ Row House,10,Spadina-Fort York
4714783,STR-2302-HXSXVY,65 Bremner Blvd,4803,M5J,Condominium,10,Spadina-Fort York
4714784,STR-2302-HRCKVX,69 Lynn Williams St,813,M6K,Condominium,10,Spadina-Fort York
4714785,STR-2302-FDVDVP,3 Dennett Dr,,M1S,Single/Semi-detached House,23,Scarborough North
4714786,STR-2302-GDDRVS,151 Dan Leckie Way,845,M5V,Condominium,10,Spadina-Fort York
4714787,STR-2302-GLKRVT,151 Dan Leckie Way,906,M5V,Condominium,10,Spadina-Fort York
4714788,STR-2302-HKDRVX,14 York St,6611,M5J,Condominium,10,Spadina-Fort York
4714789,STR-2302-GDVDVS,72 Robert St,,M9N,Single/Semi-detached House,5,York South-Weston
4714790,STR-2302-HKVDVX,138 Kenwood Ave,,M6C,Single/Semi-detached House,12,Toronto-St. Paul's
4714791,STR-2302-HTBDVY,14 York St,3206,M5J,Condominium,10,Spadina-Fort York
4714792,STR-2302-FPXRVQ,111 Harrison St,,M6J,Townhouse/ Row House,9,Davenport
4714793,STR-2302-FXDRVR,282 Ossington Ave,Basement,M6J,Single/Semi-detached House,9,Davenport
4714794,STR-2302-HDDRVW,300 Front St W,1005,M5V,Condominium,10,Spadina-Fort York
4714795,STR-2302-FQPDVQ,75 Grackle Trl,,M1X,Single/Semi-detached House,23,Scarborough North
4714796,STR-2302-GPHDVT,251 Jarvis St,3804,M5B,Condominium,13,Toronto Centre
4714797,STR-2302-HDVDVW,165 Legion Rd N,1928,M8Y,Condominium,3,Etobicoke-Lakeshore
4714798,STR-2302-JCPDVZ,262 Beatrice St,A,M6G,Townhouse/ Row House,11,University-Rosedale
4714799,STR-2302-JDDRVZ,219 Fort York Blvd,1808,M5V,Condominium,10,Spadina-Fort York
4714800,STR-2302-GXVDVV,188 Cumberland St,801,M5R,Apartment,11,University-Rosedale
4714801,STR-2302-FKDRVP,560 Front St W,518,M5V,Condominium,10,Spadina-Fort York
4714802,STR-2302-FKVDVP,43 Geneva Ave,,M5A,Townhouse/ Row House,13,Toronto Centre
4714803,STR-2302-GBXRVR,187 Downsview Park Blvd,,M3K,Townhouse/ Row House,6,York Centre
4714804,STR-2302-GKDRVS,324 Beech Ave,,M4E,Single/Semi-detached House,19,Beaches-East York
4714805,STR-2302-HHXRVW,151 Dan Leckie Way,806,M5V,Condominium,10,Spadina-Fort York
4714806,STR-2302-HYKRVY,15 Bayfield Cres,,M4K,Single/Semi-detached House,14,Toronto-Danforth
4714807,STR-2302-HJQKVX,232 St Helen's Ave,,M6H,Townhouse/ Row House,9,Davenport
4714808,STR-2302-HZCKVZ,30 Nelson St,16,M5V,Condominium,10,Spadina-Fort York
4714809,STR-2302-FMSXVQ,120 Homewood Ave,603,M4Y,Condominium,13,Toronto Centre
4714810,STR-2302-HBYXVW,117 Boston Ave,,M4M,Single/Semi-detached House,14,Toronto-Danforth
4714811,STR-2302-HKFXVX,5131 Sheppard Ave E,411,M1B,Condominium,23,Scarborough North
4714812,STR-2302-FWQKVR,373 Front St W,101,M5V,Condominium,10,Spadina-Fort York
4714813,STR-2302-GDWKVS,147 Brickworks Lane,,M6N,Townhouse/ Row House,5,York South-Weston
4714814,STR-2302-GMCKVT,63 Alcorn Ave,,M4V,Single/Semi-detached House,12,Toronto-St. Paul's
4714815,STR-2302-HKWKVX,105 Jersey Ave,,M6G,Single/Semi-detached House,11,University-Rosedale
4714816,STR-2302-JBJKVZ,153 Logan Ave,,M4M,Apartment,14,Toronto-Danforth
4714817,STR-2302-FXFXVR,536 Dupont St,Upper,M6G,Single/Semi-detached House,11,University-Rosedale
4714818,STR-2302-HTSXVY,300 Front St W,808,M5V,Condominium,10,Spadina-Fort York
4714819,STR-2302-JBYXVZ,2 Aberdeen Ave,,M4X,Single/Semi-detached House,13,Toronto Centre
4714820,STR-2302-FQQKVQ,1 Garnier Crt,,M2M,Single/Semi-detached House,17,Don Valley North
4714821,STR-2302-FXWKVR,992 Dundas St E,,M4M,Townhouse/ Row House,14,Toronto-Danforth
4714822,STR-2302-GGCKVS,298 Ossington Ave,1,M6J,Duplex/Triplex/Fourplex,9,Davenport
4714823,STR-2302-HMCKVX,377 Lansdowne Ave,Upper,M6H,Single/Semi-detached House,9,Davenport
4714824,STR-2302-HMSXVX,130 Macpherson Ave,11,M5R,Apartment,11,University-Rosedale
4714825,STR-2302-HGCKVW,15 Iceboat Ter,942A,M5V,Condominium,10,Spadina-Fort York
4714826,STR-2302-FSLXVQ,21 Iceboat Ter,829,M5V,Condominium,10,Spadina-Fort York
4714827,STR-2302-JFLXVZ,20 Shore Breeze Dr,304,M8V,Condominium,3,Etobicoke-Lakeshore
4714828,STR-2302-GJQKVS,78 Augusta Ave,,M5T,Townhouse/ Row House,10,Spadina-Fort York
4714829,STR-2302-HQQKVX,21 Iceboat Ter,328,M5V,Condominium,10,Spadina-Fort York
4714830,STR-2302-HXWKVY,54 Brunswick Ave,,M5S,Single/Semi-detached House,11,University-Rosedale
4714831,STR-2302-JGCKVZ,215 Fort York Blvd,619,M5V,Condominium,10,Spadina-Fort York
4714832,STR-2302-GKFXVS,98 Lillian St,2412,M4S,Condominium,12,Toronto-St. Paul's
4714833,STR-2302-GSLXVT,13 Woodfield Rd,Lower,M4L,Duplex/Triplex/Fourplex,14,Toronto-Danforth
4714834,STR-2302-HJRRVX,3 Channel Ave,,M5J,Single/Semi-detached House,10,Spadina-Fort York
4714835,STR-2302-GDHDVS,30 Fernwood Park Ave,2,M4E,Duplex/Triplex/Fourplex,19,Beaches-East York
4714836,STR-2302-HKHDVX,211 Van Dusen Blvd,,M8Z,Single/Semi-detached House,3,Etobicoke-Lakeshore
4714837,STR-2302-GMDRVT,3 Kimbourne Ave,,M4J,Single/Semi-detached House,14,Toronto-Danforth
4714838,STR-2302-GVKRVV,2 Eva Rd,1328,M9C,Condominium,2,Etobicoke Centre
4714839,STR-2302-FXHDVR,151 Dan Leckie Way,518,M5V,Condominium,10,Spadina-Fort York
4714840,STR-2302-HMVDVX,155 Church St,201,M5B,Apartment,13,Toronto Centre
4714841,STR-2302-HDHDVW,2 Ollerton Rd,,M3J,Single/Semi-detached House,7,Humber River-Black Creek
4714842,STR-2302-JCBDVZ,92 Highfield Rd,Upper,M4L,Single/Semi-detached House,14,Toronto-Danforth
4714843,STR-2302-GWRRVV,8 Petman Ave,,M4S,Single/Semi-detached House,15,Don Valley West
4714844,STR-2302-HMDRVX,14 York St,5605,M5J,Condominium,10,Spadina-Fort York
4714845,STR-2302-GHKRVS,209 Fort York Blvd,1262,M5V,Condominium,10,Spadina-Fort York
4714846,STR-2302-HGDRVW,20 Prust Ave,,M4L,Single/Semi-detached House,14,Toronto-Danforth
4714847,STR-2302-HXHDVY,18 Sawley Dr,,M2K,Single/Semi-detached House,17,Don Valley North
4714848,STR-2302-FKXRVP,65 Bremner Blvd,1503,M5J,Condominium,10,Spadina-Fort York
4714849,STR-2302-FTDRVQ,155 Yorkville Ave,2107,M5R,Condominium,11,University-Rosedale
4714850,STR-2302-JGDRVZ,231 Fort York Blvd,111,M5V,Condominium,10,Spadina-Fort York
4714851,STR-2302-HRHDVX,12 York St,411,M5J,Condominium,10,Spadina-Fort York
4714852,STR-2302-GKYXVT,74 Lanark Ave,105,M6E,Townhouse/ Row House,12,Toronto-St. Paul's
4714853,STR-2302-HBLXVW,254 Christie St,3,M6G,Apartment,11,University-Rosedale
4714854,STR-2302-HRYXVY,158 Almore Ave,A,M3H,Single/Semi-detached House,6,York Centre
4714855,STR-2302-HZFXVZ,132 Belsize Dr,,M4S,Single/Semi-detached House,12,Toronto-St. Paul's
4714856,STR-2302-FFQKVP,560 Front St W,904,M5V,Condominium,10,Spadina-Fort York
4714857,STR-2302-FMWKVQ,300 Front St W,3801,M5V,Condominium,10,Spadina-Fort York
4714858,STR-2302-HSQKVY,328 Brunswick Ave,5,M5R,Duplex/Triplex/Fourplex,11,University-Rosedale
4714859,STR-2302-GMFXVT,243 Havelock St,,M6H,Single/Semi-detached House,9,Davenport
4714860,STR-2302-HDJKVW,28 Rosebank Dr,1701,M1B,Townhouse/ Row House,23,Scarborough North
4714861,STR-2302-HLQKVX,58 Beaty Ave,Upper,M6K,Single/Semi-detached House,4,Parkdale-High Park
4714862,STR-2302-HDYXVW,295 Dufferin St,516,M6K,Apartment,10,Spadina-Fort York
4714863,STR-2302-FJCKVP,30 Mitchell Ave,,M6J,Townhouse/ Row House,10,Spadina-Fort York
4714864,STR-2302-GQCKVT,562 Parliament St,2,M4X,Duplex/Triplex/Fourplex,13,Toronto Centre
4714865,STR-2302-GXJKVV,39 Pinto Dr,,M2J,Single/Semi-detached House,17,Don Valley North
4714866,STR-2302-HWCKVY,251 Manitoba St,2503,M8Y,Condominium,3,Etobicoke-Lakeshore
4714867,STR-2302-JDJKVZ,33 Edwin Ave,Lanewy,M6P,Single/Semi-detached House,9,Davenport
4714868,STR-2302-HGFXVW,56 Minnacote Ave,,M1E,Single/Semi-detached House,25,Scarborough-Rouge Park
4714869,STR-2302-HWSXVY,8 Charlotte St,504,M5V,Condominium,10,Spadina-Fort York
4714870,STR-2302-FSQKVQ,243 Roxton Rd,,M6G,Single/Semi-detached House,11,University-Rosedale
4714871,STR-2302-GJCKVS,87 Peter St,612,M5V,Condominium,10,Spadina-Fort York
4714872,STR-2302-GRJKVT,209 Fort York Blvd,1672,M5V,Condominium,10,Spadina-Fort York
4714873,STR-2303-HGWKVW,10 Lowell Ave,,M1M,Single/Semi-detached House,20,Scarborough Southwest
4714874,STR-2303-HXYXVY,17 Cosmic Dr,,M3B,Single/Semi-detached House,15,Don Valley West
4714875,STR-2303-FLQKVP,24 Alton Ave,,M4L,Single/Semi-detached House,14,Toronto-Danforth
4714876,STR-2303-FTWKVQ,19 Niantic Cres,,M3A,Single/Semi-detached House,16,Don Valley East
4714877,STR-2303-HJCKVW,3704 St Clair Ave E,Main,M1M,Single/Semi-detached House,20,Scarborough Southwest
4714878,STR-2303-JGWKVZ,643B Mount Pleasant Rd,1,M4S,Apartment,15,Don Valley West
4714879,STR-2303-GCVDVS,12 York St,903,M5J,Apartment,10,Spadina-Fort York
4714880,STR-2303-HBPDVW,15 Iceboat Ter,3206,M5V,Condominium,10,Spadina-Fort York
4714881,STR-2303-FKKRVP,710 Ossington Ave,1,M6G,Duplex/Triplex/Fourplex,9,Davenport
4714882,STR-2303-HKKRVX,300 Front St W,302,M5V,Apartment,10,Spadina-Fort York
4714883,STR-2303-HZXRVZ,25 Heatherington Dr,,M1T,Single/Semi-detached House,22,Scarborough-Agincourt
4714884,STR-2303-HLRRVX,287 Booth Ave,1,M4M,Single/Semi-detached House,14,Toronto-Danforth
4714885,STR-2303-HTXRVY,30 Grand Trunk Cres,2107,M5J,Condominium,10,Spadina-Fort York
4714886,STR-2303-FQVDVQ,128 Hove St,,M3H,Single/Semi-detached House,6,York Centre
4714887,STR-2303-GPPDVT,251 Jarvis St,1132,M5B,Condominium,13,Toronto Centre
4714888,STR-2303-HMHDVX,20 Trenton Ter,,M6K,Townhouse/ Row House,4,Parkdale-High Park
4714889,STR-2303-HVPDVY,14 York St,5305,M5J,Condominium,10,Spadina-Fort York
4714890,STR-2303-FZHDVR,10 Wyndham St,,M6K,Single/Semi-detached House,9,Davenport
4714891,STR-2303-GQVDVT,114 Milton St,,M8Y,Single/Semi-detached House,3,Etobicoke-Lakeshore
4714892,STR-2303-FSRRVQ,210 Victoria St,3809,M5B,Condominium,13,Toronto Centre
4714893,STR-2303-HHPDVW,65 Bremner Blvd,2003,M5J,Condominium,10,Spadina-Fort York
4714894,STR-2303-HQVDVX,627 Davenport Rd,,M5R,Single/Semi-detached House,12,Toronto-St. Paul's
4714895,STR-2303-GKKRVS,69 Oakmount Rd,2,M6P,Apartment,4,Parkdale-High Park
4714896,STR-2303-HJDRVW,300 Front St W,701,M5V,Condominium,10,Spadina-Fort York
4714897,STR-2303-HYRRVY,108 Moberly Ave,REAR,M4C,Single/Semi-detached House,19,Beaches-East York
4714898,STR-2303-FMJKVQ,270 Wellington St W,809,M5V,Condominium,10,Spadina-Fort York
4714899,STR-2303-GLCKVT,254 Milan St,,M5A,Townhouse/ Row House,13,Toronto Centre
4714900,STR-2303-FFSXVP,11 Charles St W,,M4Y,Townhouse/ Row House,13,Toronto Centre
4714901,STR-2303-FMYXVQ,13 Charles St W,,M4Y,Townhouse/ Row House,13,Toronto Centre
4714902,STR-2303-GTYXVV,30 Shore Breeze Dr,235,M8V,Condominium,3,Etobicoke-Lakeshore
4714903,STR-2303-HZYXVZ,45 Royal York Rd,,M8V,Single/Semi-detached House,3,Etobicoke-Lakeshore
4714904,STR-2303-HCWKVW,292 Evelyn Ave,,M6P,Single/Semi-detached House,4,Parkdale-High Park
4714905,STR-2303-FGYXVP,101 Peter St,816,M5V,Condominium,10,Spadina-Fort York
4714906,STR-2303-GFSXVS,27 Glasgow St,2,M5T,Apartment,11,University-Rosedale
4714907,STR-2303-JGYXVZ,41 Aberdeen Ave,,M4X,Single/Semi-detached House,13,Toronto Centre
4714908,STR-2303-GMYXVT,10 Capreol Crt,647,M5V,Apartment,10,Spadina-Fort York
4714909,STR-2303-FYCKVR,12 Sombrero Crt,,M9L,Single/Semi-detached House,7,Humber River-Black Creek
4714910,STR-2303-GWWKVV,168 Simcoe St,1119,M5H,Condominium,10,Spadina-Fort York
4714911,STR-2303-FJFXVP,54 Southwood Dr,,M4E,Single/Semi-detached House,19,Beaches-East York
4714912,STR-2303-FRLXVQ,210 Horsham Ave,,M2N,Single/Semi-detached House,18,Willowdale
4714913,STR-2303-GXLXVV,78 East Dr,,M6N,Single/Semi-detached House,5,York South-Weston
4714914,STR-2303-HFSXVW,65 Bremner Blvd,1109,M5J,Condominium,10,Spadina-Fort York
4714915,STR-2303-FJWKVP,300 Front St W,1909,M5V,Condominium,10,Spadina-Fort York
4714916,STR-2303-FZJKVR,11 Kirkton Rd,,M3H,Single/Semi-detached House,6,York Centre
4714917,STR-2303-GQWKVT,150 Burrows Hall Blvd,120,M1B,Townhouse/ Row House,23,Scarborough North
4714918,STR-2303-GYSXVV,22 Delaney Cres,,M6K,Single/Semi-detached House,9,Davenport
4714919,STR-2303-GSCKVT,55 Bremner Blvd,4904,M5J,Condominium,10,Spadina-Fort York
4714920,STR-2303-HQWKVX,12 York St,2009,M5J,Condominium,10,Spadina-Fort York
4714921,STR-2303-GCFXVR,35 Major St,1,M5S,Duplex/Triplex/Fourplex,11,University-Rosedale
4714922,STR-2303-GKLXVS,261 Berkeley St,1,M5A,Duplex/Triplex/Fourplex,13,Toronto Centre
4714923,STR-2303-HRLXVX,251 Jarvis St,4602,M5B,Condominium,13,Toronto Centre
4714924,STR-2303-HYSXVY,2 Crosland Dr,,M1R,Single/Semi-detached House,21,Scarborough Centre
4714925,STR-2303-FDPHHP,112 Springhurst Ave,3A,M6K,Duplex/Triplex/Fourplex,4,Parkdale-High Park
4714926,STR-2303-FVBHHR,300 Front St W,1113,M5V,Condominium,10,Spadina-Fort York
4714927,STR-2303-GCHHHS,18 Ravenrock Crt,,M3A,Single/Semi-detached House,16,Don Valley East
4714928,STR-2303-GKPHHT,21 Iceboat Ter,2705,M5V,Condominium,10,Spadina-Fort York
4714929,STR-2303-FFDVHP,45 Geneva Ave,,M5A,Townhouse/ Row House,13,Toronto Centre
4714930,STR-2303-HBRVHW,615 Ossington Ave,1,M6G,Apartment,11,University-Rosedale
4714931,STR-2303-FWHHHR,29 Larchmount Ave,Main,M4M,Single/Semi-detached House,14,Toronto-Danforth
4714932,STR-2303-GVBHHV,371 Rathburn Rd,,M9B,Single/Semi-detached House,2,Etobicoke Centre
4714933,STR-2303-HSVHHY,65 Bremner Blvd,4509,M5J,Condominium,10,Spadina-Fort York
4714934,STR-2303-GFDVHS,48 Grenoble Dr,503,M3C,Apartment,16,Don Valley East
4714935,STR-2303-HLDVHX,12 York St,4501,M5J,Condominium,10,Spadina-Fort York
4714936,STR-2303-HDPHHW,24 Clarion Rd,BSMT,M9R,Single/Semi-detached House,1,Etobicoke North
4714937,STR-2303-JCHHHZ,432 Rustic Rd,,M6L,Single/Semi-detached House,5,York South-Weston
4714938,STR-2303-HFDVHW,246 Campbell Ave,,M6P,Single/Semi-detached House,9,Davenport
4714939,STR-2303-HMKVHX,166A Silverthorn Ave,,M6N,Single/Semi-detached House,9,Davenport
4714940,STR-2303-GHRVHS,90 Waniska Ave,,M8Y,Single/Semi-detached House,3,Etobicoke-Lakeshore
4714941,STR-2303-GYDVHV,300 Front St W,4306,M5V,Condominium,10,Spadina-Fort York
4714942,STR-2303-FKPHHP,230 Queens Quay W,2811,M5J,Condominium,10,Spadina-Fort York
4714943,STR-2303-GJHHHS,22 Haliburton Ave,,M9B,Single/Semi-detached House,2,Etobicoke Centre
4714944,STR-2303-FLDVHP,16 Lucy Ave,,M1L,Single/Semi-detached House,20,Scarborough Southwest
4714945,STR-2303-GJXVHS,3 Brett Ave,,M3H,Single/Semi-detached House,6,York Centre
4714946,STR-2304-HPGBHX,668 Yonge St,B,M4Y,Townhouse/ Row House,13,Toronto Centre
4714947,STR-2303-FLWPHQ,46 Poulett St,,M5A,Townhouse/ Row House,13,Toronto Centre
4714948,STR-2303-HBCPHW,40 Albany Ave,,M5R,Single/Semi-detached House,11,University-Rosedale
4714949,STR-2303-HRQPHY,41 Shanly St,9,M6H,Condominium,9,Davenport
4714950,STR-2303-FFGBHP,639 Lawrence Ave W,322,M6A,Townhouse/ Row House,8,Eglinton-Lawrence
4714951,STR-2303-FWJPHR,55 East Dr,,M6N,Single/Semi-detached House,5,York South-Weston
4714952,STR-2303-HCJPHW,219 Fort York Blvd,523,M5V,Condominium,10,Spadina-Fort York
4714953,STR-2303-FWZBHR,441 Westmoreland Ave N,,M6H,Single/Semi-detached House,9,Davenport
4714954,STR-2303-FHCPHP,482 King St E,,M5A,Single/Semi-detached House,13,Toronto Centre
4714955,STR-2303-GPCPHT,152 Beatrice St,Main,M6J,Single/Semi-detached House,11,University-Rosedale
4714956,STR-2303-HFWPHW,31 Earnscliffe Rd,,M6E,Single/Semi-detached House,9,Davenport
4714957,STR-2303-FJZBHP,16 Chipwood Cres,,M2J,Single/Semi-detached House,17,Don Valley North
4714958,STR-2303-GQZBHT,148 Springhurst Ave,201,M6K,Duplex/Triplex/Fourplex,4,Parkdale-High Park
4714959,STR-2303-GYGBHV,65 Mattice Ave,,M9B,Single/Semi-detached House,2,Etobicoke Centre
4714960,STR-2303-FSWPHQ,1116 Kipling Ave,,M9B,Single/Semi-detached House,2,Etobicoke Centre
4714961,STR-2303-HQJPHX,23 Earl St,,M4Y,Townhouse/ Row House,13,Toronto Centre
4714962,STR-2303-GBTBHR,101 Yonge Blvd,,M5M,Single/Semi-detached House,8,Eglinton-Lawrence
4714963,STR-2303-GKRVHT,495 Euclid Ave,2,M6G,Duplex/Triplex/Fourplex,11,University-Rosedale
4714964,STR-2303-HBDVHW,27 Eugene St,,M6B,Single/Semi-detached House,8,Eglinton-Lawrence
4714965,STR-2303-HRRVHY,10 Rolyat St,A,M6J,Single/Semi-detached House,10,Spadina-Fort York
4714966,STR-2303-GDBHHS,270 Wellington St W,825,M5V,Condominium,10,Spadina-Fort York
4714967,STR-2303-GDRVHS,269 Major St,,M5S,Single/Semi-detached House,11,University-Rosedale
4714968,STR-2303-GLXVHT,41 Heathrow Dr,Main Floor,M3M,Single/Semi-detached House,6,York Centre
4714969,STR-2303-HCKVHW,19 Broadbridge Dr,,M1C,Single/Semi-detached House,25,Scarborough-Rouge Park
4714970,STR-2303-FRBHHQ,241 Dundas St E,3,M5A,Duplex/Triplex/Fourplex,13,Toronto Centre
4714971,STR-2303-GMPHHT,360 Harvie Ave,,M6E,Single/Semi-detached House,9,Davenport
4714972,STR-2303-GVVHHV,68 Winston Park Blvd,10,M3K,Condominium,6,York Centre
4714973,STR-2303-JBVHHZ,51 Huron St,,M5T,Single/Semi-detached House,10,Spadina-Fort York
4714974,STR-2303-FHDVHP,54 Stephen Dr,Lower,M8Y,Duplex/Triplex/Fourplex,3,Etobicoke-Lakeshore
4714975,STR-2303-FXRVHR,80 Carr St,8,M5T,Townhouse/ Row House,10,Spadina-Fort York
4714976,STR-2303-GWKVHV,692 Hillsdale Ave E,Lower,M4S,Single/Semi-detached House,15,Don Valley West
4714977,STR-2303-HDRVHW,10 Edgecliff Golfway,1411,M3C,Condominium,16,Don Valley East
4714978,STR-2303-JCKVHZ,30 Nelson St,2703,M5V,Condominium,10,Spadina-Fort York
4714979,STR-2303-FHVHHP,499 Midland Ave,Main,M1N,Single/Semi-detached House,20,Scarborough Southwest
4714980,STR-2303-GXBHHV,188 Jones Ave,2,M4M,Single/Semi-detached House,14,Toronto-Danforth
4714981,STR-2303-HFHHHW,27 Manning Ave,,M6J,Townhouse/ Row House,10,Spadina-Fort York
4714982,STR-2303-GXRVHV,30 Woodstream Dr,14,M9W,Townhouse/ Row House,1,Etobicoke North
4714983,STR-2303-HWKVHY,21 Carlton St,1305,M5B,Condominium,13,Toronto Centre
4714984,STR-2303-JDRVHZ,69 Oakmount Rd,1,M6P,Apartment,4,Parkdale-High Park
4714985,STR-2303-FSHHHQ,1 Greencoat Rd,,M9C,Single/Semi-detached House,2,Etobicoke Centre
4714986,STR-2303-GHVHHS,34 Goulden Cres,,M1L,Single/Semi-detached House,20,Scarborough Southwest
4714987,STR-2303-JFHHHZ,14 York St,4008,M5J,Condominium,10,Spadina-Fort York
4714988,STR-2303-FSXVHQ,64 Dovercourt Rd,2,M6J,Duplex/Triplex/Fourplex,9,Davenport
4714989,STR-2303-GRRVHT,16 Ashdale Ave,B,M4L,Duplex/Triplex/Fourplex,14,Toronto-Danforth
4714990,STR-2303-HXRVHY,117 Lippincott St,Basement,M5S,Duplex/Triplex/Fourplex,11,University-Rosedale
4714991,STR-2303-JFXVHZ,58 Margueretta St,Basement,M6H,Duplex/Triplex/Fourplex,9,Davenport
4714992,STR-2303-GKBHHS,138 Booth Ave,,M4M,Single/Semi-detached House,14,Toronto-Danforth
4714993,STR-2304-HDCPHW,76 Craiglee Dr,B,M1N,Duplex/Triplex/Fourplex,20,Scarborough Southwest
4714994,STR-2303-HRBHHX,359 Brock Ave,,M6H,Duplex/Triplex/Fourplex,9,Davenport
4714995,STR-2303-JGPHHZ,173 Concord Ave,,M6H,Single/Semi-detached House,9,Davenport
4714996,STR-2303-FLZBHQ,15 Northtown Way,1525,M2N,Condominium,18,Willowdale
4714997,STR-2303-GKTBHT,1100 King St W,A1614,M6K,Condominium,10,Spadina-Fort York
4714998,STR-2303-GSZBHV,14 York St,5901,M5J,Condominium,10,Spadina-Fort York
4714999,STR-2303-FVWPHR,68 William Duncan Rd,,M3K,Townhouse/ Row House,6,York Centre
4715000,STR-2303-HKCPHX,21 Iceboat Ter,3707,M5V,Condominium,10,Spadina-Fort York
4715001,STR-2303-HSJPHY,357 Eglinton Ave W,A,M5N,Apartment,12,Toronto-St. Paul's
4715002,STR-2303-FFZBHP,33 Dundalk Dr,21,M1P,Townhouse/ Row House,21,Scarborough Centre
4715003,STR-2303-FPGBHQ,252 Westlake Ave,,M4C,Single/Semi-detached House,19,Beaches-East York
4715004,STR-2303-GDTBHS,298 Maxwell St,,M3H,Single/Semi-detached House,6,York Centre
4715005,STR-2303-HKTBHX,52 Arnold Ave,,M5A,Townhouse/ Row House,13,Toronto Centre
4715006,STR-2304-FXCPHR,861 Scarborough Golf Club Rd,,M1G,Single/Semi-detached House,24,Scarborough-Guildwood
4715007,STR-2304-GPGBHT,94 Virginia Ave,Rear Entrance,M4C,Single/Semi-detached House,19,Beaches-East York
4715008,STR-2304-FHWPHP,8 Willow Ave,,M5J,Single/Semi-detached House,10,Spadina-Fort York
4715009,STR-2304-GPWPHT,15 Yachters Lane,,M8V,Townhouse/ Row House,3,Etobicoke-Lakeshore
4715010,STR-2304-FJMBHP,8 Wilberton Rd,1,M4V,Duplex/Triplex/Fourplex,12,Toronto-St. Paul's
4715011,STR-2304-GQMBHT,251 Jarvis St,1701,M5B,Condominium,13,Toronto Centre
4715012,STR-2304-JDTBHZ,160 Vanderhoof Ave,1213,M4G,Condominium,15,Don Valley West
4715013,STR-2304-FKCPHP,27 Meadow Ave,,M1N,Single/Semi-detached House,20,Scarborough Southwest
4715014,STR-2304-FZQPHR,168 Park Home Ave,,M2N,Single/Semi-detached House,18,Willowdale
4715015,STR-2304-HXCPHY,85 Bloor St E,301,M4W,Condominium,11,University-Rosedale
4715016,STR-2304-FSZBHQ,155 Yorkville Ave,1615,M5R,Condominium,11,University-Rosedale
4715017,STR-2304-GJMBHS,219 Fort York Blvd,714,M5V,Condominium,10,Spadina-Fort York
4715018,STR-2304-HHGBHW,48 Michener Crt,,M6J,Townhouse/ Row House,10,Spadina-Fort York
4715019,STR-2304-HQMBHX,60 Faywood Blvd,,M3H,Single/Semi-detached House,6,York Centre
4715020,STR-2304-HXTBHY,159 Cocksfield Ave,,M3H,Single/Semi-detached House,6,York Centre
4715021,STR-2304-FTQPHQ,300 Front St W,2101,M5V,Condominium,10,Spadina-Fort York
4715022,STR-2304-HRVHHY,40 Karen Rd,basement,M3A,Single/Semi-detached House,16,Don Valley East
4715023,STR-2304-FMRVHQ,140 Simcoe St,1021,M5H,Condominium,10,Spadina-Fort York
4715024,STR-2304-GLKVHT,798 Bloor St W,3,M6G,Duplex/Triplex/Fourplex,11,University-Rosedale
4715025,STR-2304-HKVHHX,3107 Dundas St W,1,M6P,Apartment,4,Parkdale-High Park
4715026,STR-2304-GMRVHT,9 Salisbury Ave,Upper,M4X,Single/Semi-detached House,13,Toronto Centre
4715027,STR-2304-GVXVHV,98 Lillian St,426,M4S,Condominium,12,Toronto-St. Paul's
4715028,STR-2304-HMBHHX,75 Emmett Ave,2415,M6M,Condominium,5,York South-Weston
4715029,STR-2304-FHXVHP,100 Long Branch,11,M8W,Condominium,3,Etobicoke-Lakeshore
4715030,STR-2304-GGRVHS,155 Yorkville Ave,2204,M5R,Condominium,11,University-Rosedale
4715031,STR-2304-GPXVHT,62 Clouston Ave,Basement,M9N,Single/Semi-detached House,5,York South-Weston
4715032,STR-2304-JDDVHZ,924 Dovercourt Rd,Lower,M6H,Single/Semi-detached House,9,Davenport
4715033,STR-2304-GXVHHV,16 Abell St,,M6J,Condominium,9,Davenport
4715034,STR-2304-FKDVHP,81 Summerhill Ave,,M4T,Townhouse/ Row House,11,University-Rosedale
4715035,STR-2304-FZRVHR,357 Patricia Ave,,M2R,Single/Semi-detached House,18,Willowdale
4715036,STR-2304-GHXVHS,28 Douro St,223,M6K,Townhouse/ Row House,10,Spadina-Fort York
4715037,STR-2304-HGRVHW,858 Royal York Rd,,M8Y,Single/Semi-detached House,3,Etobicoke-Lakeshore
4715038,STR-2304-HPXVHX,30 Deering Cres,,M2M,Single/Semi-detached House,18,Willowdale
4715039,STR-2304-GBHHHR,10 Killamarsh Dr,,M3J,Single/Semi-detached House,7,Humber River-Black Creek
4715040,STR-2304-JGBHHZ,53 Sherwood Ave,,M4P,Single/Semi-detached House,15,Don Valley West
4715041,STR-2304-FTRVHQ,77 Delburn Dr,,M1V,Single/Semi-detached House,23,Scarborough North
4715042,STR-2304-GKDVHS,63 Ossington Ave,C,M6J,Apartment,10,Spadina-Fort York
4715043,STR-2304-HRDVHX,155 Yorkville Ave,2206,M5R,Condominium,11,University-Rosedale
4715044,STR-2304-JGRVHZ,155 Yorkville Ave,1707,M5R,Condominium,11,University-Rosedale
4715045,STR-2304-FDWPHP,36 High Park Blvd,,M6R,Single/Semi-detached House,4,Parkdale-High Park
4715046,STR-2304-GLMBHT,105 White Heather Blvd,,M1V,Single/Semi-detached House,23,Scarborough North
4715047,STR-2304-GTTBHV,2 Eva Rd,524,M9C,Condominium,2,Etobicoke Centre
4715048,STR-2304-HKGBHX,259 Brunswick Ave,,M5S,Single/Semi-detached House,11,University-Rosedale
4715049,STR-2304-FGCPHP,210 Victoria St,2310,M5B,Condominium,13,Toronto Centre
4715050,STR-2304-GVJPHV,21 Iceboat Ter,2715,M5V,Condominium,10,Spadina-Fort York
4715051,STR-2304-FPZBHQ,313 Hillmount Ave,,M6B,Single/Semi-detached House,8,Eglinton-Lawrence
4715052,STR-2304-FXGBHR,5 Iceboat Ter,G12,M5V,Condominium,10,Spadina-Fort York
4715053,STR-2304-HDGBHW,22 Applewood Lane,36,M9C,Townhouse/ Row House,2,Etobicoke Centre
4715054,STR-2304-HLMBHX,44 Park Blvd,,M8W,Single/Semi-detached House,3,Etobicoke-Lakeshore
4715055,STR-2304-FHJPHP,21 Iceboat Ter,3001,M5V,Condominium,10,Spadina-Fort York
4715056,STR-2304-HDWPHW,210 Victoria St,2210,M5B,Apartment,13,Toronto Centre
4715057,STR-2304-FRGBHQ,110 Lawlor Ave,,M4E,Single/Semi-detached House,19,Beaches-East York
4715058,STR-2304-FYMBHR,125 Spring Garden Ave,,M2N,Single/Semi-detached House,18,Willowdale
4715059,STR-2304-GGTBHS,215 Fort York Blvd,2109,M5V,Condominium,10,Spadina-Fort York
4715060,STR-2304-HFMBHW,46 Connaught Ave,,M2M,Single/Semi-detached House,18,Willowdale
4715061,STR-2304-HMTBHX,148 Robina Ave,,M6C,Single/Semi-detached House,9,Davenport
4715062,STR-2304-FJQPHP,119 Gough Ave,,M4K,Single/Semi-detached House,14,Toronto-Danforth
4715063,STR-2304-HWQPHY,11 Castle Green Cres,,M9R,Single/Semi-detached House,2,Etobicoke Centre
4715064,STR-2304-GRGBHT,59 East Liberty St,608,M6K,Condominium,10,Spadina-Fort York
4715065,STR-2304-GYMBHV,700 Bathurst St,2,M5S,Duplex/Triplex/Fourplex,11,University-Rosedale
4715066,STR-2304-HXGBHY,50 Fairhill Cres,,M3A,Single/Semi-detached House,16,Don Valley East
4715067,STR-2304-JFMBHZ,112 Kennedy Ave,,M6S,Single/Semi-detached House,4,Parkdale-High Park
4715068,STR-2304-FTCPHQ,520 Clinton St,,M6G,Townhouse/ Row House,11,University-Rosedale
4715069,STR-2304-HHJPHW,62 Glenstroke Dr,,M1S,Single/Semi-detached House,23,Scarborough North
4715070,STR-2304-GZTBHV,120 Hounslow Ave,,M2N,Single/Semi-detached House,18,Willowdale
4715071,STR-2304-HHZBHW,700 Humberwood Blvd,2921,M9W,Condominium,1,Etobicoke North
4715072,STR-2304-HYMBHY,16 Pannahill Rd,,M3H,Single/Semi-detached House,6,York Centre
4715073,STR-2304-GCRVHS,2134 Dundas St W,Upper,M6R,Duplex/Triplex/Fourplex,4,Parkdale-High Park
4715074,STR-2304-GTDVHV,155 Yorkville Ave,720,M5R,Condominium,11,University-Rosedale
4715075,STR-2304-FWBHHR,17 Yates Ave,,M1L,Townhouse/ Row House,20,Scarborough Southwest
4715076,STR-2304-FPKVHQ,57 Finch Ave W,7,M2N,Townhouse/ Row House,18,Willowdale
4715077,STR-2304-FWRVHR,10 Capreol Crt,612,M5V,Condominium,10,Spadina-Fort York
4715078,STR-2304-GVKVHV,730 Ontario St,1404,M4X,Apartment,13,Toronto Centre
4715079,STR-2304-HCRVHW,49 Norden Cres,,M3B,Single/Semi-detached House,16,Don Valley East
4715080,STR-2304-GFPHHS,40 Gerrard St E,701,M5B,Apartment,13,Toronto Centre
4715081,STR-2304-GMVHHT,124 Lappin Ave,,M6H,Single/Semi-detached House,9,Davenport
4715082,STR-2304-HDHHHW,21 Iceboat Ter,4106,M5V,Condominium,10,Spadina-Fort York
4715083,STR-2304-HTVHHY,238 Danzig St,,M1E,Single/Semi-detached House,25,Scarborough-Rouge Park
4715084,STR-2304-JCBHHZ,159 Argyle St,Main,M6J,Townhouse/ Row House,9,Davenport
4715085,STR-2304-FJBHHP,296 Highfield Rd,,M4L,Single/Semi-detached House,14,Toronto-Danforth
4715086,STR-2304-FRHHHQ,196 Dovercourt Rd,,M6J,Single/Semi-detached House,9,Davenport
4715087,STR-2304-FYPHHR,270 Wellington St W,1109,M5V,Condominium,10,Spadina-Fort York
4715088,STR-2304-GGVHHS,31 Salem Ave,,M6H,Single/Semi-detached House,9,Davenport
4715089,STR-2304-FZDVHR,235 Prescott Ave,,M6N,Single/Semi-detached House,9,Davenport
4715090,STR-2304-GXXVHV,300 Front St W,4401,M5V,Condominium,10,Spadina-Fort York
4715091,STR-2304-HGDVHW,630 Rhodes Ave,,M4J,Single/Semi-detached House,14,Toronto-Danforth
4715092,STR-2304-HPKVHX,52 Ruthmar Cres,,M3N,Single/Semi-detached House,7,Humber River-Black Creek
4715093,STR-2304-GJBHHS,59 Humberside Ave,,M6P,Single/Semi-detached House,4,Parkdale-High Park
4715094,STR-2304-GYPHHV,2 St Clarens Ave,,M6K,Single/Semi-detached House,9,Davenport
4715095,STR-2304-HGVHHW,169 Gladstone Ave,2,M6J,Townhouse/ Row House,9,Davenport
4715096,STR-2304-HXHHHY,155 Yorkville Ave,1020,M5R,Condominium,11,University-Rosedale
4715097,STR-2304-FKXVHP,14 York St,3402,M5J,Condominium,10,Spadina-Fort York
4715098,STR-2304-GBKVHR,103 Gladstone Ave,2,M6J,Duplex/Triplex/Fourplex,9,Davenport
4715099,STR-2304-FLPHHP,15 Bruyeres Mews,1108,M5V,Condominium,10,Spadina-Fort York
4715100,STR-2304-FMGBHQ,14 York St,4308,M5J,Condominium,10,Spadina-Fort York
4715101,STR-2304-GTWPHV,3 Arkley Cres,,M9R,Single/Semi-detached House,2,Etobicoke Centre
4715102,STR-2304-HKJPHX,408 Rosemary Rd,,M5P,Single/Semi-detached House,12,Toronto-St. Paul's
4715103,STR-2304-FPMBHQ,14 York St,5303,M5J,Condominium,10,Spadina-Fort York
4715104,STR-2304-FWTBHR,11 Deeth Dr,,M9P,Single/Semi-detached House,2,Etobicoke Centre
4715105,STR-2304-GVMBHV,408 Brunswick Ave,Main,M5R,Single/Semi-detached House,11,University-Rosedale
4715106,STR-2304-HKZBHX,60 Colborne St,1107,M5E,Condominium,13,Toronto Centre
4715107,STR-2304-HTGBHY,12 York St,5104,M5J,Condominium,10,Spadina-Fort York
4715108,STR-2304-JBMBHZ,705 King St W,404,M5V,Condominium,10,Spadina-Fort York
4715109,STR-2304-FGWPHP,382 Spadina Rd,basement,M5P,Single/Semi-detached House,12,Toronto-St. Paul's
4715110,STR-2304-FQCPHQ,101 Peter St,3108,M5V,Condominium,10,Spadina-Fort York
4715111,STR-2304-JCCPHZ,30 Aurora Crt,405,M1W,Apartment,22,Scarborough-Agincourt
4715112,STR-2304-FHMBHP,14 Laxton Ave,1,M6K,Single/Semi-detached House,4,Parkdale-High Park
4715113,STR-2304-FXZBHR,197 Ontario St,,M5A,Single/Semi-detached House,13,Toronto Centre
4715114,STR-2304-GGGBHS,15 Iceboat Ter,3702,M5V,Condominium,10,Spadina-Fort York
4715115,STR-2304-HDZBHW,19 Markham St,1,M6J,Duplex/Triplex/Fourplex,10,Spadina-Fort York
4715116,STR-2304-GGWPHS,251 Grenview Blvd S,,M8Y,Single/Semi-detached House,3,Etobicoke-Lakeshore
4715117,STR-2304-GQCPHT,70 Sarah Ashbridge Ave,,M4L,Single/Semi-detached House,19,Beaches-East York
4715118,STR-2304-HMWPHX,232 Sterling Rd,,M6R,Single/Semi-detached House,9,Davenport
4715119,STR-2304-HWCPHY,300 Front St W,611,M5V,Condominium,10,Spadina-Fort York
4715120,STR-2304-FZGBHR,299 Arlington Ave,,M6C,Single/Semi-detached House,12,Toronto-St. Paul's
4715121,STR-2304-GQTBHT,495 Warden Ave,,M1L,Single/Semi-detached House,20,Scarborough Southwest
4715122,STR-2304-JDZBHZ,800 Lawrence Ave W,704,M6A,Condominium,8,Eglinton-Lawrence
4715123,STR-2304-FZWPHR,45 O'Hara Ave,BSMT,M6K,Single/Semi-detached House,4,Parkdale-High Park
4715124,STR-2304-GRJPHT,42 Russell St,,M5S,Single/Semi-detached House,11,University-Rosedale
4715125,STR-2304-HQCPHX,99 Alhart Dr,,M9V,Single/Semi-detached House,1,Etobicoke North
4715126,STR-2304-GZGBHV,443 Merton St,Basement,M4S,Duplex/Triplex/Fourplex,15,Don Valley West
4715127,STR-2304-FTWPHQ,630 Evans Ave,8,M8W,Townhouse/ Row House,3,Etobicoke-Lakeshore
4715128,STR-2304-GCCPHR,511 Bellamy Rd N,,M1H,Single/Semi-detached House,24,Scarborough-Guildwood
4715129,STR-2304-GKJPHS,300 Front St W,3813,M5V,Condominium,10,Spadina-Fort York
4715130,STR-2304-GSQPHT,131 Frederick Tisdale Dr,,M3K,Townhouse/ Row House,6,York Centre
4715131,STR-2304-HRJPHX,426 Montrose Ave,2,M6G,Duplex/Triplex/Fourplex,11,University-Rosedale
4715132,STR-2304-FMHHHQ,188 Cumberland St,1001,M5R,Condominium,11,University-Rosedale
4715133,STR-2304-FVPHHR,55 Bremner Blvd,1503,M5J,Condominium,10,Spadina-Fort York
4715134,STR-2304-GLBHHT,198 Robert Hicks Dr,BACKSIDE,M2R,Apartment,6,York Centre
4715135,STR-2304-FFRVHP,576 Balliol St,,M4S,Single/Semi-detached House,15,Don Valley West
4715136,STR-2304-FMXVHQ,202 Augusta Ave,3,M5T,Apartment,11,University-Rosedale
4715137,STR-2305-GGXVHS,21 Parravano Crt,,M2R,Single/Semi-detached House,18,Willowdale
4715138,STR-2304-HCDVHW,6 Arkley Cres,,M9R,Single/Semi-detached House,2,Etobicoke Centre
4715139,STR-2304-HSRVHY,17 Princess St,,M5A,Townhouse/ Row House,10,Spadina-Fort York
4715140,STR-2304-FPPHHQ,457 Brock Ave,,M6H,Single/Semi-detached House,9,Davenport
4715141,STR-2304-HCVHHW,15 Atkins Ave,,M6K,Single/Semi-detached House,9,Davenport
4715142,STR-2304-FGXVHP,208 Queens Quay W,2403,M5J,Condominium,10,Spadina-Fort York
4715143,STR-2305-GFRVHS,1968B Bloor St W,3,M6P,Townhouse/ Row House,4,Parkdale-High Park
4715144,STR-2305-HLRVHX,300 Front St W,211,M5V,Condominium,10,Spadina-Fort York
4715145,STR-2305-HTXVHY,10 Rednor Rd,,M4C,Single/Semi-detached House,19,Beaches-East York
4715146,STR-2305-JCDVHZ,265 Manning Ave,,M6J,Single/Semi-detached House,11,University-Rosedale
4715147,STR-2305-FHPHHP,103 Gladstone Ave,1,M6J,Duplex/Triplex/Fourplex,9,Davenport
4715148,STR-2305-FYBHHR,300 Front St W,1104,M5V,Condominium,10,Spadina-Fort York
4715149,STR-2305-HFBHHW,18 Verne Cres,,M1B,Townhouse/ Row House,23,Scarborough North
4715150,STR-2305-HVPHHY,2 Fee Pl,,M5A,Single/Semi-detached House,13,Toronto Centre
4715151,STR-2305-FYRVHR,301 Grace St,,M6G,Single/Semi-detached House,11,University-Rosedale
4715152,STR-2305-GHPHHS,251 Jarvis St,2104,M5B,Condominium,13,Toronto Centre
4715153,STR-2305-FSRVHQ,12 York St,1107,M5J,Condominium,10,Spadina-Fort York
4715154,STR-2305-FZXVHR,14 York St,3104,M5J,Condominium,10,Spadina-Fort York
4715155,STR-2305-JFRVHZ,231 Fort York Blvd,215,M5V,Condominium,10,Spadina-Fort York
4715156,STR-2305-GSBHHT,209 Fort York Blvd,869,M5V,Condominium,10,Spadina-Fort York
4715157,STR-2305-FLRVHP,173 Belsize Dr,,M4S,Single/Semi-detached House,12,Toronto-St. Paul's
4715158,STR-2305-HJDVHW,29 Beverley St,,M5T,Single/Semi-detached House,10,Spadina-Fort York
4715159,STR-2305-HRKVHX,10 Capreol Crt,745,M5V,Condominium,10,Spadina-Fort York
4715160,STR-2305-FMJPHQ,401 Delaware Ave,Main,M6H,Single/Semi-detached House,9,Davenport
4715161,STR-2305-HBQPHW,9 Canerouth Dr,,M9C,Apartment,2,Etobicoke Centre
4715162,STR-2305-HSCPHY,30 Minto St,,M4L,Single/Semi-detached House,14,Toronto-Danforth
4715163,STR-2305-FMZBHQ,29 Esther Lorrie Dr,Basement,M9W,Single/Semi-detached House,1,Etobicoke North
4715164,STR-2305-GDMBHS,33 Donald Ave,,M6M,Single/Semi-detached House,5,York South-Weston
4715165,STR-2305-GLTBHT,518 Dufferin St,1,M6K,Single/Semi-detached House,9,Davenport
4715166,STR-2305-HSTBHY,327 Coronation Dr,,M1E,Single/Semi-detached House,25,Scarborough-Rouge Park
4715167,STR-2305-FPQPHQ,80 Western Battery Rd,603,M6K,Condominium,10,Spadina-Fort York
4715168,STR-2305-FWWPHR,3 Cosburn Ave,303,M4K,Duplex/Triplex/Fourplex,14,Toronto-Danforth
4715169,STR-2305-HCWPHW,183 Oak Park Ave,,M4C,Single/Semi-detached House,19,Beaches-East York
4715170,STR-2305-GMZBHT,30 Gemshaw Cres,,M1B,Single/Semi-detached House,25,Scarborough-Rouge Park
4715171,STR-2305-HDMBHW,1194 Dufferin St,2,M6H,Single/Semi-detached House,9,Davenport
4715172,STR-2305-FQWPHQ,328 Brock Ave,Upper,M6K,Single/Semi-detached House,9,Davenport
4715173,STR-2305-HFCPHW,63 Berkeley St,,M5A,Townhouse/ Row House,13,Toronto Centre
4715174,STR-2305-HMJPHX,67 Clubhouse Crt,,M3L,Single/Semi-detached House,7,Humber River-Black Creek
4715175,STR-2305-HVQPHY,494 Clinton St,B,M6G,Single/Semi-detached House,11,University-Rosedale
4715176,STR-2305-FJGBHP,105 Dowswell Dr,,M1B,Single/Semi-detached House,23,Scarborough North
4715177,STR-2305-FYTBHR,117 Howard Park Ave,Upper,M6R,Duplex/Triplex/Fourplex,4,Parkdale-High Park
4715178,STR-2305-HFTBHW,9 Rory Rd,,M6L,Single/Semi-detached House,5,York South-Weston
4715179,STR-2305-FSCPHQ,209 Fort York Blvd,564,M5V,Condominium,10,Spadina-Fort York
4715180,STR-2305-FZJPHR,2412 Danforth Ave,4,M4C,Apartment,19,Beaches-East York
4715181,STR-2305-HWWPHY,11094 Sheppard Ave E,,M1B,Single/Semi-detached House,25,Scarborough-Rouge Park
4715182,STR-2305-JFCPHZ,524 Dufferin St,1,M6K,Single/Semi-detached House,9,Davenport
4715183,STR-2305-FKMBHP,55 Shirley St,,M6K,Townhouse/ Row House,9,Davenport
4715184,STR-2305-HQGBHX,300 Front St W,1609,M5V,Condominium,10,Spadina-Fort York
4715185,STR-2305-FLCPHP,2212 Lake Shore Blvd W,1109,M8V,Condominium,3,Etobicoke-Lakeshore
4715186,STR-2305-GBQPHR,4 Bathgate Dr,,M1C,Single/Semi-detached House,25,Scarborough-Rouge Park
4715187,STR-2305-GZJPHV,21 Iceboat Ter,1712,M5V,Condominium,10,Spadina-Fort York
4715188,STR-2305-JGJPHZ,884 College St,Second Floor,M6H,Duplex/Triplex/Fourplex,9,Davenport
4715189,STR-2305-GCGBHR,12 York St,4801,M5J,Condominium,10,Spadina-Fort York
4715190,STR-2305-GKMBHS,188 Cumberland St,1908,M5R,Condominium,11,University-Rosedale
4715191,STR-2305-GSTBHT,107 Riverdale Ave,,M4K,Single/Semi-detached House,14,Toronto-Danforth
4715192,STR-2305-GSVKVV,2 Bleecker St,,M4X,Townhouse/ Row House,13,Toronto Centre
4715193,STR-2305-HBBKVW,12 York St,3709,M5J,Condominium,10,Spadina-Fort York
4715194,STR-2305-HJHKVX,25 Rankin Cres,,M6P,Townhouse/ Row House,9,Davenport
4715195,STR-2305-HYVKVZ,300 Front St W,2906,M5V,Condominium,10,Spadina-Fort York
4715196,STR-2305-FMKXVQ,832 Bay St,3408,M5S,Condominium,11,University-Rosedale
4715197,STR-2305-GCXXVS,107 Searle Ave,,M3H,Single/Semi-detached House,6,York Centre
4715198,STR-2305-GTKXVV,72 Dewson St,1,M6H,Duplex/Triplex/Fourplex,9,Davenport
4715199,STR-2305-HZKXVZ,29 Alma Ave,Laneway,M6J,Single/Semi-detached House,9,Davenport
4715200,STR-2305-FFVKVP,20 John St,224,M5V,Condominium,10,Spadina-Fort York
4715201,STR-2305-FPBKVQ,12 York St,501,M5J,Condominium,10,Spadina-Fort York
4715202,STR-2305-GVBKVV,132 Queensdale Ave,,M4J,Single/Semi-detached House,14,Toronto-Danforth
4715203,STR-2305-HCHKVW,55 Bremner Blvd,1504,M5J,Condominium,10,Spadina-Fort York
4715204,STR-2305-JBBKVZ,33 Sackville St,2,M5A,Townhouse/ Row House,13,Toronto Centre
4715205,STR-2305-FGKXVP,20 Teesdale Pl,201,M1L,Apartment,20,Scarborough Southwest
4715206,STR-2305-FWXXVR,22 Gough Ave,,M4K,Single/Semi-detached House,14,Toronto-Danforth
4715207,STR-2305-GFDXVS,77 St Georges Blvd,,M9R,Single/Semi-detached House,1,Etobicoke North
4715208,STR-2305-GPBKVT,8 Charlotte St,608,M5V,Condominium,10,Spadina-Fort York
4715209,STR-2305-HDPKVW,42 Pearson Ave,,M6R,Single/Semi-detached House,4,Parkdale-High Park
4715210,STR-2305-FJHKVP,1153A Glencairn Ave,,M6B,Single/Semi-detached House,8,Eglinton-Lawrence
4715211,STR-2305-FRPKVQ,237 Holborne Ave,,M4C,Single/Semi-detached House,19,Beaches-East York
4715212,STR-2305-GXPKVV,22 Tambrook Dr,Basement,M1W,Single/Semi-detached House,22,Scarborough-Agincourt
4715213,STR-2305-GHRXVS,29 Notley Pl,,M4B,Single/Semi-detached House,19,Beaches-East York
4715214,STR-2305-GQXXVT,64 Gillespie Ave,,M6N,Single/Semi-detached House,9,Davenport
4715215,STR-2305-GYDXVV,92 Jay St,,M6L,Single/Semi-detached House,5,York South-Weston
4715216,STR-2305-HPRXVX,339 Byng Ave,,M2N,Single/Semi-detached House,18,Willowdale
4715217,STR-2305-FKPKVP,225 Lisgar St,1,M6J,Single/Semi-detached House,9,Davenport
4715218,STR-2305-FSVKVQ,28 O'Leary Ave,,M6E,Single/Semi-detached House,9,Davenport
4715219,STR-2305-GBBKVR,14 York St,301,M5J,Condominium,10,Spadina-Fort York
4715220,STR-2305-HHBKVW,415 Markham St,,M6G,Single/Semi-detached House,11,University-Rosedale
4715221,STR-2305-HQHKVX,847 College St,2,M6H,Apartment,9,Davenport
4715222,STR-2305-HXPKVY,1066 Lillian St,,M2M,Single/Semi-detached House,18,Willowdale
4715223,STR-2305-GJXXVS,53 Hertle Ave,,M4L,Single/Semi-detached House,14,Toronto-Danforth
4715224,STR-2305-FDQRVP,47 Vermont Ave,,M6G,Single/Semi-detached House,11,University-Rosedale
4715225,STR-2305-FLWRVQ,42C Yarmouth Rd,,M6G,Single/Semi-detached House,11,University-Rosedale
4715226,STR-2305-FVTDVR,123 Belgravia Ave,,M6E,Single/Semi-detached House,8,Eglinton-Lawrence
4715227,STR-2305-HJZDVX,72 Elmer Ave,,M4L,Single/Semi-detached House,19,Beaches-East York
4715228,STR-2305-HZMDVZ,98 Topcliff Ave,,M3N,Single/Semi-detached House,7,Humber River-Black Creek
4715229,STR-2305-GDQRVS,155 Yorkville Ave,802,M5R,Condominium,11,University-Rosedale
4715230,STR-2305-HCJRVW,14 York St,4911,M5J,Condominium,10,Spadina-Fort York
4715231,STR-2305-HSWRVY,2 Russett Ave,2,M6H,Duplex/Triplex/Fourplex,9,Davenport
4715232,STR-2305-JBCRVZ,33 Dundonald St,1,M4Y,Townhouse/ Row House,13,Toronto Centre
4715233,STR-2305-FPTDVQ,300 Front St W,1606,M5V,Condominium,10,Spadina-Fort York
4715234,STR-2305-GFGDVS,18 Yonge St,606,M5E,Condominium,10,Spadina-Fort York
4715235,STR-2305-GVTDVV,42 Saulter St,B,M4M,Duplex/Triplex/Fourplex,14,Toronto-Danforth
4715236,STR-2305-HCZDVW,36 Via Bagnato,840,M6A,Condominium,8,Eglinton-Lawrence
4715237,STR-2305-FHCRVP,90 Wye Valley Rd,,M1P,Single/Semi-detached House,21,Scarborough Centre
4715238,STR-2305-FXQRVR,50 Sherwood Ave,,M4P,Single/Semi-detached House,15,Don Valley West
4715239,STR-2305-GWJRVV,85 Scarboro Beach Blvd,,M4E,Single/Semi-detached House,19,Beaches-East York
4715240,STR-2305-FQZDVQ,176 Wiltshire Ave,,M6N,Townhouse/ Row House,9,Davenport
4715241,STR-2305-GWZDVV,15 Vicora Linkway,904,M3C,Condominium,16,Don Valley East
4715242,STR-2305-GHCRVS,1 Gwynne Ave,,M6K,Single/Semi-detached House,4,Parkdale-High Park
4715243,STR-2305-HWJRVY,565 Conacher Dr,,M2M,Single/Semi-detached House,18,Willowdale
4715244,STR-2305-FZMDVR,832 Bay St,4504,M5S,Condominium,11,University-Rosedale
4715245,STR-2305-GHTDVS,26 Dentonia Park Ave,,M4C,Single/Semi-detached House,19,Beaches-East York
4715246,STR-2305-GQZDVT,118 Fulton Ave,,M4K,Single/Semi-detached House,14,Toronto-Danforth
4715247,STR-2305-GYGDVV,55 Charles St W,2601,M5S,Apartment,11,University-Rosedale
4715248,STR-2305-HGMDVW,560 Front St W,718,M5V,Condominium,10,Spadina-Fort York
4715249,STR-2305-HPTDVX,57 Rosethorn Ave,,M6N,Single/Semi-detached House,9,Davenport
4715250,STR-2305-FKQRVP,270 Wellington St W,1011,M5V,Condominium,10,Spadina-Fort York
4715251,STR-2305-GYWRVV,93 Rameau Dr,3,M2H,Townhouse/ Row House,17,Don Valley North
4715252,STR-2305-GZMDVV,31 Heyworth Cres,,M4E,Single/Semi-detached House,19,Beaches-East York
4715253,STR-2305-HYGDVY,345 Clinton St,1,M6G,Single/Semi-detached House,11,University-Rosedale
4715254,STR-2305-FDRXVP,151 Dan Leckie Way,209,M5V,Condominium,10,Spadina-Fort York
4715255,STR-2305-FLXXVQ,962 Logan Ave,,M4K,Single/Semi-detached House,14,Toronto-Danforth
4715256,STR-2305-GKRXVT,251 Jarvis St,1712,M5B,Condominium,13,Toronto Centre
4715257,STR-2210-FJQDVB,32 Alma Ave,2,M6J,Single/Semi-detached House,9,Davenport
4715258,STR-2210-HGCDVJ,50 East Liberty St,1136,M6K,Condominium,10,Spadina-Fort York
4715259,STR-2210-GRFRVG,18 Fourth St,,M8V,Single/Semi-detached House,3,Etobicoke-Lakeshore
4715260,STR-2210-GYLRVH,52 Orchard Park Blvd,,M4L,Townhouse/ Row House,19,Beaches-East York
4715261,STR-2210-HPYRVK,4 Thyme Crt,,M9V,Single/Semi-detached House,1,Etobicoke North
4715262,STR-2210-FKWDVB,42 Sparrow Ave,,M6A,Single/Semi-detached House,8,Eglinton-Lawrence
4715263,STR-2210-FLLRVB,35 Mariner Ter,809,M5V,Condominium,10,Spadina-Fort York
4715264,STR-2210-GKFRVF,69 Blackthorn Ave,,M6N,Single/Semi-detached House,9,Davenport
4715265,STR-2210-HHYRVJ,98 Lillian St,1619,M4S,Condominium,12,Toronto-St. Paul's
4715266,STR-2210-HRXKVL,38 Grenville St,4406,M4Y,Condominium,13,Toronto Centre
4715267,STR-2210-FVZXVD,343 Clinton St,,M6G,Single/Semi-detached House,11,University-Rosedale
4715268,STR-2210-GDGXVF,494 Jones Ave,,M4J,Single/Semi-detached House,14,Toronto-Danforth
4715269,STR-2210-GLMXVG,125 Bartlett Ave,2,M6H,Duplex/Triplex/Fourplex,9,Davenport
4715270,STR-2210-GMDKVG,278 Renforth Dr,,M9C,Single/Semi-detached House,2,Etobicoke Centre
4715271,STR-2210-GGDKVF,21 Iceboat Ter,1915,M5V,Condominium,10,Spadina-Fort York
4715272,STR-2210-HDXKVJ,97 Claremont St,,M6J,Single/Semi-detached House,10,Spadina-Fort York
4715273,STR-2210-FRGXVC,139 Glenholme Ave,,M6E,Single/Semi-detached House,9,Davenport
4715274,STR-2210-GPZXVG,202 Augusta Ave,2,M5T,Apartment,11,University-Rosedale
4715275,STR-2210-JDGXVM,99 Hayden St,902,M4Y,Condominium,11,University-Rosedale
4715276,STR-2210-FZDKVD,151 Dan Leckie Way,646,M5V,Condominium,10,Spadina-Fort York
4715277,STR-2210-FZTXVD,101 Peter St,1101,M5V,Condominium,10,Spadina-Fort York
4715278,STR-2210-GHZXVF,173 Humewood Dr,,M6C,Single/Semi-detached House,12,Toronto-St. Paul's
4715279,STR-2210-GRGXVG,98 Fenelon Dr,,M3A,Single/Semi-detached House,16,Don Valley East
4715280,STR-2210-GYMXVH,165A Beta St,,M8W,Single/Semi-detached House,3,Etobicoke-Lakeshore
4715281,STR-2210-FKXKVB,114 Greenlaw Ave,,M6H,Single/Semi-detached House,9,Davenport
4715282,STR-2210-FTDKVC,10 Capreol Crt,502,M5V,Condominium,10,Spadina-Fort York
4715283,STR-2210-HHKKVJ,90 Niagara St,313,M5V,Condominium,10,Spadina-Fort York
4715284,STR-2210-FLMXVB,28 Linden St,207,M4Y,Condominium,13,Toronto Centre
4715285,STR-2210-FTTXVC,80 Western Battery Rd,2210,M6K,Condominium,10,Spadina-Fort York
4715286,STR-2210-GSMXVG,350 Harbord St,,M6G,Apartment,11,University-Rosedale
4715287,STR-2210-HRGXVK,22 Sarnia Ave,,M6P,Single/Semi-detached House,9,Davenport
4715288,STR-2210-FWCDVD,42 Camden St,405,M5V,Condominium,10,Spadina-Fort York
4715289,STR-2210-FWSRVD,62 Brunswick Ave,1,M5S,Duplex/Triplex/Fourplex,11,University-Rosedale
4715290,STR-2210-GDYRVF,570 Bay St,1009,M5G,Condominium,10,Spadina-Fort York
4715291,STR-2210-HKYRVK,65 Bremner Blvd,1404,M5J,Condominium,10,Spadina-Fort York
4715292,STR-2210-FXJDVD,155 Legion Rd N,1003,M8Y,Condominium,3,Etobicoke-Lakeshore
4715293,STR-2210-GMWDVG,91 Alton Ave,,M4L,Single/Semi-detached House,14,Toronto-Danforth
4715294,STR-2210-JCCDVM,910 St Clarens Ave,Main,M6H,Duplex/Triplex/Fourplex,9,Davenport
4715295,STR-2210-FHLRVB,264 Howland Ave,,M5R,Single/Semi-detached House,11,University-Rosedale
4715296,STR-2210-GPLRVG,9 Silverview Dr,Upper,M2M,Single/Semi-detached House,18,Willowdale
4715297,STR-2210-HDYRVJ,616 Indian Rd,,M6P,Single/Semi-detached House,4,Parkdale-High Park
4715298,STR-2210-HMFRVK,7 Yvonne Ave,,M3L,Single/Semi-detached House,7,Humber River-Black Creek
4715299,STR-2210-GXJDVH,1576 Queen St W,2,M6R,Apartment,4,Parkdale-High Park
4715300,STR-2210-HFQDVJ,142 Eaton Ave,,M4J,Single/Semi-detached House,14,Toronto-Danforth
4715301,STR-2210-HMWDVK,8 Charlotte St,416,M5V,Condominium,10,Spadina-Fort York
4715302,STR-2210-JDJDVM,200 Dufferin St,19,M6K,Apartment,4,Parkdale-High Park
4715303,STR-2210-FZFRVD,44 Springhurst Ave,3,M6K,Single/Semi-detached House,4,Parkdale-High Park
4715304,STR-2210-GXYRVH,21 Iceboat Ter,2702,M5V,Condominium,10,Spadina-Fort York
4715305,STR-2210-HGFRVJ,3 Rockwell Ave,,M6N,Single/Semi-detached House,9,Davenport
4715306,STR-2210-GJCDVF,138 St Helen's Ave,511,M6H,Condominium,9,Davenport
4715307,STR-2210-GYQDVH,65 Bremner Blvd,3906,M5J,Condominium,10,Spadina-Fort York
4715308,STR-2210-HGWDVJ,51 Greenlaw Ave,,M6H,Single/Semi-detached House,9,Davenport
4715309,STR-2210-HXJDVL,16 Sultana Ave,,M6A,Single/Semi-detached House,8,Eglinton-Lawrence
4715310,STR-2210-JFQDVM,60 Shuter St,2711,M5B,Condominium,13,Toronto Centre
4715311,STR-2210-GBLRVD,110 Kimbark Blvd,,M5N,Single/Semi-detached House,8,Eglinton-Lawrence
4715312,STR-2210-GCCDVD,710 Humberwood Blvd,8,M9W,Condominium,1,Etobicoke North
4715313,STR-2210-GZWDVH,83 Brinloor Blvd,,M1M,Single/Semi-detached House,24,Scarborough-Guildwood
4715314,STR-2210-HRJDVK,215 Fort York Blvd,2506,M5V,Condominium,10,Spadina-Fort York
4715315,STR-2210-HYQDVL,10 Capreol Crt,306,M5V,Condominium,10,Spadina-Fort York
4715316,STR-2210-JGWDVM,155 Yorkville Ave,3013,M5R,Condominium,11,University-Rosedale
4715317,STR-2210-GKZXVG,263 Pape Ave,5,M4M,Duplex/Triplex/Fourplex,14,Toronto-Danforth
4715318,STR-2210-HRZXVL,300 Front St W,4502,M5V,Condominium,10,Spadina-Fort York
4715319,STR-2210-HKKKVK,116 Seaton St,1,M5A,Duplex/Triplex/Fourplex,13,Toronto Centre
4715320,STR-2210-GMGXVG,118 Brookside Ave,,M6S,Single/Semi-detached House,4,Parkdale-High Park
4715321,STR-2405-FWMXVR,151 Poyntz Ave,,M2N,Single/Semi-detached House,18,Willowdale
4715322,STR-2210-FGXKVB,123 Overture Rd,,M1E,Single/Semi-detached House,24,Scarborough-Guildwood
4715323,STR-2210-FQDKVC,359 Sackville St,,M5A,Single/Semi-detached House,13,Toronto Centre
4715324,STR-2210-GWDKVH,30 Nelson St,1003,M5V,Condominium,10,Spadina-Fort York
4715325,STR-2210-HTXKVL,477 Richmond St W,507,M5V,Condominium,10,Spadina-Fort York
4715326,STR-2210-JCDKVM,263B Gamble Ave,,M4J,Single/Semi-detached House,14,Toronto-Danforth
4715327,STR-2210-FHMXVB,711 Crawford St,2nd Floor,M6G,Duplex/Triplex/Fourplex,11,University-Rosedale
4715328,STR-2210-GGGXVF,58 Langside Ave,Basement,M9N,Single/Semi-detached House,5,York South-Weston
4715329,STR-2210-GPMXVG,23 Legume Rd,,M9M,Single/Semi-detached House,7,Humber River-Black Creek
4715330,STR-2210-GWTXVH,73 Acton Ave,,M3H,Single/Semi-detached House,6,York Centre
4715331,STR-2210-HMXKVK,630 Rogers Rd,18,M6M,Townhouse/ Row House,5,York South-Weston
4715332,STR-2210-GQTXVG,197 Markland Dr,,M9C,Single/Semi-detached House,2,Etobicoke Centre
4715333,STR-2210-GXZXVH,300 Front St W,1713,M5V,Condominium,10,Spadina-Fort York
4715334,STR-2210-JDZXVM,147 Porchester Dr,,M1J,Single/Semi-detached House,24,Scarborough-Guildwood
4715335,STR-2210-GJDKVF,35 Simpson Ave,,M4K,Single/Semi-detached House,14,Toronto-Danforth
4715336,STR-2210-GRKKVG,300 Front St W,905,M5V,Condominium,10,Spadina-Fort York
4715337,STR-2210-HXKKVL,77 Spencer Ave,209,M6K,Apartment,4,Parkdale-High Park
4715338,STR-2210-GBMXVD,29 Clissold Rd,,M8Z,Single/Semi-detached House,3,Etobicoke-Lakeshore
4715339,STR-2210-GJTXVF,58 Hertle Ave,,M4L,Single/Semi-detached House,14,Toronto-Danforth
4715340,STR-2210-HQTXVK,89 Kingsdale Ave,,M2N,Single/Semi-detached House,18,Willowdale
4715341,STR-2210-HJDKVJ,488 Ontario St,,M4X,Townhouse/ Row House,13,Toronto Centre
4715342,STR-2210-HJWDVK,48 Talent Cres,,M9M,Single/Semi-detached House,7,Humber River-Black Creek
4715343,STR-2210-FFSRVB,67 Ruthmar Cres,,M3N,Single/Semi-detached House,7,Humber River-Black Creek
4715344,STR-2210-HZYRVM,771 Manning Ave,,M6G,Single/Semi-detached House,11,University-Rosedale
4715345,STR-2404-GHWDVS,112 Springhurst Ave,2B,M6K,Duplex/Triplex/Fourplex,4,Parkdale-High Park
4715346,STR-2404-GYJDVV,265 Glenholme Ave,,M6E,Single/Semi-detached House,9,Davenport
4715347,STR-2404-HPWDVX,65 Arcadian Crcl,10,M8W,Apartment,3,Etobicoke-Lakeshore
4715348,STR-2404-HXCDVY,251 Jarvis St,1425,M5B,Condominium,13,Toronto Centre
4715349,STR-2404-JFJDVZ,40 Nanton Ave,Upper,M4W,Single/Semi-detached House,11,University-Rosedale
4715350,STR-2404-FSYRVQ,872 Bloor St W,A,M6G,Apartment,11,University-Rosedale
4715351,STR-2404-GRSRVT,200 McKee Ave,,M2N,Single/Semi-detached House,18,Willowdale
4715352,STR-2404-HQLRVX,151 Dan Leckie Way,1611,M5V,Condominium,10,Spadina-Fort York
4715353,STR-2404-FLJDVP,101 Peter St,3301,M5V,Condominium,10,Spadina-Fort York
4715354,STR-2404-GBWDVR,33 Rockvale Ave,,M6E,Single/Semi-detached House,12,Toronto-St. Paul's
4715355,STR-2404-GZQDVV,30 Nelson St,2504,M5V,Condominium,10,Spadina-Fort York
4715356,STR-2404-HHWDVW,7 Stayner Ave,,M6B,Single/Semi-detached House,8,Eglinton-Lawrence
4715357,STR-2405-JGQDVZ,155 Yorkville Ave,1107,M5R,Condominium,11,University-Rosedale
4715358,STR-2405-FLZXVQ,155 Church St,203,M5B,Apartment,13,Toronto Centre
4715359,STR-2405-FVGXVR,14 York St,906,M5J,Apartment,10,Spadina-Fort York
4715360,STR-2405-FFKKVP,101 Peter St,2010,M5V,Condominium,10,Spadina-Fort York
4715361,STR-2405-GDDKVS,219 Fort York Blvd,6,M5V,Condominium,10,Spadina-Fort York
4715362,STR-2405-GLKKVT,222 Elm St,1006,M5T,Apartment,11,University-Rosedale
4715363,STR-2405-GTRKVV,222 Elm St,702,M5T,Apartment,11,University-Rosedale
4715364,STR-2405-FPGXVQ,209 Fort York Blvd,1255,M5V,Condominium,10,Spadina-Fort York
4715365,STR-2405-GLZXVT,155 Yorkville Ave,2012,M5R,Condominium,11,University-Rosedale
4715366,STR-2405-GVGXVV,73 Castlefield Ave,,M4R,Single/Semi-detached House,8,Eglinton-Lawrence
4715367,STR-2405-FGRKVP,909 Bay St,808,M5S,Condominium,13,Toronto Centre
4715368,STR-2405-HDDKVW,14 York St,1404,M5J,Condominium,10,Spadina-Fort York
4715369,STR-2405-HTRKVY,955 Bay St,2018,M5S,Condominium,13,Toronto Centre
4715370,STR-2405-JBXKVZ,79 Cameron Ave,,M2N,Single/Semi-detached House,18,Willowdale
4715371,STR-2405-FQMXVQ,131 Coleridge Ave,,M4C,Single/Semi-detached House,19,Beaches-East York
4715372,STR-2405-FXTXVR,21 Iceboat Ter,3015,M5V,Condominium,10,Spadina-Fort York
4715373,STR-2405-GPGXVT,38 Grenville St,4306,M4Y,Condominium,13,Toronto Centre
4715374,STR-2405-GWMXVV,35 Margueretta St,,M6K,Single/Semi-detached House,9,Davenport
4715375,STR-2405-HDTXVW,73 Richmond St W,PH4,M5H,Apartment,10,Spadina-Fort York
4715376,STR-2405-HVGXVY,36 Charlotte St,606,M5V,Condominium,10,Spadina-Fort York
4715377,STR-2405-JCMXVZ,201 Emerson Ave,,M6H,Single/Semi-detached House,9,Davenport
4715378,STR-2405-FHXKVP,159 Marlborough Pl,,M5R,Single/Semi-detached House,11,University-Rosedale
4715379,STR-2405-FYKKVR,382 Burnhamthorpe Rd,,M9B,Single/Semi-detached House,2,Etobicoke Centre
4715380,STR-2405-GGRKVS,49 Lonborough Ave,B,M6M,Single/Semi-detached House,5,York South-Weston
4715381,STR-2405-HFKKVW,915 King St W,309,M6K,Condominium,10,Spadina-Fort York
4715382,STR-2405-HMRKVX,18 Garnet Ave,A,M6G,Duplex/Triplex/Fourplex,11,University-Rosedale
4715383,STR-2405-HVXKVY,696 Indian Rd,,M6P,Single/Semi-detached House,4,Parkdale-High Park
4715384,STR-2405-JDDKVZ,512 Bathurst St,2,M5S,Duplex/Triplex/Fourplex,11,University-Rosedale
4715385,STR-2405-FJMXVP,300 Front St W,2008,M5V,Condominium,10,Spadina-Fort York
4715386,STR-2405-FRTXVQ,12 York St,2010,M5J,Condominium,10,Spadina-Fort York
4715387,STR-2405-GHGXVS,46 East Liberty St,503,M6K,Townhouse/ Row House,10,Spadina-Fort York
4715388,STR-2405-GQMXVT,15 Iceboat Ter,3303,M5V,Condominium,10,Spadina-Fort York
4715389,STR-2405-HWMXVY,402 McRoberts Ave,,M6E,Single/Semi-detached House,9,Davenport
4715390,STR-2405-GHXKVS,27 Clinton St,BSMT,M6J,Townhouse/ Row House,11,University-Rosedale
4715391,STR-2405-FSZXVQ,1690 Victoria Park Ave,201,M1R,Condominium,16,Don Valley East
4715392,STR-2405-GBGXVR,46 Addington Ave,,M2N,Single/Semi-detached House,18,Willowdale
4715393,STR-2405-HXTXVY,31 Phipps St,501R,M4Y,Apartment,13,Toronto Centre
4715394,STR-2405-HHXKVW,101 Peter St,2310,M5V,Condominium,10,Spadina-Fort York
4715395,STR-2405-HRDKVX,35 Acores Ave,,M6G,Single/Semi-detached House,12,Toronto-St. Paul's
4715396,STR-2405-JGRKVZ,44 Rhodes Ave,,M4L,Single/Semi-detached House,14,Toronto-Danforth
4715397,STR-2405-FMCDVQ,5 Sheppard Ave E,4417,M2N,Condominium,18,Willowdale
4715398,STR-2405-GTCDVV,219 Fort York Blvd,3105,M5V,Condominium,10,Spadina-Fort York
4715399,STR-2405-HRWDVY,29 Highbourne Rd,,M5P,Single/Semi-detached House,12,Toronto-St. Paul's
4715400,STR-2405-HZCDVZ,2191 Yonge St,2510,M4S,Condominium,12,Toronto-St. Paul's
4715401,STR-2405-FMSRVQ,151 Dan Leckie Way,848,M5V,Condominium,10,Spadina-Fort York
4715402,STR-2405-GDFRVS,215 Fort York Blvd,3211,M5V,Condominium,10,Spadina-Fort York
4715403,STR-2405-HBYRVW,48 Meadowcliffe Dr,,M1M,Single/Semi-detached House,20,Scarborough Southwest
4715404,STR-2405-HKFRVX,45 Botany Hill Rd,,M1G,Single/Semi-detached House,24,Scarborough-Guildwood
4715405,STR-2405-HZSRVZ,300 Front St W,503,M5V,Condominium,10,Spadina-Fort York
4715406,STR-2405-FGCDVP,294 Richmond St E,301,M5A,Apartment,13,Toronto Centre
4715407,STR-2108-FMQVHC,76 Harrison Rd,,M2L,Single/Semi-detached House,15,Don Valley West
4715408,STR-2108-HSJVHL,34 Victoria Blvd,,M6M,Single/Semi-detached House,5,York South-Weston
4715409,STR-2108-FPGHHC,25 Charlemont Cres,,M1T,Single/Semi-detached House,22,Scarborough-Agincourt
4715410,STR-2108-FWMHHD,29 Mechanic Ave,B,M6K,Single/Semi-detached House,9,Davenport
4715411,STR-2108-HSZHHL,5 Donora Dr,,M4B,Single/Semi-detached House,19,Beaches-East York
4715412,STR-2108-FGQVHB,3428 Bathurst St,102,M6A,Apartment,8,Eglinton-Lawrence
4715413,STR-2108-GVWVHH,492 Northcliffe Blvd,BSMT,M6E,Duplex/Triplex/Fourplex,12,Toronto-St. Paul's
4715414,STR-2108-FQMHHC,246 Logan Ave,406,M4M,Condominium,14,Toronto-Danforth
4715415,STR-2108-GPWVHG,98 Pembroke St,,M5A,Single/Semi-detached House,13,Toronto Centre
4715416,STR-2108-HPGHHK,68 Viella St,,M6N,Single/Semi-detached House,5,York South-Weston
4715417,STR-2108-FKCVHB,24 Denrock Dr,,M2K,Single/Semi-detached House,17,Don Valley North
4715418,STR-2108-GHWVHF,2 Ravenwood Pl,,M4B,Single/Semi-detached House,19,Beaches-East York
4715419,STR-2108-FKTHHB,16 Lippincott St W,,M9N,Single/Semi-detached House,5,York South-Weston
4715420,STR-2108-FSZHHC,363 Strathmore Blvd,,M4C,Single/Semi-detached House,19,Beaches-East York
4715421,STR-2108-HXTHHL,223 Seaton St,,M5A,Single/Semi-detached House,13,Toronto Centre
4715422,STR-2108-FFLBHB,347 Davisville Ave,,M4S,Single/Semi-detached House,15,Don Valley West
4715423,STR-2108-HSLBHL,34 Crow Trl,,M1B,Single/Semi-detached House,23,Scarborough North
4715424,STR-2108-HKVPHK,29 Glen Ames,,M4E,Single/Semi-detached House,19,Beaches-East York
4715425,STR-2108-FXVPHD,65 Inniswood Dr,,M1R,Single/Semi-detached House,21,Scarborough Centre
4715426,STR-2108-GGBPHF,10 Doverwood Crt,,M2M,Single/Semi-detached House,18,Willowdale
4715427,STR-2108-GWPPHH,3 Bellwoods Ave,,M6J,Single/Semi-detached House,10,Spadina-Fort York
4715428,STR-2108-HFLBHJ,23 Laredo Crt,,M2M,Single/Semi-detached House,18,Willowdale
4715429,STR-2108-HVYBHL,88 Heron Park Pl,,M1E,Townhouse/ Row House,25,Scarborough-Rouge Park
4715430,STR-2108-GQPPHG,69 Shaw St,,M6J,Single/Semi-detached House,10,Spadina-Fort York
4715431,STR-2108-HWPPHL,12 York St,4505,M5J,Condominium,10,Spadina-Fort York
4715432,STR-2108-FTBPHC,299 Logan Ave,,M4M,Single/Semi-detached House,14,Toronto-Danforth
4715433,STR-2108-GZBPHH,47 Kingston Rd,,M4L,Single/Semi-detached House,19,Beaches-East York
4715434,STR-2108-HQPPHK,17 Glengrove Ave E,B,M4N,Duplex/Triplex/Fourplex,15,Don Valley West
4715435,STR-2109-HHYBHJ,127 Wallace Ave,,M6H,Townhouse/ Row House,9,Davenport
4715436,STR-2109-GTTHHH,9 Pendeen Ave,,M6N,Single/Semi-detached House,5,York South-Weston
4715437,STR-2109-HBZHHJ,104 Oakvale Ave,,M4J,Single/Semi-detached House,14,Toronto-Danforth
4715438,STR-2109-GVJVHH,62 Kearney Dr,,M9W,Single/Semi-detached House,1,Etobicoke North
4715439,STR-2109-HKWVHK,566 Annette St,,M6S,Single/Semi-detached House,4,Parkdale-High Park
4715440,STR-2109-FQQVHC,11 Watson St,,M1C,Single/Semi-detached House,25,Scarborough-Rouge Park
4715441,STR-2109-FXWVHD,178 Bartlett Ave,,M6H,Duplex/Triplex/Fourplex,9,Davenport
4715442,STR-2109-HMCVHK,393 Margueretta St,,M6H,Single/Semi-detached House,9,Davenport
4715443,STR-2109-GPZHHG,168 Simcoe St,307,M5H,Condominium,10,Spadina-Fort York
4715444,STR-2109-HPZHHK,69 Chryessa Ave,Basement,M6N,Single/Semi-detached House,5,York South-Weston
4715445,STR-2109-GBZHHD,105 George St,604,M5A,Condominium,13,Toronto Centre
4715446,STR-2109-GKGHHF,92 Pleasant Ave,,M2M,Single/Semi-detached House,18,Willowdale
4715447,STR-2109-GCSBHF,244 Delaware Ave,1,M6H,Townhouse/ Row House,9,Davenport
4715448,STR-2109-FMVPHC,195 Erskine Ave,,M4P,Single/Semi-detached House,15,Don Valley West
4715449,STR-2109-GDHPHF,222 Perth Ave,BSMT,M6P,Duplex/Triplex/Fourplex,9,Davenport
4715450,STR-2109-FXHPHD,250 Wellington St W,527,M5V,Condominium,10,Spadina-Fort York
4715451,STR-2109-HLPPHK,65 Bremner Blvd,1102,M5J,Apartment,10,Spadina-Fort York
4715452,STR-2109-HMFBHK,3097 Dundas St W,A,M6P,Apartment,4,Parkdale-High Park
4715453,STR-2109-HVLBHL,183 Bowie Ave,1,M6E,Duplex/Triplex/Fourplex,8,Eglinton-Lawrence
4715454,STR-2109-JCSBHM,63 Sylvan Ave,Basement Suite,M1M,Single/Semi-detached House,24,Scarborough-Guildwood
4715455,STR-2109-GXHPHH,648A Yonge St,303,M4Y,Duplex/Triplex/Fourplex,13,Toronto Centre
4715456,STR-2109-HFPPHJ,1653 St Clair Ave W,B,M6N,Duplex/Triplex/Fourplex,9,Davenport
4715457,STR-2109-JDHPHM,183 Cornelius Pkwy,,M6L,Single/Semi-detached House,5,York South-Weston
4715458,STR-2109-GHLBHF,308 Old Weston Rd,,M6N,Single/Semi-detached House,9,Davenport
4715459,STR-2109-JDYBHM,210 Victoria St,3004,M5B,Condominium,13,Toronto Centre
4715460,STR-2109-FKHPHB,219 Symington Ave,Upstairs Unit,M6P,Single/Semi-detached House,9,Davenport
4715461,STR-2109-HQBPHK,8 Charlotte St,509,M5V,Condominium,10,Spadina-Fort York
4715462,STR-2109-GRYBHG,164 St Clair Ave E,,M4T,Single/Semi-detached House,11,University-Rosedale
4715463,STR-2109-GZFBHH,101 Peter St,2212,M5V,Apartment,10,Spadina-Fort York
4715464,STR-2109-FDZHHB,105 George St,2013,M5A,Condominium,13,Toronto Centre
4715465,STR-2109-FMGHHC,37 Highfield Rd,,M4L,Single/Semi-detached House,14,Toronto-Danforth
4715466,STR-2110-HKJVHK,190 Borough Dr,3105,M1P,Condominium,21,Scarborough Centre
4715467,STR-2110-FQCVHC,125 George Appleton Way,2009,M3M,Townhouse/ Row House,6,York Centre
4715468,STR-2110-JCTHHM,305 Augusta Ave,,M5T,Single/Semi-detached House,11,University-Rosedale
4715469,STR-2110-HFQVHJ,55 Ann O'Reilly Rd,1903,M2J,Condominium,17,Don Valley North
4715470,STR-2110-HWCVHL,149 Seaton St,Upper,M5A,Single/Semi-detached House,13,Toronto Centre
4715471,STR-2110-GHMHHF,2460 Eglinton Ave E,415,M1K,Condominium,21,Scarborough Centre
4715472,STR-2110-HWTHHL,294 Euclid Ave,,M6J,Single/Semi-detached House,11,University-Rosedale
4715473,STR-2110-GJCVHF,51 Markham St,,M6J,Single/Semi-detached House,10,Spadina-Fort York
4715474,STR-2110-HQCVHK,21 Carlton St,3001,M5B,Condominium,13,Toronto Centre
4715475,STR-2110-FKZHHB,574 Wellington St W,600A,M5V,Condominium,10,Spadina-Fort York
4715476,STR-2110-GJTHHF,65 Bremner Blvd,4306,M5J,Condominium,10,Spadina-Fort York
4715477,STR-2110-GRZHHG,74 Coulter Ave,,M9N,Single/Semi-detached House,5,York South-Weston
4715478,STR-2110-HQTHHK,188 Cumberland St,612,M5R,Condominium,11,University-Rosedale
4715479,STR-2110-HXZHHL,1960 Dundas St E,,M4L,Single/Semi-detached House,19,Beaches-East York
4715480,STR-2110-FFBPHB,113 Pitt Ave,,M1L,Single/Semi-detached House,20,Scarborough Southwest
4715481,STR-2110-HSBPHL,300 Front St W,2907,M5V,Condominium,10,Spadina-Fort York
4715482,STR-2110-HZHPHM,5 Massey Sq,219,M4C,Condominium,19,Beaches-East York
4715483,STR-2110-HLSBHK,56 Pendrith St,,M6G,Townhouse/ Row House,11,University-Rosedale
4715484,STR-2110-GVPPHH,19 Gatwick Ave,,M4C,Single/Semi-detached House,19,Beaches-East York
4715485,STR-2110-HCVPHJ,188 Cumberland St,2507,M5R,Condominium,11,University-Rosedale
4715486,STR-2110-GFSBHF,21 Madawaska Ave,,M2M,Single/Semi-detached House,18,Willowdale
4715487,STR-2110-FHPPHB,30 Hedgewood Rd,,M2L,Single/Semi-detached House,15,Don Valley West
4715488,STR-2110-HFBPHJ,15 Sproat Ave,,M4M,Single/Semi-detached House,14,Toronto-Danforth
4715489,STR-2110-HMHPHK,1227 Dundas St W,201,M6J,Apartment,10,Spadina-Fort York
4715490,STR-2110-HVPPHL,21 Iceboat Ter,2201,M5V,Condominium,10,Spadina-Fort York
4715491,STR-2110-JCVPHM,41 Huntley St,2,M4Y,Single/Semi-detached House,13,Toronto Centre
4715492,STR-2111-GRPRVG,193 Boon Ave,,M6E,Townhouse/ Row House,9,Davenport
4715493,STR-2110-GYBPHH,243 Silver Springs Blvd,,M1V,Single/Semi-detached House,22,Scarborough-Agincourt
4715494,STR-2110-FSSBHC,223 Lonsmount Dr,,M5P,Single/Semi-detached House,12,Toronto-St. Paul's
4715495,STR-2110-GRLBHG,15 Fermanagh Ave,,M6R,Single/Semi-detached House,4,Parkdale-High Park
4715496,STR-2110-HQVPHK,89 Dunfield Ave,2401,M4S,Condominium,12,Toronto-St. Paul's
4715497,STR-2110-FTYBHC,233 Lansdowne Ave,,M6K,Single/Semi-detached House,9,Davenport
4715498,STR-2110-GCFBHD,19 Caines Ave,,M2M,Single/Semi-detached House,18,Willowdale
4715499,STR-2110-GZYBHH,730 Ontario St,1004,M4X,Apartment,13,Toronto Centre
4715500,STR-2110-JGYBHM,100 Western Battery Rd,102,M6K,Condominium,10,Spadina-Fort York
4715501,STR-2110-FFTHHB,8 Dixfield Dr,,M9C,Single/Semi-detached House,2,Etobicoke Centre
4715502,STR-2112-FQLDVC,113 Wineva Ave,,M4E,Single/Semi-detached House,19,Beaches-East York
4715503,STR-2110-HLCVHK,55 Gerrard St W,3812,M5G,Apartment,11,University-Rosedale
4715504,STR-2111-FXMHHD,41 Dewhurst Blvd,2,M4J,Duplex/Triplex/Fourplex,14,Toronto-Danforth
4715505,STR-2111-GMZHHG,22 Distin Ave,,M8Z,Single/Semi-detached House,3,Etobicoke-Lakeshore
4715506,STR-2111-GWWVHH,2427 Warden Ave,Main,M1W,Single/Semi-detached House,22,Scarborough-Agincourt
4715507,STR-2111-HMJVHK,111 Davisville Ave,2004,M4S,Apartment,12,Toronto-St. Paul's
4715508,STR-2111-GYCVHH,10 Jeff Dr,,M9C,Single/Semi-detached House,2,Etobicoke Centre
4715509,STR-2111-JGJVHM,99 Broadway Ave,804,M4P,Condominium,12,Toronto-St. Paul's
4715510,STR-2111-FVBRVD,12 Warfield Dr,Lower,M2J,Single/Semi-detached House,17,Don Valley North
4715511,STR-2111-GKPRVG,177 Redpath Ave,1203,M4P,Apartment,12,Toronto-St. Paul's
4715512,STR-2111-HRPRVL,6 Grogan Mews,,M6H,Townhouse/ Row House,9,Davenport
4715513,STR-2111-HYVRVM,119 1/2 Maplewood Ave,,M6C,Single/Semi-detached House,12,Toronto-St. Paul's
4715514,STR-2111-HBSDVJ,21 Kensington Ave,Floor 2,M5T,Townhouse/ Row House,11,University-Rosedale
4715515,STR-2111-FWHRVD,155 Yorkville Ave,1411,M5R,Condominium,11,University-Rosedale
4715516,STR-2111-GVBRVH,12 York St,2705,M5J,Condominium,10,Spadina-Fort York
4715517,STR-2111-JBBRVM,12 Ashby Pl,,M5A,Townhouse/ Row House,13,Toronto Centre
4715518,STR-2111-FGLDVB,47 Caroline Ave,,M4M,Single/Semi-detached House,14,Toronto-Danforth
4715519,STR-2111-JBSDVM,123 Ashridge Dr,,M1V,Single/Semi-detached House,23,Scarborough North
4715520,STR-2111-FHSDVB,322 Albany Ave,,M5R,Single/Semi-detached House,12,Toronto-St. Paul's
4715521,STR-2111-FYFDVD,11 Hammersmith Ave,Lower,M4E,Duplex/Triplex/Fourplex,19,Beaches-East York
4715522,STR-2111-GGLDVF,268 High Park Ave,,M6P,Single/Semi-detached House,4,Parkdale-High Park
4715523,STR-2111-GPSDVG,14 Wardell St,B,M4M,Single/Semi-detached House,14,Toronto-Danforth
4715524,STR-2111-FRPRVC,107 Portland St,,M5V,Single/Semi-detached House,10,Spadina-Fort York
4715525,STR-2111-GQHRVG,8 Minos Cres,,M1G,Single/Semi-detached House,24,Scarborough-Guildwood
4715526,STR-2111-HWHRVL,19 Ivy Lea Cres,,M8Y,Single/Semi-detached House,3,Etobicoke-Lakeshore
4715527,STR-2111-GBBRVD,131 Aldwych Ave,,M4J,Single/Semi-detached House,14,Toronto-Danforth
4715528,STR-2111-GYVRVH,69 Lynn Williams St,1603,M6K,Condominium,10,Spadina-Fort York
4715529,STR-2111-FTLDVC,495 Queen St E,,M5A,Townhouse/ Row House,13,Toronto Centre
4715530,STR-2111-HQYDVK,51 Tobruk Cres,,M2M,Single/Semi-detached House,18,Willowdale
4715531,STR-2111-HBCXVJ,290 Adelaide St W,3502,M5V,Condominium,10,Spadina-Fort York
4715532,STR-2111-HJJXVK,55 Bremner Blvd,3101,M5J,Condominium,10,Spadina-Fort York
4715533,STR-2111-HRQXVL,71 Essex St,,M6G,Duplex/Triplex/Fourplex,11,University-Rosedale
4715534,STR-2111-HJZKVK,419 Spadina Ave,201,M5T,Single/Semi-detached House,11,University-Rosedale
4715535,STR-2111-FWJXVD,101 Peter St,1210,M5V,Condominium,10,Spadina-Fort York
4715536,STR-2111-JBCXVM,921 College St,2,M6H,Apartment,9,Davenport
4715537,STR-2111-GMMKVG,31 Aldergrove Ave,,M4C,Single/Semi-detached House,19,Beaches-East York
4715538,STR-2111-HLGKVK,215 Yarmouth Rd,Main,M6G,Single/Semi-detached House,11,University-Rosedale
4715539,STR-2111-JBTKVM,7 Dashwood Cres,,M9V,Single/Semi-detached House,1,Etobicoke North
4715540,STR-2111-GFWXVF,391 Painted Post Dr,,M1G,Single/Semi-detached House,24,Scarborough-Guildwood
4715541,STR-2112-HPVRVK,15 Ross St,201,M5T,Single/Semi-detached House,11,University-Rosedale
4715542,STR-2111-GWZKVH,62 McGill St,,M5B,Single/Semi-detached House,13,Toronto Centre
4715543,STR-2111-HVTKVL,12 Bater Ave,309,M4K,Apartment,14,Toronto-Danforth
4715544,STR-2111-FSGKVC,22 Stonehenge Cres,,M1G,Single/Semi-detached House,24,Scarborough-Guildwood
4715545,STR-2111-HWZKVL,325 Robina Ave,,M6C,Single/Semi-detached House,12,Toronto-St. Paul's
4715546,STR-2111-JFWXVM,10 Milkwood Ave,,M9V,Single/Semi-detached House,1,Etobicoke North
4715547,STR-2111-FTMKVC,65 Bremner Blvd,1901,M5J,Condominium,10,Spadina-Fort York
4715548,STR-2111-HHTKVJ,1222 Islington Ave,,M8Z,Single/Semi-detached House,3,Etobicoke-Lakeshore
4715549,STR-2112-HBFDVJ,65 Berkshire Ave,,M4M,Single/Semi-detached House,14,Toronto-Danforth
4715550,STR-2112-FMPRVC,237 Dovercourt Rd,D,M6J,Apartment,10,Spadina-Fort York
4715551,STR-2112-HKBRVK,300 Front St W,802,M5V,Condominium,10,Spadina-Fort York
4715552,STR-2112-HLHRVK,33 Erskine Ave,503,M4P,Apartment,15,Don Valley West
4715553,STR-2112-GFYDVF,65 Bremner Blvd,1704,M5J,Condominium,10,Spadina-Fort York
4715554,STR-2112-HGPRVJ,251 Jarvis St,520,M5B,Condominium,13,Toronto Centre
4715555,STR-2112-HMPRVK,1 Shaw St,622,M6K,Condominium,10,Spadina-Fort York
4715556,STR-2112-HFYDVJ,1041 Gerrard St E,Upper Unit,M4M,Single/Semi-detached House,14,Toronto-Danforth
4715557,STR-2112-FZPRVD,352 Front St W,2003,M5V,Condominium,10,Spadina-Fort York
4715558,STR-2112-HXBRVL,30 Amesbury Dr,,M6M,Single/Semi-detached House,5,York South-Weston
4715559,STR-2112-FSYDVC,31 Sharron Dr,,M4G,Single/Semi-detached House,15,Don Valley West
4715560,STR-2112-GSHRVG,14 York St,4906,M5J,Condominium,10,Spadina-Fort York
4715561,STR-2112-HHVRVJ,257 Finch Ave E,Main,M2N,Single/Semi-detached House,18,Willowdale
4715562,STR-2112-HYHRVL,16 McCowan Rd,,M1M,Single/Semi-detached House,20,Scarborough Southwest
4715563,STR-2112-JGPRVM,41 Sullivan St,,M5T,Townhouse/ Row House,10,Spadina-Fort York
4715564,STR-2112-FVGKVD,82 Shangarry Dr,,M1R,Single/Semi-detached House,21,Scarborough Centre
4715565,STR-2112-HBGKVJ,155 Yorkville Ave,2608,M5R,Condominium,11,University-Rosedale
4715566,STR-2112-HJMKVK,1253 Gerrard St E,,M4L,Single/Semi-detached House,14,Toronto-Danforth
4715567,STR-2112-HYZKVM,210 Victoria St,3105,M5B,Condominium,13,Toronto Centre
4715568,STR-2112-GLZKVG,755 Merton St,3,M4S,Duplex/Triplex/Fourplex,15,Don Valley West
4715569,STR-2112-HCMKVJ,560 Front St W,505,M5V,Condominium,10,Spadina-Fort York
4715570,STR-2112-HKTKVK,45 Lorindale Ave,102,M5M,Condominium,8,Eglinton-Lawrence
4715571,STR-2112-HSZKVL,49 Bywood Dr,,M9A,Single/Semi-detached House,2,Etobicoke Centre
4715572,STR-2112-GFZKVF,23 Northcote Ave,,M6J,Duplex/Triplex/Fourplex,9,Davenport
4715573,STR-2112-GWMKVH,50 Ordnance St,422,M6K,Condominium,10,Spadina-Fort York
4715574,STR-2112-HVGKVL,99 Mossbank Dr,Main,M1G,Single/Semi-detached House,24,Scarborough-Guildwood
4715575,STR-2112-HVWXVL,2978 Weston Rd,,M9M,Single/Semi-detached House,7,Humber River-Black Creek
4715576,STR-2112-FJMKVB,557 Runnymede Rd,1,M6S,Duplex/Triplex/Fourplex,4,Parkdale-High Park
4715577,STR-2112-HWMKVL,260 Carlaw Ave,205B,M4M,Apartment,14,Toronto-Danforth
4715578,STR-2112-GRCXVG,251 Jarvis St,1116,M5B,Condominium,13,Toronto Centre
4715579,STR-2112-FSZKVC,21 Iceboat Ter,931,M5V,Condominium,10,Spadina-Fort York
4715580,STR-2112-FMSDVC,298 Seaton St,1,M5A,Duplex/Triplex/Fourplex,13,Toronto Centre
4715581,STR-2112-FWPRVD,120 Saturn Rd,,M9C,Single/Semi-detached House,2,Etobicoke Centre
4715582,STR-2201-HTSDVL,20 John St,622,M5V,Condominium,10,Spadina-Fort York
4715583,STR-2201-GPHRVG,47 O'Connor Dr,,M4K,Single/Semi-detached House,14,Toronto-Danforth
4715584,STR-2201-HVHRVL,131 Markham St,,M6J,Duplex/Triplex/Fourplex,10,Spadina-Fort York
4715585,STR-2201-HMSDVK,58 Ron Attwell St,,M9M,Single/Semi-detached House,7,Humber River-Black Creek
4715586,STR-2201-JDFDVM,42 Scarborough Rd,,M4E,Single/Semi-detached House,19,Beaches-East York
4715587,STR-2201-GQPRVG,18 Vermont Ave,Rear,M6G,Duplex/Triplex/Fourplex,11,University-Rosedale
4715588,STR-2201-JDVRVM,2835 Islington Ave,708,M9L,Condominium,7,Humber River-Black Creek
4715589,STR-2201-FZSDVD,159 Dan Leckie Way,G12,M5V,Condominium,10,Spadina-Fort York
4715590,STR-2201-HPYDVK,586 Spadina Ave,1,M5S,Apartment,11,University-Rosedale
4715591,STR-2201-HZTKVM,91 Woodside Ave,,M6P,Single/Semi-detached House,4,Parkdale-High Park
4715592,STR-2201-GPJXVG,48 Haslett Ave,,M4L,Single/Semi-detached House,19,Beaches-East York
4715593,STR-2201-GWQXVH,21 Geraldton Cres,,M2J,Single/Semi-detached House,17,Don Valley North
4715594,STR-2201-HVZKVL,99 Seaton St,,M5A,Single/Semi-detached House,13,Toronto Centre
4715595,STR-2202-GQCXVG,550 Spadina Cres,,M5S,Single/Semi-detached House,11,University-Rosedale
4715596,STR-2201-HWQXVL,55 Bremner Blvd,4205,M5J,Condominium,10,Spadina-Fort York
4715597,STR-2201-FKGKVB,168 Simcoe St,1,M5H,Apartment,10,Spadina-Fort York
4715598,STR-2201-GHZKVF,152 Boon Ave,,M6E,Single/Semi-detached House,9,Davenport
4715599,STR-2201-HZVRVM,152 Clinton St,3,M6G,Duplex/Triplex/Fourplex,11,University-Rosedale
4715600,STR-2201-HKYDVK,2949 Weston Rd,,M9M,Single/Semi-detached House,7,Humber River-Black Creek
4715601,STR-2201-JBLDVM,375 Whitmore Ave,,M6E,Single/Semi-detached House,8,Eglinton-Lawrence
4715602,STR-2201-HDHRVJ,141 Glenvale Blvd,,M4G,Single/Semi-detached House,15,Don Valley West
4715603,STR-2201-HLPRVK,200 Dufferin St,309,M6K,Apartment,4,Parkdale-High Park
4715604,STR-2201-GPLDVG,21 Iceboat Ter,4809,M5V,Apartment,10,Spadina-Fort York
4715605,STR-2201-HDYDVJ,9 Spadina Ave,506,M5V,Condominium,10,Spadina-Fort York
4715606,STR-2201-JCSDVM,300 Front St W,2105,M5V,Apartment,10,Spadina-Fort York
4715607,STR-2201-HFPRVJ,300 Front St W,2503,M5V,Condominium,10,Spadina-Fort York
4715608,STR-2202-FQTKVC,661 Dovercourt Rd,,M6H,Single/Semi-detached House,9,Davenport
4715609,STR-2202-GRYDVG,202 Boon Ave,,M6E,Single/Semi-detached House,9,Davenport
4715610,STR-2202-GZFDVH,65 Bremner Blvd,2806,M5J,Condominium,10,Spadina-Fort York
4715611,STR-2202-GKHRVF,1 Rockland Dr,,M2M,Duplex/Triplex/Fourplex,17,Don Valley North
4715612,STR-2202-GZVRVH,21 Iceboat Ter,3201,M5V,Condominium,10,Spadina-Fort York
4715613,STR-2202-HJBRVJ,105 Sultana Ave,,M6A,Single/Semi-detached House,8,Eglinton-Lawrence
4715614,STR-2202-GKZKVG,149 Seaton St,Basement,M5A,Townhouse/ Row House,13,Toronto Centre
4715615,STR-2202-GTGKVH,105 George St,1710,M5A,Condominium,13,Toronto Centre
4715616,STR-2202-HBMKVJ,1528 Dufferin St,,M6H,Single/Semi-detached House,9,Davenport
4715617,STR-2202-FQCXVC,155 Yorkville Ave,315,M5R,Condominium,11,University-Rosedale
4715618,STR-2202-GWTKVH,231 Fort York Blvd,1012,M5V,Condominium,10,Spadina-Fort York
4715619,STR-2202-HMGKVK,219 Fort York Blvd,1402,M5V,Condominium,10,Spadina-Fort York
4715620,STR-2202-HWCXVL,965 Dufferin St,,M6H,Single/Semi-detached House,9,Davenport
4715621,STR-2202-FZGKVD,68 Abell St,307,M6J,Condominium,9,Davenport
4715622,STR-2202-FSQXVC,296 Brighton Ave,,M3H,Single/Semi-detached House,6,York Centre
4715623,STR-2202-HJCXVJ,54 Elm Ave,,M4W,Single/Semi-detached House,11,University-Rosedale
4715624,STR-2202-FMHRVC,30 Sabrina Dr,Unit 2,M9R,Duplex/Triplex/Fourplex,2,Etobicoke Centre
4715625,STR-2202-GLBRVG,209 Fort York Blvd,370,M5V,Condominium,10,Spadina-Fort York
4715626,STR-2202-FWFDVD,87 Rhodes Ave,,M4L,Single/Semi-detached House,14,Toronto-Danforth
4715627,STR-2202-HZYDVM,48 Gladstone Ave,3rd floor,M6J,Duplex/Triplex/Fourplex,9,Davenport
4715628,STR-2202-FGHRVB,55 Charles St W,1405,M5S,Apartment,11,University-Rosedale
4715629,STR-2202-FWVRVD,267 Otonabee Ave,,M2M,Single/Semi-detached House,18,Willowdale
4715630,STR-2202-HDLDVJ,176 Wineva Ave,,M4E,Single/Semi-detached House,19,Beaches-East York
4715631,STR-2202-GPPRVG,49 Dixon Ave,,M4L,Single/Semi-detached House,19,Beaches-East York
4715632,STR-2202-HFBRVJ,26 Hamer Blvd,,M9R,Single/Semi-detached House,1,Etobicoke North
4715633,STR-2202-HVPRVL,4 Annapearl Crt,,M2N,Single/Semi-detached House,18,Willowdale
4715634,STR-2202-GXLDVH,955 BAY ST,4007,M5S,Condominium,13,Toronto Centre
4715635,STR-2202-HWFDVL,12 York St,1310,M5J,Condominium,10,Spadina-Fort York
4715636,STR-2202-FSBRVC,10 Oak Park Ave,,M4C,Single/Semi-detached House,19,Beaches-East York
4715637,STR-2202-GYBRVH,245 Bellwoods Ave,,M6J,Townhouse/ Row House,11,University-Rosedale
4715638,STR-2202-HGHRVJ,426 Markham St,1C,M6G,Single/Semi-detached House,11,University-Rosedale
4715639,STR-2202-JFBRVM,2 Anndale Dr,1110,M2N,Condominium,18,Willowdale
4715640,STR-2202-FZYDVD,49 Bernice Cres,,M6N,Single/Semi-detached House,5,York South-Weston
4715641,STR-2202-FLBRVB,592 Brookdale Ave,A,M5M,Single/Semi-detached House,8,Eglinton-Lawrence
4715642,STR-2202-FTHRVC,14 York St,2604,M5J,Condominium,10,Spadina-Fort York
4715643,STR-2202-FTYDVC,42 Rosevear Ave,,M4C,Single/Semi-detached House,19,Beaches-East York
4715644,STR-2202-FVQXVD,269 Ashdale Ave,,M4L,Single/Semi-detached House,14,Toronto-Danforth
4715645,STR-2202-HBQXVJ,94 Grenadier Rd,,M6R,Single/Semi-detached House,4,Parkdale-High Park
4715646,STR-2202-GDMKVF,155 Yorkville Ave,2910,M5R,Condominium,11,University-Rosedale
4715647,STR-2202-GTZKVH,38 Glenaden Ave E,,M8Y,Single/Semi-detached House,3,Etobicoke-Lakeshore
4715648,STR-2202-HKMKVK,10 San Romanoway,808,M3N,Apartment,7,Humber River-Black Creek
4715649,STR-2203-FPQXVC,207 Downsview Park Blvd,,M3K,Townhouse/ Row House,6,York Centre
4715650,STR-2203-FGZKVB,1294 Queen St W,A,M6K,Apartment,4,Parkdale-High Park
4715651,STR-2203-GMZKVG,8 Charlotte St,204,M5V,Condominium,10,Spadina-Fort York
4715652,STR-2203-GWWXVH,104 Great Oak Dr,,M9A,Single/Semi-detached House,2,Etobicoke Centre
4715653,STR-2203-HMJXVK,259 Ontario St,,M5A,Townhouse/ Row House,13,Toronto Centre
4715654,STR-2203-JCWXVM,5229 Dundas St W,603,M9B,Condominium,3,Etobicoke-Lakeshore
4715655,STR-2203-GGZKVF,300 Front St W,1111,M5V,Condominium,10,Spadina-Fort York
4715656,STR-2203-HFTKVJ,392 Rathburn Rd,,M9B,Single/Semi-detached House,2,Etobicoke Centre
4715657,STR-2203-HWGKVL,106 Duplex Ave,Upper Unit,M5P,Single/Semi-detached House,12,Toronto-St. Paul's
4715658,STR-2203-JDMKVM,65 Bremner Blvd,2811,M5J,Condominium,10,Spadina-Fort York
4715659,STR-2203-FZJXVD,12 York St,1110,M5J,Condominium,10,Spadina-Fort York
4715660,STR-2203-GHQXVF,103 Bellwoods Ave,,M6J,Townhouse/ Row House,10,Spadina-Fort York
4715661,STR-2203-HQGKVK,215 Fort York Blvd,3302,M5V,Condominium,10,Spadina-Fort York
4715662,STR-2203-HHQXVJ,43 Markham St,,M6J,Single/Semi-detached House,10,Spadina-Fort York
4715663,STR-2203-HQWXVK,18 Heather Rd,,M1S,Single/Semi-detached House,23,Scarborough North
4715664,STR-2203-FTZKVC,48 Westmoreland Ave,,M6H,Single/Semi-detached House,9,Davenport
4715665,STR-2203-HJGKVJ,297 Roxton Rd,,M6G,Townhouse/ Row House,11,University-Rosedale
4715666,STR-2203-JGZKVM,352 Albany Ave,,M5R,Single/Semi-detached House,12,Toronto-St. Paul's
4715667,STR-2203-GKPVHG,16 Kidbrooke Cres,,M1M,Single/Semi-detached House,20,Scarborough Southwest
4715668,STR-2203-HBBVHJ,681 Adelaide St W,,M6J,Single/Semi-detached House,10,Spadina-Fort York
4715669,STR-2203-HRPVHL,11 Lobb Ave,,M6J,Single/Semi-detached House,10,Spadina-Fort York
4715670,STR-2203-GLFHHG,12 Whistling Hills Dr,,M1V,Single/Semi-detached House,23,Scarborough North
4715671,STR-2203-HSFHHL,25 Oxley St,602,M5V,Condominium,10,Spadina-Fort York
4715672,STR-2203-HSVVHL,28A Dundonald St,,M4Y,Townhouse/ Row House,13,Toronto Centre
4715673,STR-2203-FWYHHD,69 Lynn Williams St,1002,M6K,Condominium,10,Spadina-Fort York
4715674,STR-2203-GVSHHH,5 London St,,M6G,Single/Semi-detached House,11,University-Rosedale
4715675,STR-2203-HCYHHJ,33 Spindlewood Dr,,M2J,Single/Semi-detached House,17,Don Valley North
4715676,STR-2203-HTLHHL,101 Peter St,3812,M5V,Condominium,10,Spadina-Fort York
4715677,STR-2203-GWHVHH,713 Woodbine Ave,,M4E,Single/Semi-detached House,19,Beaches-East York
4715678,STR-2203-HLVVHK,36 Rolyat St,Main,M6J,Single/Semi-detached House,10,Spadina-Fort York
4715679,STR-2203-HVBVHL,210 Victoria St,2001,M5B,Condominium,13,Toronto Centre
4715680,STR-2203-JCHVHM,90 Ling Rd,205,M1E,Condominium,25,Scarborough-Rouge Park
4715681,STR-2203-FYFHHD,105 Soudan Ave,,M4S,Single/Semi-detached House,12,Toronto-St. Paul's
4715682,STR-2203-GPSHHG,646 Davenport Rd,,M5R,Single/Semi-detached House,12,Toronto-St. Paul's
4715683,STR-2203-HVSHHL,1 Mallon Ave,,M4M,Single/Semi-detached House,14,Toronto-Danforth
4715684,STR-2203-FJHVHB,270 Wellington St W,211,M5V,Condominium,10,Spadina-Fort York
4715685,STR-2203-HPBVHK,264 Lippincott St,,M5S,Single/Semi-detached House,11,University-Rosedale
4715686,STR-2203-HGLHHJ,151 Dan Leckie Way,841,M5V,Condominium,10,Spadina-Fort York
4715687,STR-2203-FKPVHB,49 East Liberty St,803,M6K,Condominium,10,Spadina-Fort York
4715688,STR-2203-HHBVHJ,101 Peter St,1902,M5V,Condominium,10,Spadina-Fort York
4715689,STR-2203-JGLHHM,234 Queen St E,2nd & 3rd Floor,M5A,Townhouse/ Row House,13,Toronto Centre
4715690,STR-2203-FDRBHB,44 Fuller Ave,,M6R,Single/Semi-detached House,4,Parkdale-High Park
4715691,STR-2203-HRRBHL,155 Yorkville Ave,1901,M5R,Condominium,11,University-Rosedale
4715692,STR-2203-FMMPHC,67 Niagara St,,M5V,Single/Semi-detached House,10,Spadina-Fort York
4715693,STR-2203-HSGPHL,102 McAllister Rd,,M3H,Single/Semi-detached House,6,York Centre
4715694,STR-2203-HZMPHM,37 Nealon Ave,,M4K,Single/Semi-detached House,14,Toronto-Danforth
4715695,STR-2203-FWKBHD,72 Dunn Ave,,M6K,Single/Semi-detached House,4,Parkdale-High Park
4715696,STR-2203-HKRBHK,73 Haslam St,,M1N,Single/Semi-detached House,20,Scarborough Southwest
4715697,STR-2203-GMMPHG,300 Front St W,2510,M5V,Condominium,10,Spadina-Fort York
4715698,STR-2203-HLGPHK,375 King St W,2201,M5V,Condominium,10,Spadina-Fort York
4715699,STR-2203-GGMPHF,955 Bay St,214,M5S,Condominium,13,Toronto Centre
4715700,STR-2203-GPTPHG,300 Front St W,1710,M5V,Condominium,10,Spadina-Fort York
4715701,STR-2204-GVGPHH,520 Lauder Ave,,M6E,Single/Semi-detached House,12,Toronto-St. Paul's
4715702,STR-2203-GXRBHH,101 Peter St,2407,M5V,Condominium,10,Spadina-Fort York
4715703,STR-2203-HWKBHL,65 Bremner Blvd,4305,M5J,Condominium,10,Spadina-Fort York
4715704,STR-2203-JDRBHM,157 Symington Ave,,M6P,Single/Semi-detached House,9,Davenport
4715705,STR-2203-FZMPHD,110 Leacrest Rd,,M4G,Single/Semi-detached House,15,Don Valley West
4715706,STR-2203-GHTPHF,459 Main St,,M4C,Single/Semi-detached House,19,Beaches-East York
4715707,STR-2203-HWZPHL,90 Main St,B,M4E,Single/Semi-detached House,19,Beaches-East York
4715708,STR-2203-JFGPHM,103 Auburn Ave,2nd floor,M6H,Single/Semi-detached House,9,Davenport
4715709,STR-2203-HHDBHJ,112 West Lodge Ave,,M6K,Townhouse/ Row House,4,Parkdale-High Park
4715710,STR-2203-GBTPHD,231 Fort York Blvd,334,M5V,Condominium,10,Spadina-Fort York
4715711,STR-2203-GJZPHF,200 Sackville St,1107,M5A,Condominium,13,Toronto Centre
4715712,STR-2203-GSGPHG,574 Wellington St W,616A,M5V,Townhouse/ Row House,10,Spadina-Fort York
4715713,STR-2203-HYGPHL,54B Wanita Rd,,M1C,Single/Semi-detached House,25,Scarborough-Rouge Park
4715714,STR-2203-FVFHHD,501 Adelaide St W,1110,M5V,Condominium,10,Spadina-Fort York
4715715,STR-2203-GCLHHF,155 Yorkville Ave,418,M5R,Condominium,11,University-Rosedale
4715716,STR-2203-GKSHHG,540 Northcliffe Blvd,,M6E,Single/Semi-detached House,12,Toronto-St. Paul's
4715717,STR-2203-FFHVHB,955 Bay St,2807,M5S,Condominium,13,Toronto Centre
4715718,STR-2203-GDBVHF,100 Harbour St,6110,M5J,Condominium,10,Spadina-Fort York
4715719,STR-2204-GDSHHF,9 Southport St,,M6S,Townhouse/ Row House,4,Parkdale-High Park
4715720,STR-2204-GVVVHH,174 Yarmouth Rd,,M6G,Single/Semi-detached House,11,University-Rosedale
4715721,STR-2204-JBVVHM,10 Tangreen Crt,1401,M2M,Condominium,18,Willowdale
4715722,STR-2204-FHFHHB,30 Grand Trunk Cres,1209,M5J,Condominium,10,Spadina-Fort York
4715723,STR-2204-GFYHHF,70 Pauline Ave,,M6H,Single/Semi-detached House,9,Davenport
4715724,STR-2204-FYHVHD,62 Blue Forest Dr,,M3H,Single/Semi-detached House,6,York Centre
4715725,STR-2204-GGPVHF,219 Coxwell Ave,,M4L,Townhouse/ Row House,19,Beaches-East York
4715726,STR-2204-JDBVHM,27 Kennaley Cres,,M1V,Single/Semi-detached House,23,Scarborough North
4715727,STR-2204-FJLHHB,51 Howland Ave,,M5R,Single/Semi-detached House,11,University-Rosedale
4715728,STR-2204-GXSHHH,2 Wendigo Way,,M6S,Single/Semi-detached House,4,Parkdale-High Park
4715729,STR-2204-HWLHHL,65 London St,Upper,M6G,Single/Semi-detached House,11,University-Rosedale
4715730,STR-2204-GHVVHF,46 Arnold Ave,,M5A,Single/Semi-detached House,13,Toronto Centre
4715731,STR-2204-GRBVHG,4 Bank St,,M6K,Single/Semi-detached House,9,Davenport
4715732,STR-2204-HRBVHK,751 Markham St,2nd Floor,M6G,Single/Semi-detached House,11,University-Rosedale
4715733,STR-2204-FDTPHB,53 Campbell Ave,,M6P,Single/Semi-detached House,9,Davenport
4715734,STR-2204-HSKBHL,21 Iceboat Ter,3105,M5V,Condominium,10,Spadina-Fort York
4715735,STR-2204-FWMPHD,230 Christie St,,M6G,Duplex/Triplex/Fourplex,11,University-Rosedale
4715736,STR-2204-HKTPHK,49 Park Blvd,,M8W,Single/Semi-detached House,3,Etobicoke-Lakeshore
4715737,STR-2204-HSZPHL,8 Old Weston Rd,2,M6P,Apartment,4,Parkdale-High Park
4715738,STR-2204-JBGPHM,284 St Helen's Ave,104,M6H,Condominium,9,Davenport
4715739,STR-2204-GVXBHH,208 Queens Quay W,2009,M5J,Condominium,10,Spadina-Fort York
4715740,STR-2204-HTRBHL,219 Fort York Blvd,2812,M5V,Condominium,10,Spadina-Fort York
4715741,STR-2204-GPGPHG,155 Yorkville Ave,1212,M5R,Condominium,11,University-Rosedale
4715742,STR-2204-FJMPHB,21 Iceboat Ter,1209,M5V,Condominium,10,Spadina-Fort York
4715743,STR-2204-FYZPHD,101 Peter St,3211,M5V,Condominium,10,Spadina-Fort York
4715744,STR-2204-GHGPHF,248 Fulton Ave,,M4K,Single/Semi-detached House,14,Toronto-Danforth
4715745,STR-2204-HPGPHK,477 Richmond St W,709,M5V,Condominium,10,Spadina-Fort York
4715746,STR-2204-GHXBHF,411 Carlton St,,M5A,Single/Semi-detached House,13,Toronto Centre
4715747,STR-2204-FTSHHC,329 Mutual St,1,M4Y,Apartment,13,Toronto Centre
4715748,STR-2204-HXTPHL,388 Berkeley St,,M5A,Single/Semi-detached House,13,Toronto Centre
4715749,STR-2204-FTRBHC,55 Bremner Blvd,2008,M5J,Condominium,10,Spadina-Fort York
4715750,STR-2204-GSKBHG,798 Richmond St W,763,M6J,Apartment,10,Spadina-Fort York
4715751,STR-2204-HYKBHL,155 Yorkville Ave,2312,M5R,Condominium,11,University-Rosedale
4715752,STR-2204-FDVVHB,1243 Kingston Rd,Unit B,M1N,Single/Semi-detached House,20,Scarborough Southwest
4715753,STR-2204-FVHVHD,300 Front St W,1008,M5V,Condominium,10,Spadina-Fort York
4715754,STR-2204-FMSHHC,65 Jefferson Ave,205,M6K,Apartment,10,Spadina-Fort York
4715755,STR-2204-GDFHHF,55 Bremner Blvd,4008,M5J,Condominium,10,Spadina-Fort York
4715756,STR-2204-HSLHHL,21 Evermede Dr,MF,M3A,Single/Semi-detached House,16,Don Valley East
4715757,STR-2204-GDVVHF,3 Chalfont Rd,,M9W,Single/Semi-detached House,1,Etobicoke North
4715758,STR-2204-HTBVHL,101 Peter St,2909,M5V,Condominium,10,Spadina-Fort York
4715759,STR-2204-FGSHHB,71 Kendal Ave,,M5R,Single/Semi-detached House,11,University-Rosedale
4715760,STR-2204-JBYHHM,14 York St,6209,M5J,Condominium,10,Spadina-Fort York
4715761,STR-2204-FQPVHC,39 Galbraith Ave,Upper,M4B,Single/Semi-detached House,19,Beaches-East York
4715762,STR-2204-GPHVHG,42 Stephen Dr,,M8Y,Duplex/Triplex/Fourplex,3,Etobicoke-Lakeshore
4715763,STR-2204-FHYHHB,247B McIntosh St,,M1N,Single/Semi-detached House,20,Scarborough Southwest
4715764,STR-2204-GPYHHG,138 Patricia Ave,Upper,M2M,Single/Semi-detached House,18,Willowdale
4715765,STR-2204-GXFHHH,468 Pape Ave,A,M4K,Townhouse/ Row House,14,Toronto-Danforth
4715766,STR-2204-HVYHHL,114 Queensdale Ave,,M4J,Single/Semi-detached House,14,Toronto-Danforth
4715767,STR-2204-JDFHHM,141 Brock Ave,,M6K,Single/Semi-detached House,9,Davenport
4715768,STR-2204-FJPVHB,181 Huron St,1605,M5T,Condominium,11,University-Rosedale
4715769,STR-2204-FRVVHC,285 Roxton Rd,,M6G,Townhouse/ Row House,11,University-Rosedale
4715770,STR-2204-HHHVHJ,62 Bridlegrove Dr,,M1M,Townhouse/ Row House,20,Scarborough Southwest
4715771,STR-2204-FLLHHB,279 Major St,Upper,M5S,Single/Semi-detached House,11,University-Rosedale
4715772,STR-2204-JGSHHM,141 Burbank Dr,,M2K,Single/Semi-detached House,17,Don Valley North
4715773,STR-2204-FVKBHD,28 Sackville Pl,,M4X,Single/Semi-detached House,13,Toronto Centre
4715774,STR-2204-GCRBHF,89 Beaconsfield Ave,Basement,M6J,Single/Semi-detached House,9,Davenport
4715775,STR-2204-GLMPHG,8 Wellesley St E,308,M4Y,Condominium,13,Toronto Centre
4715776,STR-2204-FWRBHD,67 Woodstream Dr,,M9W,Townhouse/ Row House,1,Etobicoke North
4715777,STR-2204-GVKBHH,52 Robert St,Upper,M5S,Single/Semi-detached House,11,University-Rosedale
4715778,STR-2204-HTDBHL,460 Montrose Ave,,M6G,Single/Semi-detached House,11,University-Rosedale
4715779,STR-2204-GVZPHH,47 Holbrooke Ave,,M8Y,Single/Semi-detached House,3,Etobicoke-Lakeshore
4715780,STR-2204-JBZPHM,21 Douville Crt,,M5A,Townhouse/ Row House,10,Spadina-Fort York
4715781,STR-2204-FXXBHD,2164 St Clair Ave W,,M6N,Single/Semi-detached House,5,York South-Weston
4715782,STR-2204-GGDBHF,650 Lawrence Ave W,905,M6A,Condominium,8,Eglinton-Lawrence
4715783,STR-2204-GPKBHG,11 Stephenson Ave,,M4C,Single/Semi-detached House,19,Beaches-East York
4715784,STR-2204-FYMPHD,31 Oxford St,,M5T,Single/Semi-detached House,11,University-Rosedale
4715785,STR-2204-GGTPHF,14 York St,1301,M5J,Condominium,10,Spadina-Fort York
4715786,STR-2204-GPZPHG,439 Parliament St,301,M5A,Duplex/Triplex/Fourplex,13,Toronto Centre
4715787,STR-2204-GXGPHH,325 Jarvis St,13,M5B,Townhouse/ Row House,13,Toronto Centre
4715788,STR-2204-HFMPHJ,3 Highfield Rd,Main Floor,M4L,Single/Semi-detached House,14,Toronto-Danforth
4715789,STR-2204-HVZPHL,266 John St,Upper Unit,M9N,Single/Semi-detached House,5,York South-Weston
4715790,STR-2204-GXXBHH,188 Cumberland St,712,M5R,Condominium,11,University-Rosedale
4715791,STR-2204-HWRBHL,88 Thursfield Cres,,M4G,Single/Semi-detached House,15,Don Valley West
4715792,STR-2204-FKGPHB,391 Whitmore Ave,,M6E,Single/Semi-detached House,8,Eglinton-Lawrence
4715793,STR-2204-GRXBHG,196 Gillard Ave,,M4J,Single/Semi-detached House,14,Toronto-Danforth
4715794,STR-2204-GZDBHH,155 Yorkville Ave,903,M5R,Condominium,11,University-Rosedale
4715795,STR-2204-HXXBHL,183 Howland Ave,,M5R,Single/Semi-detached House,11,University-Rosedale
4715796,STR-2204-FTTPHC,832 Bay St,503,M5S,Apartment,11,University-Rosedale
4715797,STR-2204-GBZPHD,9 Macey Ave,,M1L,Single/Semi-detached House,20,Scarborough Southwest
4715798,STR-2204-FVLHHD,2 Eva Rd,1721,M9C,Condominium,2,Etobicoke Centre
4715799,STR-2204-FMVVHC,227 Fern Ave,,M6R,Single/Semi-detached House,4,Parkdale-High Park
4715800,STR-2204-HSPVHL,14 York St,5710,M5J,Condominium,10,Spadina-Fort York
4715801,STR-2204-FWSHHD,682 Indian Rd,,M6P,Single/Semi-detached House,4,Parkdale-High Park
4715802,STR-2204-GMFHHG,130 Pickering St,BSMT,M4E,Single/Semi-detached House,19,Beaches-East York
4715803,STR-2204-FGVVHB,12 York St,604,M5J,Condominium,10,Spadina-Fort York
4715804,STR-2204-HLPVHK,14 York St,3303,M5J,Condominium,10,Spadina-Fort York
4715805,STR-2204-HTVVHL,700 Ontario St,1508,M4X,Apartment,13,Toronto Centre
4715806,STR-2204-FHLHHB,14 York St,5210,M5J,Condominium,10,Spadina-Fort York
4715807,STR-2204-GGVVHF,209 Fort York Blvd,668,M5V,Condominium,10,Spadina-Fort York
4715808,STR-2205-GRHVHG,122A Neville Park Blvd,,M4E,Single/Semi-detached House,19,Beaches-East York
4715809,STR-2205-HQBVHK,21 Iceboat Ter,4511,M5V,Condominium,10,Spadina-Fort York
4715810,STR-2205-GKHVHF,797 Craven Rd,,M4L,Single/Semi-detached House,14,Toronto-Danforth
4715811,STR-2205-GSPVHG,30 Nelson St,902,M5V,Condominium,10,Spadina-Fort York
4715812,STR-2205-FVMPHD,394 Hillsdale Ave E,,M4S,Single/Semi-detached House,15,Don Valley West
4715813,STR-2205-HBMPHJ,560 Front St W,1123,M5V,Condominium,10,Spadina-Fort York
4715814,STR-2205-FWDBHD,101 Peter St,1117,M5V,Condominium,10,Spadina-Fort York
4715815,STR-2205-GDKBHF,87 Dunelm St,,M1J,Single/Semi-detached House,24,Scarborough-Guildwood
4715816,STR-2205-HCDBHJ,15 Chatfield Dr,,M3B,Single/Semi-detached House,16,Don Valley East
4715817,STR-2205-HSRBHL,12 York St,4005,M5J,Condominium,10,Spadina-Fort York
4715818,STR-2205-JBMPHM,41 Glenmount Park Rd,,M4E,Single/Semi-detached House,19,Beaches-East York
4715819,STR-2205-FQTPHC,258 Ontario St,Upper,M5A,Townhouse/ Row House,13,Toronto Centre
4715820,STR-2205-FXZPHD,270 Wellington St W,306,M5V,Condominium,10,Spadina-Fort York
4715821,STR-2205-GPMPHG,49 Jersey Ave,Lower,M6G,Duplex/Triplex/Fourplex,11,University-Rosedale
4715822,STR-2205-FJDBHB,151 Rhodes Ave,,M4L,Single/Semi-detached House,14,Toronto-Danforth
4715823,STR-2205-GXKBHH,17 Maple Grove Ave,,M6K,Single/Semi-detached House,4,Parkdale-High Park
4715824,STR-2205-FSRBHC,332 Willowdale Ave,,M2N,Single/Semi-detached House,18,Willowdale
4715825,STR-2205-FKZPHB,54 Fenwick Ave,,M4K,Single/Semi-detached House,14,Toronto-Danforth
4715826,STR-2205-JGGPHM,41 Sunnylea Ave W,,M8Y,Single/Semi-detached House,3,Etobicoke-Lakeshore
4715827,STR-2205-GSRBHG,501 St Clair Ave W,1302,M5P,Condominium,12,Toronto-St. Paul's
4715828,STR-2205-HYRBHL,17 Bromley Cres,,M9A,Single/Semi-detached House,2,Etobicoke Centre
4715829,STR-2205-FVPVHD,332 Kennedy Ave,,M6P,Single/Semi-detached House,4,Parkdale-High Park
4715830,STR-2205-HBPVHJ,219 Fort York Blvd,2410,M5V,Condominium,10,Spadina-Fort York
4715831,STR-2205-HSBVHL,151 Dan Leckie Way,603,M5V,Apartment,10,Spadina-Fort York
4715832,STR-2205-FWFHHD,42 Crossbow Cres,BSMT,M2J,Single/Semi-detached House,17,Don Valley North
4715833,STR-2205-GTYHHH,14 York St,6006,M5J,Condominium,10,Spadina-Fort York
4715834,STR-2205-HCFHHJ,9 First Ave,,M4M,Single/Semi-detached House,14,Toronto-Danforth
4715835,STR-2205-GVPVHH,185 Deloraine Ave,,M5M,Single/Semi-detached House,8,Eglinton-Lawrence
4715836,STR-2205-JBPVHM,155 Yorkville Ave,507,M5R,Condominium,11,University-Rosedale
4715837,STR-2205-JCFHHM,300 Seaton St,1,M5A,Duplex/Triplex/Fourplex,13,Toronto Centre
4715838,STR-2205-FYBVHD,26 Myrtle Ave,,M4M,Single/Semi-detached House,14,Toronto-Danforth
4715839,STR-2205-GGHVHF,210 Victoria St,2402,M5B,Condominium,13,Toronto Centre
4715840,STR-2205-HVPVHL,73 Richmond St W,L05,M5H,Condominium,10,Spadina-Fort York
4715841,STR-2205-GQFHHG,300 Front St W,810,M5V,Condominium,10,Spadina-Fort York
4715842,STR-2205-HFSHHJ,10 Mendelssohn St,205,M1L,Condominium,20,Scarborough Southwest
4715843,STR-2205-JDLHHM,154 Jones Ave,Lower Unit,M4M,Single/Semi-detached House,14,Toronto-Danforth
4715844,STR-2205-HGYHHJ,60 Annette St,,M6P,Townhouse/ Row House,4,Parkdale-High Park
4715845,STR-2205-HQFHHK,33 Riverlea Dr,Upper Unit,M9P,Single/Semi-detached House,2,Etobicoke Centre
4715846,STR-2205-JFSHHM,434 Dundas St W,3A,M5T,Apartment,11,University-Rosedale
4715847,STR-2205-FLBVHB,12 York St,3810,M5J,Condominium,10,Spadina-Fort York
4715848,STR-2205-HHPVHJ,101 Peter St,1102,M5V,Condominium,10,Spadina-Fort York
4715849,STR-2205-HQVVHK,88 Carr St,29,M5T,Condominium,10,Spadina-Fort York
4715850,STR-2205-GSSHHG,215 Fort York Blvd,316,M5V,Condominium,10,Spadina-Fort York
4715851,STR-2205-FVRBHD,38 Grenville St,3904,M4Y,Condominium,13,Toronto Centre
4715852,STR-2205-HBRBHJ,155 Yorkville Ave,918,M5R,Condominium,11,University-Rosedale
4715853,STR-2205-FFTPHB,300 Front St W,604,M5V,Condominium,10,Spadina-Fort York
4715854,STR-2205-HKMPHK,560 Front St W,210,M5V,Condominium,10,Spadina-Fort York
4715855,STR-2205-HSTPHL,5 Adelaide Pl,,M5V,Townhouse/ Row House,10,Spadina-Fort York
4715856,STR-2205-GVRBHH,679 Mortimer Ave,,M4C,Single/Semi-detached House,19,Beaches-East York
4715857,STR-2205-HLDBHK,148 Old Sheppard Ave,,M2J,Single/Semi-detached House,17,Don Valley North
4715858,STR-2205-GFTPHF,47 Lewis St,2,M4M,Single/Semi-detached House,14,Toronto-Danforth
4715859,STR-2205-HLTPHK,5 Greystone Walk Dr,515,M1K,Condominium,20,Scarborough Southwest
4715860,STR-2205-GPRBHG,707 Mortimer Ave,,M4C,Single/Semi-detached House,19,Beaches-East York
4715861,STR-2205-HFDBHJ,1676 St Clair Ave W,,M6N,Apartment,9,Davenport
4715862,STR-2205-FJGPHB,52 Perth Ave,,M6R,Townhouse/ Row House,9,Davenport
4715863,STR-2205-GYDBHH,19 Riverton Dr,,M9L,Single/Semi-detached House,7,Humber River-Black Creek
4715864,STR-2205-HGKBHJ,78 Harrison Garden Blvd,1008,M2N,Condominium,18,Willowdale
4715865,STR-2205-HQGPHK,21 Westminster Ave,,M6R,Townhouse/ Row House,4,Parkdale-High Park
4715866,STR-2205-HXMPHL,899 Lansdowne Ave,,M6H,Single/Semi-detached House,9,Davenport
4715867,STR-2205-JFTPHM,41 Creekbank Rd,Upper,M6L,Townhouse/ Row House,5,York South-Weston
4715868,STR-2205-GBRBHD,17 Farmstead Rd,503,M2L,Apartment,15,Don Valley West
4715869,STR-2205-GSTPHG,68 Fernalroy Blvd,,M8Z,Single/Semi-detached House,3,Etobicoke-Lakeshore
4715870,STR-2205-JGZPHM,38 Veerland Dr,,M6L,Single/Semi-detached House,5,York South-Weston
4715871,STR-2205-FPBXVC,228 Hollywood Ave,,M2N,Single/Semi-detached House,18,Willowdale
4715872,STR-2205-FGLKVB,44 Tefley Rd,,M2M,Single/Semi-detached House,18,Willowdale
4715873,STR-2205-FPSKVC,80 Ferrier Ave,,M4K,Single/Semi-detached House,14,Toronto-Danforth
4715874,STR-2205-HLFKVK,12 York St,3511,M5J,Condominium,10,Spadina-Fort York
4715875,STR-2205-FQHXVC,155 Yorkville Ave,2803,M5R,Condominium,11,University-Rosedale
4715876,STR-2205-JCYKVM,666 Ontario St,906,M4X,Apartment,13,Toronto Centre
4715877,STR-2205-FRPXVC,280 Drewry Ave,BSMT,M2M,Single/Semi-detached House,18,Willowdale
4715878,STR-2205-FYVXVD,33 Aura Lea Blvd,,M9M,Single/Semi-detached House,7,Humber River-Black Creek
4715879,STR-2205-GQHXVG,263 Berkeley St,,M5A,Single/Semi-detached House,13,Toronto Centre
4715880,STR-2205-GRPXVG,49 Waverley Rd,Upper,M4L,Townhouse/ Row House,19,Beaches-East York
4715881,STR-2205-FTLKVC,215 Fort York Blvd,2012,M5V,Condominium,10,Spadina-Fort York
4715882,STR-2205-GJYKVF,25 Overbank Cres,UN-B,M3A,Single/Semi-detached House,16,Don Valley East
4715883,STR-2205-JGLKVM,25 Westminster Ave,,M6R,Single/Semi-detached House,4,Parkdale-High Park
4715884,STR-2205-FLXDVC,11 Givins St,,M6J,Single/Semi-detached House,10,Spadina-Fort York
4715885,STR-2205-GSXDVH,12 York St,3407,M5J,Condominium,10,Spadina-Fort York
4715886,STR-2205-HJKDVK,289 Queen St E,Upper,M5A,Townhouse/ Row House,13,Toronto Centre
4715887,STR-2205-FGMRVB,24 Rose Valley Cres,,M6N,Single/Semi-detached House,5,York South-Weston
4715888,STR-2205-FVTRVD,105 George St,1614,M5A,Condominium,13,Toronto Centre
4715889,STR-2205-HJZRVK,101 Peter St,3903,M5V,Condominium,10,Spadina-Fort York
4715890,STR-2205-FFXDVB,1372 Queen St W,1,M6K,Apartment,4,Parkdale-High Park
4715891,STR-2205-GDRDVF,22 Galley Ave,Upper,M6R,Single/Semi-detached House,4,Parkdale-High Park
4715892,STR-2205-GVDDVH,22 Galley Ave,Garden,M6R,Single/Semi-detached House,4,Parkdale-High Park
4715893,STR-2205-FPTRVC,72 Craigmore Cres,,M2N,Single/Semi-detached House,18,Willowdale
4715894,STR-2205-GMMRVG,138 St Helen's Ave,611,M6H,Condominium,9,Davenport
4715895,STR-2205-HTMRVL,45 Sloane Ave,,M4A,Townhouse/ Row House,16,Don Valley East
4715896,STR-2206-FHDDVB,82 Muriel Ave,,M4J,Single/Semi-detached House,14,Toronto-Danforth
4715897,STR-2206-FQKDVC,423 Ossington Ave,,M6J,Townhouse/ Row House,11,University-Rosedale
4715898,STR-2206-GPDDVG,629 Duplex Ave,,M4R,Single/Semi-detached House,8,Eglinton-Lawrence
4715899,STR-2206-GWKDVH,219 Fort York Blvd,1109,M5V,Condominium,10,Spadina-Fort York
4715900,STR-2206-JCKDVM,126 Bannockburn Ave,,M5M,Single/Semi-detached House,8,Eglinton-Lawrence
4715901,STR-2206-FQZRVC,47 Gledhill Ave,,M4C,Single/Semi-detached House,19,Beaches-East York
4715902,STR-2206-HDBXVJ,3 Concord Ave,,M6H,Townhouse/ Row House,9,Davenport
4715903,STR-2206-FYGRVD,185 Bonis Ave,1115,M1T,Condominium,22,Scarborough-Agincourt
4715904,STR-2206-GGMRVF,64 Millicent St,1,M6H,Single/Semi-detached House,9,Davenport
4715905,STR-2206-GHDDVF,21 Iceboat Ter,4009,M5V,Condominium,10,Spadina-Fort York
4715906,STR-2206-GQKDVG,1074A St Clair Ave W,1,M6E,Apartment,9,Davenport
4715907,STR-2206-HFXDVJ,300 Front St W,1910,M5V,Condominium,10,Spadina-Fort York
4715908,STR-2206-HWZRVL,251 Jarvis St,217,M5B,Condominium,13,Toronto Centre
4715909,STR-2206-HHDDVJ,54 Applefield Dr,,M1P,Single/Semi-detached House,21,Scarborough Centre
4715910,STR-2206-GJZRVF,90 Power St,Apt 1,M5A,Duplex/Triplex/Fourplex,13,Toronto Centre
4715911,STR-2206-HQZRVK,65 Gledhill Ave,,M4C,Single/Semi-detached House,19,Beaches-East York
4715912,STR-2206-FDSKVB,14 York St,4703,M5J,Condominium,10,Spadina-Fort York
4715913,STR-2206-HBFKVJ,19 Mulholland Ave,,M6A,Single/Semi-detached House,8,Eglinton-Lawrence
4715914,STR-2206-HJLKVK,199 The Westway,,M9R,Single/Semi-detached House,2,Etobicoke Centre
4715915,STR-2206-HRSKVL,14 York St,2909,M5J,Condominium,10,Spadina-Fort York
4715916,STR-2206-HYYKVM,3 Caines Ave,,M2M,Single/Semi-detached House,18,Willowdale
4715917,STR-2206-HZPXVM,38 Columbine Ave,,M4L,Single/Semi-detached House,19,Beaches-East York
4715918,STR-2206-GDSKVF,206 Drewry Ave,,M2M,Single/Semi-detached House,18,Willowdale
4715919,STR-2206-FXBXVD,369 Shaw St,,M6J,Single/Semi-detached House,11,University-Rosedale
4715920,STR-2206-GFYKVF,12 York St,1802,M5J,Condominium,10,Spadina-Fort York
4715921,STR-2206-GPFKVG,70 Devondale Ave,,M2R,Single/Semi-detached House,18,Willowdale
4715922,STR-2206-HVVXVL,219 Finch Ave E,,M2N,Duplex/Triplex/Fourplex,18,Willowdale
4715923,STR-2206-FSHXVC,4 Moorefield Dr,,M1C,Single/Semi-detached House,25,Scarborough-Rouge Park
4715924,STR-2206-HXBXVL,112 George St,706,M5A,Condominium,13,Toronto Centre
4715925,STR-2206-FSYKVC,55 Glen Everest Rd,,M1N,Single/Semi-detached House,20,Scarborough Southwest
4715926,STR-2206-GJLKVF,30 Baseball Pl,927,M4M,Condominium,14,Toronto-Danforth
4715927,STR-2206-JFYKVM,12 St Dennis Dr,215,M3C,Apartment,16,Don Valley East
4715928,STR-2206-FTPXVC,23 Old Mill Ter,,M8X,Single/Semi-detached House,3,Etobicoke-Lakeshore
4715929,STR-2206-GSHXVG,1 Crewe Ave,,M4C,Single/Semi-detached House,19,Beaches-East York
4715930,STR-2206-GZPXVH,39 Barksdale Ave,,M3H,Single/Semi-detached House,6,York Centre
4715931,STR-2206-HRBXVK,176 Indian Grv,2,M6P,Duplex/Triplex/Fourplex,4,Parkdale-High Park
4715932,STR-2206-HRTRVL,231 Fort York Blvd,2509,M5V,Condominium,10,Spadina-Fort York
4715933,STR-2206-HYZRVM,220 Rosemount Ave,,M6H,Single/Semi-detached House,9,Davenport
4715934,STR-2206-FFKDVB,155 Yorkville Ave,3017,M5R,Condominium,11,University-Rosedale
4715935,STR-2206-FMRDVC,266 Dovercourt Rd,Main/Lower,M6J,Duplex/Triplex/Fourplex,9,Davenport
4715936,STR-2206-GLKDVG,14 York St,3310,M5J,Condominium,10,Spadina-Fort York
4715937,STR-2206-HSKDVL,562 Ontario St,,M4X,Townhouse/ Row House,13,Toronto Centre
4715938,STR-2206-GLZRVG,107 Prescott Ave,,M6N,Single/Semi-detached House,9,Davenport
4715939,STR-2206-GVGRVH,209 Fort York Blvd,381,M5V,Condominium,10,Spadina-Fort York
4715940,STR-2206-FGRDVB,80 Orchid Place Dr,202,M1B,Condominium,23,Scarborough North
4715941,STR-2206-HLKDVK,292 Gladstone Ave,,M6J,Single/Semi-detached House,9,Davenport
4715942,STR-2206-JBXDVM,361 Front St W,3012,M5V,Condominium,10,Spadina-Fort York
4715943,STR-2206-FHGRVB,33 Shore Breeze Dr,1204,M8V,Condominium,3,Etobicoke-Lakeshore
4715944,STR-2206-JCMRVM,20 John St,524,M5V,Condominium,10,Spadina-Fort York
4715945,STR-2206-FHXDVB,155 Yorkville Ave,813,M5R,Condominium,11,University-Rosedale
4715946,STR-2206-FRDDVC,268 Ashdale Ave,,M4L,Single/Semi-detached House,14,Toronto-Danforth
4715947,STR-2206-GPXDVG,53 Pearson Ave,,M6R,Single/Semi-detached House,4,Parkdale-High Park
4715948,STR-2206-HFKDVJ,65 Bremner Blvd,4105,M5J,Condominium,10,Spadina-Fort York
4715949,STR-2206-JDDDVM,215 Fort York Blvd,1411,M5V,Condominium,10,Spadina-Fort York
4715950,STR-2206-FYZRVD,105 George St,1013,M5A,Condominium,13,Toronto Centre
4715951,STR-2206-GHGRVF,238 River St,,M5A,Townhouse/ Row House,13,Toronto Centre
4715952,STR-2206-GXTRVH,292 Carlton St,,M5A,Single/Semi-detached House,13,Toronto Centre
4715953,STR-2206-HGRDVJ,65 Lillian St,617,M4S,Apartment,12,Toronto-St. Paul's
4715954,STR-2206-FKTRVB,337 Bain Ave,,M4J,Single/Semi-detached House,14,Toronto-Danforth
4715955,STR-2206-HHGRVJ,77 Howard St,2209,M4X,Apartment,13,Toronto Centre
4715956,STR-2206-HXTRVL,300 Front St W,1702,M5V,Condominium,10,Spadina-Fort York
4715957,STR-2206-JFZRVM,60 Pebblehill Sq,,M1S,Single/Semi-detached House,23,Scarborough North
4715958,STR-2206-FLKDVB,635 Ossington Ave,1,M6G,Duplex/Triplex/Fourplex,11,University-Rosedale
4715959,STR-2206-GZRDVH,664 Gladstone Ave,2,M6H,Single/Semi-detached House,9,Davenport
4715960,STR-2206-GKVXVG,14 York St,6201,M5J,Condominium,10,Spadina-Fort York
4715961,STR-2206-HBHXVJ,497 Northcliffe Blvd,,M6E,Single/Semi-detached House,12,Toronto-St. Paul's
4715962,STR-2206-HJPXVK,99 John St,3906,M5V,Condominium,10,Spadina-Fort York
4715963,STR-2206-HRVXVL,30 Westwood Ave,,M4K,Single/Semi-detached House,14,Toronto-Danforth
4715964,STR-2206-HZBXVM,2 Eva Rd,1022,M9C,Condominium,2,Etobicoke Centre
4715965,STR-2206-FFLKVB,200 Victoria St,1407,M5B,Condominium,13,Toronto Centre
4715966,STR-2206-GLLKVG,151 Dan Leckie Way,1058,M5V,Condominium,10,Spadina-Fort York
4715967,STR-2206-GVHXVH,48 Fulwell Cres,,M3J,Single/Semi-detached House,7,Humber River-Black Creek
4715968,STR-2206-FGSKVB,55 Bremner Blvd,3407,M5J,Condominium,10,Spadina-Fort York
4715969,STR-2206-JBYKVM,83 Glen Watford Dr,,M1S,Single/Semi-detached House,23,Scarborough North
4715970,STR-2206-FHHXVB,365 Murray Ross Pkwy,17,M3J,Townhouse/ Row House,7,Humber River-Black Creek
4715971,STR-2206-GWPXVH,413 Cook Rd,,M3J,Single/Semi-detached House,7,Humber River-Black Creek
4715972,STR-2206-JCPXVM,14 York St,312,M5J,Condominium,10,Spadina-Fort York
4715973,STR-2206-FHYKVB,832 Bay St,5010,M5S,Condominium,11,University-Rosedale
4715974,STR-2206-FRFKVC,21 Iceboat Ter,3101,M5V,Condominium,10,Spadina-Fort York
4715975,STR-2206-GPYKVG,494 Northcliffe Blvd,BSMT,M6E,Single/Semi-detached House,12,Toronto-St. Paul's
4715976,STR-2206-HMSKVK,270 Beatrice St,3,M6G,Apartment,11,University-Rosedale
4715977,STR-2206-GQPXVG,41 Wild Rose Gdns,Main,M6L,Single/Semi-detached House,5,York South-Weston
4715978,STR-2206-GXVXVH,12 York St,4908,M5J,Condominium,10,Spadina-Fort York
4715979,STR-2206-HWPXVL,157 Rosewell Ave,,M4R,Single/Semi-detached House,8,Eglinton-Lawrence
4715980,STR-2206-JDVXVM,56 Ford St,,M6N,Single/Semi-detached House,9,Davenport
4715981,STR-2206-FSLKVC,151 Avenue Rd,604,M5R,Condominium,11,University-Rosedale
4715982,STR-2206-GHYKVF,8 Charlotte St,1104,M5V,Condominium,10,Spadina-Fort York
4715983,STR-2206-GYLKVH,255 Snowdon Ave,,M4N,Single/Semi-detached House,15,Don Valley West
4715984,STR-2206-FKVXVB,32 Glenora Ave,,M6C,Single/Semi-detached House,12,Toronto-St. Paul's
4715985,STR-2206-FTBXVC,105 Dewhurst Blvd,,M4J,Single/Semi-detached House,14,Toronto-Danforth
4715986,STR-2206-GZSKVH,492 Shaw St,,M6G,Townhouse/ Row House,11,University-Rosedale
4715987,STR-2206-HZDDVM,466 Pape Ave,B,M4K,Duplex/Triplex/Fourplex,14,Toronto-Danforth
4715988,STR-2206-HBZRVJ,155 Yorkville Ave,1806,M5R,Condominium,11,University-Rosedale
4715989,STR-2206-GGDDVF,320 Euclid Ave,Main,M6J,Duplex/Triplex/Fourplex,11,University-Rosedale
4715990,STR-2206-GPKDVG,351 Manning Ave,1,M6J,Duplex/Triplex/Fourplex,11,University-Rosedale
4715991,STR-2206-HVKDVL,757 Queen St E,,M4M,Apartment,14,Toronto-Danforth
4715992,STR-2206-JCRDVM,1158 College St,2,M6H,Duplex/Triplex/Fourplex,9,Davenport
4715993,STR-2206-FHZRVB,22 Wuthering Heights Rd,,M1C,Townhouse/ Row House,25,Scarborough-Rouge Park
4715994,STR-2206-FRGRVC,2 Anndale Dr,2901,M2N,Condominium,18,Willowdale
4715995,STR-2206-HVZRVL,19 Markham St,2,M6J,Duplex/Triplex/Fourplex,10,Spadina-Fort York
4715996,STR-2206-FZDDVD,73 Gormley Ave,,M4V,Single/Semi-detached House,12,Toronto-St. Paul's
4715997,STR-2206-GXXDVH,15 Nora Rd,,M9A,Single/Semi-detached House,3,Etobicoke-Lakeshore
4715998,STR-2206-FKGRVB,300 Front St W,1014,M5V,Condominium,10,Spadina-Fort York
4715999,STR-2206-GRGRVG,90 Garthdale Crt,,M3H,Single/Semi-detached House,6,York Centre
4716000,STR-2206-GYMRVH,211 Nairn Ave,BSMT,M6E,Single/Semi-detached House,9,Davenport
4716001,STR-2206-FLMRVB,8 Mc Gee St,,M4M,Townhouse/ Row House,14,Toronto-Danforth
4716002,STR-2206-GBZRVD,61 Dane Ave,,M6A,Single/Semi-detached House,8,Eglinton-Lawrence
4716003,STR-2206-GSMRVG,24 Wyndham St,,M6K,Single/Semi-detached House,9,Davenport
4716004,STR-2206-GZTRVH,140 Simcoe St,1209,M5H,Condominium,10,Spadina-Fort York
4716005,STR-2206-FDYKVB,19 Bournville Dr,,M1E,Single/Semi-detached House,24,Scarborough-Guildwood
4716006,STR-2206-GCSKVF,23 Kilbarry Rd,,M5P,Single/Semi-detached House,12,Toronto-St. Paul's
4716007,STR-2206-HJSKVK,270 Wellington St W,415,M5V,Condominium,10,Spadina-Fort York
4716008,STR-2206-FMVXVC,241 Emerson Ave,,M6H,Single/Semi-detached House,9,Davenport
4716009,STR-2206-HCBXVJ,501 Markham St,5,M6G,Duplex/Triplex/Fourplex,11,University-Rosedale
4716010,STR-2206-HZVXVM,45 Gillespie Ave,1,M6N,Duplex/Triplex/Fourplex,9,Davenport
4716011,STR-2206-FWSKVD,786 Crawford St,100,M6G,Duplex/Triplex/Fourplex,11,University-Rosedale
4716012,STR-2206-GMFKVG,56 Marchmount Rd,Upper,M6G,Single/Semi-detached House,12,Toronto-St. Paul's
4716013,STR-2206-HCSKVJ,832 Bay St,4306,M5S,Condominium,11,University-Rosedale
4716014,STR-2206-FYPXVD,955 Bay St,3506,M5S,Condominium,13,Toronto Centre
4716015,STR-2206-FQBXVC,80 Western Battery Rd,2308,M6K,Condominium,10,Spadina-Fort York
4716016,STR-2206-GMVXVG,86 Watson St,,M1C,Single/Semi-detached House,25,Scarborough-Rouge Park
4716017,STR-2206-FQSKVC,1007 Ossington Ave,,M6G,Single/Semi-detached House,11,University-Rosedale
4716018,STR-2206-GGFKVF,60 Teignmouth Ave,,M6E,Single/Semi-detached House,9,Davenport
4716019,STR-2206-GPLKVG,116 George St,N305,M5A,Condominium,13,Toronto Centre
4716020,STR-2206-GWSKVH,114 Robina Ave,,M6C,Townhouse/ Row House,9,Davenport
4716021,STR-2206-HMFKVK,7 Lukow Ter,Upper,M6R,Single/Semi-detached House,4,Parkdale-High Park
4716022,STR-2206-GQBXVG,54 Hamilton St,,M4M,Townhouse/ Row House,14,Toronto-Danforth
4716023,STR-2206-GQSKVG,452 Lansdowne Ave,,M6H,Single/Semi-detached House,9,Davenport
4716024,STR-2206-GXYKVH,151 Dan Leckie Way,341,M5V,Condominium,10,Spadina-Fort York
4716025,STR-2206-HGFKVJ,46 Clydesdale Dr,,M2J,Single/Semi-detached House,17,Don Valley North
4716026,STR-2206-FKHXVB,47 Katie Crt,Main,M6L,Single/Semi-detached House,5,York South-Weston
4716027,STR-2206-GJBXVF,267 Christie St,,M6G,Single/Semi-detached House,11,University-Rosedale
4716028,STR-2206-FTFKVC,361 Front St W,1502,M5V,Condominium,10,Spadina-Fort York
4716029,STR-2206-HXYKVL,350 Queens Quay W,1906,M5V,Apartment,10,Spadina-Fort York
4716030,STR-2206-GKHXVF,155 Legion Rd N,2712,M8Y,Condominium,3,Etobicoke-Lakeshore
4716031,STR-2206-HRHXVK,869 Coxwell Ave,,M4C,Single/Semi-detached House,19,Beaches-East York
4716032,STR-2206-FDZRVB,27 Ray Ave,,M6M,Duplex/Triplex/Fourplex,5,York South-Weston
4716033,STR-2206-GTGRVH,65 Turntable Cres,92,M6H,Townhouse/ Row House,9,Davenport
4716034,STR-2207-GTXDVH,14 York St,710,M5J,Condominium,10,Spadina-Fort York
4716035,STR-2207-HSRDVL,26 Fieldway Rd,42,M8Z,Condominium,3,Etobicoke-Lakeshore
4716036,STR-2207-GMGRVG,224 Hallam St,Main Floor,M6H,Duplex/Triplex/Fourplex,9,Davenport
4716037,STR-2207-HKZRVK,89 Dunfield Ave,504,M4S,Condominium,12,Toronto-St. Paul's
4716038,STR-2207-JBMRVM,36 St Paul St,,M5A,Single/Semi-detached House,13,Toronto Centre
4716039,STR-2207-FXKDVD,6 May Apple Ter,,M1E,Single/Semi-detached House,25,Scarborough-Rouge Park
4716040,STR-2207-HDKDVJ,192 Pacific Ave,,M6P,Single/Semi-detached House,4,Parkdale-High Park
4716041,STR-2207-JCDDVM,723 Cosburn Ave,Main,M4C,Single/Semi-detached House,19,Beaches-East York
4716042,STR-2207-FQTRVC,85 Porchester Dr,,M1J,Single/Semi-detached House,24,Scarborough-Guildwood
4716043,STR-2207-GPMRVG,151 Dan Leckie Way,205,M5V,Condominium,10,Spadina-Fort York
4716044,STR-2207-HMGRVK,78 Carr St,22,M5T,Condominium,10,Spadina-Fort York
4716045,STR-2207-HVMRVL,43 Meighen Ave,,M4B,Single/Semi-detached House,19,Beaches-East York
4716046,STR-2207-GGXDVF,24 Erindale Ave,,M4K,Single/Semi-detached House,14,Toronto-Danforth
4716047,STR-2207-HWDDVL,310 Robert St,,M5S,Single/Semi-detached House,11,University-Rosedale
4716048,STR-2207-FJTRVB,133 Port Royal Trl,,M1V,Single/Semi-detached House,23,Scarborough North
4716049,STR-2207-GQTRVG,251 Murray Ross Pkwy,,M3J,Single/Semi-detached House,7,Humber River-Black Creek
4716050,STR-2207-HPMRVK,12 Esgore Dr,,M5M,Single/Semi-detached House,8,Eglinton-Lawrence
4716051,STR-2207-JDZRVM,10 Park Lawn Rd,2506,M8V,Condominium,3,Etobicoke-Lakeshore
4716052,STR-2207-FSRDVC,2798 Eglinton Ave E,8,M1J,Townhouse/ Row House,21,Scarborough Centre
4716053,STR-2207-HQDDVK,151 Dan Leckie Way,756,M5V,Condominium,10,Spadina-Fort York
4716054,STR-2207-HXKDVL,54 Duncannon Dr,,M5P,Single/Semi-detached House,12,Toronto-St. Paul's
4716055,STR-2207-FTXDVC,300 Front St W,1602,M5V,Condominium,10,Spadina-Fort York
4716056,STR-2207-GCDDVD,288 Margueretta St,,M6H,Single/Semi-detached House,9,Davenport
4716057,STR-2207-HYRDVL,47 Bonnydon Cres,,M1B,Single/Semi-detached House,25,Scarborough-Rouge Park
4716058,STR-2207-GTHXVH,140 Simcoe St,1003,M5H,Condominium,10,Spadina-Fort York
4716059,STR-2207-GLSKVG,37 Ashburnham Rd,,M6H,Single/Semi-detached House,9,Davenport
4716060,STR-2207-FWVXVD,1824 Gerrard St E,,M4L,Single/Semi-detached House,19,Beaches-East York
4716061,STR-2207-GVPXVH,114 Denton Ave,,M1L,Single/Semi-detached House,20,Scarborough Southwest
4716062,STR-2207-FXLKVD,12 York St,2302,M5J,Condominium,10,Spadina-Fort York
4716063,STR-2207-GFSKVF,66 Lanark Ave,,M6E,Townhouse/ Row House,12,Toronto-St. Paul's
4716064,STR-2207-HDLKVJ,99 Westhumber Blvd,Lower,M9W,Duplex/Triplex/Fourplex,1,Etobicoke North
4716065,STR-2207-HTYKVL,26 Carus Ave,,M6G,Single/Semi-detached House,12,Toronto-St. Paul's
4716066,STR-2207-JCFKVM,50 West Ave,Basement,M4M,Single/Semi-detached House,14,Toronto-Danforth
4716067,STR-2207-FHPXVB,215 Fort York Blvd,3203,M5V,Condominium,10,Spadina-Fort York
4716068,STR-2207-FQVXVC,30 Breadner Dr,,M9R,Single/Semi-detached House,2,Etobicoke Centre
4716069,STR-2207-GGHXVF,24 Glenavy Ave,,M4P,Single/Semi-detached House,15,Don Valley West
4716070,STR-2207-HVPXVL,16 Lightbourn Ave,,M6H,Townhouse/ Row House,9,Davenport
4716071,STR-2207-JCVXVM,617 Wellington St W,,M5V,Townhouse/ Row House,10,Spadina-Fort York
4716072,STR-2207-FJFKVB,579A Kennedy Rd,,M1K,Duplex/Triplex/Fourplex,20,Scarborough Southwest
4716073,STR-2207-HFSKVJ,1 Shaw St,1029,M6K,Apartment,10,Spadina-Fort York
4716074,STR-2207-HMYKVK,560 Front St W,606,M5V,Condominium,10,Spadina-Fort York
4716075,STR-2207-HWVXVL,30 Western Battery Rd,329,M6K,Condominium,10,Spadina-Fort York
4716076,STR-2207-FSSKVC,62 Bellwoods Ave,,M6J,Single/Semi-detached House,10,Spadina-Fort York
4716077,STR-2207-FLXHHC,70 Borden St,,M5S,Townhouse/ Row House,11,University-Rosedale
4716078,STR-2207-FZYKVD,210 Victoria St,4008,M5B,Condominium,13,Toronto Centre
4716079,STR-2207-HQFKVK,41 Winter Ave,,M1K,Single/Semi-detached House,20,Scarborough Southwest
4716080,STR-2207-GBPXVD,26 Glacier Cres,,M1X,Single/Semi-detached House,23,Scarborough North
4716081,STR-2207-GZHXVH,151 Dan Leckie Way,608,M5V,Condominium,10,Spadina-Fort York
4716082,STR-2207-HQVXVK,30 Nelson St,1409,M5V,Condominium,10,Spadina-Fort York
4716083,STR-2207-FLSKVB,175 Lisgar St,,M6J,Single/Semi-detached House,9,Davenport
4716084,STR-2207-GCFKVD,300 Front St W,4002,M5V,Condominium,10,Spadina-Fort York
4716085,STR-2207-GZYKVH,915 King St W,303,M6K,Apartment,10,Spadina-Fort York
4716086,STR-2207-HJFKVJ,573 Conacher Dr,,M2M,Single/Semi-detached House,18,Willowdale
4716087,STR-2207-FFDDVB,14 York St,512,M5J,Condominium,10,Spadina-Fort York
4716088,STR-2207-FVRDVD,14 York St,908,M5J,Condominium,10,Spadina-Fort York
4716089,STR-2207-HZKDVM,50 Gillespie Ave,,M6N,Single/Semi-detached House,9,Davenport
4716090,STR-2207-FFTRVB,16 True Davidson Dr,,M4W,Single/Semi-detached House,11,University-Rosedale
4716091,STR-2207-GDMRVF,743 Manning Ave,,M6G,Single/Semi-detached House,11,University-Rosedale
4716092,STR-2207-HCGRVJ,168 Simcoe St,508,M5H,Condominium,10,Spadina-Fort York
4716093,STR-2207-HSTRVL,107 Rainier Sq,,M1T,Single/Semi-detached House,22,Scarborough-Agincourt
4716094,STR-2207-FGZRVB,56 Blandford St,,M6E,Single/Semi-detached House,12,Toronto-St. Paul's
4716095,STR-2207-FXMRVD,408 Brown's Line,206,M8W,Condominium,3,Etobicoke-Lakeshore
4716096,STR-2207-GWGRVH,35 Beatrice St,,M6J,Single/Semi-detached House,11,University-Rosedale
4716097,STR-2207-HLTRVK,200 Bogert Ave,Upper,M2N,Single/Semi-detached House,18,Willowdale
4716098,STR-2207-FYTRVD,88 Harbord St,Upper,M5S,Apartment,11,University-Rosedale
4716099,STR-2207-GGZRVF,154 Symington Ave,Basement,M6P,Single/Semi-detached House,9,Davenport
4716100,STR-2207-HMZRVK,14 York St,1605,M5J,Condominium,10,Spadina-Fort York
4716101,STR-2207-GYDDVH,73 Ellerbeck St,,M4K,Single/Semi-detached House,14,Toronto-Danforth
4716102,STR-2207-HGKDVJ,188 Cumberland St,1402,M5R,Condominium,11,University-Rosedale
4716103,STR-2207-FSTRVC,12 Hearthstone Cres,,M2R,Single/Semi-detached House,6,York Centre
4716104,STR-2207-GYTRVH,132 Ardwick Blvd,Main,M9M,Single/Semi-detached House,7,Humber River-Black Creek
4716105,STR-2207-GSDDVG,624 Shaw St,,M6G,Single/Semi-detached House,11,University-Rosedale
4716106,STR-2207-HHRDVJ,93 Springhurst Ave,,M6K,Single/Semi-detached House,4,Parkdale-High Park
4716107,STR-2207-HYDDVL,955 Bay St,2001,M5S,Condominium,13,Toronto Centre
4716108,STR-2207-FDQBHB,155 Yorkville Ave,1418,M5R,Condominium,11,University-Rosedale
4716109,STR-2207-GKQBHG,59 Ossington Ave,2,M6J,Apartment,10,Spadina-Fort York
4716110,STR-2207-GSWBHH,300 Front St W,2108,M5V,Apartment,10,Spadina-Fort York
4716111,STR-2207-GCYPHF,838 Sammon Ave,,M4C,Single/Semi-detached House,19,Beaches-East York
4716112,STR-2207-GTLPHH,28 Lippincott St,Main,M5T,Townhouse/ Row House,11,University-Rosedale
4716113,STR-2207-HBSPHJ,39 Sherbourne St,903,M5A,Condominium,13,Toronto Centre
4716114,STR-2207-FFWBHB,830 Dundas St W,2nd Floor,M6J,Apartment,11,University-Rosedale
4716115,STR-2207-FPCBHC,300 Front St W,803,M5V,Apartment,10,Spadina-Fort York
4716116,STR-2207-GLWBHG,11 Livingstone Ave,,M6E,Single/Semi-detached House,8,Eglinton-Lawrence
4716117,STR-2207-GFFPHF,37 Firgrove Cres,20,M3N,Townhouse/ Row House,7,Humber River-Black Creek
4716118,STR-2207-JCJBHM,10 Capreol Crt,1009,M5V,Condominium,10,Spadina-Fort York
4716119,STR-2207-FHSPHB,108 Hertle Ave,,M4L,Single/Semi-detached House,14,Toronto-Danforth
4716120,STR-2207-FQYPHC,300 Front St W,4801,M5V,Condominium,10,Spadina-Fort York
4716121,STR-2207-FYFPHD,10 Walmer Rd,303,M5R,Apartment,11,University-Rosedale
4716122,STR-2207-GWYPHH,80 Western Battery Rd,1013,M6K,Condominium,10,Spadina-Fort York
4716123,STR-2207-HMLPHK,68 Carr St,16,M5T,Townhouse/ Row House,10,Spadina-Fort York
4716124,STR-2207-HPCBHK,8 Gladstone Ave,705,M6J,Condominium,9,Davenport
4716125,STR-2207-FJYPHB,12 Norwin St,,M2M,Single/Semi-detached House,18,Willowdale
4716126,STR-2207-HPSPHK,667 Eglinton Ave E,,M4G,Single/Semi-detached House,15,Don Valley West
4716127,STR-2207-HWYPHL,20 Shore Breeze Dr,223,M8V,Condominium,3,Etobicoke-Lakeshore
4716128,STR-2207-GBCBHD,30 Berkindale Dr,,M2L,Single/Semi-detached House,15,Don Valley West
4716129,STR-2207-HHCBHJ,588 Yonge St,3,M4Y,Apartment,13,Toronto Centre
4716130,STR-2207-FLFPHB,164 Alton Ave,,M4L,Single/Semi-detached House,14,Toronto-Danforth
4716131,STR-2207-JGLPHM,14 York St,5906,M5J,Condominium,10,Spadina-Fort York
4716132,STR-2207-FDRHHB,101 Reiner Rd,,M3H,Single/Semi-detached House,6,York Centre
4716133,STR-2207-HJKHHK,433 Roxton Rd,2,M6G,Single/Semi-detached House,11,University-Rosedale
4716134,STR-2207-GCZVHF,39 Lankin Blvd,,M4J,Single/Semi-detached House,14,Toronto-Danforth
4716135,STR-2207-GLGVHG,12 York St,3307,M5J,Condominium,10,Spadina-Fort York
4716136,STR-2207-GLXHHG,3091 Dufferin St,828,M6A,Condominium,8,Eglinton-Lawrence
4716137,STR-2207-FPTVHC,210 Victoria St,3013,M5B,Condominium,13,Toronto Centre
4716138,STR-2207-HBWBHJ,93 Ashbourne Dr,,M9B,Single/Semi-detached House,2,Etobicoke Centre
4716139,STR-2207-HTMVHL,161 Euclid Ave,,M6J,Single/Semi-detached House,10,Spadina-Fort York
4716140,STR-2207-HDRHHJ,955 Bay St,3806,M5S,Condominium,13,Toronto Centre
4716141,STR-2207-HLXHHK,389 Lansdowne Ave,,M6H,Single/Semi-detached House,9,Davenport
4716142,STR-2207-HMMVHK,219 Fort York Blvd,1804,M5V,Condominium,10,Spadina-Fort York
4716143,STR-2207-HFXHHJ,51 Jefferson Ave,102,M6K,Apartment,10,Spadina-Fort York
4716144,STR-2207-FJZVHB,204 Bogert Ave,,M2N,Single/Semi-detached House,18,Willowdale
4716145,STR-2207-HWZVHL,301 Dudley Ave,,M2N,Single/Semi-detached House,18,Willowdale
4716146,STR-2207-JFGVHM,10 Macey Ave,809,M1L,Apartment,20,Scarborough Southwest
4716147,STR-2207-GBDHHD,10 Park Lawn Rd,3309,M8V,Condominium,3,Etobicoke-Lakeshore
4716148,STR-2207-GRRHHG,25 Stafford St,408,M5V,Condominium,10,Spadina-Fort York
4716149,STR-2207-FTMVHC,85 Penmarric Pl,,M1V,Single/Semi-detached House,23,Scarborough North
4716150,STR-2207-GZMVHH,9 Henderson Ave,,M6J,Single/Semi-detached House,11,University-Rosedale
4716151,STR-2207-HHTVHJ,266 Gowan Ave,,M4J,Single/Semi-detached House,14,Toronto-Danforth
4716152,STR-2207-HQZVHK,1531 Islington Ave,,M9A,Single/Semi-detached House,2,Etobicoke Centre
4716153,STR-2207-FLYPHC,352 Front St W,814,M5V,Condominium,10,Spadina-Fort York
4716154,STR-2207-GKSPHG,209 Fort York Blvd,957,M5V,Condominium,10,Spadina-Fort York
4716155,STR-2207-HBFPHJ,109A Robinson Ave,,M1L,Single/Semi-detached House,20,Scarborough Southwest
4716156,STR-2207-HJLPHK,305 St George St,Upper,M5R,Single/Semi-detached House,11,University-Rosedale
4716157,STR-2207-FMQBHC,56 Houston Cres,,M2J,Single/Semi-detached House,17,Don Valley North
4716158,STR-2207-GVFPHH,65 Bremner Blvd,4507,M5J,Condominium,10,Spadina-Fort York
4716159,STR-2207-JBFPHM,252 Royal York Rd,211,M8V,Townhouse/ Row House,3,Etobicoke-Lakeshore
4716160,STR-2207-HLJBHK,106 Mountview Ave,BSMT,M6P,Single/Semi-detached House,4,Parkdale-High Park
4716161,STR-2207-JCLPHM,300 Front St W,310,M5V,Condominium,10,Spadina-Fort York
4716162,STR-2207-GPWBHG,536 Bathurst St,Upper,M5S,Duplex/Triplex/Fourplex,11,University-Rosedale
4716163,STR-2207-GHFPHF,29 Esther Lorrie Dr,,M9W,Single/Semi-detached House,1,Etobicoke North
4716164,STR-2208-HPWBHK,87 Peter St,3710,M5V,Condominium,10,Spadina-Fort York
4716165,STR-2208-GJLPHF,84 Edith Dr,Main Unit,M4R,Single/Semi-detached House,8,Eglinton-Lawrence
4716166,STR-2208-GYYPHH,725 Dupont St,Main,M6G,Single/Semi-detached House,11,University-Rosedale
4716167,STR-2208-FLJBHB,300 Front St W,407,M5V,Condominium,10,Spadina-Fort York
4716168,STR-2208-FZCBHD,478 Bloor St W,1,M5S,Apartment,11,University-Rosedale
4716169,STR-2208-GSZVHH,397 Front St W,2712,M5V,Condominium,10,Spadina-Fort York
4716170,STR-2208-HBGVHJ,443 St Clarens Ave,,M6H,Single/Semi-detached House,9,Davenport
4716171,STR-2208-GDDHHF,25 Lappin Ave,,M6H,Single/Semi-detached House,9,Davenport
4716172,STR-2208-HBXHHJ,103 Palmerston Ave,,M6J,Single/Semi-detached House,10,Spadina-Fort York
4716173,STR-2208-HKDHHK,489 Ontario St,,M4X,Single/Semi-detached House,13,Toronto Centre
4716174,STR-2208-HSKHHL,858 Danforth Rd,,M1K,Single/Semi-detached House,20,Scarborough Southwest
4716175,STR-2208-FFZVHB,51 Morewood Cres,,M2K,Single/Semi-detached House,17,Don Valley North
4716176,STR-2208-GLZVHG,61 St Georges Blvd,,M9R,Single/Semi-detached House,1,Etobicoke North
4716177,STR-2208-GVGVHH,21 Iceboat Ter,1709,M5V,Condominium,10,Spadina-Fort York
4716178,STR-2208-HKTVHK,257 Perth Ave,Upper,M6P,Single/Semi-detached House,9,Davenport
4716179,STR-2208-HSZVHL,21 Iceboat Ter,2815,M5V,Condominium,10,Spadina-Fort York
4716180,STR-2208-JBXHHM,53 Lilian Dr,,M1R,Single/Semi-detached House,21,Scarborough Centre
4716181,STR-2208-FQMVHC,151 Chaplin Cres,,M5P,Single/Semi-detached House,12,Toronto-St. Paul's
4716182,STR-2208-GPGVHG,325 Carlton St,,M5A,Single/Semi-detached House,13,Toronto Centre
4716183,STR-2208-HDTVHJ,33 Iceboat Ter,G19,M5V,Condominium,10,Spadina-Fort York
4716184,STR-2208-GPXHHG,94 Geoffrey St,,M6R,Single/Semi-detached House,4,Parkdale-High Park
4716185,STR-2208-HPGVHK,155 Yorkville Ave,2716,M5R,Condominium,11,University-Rosedale
4716186,STR-2208-JDTVHM,29 Clissold Rd,Unit B,M8Z,Single/Semi-detached House,3,Etobicoke-Lakeshore
4716187,STR-2208-FZRHHD,497 Warden Ave,,M1L,Single/Semi-detached House,20,Scarborough Southwest
4716188,STR-2208-GYKHHH,238 Horsham Ave,,M2N,Single/Semi-detached House,18,Willowdale
4716189,STR-2208-GBGVHD,879 St Clair Ave W,Unit 1,M6C,Apartment,9,Davenport
4716190,STR-2208-GYZVHH,24 Coe Hill Dr,,M6S,Single/Semi-detached House,4,Parkdale-High Park
4716191,STR-2208-FLKHHB,160 Margueretta St,Upstairs,M6H,Single/Semi-detached House,9,Davenport
4716192,STR-2208-HBJBHJ,116 Seventh St,,M8V,Single/Semi-detached House,3,Etobicoke-Lakeshore
4716193,STR-2208-HRWBHL,1109 Ossington Ave,,M6G,Single/Semi-detached House,12,Toronto-St. Paul's
4716194,STR-2208-HKFPHK,172 Old Sheppard Ave,,M2J,Single/Semi-detached House,17,Don Valley North
4716195,STR-2208-GMCBHG,636 Evans Ave,2,M8W,Single/Semi-detached House,3,Etobicoke-Lakeshore
4716196,STR-2208-HTCBHL,56 Peterborough Ave,,M6H,Single/Semi-detached House,9,Davenport
4716197,STR-2208-JBJBHM,172 Alfred Ave,,M2N,Single/Semi-detached House,18,Willowdale
4716198,STR-2208-HLLPHK,82 Lincoln Ave,,M6S,Single/Semi-detached House,4,Parkdale-High Park
4716199,STR-2208-HTSPHL,80 Dallimore Crcl,,M3C,Townhouse/ Row House,16,Don Valley East
4716200,STR-2208-FXWBHD,42 Melville Ave,,M6G,Single/Semi-detached House,11,University-Rosedale
4716201,STR-2208-HMCBHK,100B Seventeenth St,,M8V,Single/Semi-detached House,3,Etobicoke-Lakeshore
4716202,STR-2208-FYLPHD,43 Hillsboro Ave,3,M5R,Apartment,11,University-Rosedale
4716203,STR-2208-HVYPHL,3022 BAYVIEW AVE,,M2N,Single/Semi-detached House,18,Willowdale
4716204,STR-2208-GQQBHG,185 Torresdale Ave,,M2R,Single/Semi-detached House,6,York Centre
4716205,STR-2208-HPJBHK,8 Wellesley St E,7,M4Y,Condominium,13,Toronto Centre
4716206,STR-2208-HWQBHL,120 Homewood Ave,1108,M4Y,Condominium,13,Toronto Centre
4716207,STR-2208-JFLPHM,321 Sherbourne St,409,M5A,Apartment,13,Toronto Centre
4716208,STR-2208-JGCBHM,77 Maitland Pl,601,M4Y,Condominium,13,Toronto Centre
4716209,STR-2208-FTSPHC,110 Winnett Ave,,M6C,Single/Semi-detached House,12,Toronto-St. Paul's
4716210,STR-2208-GKFPHF,66 Rosemount Ave,,M9N,Single/Semi-detached House,5,York South-Weston
4716211,STR-2208-HHYPHJ,83 Mondeo Dr,121,M1P,Townhouse/ Row House,21,Scarborough Centre
4716212,STR-2208-GKXHHG,119 McGill St,Upper,M5B,Duplex/Triplex/Fourplex,13,Toronto Centre
4716213,STR-2208-FMTVHC,236 Lauder Ave,,M6E,Single/Semi-detached House,9,Davenport
4716214,STR-2208-FWRHHD,117 William Duncan Rd,,M3K,Townhouse/ Row House,6,York Centre
4716215,STR-2208-GFMVHF,300 Front St W,3404,M5V,Condominium,10,Spadina-Fort York
4716216,STR-2208-GMTVHG,30 Canerouth Dr,,M9C,Single/Semi-detached House,2,Etobicoke Centre
4716217,STR-2208-FHKHHB,426 Queen St E,206,M5A,Apartment,13,Toronto Centre
4716218,STR-2208-GWRHHH,21 Montrose Ave,Basement,M6J,Single/Semi-detached House,11,University-Rosedale
4716219,STR-2208-GGTVHF,280 Woburn Ave,,M5M,Single/Semi-detached House,8,Eglinton-Lawrence
4716220,STR-2208-HFMVHJ,481 Concord Ave,,M6H,Single/Semi-detached House,9,Davenport
4716221,STR-2208-FRXHHC,12 Glenavon Rd,1,M6K,Single/Semi-detached House,4,Parkdale-High Park
4716222,STR-2208-FZDHHD,24 Westbrook Ave,,M4C,Single/Semi-detached House,19,Beaches-East York
4716223,STR-2208-GHKHHF,48 Commonwealth Ave,,M1K,Single/Semi-detached House,20,Scarborough Southwest
4716224,STR-2208-HZFPHM,62 Marion St,Upper,M6R,Single/Semi-detached House,4,Parkdale-High Park
4716225,STR-2208-FZTVHD,27 Dixon Rd,,M9P,Single/Semi-detached House,2,Etobicoke Centre
4716226,STR-2208-GRGVHG,11 Jacinta Dr,,M6L,Single/Semi-detached House,5,York South-Weston
4716227,STR-2208-HPZVHK,100 Dupont St,2,M5R,Townhouse/ Row House,11,University-Rosedale
4716228,STR-2208-JFMVHM,8 Ferndale Ave,,M4T,Single/Semi-detached House,12,Toronto-St. Paul's
4716229,STR-2208-HRGVHK,67 Frater Ave,,M4C,Single/Semi-detached House,19,Beaches-East York
4716230,STR-2208-JGTVHM,31 Lewis St,2,M4M,Single/Semi-detached House,14,Toronto-Danforth
4716231,STR-2208-GCSPHF,221 Sterling Rd,16,M6R,Apartment,9,Davenport
4716232,STR-2208-HBLPHJ,12 York St,2907,M5J,Condominium,10,Spadina-Fort York
4716233,STR-2208-FWSPHD,21 Iceboat Ter,825,M5V,Condominium,10,Spadina-Fort York
4716234,STR-2208-GDYPHF,60 Thomas Mulholland Dr,3,M3K,Townhouse/ Row House,6,York Centre
4716235,STR-2208-FQCBHC,165 Legion Rd N,522,M8Y,Condominium,3,Etobicoke-Lakeshore
4716236,STR-2208-JCCBHM,208 North Carson St,2,M8W,Single/Semi-detached House,3,Etobicoke-Lakeshore
4716237,STR-2208-FHLPHB,118 Lisgar St,Upper Floor,M6J,Townhouse/ Row House,9,Davenport
4716238,STR-2208-FQSPHC,105 George St,1505,M5A,Condominium,13,Toronto Centre
4716239,STR-2208-FXYPHD,49 Westlake Cres,,M4C,Single/Semi-detached House,19,Beaches-East York
4716240,STR-2208-GGFPHF,122 Darlingside Dr,,M1E,Single/Semi-detached House,25,Scarborough-Rouge Park
4716241,STR-2208-GWSPHH,106 Berkeley St,,M5A,Townhouse/ Row House,13,Toronto Centre
4716242,STR-2208-HDYPHJ,39 Woodcrest Dr,,M9A,Single/Semi-detached House,2,Etobicoke Centre
4716243,STR-2208-JDJBHM,11 Fulford Pl,,M9R,Single/Semi-detached House,2,Etobicoke Centre
4716244,STR-2208-FKJBHB,78 William Durie Way,,M2R,Single/Semi-detached House,18,Willowdale
4716245,STR-2208-FSQBHC,80 Grandravine Dr,812,M3J,Condominium,7,Humber River-Black Creek
4716246,STR-2208-FZWBHD,568 Dovercourt Rd,,M6H,Single/Semi-detached House,9,Davenport
4716247,STR-2208-GRJBHG,6 Rolyat St,C,M6J,Single/Semi-detached House,10,Spadina-Fort York
4716248,STR-2208-JFQBHM,955 Bay St,3118,M5S,Condominium,13,Toronto Centre
4716249,STR-2208-HXYPHL,25 Turntable Cres,125,M6H,Townhouse/ Row House,9,Davenport
4716250,STR-2208-FLQBHB,68 Woodbine Ave,,M4L,Townhouse/ Row House,19,Beaches-East York
4716251,STR-2208-HYQBHL,317 Murray Ross Pkwy,,M3J,Single/Semi-detached House,7,Humber River-Black Creek
4716252,STR-2208-FMGVHC,2 Ollerton Rd,,M3J,Single/Semi-detached House,7,Humber River-Black Creek
4716253,STR-2208-FVMVHD,53 Adamede Cres,,M2H,Single/Semi-detached House,17,Don Valley North
4716254,STR-2208-FMXHHC,181 Cottonwood Dr,,M3C,Single/Semi-detached House,16,Don Valley East
4716255,STR-2208-GTXHHH,38 Weatherell St,,M6S,Single/Semi-detached House,4,Parkdale-High Park
4716256,STR-2208-HCDHHJ,300 Front St W,3810,M5V,Condominium,10,Spadina-Fort York
4716257,STR-2208-HSRHHL,16 Crowfoot Pl,,M1W,Single/Semi-detached House,22,Scarborough-Agincourt
4716258,STR-2208-GMGVHG,12 Geoffrey St,,M6R,Townhouse/ Row House,4,Parkdale-High Park
4716259,STR-2208-HCTVHJ,499 Palmerston Blvd,Upper,M6G,Single/Semi-detached House,11,University-Rosedale
4716260,STR-2208-HTGVHL,300 Front St W,2612,M5V,Condominium,10,Spadina-Fort York
4716261,STR-2208-FQDHHC,71 Haynes Ave,,M3J,Single/Semi-detached House,7,Humber River-Black Creek
4716262,STR-2208-FXKHHD,23 Pitt Ave,,M1L,Single/Semi-detached House,20,Scarborough Southwest
4716263,STR-2208-GMXHHG,19 Harlton Cres,,M6M,Single/Semi-detached House,5,York South-Weston
4716264,STR-2208-FRKHHC,565 Sherbourne St,1911,M4X,Apartment,13,Toronto Centre
4716265,STR-2208-HFRHHJ,8 Wellesley St E,509,M4Y,Condominium,13,Toronto Centre
4716266,STR-2208-HGGVHJ,2191 Yonge St,906,M4S,Condominium,12,Toronto-St. Paul's
4716267,STR-2208-GJDHHF,98 Burbank Dr,,M2K,Single/Semi-detached House,17,Don Valley North
4716268,STR-2208-GZXHHH,86 Exford Dr,,M1P,Single/Semi-detached House,21,Scarborough Centre
4716269,STR-2208-FKZVHB,31 Cloverhill Rd,,M8Y,Single/Semi-detached House,3,Etobicoke-Lakeshore
4716270,STR-2208-HHMVHJ,9 John Graham Crt,,M1B,Single/Semi-detached House,25,Scarborough-Rouge Park
4716271,STR-2208-HQTVHK,249 Harbord St,1,M6G,Duplex/Triplex/Fourplex,11,University-Rosedale
4716272,STR-2208-HJDHHJ,14 Trenton Ter,,M6K,Townhouse/ Row House,4,Parkdale-High Park
4716273,STR-2208-HRKHHK,1201 Pharmacy Ave,,M1R,Single/Semi-detached House,21,Scarborough Centre
4716274,STR-2208-FMJBHC,270 Wellington St W,811,M5V,Condominium,10,Spadina-Fort York
4716275,STR-2208-GTJBHH,94 Snowhill Cres,,M1S,Single/Semi-detached House,23,Scarborough North
4716276,STR-2208-HJWBHK,560 Ontario St,,M4X,Townhouse/ Row House,13,Toronto Centre
4716277,STR-2208-FWWBHD,208 Queens Quay W,808,M5J,Condominium,10,Spadina-Fort York
4716278,STR-2209-HTJBHL,298 Huntsmill Blvd,,M1W,Single/Semi-detached House,22,Scarborough-Agincourt
4716279,STR-2209-HLSPHK,101 McGill St,4,M5B,Townhouse/ Row House,13,Toronto Centre
4716280,STR-2209-FYCBHD,33 Avon Ave,,M6N,Single/Semi-detached House,5,York South-Weston
4716281,STR-2209-GGJBHF,1 Conan Rd,,M9W,Single/Semi-detached House,1,Etobicoke North
4716282,STR-2209-HMJBHK,34 Rushbrooke Ave,,M4M,Single/Semi-detached House,14,Toronto-Danforth
4716283,STR-2209-JCWBHM,14 York St,3207,M5J,Condominium,10,Spadina-Fort York
4716284,STR-2209-GGYPHF,155 Yorkville Ave,1016,M5R,Condominium,11,University-Rosedale
4716285,STR-2209-GXLPHH,60 Churchill Ave,2,M6J,Duplex/Triplex/Fourplex,9,Davenport
4716286,STR-2209-FJWBHB,1 Frater Ave,,M4C,Single/Semi-detached House,19,Beaches-East York
4716287,STR-2209-HPQBHK,867 Wilson Ave,2A,M3K,Townhouse/ Row House,6,York Centre
4716288,STR-2209-GJFPHF,64 Elderwood Dr,2,M5P,Duplex/Triplex/Fourplex,12,Toronto-St. Paul's
4716289,STR-2209-HXLPHL,227 Spadina Rd,2nd Floor,M5R,Duplex/Triplex/Fourplex,11,University-Rosedale
4716290,STR-2209-FLSPHB,879 Cosburn Ave,,M4C,Single/Semi-detached House,19,Beaches-East York
4716291,STR-2209-HBRHHJ,84 Watson St,Basement,M1C,Single/Semi-detached House,25,Scarborough-Rouge Park
4716292,STR-2209-FWGVHD,20 Snowy Owl Way,,M1X,Single/Semi-detached House,23,Scarborough North
4716293,STR-2209-GTZVHH,649 Manning Ave,,M6G,Single/Semi-detached House,11,University-Rosedale
4716294,STR-2209-HZZVHM,55 Bremner Blvd,4501,M5J,Condominium,10,Spadina-Fort York
4716295,STR-2209-HTKHHL,208 Queens Quay W,3005,M5J,Condominium,10,Spadina-Fort York
4716296,STR-2209-FXMVHD,3 Edilou Dr,,M8W,Single/Semi-detached House,3,Etobicoke-Lakeshore
4716297,STR-2209-FHRHHB,80 Western Battery Rd,2111,M6K,Condominium,10,Spadina-Fort York
4716298,STR-2209-GGKHHF,463 Shuter St,,M5A,Townhouse/ Row House,13,Toronto Centre
4716299,STR-2209-GPRHHG,36 Robinson St,A,M6J,Duplex/Triplex/Fourplex,10,Spadina-Fort York
4716300,STR-2209-GWXHHH,130 Baldwin St,2,M5T,Townhouse/ Row House,11,University-Rosedale
4716301,STR-2209-HVRHHL,50 Roseheath Ave,,M4C,Single/Semi-detached House,19,Beaches-East York
4716302,STR-2209-JCXHHM,46 Spruce Hill Rd,,M4E,Single/Semi-detached House,19,Beaches-East York
4716303,STR-2209-JDMVHM,94 George Anderson Dr,,M6M,Single/Semi-detached House,5,York South-Weston
4716304,STR-2209-FJXHHB,8 Charlotte St,2608,M5V,Condominium,10,Spadina-Fort York
4716305,STR-2209-GQXHHG,165 Legion Rd N,2730,M8Y,Condominium,3,Etobicoke-Lakeshore
4716306,STR-2209-GYDHHH,215 Fort York Blvd,1907,M5V,Condominium,10,Spadina-Fort York
4716307,STR-2209-HWXHHL,1191 Pharmacy Ave,,M1R,Single/Semi-detached House,21,Scarborough Centre
4716308,STR-2209-GYTVHH,50 Griggsden Ave,,M9P,Single/Semi-detached House,2,Etobicoke Centre
4716309,STR-2209-FLDHHB,18 Yonge St,2309,M5E,Condominium,10,Spadina-Fort York
4716310,STR-2209-JGKHHM,122 Silverhill Dr,,M9B,Single/Semi-detached House,3,Etobicoke-Lakeshore
4716311,STR-2209-HRMVHK,189 Kingsview Blvd,,M9R,Single/Semi-detached House,1,Etobicoke North
4716312,STR-2209-JGZVHM,22 Kamloops Dr,,M2J,Single/Semi-detached House,17,Don Valley North
4716313,STR-2209-GCJDVF,921 Woodbine Ave,BSMT,M4C,Single/Semi-detached House,19,Beaches-East York
4716314,STR-2209-FVSRVD,40 Carnation Ave,111,M8V,Townhouse/ Row House,3,Etobicoke-Lakeshore
4716315,STR-2209-HZLRVM,9 Maypole St,,M9B,Single/Semi-detached House,3,Etobicoke-Lakeshore
4716316,STR-2209-FWJDVD,101 Peter St,2403,M5V,Condominium,10,Spadina-Fort York
4716317,STR-2209-GLWDVG,54 Rangoon Rd,,M9C,Single/Semi-detached House,2,Etobicoke Centre
4716318,STR-2209-FPSRVC,650 Parliament St,1216,M4X,Apartment,13,Toronto Centre
4716319,STR-2209-GVSRVH,241 Lee Ave,,M4E,Single/Semi-detached House,19,Beaches-East York
4716320,STR-2209-HTLRVL,7 Gwynne Ave,B,M6K,Townhouse/ Row House,4,Parkdale-High Park
4716321,STR-2209-FQJDVC,14 York St,4302,M5J,Condominium,10,Spadina-Fort York
4716322,STR-2209-GWJDVH,295 Waverley Rd,Main Unit,M4L,Duplex/Triplex/Fourplex,19,Beaches-East York
4716323,STR-2209-GGLRVF,53 Hazelton Ave,,M5R,Single/Semi-detached House,11,University-Rosedale
4716324,STR-2209-FJJDVB,123 Strathcona Ave,5,M4J,Townhouse/ Row House,14,Toronto-Danforth
4716325,STR-2209-FRQDVC,15 Iceboat Ter,1706,M5V,Condominium,10,Spadina-Fort York
4716326,STR-2209-FSFRVC,15 Iceboat Terr,Ph11,M5V,Condominium,10,Spadina-Fort York
4716327,STR-2209-GYFRVH,559 Delaware Ave N,Ground Floor,M6H,Single/Semi-detached House,9,Davenport
4716328,STR-2209-FSWDVC,81 Byng Ave,,M1L,Single/Semi-detached House,20,Scarborough Southwest
4716329,STR-2209-GRQDVG,248 Dovercourt Rd,BSMT,M6J,Duplex/Triplex/Fourplex,9,Davenport
4716330,STR-2209-JFWDVM,52 Balfour Ave,,M4C,Townhouse/ Row House,19,Beaches-East York
4716331,STR-2209-JGLRVM,95 Bathurst St,1404,M5V,Condominium,10,Spadina-Fort York
4716332,STR-2209-FDRKVB,93 Dearbourne Ave,,M4K,Single/Semi-detached House,14,Toronto-Danforth
4716333,STR-2209-HBDKVJ,28 Linden St,1906,M4Y,Condominium,13,Toronto Centre
4716334,STR-2209-HRRKVL,7 Craven Rd,Main Unit,M4L,Single/Semi-detached House,14,Toronto-Danforth
4716335,STR-2209-FVTXVD,101 Glen Long Ave,,M6B,Single/Semi-detached House,8,Eglinton-Lawrence
4716336,STR-2209-GLGXVG,117 Sheridan Ave,1,M6K,Single/Semi-detached House,9,Davenport
4716337,STR-2209-FFXKVB,74 Dale Ave,,M4W,Single/Semi-detached House,11,University-Rosedale
4716338,STR-2209-HSXKVL,33 Westlake Ave,,M4C,Single/Semi-detached House,19,Beaches-East York
4716339,STR-2209-FWZXVD,8 Wellesley St E,501,M4Y,Condominium,13,Toronto Centre
4716340,STR-2209-GMMXVG,300 Front St W,3806,M5V,Condominium,10,Spadina-Fort York
4716341,STR-2209-HDRKVJ,95 Green Meadows Crcl,,M2J,Single/Semi-detached House,17,Don Valley North
4716342,STR-2209-HVDKVL,36 Milton St,,M8Y,Single/Semi-detached House,3,Etobicoke-Lakeshore
4716343,STR-2209-FHTXVB,16 Brightview Cres,,M1E,Single/Semi-detached House,25,Scarborough-Rouge Park
4716344,STR-2209-GQKKVG,35 Kenneth Ave,,M2N,Single/Semi-detached House,18,Willowdale
4716345,STR-2209-HGMXVJ,151 Dan Leckie Way,615,M5V,Condominium,10,Spadina-Fort York
4716346,STR-2209-GJKKVF,22 Western Battery Rd,122,M6K,Townhouse/ Row House,10,Spadina-Fort York
4716347,STR-2209-GRRKVG,117 Falstaff Ave,,M6L,Single/Semi-detached House,5,York South-Weston
4716348,STR-2209-HXRKVL,21 Orchard Park Blvd,,M4L,Single/Semi-detached House,19,Beaches-East York
4716349,STR-2209-JFXKVM,37 St Andrews Blvd,,M9R,Single/Semi-detached House,1,Etobicoke North
4716350,STR-2209-FLGXVB,50 Foxbar Rd,,M4V,Single/Semi-detached House,12,Toronto-St. Paul's
4716351,STR-2209-GSGXVG,10 Oakfield Dr,,M8Y,Single/Semi-detached House,3,Etobicoke-Lakeshore
4716352,STR-2209-HQZXVK,16 Mallon Ave,,M4M,Single/Semi-detached House,14,Toronto-Danforth
4716353,STR-2209-FDSRVB,58 Langside Ave,Upper,M9N,Single/Semi-detached House,5,York South-Weston
4716354,STR-2209-GSYRVH,82 Lansdowne Ave,,M6K,Townhouse/ Row House,4,Parkdale-High Park
4716355,STR-2209-HBFRVJ,17 Purdon Dr,,M3H,Single/Semi-detached House,6,York Centre
4716356,STR-2209-HRSRVL,436 Clinton St,Laneway House,M6G,Single/Semi-detached House,11,University-Rosedale
4716357,STR-2209-GTQDVH,32 Alma Ave,1,M6J,Single/Semi-detached House,9,Davenport
4716358,STR-2209-HBWDVJ,50 Medford Ave,,M1L,Single/Semi-detached House,20,Scarborough Southwest
4716359,STR-2209-GDSRVF,350 Queens Quay W,2112,M5V,Apartment,10,Spadina-Fort York
4716360,STR-2209-GPFRVG,14 York St,6303,M5J,Condominium,10,Spadina-Fort York
4716361,STR-2209-HDSRVJ,100 Gloucester St,901,M4Y,Apartment,13,Toronto Centre
4716362,STR-2209-HLYRVK,1 Ketchum Pl,,M1V,Single/Semi-detached House,23,Scarborough North
4716363,STR-2209-JCLRVM,91 Hove St,,M3H,Single/Semi-detached House,6,York Centre
4716364,STR-2209-GHWDVF,43 Cecil St,A,M5T,Duplex/Triplex/Fourplex,11,University-Rosedale
4716365,STR-2209-FJLRVB,345 McKee Ave,,M2N,Single/Semi-detached House,18,Willowdale
4716366,STR-2209-GRCDVG,64 Hillside Dr,,M4K,Single/Semi-detached House,14,Toronto-Danforth
4716367,STR-2209-GRSRVG,4645 Jane St,1101,M3N,Condominium,7,Humber River-Black Creek
4716368,STR-2209-HQLRVK,32 Albani St,,M8V,Single/Semi-detached House,3,Etobicoke-Lakeshore
4716369,STR-2209-GBWDVD,120 Homewood Ave,116,M4Y,Condominium,13,Toronto Centre
4716370,STR-2209-HHWDVJ,117 Meadowcliffe Dr,,M1M,Single/Semi-detached House,20,Scarborough Southwest
4716371,STR-2209-HYJDVL,21 Iceboat Ter,723,M5V,Condominium,10,Spadina-Fort York
4716372,STR-2209-JGQDVM,567 Craven Rd,,M4L,Single/Semi-detached House,14,Toronto-Danforth
4716373,STR-2209-FLZXVC,30 Nelson St,14,M5V,Townhouse/ Row House,10,Spadina-Fort York
4716374,STR-2209-FVGXVD,250 Major St,2,M5S,Duplex/Triplex/Fourplex,11,University-Rosedale
4716375,STR-2210-GKTXVG,300 Front St W,3502,M5V,Condominium,10,Spadina-Fort York
4716376,STR-2210-HBGXVJ,350 Horsham Ave,,M2R,Single/Semi-detached House,18,Willowdale
4716377,STR-2210-FMRKVC,16 Burlington St,,M8V,Single/Semi-detached House,3,Etobicoke-Lakeshore
4716378,STR-2210-GDDKVF,56 Avonlea Blvd,,M4C,Single/Semi-detached House,19,Beaches-East York
4716379,STR-2210-GLKKVG,151 Dawes Rd,,M4C,Single/Semi-detached House,19,Beaches-East York
4716380,STR-2210-HZRKVM,757 Huntingwood Dr,,M1T,Single/Semi-detached House,22,Scarborough-Agincourt
4716381,STR-2210-GDTXVF,35 Orpington Cres,,M9V,Single/Semi-detached House,1,Etobicoke North
4716382,STR-2210-HCMXVJ,87 Pintail Cres,BSMT,M3A,Duplex/Triplex/Fourplex,16,Don Valley East
4716383,STR-2210-HKTXVK,255 Homewood Ave,,M2R,Single/Semi-detached House,18,Willowdale
4716384,STR-2210-HSZXVL,1501 Woodbine Ave,804,M4C,Apartment,19,Beaches-East York
4716385,STR-2210-GFKKVF,44 Barkwood Cres,,M2H,Single/Semi-detached House,17,Don Valley North
4716386,STR-2210-GMRKVG,215 Fort York Blvd,2010,M5V,Condominium,10,Spadina-Fort York
4716387,STR-2210-GVXKVH,1706 Gerrard St E,,M4L,Single/Semi-detached House,19,Beaches-East York
4716388,STR-2210-FHGXVB,12 York St,4203,M5J,Condominium,10,Spadina-Fort York
4716389,STR-2210-FXTXVD,133 Brooklawn Ave,Main Fl,M1M,Single/Semi-detached House,20,Scarborough Southwest
4716390,STR-2210-GFZXVF,148 Pleasant Ave,,M2M,Single/Semi-detached House,18,Willowdale
4716391,STR-2210-GWMXVH,832 Bay St,1506,M5S,Condominium,11,University-Rosedale
4716392,STR-2210-HDTXVJ,153 Denison Ave,,M5T,Townhouse/ Row House,11,University-Rosedale
4716393,STR-2210-HLZXVK,8 Flagler St,,M4X,Townhouse/ Row House,13,Toronto Centre
4716394,STR-2210-GPXKVG,14 York St,1108,M5J,Condominium,10,Spadina-Fort York
4716395,STR-2210-GXDKVH,98 Lloyd Manor Rd,,M9B,Single/Semi-detached House,2,Etobicoke Centre
4716396,STR-2210-HFKKVJ,155 Downsview Park Blvd,115,M3K,Townhouse/ Row House,6,York Centre
4716397,STR-2210-GXTXVH,11 Abbs St,,M6K,Single/Semi-detached House,4,Parkdale-High Park
4716398,STR-2210-HFZXVJ,151 Dan Leckie Way,210,M5V,Condominium,10,Spadina-Fort York
4716399,STR-2210-HXDKVL,155 Strachan Ave,,M6J,Single/Semi-detached House,10,Spadina-Fort York
4716400,STR-2210-GKDKVF,120 Homewood Ave,2102,M4Y,Condominium,13,Toronto Centre
4716401,STR-2210-GCQDVF,51 Snapdragon Dr,,M2J,Single/Semi-detached House,17,Don Valley North
4716402,STR-2210-GKWDVG,23 Moncrieff Dr,,M9W,Single/Semi-detached House,1,Etobicoke North
4716403,STR-2210-HBJDVJ,27 Eastdale Ave,,M4C,Single/Semi-detached House,19,Beaches-East York
4716404,STR-2210-FFLRVB,55 Bremner Blvd,3206,M5J,Condominium,10,Spadina-Fort York
4716405,STR-2210-FVYRVD,22 Felicity Dr,,M1H,Single/Semi-detached House,24,Scarborough-Guildwood
4716406,STR-2210-GDFRVF,63 Brooklyn Ave,,M4M,Duplex/Triplex/Fourplex,14,Toronto-Danforth
4716407,STR-2210-GLLRVG,27 Irvington Cres,,M2N,Single/Semi-detached House,18,Willowdale
4716408,STR-2210-HSLRVL,999A Dovercourt Rd,,M6H,Single/Semi-detached House,9,Davenport
4716409,STR-2210-HZSRVM,16 Archway Cres,,M9M,Single/Semi-detached House,7,Humber River-Black Creek
4716410,STR-2210-GDWDVF,21 Iceboat Ter,2502,M5V,Condominium,10,Spadina-Fort York
4716411,STR-2210-HCQDVJ,71 Robbins Ave,,M4L,Single/Semi-detached House,19,Beaches-East York
4716412,STR-2210-HKWDVK,42 Amberley Dr,,M1R,Single/Semi-detached House,21,Scarborough Centre
4716413,STR-2210-FGSRVB,2652 Lake Shore Blvd W,,M8V,Single/Semi-detached House,3,Etobicoke-Lakeshore
4716414,STR-2210-FPYRVC,129 Pearson Ave,,M6R,Townhouse/ Row House,4,Parkdale-High Park
4716415,STR-2210-GVYRVH,13 Glen Baillie Pl,,M5T,Townhouse/ Row House,11,University-Rosedale
4716416,STR-2210-HLLRVK,213 Nairn Ave,,M6E,Single/Semi-detached House,9,Davenport
4716417,STR-2210-FXWDVD,36 Abitibi Ave,,M2M,Single/Semi-detached House,18,Willowdale
4716418,STR-2210-GWQDVH,215 Fort York Blvd,2309,M5V,Condominium,10,Spadina-Fort York
4716419,STR-2210-HDWDVJ,358 Glen Park Ave,,M6B,Single/Semi-detached House,8,Eglinton-Lawrence
4716420,STR-2210-HMCDVK,251 Jarvis St,902,M5B,Condominium,13,Toronto Centre
4716421,STR-2103-FWQRVD,111 Wheeler Ave,1,M4L,Single/Semi-detached House,19,Beaches-East York
4716422,STR-2103-FGTDVB,350 Queens Quay W,1207,M5V,Apartment,10,Spadina-Fort York
4716423,STR-2103-FXGDVD,12 York St,1609,M5J,Condominium,10,Spadina-Fort York
4716424,STR-2103-JBZDVM,300 Front St W,3902,M5V,Condominium,10,Spadina-Fort York
4716425,STR-2103-FYMDVD,12 York St,1109,M5J,Condominium,10,Spadina-Fort York
4716426,STR-2103-GGTDVF,300 Front St W,706,M5V,Condominium,10,Spadina-Fort York
4716427,STR-2103-GXGDVH,15 Glengrove Ave E,,M4N,Duplex/Triplex/Fourplex,15,Don Valley West
4716428,STR-2103-FRWRVC,140 Hilton Ave,,M5R,Single/Semi-detached House,12,Toronto-St. Paul's
4716429,STR-2103-HWQRVL,1530 Dufferin St,,M6H,Single/Semi-detached House,9,Davenport
4716430,STR-2103-HPZDVK,151 Dan Leckie Way,503,M5V,Apartment,10,Spadina-Fort York
4716431,STR-2103-GBZDVD,14 York St,612,M5J,Condominium,10,Spadina-Fort York
4716432,STR-2103-FVKXVD,1578 Queen St E,Upper Unit,M4L,Apartment,14,Toronto-Danforth
4716433,STR-2103-HSPKVL,101 Peter St,1705,M5V,Condominium,10,Spadina-Fort York
4716434,STR-2103-FWRXVD,39 Larabee Cres,,M3A,Single/Semi-detached House,16,Don Valley East
4716435,STR-2103-FXHKVD,81 Pickering St,,M4E,Single/Semi-detached House,19,Beaches-East York
4716436,STR-2104-HDXXVJ,155 Winchester St,1,M4X,Duplex/Triplex/Fourplex,13,Toronto Centre
4716437,STR-2104-HFPKVJ,25 Carlton St,904,M5B,Condominium,13,Toronto Centre
4716438,STR-2104-HWBKVL,477 Richmond St W,201,M5V,Condominium,10,Spadina-Fort York
4716439,STR-2104-FZDXVD,219 Fort York Blvd,903,M5V,Condominium,10,Spadina-Fort York
4716440,STR-2104-GQRXVG,12 Alder Rd,Upper,M4B,Single/Semi-detached House,19,Beaches-East York
4716441,STR-2104-GJBKVF,26 Unsworth Ave,,M5M,Single/Semi-detached House,8,Eglinton-Lawrence
4716442,STR-2104-GRHKVG,153 Church St,A,M5B,Apartment,13,Toronto Centre
4716443,STR-2104-HGVKVJ,12 York St,304,M5J,Condominium,10,Spadina-Fort York
4716444,STR-2104-GRXXVG,36 Kent Rd,,M4L,Single/Semi-detached House,14,Toronto-Danforth
4716445,STR-2104-FLPKVB,120 Homewood Ave,3309,M4Y,Condominium,13,Toronto Centre
4716446,STR-2104-FTVKVC,188 Cumberland St,1913,M5R,Condominium,11,University-Rosedale
4716447,STR-2105-FJCRVB,64 Beatrice St,Upper Unit,M6J,Single/Semi-detached House,11,University-Rosedale
4716448,STR-2105-GQCRVG,14 York St,2905,M5J,Condominium,10,Spadina-Fort York
4716449,STR-2105-JDZDVM,21 Slater Crt,,M3L,Single/Semi-detached House,6,York Centre
4716450,STR-2105-GJCRVF,34 Glenallan Rd,,M4N,Single/Semi-detached House,15,Don Valley West
4716451,STR-2105-HQCRVK,9 Westbank Cres,UPPER,M9P,Single/Semi-detached House,2,Etobicoke Centre
4716452,STR-2105-HXJRVL,55 Bremner Blvd,3005,M5J,Condominium,10,Spadina-Fort York
4716453,STR-2105-JFQRVM,7 Eleventh St,Upper,M8V,Single/Semi-detached House,3,Etobicoke-Lakeshore
4716454,STR-2105-GJTDVF,3091 Dufferin St,325,M6A,Condominium,8,Eglinton-Lawrence
4716455,STR-2105-GZWRVH,12 York St,905,M5J,Condominium,10,Spadina-Fort York
4716456,STR-2105-HYQRVL,156 Cummer Ave,,M2M,Single/Semi-detached House,18,Willowdale
4716457,STR-2105-JBPKVM,197 Palmerston Ave,,M6J,Single/Semi-detached House,11,University-Rosedale
4716458,STR-2105-HLRXVK,780 O'Connor Dr,Basement,M4B,Single/Semi-detached House,19,Beaches-East York
4716459,STR-2105-HFBKVJ,119 Brickworks Lane,,M6N,Townhouse/ Row House,5,York South-Weston
4716460,STR-2105-FRKXVC,295 Rhodes Ave,,M4L,Single/Semi-detached House,14,Toronto-Danforth
4716461,STR-2105-FYRXVD,666 Yonge St,2,M4Y,Single/Semi-detached House,13,Toronto Centre
4716462,STR-2105-HMXXVK,136 Spears St,,M6N,Single/Semi-detached House,5,York South-Weston
4716463,STR-2105-JDKXVM,266 Maria St,,M6P,Single/Semi-detached House,4,Parkdale-High Park
4716464,STR-2105-FJVKVB,477 Richmond St W,401,M5V,Condominium,10,Spadina-Fort York
4716465,STR-2105-GQVKVG,215 Fort York Blvd,2711,M5V,Condominium,10,Spadina-Fort York
4716466,STR-2105-HPPKVK,14 York St,6708,M5J,Condominium,10,Spadina-Fort York
4716467,STR-2105-HWVKVL,565 Sherbourne St,2511,M4X,Apartment,13,Toronto Centre
4716468,STR-2105-FZXXVD,534 Strathmore Blvd,Main/Upper Floor,M4C,Duplex/Triplex/Fourplex,19,Beaches-East York
4716469,STR-2105-GRKXVG,12 York St,3211,M5J,Condominium,10,Spadina-Fort York
4716470,STR-2105-GYRXVH,13A Delaware Ave,Main,M6H,Single/Semi-detached House,9,Davenport
4716471,STR-2106-GZHKVH,80 Western Battery Rd,1506,M6K,Condominium,10,Spadina-Fort York
4716472,STR-2106-HHPKVJ,645 Davenport Rd,8,M5R,Condominium,12,Toronto-St. Paul's
4716473,STR-2106-FTXXVC,21 Iceboat Ter,2507,M5V,Condominium,10,Spadina-Fort York
4716474,STR-2106-GSRXVG,24 Denrock Dr,,M2K,Single/Semi-detached House,17,Don Valley North
4716475,STR-2106-GZXXVH,391 Ontario St,,M5A,Single/Semi-detached House,13,Toronto Centre
4716476,STR-2106-HYRXVL,94 Tecumseth St,B,M6J,Duplex/Triplex/Fourplex,10,Spadina-Fort York
4716477,STR-2106-GCWRVF,5 Orleans Dr,,M1C,Single/Semi-detached House,25,Scarborough-Rouge Park
4716478,STR-2106-FMZDVC,300 Front St W,3408,M5V,Condominium,10,Spadina-Fort York
4716479,STR-2106-HCGDVJ,270 Wellington St W,1110,M5V,Condominium,10,Spadina-Fort York
4716480,STR-2106-HKMDVK,198 Merton St,,M4S,Townhouse/ Row House,12,Toronto-St. Paul's
4716481,STR-2106-GFCRVF,14 York St,4602,M5J,Condominium,10,Spadina-Fort York
4716482,STR-2106-GMJRVG,95 Grandville Ave,,M6N,Single/Semi-detached House,5,York South-Weston
4716483,STR-2106-HTJRVL,77 Arlington Ave,,M6G,Single/Semi-detached House,12,Toronto-St. Paul's
4716484,STR-2106-FYCRVD,168 Simcoe St,803,M5H,Condominium,10,Spadina-Fort York
4716485,STR-2106-GGJRVF,50 Wells St,Main Floor,M5R,Single/Semi-detached House,11,University-Rosedale
4716486,STR-2106-HVQRVL,219 Fort York Blvd,3702,M5V,Condominium,10,Spadina-Fort York
4716487,STR-2106-GGZDVF,300 Front St W,2412,M5V,Condominium,10,Spadina-Fort York
4716488,STR-2106-HFTDVJ,382 Ontario St,,M5A,Single/Semi-detached House,13,Toronto Centre
4716489,STR-2106-HMZDVK,55 Bremner Blvd,1303,M5J,Condominium,10,Spadina-Fort York
4716490,STR-2106-FJWRVB,33 Roseheath Ave,,M4C,Single/Semi-detached House,19,Beaches-East York
4716491,STR-2106-GQWRVG,300 Front St W,3906,M5V,Condominium,10,Spadina-Fort York
4716492,STR-2106-GYCRVH,199 Richmond St W,601,M5V,Condominium,10,Spadina-Fort York
4716493,STR-2106-HGJRVJ,300 Front St W,3606,M5V,Condominium,10,Spadina-Fort York
4716494,STR-2106-HWWRVL,357 Kingston Rd,,M4L,Single/Semi-detached House,19,Beaches-East York
4716495,STR-2106-GJGDVF,456 College St,408,M6G,Condominium,11,University-Rosedale
4716496,STR-2106-HXMDVL,65 Bremner Blvd,4910,M5J,Condominium,10,Spadina-Fort York
4716497,STR-2106-FLTDVB,40 Silas Hill Dr,,M2J,Single/Semi-detached House,17,Don Valley North
4716498,STR-2106-GLFBHG,243 Beatrice St,,M6G,Townhouse/ Row House,11,University-Rosedale
4716499,STR-2106-HKPPHK,155 Yorkville Ave,606,M5R,Condominium,11,University-Rosedale
4716500,STR-2106-HSVPHL,761 Kingston Rd,basement,M4E,Single/Semi-detached House,19,Beaches-East York
4716501,STR-2106-JBBPHM,21 Iceboat Ter,2803,M5V,Condominium,10,Spadina-Fort York
4716502,STR-2106-FPSBHC,89 Dunfield Ave,407,M4S,Condominium,12,Toronto-St. Paul's
4716503,STR-2106-FQHPHC,10 Goodwood Ave,,M6E,Single/Semi-detached House,9,Davenport
4716504,STR-2106-HVBPHL,309 Lake Promenade,,M8W,Single/Semi-detached House,3,Etobicoke-Lakeshore
4716505,STR-2107-HVSBHL,61 Delaney Cres,,M6K,Single/Semi-detached House,9,Davenport
4716506,STR-2107-FRPPHC,17 Lormar Dr,,M9B,Single/Semi-detached House,2,Etobicoke Centre
4716507,STR-2107-GQHPHG,55 Bremner Blvd,4104,M5J,Condominium,10,Spadina-Fort York
4716508,STR-2107-HFVPHJ,263A Gamble Ave,,M4J,Single/Semi-detached House,14,Toronto-Danforth
4716509,STR-2107-HWHPHL,230 Queens Quay W,729,M5J,Condominium,10,Spadina-Fort York
4716510,STR-2107-FJYBHB,195 Bonis Ave,502,M1T,Condominium,22,Scarborough-Agincourt
4716511,STR-2107-FSFBHC,217 Crawford St,,M6J,Single/Semi-detached House,10,Spadina-Fort York
4716512,STR-2107-HGLBHJ,71 Longbow Sq,,M1W,Single/Semi-detached House,22,Scarborough-Agincourt
4716513,STR-2107-FKPPHB,14 Lanark Ave,,M6C,Single/Semi-detached House,12,Toronto-St. Paul's
4716514,STR-2107-GJHPHF,216 Lippincott St,2nd floor,M5S,Duplex/Triplex/Fourplex,11,University-Rosedale
4716515,STR-2107-HHBPHJ,21 Rialto Dr,,M3A,Single/Semi-detached House,16,Don Valley East
4716516,STR-2107-HXPPHL,15 Denison Rd W,,M9N,Single/Semi-detached House,5,York South-Weston
4716517,STR-2107-GSFBHG,111 Woodfield Rd,,M4L,Single/Semi-detached House,14,Toronto-Danforth
4716518,STR-2107-JGLBHM,902 Davenport Rd,2,M6G,Duplex/Triplex/Fourplex,12,Toronto-St. Paul's
4716519,STR-2107-FLWVHC,33 Curzon St,,M4M,Single/Semi-detached House,14,Toronto-Danforth
4716520,STR-2107-FVCVHD,200 St Helen's Ave,Main Floor,M6H,Single/Semi-detached House,9,Davenport
4716521,STR-2107-GKQVHG,270 Wellington St W,1001,M5V,Condominium,10,Spadina-Fort York
4716522,STR-2107-GVCVHH,21 Iceboat Ter,2203,M5V,Condominium,10,Spadina-Fort York
4716523,STR-2107-GCZHHF,1074 Warden Ave,,M1R,Single/Semi-detached House,21,Scarborough Centre
4716524,STR-2107-HBTHHJ,282 Westmount Ave,,M6E,Single/Semi-detached House,9,Davenport
4716525,STR-2107-HZMHHM,21 Iceboat Ter,3202,M5V,Condominium,10,Spadina-Fort York
4716526,STR-2107-JBCVHM,14 Katherine Rd,,M3K,Single/Semi-detached House,6,York Centre
4716527,STR-2107-FGMHHB,65 Bremner Blvd,1610,M5J,Condominium,10,Spadina-Fort York
4716528,STR-2107-GFGHHF,67 Orchardcroft Cres,,M3J,Single/Semi-detached House,6,York Centre
4716529,STR-2107-HCZHHJ,12 York St,705,M5J,Condominium,10,Spadina-Fort York
4716530,STR-2107-FQJVHC,142 Rhodes Ave,,M4L,Townhouse/ Row House,14,Toronto-Danforth
4716531,STR-2107-GWJVHH,30 Shore Breeze Dr,330,M8V,Condominium,3,Etobicoke-Lakeshore
4716532,STR-2107-HDQVHJ,24 Ford St,Upper,M6N,Duplex/Triplex/Fourplex,9,Davenport
4716533,STR-2305-HTQRVY,155 Yorkville Ave,3010,M5R,Condominium,11,University-Rosedale
4716534,STR-2107-JCJVHM,3 Mitchell Ave,,M6J,Townhouse/ Row House,10,Spadina-Fort York
4716535,STR-2107-FQZHHC,83 Hilda Ave,,M2M,Single/Semi-detached House,18,Willowdale
4716536,STR-2107-FRQVHC,145 Denison Ave,,M5T,Single/Semi-detached House,11,University-Rosedale
4716537,STR-2107-GQJVHG,151 Dan Leckie Way,716,M5V,Condominium,10,Spadina-Fort York
4716538,STR-2107-FSGHHC,29 Glenmount Park Rd,,M4E,Single/Semi-detached House,19,Beaches-East York
4716539,STR-2107-GHTHHF,12 York St,5602,M5J,Condominium,10,Spadina-Fort York
4716540,STR-2107-JFGHHM,319 Markham St,,M6G,Duplex/Triplex/Fourplex,11,University-Rosedale
4716541,STR-2107-FSWVHC,20 John St,518,M5V,Condominium,10,Spadina-Fort York
4716542,STR-2107-GRQVHG,14 York St,6506,M5J,Condominium,10,Spadina-Fort York
4716543,STR-2107-GBTHHD,249 Logan Ave,1,M4M,Apartment,14,Toronto-Danforth
4716544,STR-2107-HQZHHK,64 Millicent St,2,M6H,Duplex/Triplex/Fourplex,9,Davenport
4716545,STR-2107-HJLBHK,251 Jarvis St,3008,M5B,Condominium,13,Toronto Centre
4716546,STR-2107-HRSBHL,151 Dan Leckie Way,348,M5V,Condominium,10,Spadina-Fort York
4716547,STR-2107-HYYBHM,233 Shaw St,A,M6J,Duplex/Triplex/Fourplex,10,Spadina-Fort York
4716548,STR-2107-FMPPHC,252 Woodfield Rd,,M4L,Single/Semi-detached House,14,Toronto-Danforth
4716549,STR-2107-FVVPHD,750 Crawford St,,M6G,Single/Semi-detached House,11,University-Rosedale
4716550,STR-2107-GLHPHG,55 Bremner Blvd,2910,M5J,Condominium,10,Spadina-Fort York
4716551,STR-2107-HSHPHL,1257 Dundas St W,,M6J,Single/Semi-detached House,10,Spadina-Fort York
4716552,STR-2107-HZPPHM,955 Bay St,620,M5S,Condominium,13,Toronto Centre
4716553,STR-2107-JBVPHM,542 Roxton Rd,,M6G,Single/Semi-detached House,11,University-Rosedale
4716554,STR-2107-FHFBHB,304 Glebemount Ave,,M4C,Single/Semi-detached House,19,Beaches-East York
4716555,STR-2107-FQLBHC,300 Front St W,708,M5V,Condominium,10,Spadina-Fort York
4716556,STR-2107-GPFBHG,208 Queens Quay W,1413,M5J,Condominium,10,Spadina-Fort York
4716557,STR-2107-HLYBHK,175 Jeffcoat Dr,Upstairs Unit,M9W,Single/Semi-detached House,1,Etobicoke North
4716558,STR-2107-GPVPHG,216 Lippincott St,1st Floor,M5S,Duplex/Triplex/Fourplex,11,University-Rosedale
4716559,STR-2107-JDBPHM,12 York St,3807,M5J,Condominium,10,Spadina-Fort York
4716560,STR-2107-FJLBHB,153 Shaw St,,M6J,Single/Semi-detached House,10,Spadina-Fort York
4716561,STR-2107-GHVPHF,63A Drewry Ave,,M2M,Townhouse/ Row House,18,Willowdale
4716562,STR-2108-GYYBHH,93 Boulton Ave,,M4M,Townhouse/ Row House,14,Toronto-Danforth
4716563,STR-2108-HQLBHK,635 Greenwood Ave,,M4J,Duplex/Triplex/Fourplex,14,Toronto-Danforth
4716564,STR-2108-JFYBHM,105 George St,1414,M5A,Condominium,13,Toronto Centre
4716565,STR-2108-FTPPHC,984 Midland Ave,,M1K,Single/Semi-detached House,21,Scarborough Centre
4716566,STR-2108-HRBPHK,27 George Webster Rd,2,M4B,Single/Semi-detached House,19,Beaches-East York
4716567,STR-2108-FLZHHC,113 Navenby Cres,,M9L,Single/Semi-detached House,7,Humber River-Black Creek
4716568,STR-2404-FKCDVP,54 Lockheed Blvd,,M9P,Single/Semi-detached House,2,Etobicoke Centre
4716569,STR-2305-HBDXVW,1804 Dundas St E,,M4L,Single/Semi-detached House,14,Toronto-Danforth
4716570,STR-2305-HJKXVX,73 Widdicombe Hill Blvd,705,M9R,Condominium,2,Etobicoke Centre
4716571,STR-2305-GDRXVS,103 Gladstone Ave,3,M6J,Duplex/Triplex/Fourplex,9,Davenport
4716572,STR-2305-GMPKVT,743 Glencairn Ave,,M6B,Single/Semi-detached House,8,Eglinton-Lawrence
4716573,STR-2305-HTPKVY,103 Wells Hill Ave,,M5R,Single/Semi-detached House,12,Toronto-St. Paul's
4716574,STR-2305-FQKXVQ,71 Hepbourne St,2,M6H,Duplex/Triplex/Fourplex,9,Davenport
4716575,STR-2305-FXRXVR,1189 Woodbine Ave,,M4C,Single/Semi-detached House,19,Beaches-East York
4716576,STR-2305-HLXXVX,22 William Duncan Rd,,M3K,Townhouse/ Row House,6,York Centre
4716577,STR-2305-HVDXVY,55 Bremner Blvd,4409,M5J,Condominium,10,Spadina-Fort York
4716578,STR-2305-HMPKVX,210 Victoria St,2906,M5B,Condominium,13,Toronto Centre
4716579,STR-2305-FRRXVQ,12 Joseph Salsberg Lane,,M6J,Townhouse/ Row House,10,Spadina-Fort York
4716580,STR-2305-GQKXVT,300 Front St W,3005,M5V,Condominium,10,Spadina-Fort York
4716581,STR-2305-GXRXVV,3091 Dufferin St,439,M6A,Condominium,8,Eglinton-Lawrence
4716582,STR-2305-FSHKVQ,151 Dan Leckie Way,517,M5V,Condominium,10,Spadina-Fort York
4716583,STR-2305-GYHKVV,1 Falaise Rd,214,M1E,Condominium,24,Scarborough-Guildwood
4716584,STR-2305-FKRXVP,9 Donald Ave,2,M6M,Duplex/Triplex/Fourplex,5,York South-Weston
4716585,STR-2305-FSXXVQ,565 Shuter St,,M5A,Townhouse/ Row House,13,Toronto Centre
4716586,STR-2305-JFXXVZ,15 Fennings St,,M6J,Single/Semi-detached House,10,Spadina-Fort York
4716587,STR-2305-FLHKVP,12 Lincoln Ave,,M6P,Single/Semi-detached House,4,Parkdale-High Park
4716588,STR-2305-HYHKVY,378 Roncesvalles Ave,3,M6R,Single/Semi-detached House,4,Parkdale-High Park
4716589,STR-2305-JGPKVZ,225 Lisgar St,2,M6J,Duplex/Triplex/Fourplex,9,Davenport
4716590,STR-2305-FVGDVR,300 Front St W,4505,M5V,Condominium,10,Spadina-Fort York
4716591,STR-2305-GKTDVT,300 Front St W,3713,M5V,Condominium,10,Spadina-Fort York
4716592,STR-2305-HRTDVY,3 Fermanagh Ave,,M6R,Single/Semi-detached House,4,Parkdale-High Park
4716593,STR-2305-GDCRVS,300 Front St W,3013,M5V,Condominium,10,Spadina-Fort York
4716594,STR-2305-HBWRVW,14 York St,6603,M5J,Condominium,10,Spadina-Fort York
4716595,STR-2305-HSJRVY,560 Front St W,932,M5V,Condominium,10,Spadina-Fort York
4716596,STR-2305-FWMDVR,181 King St,,M9N,Single/Semi-detached House,5,York South-Weston
4716597,STR-2305-GFJRVS,20 Blue Jays Way,1516,M5V,Condominium,10,Spadina-Fort York
4716598,STR-2305-GMQRVT,101 Peter St,1103,M5V,Condominium,10,Spadina-Fort York
4716599,STR-2305-HDCRVW,55 Bremner Blvd,2305,M5J,Condominium,10,Spadina-Fort York
4716600,STR-2305-FHGDVP,219 Fort York Blvd,2910,M5V,Condominium,10,Spadina-Fort York
4716601,STR-2305-GPGDVT,46 Western Battery Rd,825,M6K,Townhouse/ Row House,10,Spadina-Fort York
4716602,STR-2305-FYJRVR,231 Otonabee Ave,,M2M,Single/Semi-detached House,18,Willowdale
4716603,STR-2305-GPWRVT,300 Front St W,214,M5V,Condominium,10,Spadina-Fort York
4716604,STR-2305-GXCRVV,102 Bestview Dr,Main,M2M,Single/Semi-detached House,17,Don Valley North
4716605,STR-2305-HFJRVW,1 Shaw St,707,M6K,Condominium,10,Spadina-Fort York
4716606,STR-2305-HVWRVY,38 Afton Ave,,M6J,Single/Semi-detached House,9,Davenport
4716607,STR-2305-FYZDVR,234 Euclid Ave,,M6J,Townhouse/ Row House,11,University-Rosedale
4716608,STR-2305-GXTDVV,932 St Clarens Ave,,M6H,Single/Semi-detached House,9,Davenport
4716609,STR-2305-HPGDVX,80 Western Battery Rd,2203,M6K,Condominium,10,Spadina-Fort York
4716610,STR-2305-HWMDVY,155 Yorkville Ave,2018,M5R,Condominium,11,University-Rosedale
4716611,STR-2305-FKCRVP,200 Victoria St,1004,M5B,Condominium,13,Toronto Centre
4716612,STR-2305-HGQRVW,24 Noble St,409,M6K,Condominium,4,Parkdale-High Park
4716613,STR-2305-HPWRVX,411 Westmount Ave,,M6E,Single/Semi-detached House,12,Toronto-St. Paul's
4716614,STR-2305-HXCRVY,129 Roywood Dr,,M3A,Single/Semi-detached House,16,Don Valley East
4716615,STR-2305-FKTDVP,30 Denton Ave,1702,M1L,Apartment,20,Scarborough Southwest
4716616,STR-2305-FTQRVQ,32 Purdon Dr,,M3H,Single/Semi-detached House,6,York Centre
4716617,STR-2305-GKCRVS,14 York St,3811,M5J,Condominium,10,Spadina-Fort York
4716618,STR-2305-GSJRVT,155 Yorkville Ave,2813,M5R,Condominium,11,University-Rosedale
4716619,STR-2305-HHWRVW,25 Fuller Ave,,M6R,Townhouse/ Row House,4,Parkdale-High Park
4716620,STR-2305-HRCRVX,3 Norwich Pl,,M9V,Single/Semi-detached House,1,Etobicoke North
4716621,STR-2305-HBHKVW,335 Clinton St,2,M6G,Single/Semi-detached House,11,University-Rosedale
4716622,STR-2305-HRVKVY,736 Bay St,902,M5G,Condominium,11,University-Rosedale
4716623,STR-2305-FMRXVQ,30 Highcroft Rd,,M4L,Single/Semi-detached House,19,Beaches-East York
4716624,STR-2305-HBXXVW,300 Front St W,2714,M5V,Condominium,10,Spadina-Fort York
4716625,STR-2305-HSKXVY,284 St Helen's Ave,138,M6H,Condominium,9,Davenport
4716626,STR-2305-HZRXVZ,3 Thyra Ave,,M4C,Single/Semi-detached House,19,Beaches-East York
4716627,STR-2306-HWQRVY,56 Gledhill Ave,,M4C,Single/Semi-detached House,19,Beaches-East York
4716628,STR-2305-FPHKVQ,164 Franklin Ave,,M2N,Single/Semi-detached House,18,Willowdale
4716629,STR-2305-FWPKVR,53 Gloucester St,,M4Y,Townhouse/ Row House,13,Toronto Centre
4716630,STR-2305-HKVKVX,54 Second St,,M8V,Single/Semi-detached House,3,Etobicoke-Lakeshore
4716631,STR-2305-JBHKVZ,110 Erskine Ave,905,M4P,Apartment,15,Don Valley West
4716632,STR-2305-FGRXVP,107 Eastville Ave,,M1M,Single/Semi-detached House,20,Scarborough Southwest
4716633,STR-2305-GMRXVT,60 Carr St,3,M5T,Townhouse/ Row House,10,Spadina-Fort York
4716634,STR-2305-HDDXVW,1029 King St W,403,M6K,Condominium,10,Spadina-Fort York
4716635,STR-2306-HTRXVY,85 Bloor St E,911,M4W,Condominium,11,University-Rosedale
4716636,STR-2306-FHXXVP,101 Peter St,3801,M5V,Condominium,10,Spadina-Fort York
4716637,STR-2306-FRDXVQ,136 L'Amoreaux Dr,,M1W,Single/Semi-detached House,22,Scarborough-Agincourt
4716638,STR-2306-HFKXVW,101 Peter St,1712,M5V,Condominium,10,Spadina-Fort York
4716639,STR-2306-GXVKVV,55 Bamburgh Crcl,1704,M1W,Condominium,22,Scarborough-Agincourt
4716640,STR-2306-JDVKVZ,35 Mariner Ter,4602,M5V,Condominium,10,Spadina-Fort York
4716641,STR-2306-JFKXVZ,902 Davenport Rd,1,M6G,Apartment,12,Toronto-St. Paul's
4716642,STR-2306-FKVKVP,100 Gloucester St,718,M4Y,Apartment,13,Toronto Centre
4716643,STR-2306-GZBKVV,21 Iceboat Ter,4615,M5V,Condominium,10,Spadina-Fort York
4716644,STR-2306-HHHKVW,626 Manning Ave,,M6G,Single/Semi-detached House,11,University-Rosedale
4716645,STR-2306-HXVKVY,141 Garden Ave,,M6R,Single/Semi-detached House,4,Parkdale-High Park
4716646,STR-2306-FTRXVQ,15 Wareside Rd,,M9C,Single/Semi-detached House,2,Etobicoke Centre
4716647,STR-2306-GBXXVR,132 Chatham Ave,,M4J,Single/Semi-detached House,14,Toronto-Danforth
4716648,STR-2306-GKDXVS,160 Glenholme Ave,,M6E,Single/Semi-detached House,9,Davenport
4716649,STR-2306-GSKXVT,56 Parker Ave,,M8Z,Single/Semi-detached House,3,Etobicoke-Lakeshore
4716650,STR-2306-FVJRVR,48 Houston Cres,,M2J,Single/Semi-detached House,17,Don Valley North
4716651,STR-2306-GCQRVS,91 Craven Rd,,M4L,Townhouse/ Row House,14,Toronto-Danforth
4716652,STR-2306-FFMDVP,47 Lewis St,BSMT,M4M,Single/Semi-detached House,14,Toronto-Danforth
4716653,STR-2306-FVZDVR,10 Bowman St,2,M4X,Duplex/Triplex/Fourplex,13,Toronto Centre
4716654,STR-2306-GDGDVS,163 Augusta Ave,Main Floor,M5T,Duplex/Triplex/Fourplex,11,University-Rosedale
4716655,STR-2306-GLMDVT,1108 St Clair Ave W,B,M6E,Apartment,9,Davenport
4716656,STR-2306-HSMDVY,210 Victoria St,804,M5B,Apartment,13,Toronto Centre
4716657,STR-2306-HZTDVZ,955 Bay St,1506,M5S,Condominium,13,Toronto Centre
4716658,STR-2306-FPJRVQ,200 Victor Ave,Basement,M4K,Single/Semi-detached House,14,Toronto-Danforth
4716659,STR-2306-HCQRVW,75 Beaty Ave,,M6K,Single/Semi-detached House,4,Parkdale-High Park
4716660,STR-2306-HKWRVX,275 Willard Ave,,M6S,Single/Semi-detached House,4,Parkdale-High Park
4716661,STR-2306-FXGDVR,20 Blue Jays Way,814,M5V,Condominium,10,Spadina-Fort York
4716662,STR-2306-GFMDVS,350 Indian Road Cres,,M6P,Single/Semi-detached House,4,Parkdale-High Park
4716663,STR-2306-GMTDVT,28 Linden St,1105,M4Y,Condominium,13,Toronto Centre
4716664,STR-2306-HDGDVW,165 Legion Rd N,728,M8Y,Condominium,3,Etobicoke-Lakeshore
4716665,STR-2306-HTTDVY,5 Vicora Linkway,1111,M3C,Condominium,16,Don Valley East
4716666,STR-2306-JBZDVZ,225 Lisgar St,3,M6J,Duplex/Triplex/Fourplex,9,Davenport
4716667,STR-2306-FQQRVQ,560 Front St W,26,M5V,Condominium,10,Spadina-Fort York
4716668,STR-2306-FXWRVR,225 Lisgar St,4,M6J,Duplex/Triplex/Fourplex,9,Davenport
4716669,STR-2306-GPJRVT,131 Cambridge Ave,,M4K,Single/Semi-detached House,14,Toronto-Danforth
4716670,STR-2306-GWQRVV,14 York St,5904,M5J,Condominium,10,Spadina-Fort York
4716671,STR-2306-HMCRVX,100 Gloucester St,910,M4Y,Apartment,13,Toronto Centre
4716672,STR-2306-HVJRVY,98 Reiner Rd,,M3H,Single/Semi-detached House,6,York Centre
4716673,STR-2306-HMTDVX,268 Huntsmill Blvd,,M1W,Single/Semi-detached House,22,Scarborough-Agincourt
4716674,STR-2306-HVZDVY,152 St Patrick St,1108,M5T,Condominium,10,Spadina-Fort York
4716675,STR-2306-FJQRVP,525 Ossington Ave,1,M6G,Apartment,11,University-Rosedale
4716676,STR-2306-FRWRVQ,39 Merkley Sq,,M1G,Single/Semi-detached House,24,Scarborough-Guildwood
4716677,STR-2306-FZCRVR,47 Pannahill Rd,,M3H,Single/Semi-detached House,6,York Centre
4716678,STR-2306-GXWRVV,50 Wellesley St E,607,M4Y,Condominium,13,Toronto Centre
4716679,STR-2306-GHZDVS,523 Quebec Ave,,M6P,Townhouse/ Row House,4,Parkdale-High Park
4716680,STR-2306-HGTDVW,208 Queens Quay W,1001,M5J,Condominium,10,Spadina-Fort York
4716681,STR-2306-GBJRVR,155 Yorkville Ave,1218,M5R,Condominium,11,University-Rosedale
4716682,STR-2306-HHJRVW,21 Iceboat Ter,3908,M5V,Condominium,10,Spadina-Fort York
4716683,STR-2306-JGCRVZ,145 Portland St,,M5V,Single/Semi-detached House,10,Spadina-Fort York
4716684,STR-2306-GSMDVT,215 Fort York Blvd,415,M5V,Condominium,10,Spadina-Fort York
4716685,STR-2306-FDXXVP,14 York St,6507,M5J,Condominium,10,Spadina-Fort York
4716686,STR-2306-HBKXVW,202 Dairy Dr,,M1L,Townhouse/ Row House,20,Scarborough Southwest
4716687,STR-2306-HZDXVZ,34 Yonge Blvd,,M5M,Single/Semi-detached House,8,Eglinton-Lawrence
4716688,STR-2306-FWBKVR,81 Navy Wharf Crt,2905,M5V,Condominium,10,Spadina-Fort York
4716689,STR-2306-GTVKVV,231 Fort York Blvd,1709,M5V,Condominium,10,Spadina-Fort York
4716690,STR-2306-HKHKVX,42 Weir Cres,,M1E,Single/Semi-detached House,24,Scarborough-Guildwood
4716691,STR-2306-FPKXVQ,238 Greenwood Ave,,M4L,Townhouse/ Row House,14,Toronto-Danforth
4716692,STR-2306-GDXXVS,292 Warden Ave,,M1N,Single/Semi-detached House,20,Scarborough Southwest
4716693,STR-2306-GMDXVT,219 Fort York Blvd,1503,M5V,Condominium,10,Spadina-Fort York
4716694,STR-2306-GFPKVS,215 Fort York Blvd,1807,M5V,Condominium,10,Spadina-Fort York
4716695,STR-2306-HDHKVW,12 York St,5709,M5J,Condominium,10,Spadina-Fort York
4716696,STR-2306-GWRXVV,20 Woodbank Rd,,M9B,Single/Semi-detached House,2,Etobicoke Centre
4716697,STR-2306-HDXXVW,40 Hampton Ave,,M4K,Single/Semi-detached House,14,Toronto-Danforth
4716698,STR-2306-JCRXVZ,20 Bruyeres Mews,317,M5V,Condominium,10,Spadina-Fort York
4716699,STR-2306-FRHKVQ,21 Iceboat Ter,1615,M5V,Condominium,10,Spadina-Fort York
4716700,STR-2306-FYPKVR,12 Bonnycastle St,909,M5A,Condominium,10,Spadina-Fort York
4716701,STR-2306-HFPKVW,89 Olive Ave,,M2N,Single/Semi-detached House,18,Willowdale
4716702,STR-2306-JDHKVZ,152 Evelyn Cres,,M6P,Single/Semi-detached House,4,Parkdale-High Park
4716703,STR-2306-FRXXVQ,38 Larkin Ave,,M6S,Single/Semi-detached House,4,Parkdale-High Park
4716704,STR-2306-FZDXVR,47 O'Connor Dr,,M4K,Single/Semi-detached House,14,Toronto-Danforth
4716705,STR-2306-HGDXVW,475A Clinton St,,M6G,Single/Semi-detached House,11,University-Rosedale
4716706,STR-2306-FSPKVQ,130 Amelia St,,M4X,Single/Semi-detached House,13,Toronto Centre
4716707,STR-2306-GJBKVS,65 Bremner Blvd,4603,M5J,Condominium,10,Spadina-Fort York
4716708,STR-2306-GYPKVV,231 Fort York Blvd,121,M5V,Condominium,10,Spadina-Fort York
4716709,STR-2306-HGVKVW,167 Sammon Ave,,M4J,Single/Semi-detached House,14,Toronto-Danforth
4716710,STR-2306-FTDXVQ,12 York St,3404,M5J,Condominium,10,Spadina-Fort York
4716711,STR-2306-GBKXVR,37 Grosvenor St,3205,M4Y,Condominium,13,Toronto Centre
4716712,STR-2306-GRXXVT,74 Cronin Dr,,M9B,Single/Semi-detached House,2,Etobicoke Centre
4716713,STR-2306-HQRXVX,181 Beatrice St,B,M6G,Single/Semi-detached House,11,University-Rosedale
4716714,STR-2306-HXXXVY,195 Woodville Ave,,M4J,Single/Semi-detached House,14,Toronto-Danforth
4716715,STR-2306-GSPKVT,381 Front St W,2111,M5V,Condominium,10,Spadina-Fort York
4716716,STR-2306-FMGDVQ,21 Iceboat Ter,1806,M5V,Apartment,10,Spadina-Fort York
4716717,STR-2306-GDJRVS,17 Pharmacy Ave,,M1L,Single/Semi-detached House,20,Scarborough Southwest
4716718,STR-2306-GLQRVT,300 Front St W,4404,M5V,Condominium,10,Spadina-Fort York
4716719,STR-2306-GTWRVV,55 Bremner Blvd,3404,M5J,Condominium,10,Spadina-Fort York
4716720,STR-2306-GDZDVS,5 Parkway Forest Dr,802,M2J,Condominium,17,Don Valley North
4716721,STR-2306-HCTDVW,78 Ash Cres,,M8W,Single/Semi-detached House,3,Etobicoke-Lakeshore
4716722,STR-2306-HTGDVY,25 Carlton St,2507,M5B,Condominium,13,Toronto Centre
4716723,STR-2306-HLQRVX,2 Feldbar Crt,,M2N,Single/Semi-detached House,18,Willowdale
4716724,STR-2306-FHMDVP,166 Van Dusen Blvd,,M8Z,Single/Semi-detached House,3,Etobicoke-Lakeshore
4716725,STR-2306-FQTDVQ,2330 Queen St E,B,M4E,Duplex/Triplex/Fourplex,19,Beaches-East York
4716726,STR-2306-FXZDVR,256 Indian Road Cres,,M6P,Single/Semi-detached House,4,Parkdale-High Park
4716727,STR-2306-GWTDVV,108B Gough Ave,,M4K,Single/Semi-detached House,14,Toronto-Danforth
4716728,STR-2306-HMGDVX,165 Lascelles Blvd,,M5P,Single/Semi-detached House,12,Toronto-St. Paul's
4716729,STR-2306-HVMDVY,159 Gerrard St E,2,M5A,Duplex/Triplex/Fourplex,13,Toronto Centre
4716730,STR-2306-GQCRVT,20 Penzance Dr,,M1K,Single/Semi-detached House,21,Scarborough Centre
4716731,STR-2306-GXJRVV,383 horsham ave,,M2R,Townhouse/ Row House,18,Willowdale
4716732,STR-2306-HFQRVW,2480 St Clair Ave W,,M6N,Single/Semi-detached House,5,York South-Weston
4716733,STR-2306-HMWRVX,151 Dan Leckie Way,1003,M5V,Condominium,10,Spadina-Fort York
4716734,STR-2306-HWCRVY,155 Yorkville Ave,2115,M5R,Condominium,11,University-Rosedale
4716735,STR-2306-FRZDVQ,195 St Clarens Ave,1,M6H,Duplex/Triplex/Fourplex,9,Davenport
4716736,STR-2306-GHMDVS,21 Iceboat Ter,726,M5V,Condominium,10,Spadina-Fort York
4716737,STR-2306-GJCRVS,10 Maple Bush Ave,,M9N,Single/Semi-detached House,5,York South-Weston
4716738,STR-2306-GRJRVT,105 Seaton St,,M5A,Townhouse/ Row House,13,Toronto Centre
4716739,STR-2306-JFQRVZ,134 Harrison St,B,M6J,Duplex/Triplex/Fourplex,9,Davenport
4716740,STR-2306-GBMDVR,30 Shore Breeze Dr,528,M8V,Condominium,3,Etobicoke-Lakeshore
4716741,STR-2306-HHMDVW,1591 Dufferin St,1,M6H,Duplex/Triplex/Fourplex,9,Davenport
4716742,STR-2306-FTWRVQ,33 Van Stassen Blvd,,M6S,Single/Semi-detached House,4,Parkdale-High Park
4716743,STR-2306-GKJRVS,116 Galt Ave,,M4M,Single/Semi-detached House,14,Toronto-Danforth
4716744,STR-2306-FFBKVP,120 Homewood Ave,120,M4Y,Condominium,13,Toronto Centre
4716745,STR-2306-FVPKVR,153 Kenilworth Ave,,M4L,Single/Semi-detached House,19,Beaches-East York
4716746,STR-2306-GTHKVV,475 Jones Ave,,M4J,Single/Semi-detached House,14,Toronto-Danforth
4716747,STR-2306-HBPKVW,381 Lawrence Ave W,,M5M,Single/Semi-detached House,8,Eglinton-Lawrence
4716748,STR-2306-HSBKVY,8 Charlotte St,3405,M5V,Condominium,10,Spadina-Fort York
4716749,STR-2306-FFRXVP,300 Seaton St,2,M5A,Duplex/Triplex/Fourplex,13,Toronto Centre
4716750,STR-2306-GDKXVS,412 Sumach St,,M4X,Single/Semi-detached House,13,Toronto Centre
4716751,STR-2306-GLRXVT,100 Hill Cres,,M1M,Single/Semi-detached House,24,Scarborough-Guildwood
4716752,STR-2306-GTXXVV,105 George St,1304,M5A,Condominium,13,Toronto Centre
4716753,STR-2306-HSRXVY,52 Bairstow Cres,,M9W,Single/Semi-detached House,1,Etobicoke North
4716754,STR-2306-GMHKVT,2 Anndale Dr,3103,M2N,Condominium,18,Willowdale
4716755,STR-2306-GVPKVV,29 Aldergrove Ave,,M4C,Single/Semi-detached House,19,Beaches-East York
4716756,STR-2306-JBPKVZ,69 Elm St,3rd floor,M5G,Single/Semi-detached House,11,University-Rosedale
4716757,STR-2306-FGXXVP,33 Beechwood Dr,,M4K,Single/Semi-detached House,14,Toronto-Danforth
4716758,STR-2306-FQDXVQ,20 Shore Breeze Dr,542,M8V,Condominium,3,Etobicoke-Lakeshore
4716759,STR-2306-GFRXVS,29 Tonon Dr,,M3N,Single/Semi-detached House,7,Humber River-Black Creek
4716760,STR-2306-HDKXVW,17 Myers Lane,,M2H,Single/Semi-detached House,17,Don Valley North
4716761,STR-2306-HLRXVX,582 Ridelle Ave,,M6B,Single/Semi-detached House,8,Eglinton-Lawrence
4716762,STR-2306-HTXXVY,425 Drewry Ave,,M2R,Single/Semi-detached House,18,Willowdale
4716763,STR-2306-GGHKVS,101 Erskine Ave,1907,M4P,Condominium,15,Don Valley West
4716764,STR-2306-GPPKVT,804 Gladstone Ave,,M6H,Single/Semi-detached House,9,Davenport
4716765,STR-2306-HFBKVW,42 Western Battery Rd,745,M6K,Townhouse/ Row House,10,Spadina-Fort York
4716766,STR-2306-HMHKVX,209 Fort York Blvd,876,M5V,Condominium,10,Spadina-Fort York
4716767,STR-2306-FJDXVP,224 Geoffrey St,,M6R,Single/Semi-detached House,4,Parkdale-High Park
4716768,STR-2306-GGXXVS,147 Silver Springs Blvd,,M1V,Single/Semi-detached House,22,Scarborough-Agincourt
4716769,STR-2306-GXKXVV,39 Lappin Ave,Main,M6H,Duplex/Triplex/Fourplex,9,Davenport
4716770,STR-2306-GQVKVT,2 Anndale Dr,1806,M2N,Condominium,18,Willowdale
4716771,STR-2306-JFBKVZ,57 Finch Ave W,4,M2N,Condominium,18,Willowdale
4716772,STR-2306-FKKXVP,363 Shaw St,,M6J,Single/Semi-detached House,11,University-Rosedale
4716773,STR-2306-FSRXVQ,184 Emerson Ave,1,M6H,Townhouse/ Row House,9,Davenport
4716774,STR-2306-HQDXVX,44 Huntley St,202,M4Y,Apartment,13,Toronto Centre
4716775,STR-2306-HXKXVY,349 Logan Ave,,M4M,Single/Semi-detached House,14,Toronto-Danforth
4716776,STR-2306-GSBKVT,28 Linden St,1002,M4Y,Condominium,13,Toronto Centre
4716777,STR-2306-JGHKVZ,21 Cora Cres,,M1P,Single/Semi-detached House,21,Scarborough Centre
4716778,STR-2306-FTXXVQ,117 Warden Ave,,M1N,Single/Semi-detached House,20,Scarborough Southwest
4716779,STR-2306-GZXXVV,58 Farningham Cres,,M9B,Single/Semi-detached House,2,Etobicoke Centre
4716780,STR-2306-HJDXVW,17 Winston Ave,,M1N,Single/Semi-detached House,20,Scarborough Southwest
4716781,STR-2306-HRKXVX,667 College St,3,M6G,Apartment,11,University-Rosedale
4716782,STR-2306-FMJRVQ,20 John St,620,M5V,Condominium,10,Spadina-Fort York
4716783,STR-2306-FVQRVR,130 Beech Ave,,M4E,Single/Semi-detached House,19,Beaches-East York
4716784,STR-2306-HCWRVW,21 Iceboat Ter,631,M5V,Condominium,10,Spadina-Fort York
4716785,STR-2306-HBQRVW,19 Perth Ave,,M6R,Townhouse/ Row House,9,Davenport
4716786,STR-2306-HJWRVX,279 Reiner Rd,,M3H,Single/Semi-detached House,6,York Centre
4716787,STR-2306-HSCRVY,198 Newton Dr,,M2M,Single/Semi-detached House,18,Willowdale
4716788,STR-2306-FFTDVP,352 Front St W,320,M5V,Condominium,10,Spadina-Fort York
4716789,STR-2306-FMZDVQ,58 Teignmouth Ave,,M6E,Single/Semi-detached House,9,Davenport
4716790,STR-2306-GLTDVT,268 Logan Ave,3,M4M,Apartment,14,Toronto-Danforth
4716791,STR-2306-HSTDVY,47 Manderley Dr,,M1N,Single/Semi-detached House,20,Scarborough Southwest
4716792,STR-2306-FGJRVP,204 Pacific Ave,,M6P,Single/Semi-detached House,4,Parkdale-High Park
4716793,STR-2306-HLCRVX,104 Goodwood Park Crt,209,M4C,Apartment,19,Beaches-East York
4716794,STR-2306-GFTDVS,151 Dan Leckie Way,2209,M5V,Condominium,10,Spadina-Fort York
4716795,STR-2306-GWGDVV,300 Front St W,1708,M5V,Condominium,10,Spadina-Fort York
4716796,STR-2306-GPQRVT,84 Dairy Dr,,M1L,Townhouse/ Row House,20,Scarborough Southwest
4716797,STR-2306-HFCRVW,155 Yorkville Ave,2307,M5R,Condominium,11,University-Rosedale
4716798,STR-2306-HVQRVY,140 Simcoe St,814,M5H,Condominium,10,Spadina-Fort York
4716799,STR-2306-JCWRVZ,630 Kingston Rd,301,M4E,Condominium,19,Beaches-East York
4716800,STR-2306-FYTDVR,209 Fort York Blvd,873,M5V,Condominium,10,Spadina-Fort York
4716801,STR-2306-GGZDVS,174 Wineva Ave,,M4E,Single/Semi-detached House,19,Beaches-East York
4716802,STR-2306-GXMDVV,216 Sterling Rd,,M6R,Single/Semi-detached House,9,Davenport
4716803,STR-2306-HWGDVY,91 Oakwood Ave,2,M6H,Duplex/Triplex/Fourplex,9,Davenport
4716804,STR-2306-GQWRVT,47 Geneva Ave,,M5A,Townhouse/ Row House,13,Toronto Centre
4716805,STR-2306-FKMDVP,41 Mariposa Ave,,M6N,Single/Semi-detached House,5,York South-Weston
4716806,STR-2306-FZZDVR,9 Tangmere Rd,,M3B,Single/Semi-detached House,16,Don Valley East
4716807,STR-2306-GYTDVV,215 Fort York Blvd,3011,M5V,Condominium,10,Spadina-Fort York
4716808,STR-2306-HGZDVW,9 Love Cres,1,M4E,Duplex/Triplex/Fourplex,19,Beaches-East York
4716809,STR-2306-HQGDVX,112 George St,434,M5A,Condominium,13,Toronto Centre
4716810,STR-2306-HXMDVY,18 Yonge st,1403,M5E,Condominium,10,Spadina-Fort York
4716811,STR-2306-GBQRVR,1646 Dupont St,1,M6P,Single/Semi-detached House,9,Davenport
4716812,STR-2306-GZJRVV,8 Charlotte St,808,M5V,Condominium,10,Spadina-Fort York
4716813,STR-2306-HHQRVW,197 Bellefontaine St,,M1S,Townhouse/ Row House,22,Scarborough-Agincourt
4716814,STR-2306-FLTDVP,151 Dan Leckie Way,947,M5V,Condominium,10,Spadina-Fort York
4716815,STR-2306-FTZDVQ,97 Berkshire Ave,,M4M,Townhouse/ Row House,14,Toronto-Danforth
4716816,STR-2306-GSTDVT,81 Heman St,1,M8V,Duplex/Triplex/Fourplex,3,Etobicoke-Lakeshore
4716817,STR-2306-HJGDVW,367 Caledonia Rd,,M6E,Single/Semi-detached House,9,Davenport
4716818,STR-2306-FDPPHP,21 Iceboat Ter,4101,M5V,Condominium,10,Spadina-Fort York
4716819,STR-2306-GCHPHS,57 Macaulay Ave,703,M6P,Condominium,9,Davenport
4716820,STR-2306-GSVPHV,101 Peter St,906,M5V,Condominium,10,Spadina-Fort York
4716821,STR-2306-FMLBHQ,137 Roebuck Dr,,M1K,Single/Semi-detached House,20,Scarborough Southwest
4716822,STR-2306-FVSBHR,1540 King St W,3A,M6K,Condominium,4,Parkdale-High Park
4716823,STR-2307-HWYBHY,94 Ninth St,,M8V,Single/Semi-detached House,3,Etobicoke-Lakeshore
4716824,STR-2306-GTLBHV,95 Lightbourn Ave,,M6H,Single/Semi-detached House,9,Davenport
4716825,STR-2306-HSFBHY,90 Oxford St,11,M5T,Apartment,11,University-Rosedale
4716826,STR-2306-HZLBHZ,22 Western Battery Rd,117,M6K,Townhouse/ Row House,10,Spadina-Fort York
4716827,STR-2306-GLVPHT,687 Glencairn Ave,,M6B,Single/Semi-detached House,8,Eglinton-Lawrence
4716828,STR-2306-HCHPHW,438 Christie St,,M6G,Single/Semi-detached House,12,Toronto-St. Paul's
4716829,STR-2306-HSVPHY,14 York St,3302,M5J,Condominium,10,Spadina-Fort York
4716830,STR-2306-FGLBHP,55 Ann O'Reilly Rd,621,M2J,Condominium,17,Don Valley North
4716831,STR-2306-FPSBHQ,36 Servington Cres,,M4S,Single/Semi-detached House,12,Toronto-St. Paul's
4716832,STR-2306-GMLBHT,101 Peter St,3110,M5V,Condominium,10,Spadina-Fort York
4716833,STR-2306-GPBPHT,88 Wareside Rd,,M9C,Single/Semi-detached House,2,Etobicoke Centre
4716834,STR-2306-GWHPHV,20 Shannon St,,M6J,Single/Semi-detached House,9,Davenport
4716835,STR-2306-HVBPHY,477 The East Mall,,M9B,Single/Semi-detached House,2,Etobicoke Centre
4716836,STR-2306-FYFBHR,88 Carr St,26,M5T,Townhouse/ Row House,10,Spadina-Fort York
4716837,STR-2307-GWYBHV,955 Bay St,2007,M5S,Condominium,13,Toronto Centre
4716838,STR-2307-HFFBHW,99 Cameron St,803,M5T,Condominium,10,Spadina-Fort York
4716839,STR-2307-HMLBHX,270 Palmdale Dr,1701,M1T,Condominium,22,Scarborough-Agincourt
4716840,STR-2307-FRPPHQ,43 Parkway Ave,,M6R,Single/Semi-detached House,4,Parkdale-High Park
4716841,STR-2307-FYVPHR,14 York St,5510,M5J,Condominium,10,Spadina-Fort York
4716842,STR-2307-FJYBHP,87 Peter St,4111,M5V,Condominium,10,Spadina-Fort York
4716843,STR-2307-FSFBHQ,33 Lawnmere Cres,,M1S,Single/Semi-detached House,23,Scarborough North
4716844,STR-2307-JFFBHZ,50 Joe Shuster Way,203,M6K,Townhouse/ Row House,10,Spadina-Fort York
4716845,STR-2307-FKPPHP,237 Seaton St,,M5A,Townhouse/ Row House,13,Toronto Centre
4716846,STR-2307-FSVPHQ,250 Wellington St W,1642,M5V,Condominium,10,Spadina-Fort York
4716847,STR-2307-GBBPHR,101 Peter St,2105,M5V,Condominium,10,Spadina-Fort York
4716848,STR-2307-GRPPHT,279 Lisgar St,,M6J,Single/Semi-detached House,9,Davenport
4716849,STR-2307-HQHPHX,64 Venetian Cres,Upper Floor,M3N,Single/Semi-detached House,7,Humber River-Black Creek
4716850,STR-2307-GBSBHR,41 Huntsmill Blvd,,M1W,Single/Semi-detached House,22,Scarborough-Agincourt
4716851,STR-2307-GJYBHS,146 Sellers Ave,,M6E,Single/Semi-detached House,9,Davenport
4716852,STR-2307-HQYBHX,33 Struthers St,,M8V,Single/Semi-detached House,3,Etobicoke-Lakeshore
4716853,STR-2307-GCJVHS,230 Queens Quay W,729,M5J,Condominium,10,Spadina-Fort York
4716854,STR-2307-GSWVHV,30 NELSON St,2208,M5V,Condominium,10,Spadina-Fort York
4716855,STR-2307-FFGHHP,20 Six Nations Ave,,M1H,Single/Semi-detached House,24,Scarborough-Guildwood
4716856,STR-2307-FMMHHQ,15 Shudell Ave,,M4J,Single/Semi-detached House,14,Toronto-Danforth
4716857,STR-2307-GTMHHV,300 Front St W,3706,M5V,Condominium,10,Spadina-Fort York
4716858,STR-2307-HJZHHX,101 Peter St,3412,M5V,Condominium,10,Spadina-Fort York
4716859,STR-2307-HZMHHZ,160 Bellwoods Ave,,M6J,Single/Semi-detached House,10,Spadina-Fort York
4716860,STR-2307-GLWVHT,136 Glen Albert Dr,,M4B,Single/Semi-detached House,19,Beaches-East York
4716861,STR-2307-GVCVHV,300 Front St W,4101,M5V,Condominium,10,Spadina-Fort York
4716862,STR-2307-FPTHHQ,2 Hurdman St,,M6M,Single/Semi-detached House,5,York South-Weston
4716863,STR-2307-HLGHHX,155 Yorkville Ave,1811,M5R,Condominium,11,University-Rosedale
4716864,STR-2307-JBTHHZ,30 Nelson St,212,M5V,Condominium,10,Spadina-Fort York
4716865,STR-2307-FQJVHQ,65 High Park Ave,1610,M6P,Apartment,4,Parkdale-High Park
4716866,STR-2307-FXQVHR,71 Leslie St,,M4M,Single/Semi-detached House,14,Toronto-Danforth
4716867,STR-2307-HDQVHW,955 Bay St,1616,M5S,Condominium,13,Toronto Centre
4716868,STR-2307-FHTHHP,83 Chester Ave,,M4K,Single/Semi-detached House,14,Toronto-Danforth
4716869,STR-2307-FQZHHQ,550 Jane St,,M6S,Single/Semi-detached House,4,Parkdale-High Park
4716870,STR-2307-FYGHHR,208 Queens Quay W,1204,M5J,Condominium,10,Spadina-Fort York
4716871,STR-2307-HFGHHW,300 Front St W,809,M5V,Condominium,10,Spadina-Fort York
4716872,STR-2307-FRQVHQ,70 Scarborough Rd,1,M4E,Duplex/Triplex/Fourplex,19,Beaches-East York
4716873,STR-2307-HFWVHW,216 Balsam Ave,,M4E,Single/Semi-detached House,19,Beaches-East York
4716874,STR-2307-HPCVHX,12 Earl Haig Ave,,M4C,Single/Semi-detached House,19,Beaches-East York
4716875,STR-2307-HWJVHY,38 Joe Shuster Way,1422,M6K,Condominium,10,Spadina-Fort York
4716876,STR-2307-GBCVHR,22 Shannon St,,M6J,Single/Semi-detached House,9,Davenport
4716877,STR-2307-GRQVHT,140 Harrison St,,M6J,Single/Semi-detached House,9,Davenport
4716878,STR-2307-GYWVHV,199 Richmond St W,1503,M5V,Condominium,10,Spadina-Fort York
4716879,STR-2307-HQJVHX,13 Corbett Ave,,M6N,Single/Semi-detached House,5,York South-Weston
4716880,STR-2307-JFWVHZ,14 York St,3612,M5J,Condominium,10,Spadina-Fort York
4716881,STR-2307-FLGHHP,105 Silverthorn Ave,,M6N,Single/Semi-detached House,9,Davenport
4716882,STR-2307-GJZHHS,300 Front St W,2501,M5V,Condominium,10,Spadina-Fort York
4716883,STR-2307-HQZHHX,18 Yonge St,3807,M5E,Condominium,10,Spadina-Fort York
4716884,STR-2307-FVFBHR,320 Fairlawn Ave,,M5M,Single/Semi-detached House,8,Eglinton-Lawrence
4716885,STR-2307-GCLBHS,2459 Dundas St W,,M6P,Single/Semi-detached House,4,Parkdale-High Park
4716886,STR-2307-GSYBHV,478 King St W,1110,M5V,Condominium,10,Spadina-Fort York
4716887,STR-2307-HRSBHY,5 Homestead Rd,,M1E,Single/Semi-detached House,25,Scarborough-Rouge Park
4716888,STR-2307-FMPPHQ,29 Monarch Park Ave,2,M4J,Single/Semi-detached House,14,Toronto-Danforth
4716889,STR-2307-GDBPHS,1 Shaw St,621,M6K,Condominium,10,Spadina-Fort York
4716890,STR-2307-HBVPHW,80 Western Battery Rd,2304,M6K,Condominium,10,Spadina-Fort York
4716891,STR-2307-FFYBHP,31 Shaver Ave S,,M9B,Single/Semi-detached House,3,Etobicoke-Lakeshore
4716892,STR-2307-FPFBHQ,575 Clendenan Ave,,M6P,Single/Semi-detached House,4,Parkdale-High Park
4716893,STR-2307-FWLBHR,11 Charleston Rd,,M9B,Single/Semi-detached House,2,Etobicoke Centre
4716894,STR-2307-GVFBHV,95 Wright Ave,,M6R,Single/Semi-detached House,4,Parkdale-High Park
4716895,STR-2307-HCLBHW,237 Dovercourt Rd,F,M6J,Apartment,10,Spadina-Fort York
4716896,STR-2307-HSYBHY,3257-3259 Lake Shore Blvd W,3,M8V,Apartment,3,Etobicoke-Lakeshore
4716897,STR-2307-FGPPHP,241 St John's Rd,,M6P,Single/Semi-detached House,4,Parkdale-High Park
4716898,STR-2307-FPVPHQ,10 Rexford Rd,,M6S,Single/Semi-detached House,4,Parkdale-High Park
4716899,STR-2307-GMPPHT,250 Wellington St W,1235,M5V,Condominium,10,Spadina-Fort York
4716900,STR-2307-GVVPHV,1001 Pharmacy Ave,,M1R,Single/Semi-detached House,21,Scarborough Centre
4716901,STR-2307-HDBPHW,80 Grandravine Dr,616,M3J,Condominium,7,Humber River-Black Creek
4716902,STR-2307-FYHPHR,148 1/2 Bellwoods Ave,,M6J,Townhouse/ Row House,10,Spadina-Fort York
4716903,STR-2307-HMPPHX,1398 Queen St E,,M4L,Single/Semi-detached House,14,Toronto-Danforth
4716904,STR-2307-JDBPHZ,25 Sandyhook Sq,,M1W,Single/Semi-detached House,22,Scarborough-Agincourt
4716905,STR-2307-FRSBHQ,38 Joe Shuster Way,704,M6K,Condominium,10,Spadina-Fort York
4716906,STR-2307-GQLBHT,12 York St,3904,M5J,Condominium,10,Spadina-Fort York
4716907,STR-2307-HPFBHX,25 Humewood Dr,,M6C,Single/Semi-detached House,12,Toronto-St. Paul's
4716908,STR-2307-GHVPHS,223 River St,B3,M5A,Townhouse/ Row House,13,Toronto Centre
4716909,STR-2307-GRBPHT,65 Thicket Rd,,M9C,Single/Semi-detached House,2,Etobicoke Centre
4716910,STR-2307-GJLBHS,578 Spadina Ave,4,M5S,Condominium,11,University-Rosedale
4716911,STR-2307-GRSBHT,143 Yorkview Dr,,M8Z,Single/Semi-detached House,3,Etobicoke-Lakeshore
4716912,STR-2307-HHFBHW,262 McNicoll Ave,Second Floor,M2H,Single/Semi-detached House,17,Don Valley North
4716913,STR-2307-GZPPHV,22 Somerset Ave,,M6H,Townhouse/ Row House,9,Davenport
4716914,STR-2307-FDTHHP,155 Yorkville Ave,2717,M5R,Condominium,11,University-Rosedale
4716915,STR-2307-FVGHHR,978 Bathurst St,2,M5R,Duplex/Triplex/Fourplex,11,University-Rosedale
4716916,STR-2307-HBGHHW,208 Osler St,,M6N,Single/Semi-detached House,9,Davenport
4716917,STR-2307-GTQVHV,516 Indian Grv,,M6P,Single/Semi-detached House,4,Parkdale-High Park
4716918,STR-2307-FFZHHP,80 Queens Wharf Rd,1511,M5V,Condominium,10,Spadina-Fort York
4716919,STR-2307-GDTHHS,47 Haven Hill Sq,,M1V,Single/Semi-detached House,23,Scarborough North
4716920,STR-2307-FPWVHQ,1141 Broadview Ave,1,M4K,Single/Semi-detached House,14,Toronto-Danforth
4716921,STR-2307-FXCVHR,101 Peter St,1710,M5V,Apartment,10,Spadina-Fort York
4716922,STR-2307-GMQVHT,76 Bellefair Ave,Upper,M4L,Duplex/Triplex/Fourplex,19,Beaches-East York
4716923,STR-2307-FHGHHP,10 Arrowstook Rd,,M2K,Single/Semi-detached House,17,Don Valley North
4716924,STR-2307-GPGHHT,300 Front St W,304,M5V,Condominium,10,Spadina-Fort York
4716925,STR-2307-HPGHHX,55 Bremner Blvd,4308,M5J,Condominium,10,Spadina-Fort York
4716926,STR-2307-HLZHHX,2 Edilou Dr,,M8W,Single/Semi-detached House,3,Etobicoke-Lakeshore
4716927,STR-2307-JCMHHZ,2 Danesbury Ave,Main FL,M6B,Single/Semi-detached House,8,Eglinton-Lawrence
4716928,STR-2307-FHWVHP,138 Dovercourt Rd,,M6J,Single/Semi-detached House,9,Davenport
4716929,STR-2307-GXCVHV,39 Baltic Ave,,M4J,Single/Semi-detached House,14,Toronto-Danforth
4716930,STR-2307-HVWVHY,102 Sammon Ave,,M4J,Single/Semi-detached House,14,Toronto-Danforth
4716931,STR-2307-FYZHHR,1122 Greenwood Ave,,M4J,Single/Semi-detached House,14,Toronto-Danforth
4716932,STR-2307-GXTHHV,491 Donlands Ave,,M4J,Single/Semi-detached House,14,Toronto-Danforth
4716933,STR-2307-HWMHHY,7 Silver Spruce Dr,,M1W,Single/Semi-detached House,22,Scarborough-Agincourt
4716934,STR-2307-JDTHHZ,57 Thirty Seventh St,,M8W,Single/Semi-detached House,3,Etobicoke-Lakeshore
4716935,STR-2307-FSJVHQ,54 Afton Ave,,M6J,Single/Semi-detached House,9,Davenport
4716936,STR-2307-GHWVHS,2300 St Clair Ave W,1006,M6N,Condominium,5,York South-Weston
4716937,STR-2307-HGQVHW,183 Bowie Ave,3,M6E,Duplex/Triplex/Fourplex,8,Eglinton-Lawrence
4716938,STR-2307-HPWVHX,151 Dan Leckie Way,706,M5V,Condominium,10,Spadina-Fort York
4716939,STR-2307-GJMHHS,1279 Davenport Rd,1,M6H,Single/Semi-detached House,9,Davenport
4716940,STR-2307-HQMHHX,175 Bleecker St,216,M4X,Condominium,13,Toronto Centre
4716941,STR-2307-FTQVHQ,101 Peter St,907,M5V,Condominium,10,Spadina-Fort York
4716942,STR-2307-GKCVHS,222 Elm St,1014,M5T,Apartment,11,University-Rosedale
4716943,STR-2307-JGQVHZ,170 Ingleton Blvd,,M1V,Single/Semi-detached House,23,Scarborough North
4716944,STR-2307-FMBPHQ,87 Rivercrest Rd,,M6S,Single/Semi-detached House,4,Parkdale-High Park
4716945,STR-2307-GKVPHT,151 Dan Leckie Way,911,M5V,Condominium,10,Spadina-Fort York
4716946,STR-2307-GTBPHV,35 Walmer Rd,504,M5R,Apartment,11,University-Rosedale
4716947,STR-2307-HRVPHY,65 Bremner Blvd,2809,M5J,Condominium,10,Spadina-Fort York
4716948,STR-2307-GDFBHS,65 Bremner Blvd,3406,M5J,Condominium,10,Spadina-Fort York
4716949,STR-2307-GLLBHT,1612 O'Connor Dr,,M4B,Townhouse/ Row House,19,Beaches-East York
4716950,STR-2307-HBYBHW,4 Knowland Dr,,M9A,Single/Semi-detached House,2,Etobicoke Centre
4716951,STR-2307-HSLBHY,15 Victoria Ave W,,M9N,Single/Semi-detached House,5,York South-Weston
4716952,STR-2307-FWPPHR,1 Shaw St,115,M6K,Condominium,10,Spadina-Fort York
4716953,STR-2307-GMBPHT,21 Iceboat Ter,1501,M5V,Condominium,10,Spadina-Fort York
4716954,STR-2307-JBHPHZ,2A Church St,612,M5E,Condominium,10,Spadina-Fort York
4716955,STR-2307-FPYBHQ,26 Twenty Ninth St,1,M8W,Townhouse/ Row House,3,Etobicoke-Lakeshore
4716956,STR-2307-FXFBHR,680 Brown's Line,,M8W,Single/Semi-detached House,3,Etobicoke-Lakeshore
4716957,STR-2307-GFLBHS,21 Iceboat Ter,531,M5V,Condominium,10,Spadina-Fort York
4716958,STR-2307-HTSBHY,151 Dan Leckie Way,312,M5V,Condominium,10,Spadina-Fort York
4716959,STR-2307-FHHPHP,57 Hopperton Dr,,M2L,Single/Semi-detached House,15,Don Valley West
4716960,STR-2307-FXVPHR,17 Tarmola Park Crt,,M9L,Townhouse/ Row House,7,Humber River-Black Creek
4716961,STR-2307-GGBPHS,50 White Ave,,M1C,Single/Semi-detached House,25,Scarborough-Rouge Park
4716962,STR-2307-HVHPHY,32 Simpson Ave,,M4K,Single/Semi-detached House,14,Toronto-Danforth
4716963,STR-2307-FYLBHR,99 Cameron St,709,M5T,Condominium,10,Spadina-Fort York
4716964,STR-2307-HFLBHW,482 Dufferin St,,M6K,Townhouse/ Row House,9,Davenport
4716965,STR-2307-HMSBHX,15 Iceboat Ter,1612,M5V,Condominium,10,Spadina-Fort York
4716966,STR-2307-GQPPHT,363 Strathmore Blvd,,M4C,Single/Semi-detached House,19,Beaches-East York
4716967,STR-2307-GXVPHV,3 Jean Dempsey Gt,,M1C,Single/Semi-detached House,25,Scarborough-Rouge Park
4716968,STR-2307-HPHPHX,363 Strathmore Blvd,Basement,M4C,Single/Semi-detached House,19,Beaches-East York
4716969,STR-2307-JDVPHZ,1540A King St W,2A,M6K,Condominium,4,Parkdale-High Park
4716970,STR-2307-FSLBHQ,12 York St,4808,M5J,Condominium,10,Spadina-Fort York
4716971,STR-2307-JGBPHZ,194 Dixon Rd,,M9P,Single/Semi-detached House,1,Etobicoke North
4716972,STR-2307-JGSBHZ,151 Dan Leckie Way,908,M5V,Condominium,10,Spadina-Fort York
4716973,STR-2307-FVJVHR,145 Marlee Ave,1702,M6B,Apartment,8,Eglinton-Lawrence
4716974,STR-2307-GCQVHS,20 Whistle Post St,,M4E,Single/Semi-detached House,19,Beaches-East York
4716975,STR-2307-HBJVHW,35 Mariner Ter,1111,M5V,Condominium,10,Spadina-Fort York
4716976,STR-2307-FFMHHP,19 Hillsboro Ave,,M5R,Single/Semi-detached House,11,University-Rosedale
4716977,STR-2307-FMTHHQ,549 Perth Ave,Upper,M6N,Duplex/Triplex/Fourplex,9,Davenport
4716978,STR-2307-GLMHHT,9 Fairmount Cres,,M4L,Single/Semi-detached House,19,Beaches-East York
4716979,STR-2307-GMCVHT,287 Humberside Ave,,M6P,Single/Semi-detached House,4,Parkdale-High Park
4716980,STR-2307-HTCVHY,2 Houston Cres,,M2J,Single/Semi-detached House,17,Don Valley North
4716981,STR-2307-FXGHHR,137 Pineway Blvd,,M2H,Single/Semi-detached House,17,Don Valley North
4716982,STR-2307-GFMHHS,101 Poynter Dr,,M9R,Single/Semi-detached House,2,Etobicoke Centre
4716983,STR-2307-HDGHHW,69 Lynn Williams St,814,M6K,Condominium,10,Spadina-Fort York
4716984,STR-2307-FQQVHQ,8 Tottenham Rd,,M3C,Single/Semi-detached House,16,Don Valley East
4716985,STR-2307-GPJVHT,604 O'Connor Dr,,M4C,Single/Semi-detached House,19,Beaches-East York
4716986,STR-2307-HMCVHX,342 Harvie Ave,,M6E,Single/Semi-detached House,9,Davenport
4716987,STR-2307-FRWVHQ,200 Victoria St,1506,M5B,Apartment,13,Toronto Centre
4716988,STR-2307-FZCVHR,15 Merchants' Wharf,805,M5A,Condominium,10,Spadina-Fort York
4716989,STR-2307-GHJVHS,21 Iceboat Ter,532,M5V,Condominium,10,Spadina-Fort York
4716990,STR-2307-HPJVHX,85 Bloor St E,2008,M4W,Condominium,11,University-Rosedale
4716991,STR-2307-HWQVHY,251 Jarvis St,4106,M5B,Condominium,13,Toronto Centre
4716992,STR-2307-HGTHHW,13 Fifth St,,M5J,Single/Semi-detached House,10,Spadina-Fort York
4716993,STR-2307-JFMHHZ,1 Cotillion Crt,,M9A,Single/Semi-detached House,2,Etobicoke Centre
4716994,STR-2307-GBJVHR,163 Donald Ave,,M6M,Single/Semi-detached House,5,York South-Weston
4716995,STR-2307-GZTHHV,81 Mitchell Ave,,M6J,Single/Semi-detached House,10,Spadina-Fort York
4716996,STR-2307-HHZHHW,120 Harrison Garden Blvd,306,M2N,Condominium,18,Willowdale
4716997,STR-2307-FMFBHQ,26 Purdon Dr,,M3H,Single/Semi-detached House,6,York Centre
4716998,STR-2307-HJSBHX,18 Cedarwood Ave,,M2L,Single/Semi-detached House,15,Don Valley West
4716999,STR-2307-FMVPHQ,277 Hiawatha Rd,,M4L,Single/Semi-detached House,14,Toronto-Danforth
4717000,STR-2307-HKHPHX,932 Royal York Rd,,M8Y,Single/Semi-detached House,3,Etobicoke-Lakeshore
4717001,STR-2307-GDYBHS,115 Isaac Devins Blvd,,M9M,Townhouse/ Row House,7,Humber River-Black Creek
4717002,STR-2307-GMFBHT,11 Plainfield Rd,,M9N,Single/Semi-detached House,5,York South-Weston
4717003,STR-2307-GVLBHV,120 Bell Estate Rd,,M1L,Single/Semi-detached House,20,Scarborough Southwest
4717004,STR-2307-HCSBHW,101 Peter St,1802,M5V,Condominium,10,Spadina-Fort York
4717005,STR-2307-HKYBHX,350 Mill Rd,408,M9C,Condominium,2,Etobicoke Centre
4717006,STR-2307-FGVPHP,12 York St,4603,M5J,Condominium,10,Spadina-Fort York
4717007,STR-2307-FQBPHQ,92 Power St,APT 2,M5A,Duplex/Triplex/Fourplex,13,Toronto Centre
4717008,STR-2307-FXHPHR,19 Agnes Lane,,M4L,Townhouse/ Row House,14,Toronto-Danforth
4717009,STR-2307-GWBPHV,14 York St,6103,M5J,Condominium,10,Spadina-Fort York
4717010,STR-2307-FXYBHR,48 Applemore Rd,,M1B,Single/Semi-detached House,23,Scarborough North
4717011,STR-2307-GPLBHT,120 Homewood Ave,705,M4Y,Apartment,13,Toronto Centre
4717012,STR-2307-HMFBHX,121 Stafford Rd,,M2R,Single/Semi-detached House,18,Willowdale
4717013,STR-2307-HVLBHY,321 Lonsdale Rd,F,M4V,Apartment,12,Toronto-St. Paul's
4717014,STR-2307-FJBPHP,500 Doris Ave,1521,M2N,Condominium,18,Willowdale
4717015,STR-2307-FYPPHR,217 Melita Ave,,M6G,Single/Semi-detached House,12,Toronto-St. Paul's
4717016,STR-2307-GXHPHV,300 Front St W,3312,M5V,Condominium,10,Spadina-Fort York
4717017,STR-2308-FRYBHQ,6 Rolyat St,A,M6J,Single/Semi-detached House,10,Spadina-Fort York
4717018,STR-2308-HPLBHX,482 Milverton Blvd,,M4C,Single/Semi-detached House,19,Beaches-East York
4717019,STR-2308-JDYBHZ,500 Doris Ave,1421,M2N,Condominium,18,Willowdale
4717020,STR-2308-FSPPHQ,12 Glenn Arthur Dr,,M8Y,Single/Semi-detached House,3,Etobicoke-Lakeshore
4717021,STR-2308-GCBPHR,217 Beverley St,3,M5T,Apartment,11,University-Rosedale
4717022,STR-2308-GKHPHS,117A Coxwell Ave,,M4L,Single/Semi-detached House,19,Beaches-East York
4717023,STR-2308-GZVPHV,12 York St,3206,M5J,Condominium,10,Spadina-Fort York
4717024,STR-2308-HYPPHY,11 Valentine Dr,,M3A,Single/Semi-detached House,16,Don Valley East
4717025,STR-2308-FMGHHQ,8 Harlow Cres,,M9V,Single/Semi-detached House,1,Etobicoke North
4717026,STR-2308-GTGHHV,229 Coleridge Ave,,M4C,Single/Semi-detached House,19,Beaches-East York
4717027,STR-2308-HBMHHW,366 Runnymede Rd,,M6S,Single/Semi-detached House,4,Parkdale-High Park
4717028,STR-2308-HZGHHZ,226 Glengarry Ave,,M5M,Single/Semi-detached House,8,Eglinton-Lawrence
4717029,STR-2308-FWCVHR,5 Cushendun Rd,,M1E,Single/Semi-detached House,25,Scarborough-Rouge Park
4717030,STR-2308-GDJVHS,15 Wadsworth Blvd,,M9N,Single/Semi-detached House,5,York South-Weston
4717031,STR-2308-HCCVHW,114 John Tabor Trl,,M1B,Single/Semi-detached House,25,Scarborough-Rouge Park
4717032,STR-2308-HCTHHW,18 Yonge St,3002,M5E,Condominium,10,Spadina-Fort York
4717033,STR-2308-FXJVHR,51 Willow Ave,Main,M4E,Single/Semi-detached House,19,Beaches-East York
4717034,STR-2308-GMWVHT,117 Dawes Rd,,M4C,Single/Semi-detached House,19,Beaches-East York
4717035,STR-2308-GWCVHV,50 Stephanie St,2309,M5T,Apartment,10,Spadina-Fort York
4717036,STR-2308-FHMHHP,155 Yorkville Ave,410,M5R,Condominium,11,University-Rosedale
4717037,STR-2308-FXZHHR,34 Tiago Ave,,M4B,Single/Semi-detached House,19,Beaches-East York
4717038,STR-2308-HDZHHW,10 Capreol Crt,746,M5V,Condominium,10,Spadina-Fort York
4717039,STR-2308-HMGHHX,427 Armadale Ave,,M6S,Single/Semi-detached House,4,Parkdale-High Park
4717040,STR-2308-JDJVHZ,1095 Dundas St W,2,M6J,Single/Semi-detached House,10,Spadina-Fort York
4717041,STR-2308-FJTHHP,101 Peter St,1403,M5V,Condominium,10,Spadina-Fort York
4717042,STR-2308-FRZHHQ,251 Jarvis St,1134,M5B,Condominium,13,Toronto Centre
4717043,STR-2308-GHMHHS,73 Langley Ave,,M4K,Single/Semi-detached House,14,Toronto-Danforth
4717044,STR-2308-FKJVHP,289 Burnett Ave,,M2N,Single/Semi-detached House,18,Willowdale
4717045,STR-2308-GYQVHV,98 Lillian St,726,M4S,Condominium,12,Toronto-St. Paul's
4717046,STR-2308-FTGHHQ,151 Dan Leckie Way,918,M5V,Condominium,10,Spadina-Fort York
4717047,STR-2308-JGGHHZ,213 Franklin Ave,,M6P,Single/Semi-detached House,9,Davenport
4717048,STR-2308-GKJVHS,34 Elmfield Cres,,M1V,Single/Semi-detached House,22,Scarborough-Agincourt
4717049,STR-2308-GSQVHT,15 Zorra St,2205,M8Z,Condominium,3,Etobicoke-Lakeshore
4717050,STR-2308-JGWVHZ,1948 Danforth Avenue,1,M4C,Apartment,19,Beaches-East York
4717051,STR-2308-FVPPHR,520A Bloor St W,1,M5S,Apartment,11,University-Rosedale
4717052,STR-2308-GCVPHS,60 Robinson St,,M6J,Townhouse/ Row House,10,Spadina-Fort York
4717053,STR-2308-GTHPHV,300 Front St W,2104,M5V,Condominium,10,Spadina-Fort York
4717054,STR-2308-HBPPHW,12 York St,3908,M5J,Condominium,10,Spadina-Fort York
4717055,STR-2308-HJVPHX,769 Ossington Ave,,M6G,Single/Semi-detached House,11,University-Rosedale
4717056,STR-2308-HZHPHZ,26 Ridley Gdns,,M6R,Single/Semi-detached House,4,Parkdale-High Park
4717057,STR-2308-GLSBHT,14 York St,5111,M5J,Apartment,10,Spadina-Fort York
4717058,STR-2308-GTYBHV,683 Shaw St,,M6G,Single/Semi-detached House,11,University-Rosedale
4717059,STR-2308-HKLBHX,55 Bremner Blvd,2005,M5J,Condominium,10,Spadina-Fort York
4717060,STR-2308-HLBPHX,177 Betty Ann Dr,,M2N,Single/Semi-detached House,18,Willowdale
4717061,STR-2308-JBPPHZ,878 Bloor St W,3,M6G,Apartment,11,University-Rosedale
4717062,STR-2308-FGYBHP,31 Harjolyn Dr,,M9B,Single/Semi-detached House,3,Etobicoke-Lakeshore
4717063,STR-2308-FXLBHR,155 Murison Blvd,,M1B,Single/Semi-detached House,25,Scarborough-Rouge Park
4717064,STR-2308-GFSBHS,35 Blackburn St,,M4M,Townhouse/ Row House,14,Toronto-Danforth
4717065,STR-2308-GMYBHT,219 Fort York Blvd,623,M5V,Condominium,10,Spadina-Fort York
4717066,STR-2308-HLSBHX,84 Frater Ave,,M4C,Single/Semi-detached House,19,Beaches-East York
4717067,STR-2308-FHPPHP,1 Trefann St,E,M5A,Condominium,13,Toronto Centre
4717068,STR-2308-FQVPHQ,12 New Haven Dr,,M5N,Single/Semi-detached House,8,Eglinton-Lawrence
4717069,STR-2308-GWVPHV,287 Richmond St E,302,M5A,Condominium,13,Toronto Centre
4717070,STR-2308-GXLBHV,55 Bremner Blvd,1603,M5J,Condominium,10,Spadina-Fort York
4717071,STR-2308-GHPPHS,210 Victoria St,1802,M5B,Apartment,13,Toronto Centre
4717072,STR-2308-FZYBHR,441 Sackville St,,M4X,Single/Semi-detached House,13,Toronto Centre
4717073,STR-2308-GJFBHS,94 Caledonia Park Rd,4,M6H,Townhouse/ Row House,9,Davenport
4717074,STR-2308-GRLBHT,2300 St Clair Ave W,906,M6N,Condominium,5,York South-Weston
4717075,STR-2308-HQVPHX,12 York St,3601,M5J,Condominium,10,Spadina-Fort York
4717076,STR-2308-HYBPHY,58 Lyall Ave,,M4E,Single/Semi-detached House,19,Beaches-East York
4717077,STR-2308-FTYBHQ,509 Beecroft Rd,616,M2N,Condominium,18,Willowdale
4717078,STR-2308-GZYBHV,71 First Ave,,M4M,Single/Semi-detached House,14,Toronto-Danforth
4717079,STR-2308-HYSBHY,45 Brookmount Rd,1,M4L,Single/Semi-detached House,19,Beaches-East York
4717080,STR-2308-JGYBHZ,8 Knollview Cres,,M2K,Single/Semi-detached House,17,Don Valley North
4717081,STR-2308-GLCVHT,49 Wicklow Dr,,M1T,Single/Semi-detached House,22,Scarborough-Agincourt
4717082,STR-2308-HSCVHY,1 Amberdale Dr,,M1P,Single/Semi-detached House,21,Scarborough Centre
4717083,STR-2308-HZZHHZ,65 Woodbury Rd,,M8W,Single/Semi-detached House,3,Etobicoke-Lakeshore
4717084,STR-2308-FPQVHQ,19 Hill Garden Rd,,M9P,Single/Semi-detached House,2,Etobicoke Centre
4717085,STR-2308-GVQVHV,2 Augusta Ave,801,M5V,Condominium,10,Spadina-Fort York
4717086,STR-2308-GWGHHV,341 Lumsden Ave,,M4C,Single/Semi-detached House,19,Beaches-East York
4717087,STR-2308-JCGHHZ,34 Western Battery Rd,432,M6K,Townhouse/ Row House,10,Spadina-Fort York
4717088,STR-2308-FHQVHP,21 Belanger Cres,,M1L,Townhouse/ Row House,20,Scarborough Southwest
4717089,STR-2308-GPQVHT,955 Bay St,1111,M5S,Condominium,13,Toronto Centre
4717090,STR-2308-HFCVHW,60 Princess St,446,M5A,Condominium,13,Toronto Centre
4717091,STR-2308-FJGHHP,40 Fountainhead Rd,314,M3J,Apartment,7,Humber River-Black Creek
4717092,STR-2308-GGZHHS,21 Iceboat Ter,729,M5V,Condominium,10,Spadina-Fort York
4717093,STR-2308-GQGHHT,832 Bay St,2008,M5S,Condominium,11,University-Rosedale
4717094,STR-2308-HFTHHW,10 Capreol Crt,917,M5V,Condominium,10,Spadina-Fort York
4717095,STR-2308-GQWVHT,32 Fifeshire Rd,,M2L,Single/Semi-detached House,15,Don Valley West
4717096,STR-2308-GJGHHS,3477 Dundas St W,,M6S,Single/Semi-detached House,4,Parkdale-High Park
4717097,STR-2308-JFTHHZ,43 Rhodes Ave,,M4L,Single/Semi-detached House,14,Toronto-Danforth
4717098,STR-2308-GZZHHV,1239 Dundas St W,306,M6J,Apartment,10,Spadina-Fort York
4717099,STR-2308-JGZHHZ,62 Northcote Ave,2,M6J,Single/Semi-detached House,9,Davenport
4717100,STR-2308-FDPRVP,21 Iceboat Ter,3301,M5V,Condominium,10,Spadina-Fort York
4717101,STR-2308-FLVRVQ,47 Andona Cres,,M1C,Single/Semi-detached House,25,Scarborough-Rouge Park
4717102,STR-2308-FVBRVR,112 Withrow Ave,,M4K,Single/Semi-detached House,14,Toronto-Danforth
4717103,STR-2308-GKPRVT,300 Front St W,3411,M5V,Condominium,10,Spadina-Fort York
4717104,STR-2308-GSVRVV,14 York St,4809,M5J,Condominium,10,Spadina-Fort York
4717105,STR-2308-FVSDVR,52 Pintail Cres,,M3A,Single/Semi-detached House,16,Don Valley East
4717106,STR-2308-GLFDVT,15 Greenview Ave,2510,M2M,Condominium,18,Willowdale
4717107,STR-2308-FWHRVR,250 Westview Blvd,,M4B,Single/Semi-detached House,19,Beaches-East York
4717108,STR-2308-GLVRVT,238 Pineway Blvd,,M2H,Single/Semi-detached House,17,Don Valley North
4717109,STR-2308-HCHRVW,721 Dupont St,,M6G,Duplex/Triplex/Fourplex,11,University-Rosedale
4717110,STR-2308-JBBRVZ,477 Richmond St W,503,M5V,Condominium,10,Spadina-Fort York
4717111,STR-2308-FWYDVR,155 Yorkville Ave,2917,M5R,Condominium,11,University-Rosedale
4717112,STR-2308-HCYDVW,15 Wales Ave,,M5T,Townhouse/ Row House,11,University-Rosedale
4717113,STR-2308-FQHRVQ,488 King St E,,M5A,Townhouse/ Row House,13,Toronto Centre
4717114,STR-2308-FHSDVP,215 Fort York Blvd,3811,M5V,Condominium,10,Spadina-Fort York
4717115,STR-2308-GGLDVS,8 Mayfield Ave,,M6S,Single/Semi-detached House,4,Parkdale-High Park
4717116,STR-2308-GPSDVT,300 Front St W,2506,M5V,Condominium,10,Spadina-Fort York
4717117,STR-2308-GQHRVT,62 Prust Ave,BSMT,M4L,Single/Semi-detached House,14,Toronto-Danforth
4717118,STR-2308-JDPRVZ,14 York St,1809,M5J,Condominium,10,Spadina-Fort York
4717119,STR-2308-FJYDVP,12 York St,504,M5J,Condominium,10,Spadina-Fort York
4717120,STR-2308-FZLDVR,300 Front St W,805,M5V,Condominium,10,Spadina-Fort York
4717121,STR-2308-GHSDVS,65 Bremner Blvd,1605,M5J,Condominium,10,Spadina-Fort York
4717122,STR-2308-HGLDVW,151 Dan Leckie Way,516,M5V,Condominium,10,Spadina-Fort York
4717123,STR-2308-HWYDVY,363 Dovercourt Rd,2nd floor,M6J,Single/Semi-detached House,9,Davenport
4717124,STR-2308-FKPRVP,272 St Clarens Ave,Basement,M6H,Single/Semi-detached House,9,Davenport
4717125,STR-2308-FSVRVQ,300 Front St W,2407,M5V,Condominium,10,Spadina-Fort York
4717126,STR-2308-GBBRVR,219 Fort York Blvd,3307,M5V,Condominium,10,Spadina-Fort York
4717127,STR-2308-GRPRVT,197 Osler St,,M6N,Single/Semi-detached House,9,Davenport
4717128,STR-2308-GYVRVV,300 Front St W,4504,M5V,Condominium,10,Spadina-Fort York
4717129,STR-2308-HHBRVW,210 Victoria St,608,M5B,Condominium,13,Toronto Centre
4717130,STR-2308-GJYDVS,68 Shaver Ave S,,M9B,Single/Semi-detached House,3,Etobicoke-Lakeshore
4717131,STR-2308-HHSDVW,439 St Clarens Ave,BSMT,M6H,Duplex/Triplex/Fourplex,9,Davenport
4717132,STR-2308-FLWXVQ,428 Kenneth Ave,1,M2N,Townhouse/ Row House,18,Willowdale
4717133,STR-2308-GKQXVT,9 London St,,M6G,Single/Semi-detached House,11,University-Rosedale
4717134,STR-2308-HBCXVW,181 Booth Ave,,M4M,Single/Semi-detached House,14,Toronto-Danforth
4717135,STR-2308-HJJXVX,206 Cummer Ave,,M2M,Single/Semi-detached House,18,Willowdale
4717136,STR-2308-GTMKVV,22 Rayside Dr,,M9C,Single/Semi-detached House,2,Etobicoke Centre
4717137,STR-2308-GVCXVV,300 Front St W,2309,M5V,Apartment,10,Spadina-Fort York
4717138,STR-2308-FHCXVP,125 Barker Ave,,M4C,Single/Semi-detached House,19,Beaches-East York
4717139,STR-2308-FQJXVQ,80 Western Battery Rd,2309,M6K,Condominium,10,Spadina-Fort York
4717140,STR-2308-GWJXVV,64 Lionel Heights Cres,,M3A,Single/Semi-detached House,16,Don Valley East
4717141,STR-2308-HVCXVY,19 Revcoe Dr,,M2M,Single/Semi-detached House,18,Willowdale
4717142,STR-2308-HFGKVW,32 East Lynn Ave,,M4C,Single/Semi-detached House,19,Beaches-East York
4717143,STR-2308-HVTKVY,139 Day Ave,,M6E,Single/Semi-detached House,9,Davenport
4717144,STR-2308-GHCXVS,226 Garden Ave,,M6R,Single/Semi-detached House,4,Parkdale-High Park
4717145,STR-2308-JDQXVZ,151 Dan Leckie Way,1038,M5V,Condominium,10,Spadina-Fort York
4717146,STR-2308-GQZKVT,30 Nelson St,202,M5V,Condominium,10,Spadina-Fort York
4717147,STR-2308-HPTKVX,63 Shippigan Cres,,M2J,Single/Semi-detached House,17,Don Valley North
4717148,STR-2308-HXQXVY,13 Allen Ave,,M4M,Single/Semi-detached House,14,Toronto-Danforth
4717149,STR-2308-FTMKVQ,62 Burnaby Blvd,,M5N,Single/Semi-detached House,8,Eglinton-Lawrence
4717150,STR-2308-GBTKVR,1838 Dufferin St,,M6E,Single/Semi-detached House,9,Davenport
4717151,STR-2308-GSGKVT,176 Rosemount Ave,,M9N,Single/Semi-detached House,5,York South-Weston
4717152,STR-2308-HYGKVY,139 Rhodes Ave,,M4L,Single/Semi-detached House,14,Toronto-Danforth
4717153,STR-2308-FDSDVP,1176 Shaw St,,M6G,Single/Semi-detached House,12,Toronto-St. Paul's
4717154,STR-2308-FVFDVR,245 Woburn Ave,,M5M,Single/Semi-detached House,8,Eglinton-Lawrence
4717155,STR-2308-GSYDVV,120 Dallimore Crcl,713,M3C,Condominium,16,Don Valley East
4717156,STR-2308-HRSDVY,21 Haddon Ave,,M1N,Single/Semi-detached House,20,Scarborough Southwest
4717157,STR-2308-FMPRVQ,54 Golden Ave,,M6R,Single/Semi-detached House,4,Parkdale-High Park
4717158,STR-2308-GLHRVT,154 Amberjack Blvd,,M1H,Single/Semi-detached House,24,Scarborough-Guildwood
4717159,STR-2308-FFYDVP,270 Wellington St W,1217,M5V,Condominium,10,Spadina-Fort York
4717160,STR-2308-HKSDVX,645 Davenport Rd,3,M5R,Townhouse/ Row House,12,Toronto-St. Paul's
4717161,STR-2308-FPVRVQ,116 Navenby Cres,,M9L,Townhouse/ Row House,7,Humber River-Black Creek
4717162,STR-2308-GVVRVV,101 Peter St,PH 01,M5V,Condominium,10,Spadina-Fort York
4717163,STR-2308-GWLDVV,39 Twenty Fifth St,2,M8V,Duplex/Triplex/Fourplex,3,Etobicoke-Lakeshore
4717164,STR-2308-HLYDVX,191 Beatrice St,,M6G,Single/Semi-detached House,11,University-Rosedale
4717165,STR-2308-HVFDVY,140 Simcoe St,1104,M5H,Condominium,10,Spadina-Fort York
4717166,STR-2308-HFHRVW,8 Wellesley St E,305,M4Y,Condominium,13,Toronto Centre
4717167,STR-2309-FKBRVP,55 Bremner Blvd,2109,M5J,Condominium,10,Spadina-Fort York
4717168,STR-2309-GYHRVV,2 Parmbelle Cres,,M3A,Single/Semi-detached House,16,Don Valley East
4717169,STR-2309-HXBRVY,208 Queens Quay  W,2213,M5J,Condominium,10,Spadina-Fort York
4717170,STR-2309-FKSDVP,231 Fort York Blvd,1304,M5V,Condominium,10,Spadina-Fort York
4717171,STR-2309-FSYDVQ,101 Peter St,618,M5V,Condominium,10,Spadina-Fort York
4717172,STR-2309-GRSDVT,955 Bay St,405,M5S,Condominium,13,Toronto Centre
4717173,STR-2309-HHFDVW,88 Carr St,5,M5T,Condominium,10,Spadina-Fort York
4717174,STR-2309-HXSDVY,25 St Mary St,1003,M4Y,Apartment,13,Toronto Centre
4717175,STR-2309-FLHRVP,14 York St,3112,M5J,Condominium,10,Spadina-Fort York
4717176,STR-2309-GKBRVS,155 Yorkville Ave,1101,M5R,Condominium,11,University-Rosedale
4717177,STR-2309-HHVRVW,126 Owen Blvd,,M2P,Single/Semi-detached House,15,Don Valley West
4717178,STR-2309-HYHRVY,349 Huntsmill Blvd,,M1W,Single/Semi-detached House,22,Scarborough-Agincourt
4717179,STR-2309-FVGKVR,336 Trudelle St,Upper,M1J,Single/Semi-detached House,21,Scarborough Centre
4717180,STR-2309-GKTKVT,88 Corporate Dr,2708,M1H,Condominium,24,Scarborough-Guildwood
4717181,STR-2309-HJMKVX,98 Nipigon Ave,,M2M,Single/Semi-detached House,18,Willowdale
4717182,STR-2309-HRTKVY,65 Margueretta St,,M6H,Single/Semi-detached House,9,Davenport
4717183,STR-2309-FVWXVR,36 Lorraine Gdns,,M9B,Single/Semi-detached House,2,Etobicoke Centre
4717184,STR-2309-GLJXVT,17 Pembroke St,13,M5A,Condominium,13,Toronto Centre
4717185,STR-2309-FFZKVP,326 Carlaw Ave,203,M4M,Condominium,14,Toronto-Danforth
4717186,STR-2309-HKTKVX,126 Crawford St,,M6J,Single/Semi-detached House,10,Spadina-Fort York
4717187,STR-2309-GFJXVS,8 Fieldway Rd,214,M8Z,Condominium,3,Etobicoke-Lakeshore
4717188,STR-2309-GMQXVT,52 Castlebury Cres,,M2H,Single/Semi-detached House,17,Don Valley North
4717189,STR-2309-GFZKVS,858 Shaw St,,M6G,Single/Semi-detached House,11,University-Rosedale
4717190,STR-2309-JCMKVZ,1 Doverwood Crt,,M2M,Single/Semi-detached House,18,Willowdale
4717191,STR-2309-FHWXVP,38 Santa Barbara Rd,,M2N,Single/Semi-detached House,18,Willowdale
4717192,STR-2309-FRCXVQ,65 Dane Ave,,M6A,Single/Semi-detached House,8,Eglinton-Lawrence
4717193,STR-2309-GGQXVS,71 Denvale Rd,,M4B,Single/Semi-detached House,19,Beaches-East York
4717194,STR-2309-HVWXVY,276 Bogert Ave,,M2N,Single/Semi-detached House,18,Willowdale
4717195,STR-2309-HWMKVY,196 Clonmore Dr,Upper,M1N,Single/Semi-detached House,20,Scarborough Southwest
4717196,STR-2309-FZQXVR,62 Chartland Blvd S,,M1S,Single/Semi-detached House,23,Scarborough North
4717197,STR-2309-HPWXVX,21 Iceboat Ter,PH07,M5V,Condominium,10,Spadina-Fort York
4717198,STR-2309-GJMKVS,59 Lonborough Ave,,M6M,Single/Semi-detached House,5,York South-Weston
4717199,STR-2309-HHGKVW,18 Maitland Ter,412,M4Y,Condominium,13,Toronto Centre
4717200,STR-2309-HXTKVY,209 Fort York Blvd,374,M5V,Condominium,10,Spadina-Fort York
4717201,STR-2309-FLJXVP,30 Sunnycrest Rd,1,M2R,Single/Semi-detached House,6,York Centre
4717202,STR-2309-GBWXVR,593 Greenwood Ave,,M4J,Single/Semi-detached House,14,Toronto-Danforth
4717203,STR-2309-JGQXVZ,35 Gledhill Ave,,M4C,Single/Semi-detached House,19,Beaches-East York
4717204,STR-2309-FDVRVP,155 Yorkville Ave,710,M5R,Condominium,11,University-Rosedale
4717205,STR-2309-FMBRVQ,134 Bartlett Ave,R,M6H,Single/Semi-detached House,9,Davenport
4717206,STR-2309-FVHRVR,165 Legion Rd N,723,M8Y,Condominium,3,Etobicoke-Lakeshore
4717207,STR-2309-GTBRVV,130 Combe Ave,,M3H,Single/Semi-detached House,6,York Centre
4717208,STR-2309-HBHRVW,28 Pakenham Dr,,M9W,Single/Semi-detached House,1,Etobicoke North
4717209,STR-2309-FFLDVP,2154 Dundas St W,205,M6R,Condominium,4,Parkdale-High Park
4717210,STR-2309-FMSDVQ,74 Pembroke St,A,M5A,Single/Semi-detached House,13,Toronto Centre
4717211,STR-2309-GLLDVT,112 George St,702,M5A,Condominium,13,Toronto Centre
4717212,STR-2309-GTSDVV,2 Orley Ave,,M4C,Single/Semi-detached House,19,Beaches-East York
4717213,STR-2309-HKFDVX,155 Yorkville Ave,2011,M5R,Apartment,11,University-Rosedale
4717214,STR-2309-FGBRVP,78 Willesden Rd,,M2H,Single/Semi-detached House,17,Don Valley North
4717215,STR-2309-GVHRVV,323 Armadale Ave,,M6S,Single/Semi-detached House,4,Parkdale-High Park
4717216,STR-2309-HTBRVY,51 Paul Lane Gdns,2,M5T,Townhouse/ Row House,10,Spadina-Fort York
4717217,STR-2309-FPYDVQ,55 Bremner Blvd,3510,M5J,Condominium,10,Spadina-Fort York
4717218,STR-2309-GVYDVV,14 York St,2207,M5J,Condominium,10,Spadina-Fort York
4717219,STR-2309-HTSDVY,223 Timberbank Blvd,,M1W,Single/Semi-detached House,22,Scarborough-Agincourt
4717220,STR-2309-HDVRVW,20 John St,618,M5V,Condominium,10,Spadina-Fort York
4717221,STR-2309-HMBRVX,306 Renforth Dr,,M9C,Single/Semi-detached House,2,Etobicoke Centre
4717222,STR-2309-JCPRVZ,138 Horsham Ave,,M2N,Single/Semi-detached House,18,Willowdale
4717223,STR-2309-FHYDVP,24 Avonwick Gt,,M3A,Single/Semi-detached House,16,Don Valley East
4717224,STR-2309-GGSDVS,165 Legion Rd N,1128,M8Y,Condominium,3,Etobicoke-Lakeshore
4717225,STR-2309-GXFDVV,38 Grenville St,810,M4Y,Condominium,13,Toronto Centre
4717226,STR-2309-HVYDVY,76 MacDonell Ave,,M6R,Single/Semi-detached House,4,Parkdale-High Park
4717227,STR-2309-FRVRVQ,439 Wellesley St E,,M4X,Single/Semi-detached House,13,Toronto Centre
4717228,STR-2309-FZBRVR,27 Spindlewood Dr,,M2J,Single/Semi-detached House,17,Don Valley North
4717229,STR-2309-HGSDVW,560 Front St W,1128,M5V,Condominium,10,Spadina-Fort York
4717230,STR-2309-HPYDVX,266 Harvie Ave,,M6E,Single/Semi-detached House,9,Davenport
4717231,STR-2309-FTBRVQ,222 Elm St,704,M5T,Apartment,11,University-Rosedale
4717232,STR-2309-GBHRVR,2421 Gerrard St E,,M4E,Single/Semi-detached House,19,Beaches-East York
4717233,STR-2309-HQPRVX,206 Queen's Dr,,M9N,Single/Semi-detached House,5,York South-Weston
4717234,STR-2309-HXVRVY,50 Regent St,,M6N,Single/Semi-detached House,5,York South-Weston
4717235,STR-2309-GKFDVS,2573 Lake Shore Blvd W,5,M8V,Apartment,3,Etobicoke-Lakeshore
4717236,STR-2309-HHYDVW,73 Guthrie Ave,,M8Y,Single/Semi-detached House,3,Etobicoke-Lakeshore
4717237,STR-2309-HRFDVX,168 Simcoe St,513,M5H,Condominium,10,Spadina-Fort York
4717238,STR-2309-JGSDVZ,4 Crendon Dr,,M9C,Single/Semi-detached House,2,Etobicoke Centre
4717239,STR-2309-FVJXVR,251 Jarvis St,4512,M5B,Condominium,13,Toronto Centre
4717240,STR-2309-FVZKVR,114 Tandridge Cres,,M9W,Single/Semi-detached House,1,Etobicoke North
4717241,STR-2309-HSMKVY,11 Hucknall Rd,,M3J,Single/Semi-detached House,7,Humber River-Black Creek
4717242,STR-2309-FPJXVQ,451 Pacific Ave,,M6P,Single/Semi-detached House,4,Parkdale-High Park
4717243,STR-2309-GDWXVS,453 Soudan Ave,,M4S,Single/Semi-detached House,15,Don Valley West
4717244,STR-2309-GMTKVT,25 Indian Trl,Lower,M6R,Single/Semi-detached House,4,Parkdale-High Park
4717245,STR-2309-GVZKVV,44 Garnock Ave,,M4K,Single/Semi-detached House,14,Toronto-Danforth
4717246,STR-2309-HLMKVX,7 Trent Ave,,M4C,Single/Semi-detached House,19,Beaches-East York
4717247,STR-2309-FHJXVP,30 Northbrook Rd,,M4J,Single/Semi-detached House,14,Toronto-Danforth
4717248,STR-2309-GGCXVS,80 Western Battery Rd,1912,M6K,Condominium,10,Spadina-Fort York
4717249,STR-2309-GPJXVT,30 Fernwood Park Ave,4,M4E,Duplex/Triplex/Fourplex,19,Beaches-East York
4717250,STR-2309-HMCXVX,112 Springhurst Ave,2A,M6K,Duplex/Triplex/Fourplex,4,Parkdale-High Park
4717251,STR-2309-FYMKVR,68 Pine Cres,,M4E,Single/Semi-detached House,19,Beaches-East York
4717252,STR-2309-GPZKVT,47 Moon Valley Dr,,M9W,Single/Semi-detached House,1,Etobicoke North
4717253,STR-2309-GXGKVV,20 Blue Jays Way,1410,M5V,Condominium,10,Spadina-Fort York
4717254,STR-2309-HMTKVX,26 Parkcrest Dr,,M1M,Single/Semi-detached House,20,Scarborough Southwest
4717255,STR-2309-HVZKVY,7 Crowland Dr,,M9W,Single/Semi-detached House,1,Etobicoke North
4717256,STR-2309-FJQXVP,7 Leggett Ave,,M9P,Single/Semi-detached House,2,Etobicoke Centre
4717257,STR-2309-JDWXVZ,69 Palmerston Ave,Main Floor,M6J,Single/Semi-detached House,10,Spadina-Fort York
4717258,STR-2309-GYMKVV,2028 Dundas St E,,M4L,Single/Semi-detached House,19,Beaches-East York
4717259,STR-2309-FKWXVP,19 Brant St,605,M5V,Condominium,10,Spadina-Fort York
4717260,STR-2309-GBJXVR,14 York St,2608,M5J,Condominium,10,Spadina-Fort York
4717261,STR-2309-JGCXVZ,5 Bisley St,,M4M,Townhouse/ Row House,14,Toronto-Danforth
4717262,STR-2309-FTTKVQ,17 Queen Victoria St,,M4J,Single/Semi-detached House,14,Toronto-Danforth
4717263,STR-2309-GBZKVR,175 Jones Ave,1,M4M,Condominium,14,Toronto-Danforth
4717264,STR-2309-GSMKVT,230 Queens Quay  W,2523,M5J,Condominium,10,Spadina-Fort York
4717265,STR-2309-HHZKVW,42 Gwendolen Cres,,M2N,Single/Semi-detached House,18,Willowdale
4717266,STR-2309-JGTKVZ,668 Victoria Park Ave,,M4C,Single/Semi-detached House,19,Beaches-East York
4717267,STR-2309-FMFDVQ,137 Mammoth Hall Trl,,M1B,Townhouse/ Row House,23,Scarborough North
4717268,STR-2309-FVLDVR,73 Osler St,,M6P,Townhouse/ Row House,9,Davenport
4717269,STR-2309-FWBRVR,151 Dan Leckie Way,912,M5V,Condominium,10,Spadina-Fort York
4717270,STR-2309-GLPRVT,151 Dan Leckie Way,558,M5V,Condominium,10,Spadina-Fort York
4717271,STR-2309-GTVRVV,14 York St,3605,M5J,Condominium,10,Spadina-Fort York
4717272,STR-2309-HZVRVZ,19 Mulham Pl,,M9A,Single/Semi-detached House,2,Etobicoke Centre
4717273,STR-2309-GMFDVT,119 Lascelles Blvd,,M5P,Single/Semi-detached House,12,Toronto-St. Paul's
4717274,STR-2309-GVLDVV,77 Sweeney Dr,,M4A,Single/Semi-detached House,16,Don Valley East
4717275,STR-2309-HKYDVX,25 Tumbleweed Rd,,M2J,Single/Semi-detached House,17,Don Valley North
4717276,STR-2309-HTFDVY,21 Iceboat Ter,2112,M5V,Condominium,10,Spadina-Fort York
4717277,STR-2309-JBLDVZ,101 Peter St,4002,M5V,Condominium,10,Spadina-Fort York
4717278,STR-2309-GFPRVS,2300 St Clair Ave W,113,M6N,Condominium,5,York South-Weston
4717279,STR-2309-HTVRVY,151 Dan Leckie Way,537,M5V,Condominium,10,Spadina-Fort York
4717280,STR-2309-JCBRVZ,54 East Liberty St,1021,M6K,Condominium,10,Spadina-Fort York
4717281,STR-2309-FXYDVR,748 St Clair Ave W,1,M6C,Apartment,12,Toronto-St. Paul's
4717282,STR-2309-GGFDVS,73 Ambercroft Blvd,,M1W,Single/Semi-detached House,22,Scarborough-Agincourt
4717283,STR-2309-FRHRVQ,1 Flax Field Ln,,M2N,Townhouse/ Row House,18,Willowdale
4717284,STR-2309-FYPRVR,235 Rosemount Ave,,M9N,Single/Semi-detached House,5,York South-Weston
4717285,STR-2309-GXHRVV,120 Homewood Ave,311,M4Y,Condominium,13,Toronto Centre
4717286,STR-2309-HFPRVW,120 Homewood Ave,324,M4Y,Condominium,13,Toronto Centre
4717287,STR-2309-HMVRVX,251 Jarvis St,827,M5B,Condominium,13,Toronto Centre
4717288,STR-2309-FRYDVQ,30 Nelson St,1702,M5V,Condominium,10,Spadina-Fort York
4717289,STR-2309-FZFDVR,9 Euclid Ave,,M6J,Townhouse/ Row House,10,Spadina-Fort York
4717290,STR-2309-FKHRVP,196 Delaware Ave,,M6H,Single/Semi-detached House,9,Davenport
4717291,STR-2309-GJBRVS,138 St Helen's Ave,710,M6H,Condominium,9,Davenport
4717292,STR-2309-HGVRVW,59 East Liberty St,112,M6K,Condominium,10,Spadina-Fort York
4717293,STR-2309-HXHRVY,33 Dundonald St,2,M4Y,Townhouse/ Row House,13,Toronto Centre
4717294,STR-2309-JFPRVZ,735 Richmond St W,basement,M6J,Single/Semi-detached House,10,Spadina-Fort York
4717295,STR-2309-FKYDVP,215 Jarvis St,4,M5B,Apartment,13,Toronto Centre
4717296,STR-2309-GRYDVT,18 Burnhamthorpe Park Blvd,,M9A,Single/Semi-detached House,3,Etobicoke-Lakeshore
4717297,STR-2309-HQSDVX,326 Strathmore Blvd,,M4J,Single/Semi-detached House,14,Toronto-Danforth
4717298,STR-2309-HXYDVY,26 Winslow St,,M8Y,Single/Semi-detached House,3,Etobicoke-Lakeshore
4717299,STR-2309-FLPRVP,16 Embers Dr,,M9C,Duplex/Triplex/Fourplex,2,Etobicoke Centre
4717300,STR-2309-GCBRVR,21 Iceboat Ter,3305,M5V,Condominium,10,Spadina-Fort York
4717301,STR-2309-HRHRVX,21 Iceboat Ter,4810,M5V,Condominium,10,Spadina-Fort York
4717302,STR-2309-GCTKVS,4 Claremore Ave,,M1N,Single/Semi-detached House,20,Scarborough Southwest
4717303,STR-2309-HZGKVZ,108 Randolph Rd,,M4G,Single/Semi-detached House,15,Don Valley West
4717304,STR-2309-FMWXVQ,21 Iceboat Ter,223,M5V,Condominium,10,Spadina-Fort York
4717305,STR-2309-GTWXVV,30 Nelson St,1104,M5V,Condominium,10,Spadina-Fort York
4717306,STR-2309-HKJXVX,30 Western Battery Rd,330,M6K,Townhouse/ Row House,10,Spadina-Fort York
4717307,STR-2309-GMGKVT,65 Hargrave Lane,,M4N,Townhouse/ Row House,15,Don Valley West
4717308,STR-2309-HKZKVX,46 Hewitt Ave,,M6R,Single/Semi-detached House,4,Parkdale-High Park
4717309,STR-2309-HTGKVY,25 Savarin St,,M1J,Single/Semi-detached House,21,Scarborough Centre
4717310,STR-2309-HLQXVX,10049 Sheppard Ave E,,M1B,Single/Semi-detached House,25,Scarborough-Rouge Park
4717311,STR-2309-GWTKVV,156 Portland St,615,M5V,Condominium,10,Spadina-Fort York
4717312,STR-2309-JCTKVZ,1161 Islington Ave,,M8Z,Single/Semi-detached House,3,Etobicoke-Lakeshore
4717313,STR-2309-FRJXVQ,463 Warden Ave,,M1L,Single/Semi-detached House,20,Scarborough Southwest
4717314,STR-2309-GGWXVS,512 Bathurst St,1,M5S,Duplex/Triplex/Fourplex,11,University-Rosedale
4717315,STR-2309-GQCXVT,955 Bay St,2008,M5S,Condominium,13,Toronto Centre
4717316,STR-2309-HFQXVW,638 Oakwood Ave,,M6E,Single/Semi-detached House,12,Toronto-St. Paul's
4717317,STR-2309-JDJXVZ,300 Front St W,2901,M5V,Condominium,10,Spadina-Fort York
4717318,STR-2310-GXZKVV,118 Mavety St,,M6P,Single/Semi-detached House,4,Parkdale-High Park
4717319,STR-2310-HWTKVY,28 Linden St,307,M4Y,Condominium,13,Toronto Centre
4717320,STR-2310-HXJXVY,3 Gloucester St,1506,M4Y,Condominium,13,Toronto Centre
4717321,STR-2310-JFQXVZ,14 Lightwood Dr,,M9V,Single/Semi-detached House,1,Etobicoke North
4717322,STR-2310-GRZKVT,300 Front St W,312,M5V,Condominium,10,Spadina-Fort York
4717323,STR-2310-GZGKVV,493 Bloor St W,3,M5S,Apartment,19,Beaches-East York
4717324,STR-2310-HHMKVW,300 Front St W,3613,M5V,Condominium,10,Spadina-Fort York
4717325,STR-2310-HQTKVX,19 Pettibone Sq,,M1W,Single/Semi-detached House,22,Scarborough-Agincourt
4717326,STR-2310-GSQXVT,55 Dallas Rd,,M2R,Single/Semi-detached House,18,Willowdale
4717327,STR-2310-GZWXVV,295 Adelaide St W,801,M5V,Condominium,10,Spadina-Fort York
4717328,STR-2310-HRJXVX,300 Front St W,3009,M5V,Condominium,10,Spadina-Fort York
4717329,STR-2310-GVQXVV,1265 Birchmount Rd,2,M1P,Townhouse/ Row House,21,Scarborough Centre
4717330,STR-2310-GTHRVV,19 Fareham Cres,,M1E,Single/Semi-detached House,24,Scarborough-Guildwood
4717331,STR-2310-HBPRVW,71 Centennial Rd,,M1C,Single/Semi-detached House,25,Scarborough-Rouge Park
4717332,STR-2310-HJVRVX,18 Yonge St,1715,M5E,Condominium,10,Spadina-Fort York
4717333,STR-2310-FMYDVQ,18 Riverdale Ave,,M4K,Single/Semi-detached House,14,Toronto-Danforth
4717334,STR-2310-HCFDVW,128 Burgess Ave,,M4E,Single/Semi-detached House,19,Beaches-East York
4717335,STR-2310-HZYDVZ,9 Talent Cres,,M9M,Single/Semi-detached House,7,Humber River-Black Creek
4717336,STR-2310-FPPRVQ,21 Iceboat Ter,4509,M5V,Condominium,10,Spadina-Fort York
4717337,STR-2310-GZHRVV,17 Baylawn Dr,,M1S,Single/Semi-detached House,22,Scarborough-Agincourt
4717338,STR-2310-GVPRVV,300 Front St W,4506,M5V,Condominium,10,Spadina-Fort York
4717339,STR-2310-HCVRVW,100 Hamilton St,,M4M,Townhouse/ Row House,14,Toronto-Danforth
4717340,STR-2310-HLBRVX,155 Yorkville Ave,1714,M5R,Condominium,11,University-Rosedale
4717341,STR-2310-HTHRVY,245 Carlaw Ave,403,M4M,Condominium,14,Toronto-Danforth
4717342,STR-2310-FGYDVP,21 Iceboat Ter,3701,M5V,Apartment,10,Spadina-Fort York
4717343,STR-2310-FQFDVQ,56 Kilchurn Castle Dr,,M1T,Single/Semi-detached House,22,Scarborough-Agincourt
4717344,STR-2310-GFSDVS,3931 Bloor St W,,M9B,Single/Semi-detached House,3,Etobicoke-Lakeshore
4717345,STR-2310-JCFDVZ,92 Whitburn Cres,Main Floor,M3M,Single/Semi-detached House,6,York Centre
4717346,STR-2310-FHPRVP,140 Simcoe St,602,M5H,Condominium,10,Spadina-Fort York
4717347,STR-2310-FYBRVR,47 Vradenberg Dr,,M1T,Single/Semi-detached House,22,Scarborough-Agincourt
4717348,STR-2310-HFBRVW,45 Minnacote Ave,,M1E,Single/Semi-detached House,25,Scarborough-Rouge Park
4717349,STR-2310-FRLDVQ,23 Sheppard Ave E,2705,M2N,Condominium,18,Willowdale
4717350,STR-2310-GGYDVS,800 King St W,209,M5V,Condominium,10,Spadina-Fort York
4717351,STR-2310-HMYDVX,300 Front St W,2213,M5V,Condominium,10,Spadina-Fort York
4717352,STR-2310-GHPRVS,7 Bow Valley Dr,,M1G,Single/Semi-detached House,24,Scarborough-Guildwood
4717353,STR-2310-GYBRVV,1185 The Queensway,603,M8Z,Condominium,3,Etobicoke-Lakeshore
4717354,STR-2310-HGHRVW,551 Eglinton Ave E,604,M4P,Apartment,15,Don Valley West
4717355,STR-2310-FSSDVQ,65 Ellerbeck St,,M4K,Single/Semi-detached House,14,Toronto-Danforth
4717356,STR-2310-FZYDVR,95 Walnut Ave,,M5V,Single/Semi-detached House,10,Spadina-Fort York
4717357,STR-2310-GJFDVS,1755 Bayview Ave,101,M4G,Apartment,15,Don Valley West
4717358,STR-2310-HQFDVX,11 Ozark Cres,,M4K,Single/Semi-detached House,14,Toronto-Danforth
4717359,STR-2310-HXLDVY,30 Nelson St,2002,M5V,Condominium,10,Spadina-Fort York
4717360,STR-2310-JFSDVZ,26 Symington Ave,,M6P,Townhouse/ Row House,9,Davenport
4717361,STR-2310-GBPRVR,107 Scollard St,2nd,M5R,Single/Semi-detached House,11,University-Rosedale
4717362,STR-2310-HYSDVY,2046 Gerrard St E,,M4E,Single/Semi-detached House,19,Beaches-East York
4717363,STR-2310-JGYDVZ,151 Dan Leckie Way,1602,M5V,Condominium,10,Spadina-Fort York
4717364,STR-2310-GLCXVT,80 Western Battery Rd,1105,M6K,Condominium,10,Spadina-Fort York
4717365,STR-2310-HZJXVZ,27 Vernon St,1,M6P,Single/Semi-detached House,4,Parkdale-High Park
4717366,STR-2310-GDMKVS,215 Fort York Blvd,3003,M5V,Condominium,10,Spadina-Fort York
4717367,STR-2310-GTZKVV,6 Valia Rd,,M1E,Single/Semi-detached House,25,Scarborough-Rouge Park
4717368,STR-2310-HKMKVX,9A Megan Ave,,M1E,Single/Semi-detached House,25,Scarborough-Rouge Park
4717369,STR-2310-FPQXVQ,13 Humbert St,,M6J,Single/Semi-detached House,10,Spadina-Fort York
4717370,STR-2310-HCWXVW,7 Cavell Ave,,M4K,Single/Semi-detached House,14,Toronto-Danforth
4717371,STR-2310-HTJXVY,33 Bay St,4412,M5J,Condominium,10,Spadina-Fort York
4717372,STR-2310-FGZKVP,172 Carolbreen Sq,,M1V,Single/Semi-detached House,23,Scarborough North
4717373,STR-2310-GWGKVV,224 Forest Hill Rd,,M5P,Single/Semi-detached House,12,Toronto-St. Paul's
4717374,STR-2310-HDMKVW,21 Iceboat Ter,3612,M5V,Condominium,10,Spadina-Fort York
4717375,STR-2310-HLTKVX,219 Fort York Blvd,508,M5V,Condominium,10,Spadina-Fort York
4717376,STR-2310-FYTKVR,36 Zorra St,1410,M8Z,Condominium,3,Etobicoke-Lakeshore
4717377,STR-2310-GQGKVT,219 Fort York Blvd,416,M5V,Condominium,10,Spadina-Fort York
4717378,STR-2310-GXMKVV,46 Grove Park Cres,,M2J,Single/Semi-detached House,17,Don Valley North
4717379,STR-2310-HWGKVY,1571 Dupont St,2,M6P,Single/Semi-detached House,9,Davenport
4717380,STR-2310-FZJXVR,38 Grenville St,4408,M4Y,Condominium,13,Toronto Centre
4717381,STR-2310-GYCXVV,36 McNicoll Ave,,M2H,Single/Semi-detached House,17,Don Valley North
4717382,STR-2310-HGJXVW,136 Manitoba St,,M8Y,Townhouse/ Row House,3,Etobicoke-Lakeshore
4717383,STR-2310-HPQXVX,34 Hannaford St,,M4E,Single/Semi-detached House,19,Beaches-East York
4717384,STR-2310-HWWXVY,18 Yonge St,3912,M5E,Condominium,10,Spadina-Fort York
4717385,STR-2310-JFCXVZ,241 Renforth Dr,,M9C,Single/Semi-detached House,2,Etobicoke Centre
4717386,STR-2310-GSCXVT,152 Linsmore Cres,,M4J,Single/Semi-detached House,14,Toronto-Danforth
4717387,STR-2310-GZJXVV,251 Jarvis St,3015,M5B,Condominium,13,Toronto Centre
4717388,STR-2310-HYCXVY,300 Front St W,314,M5V,Condominium,10,Spadina-Fort York
4717389,STR-2310-FLTKVP,6 Elway Crt,3,M6B,Duplex/Triplex/Fourplex,8,Eglinton-Lawrence
4717390,STR-2310-GZZKVV,44 Sherwood Ave,,M1R,Single/Semi-detached House,21,Scarborough Centre
4717391,STR-2310-HRMKVX,300 Front St W,2712,M5V,Condominium,10,Spadina-Fort York
4717392,STR-2310-HYTKVY,38 Abell St,216,M6J,Condominium,9,Davenport
4717393,STR-2310-FDPVHP,14 York St,2912,M5J,Apartment,10,Spadina-Fort York
4717394,STR-2310-FLVVHQ,955 Bay St,,M5S,Condominium,13,Toronto Centre
4717395,STR-2310-FVBVHR,144 Morse St,,M4M,Single/Semi-detached House,14,Toronto-Danforth
4717396,STR-2310-HBBVHW,219 Fort York Blvd,1001,M5V,Apartment,10,Spadina-Fort York
4717397,STR-2310-HJHVHX,219 Fort York Blvd,317,M5V,Apartment,10,Spadina-Fort York
4717398,STR-2310-FFFHHP,216 Argyle St,,M6J,Single/Semi-detached House,9,Davenport
4717399,STR-2310-FVSHHR,2246 Queen St E,B,M4E,Duplex/Triplex/Fourplex,19,Beaches-East York
4717400,STR-2310-GCYHHS,848 Dovercourt Rd,,M6H,Single/Semi-detached House,9,Davenport
4717401,STR-2310-HZLHHZ,12 York St,3408,M5J,Condominium,10,Spadina-Fort York
4717402,STR-2310-FPBVHQ,65 Bremner Blvd,3707,M5J,Condominium,10,Spadina-Fort York
4717403,STR-2310-GDPVHS,10 Capreol Crt,1016,M5V,Condominium,10,Spadina-Fort York
4717404,STR-2310-HSVVHY,300 Front St W,3512,M5V,Condominium,10,Spadina-Fort York
4717405,STR-2310-FWYHHR,259 Donlands Ave,,M4J,Duplex/Triplex/Fourplex,14,Toronto-Danforth
4717406,STR-2310-GMLHHT,110 Erskine Ave,907,M4P,Apartment,15,Don Valley West
4717407,STR-2310-GVSHHV,81 Glendora Ave,,M2N,Single/Semi-detached House,18,Willowdale
4717408,STR-2310-HCYHHW,300 Front St W,4008,M5V,Condominium,10,Spadina-Fort York
4717409,STR-2310-FHBVHP,86 Greenbrook Dr,,M6M,Single/Semi-detached House,5,York South-Weston
4717410,STR-2310-FQHVHQ,7 Triller Ave,,M6K,Single/Semi-detached House,4,Parkdale-High Park
4717411,STR-2310-GPBVHT,14 York St,3705,M5J,Condominium,10,Spadina-Fort York
4717412,STR-2310-GWHVHV,44 Gossamer Ave,,M2M,Single/Semi-detached House,18,Willowdale
4717413,STR-2310-HLVVHX,104 Hollywood Ave,,M2N,Single/Semi-detached House,18,Willowdale
4717414,STR-2310-FHSHHP,102 Ulster St,,M5S,Single/Semi-detached House,11,University-Rosedale
4717415,STR-2310-FQYHHQ,11 Arnott St,,M1K,Single/Semi-detached House,21,Scarborough Centre
4717416,STR-2310-FYFHHR,117 Baycrest Ave,,M6A,Single/Semi-detached House,8,Eglinton-Lawrence
4717417,STR-2310-GPSHHT,196A Beta St,,M8W,Single/Semi-detached House,3,Etobicoke-Lakeshore
4717418,STR-2310-FYVVHR,25 Neighbourhood Lane,104,M8Y,Condominium,3,Etobicoke-Lakeshore
4717419,STR-2310-GHBVHS,915 King St W,201,M6K,Apartment,10,Spadina-Fort York
4717420,STR-2310-JDPVHZ,118 Courcelette Rd,,M1N,Single/Semi-detached House,20,Scarborough Southwest
4717421,STR-2310-GHSHHS,17 Coneflower Cres,204,M2R,Townhouse/ Row House,6,York Centre
4717422,STR-2310-JFFHHZ,1209 Glencairn Ave,,M6B,Single/Semi-detached House,8,Eglinton-Lawrence
4717423,STR-2310-FSVVHQ,41 Athabaska Ave,1,M2M,Single/Semi-detached House,18,Willowdale
4717424,STR-2310-GJHVHS,11 Ellington Dr,,M1R,Single/Semi-detached House,21,Scarborough Centre
4717425,STR-2310-JFVVHZ,12 Beechwood Ave,,M6N,Single/Semi-detached House,5,York South-Weston
4717426,STR-2310-FTLHHQ,100 Western Battery Rd,421,M6K,Condominium,10,Spadina-Fort York
4717427,STR-2310-GZLHHV,60 St David St,,M5A,Townhouse/ Row House,13,Toronto Centre
4717428,STR-2310-HQYHHX,18 Yonge St,1615,M5E,Condominium,10,Spadina-Fort York
4717429,STR-2310-FLXBHQ,275 Blackthorn Ave,,M6N,Single/Semi-detached House,9,Davenport
4717430,STR-2310-FVDBHR,852 Dundas St W,A,M6J,Duplex/Triplex/Fourplex,11,University-Rosedale
4717431,STR-2310-GKRBHT,35 Mariner Ter,809,M5V,Condominium,10,Spadina-Fort York
4717432,STR-2310-HJKBHX,300 Front St W,614,M5V,Condominium,10,Spadina-Fort York
4717433,STR-2310-FMMPHQ,300 Front St W,2902,M5V,Condominium,10,Spadina-Fort York
4717434,STR-2310-GLGPHT,188 Lippincott St,A,M5S,Condominium,11,University-Rosedale
4717435,STR-2310-HSGPHY,83 Northcote Ave,Upper,M6J,Duplex/Triplex/Fourplex,9,Davenport
4717436,STR-2310-GDRBHS,250 Havelock St,,M6H,Single/Semi-detached House,9,Davenport
4717437,STR-2310-HCKBHW,409 Huron St,101,M5S,Apartment,11,University-Rosedale
4717438,STR-2310-FPTPHQ,8 Eaton Park Lane,16,M1W,Townhouse/ Row House,22,Scarborough-Agincourt
4717439,STR-2310-GFGPHS,65 Bremner Blvd,2909,M5J,Condominium,10,Spadina-Fort York
4717440,STR-2310-HCZPHW,11 Jimmy Wisdom Way,,M6E,Single/Semi-detached House,8,Eglinton-Lawrence
4717441,STR-2310-HMMPHX,453 Adelaide St W,,M5V,Townhouse/ Row House,10,Spadina-Fort York
4717442,STR-2310-FHDBHP,21 Iceboat Terr,929,M5V,Condominium,10,Spadina-Fort York
4717443,STR-2310-GPDBHT,27 William Duncan Rd,,M3K,Townhouse/ Row House,6,York Centre
4717444,STR-2310-HDRBHW,165 Legion Rd N,2734,M8Y,Condominium,3,Etobicoke-Lakeshore
4717445,STR-2310-FQZPHQ,12 York St,1803,M5J,Condominium,10,Spadina-Fort York
4717446,STR-2310-GGMPHS,8 Mc Kenzie Ave,,M4W,Single/Semi-detached House,11,University-Rosedale
4717447,STR-2310-HZPVHZ,121 lower Sherbourne st,841,M5A,Condominium,13,Toronto Centre
4717448,STR-2310-FYXBHR,50 Ashbury Ave,,M6E,Duplex/Triplex/Fourplex,12,Toronto-St. Paul's
4717449,STR-2310-HFXBHW,64 Shrewsbury Sq,,M1T,Single/Semi-detached House,22,Scarborough-Agincourt
4717450,STR-2310-HWKBHY,327 Riverdale Ave,,M4J,Single/Semi-detached House,14,Toronto-Danforth
4717451,STR-2310-JDRBHZ,72 Glenridge Rd,,M1M,Single/Semi-detached House,20,Scarborough Southwest
4717452,STR-2310-GHTPHS,500 Sherbourne St,117,M4X,Condominium,13,Toronto Centre
4717453,STR-2310-JFGPHZ,55 Bremner Blvd,2502,M5J,Condominium,10,Spadina-Fort York
4717454,STR-2310-GJKBHS,219 Fort York Blvd,304,M5V,Apartment,10,Spadina-Fort York
4717455,STR-2310-GJZPHS,151 Dan Leckie Way,2002,M5V,Condominium,10,Spadina-Fort York
4717456,STR-2310-GZMPHV,31 Berwick Ave,,M5P,Single/Semi-detached House,12,Toronto-St. Paul's
4717457,STR-2310-FDSHHP,27 Island Rd,18,M1C,Condominium,25,Scarborough-Rouge Park
4717458,STR-2310-FVFHHR,332 Delaware Ave,Bsmt,M6H,Duplex/Triplex/Fourplex,9,Davenport
4717459,STR-2310-HBFHHW,955 Bay St,1212,M5S,Condominium,13,Toronto Centre
4717460,STR-2310-HJLHHX,225 Gladstone Ave,306,M6J,Apartment,9,Davenport
4717461,STR-2310-HRSHHY,1208 Huntingwood Dr,,M1S,Single/Semi-detached House,23,Scarborough North
4717462,STR-2310-HYYHHZ,208 Queens Quay  W,1209,M5J,Condominium,10,Spadina-Fort York
4717463,STR-2310-FFHVHP,955 Bay St,1502,M5S,Condominium,13,Toronto Centre
4717464,STR-2310-FMPVHQ,231 Fort York Blvd,1022,M5V,Condominium,10,Spadina-Fort York
4717465,STR-2310-GLHVHT,210 Simcoe St,1001,M5T,Condominium,10,Spadina-Fort York
4717466,STR-2310-GTPVHV,85 Dawlish Ave,,M4N,Single/Semi-detached House,15,Don Valley West
4717467,STR-2310-FWLHHR,15 Kintyre Ave,,M4M,Single/Semi-detached House,14,Toronto-Danforth
4717468,STR-2310-GDSHHS,14 York St,1107,M5J,Condominium,10,Spadina-Fort York
4717469,STR-2310-GLYHHT,21 Iceboat Ter,2612,M5V,Condominium,10,Spadina-Fort York
4717470,STR-2310-HSYHHY,253 Woodsworth Rd,,M2L,Single/Semi-detached House,15,Don Valley West
4717471,STR-2310-JBFHHZ,87 Leroy Ave,,M4J,Single/Semi-detached House,14,Toronto-Danforth
4717472,STR-2310-FXBVHR,43 Wychwood Ave,,M6G,Single/Semi-detached House,12,Toronto-St. Paul's
4717473,STR-2310-GFHVHS,11A Norwood Rd,,M4E,Single/Semi-detached House,19,Beaches-East York
4717474,STR-2310-GMPVHT,250 Wellington St W,PH40,M5V,Condominium,10,Spadina-Fort York
4717475,STR-2310-FQLHHQ,260 Fisherville Rd,,M2R,Single/Semi-detached House,6,York Centre
4717476,STR-2310-FXSHHR,300 Front St W,2309,M5V,Condominium,10,Spadina-Fort York
4717477,STR-2310-HDSHHW,155 Yorkville Ave,2711,M5R,Condominium,11,University-Rosedale
4717478,STR-2310-HVFHHY,22 Cuthbert Cres,,M4S,Single/Semi-detached House,12,Toronto-St. Paul's
4717479,STR-2310-GGPVHS,955 Bay St,617,M5S,Condominium,13,Toronto Centre
4717480,STR-2310-HMPVHX,29 Lyndale Dr,,M2N,Single/Semi-detached House,18,Willowdale
4717481,STR-2310-JDBVHZ,955 Bay St,3703,M5S,Condominium,13,Toronto Centre
4717482,STR-2310-FRSHHQ,62 Frost St,,M9W,Single/Semi-detached House,1,Etobicoke North
4717483,STR-2310-GHFHHS,832 Bay St,3807,M5S,Condominium,11,University-Rosedale
4717484,STR-2310-HWLHHY,62 East Dr,,M6N,Single/Semi-detached House,5,York South-Weston
4717485,STR-2310-HGPVHW,115 Palm Dr,,M3H,Single/Semi-detached House,6,York Centre
4717486,STR-2310-FKSHHP,31 Hedgewood rd,,M2L,Single/Semi-detached House,15,Don Valley West
4717487,STR-2310-GJLHHS,143 Kingston Rd,,M4L,Single/Semi-detached House,19,Beaches-East York
4717488,STR-2310-GYYHHV,46 Palomino Cres,,M2K,Single/Semi-detached House,17,Don Valley North
4717489,STR-2310-JFYHHZ,251 Manitoba St,605,M8Y,Condominium,3,Etobicoke-Lakeshore
4717490,STR-2310-FTPVHQ,250 Delaware Ave,Laneway,M6H,Single/Semi-detached House,9,Davenport
4717491,STR-2310-HHVVHW,197 East Ave,,M1C,Single/Semi-detached House,25,Scarborough-Rouge Park
4717492,STR-2310-GKTPHT,1A Normandy Blvd,,M4L,Single/Semi-detached House,19,Beaches-East York
4717493,STR-2310-FVXBHR,58B Poulett St,,M5A,Townhouse/ Row House,13,Toronto Centre
4717494,STR-2310-HBXBHW,890 Mount Pleasant Rd,207,M4P,Apartment,12,Toronto-St. Paul's
4717495,STR-2310-HSKBHY,35 Grant St,,M4M,Single/Semi-detached House,14,Toronto-Danforth
4717496,STR-2310-FFZPHP,155 Yorkville Ave,3112,M5R,Condominium,11,University-Rosedale
4717497,STR-2310-FPGPHQ,3 Rowntree Rd,811,M9V,Condominium,1,Etobicoke North
4717498,STR-2311-FGRBHP,1086 Dufferin St,,M6H,Single/Semi-detached House,9,Davenport
4717499,STR-2311-FPXBHQ,871 Sheppard Ave W,47,M3H,Townhouse/ Row House,6,York Centre
4717500,STR-2311-GVXBHV,5229 Dundas St W,711,M9B,Condominium,3,Etobicoke-Lakeshore
4717501,STR-2311-HTRBHY,145 Medland St,,M6P,Single/Semi-detached House,4,Parkdale-High Park
4717502,STR-2311-GXDBHV,119 Barker Ave,,M4C,Single/Semi-detached House,19,Beaches-East York
4717503,STR-2311-FYZPHR,88 Tecumseth St,Main Floor,M6J,Townhouse/ Row House,10,Spadina-Fort York
4717504,STR-2311-GHGPHS,77 Thirty First St,,M8W,Single/Semi-detached House,3,Etobicoke-Lakeshore
4717505,STR-2311-HFZPHW,10 Nassau St,,M5T,Single/Semi-detached House,11,University-Rosedale
4717506,STR-2311-HPGPHX,65 Bremner Blvd,3401,M5J,Condominium,10,Spadina-Fort York
4717507,STR-2311-HPXBHX,220 Gladstone Ave,,M6J,Single/Semi-detached House,9,Davenport
4717508,STR-2311-FKTPHP,815 Dovercourt Rd,,M6H,Single/Semi-detached House,9,Davenport
4717509,STR-2311-GRTPHT,92 Bowie Ave,,M6E,Single/Semi-detached House,8,Eglinton-Lawrence
4717510,STR-2311-GYZPHV,24 Mooreshead Dr,,M9C,Single/Semi-detached House,2,Etobicoke Centre
4717511,STR-2311-HQMPHX,145A Bexhill Ave,,M1L,Single/Semi-detached House,20,Scarborough Southwest
4717512,STR-2311-GSKBHT,35 Mariner Ter,1702,M5V,Condominium,10,Spadina-Fort York
4717513,STR-2311-JGRBHZ,73 Heathview Ave,,M2K,Single/Semi-detached House,17,Don Valley North
4717514,STR-2311-FMBVHQ,108 Northland Ave,,M6N,Single/Semi-detached House,5,York South-Weston
4717515,STR-2311-GCPVHS,194 Sweeney Dr,,M4A,Single/Semi-detached House,16,Don Valley East
4717516,STR-2311-GKVVHT,955 Bay St,320,M5S,Condominium,13,Toronto Centre
4717517,STR-2311-HRVVHY,66 Edgewood Ave,Unit 5,M4L,Apartment,19,Beaches-East York
4717518,STR-2311-HSLHHY,10 Gibbs Rd,407,M9B,Condominium,2,Etobicoke Centre
4717519,STR-2311-HZSHHZ,20 Blue Jays Way,817,M5V,Condominium,10,Spadina-Fort York
4717520,STR-2311-FPHVHQ,18 Yonge St,2908,M5E,Condominium,10,Spadina-Fort York
4717521,STR-2311-FXFHHR,66 Jasper Ave,,M6N,Single/Semi-detached House,5,York South-Weston
4717522,STR-2311-GMSHHT,300 Front St W,714,M5V,Apartment,10,Spadina-Fort York
4717523,STR-2311-GVYHHV,927 Logan Ave,,M4K,Single/Semi-detached House,14,Toronto-Danforth
4717524,STR-2311-JBYHHZ,127 Littles Rd,,M1B,Single/Semi-detached House,25,Scarborough-Rouge Park
4717525,STR-2311-FQPVHQ,219 Fort York Blvd,1302,M5V,Condominium,10,Spadina-Fort York
4717526,STR-2311-FXVVHR,14 York St,2208,M5J,Condominium,10,Spadina-Fort York
4717527,STR-2311-HMBVHX,222 Combe Ave,,M3H,Single/Semi-detached House,6,York Centre
4717528,STR-2311-HVHVHY,12 York St,2901,M5J,Condominium,10,Spadina-Fort York
4717529,STR-2311-GGSHHS,274 Glebeholme Blvd,,M4J,Single/Semi-detached House,14,Toronto-Danforth
4717530,STR-2311-GXFHHV,55 Bremner Blvd,1510,M5J,Condominium,10,Spadina-Fort York
4717531,STR-2311-GXVVHV,1992 Danforth Ave,A,M4C,Townhouse/ Row House,19,Beaches-East York
4717532,STR-2311-HGBVHW,165 Legion Rd N,927,M8Y,Condominium,3,Etobicoke-Lakeshore
4717533,STR-2311-JDVVHZ,88 Harbour St,5209,M5J,Condominium,10,Spadina-Fort York
4717534,STR-2311-JFLHHZ,41 Memorial Park Ave,,M4J,Single/Semi-detached House,14,Toronto-Danforth
4717535,STR-2311-FTBVHQ,37 Boustead Ave,1,M6R,Duplex/Triplex/Fourplex,4,Parkdale-High Park
4717536,STR-2311-HQPVHX,62 Garnet Ave,,M6G,Single/Semi-detached House,11,University-Rosedale
4717537,STR-2311-FLLHHP,67 Madawaska Ave,,M2M,Single/Semi-detached House,18,Willowdale
4717538,STR-2311-FRYHHQ,27 Austin Cres,,M5R,Single/Semi-detached House,12,Toronto-St. Paul's
4717539,STR-2311-GZSHHV,12 York St,5109,M5J,Condominium,10,Spadina-Fort York
4717540,STR-2311-HBKBHW,8 Gladstone Ave,514,M6J,Condominium,9,Davenport
4717541,STR-2311-HZDBHZ,42 Bowmore Rd,,M4L,Single/Semi-detached House,19,Beaches-East York
4717542,STR-2311-FFMPHP,500 Duplex Ave,2608,M4R,Apartment,8,Eglinton-Lawrence
4717543,STR-2311-GLMPHT,34 Western Battery Rd,440,M6K,Condominium,10,Spadina-Fort York
4717544,STR-2311-GTTPHV,11 Lillian St,310,M4S,Condominium,12,Toronto-St. Paul's
4717545,STR-2311-HKGPHX,328 Howland Ave,,M5R,Single/Semi-detached House,12,Toronto-St. Paul's
4717546,STR-2311-HSMPHY,330 Salem Ave,,M6H,Single/Semi-detached House,9,Davenport
4717547,STR-2311-HCRBHW,58 Amsterdam Ave,,M4B,Single/Semi-detached House,19,Beaches-East York
4717548,STR-2311-JBKBHZ,130 Rosedale Valley Rd,801,M4W,Apartment,11,University-Rosedale
4717549,STR-2311-FGTPHP,12 York St,4611,M5J,Condominium,10,Spadina-Fort York
4717550,STR-2311-FPZPHQ,109 Galley Ave,,M6R,Single/Semi-detached House,4,Parkdale-High Park
4717551,STR-2311-GMTPHT,1780 Dufferin St,,M6E,Duplex/Triplex/Fourplex,9,Davenport
4717552,STR-2311-HDGPHW,215 Fort York Blvd,2403,M5V,Condominium,10,Spadina-Fort York
4717553,STR-2311-HLMPHX,23 Idyllwood Cres,,M6P,Single/Semi-detached House,4,Parkdale-High Park
4717554,STR-2311-GGDBHS,49 Leslie St,,M4M,Townhouse/ Row House,14,Toronto-Danforth
4717555,STR-2311-HVKBHY,16 Tower Dr,,M1R,Single/Semi-detached House,21,Scarborough Centre
4717556,STR-2311-JCRBHZ,841 Queen St W,B,M6J,Apartment,10,Spadina-Fort York
4717557,STR-2311-FHZPHP,93 Maclean Ave,Suite B,M4E,Duplex/Triplex/Fourplex,19,Beaches-East York
4717558,STR-2311-GPZPHT,101 Peter St,2612,M5V,Condominium,10,Spadina-Fort York
4717559,STR-2311-HFMPHW,16 Newington Cres,,M9C,Single/Semi-detached House,2,Etobicoke Centre
4717560,STR-2311-JDGPHZ,560 Front St W,602,M5V,Condominium,10,Spadina-Fort York
4717561,STR-2311-HGDBHW,112 O'Connor Dr,,M4K,Single/Semi-detached House,14,Toronto-Danforth
4717562,STR-2311-HXGPHY,713 Lawrence Ave W,8,M6A,Townhouse/ Row House,8,Eglinton-Lawrence
4717563,STR-2311-GBKBHR,14 York St,6402,M5J,Condominium,10,Spadina-Fort York
4717564,STR-2311-GRXBHT,38 Abell St,219,M6J,Condominium,9,Davenport
4717565,STR-2311-HHKBHW,21 Iceboat Ter,4715,M5V,Condominium,10,Spadina-Fort York
4717566,STR-2311-GBZPHR,350 Wellington St W,206,M5V,Condominium,10,Spadina-Fort York
4717567,STR-2311-GKGPHS,804 Millwood Rd,,M4G,Single/Semi-detached House,15,Don Valley West
4717568,STR-2311-HYMPHY,143 Broadlands Blvd,,M3A,Single/Semi-detached House,16,Don Valley East
4717569,STR-2311-FDYHHP,1233 King St W,,M6K,Single/Semi-detached House,4,Parkdale-High Park
4717570,STR-2311-FMFHHQ,92 Earlton Rd,,M1T,Single/Semi-detached House,22,Scarborough-Agincourt
4717571,STR-2311-FVLHHR,161 Elmer Ave,,M4L,Single/Semi-detached House,19,Beaches-East York
4717572,STR-2311-HBLHHW,600 Fleet St,2206,M5V,Condominium,10,Spadina-Fort York
4717573,STR-2311-HJSHHX,695 Gladstone Ave,B,M6H,Single/Semi-detached House,9,Davenport
4717574,STR-2311-HZFHHZ,12 York St,2108,M5J,Condominium,10,Spadina-Fort York
4717575,STR-2311-FFPVHP,69 Lawton Blvd,,M4V,Single/Semi-detached House,12,Toronto-St. Paul's
4717576,STR-2311-GLPVHT,573 Shuter St,,M5A,Townhouse/ Row House,13,Toronto Centre
4717577,STR-2311-HKHVHX,4 MacKenzie Cres,1,M6J,Duplex/Triplex/Fourplex,9,Davenport
4717578,STR-2311-HSPVHY,209 Fort York Blvd,364,M5V,Condominium,10,Spadina-Fort York
4717579,STR-2311-HTFHHY,309 St George St,,M5R,Single/Semi-detached House,11,University-Rosedale
4717580,STR-2311-JBLHHZ,170 Indian Grv,,M6P,Single/Semi-detached House,4,Parkdale-High Park
4717581,STR-2311-FXHVHR,21 Cloud Dr,,M9L,Single/Semi-detached House,7,Humber River-Black Creek
4717582,STR-2311-GMVVHT,123 Bristol Ave,,M6H,Single/Semi-detached House,9,Davenport
4717583,STR-2311-HDHVHW,32 Harrington Cres,,M2M,Single/Semi-detached House,17,Don Valley North
4717584,STR-2311-JCBVHZ,101 Peter St,3008,M5V,Condominium,10,Spadina-Fort York
4717585,STR-2311-FQSHHQ,219 Fort York Blvd,520,M5V,Condominium,10,Spadina-Fort York
4717586,STR-2311-HMFHHX,315 Delaware Ave,,M6H,Single/Semi-detached House,9,Davenport
4717587,STR-2311-FRHVHQ,46 Brock Ave,B,M6K,Single/Semi-detached House,4,Parkdale-High Park
4717588,STR-2311-GGVVHS,300 Front St W,3010,M5V,Condominium,10,Spadina-Fort York
4717589,STR-2311-GQBVHT,560 Front St W,506,M5V,Condominium,10,Spadina-Fort York
4717590,STR-2311-HWBVHY,300 Front St W,2410,M5V,Condominium,10,Spadina-Fort York
4717591,STR-2311-FZFHHR,160 Bedford Rd,307,M5R,Condominium,11,University-Rosedale
4717592,STR-2311-GXYHHV,1666 Queen St E,25,M4L,Townhouse/ Row House,19,Beaches-East York
4717593,STR-2311-JDYHHZ,300 Front St W,1005,M5V,Condominium,10,Spadina-Fort York
4717594,STR-2311-GYPVHV,7 Milk Bottle Lane,,M4C,Apartment,19,Beaches-East York
4717595,STR-2311-HQBVHX,135 Village Green Sq,3422,M1S,Condominium,22,Scarborough-Agincourt
4717596,STR-2311-JFPVHZ,263 Woodfield Rd,,M4L,Single/Semi-detached House,14,Toronto-Danforth
4717597,STR-2311-GBLHHR,133 Ambercroft Blvd,,M1W,Single/Semi-detached House,22,Scarborough-Agincourt
4717598,STR-2311-GCBVHR,238 Horsham Ave,,M2N,Single/Semi-detached House,18,Willowdale
4717599,STR-2311-GKHVHS,188 Cumberland St,1410,M5R,Condominium,11,University-Rosedale
4717600,STR-2311-JGVVHZ,1204 Avenue Rd,,M5N,Townhouse/ Row House,8,Eglinton-Lawrence
4717601,STR-2311-GKZPHT,20 Rosemount Dr,,M1K,Single/Semi-detached House,21,Scarborough Centre
4717602,STR-2311-GTGPHV,91 Strathcona Ave,,M4J,Townhouse/ Row House,14,Toronto-Danforth
4717603,STR-2311-HJTPHX,15 Iceboat Ter,2216,M5V,Condominium,10,Spadina-Fort York
4717604,STR-2311-HZGPHZ,160 Bedford Rd,308,M5R,Condominium,11,University-Rosedale
4717605,STR-2311-FFRBHP,12 Havelock St,,M6H,Single/Semi-detached House,9,Davenport
4717606,STR-2311-GDKBHS,51 Haven Rd,,M6B,Single/Semi-detached House,8,Eglinton-Lawrence
4717607,STR-2311-HKKBHX,6 Angus Dr,,M2J,Single/Semi-detached House,17,Don Valley North
4717608,STR-2311-FQDBHQ,55 Bremner Blvd,4003,M5J,Condominium,10,Spadina-Fort York
4717609,STR-2311-FXKBHR,60 Tannery Rd,1113,M5A,Condominium,13,Toronto Centre
4717610,STR-2311-HTXBHY,24 Noble St,405,M6K,Condominium,4,Parkdale-High Park
4717611,STR-2311-JCDBHZ,251 Jarvis St,4801,M5B,Condominium,13,Toronto Centre
4717612,STR-2311-GPMPHT,37 Tweedrock Cres,,M1E,Single/Semi-detached House,24,Scarborough-Guildwood
4717613,STR-2311-GWTPHV,144 Booth Ave,,M4M,Single/Semi-detached House,14,Toronto-Danforth
4717614,STR-2311-HDZPHW,226 Nairn Ave,,M6E,Single/Semi-detached House,9,Davenport
4717615,STR-2311-JCTPHZ,31 Broomfield Dr,,M1S,Single/Semi-detached House,23,Scarborough North
4717616,STR-2311-HFRBHW,45 Allen Ave,,M4M,Single/Semi-detached House,14,Toronto-Danforth
4717617,STR-2311-HWDBHY,73 Forest Grove Dr,,M2K,Single/Semi-detached House,17,Don Valley North
4717618,STR-2311-GXZPHV,36 Zorra St,2706,M8Z,Condominium,3,Etobicoke-Lakeshore
4717619,STR-2311-HGGPHW,21 Iceboat Ter,2006,M5V,Condominium,10,Spadina-Fort York
4717620,STR-2311-HPMPHX,49 Trehorne Dr,,M9P,Single/Semi-detached House,2,Etobicoke Centre
4717621,STR-2311-FZXBHR,55 Bremner Blvd,2402,M5J,Condominium,10,Spadina-Fort York
4717622,STR-2311-HQDBHX,78 Carr St,5,M5T,Condominium,10,Spadina-Fort York
4717623,STR-2311-GRZPHT,477 Richmond St W,303,M5V,Condominium,10,Spadina-Fort York
4717624,STR-2311-GZGPHV,14 York St,4208,M5J,Condominium,10,Spadina-Fort York
4717625,STR-2311-GZXBHV,70 Simpson Ave,,M4K,Single/Semi-detached House,14,Toronto-Danforth
4717626,STR-2311-HRKBHX,2 Patrick Blvd,,M2J,Single/Semi-detached House,17,Don Valley North
4717627,STR-2311-FFBVHP,155 Yorkville Ave,2304,M5R,Apartment,11,University-Rosedale
4717628,STR-2311-FMHVHQ,57 Crawford St,,M6J,Single/Semi-detached House,10,Spadina-Fort York
4717629,STR-2311-FVPVHR,151 Dan Leckie Way,356,M5V,Condominium,10,Spadina-Fort York
4717630,STR-2311-GTHVHV,275 Manse Rd,94,M1E,Townhouse/ Row House,25,Scarborough-Rouge Park
4717631,STR-2311-HSBVHY,63 Chartway Blvd,,M1C,Single/Semi-detached House,25,Scarborough-Rouge Park
4717632,STR-2312-HJFHHW,409 Huron St,210,M5S,Apartment,11,University-Rosedale
4717633,STR-2311-GTYHHV,151 Dan Leckie Way,1008,M5V,Condominium,10,Spadina-Fort York
4717634,STR-2311-HCFHHW,411 Craven Rd,1,M4L,Single/Semi-detached House,14,Toronto-Danforth
4717635,STR-2311-HSSHHY,6 Prince Hal Cres,,M1T,Single/Semi-detached House,22,Scarborough-Agincourt
4717636,STR-2311-FWVVHR,783 Sammon Ave,,M4C,Single/Semi-detached House,19,Beaches-East York
4717637,STR-2311-GVPVHV,214 Sixth St,,M8V,Single/Semi-detached House,3,Etobicoke-Lakeshore
4717638,STR-2311-HTHVHY,124 Van Horne Ave,1,M2J,Single/Semi-detached House,17,Don Valley North
4717639,STR-2311-FQFHHQ,10 Meadowglen Pl,202,M1G,Condominium,24,Scarborough-Guildwood
4717640,STR-2312-GFSHHS,151 Dan Leckie Way,735,M5V,Condominium,10,Spadina-Fort York
4717641,STR-2312-HTYHHY,40 Leitch Ave,,M3J,Single/Semi-detached House,7,Humber River-Black Creek
4717642,STR-2312-FHPVHP,859 The Queensway,526,M8Z,Condominium,3,Etobicoke-Lakeshore
4717643,STR-2312-FQVVHQ,387 Willard Ave,2,M6S,Single/Semi-detached House,4,Parkdale-High Park
4717644,STR-2312-FYBVHR,250 Wellington St W,933,M5V,Condominium,10,Spadina-Fort York
4717645,STR-2312-GWVVHV,111 Virginia Ave,,M4C,Single/Semi-detached House,19,Beaches-East York
4717646,STR-2312-JCVVHZ,2 Anndale Dr,1802,M2N,Condominium,18,Willowdale
4717647,STR-2312-FJFHHP,145 Blackthorn Ave,,M6N,Single/Semi-detached House,9,Davenport
4717648,STR-2312-FRLHHQ,34 Moran Rd,,M1S,Single/Semi-detached House,23,Scarborough North
4717649,STR-2312-FYSHHR,65 Bremner Blvd,3311,M5J,Condominium,10,Spadina-Fort York
4717650,STR-2312-GXLHHV,151 Dan Leckie Way,2205,M5V,Condominium,10,Spadina-Fort York
4717651,STR-2312-HMYHHX,68 Zezel Way,,M1P,Townhouse/ Row House,21,Scarborough Centre
4717652,STR-2312-HWFHHY,802 Coxwell Ave,,M4C,Single/Semi-detached House,14,Toronto-Danforth
4717653,STR-2312-HWVVHY,321 Mortimer Ave,,M4J,Single/Semi-detached House,14,Toronto-Danforth
4717654,STR-2312-GYSHHV,349C Royal York Rd,6,M8Y,Apartment,3,Etobicoke-Lakeshore
4717655,STR-2312-HQFHHX,318 Richmond St W,704,M5V,Condominium,10,Spadina-Fort York
4717656,STR-2312-FLBVHP,64 Scarboro Beach Blvd,Upper,M4E,Duplex/Triplex/Fourplex,19,Beaches-East York
4717657,STR-2312-GBPVHR,270 Wellington St W,1105,M5V,Condominium,10,Spadina-Fort York
4717658,STR-2312-GZHVHV,3 Brumwell St,,M1C,Single/Semi-detached House,25,Scarborough-Rouge Park
4717659,STR-2312-FTYHHQ,215 Fort York Blvd,2601,M5V,Condominium,10,Spadina-Fort York
4717660,STR-2312-GCFHHR,25 Sheldonbury Cres,,M1W,Single/Semi-detached House,22,Scarborough-Agincourt
4717661,STR-2312-GZYHHV,21 Iceboat Ter,3115,M5V,Condominium,10,Spadina-Fort York
4717662,STR-2312-JGYHHZ,155 Yorkville Ave,1809,M5R,Condominium,11,University-Rosedale
4717663,STR-2312-FMKBHQ,77 Avenue Rd,511,M5R,Apartment,11,University-Rosedale
4717664,STR-2312-GTKBHV,12 York St,5006,M5J,Condominium,10,Spadina-Fort York
4717665,STR-2312-GDMPHS,151 Dan Leckie Way,551,M5V,Condominium,10,Spadina-Fort York
4717666,STR-2312-HKMPHX,300 Front St W,3206,M5V,Condominium,10,Spadina-Fort York
4717667,STR-2312-FGKBHP,300 Front St W,1903,M5V,Condominium,10,Spadina-Fort York
4717668,STR-2312-FWXBHR,221 Balliol St,1626,M4S,Apartment,12,Toronto-St. Paul's
4717669,STR-2312-GMKBHT,300 Front St W,3501,M5V,Condominium,10,Spadina-Fort York
4717670,STR-2312-GVRBHV,8 Hazel Ave,,M4E,Single/Semi-detached House,19,Beaches-East York
4717671,STR-2312-HCXBHW,30 Shore Breeze Dr,228,M8V,Condominium,3,Etobicoke-Lakeshore
4717672,STR-2312-HLTPHX,14 York St,6705,M5J,Condominium,10,Spadina-Fort York
4717673,STR-2312-JCGPHZ,429 Shuter St,B,M5A,Townhouse/ Row House,13,Toronto Centre
4717674,STR-2312-FHRBHP,172 Angus Dr,B,M2J,Single/Semi-detached House,17,Don Valley North
4717675,STR-2312-GPRBHT,219 Fort York Blvd,1912,M5V,Condominium,10,Spadina-Fort York
4717676,STR-2312-HFDBHW,215 Fort York Blvd,3310,M5V,Condominium,10,Spadina-Fort York
4717677,STR-2312-JCXBHZ,66 Amelia St,3,M4X,Apartment,13,Toronto Centre
4717678,STR-2312-JDMPHZ,955 Bay St,1320,M5S,Condominium,13,Toronto Centre
4717679,STR-2312-FSDBHQ,47 Newton Dr,,M2M,Single/Semi-detached House,18,Willowdale
4717680,STR-2312-GHRBHS,177 Holmes Ave,,M2N,Single/Semi-detached House,18,Willowdale
4717681,STR-2312-HPRBHX,197 Ashworth Ave,,M6G,Single/Semi-detached House,12,Toronto-St. Paul's
4717682,STR-2312-GRMPHT,210 Victoria St,2711,M5B,Condominium,13,Toronto Centre
4717683,STR-2312-GSDBHT,14 York St,5804,M5J,Condominium,10,Spadina-Fort York
4717684,STR-2312-FTZPHQ,54 Stephen Dr,A,M8Y,Duplex/Triplex/Fourplex,3,Etobicoke-Lakeshore
4717685,STR-2312-GCGPHR,8 Charlotte St,1006,M5V,Condominium,10,Spadina-Fort York
4717686,STR-2312-GZZPHV,15 Chapman Ave,,M4B,Single/Semi-detached House,19,Beaches-East York
4717687,STR-2312-HRMPHX,80 Western Battery Rd,1802,M6K,Condominium,10,Spadina-Fort York
4717688,STR-2312-HYTPHY,33 Wycliffe Cres,,M2K,Single/Semi-detached House,17,Don Valley North
4717689,STR-2312-JGZPHZ,26 Rolyat St,1,M6J,Duplex/Triplex/Fourplex,10,Spadina-Fort York
4717690,STR-2312-HBBXVW,12 Lacewood Cres,,M3A,Single/Semi-detached House,16,Don Valley East
4717691,STR-2312-HRPXVY,155 Yorkville Ave,501,M5R,Condominium,11,University-Rosedale
4717692,STR-2312-HYVXVZ,128 Angus Dr,,M2J,Single/Semi-detached House,17,Don Valley North
4717693,STR-2312-GLVXVT,219 Fort York Blvd,101,M5V,Condominium,10,Spadina-Fort York
4717694,STR-2312-FWYKVR,51 Chestnut Park Rd,,M4W,Single/Semi-detached House,11,University-Rosedale
4717695,STR-2312-HLFKVX,314 Robert St,,M5S,Single/Semi-detached House,11,University-Rosedale
4717696,STR-2312-FQYKVQ,9 Donald Ave,1,M6M,Apartment,5,York South-Weston
4717697,STR-2312-FYFKVR,96 Hollywood Cres,,M4L,Single/Semi-detached House,19,Beaches-East York
4717698,STR-2312-GPSKVT,28 Havelock St,,M6H,Single/Semi-detached House,9,Davenport
4717699,STR-2312-HVSKVY,7 West Lynn Ave,A,M4C,Single/Semi-detached House,19,Beaches-East York
4717700,STR-2312-GXPXVV,210 Victoria St,1816,M5B,Condominium,13,Toronto Centre
4717701,STR-2312-GTMRVV,438 Vaughan Rd,,M6C,Single/Semi-detached House,12,Toronto-St. Paul's
4717702,STR-2312-HWYKVY,181C De Grassi St,,M4M,Single/Semi-detached House,14,Toronto-Danforth
4717703,STR-2312-GRPXVT,66 Edgewood Ave,4,M4L,Apartment,19,Beaches-East York
4717704,STR-2312-HQHXVX,63 Claremont St,1,M6J,Single/Semi-detached House,10,Spadina-Fort York
4717705,STR-2312-HXPXVY,11 Ovida Ave,,M9B,Single/Semi-detached House,3,Etobicoke-Lakeshore
4717706,STR-2312-JFVXVZ,21 Iceboat Ter,4811,M5V,Condominium,10,Spadina-Fort York
4717707,STR-2312-FTLKVQ,155 Yorkville Ave,1009,M5R,Apartment,11,University-Rosedale
4717708,STR-2312-HHSKVW,10 Lakeview Ave,Main,M6J,Duplex/Triplex/Fourplex,9,Davenport
4717709,STR-2312-FDRDVP,98 Upper Canada Dr,,M2P,Single/Semi-detached House,15,Don Valley West
4717710,STR-2312-GSXDVV,22 Western Battery Rd,119,M6K,Townhouse/ Row House,10,Spadina-Fort York
4717711,STR-2312-HRRDVY,21 Iceboat Ter,2712,M5V,Condominium,10,Spadina-Fort York
4717712,STR-2312-FFGRVP,17 Berkinshaw Cres,BSMT,M3B,Single/Semi-detached House,16,Don Valley East
4717713,STR-2312-FMMRVQ,300 Front St W,4304,M5V,Condominium,10,Spadina-Fort York
4717714,STR-2312-GCZRVS,1173 Dundas St E,218,M4M,Condominium,14,Toronto-Danforth
4717715,STR-2312-HJZRVX,439 Lansdowne Ave,,M6H,Single/Semi-detached House,9,Davenport
4717716,STR-2312-FWKDVR,23 Norval St,,M6N,Single/Semi-detached House,5,York South-Weston
4717717,STR-2312-HCKDVW,346E Jarvis St,,M4Y,Townhouse/ Row House,13,Toronto Centre
4717718,STR-2312-FGMRVP,12 York St,3508,M5J,Condominium,10,Spadina-Fort York
4717719,STR-2312-FPTRVQ,2088 Lawrence Ave W,1007,M9N,Condominium,5,York South-Weston
4717720,STR-2312-GMMRVT,449 St Clarens Ave,,M6H,Single/Semi-detached House,9,Davenport
4717721,STR-2312-FXRDVR,12 York St,2905,M5J,Condominium,10,Spadina-Fort York
4717722,STR-2312-GWKDVV,18 Yonge St,1410,M5E,Condominium,10,Spadina-Fort York
4717723,STR-2312-FQZRVQ,84 Darby Crt,,M1B,Single/Semi-detached House,25,Scarborough-Rouge Park
4717724,STR-2401-HFYKVW,30 Baseball Pl,330,M4M,Condominium,14,Toronto-Danforth
4717725,STR-2312-FZMRVR,38 Abell St,218,M6J,Condominium,9,Davenport
4717726,STR-2312-GSGRVT,227 Donald Ave,,M6M,Single/Semi-detached House,5,York South-Weston
4717727,STR-2312-GJKDVS,10 Capreol Crt,509,M5V,Condominium,10,Spadina-Fort York
4717728,STR-2312-GYXDVV,139 Tamworth Rd,,M2N,Single/Semi-detached House,18,Willowdale
4717729,STR-2312-GBTRVR,28 Coatsworth Cres,,M4C,Single/Semi-detached House,19,Beaches-East York
4717730,STR-2312-HHTRVW,14 York St,1805,M5J,Condominium,10,Spadina-Fort York
4717731,STR-2312-HYGRVY,45 Baseball Place,201,M4M,Condominium,14,Toronto-Danforth
4717732,STR-2312-JGMRVZ,24 Noble St,411,M6K,Apartment,4,Parkdale-High Park
4717733,STR-2312-FFHXVP,85 Cavell Ave,,M4J,Single/Semi-detached House,14,Toronto-Danforth
4717734,STR-2312-GTPXVV,14 Wyvern Rd,,M2K,Single/Semi-detached House,17,Don Valley North
4717735,STR-2312-HSHXVY,8 Gladstone Ave,315,M6J,Condominium,9,Davenport
4717736,STR-2312-HZPXVZ,36 Dixon Ave,Lower,M4L,Duplex/Triplex/Fourplex,19,Beaches-East York
4717737,STR-2312-FPFKVQ,172 Curzon St,,M4M,Single/Semi-detached House,14,Toronto-Danforth
4717738,STR-2401-GRBXVT,36 Erindale Ave,B,M4K,Duplex/Triplex/Fourplex,14,Toronto-Danforth
4717739,STR-2401-GFYKVS,300 Front St W,3705,M5V,Apartment,10,Spadina-Fort York
4717740,STR-2401-HVFKVY,96 Seaton St,B,M5A,Single/Semi-detached House,13,Toronto Centre
4717741,STR-2401-FHVXVP,252B Berkeley St,,M5A,Townhouse/ Row House,13,Toronto Centre
4717742,STR-2401-GXBXVV,79 William Duncan Rd,,M3K,Single/Semi-detached House,6,York Centre
4717743,STR-2401-HFHXVW,20 Sheridan Ave,,M6K,Single/Semi-detached House,9,Davenport
4717744,STR-2401-FJLKVP,597 O'Connor Dr,,M4C,Single/Semi-detached House,19,Beaches-East York
4717745,STR-2401-GQLKVT,300 Front St W,3805,M5V,Condominium,10,Spadina-Fort York
4717746,STR-2401-FKBXVP,1A Branstone Rd,,M6E,Duplex/Triplex/Fourplex,9,Davenport
4717747,STR-2401-HXBXVY,63 Rusholme Rd,,M6J,Single/Semi-detached House,9,Davenport
4717748,STR-2401-GJLKVS,47 Dunraven Dr,,M6M,Single/Semi-detached House,5,York South-Weston
4717749,STR-2401-GBVXVR,2 Anndale Dr,1602,M2N,Condominium,18,Willowdale
4717750,STR-2401-GSHXVT,123 Hillsdale Ave E,,M4S,Single/Semi-detached House,12,Toronto-St. Paul's
4717751,STR-2401-GZPXVV,15 Iceboat Ter,1709,M5V,Condominium,10,Spadina-Fort York
4717752,STR-2401-HYHXVY,15 Hertle Ave,,M4L,Single/Semi-detached House,14,Toronto-Danforth
4717753,STR-2401-FDTRVP,21 Iceboat Ter,1115,M5V,Condominium,10,Spadina-Fort York
4717754,STR-2401-FLZRVQ,145 Caledonia Rd,,M6E,Single/Semi-detached House,9,Davenport
4717755,STR-2401-GCMRVS,20 Rainsford Rd,,M4L,Single/Semi-detached House,19,Beaches-East York
4717756,STR-2401-HRTRVY,123 Woodbine Ave,112,M4L,Condominium,19,Beaches-East York
4717757,STR-2401-FFKDVP,26 Fennings St,,M6J,Townhouse/ Row House,10,Spadina-Fort York
4717758,STR-2401-GLKDVT,101 Peter St,1701,M5V,Condominium,10,Spadina-Fort York
4717759,STR-2401-HBXDVW,10 Stamford Sq S,,M1L,Single/Semi-detached House,20,Scarborough Southwest
4717760,STR-2401-HKDDVX,1239 Victoria Park Ave,,M4B,Single/Semi-detached House,20,Scarborough Southwest
4717761,STR-2401-FFZRVP,133 Bethany Leigh Dr,,M1V,Single/Semi-detached House,23,Scarborough North
4717762,STR-2401-FWMRVR,10 Park Lawn Rd,4003,M8V,Condominium,3,Etobicoke-Lakeshore
4717763,STR-2401-GDTRVS,24 Sheridan Ave,1,M6K,Duplex/Triplex/Fourplex,9,Davenport
4717764,STR-2401-HKTRVX,33 Coxwell Ave,,M4L,Single/Semi-detached House,19,Beaches-East York
4717765,STR-2401-GFKDVS,41 Eileen Ave,,M6N,Single/Semi-detached House,5,York South-Weston
4717766,STR-2401-GMRDVT,2300 St Clair Ave W,509,M6N,Apartment,5,York South-Weston
4717767,STR-2401-GVXDVV,14 York St,307,M5J,Condominium,10,Spadina-Fort York
4717768,STR-2401-JBXDVZ,2 Anndale Dr,607,M2N,Condominium,18,Willowdale
4717769,STR-2401-FHXDVP,24 Unity Rd,,M4J,Single/Semi-detached House,14,Toronto-Danforth
4717770,STR-2401-FRDDVQ,55 Paradelle Cres,1,M3N,Single/Semi-detached House,7,Humber River-Black Creek
4717771,STR-2401-FYKDVR,57 Fairview Ave,,M6P,Single/Semi-detached House,4,Parkdale-High Park
4717772,STR-2401-GXDDVV,14 York St,5610,M5J,Condominium,10,Spadina-Fort York
4717773,STR-2401-HFKDVW,49 Heath St W,,M4V,Single/Semi-detached House,12,Toronto-St. Paul's
4717774,STR-2401-FRTRVQ,2738 St Clair Ave E,Main,M4B,Single/Semi-detached House,19,Beaches-East York
4717775,STR-2401-FYZRVR,44 D'Arcy St,B,M5T,Single/Semi-detached House,11,University-Rosedale
4717776,STR-2401-HFZRVW,68 Monkton Ave,,M8Z,Single/Semi-detached House,3,Etobicoke-Lakeshore
4717777,STR-2401-GHXDVS,173 Timberbank Blvd,,M1W,Single/Semi-detached House,22,Scarborough-Agincourt
4717778,STR-2401-GYKDVV,9 Wilkins Ave,,M5A,Townhouse/ Row House,13,Toronto Centre
4717779,STR-2401-HGRDVW,43 Bernice Cres,,M6N,Single/Semi-detached House,5,York South-Weston
4717780,STR-2401-HXDDVY,783 Adelaide St W,,M6J,Single/Semi-detached House,10,Spadina-Fort York
4717781,STR-2401-FKTRVP,50 Charles St E,2410,M4Y,Condominium,11,University-Rosedale
4717782,STR-2401-GJMRVS,14 York St,5904,M5J,Condominium,10,Spadina-Fort York
4717783,STR-2401-HRDDVX,21 Iceboat Ter,4603,M5V,Condominium,10,Spadina-Fort York
4717784,STR-2401-HYKDVY,701 King St W,411,M5V,Condominium,10,Spadina-Fort York
4717785,STR-2401-JGRDVZ,36 Zorra St,330,M8Z,Condominium,3,Etobicoke-Lakeshore
4717786,STR-2401-GTBXVV,947 Willowdale Ave,,M2M,Apartment,18,Willowdale
4717787,STR-2401-HJPXVX,285 Willow Ave,,M4E,Single/Semi-detached House,19,Beaches-East York
4717788,STR-2401-HZBXVZ,41 Beatrice St,C,M6J,Single/Semi-detached House,11,University-Rosedale
4717789,STR-2401-HKFKVX,223 Lisgar St,,M6J,Duplex/Triplex/Fourplex,9,Davenport
4717790,STR-2401-FPHXVQ,219 Fort York Blvd,1406,M5V,Condominium,10,Spadina-Fort York
4717791,STR-2401-FWPXVR,75 Oak Park Ave,,M4C,Single/Semi-detached House,19,Beaches-East York
4717792,STR-2402-GWTRVV,1441 Dufferin St,3,M6H,Apartment,9,Davenport
4717793,STR-2401-HTBXVY,2A Church St,910,M5E,Condominium,10,Spadina-Fort York
4717794,STR-2401-GMSKVT,21 Iceboat Ter,2111,M5V,Condominium,10,Spadina-Fort York
4717795,STR-2401-GVYKVV,42 Aspendale Dr,upper,M1P,Single/Semi-detached House,21,Scarborough Centre
4717796,STR-2401-HDFKVW,33 Anewen Dr,,M4A,Single/Semi-detached House,16,Don Valley East
4717797,STR-2401-FQPXVQ,151 Dan Leckie Way,937,M5V,Apartment,10,Spadina-Fort York
4717798,STR-2401-FXVXVR,76 Milverton Blvd,,M4J,Single/Semi-detached House,14,Toronto-Danforth
4717799,STR-2401-HMBXVX,21 Grand Magazine St,709,M5V,Apartment,10,Spadina-Fort York
4717800,STR-2401-FHYKVP,28 Ted Rogers Way,4302,M4Y,Apartment,11,University-Rosedale
4717801,STR-2401-JDFKVZ,37 Dundonald St,,M4Y,Single/Semi-detached House,13,Toronto Centre
4717802,STR-2401-GRFKVT,41 South Marine Dr,,M1E,Single/Semi-detached House,24,Scarborough-Guildwood
4717803,STR-2401-HGSKVW,60 Princess St,1113,M5A,Condominium,13,Toronto Centre
4717804,STR-2401-JFLKVZ,41 Brightwood St,BSMENT,M3H,Apartment,6,York Centre
4717805,STR-2401-GBHXVR,108 Grenadier Rd,,M6R,Single/Semi-detached House,4,Parkdale-High Park
4717806,STR-2401-HQPXVX,300 Front St W,711,M5V,Condominium,10,Spadina-Fort York
4717807,STR-2401-HXVXVY,199 Richmond St W,1805,M5V,Condominium,10,Spadina-Fort York
4717808,STR-2401-FLLKVP,105 George St,2009,M5A,Condominium,13,Toronto Centre
4717809,STR-2401-GBYKVR,65 Bremner Blvd,4606,M5J,Condominium,10,Spadina-Fort York
4717810,STR-2401-GKFKVS,150 Logan Ave,207,M4M,Condominium,14,Toronto-Danforth
4717811,STR-2401-GSLKVT,300 Front St W,2502,M5V,Condominium,10,Spadina-Fort York
4717812,STR-2401-GZSKVV,300 Front St W,4202,M5V,Condominium,10,Spadina-Fort York
4717813,STR-2401-FMDDVQ,890 Queen St E,A,M4M,Duplex/Triplex/Fourplex,14,Toronto-Danforth
4717814,STR-2401-FVKDVR,715 Lawrence Ave W,24,M6A,Condominium,8,Eglinton-Lawrence
4717815,STR-2401-HBZRVW,181 Baldwin St,202,M5T,Apartment,11,University-Rosedale
4717816,STR-2401-HKGRVX,57 Cameron St,B,M5T,Duplex/Triplex/Fourplex,10,Spadina-Fort York
4717817,STR-2401-HSMRVY,14 York St,707,M5J,Condominium,10,Spadina-Fort York
4717818,STR-2401-FWRDVR,43 Barksdale Ave,,M3H,Single/Semi-detached House,6,York Centre
4717819,STR-2401-GDXDVS,247 Gamble Ave,,M4J,Single/Semi-detached House,14,Toronto-Danforth
4717820,STR-2401-HKXDVX,21 Iceboat Ter,1022,M5V,Condominium,10,Spadina-Fort York
4717821,STR-2401-HTDDVY,213 Mutual St,,M5B,Townhouse/ Row House,13,Toronto Centre
4717822,STR-2401-GWRDVV,300 Front St W,2514,M5V,Condominium,10,Spadina-Fort York
4717823,STR-2401-HMDDVX,8 Wellesley St E,707,M4Y,Condominium,13,Toronto Centre
4717824,STR-2401-HVKDVY,231 Fort York Blvd,2205,M5V,Condominium,10,Spadina-Fort York
4717825,STR-2401-GPZRVT,300 Front St W,2203,M5V,Condominium,10,Spadina-Fort York
4717826,STR-2401-GXGRVV,7 Glencrest Blvd,,M4B,Single/Semi-detached House,19,Beaches-East York
4717827,STR-2401-FJRDVP,413 Brock Ave,,M6H,Single/Semi-detached House,9,Davenport
4717828,STR-2401-FZDDVR,919 Dufferin St,303,M6H,Apartment,9,Davenport
4717829,STR-2401-HPZRVX,101 Peter St,608,M5V,Condominium,10,Spadina-Fort York
4717830,STR-2401-JFMRVZ,1415 Gerrard St E,2A,M4L,Apartment,14,Toronto-Danforth
4717831,STR-2401-HRGRVX,300 Front St W,2004,M5V,Condominium,10,Spadina-Fort York
4717832,STR-2401-HYMRVY,65 Bertha Ave,,M1L,Single/Semi-detached House,20,Scarborough Southwest
4717833,STR-2401-FFPXVP,181 E De Grassi St N,,M4M,Single/Semi-detached House,14,Toronto-Danforth
4717834,STR-2401-GDHXVS,1190 Dundas St E,620,M4M,Condominium,14,Toronto-Danforth
4717835,STR-2401-FGFKVP,386 Rosewell Ave,A,M4R,Single/Semi-detached House,8,Eglinton-Lawrence
4717836,STR-2401-FPLKVQ,87 Robinson St,,M6J,Single/Semi-detached House,10,Spadina-Fort York
4717837,STR-2401-FWSKVR,40 Scollard St,902,M5R,Apartment,11,University-Rosedale
4717838,STR-2401-GDYKVS,175 Cumberland St,1211,M5R,Apartment,11,University-Rosedale
4717839,STR-2401-HCSKVW,14 York St,2305,M5J,Condominium,10,Spadina-Fort York
4717840,STR-2401-FQBXVQ,219 Fort York Blvd,701,M5V,Condominium,10,Spadina-Fort York
4717841,STR-2401-HTVXVY,14 York St,1901,M5J,Condominium,10,Spadina-Fort York
4717842,STR-2401-GGFKVS,501 Yonge St,4613,M4Y,Condominium,13,Toronto Centre
4717843,STR-2401-GPLKVT,270 Wellington St W,818,M5V,Condominium,10,Spadina-Fort York
4717844,STR-2401-GWSKVV,44 Hooyo Ter,,M6A,Townhouse/ Row House,8,Eglinton-Lawrence
4717845,STR-2401-FRHXVQ,14 York St,2008,M5J,Condominium,10,Spadina-Fort York
4717846,STR-2401-GXHXVV,146 Burbank Dr,Basement,M2K,Single/Semi-detached House,17,Don Valley North
4717847,STR-2401-HMVXVX,15 Endean Ave,,M4M,Single/Semi-detached House,14,Toronto-Danforth
4717848,STR-2401-HWBXVY,325 Westmoreland Ave N,2,M6H,Duplex/Triplex/Fourplex,9,Davenport
4717849,STR-2401-FJSKVP,19 Crosland Dr,,M1R,Single/Semi-detached House,21,Scarborough Centre
4717850,STR-2401-FRYKVQ,14 Crofton Rd,,M4G,Single/Semi-detached House,15,Don Valley West
4717851,STR-2401-GXYKVV,300 Front St W,4212,M5V,Condominium,10,Spadina-Fort York
4717852,STR-2401-FSPXVQ,171 Symons St,,M8V,Single/Semi-detached House,3,Etobicoke-Lakeshore
4717853,STR-2401-GJBXVS,2 Glenheather Ter,Main,M1B,Single/Semi-detached House,25,Scarborough-Rouge Park
4717854,STR-2401-JFPXVZ,136 Gilmour Ave,,M6P,Single/Semi-detached House,4,Parkdale-High Park
4717855,STR-2401-FKYKVP,56 Brookmount Rd,,M4L,Single/Semi-detached House,19,Beaches-East York
4717856,STR-2401-FTFKVQ,284 Gladstone Ave,,M6J,Duplex/Triplex/Fourplex,9,Davenport
4717857,STR-2401-GJSKVS,213 Parliament St,B,M5A,Single/Semi-detached House,13,Toronto Centre
4717858,STR-2401-HHLKVW,39 Niagara St,534,M5V,Apartment,10,Spadina-Fort York
4717859,STR-2401-JGFKVZ,2405 Queen St E,101,M4E,Apartment,19,Beaches-East York
4717860,STR-2401-FLPXVP,26 Glenora Ave,,M6C,Single/Semi-detached House,12,Toronto-St. Paul's
4717861,STR-2401-FTVXVQ,9 Twenty Fourth St,Lower,M8V,Single/Semi-detached House,3,Etobicoke-Lakeshore
4717862,STR-2401-GCBXVR,46 Archwood Cres,,M1R,Single/Semi-detached House,21,Scarborough Centre
4717863,STR-2401-GZVXVV,955 Bay St,2306,M5S,Condominium,13,Toronto Centre
4717864,STR-2401-HRHXVX,98 Seaton St,,M5A,Single/Semi-detached House,13,Toronto Centre
4717865,STR-2401-HJTRVX,14 York St,2106,M5J,Apartment,10,Spadina-Fort York
4717866,STR-2401-HRZRVY,207 Glenwood Cres,,M4B,Single/Semi-detached House,19,Beaches-East York
4717867,STR-2401-GLRDVT,31 Skelmore Cres,,M3A,Single/Semi-detached House,16,Don Valley East
4717868,STR-2401-HSRDVY,65 Bremner Blvd,4007,M5J,Condominium,10,Spadina-Fort York
4717869,STR-2401-FWTRVR,87 Peter St,3101,M5V,Condominium,10,Spadina-Fort York
4717870,STR-2401-GDZRVS,19 Kensington Ave,1,M5T,Single/Semi-detached House,11,University-Rosedale
4717871,STR-2402-GFRDVS,114 Helena Ave,SECOND,M6G,Single/Semi-detached House,12,Toronto-St. Paul's
4717872,STR-2402-GWDDVV,34 Western Battery Rd,422,M6K,Townhouse/ Row House,10,Spadina-Fort York
4717873,STR-2402-FXZRVR,538 Crawford St,,M6G,Single/Semi-detached House,11,University-Rosedale
4717874,STR-2402-GPMRVT,81 Armadale Ave,,M6S,Single/Semi-detached House,4,Parkdale-High Park
4717875,STR-2402-FRKDVQ,29 Dunraven Dr,1,M6M,Duplex/Triplex/Fourplex,5,York South-Weston
4717876,STR-2402-GGXDVS,300 Front St W,3907,M5V,Condominium,10,Spadina-Fort York
4717877,STR-2402-FWGRVR,316 Oakwood Ave,Basement,M6E,Apartment,9,Davenport
4717878,STR-2402-HFRDVW,955 Bay St,426,M5S,Condominium,13,Toronto Centre
4717879,STR-2402-FJTRVP,63 Tillplain Rd,Suite-BSMT,M3H,Single/Semi-detached House,6,York Centre
4717880,STR-2402-GHMRVS,36 Ashbury Ave,1,M6E,Duplex/Triplex/Fourplex,12,Toronto-St. Paul's
4717881,STR-2402-HWTRVY,300 Front St W,814,M5V,Condominium,10,Spadina-Fort York
4717882,STR-2402-GYRDVV,188 Cumberland St,805,M5R,Condominium,11,University-Rosedale
4717883,STR-2402-HHMRVW,6 Clayland Dr,,M3A,Single/Semi-detached House,16,Don Valley East
4717884,STR-2402-FTXDVQ,8 Charlotte St,1903,M5V,Condominium,10,Spadina-Fort York
4717885,STR-2402-HYRDVY,51 Homewood Ave,2,M4Y,Apartment,13,Toronto Centre
4717886,STR-2402-JGXDVZ,49 Arjay Cres,,M2L,Single/Semi-detached House,15,Don Valley West
4717887,STR-2402-FFBXVP,262 Beatrice St,B,M6G,Townhouse/ Row House,11,University-Rosedale
4717888,STR-2402-GCVXVS,300 Front St W,610,M5V,Condominium,10,Spadina-Fort York
4717889,STR-2402-HSBXVY,175 Greyabbey Trl,,M1E,Single/Semi-detached House,25,Scarborough-Rouge Park
4717890,STR-2402-FFSKVP,77 Harbour Sq,1205,M5J,Condominium,10,Spadina-Fort York
4717891,STR-2402-FMYKVQ,21 Iceboat Ter,626,M5V,Condominium,10,Spadina-Fort York
4717892,STR-2402-HCFKVW,14 York St,1412,M5J,Apartment,10,Spadina-Fort York
4717893,STR-2402-FWVXVR,101 Peter St,1501,M5V,Condominium,10,Spadina-Fort York
4717894,STR-2402-GFBXVS,55 Bremner Blvd,2208,M5J,Condominium,10,Spadina-Fort York
4717895,STR-2402-HLBXVX,155 Legion Rd N,1313,M8Y,Apartment,3,Etobicoke-Lakeshore
4717896,STR-2402-HTHXVY,194 Clinton St,,M6G,Single/Semi-detached House,11,University-Rosedale
4717897,STR-2402-JBPXVZ,650 Queens Quay W,1116,M5V,Condominium,10,Spadina-Fort York
4717898,STR-2402-FXLKVR,662 Davenport Rd,,M5R,Single/Semi-detached House,12,Toronto-St. Paul's
4717899,STR-2402-GFSKVS,10 Cree Ave,,M1M,Single/Semi-detached House,20,Scarborough Southwest
4717900,STR-2402-GWFKVV,155 Yorkville Ave,1718,M5R,Condominium,11,University-Rosedale
4717901,STR-2402-JCFKVZ,185 Thirtieth St,,M8W,Single/Semi-detached House,3,Etobicoke-Lakeshore
4717902,STR-2402-FHPXVP,18 Yonge St,2310,M5E,Condominium,10,Spadina-Fort York
4717903,STR-2402-FQVXVQ,91A Claremont St,BSMT,M6J,Single/Semi-detached House,10,Spadina-Fort York
4717904,STR-2402-FYBXVR,21 Risdon Crt,,M9C,Single/Semi-detached House,2,Etobicoke Centre
4717905,STR-2403-GVLPHV,61 Dane Ave,BSMT,M6A,Single/Semi-detached House,8,Eglinton-Lawrence
4717906,STR-2402-FJFKVP,10 Plymouth Ave,4,M6J,Townhouse/ Row House,11,University-Rosedale
4717907,STR-2402-FRLKVQ,955 Bay St,904,M5S,Condominium,13,Toronto Centre
4717908,STR-2402-FYSKVR,661 Conacher Dr,,M2M,Single/Semi-detached House,18,Willowdale
4717909,STR-2402-GGYKVS,12 Harley Ave,,M5M,Single/Semi-detached House,8,Eglinton-Lawrence
4717910,STR-2402-FJVXVP,50 Stephanie St,1706,M5T,Apartment,10,Spadina-Fort York
4717911,STR-2402-GHPXVS,22 Nanton Ave,,M4W,Single/Semi-detached House,11,University-Rosedale
4717912,STR-2402-GQVXVT,7 Lorraine Dr,1810,M2N,Condominium,18,Willowdale
4717913,STR-2402-HPPXVX,120 Harrison Garden Blvd,912,M2N,Condominium,18,Willowdale
4717914,STR-2402-JFSKVZ,840 Queen's Plate Dr,1403,M9W,Condominium,1,Etobicoke North
4717915,STR-2402-GSBXVT,251 Jarvis St,308,M5B,Condominium,13,Toronto Centre
4717916,STR-2402-GKLKVS,14 York St,6001,M5J,Condominium,10,Spadina-Fort York
4717917,STR-2402-HJFKVW,7 Watkinson Ave,104,M6P,Condominium,4,Parkdale-High Park
4717918,STR-2402-FMKDVQ,85 Bloor St E,708,M4W,Condominium,11,University-Rosedale
4717919,STR-2402-GCXDVS,4 Omaha Ave,,M5J,Single/Semi-detached House,10,Spadina-Fort York
4717920,STR-2402-HJXDVX,20 Carlton St,521,M5B,Condominium,13,Toronto Centre
4717921,STR-2402-HSDDVY,219 Fort York Blvd,1606,M5V,Condominium,10,Spadina-Fort York
4717922,STR-2402-HZKDVZ,46 Western Battery Rd,820,M6K,Townhouse/ Row House,10,Spadina-Fort York
4717923,STR-2402-FMZRVQ,27 Gamble Ave,611,M4K,Apartment,14,Toronto-Danforth
4717924,STR-2402-GTZRVV,59 Hocken Ave,,M6G,Single/Semi-detached House,12,Toronto-St. Paul's
4717925,STR-2402-HCGRVW,12 York St,5506,M5J,Condominium,10,Spadina-Fort York
4717926,STR-2402-GFDDVS,209 Fort York Blvd,1272,M5V,Condominium,10,Spadina-Fort York
4717927,STR-2402-GVRDVV,14 York St,3806,M5J,Condominium,10,Spadina-Fort York
4717928,STR-2402-HLDDVX,300 Front St W,4204,M5V,Condominium,10,Spadina-Fort York
4717929,STR-2402-FGZRVP,832 Bay St,1505,M5S,Condominium,11,University-Rosedale
4717930,STR-2402-FQGRVQ,199 Richmond St W,313,M5V,Condominium,10,Spadina-Fort York
4717931,STR-2402-GMZRVT,1470 Midland Ave,713,M1P,Condominium,21,Scarborough Centre
4717932,STR-2402-HDMRVW,174 Darlingside Dr,,M1E,Single/Semi-detached House,25,Scarborough-Rouge Park
4717933,STR-2402-FHRDVP,208 Queens Quay W,3604,M5J,Condominium,10,Spadina-Fort York
4717934,STR-2402-FYDDVR,118 Tyndall Ave,809,M6K,Apartment,4,Parkdale-High Park
4717935,STR-2402-GPRDVT,897 Dundas St W,AP 2,M6J,Apartment,10,Spadina-Fort York
4717936,STR-2402-GWXDVV,75 Boon Ave,,M6E,Single/Semi-detached House,9,Davenport
4717937,STR-2402-HMKDVX,134 King Edward Ave,,M4C,Single/Semi-detached House,19,Beaches-East York
4717938,STR-2402-JCXDVZ,26 Glaive Dr,,M1P,Single/Semi-detached House,21,Scarborough Centre
4717939,STR-2402-FJGRVP,6 Brockton Ave,,M6K,Single/Semi-detached House,9,Davenport
4717940,STR-2402-GGZRVS,101 Peter St,3210,M5V,Condominium,10,Spadina-Fort York
4717941,STR-2402-GQGRVT,764 Pape Ave,,M4K,Single/Semi-detached House,14,Toronto-Danforth
4717942,STR-2402-GYDDVV,513 Milverton Blvd,,M4C,Single/Semi-detached House,19,Beaches-East York
4717943,STR-2402-JFDDVZ,21 Iceboat Ter,4111,M5V,Condominium,10,Spadina-Fort York
4717944,STR-2402-FKMRVP,6A Leaside Park Dr,,M4H,Townhouse/ Row House,15,Don Valley West
4717945,STR-2402-FZZRVR,60 Bathurst St,814,M5V,Condominium,10,Spadina-Fort York
4717946,STR-2402-GYTRVV,14 Fairglen Ave,,M1T,Single/Semi-detached House,22,Scarborough-Agincourt
4717947,STR-2402-HXMRVY,10 Capreol Crt,1022,M5V,Condominium,10,Spadina-Fort York
4717948,STR-2402-FTKDVQ,8 Kingscross Sq,Main,M8Z,Single/Semi-detached House,3,Etobicoke-Lakeshore
4717949,STR-2402-GSDDVT,300 Front St W,3905,M5V,Condominium,10,Spadina-Fort York
4717950,STR-2407-FMSVPQ,86 Lindsey Ave,,M6H,Single/Semi-detached House,9,Davenport
4717951,STR-2402-FTZRVQ,188 Fairview Mall Dr,215,M2J,Condominium,17,Don Valley North
4717952,STR-2402-GCGRVR,71 Dawes Rd,,M4C,Single/Semi-detached House,19,Beaches-East York
4717953,STR-2402-GKMRVS,199 Richmond St W,219,M5V,Condominium,10,Spadina-Fort York
4717954,STR-2402-GZZRVV,360 Coxwell Ave,,M4L,Single/Semi-detached House,14,Toronto-Danforth
4717955,STR-2402-HRMRVX,57 Brock Ave,604,M6K,Condominium,4,Parkdale-High Park
4717956,STR-2402-JGZRVZ,41 Delaney Cres,,M6K,Single/Semi-detached House,9,Davenport
4717957,STR-2402-GCJBHS,303 Pape Ave,,M4M,Townhouse/ Row House,14,Toronto-Danforth
4717958,STR-2402-GSWBHV,209 Fort York Blvd,1559,M5V,Condominium,10,Spadina-Fort York
4717959,STR-2402-HRQBHY,65 Oakfield Dr,,M8Y,Single/Semi-detached House,3,Etobicoke-Lakeshore
4717960,STR-2402-HYWBHZ,64 The Westway,,M9P,Single/Semi-detached House,2,Etobicoke Centre
4717961,STR-2402-FMLPHQ,208 Queens Quay W,2210,M5J,Condominium,10,Spadina-Fort York
4717962,STR-2402-GLFPHT,104 Goodwood Park Crt,209,M4C,Apartment,19,Beaches-East York
4717963,STR-2402-HJYPHX,885 Lansdowne Ave,,M6H,Single/Semi-detached House,9,Davenport
4717964,STR-2402-HCJBHW,263 Wellington St W,1005,M5V,Condominium,10,Spadina-Fort York
4717965,STR-2402-JBCBHZ,114 Palmerston Ave,,M6J,Single/Semi-detached House,10,Spadina-Fort York
4717966,STR-2402-FGLPHP,28 Ted Rogers Way,2502,M4Y,Condominium,11,University-Rosedale
4717967,STR-2402-FWYPHR,30 Barrington Ave,,M4C,Single/Semi-detached House,19,Beaches-East York
4717968,STR-2402-HLFPHX,18 Treford Pl,,M6J,Townhouse/ Row House,11,University-Rosedale
4717969,STR-2402-HTLPHY,24 Nassau St,,M5T,Single/Semi-detached House,11,University-Rosedale
4717970,STR-2402-FHCBHP,121 Colonel Danforth Trl,,M1C,Single/Semi-detached House,25,Scarborough-Rouge Park
4717971,STR-2402-FQJBHQ,64 John Lindsay Crt,,M3L,Single/Semi-detached House,7,Humber River-Black Creek
4717972,STR-2402-GWJBHV,65 Bremner Blvd,2506,M5J,Condominium,10,Spadina-Fort York
4717973,STR-2402-HVCBHY,413 Ossington Ave,,M6J,Single/Semi-detached House,11,University-Rosedale
4717974,STR-2402-GGLPHS,44 Ollerton Rd,,M3J,Single/Semi-detached House,7,Humber River-Black Creek
4717975,STR-2402-FRQBHQ,196 Poyntz Ave,,M2N,Single/Semi-detached House,18,Willowdale
4717976,STR-2402-GXQBHV,390 Berkeley St,,M5A,Single/Semi-detached House,13,Toronto Centre
4717977,STR-2402-HFWBHW,14 York St,607,M5J,Condominium,10,Spadina-Fort York
4717978,STR-2402-JDQBHZ,62 The Queensway,,M6S,Single/Semi-detached House,4,Parkdale-High Park
4717979,STR-2402-FJYPHP,5 Leonard Ave,B,M5T,Duplex/Triplex/Fourplex,11,University-Rosedale
4717980,STR-2402-FSFPHQ,121 Kingston Rd,,M4L,Single/Semi-detached House,19,Beaches-East York
4717981,STR-2402-GHSPHS,965 Dufferin St,,M6H,Single/Semi-detached House,9,Davenport
4717982,STR-2402-GYFPHV,15 Bruyeres Mews,1306,M5V,Condominium,10,Spadina-Fort York
4717983,STR-2402-HGLPHW,300 Front St W,1708,M5V,Condominium,10,Spadina-Fort York
4717984,STR-2402-FKQBHP,2 Heathdale Rd,2,M6C,Apartment,12,Toronto-St. Paul's
4717985,STR-2402-GJJBHS,20 High Park Gdns,,M6R,Single/Semi-detached House,4,Parkdale-High Park
4717986,STR-2402-GJYPHS,21 Iceboat Ter,1905,M5V,Condominium,10,Spadina-Fort York
4717987,STR-2402-HQYPHX,678 Mortimer Ave,,M4C,Single/Semi-detached House,19,Beaches-East York
4717988,STR-2402-FDRHHP,50 Merchant Lane,103,M6P,Condominium,9,Davenport
4717989,STR-2402-GCKHHS,127 Frederick Tisdale Dr,,M3K,Townhouse/ Row House,6,York Centre
4717990,STR-2402-GSXHHV,17 Whitaker Ave,,M6J,Townhouse/ Row House,10,Spadina-Fort York
4717991,STR-2402-HJKHHX,61 Tom Wells Cres,,M1V,Single/Semi-detached House,22,Scarborough-Agincourt
4717992,STR-2402-GCZVHS,155 Yorkville Ave,902,M5R,Condominium,11,University-Rosedale
4717993,STR-2402-GTMVHV,75 Pettibone Sq,,M1W,Single/Semi-detached House,22,Scarborough-Agincourt
4717994,STR-2402-HKRHHX,31 1/2 Granby St,B,M5B,Townhouse/ Row House,13,Toronto Centre
4717995,STR-2402-FWZVHR,300 Front St W,4111,M5V,Condominium,10,Spadina-Fort York
4717996,STR-2402-GMMVHT,300 Front St W,1101,M5V,Condominium,10,Spadina-Fort York
4717997,STR-2402-HCZVHW,300 Front St W,2007,M5V,Condominium,10,Spadina-Fort York
4717998,STR-2402-JBTVHZ,55 Bremner Blvd,2606,M5J,Condominium,10,Spadina-Fort York
4717999,STR-2402-FQKHHQ,65 Bremner Blvd,1807,M5J,Condominium,10,Spadina-Fort York
4718000,STR-2402-FXRHHR,466 Pape Ave,Upper,M4K,Duplex/Triplex/Fourplex,14,Toronto-Danforth
4718001,STR-2402-GPDHHT,181 Mill St,1811,M5A,Apartment,10,Spadina-Fort York
4718002,STR-2402-FJKHHP,389 Broadway Ave,,M4P,Single/Semi-detached House,15,Don Valley West
4718003,STR-2402-FYXHHR,57 Berkeley St,,M5A,Townhouse/ Row House,13,Toronto Centre
4718004,STR-2402-GHDHHS,155 Yorkville Ave,319,M5R,Condominium,11,University-Rosedale
4718005,STR-2402-GQKHHT,16 Landour Ave,,M6M,Single/Semi-detached House,5,York South-Weston
4718006,STR-2402-HFXHHW,132 Major St,,M5S,Single/Semi-detached House,11,University-Rosedale
4718007,STR-2402-HWKHHY,12 Danesbury Ave,,M6B,Single/Semi-detached House,8,Eglinton-Lawrence
4718008,STR-2402-FZMVHR,53 Aldridge Ave,,M4C,Single/Semi-detached House,19,Beaches-East York
4718009,STR-2402-GYGVHV,51 Howland Ave,A,M5R,Single/Semi-detached House,11,University-Rosedale
4718010,STR-2402-HPTVHX,155 Yorkville Ave,502,M5R,Condominium,11,University-Rosedale
4718011,STR-2402-JFGVHZ,222 Elm St,1203,M5T,Apartment,11,University-Rosedale
4718012,STR-2403-FSXHHQ,95 Woodbine Ave,,M4L,Single/Semi-detached House,19,Beaches-East York
4718013,STR-2403-GBDHHR,560 Front St W,318,M5V,Condominium,10,Spadina-Fort York
4718014,STR-2403-GJKHHS,14 Disan Crt,,M9V,Single/Semi-detached House,1,Etobicoke North
4718015,STR-2403-GRRHHT,30 Fontenay Crt,805,M9A,Apartment,2,Etobicoke Centre
4718016,STR-2403-GSGVHT,151 Dan Leckie Way,812,M5V,Condominium,10,Spadina-Fort York
4718017,STR-2403-GZMVHV,38 Royal St,,M6N,Single/Semi-detached House,5,York South-Weston
4718018,STR-2403-FLYPHQ,1 Hathway Dr,,M1P,Single/Semi-detached House,21,Scarborough Centre
4718019,STR-2403-GCLPHS,352 Front St W,2214,M5V,Condominium,10,Spadina-Fort York
4718020,STR-2403-HRSPHY,200 Highfield Rd,,M4L,Single/Semi-detached House,14,Toronto-Danforth
4718021,STR-2403-HYYPHZ,6 Loney Ave,,M3L,Single/Semi-detached House,7,Humber River-Black Creek
4718022,STR-2403-FMQBHQ,22 Stonebridge Blvd,,M1W,Single/Semi-detached House,22,Scarborough-Agincourt
4718023,STR-2403-GTQBHV,12 York St,702,M5J,Condominium,10,Spadina-Fort York
4718024,STR-2403-FWLPHR,236 Greenwood Ave,Second Floor,M4L,Duplex/Triplex/Fourplex,14,Toronto-Danforth
4718025,STR-2403-GVFPHV,146 Mulock Ave,Laneway Suite,M6N,Single/Semi-detached House,5,York South-Weston
4718026,STR-2403-HCLPHW,9518 Sheppard Ave E,,M1B,Townhouse/ Row House,25,Scarborough-Rouge Park
4718027,STR-2403-HKSPHX,8 Charlotte St,402,M5V,Condominium,10,Spadina-Fort York
4718028,STR-2403-FPWBHQ,36 Zorra Street,Unit 517,M8Z,Condominium,3,Etobicoke-Lakeshore
4718029,STR-2403-GFJBHS,151 Dan Leckie Way,212,M5V,Condominium,10,Spadina-Fort York
4718030,STR-2403-JBWBHZ,1285 Queen St E,609,M4L,Condominium,14,Toronto-Danforth
4718031,STR-2403-FHFPHP,1029 King St W,1021,M6K,Condominium,10,Spadina-Fort York
4718032,STR-2403-GFYPHS,348 Brunswick Ave,2,M5R,Duplex/Triplex/Fourplex,11,University-Rosedale
4718033,STR-2403-HDSPHW,31 Ranleigh Ave,3,M4N,Apartment,15,Don Valley West
4718034,STR-2403-FHWBHP,231 Fort York Blvd,719,M5V,Condominium,10,Spadina-Fort York
4718035,STR-2403-FRCBHQ,21 Iceboat Ter,1605,M5V,Condominium,10,Spadina-Fort York
4718036,STR-2403-GGQBHS,5 Council Cres,,M3J,Single/Semi-detached House,7,Humber River-Black Creek
4718037,STR-2403-GXCBHV,792 Davenport Rd,,M6G,Single/Semi-detached House,12,Toronto-St. Paul's
4718038,STR-2403-HVWBHY,21 Sorauren Ave,101,M6R,Single/Semi-detached House,4,Parkdale-High Park
4718039,STR-2403-GHFPHS,8 Wellesley St E,602,M4Y,Condominium,13,Toronto Centre
4718040,STR-2403-GXSPHV,38 Grenville St,4008,M4Y,Condominium,13,Toronto Centre
4718041,STR-2403-FKCBHP,2 Hathway Dr,Main,M1P,Single/Semi-detached House,21,Scarborough Centre
4718042,STR-2403-FZQBHR,52 Amberdale Dr,,M1P,Single/Semi-detached House,21,Scarborough Centre
4718043,STR-2403-HPWBHX,16A Resolution Cres,A,M2H,Single/Semi-detached House,17,Don Valley North
4718044,STR-2403-GBFPHR,80 Western Battery Rd,223,M6K,Condominium,10,Spadina-Fort York
4718045,STR-2403-GJLPHS,10 Navy Wharf Crt,2810,M5V,Condominium,10,Spadina-Fort York
4718046,STR-2403-GRSPHT,33 Dundonald St,31B,M4Y,Single/Semi-detached House,13,Toronto Centre
4718047,STR-2403-GYYPHV,5 Sheppard Ave E,1918,M2N,Condominium,18,Willowdale
4718048,STR-2403-HXSPHY,3065 Weston Rd,,M9M,Single/Semi-detached House,7,Humber River-Black Creek
4718049,STR-2403-HRCBHX,45 Enderby Rd,,M4E,Single/Semi-detached House,19,Beaches-East York
4718050,STR-2403-JGQBHZ,151 Dan Leckie Way,1511,M5V,Condominium,10,Spadina-Fort York
4718051,STR-2403-GCMVHS,30 Western Battery Rd,325,M6K,Townhouse/ Row House,10,Spadina-Fort York
4718052,STR-2403-GKTVHT,2 Kames Ave,B,M9N,Single/Semi-detached House,5,York South-Weston
4718053,STR-2403-HBGVHW,822 Sheppard Ave W,1,M3H,Apartment,6,York Centre
4718054,STR-2403-HRTVHY,151 Dan Leckie Way,805,M5V,Condominium,10,Spadina-Fort York
4718055,STR-2403-HKDHHX,1 Ernest Ave,,M6P,Single/Semi-detached House,9,Davenport
4718056,STR-2403-FFZVHP,21 Iceboat Ter,1802,M5V,Condominium,10,Spadina-Fort York
4718057,STR-2403-FPGVHQ,2737 Kipling Ave,2002,M9V,Apartment,1,Etobicoke North
4718058,STR-2403-FWMVHR,21 Iceboat Ter,PH06,M5V,Condominium,10,Spadina-Fort York
4718059,STR-2403-GLZVHT,165 Byng Ave,,M1L,Single/Semi-detached House,20,Scarborough Southwest
4718060,STR-2403-GVGVHV,151 Dan Leckie Way,510,M5V,Condominium,10,Spadina-Fort York
4718061,STR-2403-HKTVHX,324 Lee Ave,,M4E,Single/Semi-detached House,19,Beaches-East York
4718062,STR-2403-HSZVHY,110 Beresford Ave,,M6S,Single/Semi-detached House,4,Parkdale-High Park
4718063,STR-2403-FGRHHP,280 Thirtieth St,,M8W,Single/Semi-detached House,3,Etobicoke-Lakeshore
4718064,STR-2403-FPXHHQ,21 Iceboat Ter,3810,M5V,Condominium,10,Spadina-Fort York
4718065,STR-2403-GVXHHV,264 Markham St,Main,M6J,Single/Semi-detached House,11,University-Rosedale
4718066,STR-2403-HDDHHW,17 Gowan Ave,,M4K,Single/Semi-detached House,14,Toronto-Danforth
4718067,STR-2403-GFZVHS,2369 Danforth Ave,213,M4C,Condominium,19,Beaches-East York
4718068,STR-2403-HVGVHY,17 Boston Ave,,M4M,Single/Semi-detached House,14,Toronto-Danforth
4718069,STR-2403-FRDHHQ,55 Bremner Blvd,2403,M5J,Condominium,10,Spadina-Fort York
4718070,STR-2403-GXDHHV,184 Parkmount Rd,,M4J,Single/Semi-detached House,14,Toronto-Danforth
4718071,STR-2403-HMRHHX,251 Jarvis St,3906,M5B,Condominium,13,Toronto Centre
4718072,STR-2403-HWMVHY,64 Lippincott St,,M5T,Single/Semi-detached House,11,University-Rosedale
4718073,STR-2403-HGRHHW,1269 King St W,2,M6K,Duplex/Triplex/Fourplex,4,Parkdale-High Park
4718074,STR-2403-HPXHHX,108 Fort York Blvd,,M5V,Townhouse/ Row House,10,Spadina-Fort York
4718075,STR-2403-HQMVHX,9 Selby St,Basement,M4Y,Townhouse/ Row House,13,Toronto Centre
4718076,STR-2403-FLKHHP,152 Gore Vale Ave,,M6J,Single/Semi-detached House,10,Spadina-Fort York
4718077,STR-2403-GKDHHS,17 Lyndhurst Crt,,M5R,Single/Semi-detached House,12,Toronto-St. Paul's
4718078,STR-2403-HYKHHY,150 Spears St,,M6N,Single/Semi-detached House,5,York South-Weston
4718079,STR-2403-GKWBHT,33 Dundonald St,35A,M4Y,Single/Semi-detached House,13,Toronto Centre
4718080,STR-2403-HRWBHY,31 Granby St,B,M5B,Townhouse/ Row House,13,Toronto Centre
4718081,STR-2403-FGCBHP,10 Meath Rd,,M9W,Single/Semi-detached House,1,Etobicoke North
4718082,STR-2403-GVJBHV,338 Berkeley St,Laneway,M5A,Single/Semi-detached House,13,Toronto Centre
4718083,STR-2403-HKWBHX,2225 Queen St E,1,M4E,Apartment,19,Beaches-East York
4718084,STR-2403-JBJBHZ,210 Victoria St,4012,M5B,Condominium,13,Toronto Centre
4718085,STR-2403-GFLPHS,368 Spring Garden Ave,,M2N,Single/Semi-detached House,18,Willowdale
4718086,STR-2403-FHJBHP,300 Front St W,3310,M5V,Condominium,10,Spadina-Fort York
4718087,STR-2404-HJWBHX,35 Major St,2,M5S,Duplex/Triplex/Fourplex,11,University-Rosedale
4718088,STR-2403-GWQBHV,55 Bremner Blvd,2504,M5J,Condominium,10,Spadina-Fort York
4718089,STR-2403-JCQBHZ,26 Exford Dr,Lower Unit,M1P,Single/Semi-detached House,21,Scarborough Centre
4718090,STR-2403-GPYPHT,18 Yonge St,903,M5E,Condominium,10,Spadina-Fort York
4718091,STR-2403-HFLPHW,402 King St E,A,M5A,Townhouse/ Row House,13,Toronto Centre
4718092,STR-2403-HVYPHY,46 Wildwood Cres,,M4L,Single/Semi-detached House,19,Beaches-East York
4718093,STR-2403-JDFPHZ,955 Bay St,2602,M5S,Condominium,13,Toronto Centre
4718094,STR-2403-FJQBHP,188 Cumberland St,2310,M5R,Condominium,11,University-Rosedale
4718095,STR-2403-FZCBHR,25 Lower Simcoe St,508,M5J,Condominium,10,Spadina-Fort York
4718096,STR-2403-GQQBHT,300 Front St W,1904,M5V,Condominium,10,Spadina-Fort York
4718097,STR-2403-GXWBHV,158 Wineva Ave,,M4E,Single/Semi-detached House,19,Beaches-East York
4718098,STR-2403-JDWBHZ,418 Delaware Ave,,M6H,Townhouse/ Row House,9,Davenport
4718099,STR-2403-FZSPHR,178 Hanna Rd,,M4G,Single/Semi-detached House,15,Don Valley West
4718100,STR-2403-GRFPHT,155 Yorkville Ave,2808,M5R,Condominium,11,University-Rosedale
4718101,STR-2403-GYLPHV,18 Yonge St,912,M5E,Condominium,10,Spadina-Fort York
4718102,STR-2403-HGSPHW,21 Iceboat Ter,222,M5V,Condominium,10,Spadina-Fort York
4718103,STR-2403-FKWBHP,188 Cumberland St,1110,M5R,Condominium,11,University-Rosedale
4718104,STR-2403-GJQBHS,921 Lansdowne Ave,,M6H,Single/Semi-detached House,9,Davenport
4718105,STR-2403-GRWBHT,12 York St,5106,M5J,Condominium,10,Spadina-Fort York
4718106,STR-2403-HHJBHW,832 Bay St,1005,M5S,Condominium,11,University-Rosedale
4718107,STR-2403-HHYPHW,151 Dan Leckie Way,819,M5V,Condominium,10,Spadina-Fort York
4718108,STR-2403-HBKHHW,286 Evelyn Ave,,M6P,Single/Semi-detached House,4,Parkdale-High Park
4718109,STR-2403-FFMVHP,83 Elmer Ave,2,M4L,Single/Semi-detached House,19,Beaches-East York
4718110,STR-2403-GLMVHT,155 Yorkville Ave,3104,M5R,Condominium,11,University-Rosedale
4718111,STR-2403-HZTVHZ,700 Bathurst St,1,M5S,Duplex/Triplex/Fourplex,11,University-Rosedale
4718112,STR-2403-FGDHHP,300 Front St W,2314,M5V,Condominium,10,Spadina-Fort York
4718113,STR-2403-FWRHHR,215 Fort York Blvd,2205,M5V,Condominium,10,Spadina-Fort York
4718114,STR-2403-GDXHHS,91 Charleswood Dr,,M3H,Single/Semi-detached House,6,York Centre
4718115,STR-2403-GMDHHT,85 Bloor St E,1601,M4W,Condominium,11,University-Rosedale
4718116,STR-2403-HCRHHW,163 Dan Leckie Way,,M5V,Townhouse/ Row House,10,Spadina-Fort York
4718117,STR-2403-HKXHHX,23 Miranda Ave,,M6E,Duplex/Triplex/Fourplex,8,Eglinton-Lawrence
4718118,STR-2403-FPZVHQ,66 Amelia St,2,M4X,Apartment,13,Toronto Centre
4718119,STR-2403-GVZVHV,24 Avis Cres,,M4B,Single/Semi-detached House,19,Beaches-East York
4718120,STR-2403-FHKHHP,15 Wedgewood Dr,,M2M,Single/Semi-detached House,18,Willowdale
4718121,STR-2403-FQRHHQ,32 Widdicombe Hill,,M9R,Single/Semi-detached House,2,Etobicoke Centre
4718122,STR-2403-GCSPHS,223 Beech Ave,,M4E,Single/Semi-detached House,19,Beaches-East York
4718123,STR-2403-HDXHHW,10 Craigton Dr,29,M1L,Apartment,21,Scarborough Centre
4718124,STR-2403-FRXHHQ,726 Lansdowne Ave,Main,M6H,Duplex/Triplex/Fourplex,9,Davenport
4718125,STR-2403-FZDHHR,78 Baby Point Rd,,M6S,Single/Semi-detached House,4,Parkdale-High Park
4718126,STR-2403-GQRHHT,251 Bartlett Ave,,M6H,Single/Semi-detached House,9,Davenport
4718127,STR-2403-GXXHHV,192 Browning Ave,BSMT,M4K,Duplex/Triplex/Fourplex,14,Toronto-Danforth
4718128,STR-2403-HWRHHY,42 Sproat Ave,,M4M,Single/Semi-detached House,14,Toronto-Danforth
4718129,STR-2403-GHZVHS,14 Clarence Sq,1,M5V,Duplex/Triplex/Fourplex,10,Spadina-Fort York
4718130,STR-2403-HGTVHW,52 Empress Ave,,M2N,Single/Semi-detached House,18,Willowdale
4718131,STR-2403-GRXHHT,155 Yorkville Ave,2816,M5R,Condominium,11,University-Rosedale
4718132,STR-2403-HXXHHY,251 Jarvis St,3803,M5B,Condominium,13,Toronto Centre
4718133,STR-2403-JGDHHZ,1535 Islington Ave,,M9A,Single/Semi-detached House,2,Etobicoke Centre
4718134,STR-2403-FTTVHQ,81 Blackwell Ave,3,M1B,Townhouse/ Row House,23,Scarborough North
4718135,STR-2403-GBZVHR,12 York St,711,M5J,Apartment,10,Spadina-Fort York
4718136,STR-2403-GKYPHT,369 Shuter St,,M5A,Townhouse/ Row House,13,Toronto Centre
4718137,STR-2403-HJSPHX,294 Salem Ave,,M6H,Single/Semi-detached House,9,Davenport
4718138,STR-2403-HRYPHY,101 Peter St,717,M5V,Condominium,10,Spadina-Fort York
4718139,STR-2403-FFQBHP,1 Bellefontaine St,Basement,M1S,Single/Semi-detached House,22,Scarborough-Agincourt
4718140,STR-2403-GTWBHV,155 Yorkville Ave,2620,M5R,Condominium,11,University-Rosedale
4718141,STR-2403-HZWBHZ,30 Jopling Ave N,,M9B,Single/Semi-detached House,2,Etobicoke Centre
4718142,STR-2403-FGFPHP,144 Glebemount Ave,,M4C,Single/Semi-detached House,19,Beaches-East York
4718143,STR-2403-FPLPHQ,15 Albemarle Ave,,M4K,Single/Semi-detached House,14,Toronto-Danforth
4718144,STR-2403-HTFPHY,148 Catalina Dr,,M1E,Single/Semi-detached House,24,Scarborough-Guildwood
4718145,STR-2403-JBLPHZ,972 Bathurst St,4,M5R,Apartment,11,University-Rosedale
4718146,STR-2403-GMWBHT,155 Yorkville Ave,509,M5R,Condominium,11,University-Rosedale
4718147,STR-2403-FYQBHR,300 Front St W,4311,M5V,Condominium,10,Spadina-Fort York
4718148,STR-2403-GGWBHS,21 Iceboat Ter,3111,M5V,Condominium,10,Spadina-Fort York
4718149,STR-2403-GQCBHT,151 Dan Leckie Way,506,M5V,Condominium,10,Spadina-Fort York
4718150,STR-2403-GXJBHV,19 Abitibi Ave,,M2M,Single/Semi-detached House,18,Willowdale
4718151,STR-2403-HFQBHW,151 Dan Leckie Way,656,M5V,Condominium,10,Spadina-Fort York
4718152,STR-2403-FJSPHP,9D Woodfield Rd,,M4L,Townhouse/ Row House,14,Toronto-Danforth
4718153,STR-2403-FZFPHR,46 Russell St,,M5S,Single/Semi-detached House,11,University-Rosedale
4718154,STR-2403-HWSPHY,300 Front St W,2814,M5V,Condominium,10,Spadina-Fort York
4718155,STR-2403-JDYPHZ,16 Rolyat St,,M6J,Single/Semi-detached House,10,Spadina-Fort York
4718156,STR-2403-FSQBHQ,336 Davenport Rd,102,M5R,Condominium,11,University-Rosedale
4718157,STR-2403-HGWBHW,172 Pacific Ave,,M6P,Single/Semi-detached House,4,Parkdale-High Park
4718158,STR-2403-HQCBHX,155 Yorkville Ave,1620,M5R,Condominium,11,University-Rosedale
4718159,STR-2403-JFQBHZ,210 Victoria St,3904,M5B,Apartment,13,Toronto Centre
4718160,STR-2403-FTFPHQ,314 Cosburn Ave,,M4J,Single/Semi-detached House,14,Toronto-Danforth
4718161,STR-2403-GJSPHS,1012 Kipling Ave,,M9B,Single/Semi-detached House,2,Etobicoke Centre
4718162,STR-2403-GRYPHT,20 Cameron St,,M5T,Single/Semi-detached House,10,Spadina-Fort York
4718163,STR-2403-HQSPHX,9 Corner Lane,,M1K,Townhouse/ Row House,21,Scarborough Centre
4718164,STR-2403-JGFPHZ,14 York St,5806,M5J,Condominium,10,Spadina-Fort York
4718165,STR-2403-FTWBHQ,36 Via Bagnato,738,M6A,Condominium,8,Eglinton-Lawrence
4718166,STR-2403-GCCBHR,2221 Yonge St,1905,M4S,Condominium,12,Toronto-St. Paul's
4718167,STR-2404-HJCBHW,334 Delaware Ave,,M6H,Single/Semi-detached House,9,Davenport
4718168,STR-2404-HYQBHY,209 Fort York Blvd,1063,M5V,Condominium,10,Spadina-Fort York
4718169,STR-2404-JGWBHZ,14 York St,4806,M5J,Condominium,10,Spadina-Fort York
4718170,STR-2404-FDZVHP,126 Euclid Ave,,M6J,Townhouse/ Row House,10,Spadina-Fort York
4718171,STR-2404-GCTVHS,12 Cavehill Cres,,M1R,Single/Semi-detached House,21,Scarborough Centre
4718172,STR-2404-HBMVHW,256 Parliament St,,M5A,Single/Semi-detached House,13,Toronto Centre
4718173,STR-2404-HRZVHY,155 Yorkville Ave,1614,M5R,Condominium,11,University-Rosedale
4718174,STR-2404-FWDHHR,27 Gore Vale Ave,,M6J,Single/Semi-detached House,10,Spadina-Fort York
4718175,STR-2404-GLRHHT,115A Harrison St,,M6J,Townhouse/ Row House,9,Davenport
4718176,STR-2404-HCDHHW,8 Wellesley St E,603,M4Y,Condominium,13,Toronto Centre
4718177,STR-2404-HSRHHY,1139 College St,304,M6H,Apartment,9,Davenport
4718178,STR-2404-FGGVHP,21 Iceboat Ter,3907,M5V,Condominium,10,Spadina-Fort York
4718179,STR-2404-FPMVHQ,165 Symington Ave,,M6P,Single/Semi-detached House,9,Davenport
4718180,STR-2404-GMGVHT,293 Harbord St,Main Floor,M6G,Duplex/Triplex/Fourplex,11,University-Rosedale
4718181,STR-2404-FGXHHP,244 Gerrard St E,103,M5A,Townhouse/ Row House,13,Toronto Centre
4718182,STR-2404-GMXHHT,101 Peter St,701,M5V,Condominium,10,Spadina-Fort York
4718183,STR-2404-FHMVHP,12 York St,4708,M5J,Condominium,10,Spadina-Fort York
4718184,STR-2404-FXZVHR,41 Stanhope Ave,,M4K,Single/Semi-detached House,14,Toronto-Danforth
4718185,STR-2404-GPMVHT,17 Pembroke St,38,M5A,Apartment,13,Toronto Centre
4718186,STR-2404-JCTVHZ,2 Sheridan Ave,,M6K,Single/Semi-detached House,9,Davenport
4718187,STR-2404-GGXHHS,300 Front St W,4313,M5V,Apartment,10,Spadina-Fort York
4718188,STR-2404-HFRHHW,185 Glenholme Ave,,M6E,Duplex/Triplex/Fourplex,9,Davenport
4718189,STR-2404-HWDHHY,300 Front St W,3107,M5V,Condominium,10,Spadina-Fort York
4718190,STR-2404-JDKHHZ,133 Lauder Ave,1,M6H,Single/Semi-detached House,9,Davenport
4718191,STR-2404-FRZVHQ,14 York St,1708,M5J,Condominium,10,Spadina-Fort York
4718192,STR-2404-GHMVHS,2 Eva Rd,PH23,M9C,Condominium,2,Etobicoke Centre
4718193,STR-2404-JDZVHZ,55 Homestead Rd,,M1E,Single/Semi-detached House,25,Scarborough-Rouge Park
4718194,STR-2404-GJDHHS,101 Peter St,3003,M5V,Condominium,10,Spadina-Fort York
4718195,STR-2404-GZZVHV,955 Bay St,1714,M5S,Condominium,13,Toronto Centre
4718196,STR-2404-HGXHHW,69 Lynn Williams St,1211,M6K,Condominium,10,Spadina-Fort York
4718197,STR-2404-GRZVHT,8 Charlotte St,2707,M5V,Condominium,10,Spadina-Fort York
4718198,STR-2404-HQTVHX,429 Shuter St,,M5A,Townhouse/ Row House,13,Toronto Centre
4718199,STR-2404-HXZVHY,158 Galley Ave,,M6R,Single/Semi-detached House,4,Parkdale-High Park
4718200,STR-2404-FTXHHQ,185 Legion Rd N,2306,M8Y,Condominium,3,Etobicoke-Lakeshore
4718201,STR-2404-GSRHHT,20 John St,319,M5V,Condominium,10,Spadina-Fort York
4718202,STR-2404-HJDHHW,14 York St,406,M5J,Condominium,10,Spadina-Fort York
4718203,STR-2404-FFCBHP,300 Front St W,1102,M5V,Condominium,10,Spadina-Fort York
4718204,STR-2404-FVQBHR,30 Nelson St,3209,M5V,Condominium,10,Spadina-Fort York
4718205,STR-2404-GCWBHS,17 Richmond Park Blvd,,M1V,Single/Semi-detached House,23,Scarborough North
4718206,STR-2404-GLCBHT,101 Peter St,2112,M5V,Condominium,10,Spadina-Fort York
4718207,STR-2404-HSCBHY,55 Bremner Blvd,4909,M5J,Condominium,10,Spadina-Fort York
4718208,STR-2404-FMYPHQ,10 Mimico Ave,,M8V,Single/Semi-detached House,3,Etobicoke-Lakeshore
4718209,STR-2404-FWFPHR,352 Front St W,1022,M5V,Condominium,10,Spadina-Fort York
4718210,STR-2404-FQFPHQ,25 Havelock St,Main,M6H,Single/Semi-detached House,9,Davenport
4718211,STR-2404-FXLPHR,155 Yorkville Ave,2203,M5R,Condominium,11,University-Rosedale
4718212,STR-2404-GFSPHS,12 York St,4508,M5J,Condominium,10,Spadina-Fort York
4718213,STR-2404-HLSPHX,33 Dundonald St,31A,M4Y,Single/Semi-detached House,13,Toronto Centre
4718214,STR-2404-GPQBHT,21 Iceboat Ter,4508,M5V,Condominium,10,Spadina-Fort York
4718215,STR-2404-HVQBHY,553 Euclid Ave,2,M6G,Duplex/Triplex/Fourplex,11,University-Rosedale
4718216,STR-2404-JCWBHZ,251 Jarvis St,4102,M5B,Condominium,13,Toronto Centre
4718217,STR-2404-FJFPHP,22 Mintwood Dr,,M2M,Single/Semi-detached House,17,Don Valley North
4718218,STR-2404-FYSPHR,300 Front St W,4213,M5V,Condominium,10,Spadina-Fort York
4718219,STR-2404-GQFPHT,181 Huron St,402,M5T,Condominium,11,University-Rosedale
4718220,STR-2404-HFSPHW,211 Andona Cres,,M1C,Single/Semi-detached House,25,Scarborough-Rouge Park
4718221,STR-2404-FJWBHP,219 Fort York Blvd,721,M5V,Condominium,10,Spadina-Fort York
4718222,STR-2404-HWWBHY,412 Delaware Ave,2,M6H,Duplex/Triplex/Fourplex,9,Davenport
4718223,STR-2404-FSSPHQ,10 Navy Wharf Crt,309,M5V,Condominium,10,Spadina-Fort York
4718224,STR-2404-FZYPHR,30 Roden Place,,M5R,Single/Semi-detached House,11,University-Rosedale
4718225,STR-2404-GYSPHV,560 Front St W,224,M5V,Condominium,10,Spadina-Fort York
4718226,STR-2404-HGYPHW,219 Fort York Blvd,505,M5V,Condominium,10,Spadina-Fort York
4718227,STR-2404-JFSPHZ,263 Woodfield Rd,,M4L,Single/Semi-detached House,14,Toronto-Danforth
4718228,STR-2404-FLCBHP,21 Iceboat Ter,2309,M5V,Condominium,10,Spadina-Fort York
4718229,STR-2404-GJWBHS,300 Front St W,504,M5V,Condominium,10,Spadina-Fort York
4718230,STR-2404-GSCBHT,41 Churchill Ave,,M6J,Single/Semi-detached House,9,Davenport
4718231,STR-2404-HHQBHW,52 Malta St,,M1N,Single/Semi-detached House,20,Scarborough Southwest
4718232,STR-2404-HQWBHX,2 Laurel Gt,,M9B,Single/Semi-detached House,2,Etobicoke Centre
4718233,STR-2404-GCFPHR,22 Bright St,,M5A,Townhouse/ Row House,13,Toronto Centre
4718234,STR-2404-GZYPHV,453 Soudan Ave,BSMT,M4S,Single/Semi-detached House,15,Don Valley West
4718235,STR-2404-HRLPHX,101 Peter St,3002,M5V,Condominium,10,Spadina-Fort York
4718236,STR-2404-FMKHHQ,10 Redwood Ave,A,M4L,Duplex/Triplex/Fourplex,14,Toronto-Danforth
4718237,STR-2404-GCXHHS,210 Victoria St,3512,M5B,Condominium,13,Toronto Centre
4718238,STR-2404-HSDHHY,62 Hillside Dr,,M4K,Single/Semi-detached House,14,Toronto-Danforth
4718239,STR-2404-FMZVHQ,797 Pape Ave,Main,M4K,Duplex/Triplex/Fourplex,14,Toronto-Danforth
4718240,STR-2404-FWGVHR,14 York St,3009,M5J,Condominium,10,Spadina-Fort York
4718241,STR-2404-GLTVHT,31 Galley Ave,B,M6R,Single/Semi-detached House,4,Parkdale-High Park
4718242,STR-2404-GTZVHV,10 Willison Sq,205,M5T,Condominium,10,Spadina-Fort York
4718243,STR-2404-HCGVHW,21 Iceboat Ter,1911,M5V,Condominium,10,Spadina-Fort York
4718244,STR-2404-HKMVHX,444 Markham St,1,M6G,Single/Semi-detached House,11,University-Rosedale
4718245,STR-2404-HSTVHY,300 Front St W,1605,M5V,Condominium,10,Spadina-Fort York
4718246,STR-2404-HZZVHZ,1239 Dundas St W,307,M6J,Condominium,10,Spadina-Fort York
4718247,STR-2404-FPRHHQ,10 Willison Sq,PH03,M5T,Condominium,10,Spadina-Fort York
4718248,STR-2404-GVRHHV,21 Iceboat Ter,3309,M5V,Condominium,10,Spadina-Fort York
4718249,STR-2404-HCXHHW,101 Peter St,710,M5V,Condominium,10,Spadina-Fort York
4718250,STR-2404-HLDHHX,101 Peter St,1606,M5V,Condominium,10,Spadina-Fort York
4718251,STR-2404-HTKHHY,55 Bremner Blvd,4301,M5J,Condominium,10,Spadina-Fort York
4718252,STR-2404-JBRHHZ,182 Rankin Cres,,M6P,Single/Semi-detached House,9,Davenport
4718253,STR-2404-FQXHHQ,220 Atlas Ave,,M6C,Single/Semi-detached House,12,Toronto-St. Paul's
4718254,STR-2404-FYDHHR,124 New Forest Sq,,M1V,Single/Semi-detached House,22,Scarborough-Agincourt
4718255,STR-2404-GGKHHS,832 Bay St,4602,M5S,Apartment,11,University-Rosedale
4718256,STR-2404-GWXHHV,300 Front St W,3903,M5V,Condominium,10,Spadina-Fort York
4718257,STR-2404-HFDHHW,20 John St,721,M5V,Condominium,10,Spadina-Fort York
4718258,STR-2404-HMKHHX,65 Bremner Blvd,3110,M5J,Condominium,10,Spadina-Fort York
4718259,STR-2404-HVRHHY,21 Iceboat Ter,3603,M5V,Condominium,10,Spadina-Fort York
4718260,STR-2404-FRMVHQ,158 Westview Blvd,,M4B,Single/Semi-detached House,19,Beaches-East York
4718261,STR-2404-GXMVHV,1 Ferncliff Crt,,M4B,Single/Semi-detached House,19,Beaches-East York
4718262,STR-2404-HFTVHW,58 Seymour Ave,,M4J,Single/Semi-detached House,14,Toronto-Danforth
4718263,STR-2404-HWGVHY,32A Fernbank Ave,,M6H,Single/Semi-detached House,9,Davenport
4718264,STR-2404-FJXHHP,1121 Bay St,1008,M5S,Condominium,13,Toronto Centre
4718265,STR-2404-FZKHHR,300 Front St W,2806,M5V,Condominium,10,Spadina-Fort York
4718266,STR-2404-GQXHHT,300 Front St W,2903,M5V,Condominium,10,Spadina-Fort York
4718267,STR-2404-JFDHHZ,817 Gerrard St E,Up 2,M4M,Apartment,14,Toronto-Danforth
4718268,STR-2404-FSTVHQ,57 Brock ave,516,M6K,Condominium,4,Parkdale-High Park
4718269,STR-2404-FZZVHR,213 Brooke Ave,,M5M,Single/Semi-detached House,8,Eglinton-Lawrence
4718270,STR-2404-GRMVHT,151 Dan Leckie Way,850,M5V,Condominium,10,Spadina-Fort York
4718271,STR-2404-GYTVHV,28 Harrison Garden Blvd,1505,M2N,Condominium,18,Willowdale
4718272,STR-2404-HGZVHW,8 Dacre Cres,,M6S,Single/Semi-detached House,4,Parkdale-High Park
4718273,STR-2404-JFTVHZ,2875 Bloor St W,2,M8X,Apartment,3,Etobicoke-Lakeshore
4718274,STR-2404-FLDHHP,14 York St,3104,M5J,Condominium,10,Spadina-Fort York
4718275,STR-2404-GJXHHS,57 Rusholme Park Cres,Unit B,M6J,Duplex/Triplex/Fourplex,9,Davenport
4718276,STR-2404-HHRHHW,20 John St,722,M5V,Condominium,10,Spadina-Fort York
4718277,STR-2404-JGKHHZ,219 Fort York Blvd,2706,M5V,Condominium,10,Spadina-Fort York
4718278,STR-2404-GCGVHR,300 Front St W,3808,M5V,Condominium,10,Spadina-Fort York
4718279,STR-2404-GKMVHS,169 Jameson Ave,509,M6K,Apartment,4,Parkdale-High Park
4718280,STR-2404-GSTVHT,268 Dewhurst Blvd N,,M4J,Single/Semi-detached House,14,Toronto-Danforth
4718281,STR-2404-HJGVHW,17 Sari Cres,,M1E,Single/Semi-detached House,24,Scarborough-Guildwood
4718282,STR-2404-HYTVHY,14 York St,509,M5J,Condominium,10,Spadina-Fort York
4718283,STR-2404-FDQDVP,251 Jarvis St,4803,M5B,Condominium,13,Toronto Centre
4718284,STR-2404-FVCDVR,422 Clinton St,,M6G,Single/Semi-detached House,11,University-Rosedale
4718285,STR-2404-HBCDVW,165 Legion Rd N,1323,M8Y,Condominium,3,Etobicoke-Lakeshore
4718286,STR-2404-FMLRVQ,101 Peter St,3303,M5V,Condominium,10,Spadina-Fort York
4718287,STR-2404-FVSRVR,177 Gamble Ave,,M4J,Single/Semi-detached House,14,Toronto-Danforth
4718288,STR-2404-HZLRVZ,21 Iceboat Ter,4707,M5V,Condominium,10,Spadina-Fort York
4718289,STR-2404-FPCDVQ,219 Fort York Blvd,3308,M5V,Condominium,10,Spadina-Fort York
4718290,STR-2404-GDQDVS,151 Dan Leckie Way,250,M5V,Condominium,10,Spadina-Fort York
4718291,STR-2404-GLWDVT,185 Colbeck St,,M6S,Single/Semi-detached House,4,Parkdale-High Park
4718292,STR-2404-HCJDVW,51 Otonabee Ave,,M2M,Single/Semi-detached House,18,Willowdale
4718293,STR-2404-HKQDVX,101 Peter St,3701,M5V,Condominium,10,Spadina-Fort York
4718294,STR-2404-GFFRVS,125 McMahon Dr,TH01,M2K,Townhouse/ Row House,17,Don Valley North
4718295,STR-2404-GVSRVV,300 Front St W,1914,M5V,Condominium,10,Spadina-Fort York
4718296,STR-2404-FHCDVP,17 Evergreen Ave,,M8W,Single/Semi-detached House,3,Etobicoke-Lakeshore
4718297,STR-2404-GFWDVS,300 Front St W,1810,M5V,Condominium,10,Spadina-Fort York
4718298,STR-2404-GWJDVV,35 Balmuto St,2810,M4Y,Condominium,11,University-Rosedale
4718299,STR-2404-HVCDVY,613 Pharmacy Ave,,M1L,Single/Semi-detached House,20,Scarborough Southwest
4718300,STR-2404-FHSRVP,317 Perth Ave,,M6P,Single/Semi-detached House,9,Davenport
4718301,STR-2404-FYFRVR,871 SHEPPARD AVE W,39,M3H,Townhouse/ Row House,6,York Centre
4718302,STR-2404-GWYRVV,155 Yorkville Ave,705,M5R,Condominium,11,University-Rosedale
4718303,STR-2404-JCYRVZ,22 Hexham Dr,,M1R,Single/Semi-detached House,21,Scarborough Centre
4718304,STR-2404-FJJDVP,955 Bay St,1817,M5S,Condominium,13,Toronto Centre
4718305,STR-2404-FZLRVR,29 Elmview Dr,,M1N,Single/Semi-detached House,20,Scarborough Southwest
4718306,STR-2404-GQYRVT,14 York St,5907,M5J,Condominium,10,Spadina-Fort York
4718307,STR-2404-GBCDVR,65 Bremner Blvd,3501,M5J,Condominium,10,Spadina-Fort York
4718308,STR-2404-GRQDVT,48 Nassau St,B,M5T,Single/Semi-detached House,11,University-Rosedale
4718309,STR-2404-GYWDVV,52 Garnet Ave,,M6G,Single/Semi-detached House,11,University-Rosedale
4718310,STR-2404-HQJDVX,130 Springhurst Ave,Main,M6K,Duplex/Triplex/Fourplex,4,Parkdale-High Park
4718311,STR-2404-HXQDVY,115 Sheridan Ave,,M6K,Single/Semi-detached House,9,Davenport
4718312,STR-2404-JFWDVZ,101 Peter St,1207,M5V,Condominium,10,Spadina-Fort York
4718313,STR-2404-GSFRVT,81 Fishleigh Dr,,M1N,Single/Semi-detached House,20,Scarborough Southwest
4718314,STR-2404-GZLRVV,145 Whitburn Cres,Main,M3M,Single/Semi-detached House,6,York Centre
4718315,STR-2404-HHSRVW,445 Concord Ave,Ground,M6H,Single/Semi-detached House,9,Davenport
4718316,STR-2404-HQYRVX,65 Bremner Blvd,4703,M5J,Condominium,10,Spadina-Fort York
4718317,STR-2404-HYFRVY,60 St Clair Ave W,1106,M4V,Condominium,12,Toronto-St. Paul's
4718318,STR-2404-FVDKVR,270 Wellington St W,22,M5V,Condominium,10,Spadina-Fort York
4718319,STR-2404-HRRKVY,7 Juliet Cres,3,M6M,Apartment,5,York South-Weston
4718320,STR-2405-GDWDVS,642 Brock Ave,2,M6H,Duplex/Triplex/Fourplex,9,Davenport
4718321,STR-2405-GMCDVT,125 Lindsey Ave,Upper,M6H,Single/Semi-detached House,9,Davenport
4718322,STR-2405-GVJDVV,200 Lotherton Ptwy,409,M6B,Condominium,8,Eglinton-Lawrence
4718323,STR-2408-GQHFBT,174R Indian Grv,,M6P,Duplex/Triplex/Fourplex,4,Parkdale-High Park
4718324,STR-2405-GMSRVT,96 Malvern St,,M1B,Townhouse/ Row House,23,Scarborough North
4718325,STR-2405-HLLRVX,151 Dan Leckie Way,901,M5V,Condominium,10,Spadina-Fort York
4718326,STR-2405-HTSRVY,90 Old Sheppard Ave,,M2J,Single/Semi-detached House,17,Don Valley North
4718327,STR-2405-FQQDVQ,27 Tweedrock Cres,,M1E,Single/Semi-detached House,24,Scarborough-Guildwood
4718328,STR-2405-HDWDVW,21 Iceboat Ter,3009,M5V,Condominium,10,Spadina-Fort York
4718329,STR-2405-JCQDVZ,832 Bay St,1308,M5S,Condominium,11,University-Rosedale
4718330,STR-2405-FHYRVP,311 Perth Ave,,M6P,Single/Semi-detached House,9,Davenport
4718331,STR-2405-GGSRVS,188 Cumberland St,904,M5R,Condominium,11,University-Rosedale
4718332,STR-2405-GXFRVV,219 Fort York Blvd,1403,M5V,Condominium,10,Spadina-Fort York
4718333,STR-2405-HFLRVW,14 York St,5412,M5J,Condominium,10,Spadina-Fort York
4718334,STR-2405-JDFRVZ,335 Concord Ave,2,M6H,Single/Semi-detached House,9,Davenport
4718335,STR-2405-FZCDVR,215 Fort York Blvd,420,M5V,Condominium,10,Spadina-Fort York
4718336,STR-2405-GXWDVV,832 Bay St,3604,M5S,Condominium,11,University-Rosedale
4718337,STR-2405-HGCDVW,52 Stanley Ter,A,M6J,Duplex/Triplex/Fourplex,10,Spadina-Fort York
4718338,STR-2405-HWQDVY,34 Cameron Ave,,M2N,Single/Semi-detached House,18,Willowdale
4718339,STR-2405-GHYRVS,22 Revcoe Dr,,M2M,Single/Semi-detached House,18,Willowdale
4718340,STR-2405-GYLRVV,6 Eva Rd,801,M9C,Condominium,2,Etobicoke Centre
4718341,STR-2405-HGSRVW,188 Cumberland St,2312,M5R,Condominium,11,University-Rosedale
4718342,STR-2405-JFLRVZ,19 Annette St,,M6P,Single/Semi-detached House,4,Parkdale-High Park
4718343,STR-2405-FTCDVQ,90 Cowan Ave,1,M6K,Duplex/Triplex/Fourplex,4,Parkdale-High Park
4718344,STR-2405-GBJDVR,20 John St,1123,M5V,Condominium,10,Spadina-Fort York
4718345,STR-2405-GJQDVS,300 Front St W,2713,M5V,Condominium,10,Spadina-Fort York
4718346,STR-2405-GRWDVT,373 Joicey Blvd,,M5M,Single/Semi-detached House,8,Eglinton-Lawrence
4718347,STR-2405-GZCDVV,1926 Brimley Rd,,M1S,Single/Semi-detached House,23,Scarborough North
4718348,STR-2405-HXWDVY,21 Iceboat Ter,2501,M5V,Condominium,10,Spadina-Fort York
4718349,STR-2405-FLLRVP,18 Yonge St,2208,M5E,Condominium,10,Spadina-Fort York
4718350,STR-2405-GKFRVS,12 York St,505,M5J,Condominium,10,Spadina-Fort York
4718351,STR-2405-GSLRVT,68 Seventeenth St,,M8V,Single/Semi-detached House,3,Etobicoke-Lakeshore
4718352,STR-2405-HRFRVX,1229 Danforth Ave,,M4J,Townhouse/ Row House,14,Toronto-Danforth
4718353,STR-2405-FMDKVQ,38 Grenville St,3108,M4Y,Condominium,13,Toronto Centre
4718354,STR-2405-FVKKVR,2020 Bathurst St,307,M5P,Condominium,12,Toronto-St. Paul's
4718355,STR-2405-HBKKVW,59 Austin Ave,Main Floor Apt,M4M,Duplex/Triplex/Fourplex,14,Toronto-Danforth
4718356,STR-2405-HZDKVZ,46 Sunnypoint Cres,,M1M,Single/Semi-detached House,20,Scarborough Southwest
4718357,STR-2405-FMTXVQ,1081 Danforth Rd,123,M1J,Townhouse/ Row House,20,Scarborough Southwest
4718358,STR-2405-GLMXVT,650 Parliament St,1915,M4X,Apartment,13,Toronto Centre
4718359,STR-2405-GTTXVV,10 Willison Sq,PH07,M5T,Condominium,10,Spadina-Fort York
4718360,STR-2405-HKGXVX,176 Greenfield Ave,,M2N,Single/Semi-detached House,18,Willowdale
4718361,STR-2405-HZTXVZ,300 Front St W,2209,M5V,Condominium,10,Spadina-Fort York
4718362,STR-2405-GVKKVV,77 Huntley St,1615,M4Y,Apartment,13,Toronto Centre
4718363,STR-2405-HTDKVY,180 Earlsdale Ave,,M6E,Single/Semi-detached House,9,Davenport
4718364,STR-2405-FPZXVQ,21 Iceboat Ter,3112,M5V,Condominium,10,Spadina-Fort York
4718365,STR-2405-GMTXVT,101 Peter St,3005,M5V,Condominium,10,Spadina-Fort York
4718366,STR-2405-GVZXVV,120 Homewood Ave,2503,M4Y,Condominium,13,Toronto Centre
4718367,STR-2405-FQRKVQ,3 Sims Cres,,M9V,Single/Semi-detached House,1,Etobicoke North
4718368,STR-2405-FXXKVR,165 Bathurst St,417,M5V,Apartment,10,Spadina-Fort York
4718369,STR-2405-HVKKVY,158 Northcliffe Blvd,B,M6E,Single/Semi-detached House,9,Davenport
4718370,STR-2405-FYMXVR,8 Charlotte St,2104,M5V,Condominium,10,Spadina-Fort York
4718371,STR-2405-GPZXVT,38 Widmer St,5001,M5V,Condominium,10,Spadina-Fort York
4718372,STR-2405-HFMXVW,70 Mitchell Ave,,M6J,Townhouse/ Row House,10,Spadina-Fort York
4718373,STR-2405-JDGXVZ,209 Fort York Blvd,882,M5V,Condominium,10,Spadina-Fort York
4718374,STR-2405-HGDKVW,7 Melbourne Pl,,M6K,Single/Semi-detached House,4,Parkdale-High Park
4718375,STR-2405-FKGXVP,210 Victoria St,3012,M5B,Condominium,13,Toronto Centre
4718376,STR-2405-FZTXVR,30 Nelson St,2302,M5V,Condominium,10,Spadina-Fort York
4718377,STR-2405-GHZXVS,12 York St,4004,M5J,Condominium,10,Spadina-Fort York
4718378,STR-2405-GRGXVT,21 Iceboat Ter,3210,M5V,Condominium,10,Spadina-Fort York
4718379,STR-2405-HGTXVW,131 Searle Ave,,M3H,Single/Semi-detached House,6,York Centre
4718380,STR-2405-HPZXVX,8 Eglinton Ave E,605,M4P,Condominium,12,Toronto-St. Paul's
4718381,STR-2405-JFMXVZ,34 Western Battery Rd,416,M6K,Townhouse/ Row House,10,Spadina-Fort York
4718382,STR-2405-FKXKVP,300 Front St W,4008,M5V,Condominium,10,Spadina-Fort York
4718383,STR-2405-GJRKVS,32 Alma Ave,4,M6J,Duplex/Triplex/Fourplex,9,Davenport
4718384,STR-2405-GRXKVT,10 Dacotah Ave,,M5J,Single/Semi-detached House,10,Spadina-Fort York
4718385,STR-2405-HHKKVW,38 Grenville St,706,M4Y,Condominium,13,Toronto Centre
4718386,STR-2405-HQRKVX,24 Collahie St,,M6J,Single/Semi-detached House,9,Davenport
4718387,STR-2405-HXXKVY,357 Rusholme Rd,309,M6H,Apartment,9,Davenport
4718388,STR-2405-JGDKVZ,2 1/2 Palmerston Ave,,M6J,Townhouse/ Row House,10,Spadina-Fort York
4718389,STR-2405-FLMXVP,15 Roehampton Ave,304,M4P,Condominium,12,Toronto-St. Paul's
4718390,STR-2405-GBZXVR,72 Oakwood Ave,3,M6H,Single/Semi-detached House,9,Davenport
4718391,STR-2405-GZTXVV,300 Front St W,605,M5V,Condominium,10,Spadina-Fort York
4718392,STR-2405-HYMXVY,30 Clinton St,,M6J,Single/Semi-detached House,11,University-Rosedale
4718393,STR-2405-JGTXVZ,21 Iceboat Ter,1707,M5V,Condominium,10,Spadina-Fort York
4718394,STR-2405-FDYRVP,165 Legion Rd N,1923,M8Y,Condominium,3,Etobicoke-Lakeshore
4718395,STR-2405-FMFRVQ,134 Avon Ave,,M6N,Single/Semi-detached House,5,York South-Weston
4718396,STR-2405-FVLRVR,300 Front St W,212,M5V,Condominium,10,Spadina-Fort York
4718397,STR-2405-GCSRVS,300 Front St W,3707,M5V,Condominium,10,Spadina-Fort York
4718398,STR-2405-HRYRVY,88 Carr St,33,M5T,Townhouse/ Row House,10,Spadina-Fort York
4718399,STR-2405-HZFRVZ,713 College St,A,M6G,Apartment,11,University-Rosedale
4718400,STR-2405-FFQDVP,18A Florence Ave,Basement,M2N,Single/Semi-detached House,18,Willowdale
4718401,STR-2405-FWCDVR,9 Snowood Crt,Upper,M3N,Single/Semi-detached House,7,Humber River-Black Creek
4718402,STR-2405-GDJDVS,1691 Dundas St W,,M6K,Townhouse/ Row House,9,Davenport
4718403,STR-2405-GLQDVT,100 Long Branch Ave,20,M8W,Condominium,3,Etobicoke-Lakeshore
4718404,STR-2405-HKJDVX,60 Cobden St,,M2R,Single/Semi-detached House,18,Willowdale
4718405,STR-2405-FPLRVQ,1650 Bathurst St,19,M5P,Apartment,12,Toronto-St. Paul's
4718406,STR-2405-FWSRVR,65 Annie Craig Dr,1006,M8V,Condominium,3,Etobicoke-Lakeshore
4718407,STR-2405-HTFRVY,44 Manning Ave,,M6J,Duplex/Triplex/Fourplex,10,Spadina-Fort York
4718408,STR-2405-JBLRVZ,50 Hucknall Rd,,M3J,Single/Semi-detached House,7,Humber River-Black Creek
4718409,STR-2405-FGWDVP,20 Wade Ave,719,M6H,Apartment,9,Davenport
4718410,STR-2405-FQCDVQ,101 Major St,,M5S,Single/Semi-detached House,11,University-Rosedale
4718411,STR-2405-FXJDVR,21 Iceboat Ter,3310,M5V,Condominium,10,Spadina-Fort York
4718412,STR-2405-GFQDVS,77 Bartley Dr,,M4A,Single/Semi-detached House,16,Don Valley East
4718413,STR-2405-GMWDVT,15 Iceboat Ter,1115,M5V,Condominium,10,Spadina-Fort York
4718414,STR-2405-HLQDVX,300 Front St W,2508,M5V,Condominium,10,Spadina-Fort York
4718415,STR-2405-HTWDVY,300 Front St W,3607,M5V,Condominium,10,Spadina-Fort York
4718416,STR-2405-JCCDVZ,779 Eglinton Ave W,9,M5N,Apartment,12,Toronto-St. Paul's
4718417,STR-2405-FHLRVP,35 Balmuto St,1107,M4Y,Condominium,11,University-Rosedale
4718418,STR-2405-GWSRVV,83 Chelsea Ave,,M6P,Single/Semi-detached House,4,Parkdale-High Park
4718419,STR-2405-HMFRVX,85 Wood St,2710,M4Y,Condominium,13,Toronto Centre
4718420,STR-2405-HVLRVY,57 St Hubert Ave,,M4J,Single/Semi-detached House,14,Toronto-Danforth
4718421,STR-2405-JCSRVZ,206 St George St,808,M5R,Apartment,11,University-Rosedale
4718422,STR-2405-FJCDVP,28 Pine Ave,,M4E,Single/Semi-detached House,19,Beaches-East York
4718423,STR-2405-FYQDVR,286 Main St,720,M4C,Condominium,19,Beaches-East York
4718424,STR-2405-GXJDVV,387 Ossington Ave,,M6J,Single/Semi-detached House,11,University-Rosedale
4718425,STR-2405-FZFRVR,300 Front St W,2603,M5V,Condominium,10,Spadina-Fort York
4718426,STR-2405-GHLRVS,165 Legion Rd N,730,M8Y,Condominium,3,Etobicoke-Lakeshore
4718427,STR-2405-GQSRVT,42 Western Battery Rd,710,M6K,Townhouse/ Row House,10,Spadina-Fort York
4718428,STR-2405-HPLRVX,216 Wintermute Blvd,,M1W,Single/Semi-detached House,22,Scarborough-Agincourt
4718429,STR-2405-JDYRVZ,215 Fort York Blvd,513,M5V,Condominium,10,Spadina-Fort York
4718430,STR-2405-FZWDVR,25 Lower Simcoe St,917,M5J,Condominium,10,Spadina-Fort York
4718431,STR-2405-HXJDVY,86 Drayton Ave,,M4C,Single/Semi-detached House,19,Beaches-East York
4718432,STR-2405-GJSRVS,46 Sunfield Rd,,M3M,Single/Semi-detached House,6,York Centre
4718433,STR-2405-GZFRVV,36 Fourteenth St,,M8V,Single/Semi-detached House,3,Etobicoke-Lakeshore
4718434,STR-2405-HXYRVY,644 Rhodes Ave,,M4J,Single/Semi-detached House,14,Toronto-Danforth
4718435,STR-2405-FLQDVP,188 Cumberland St,812,M5R,Condominium,11,University-Rosedale
4718436,STR-2405-GSQDVT,188 Cumberland St,1409,M5R,Condominium,11,University-Rosedale
4718437,STR-2405-GZWDVV,20 Gatewood Cres,,M9A,Single/Semi-detached House,2,Etobicoke Centre
4718438,STR-2405-HJCDVW,306 Willow Ave,,M4E,Single/Semi-detached House,19,Beaches-East York
4718439,STR-2405-HRJDVX,39 Sentinel Rd,,M3J,Single/Semi-detached House,6,York Centre
4718440,STR-2405-FDZXVP,41 Cascaden St,,M1V,Single/Semi-detached House,23,Scarborough North
4718441,STR-2405-FVMXVR,768 Cummer Ave,,M2H,Single/Semi-detached House,17,Don Valley North
4718442,STR-2405-GCTXVS,53 O'Hara Ave,,M6K,Single/Semi-detached House,4,Parkdale-High Park
4718443,STR-2405-HRZXVY,218 Concord Ave,,M6H,Single/Semi-detached House,9,Davenport
4718444,STR-2405-HZGXVZ,1630 Dundas St W,9,M6K,Apartment,9,Davenport
4718445,STR-2405-FWDKVR,25 Purdy Cres,,M9N,Single/Semi-detached House,5,York South-Weston
4718446,STR-2405-HKKKVX,675 Euclid Ave,Basement Apt.,M6G,Duplex/Triplex/Fourplex,11,University-Rosedale
4718447,STR-2405-HZXKVZ,59 Harvard Ave,,M6R,Single/Semi-detached House,4,Parkdale-High Park
4718448,STR-2405-FWTXVR,300 Front St W,3702,M5V,Condominium,10,Spadina-Fort York
4718449,STR-2405-GMGXVT,65 Bremner Blvd,1401,M5J,Condominium,10,Spadina-Fort York
4718450,STR-2405-HCTXVW,22 Monteith St,,M4Y,Townhouse/ Row House,13,Toronto Centre
4718451,STR-2405-HKZXVX,161 Lippincott St,,M5S,Townhouse/ Row House,11,University-Rosedale
4718452,STR-2405-FGXKVP,955 Bay St,811,M5S,Condominium,13,Toronto Centre
4718453,STR-2405-GMXKVT,101 Combe Ave,,M3H,Single/Semi-detached House,6,York Centre
4718454,STR-2405-FHMXVP,2 Anndale Dr,1708,M2N,Condominium,18,Willowdale
4718455,STR-2405-FXZXVR,193 Osler St,,M6N,Single/Semi-detached House,9,Davenport
4718456,STR-2405-GWTXVV,408 Silverthorn Ave,,M6M,Single/Semi-detached House,5,York South-Weston
4718457,STR-2405-HMGXVX,221 Holmes Ave,,M2N,Single/Semi-detached House,18,Willowdale
4718458,STR-2405-FJDKVP,222 Markham St,2,M6J,Single/Semi-detached House,11,University-Rosedale
4718459,STR-2405-FRKKVQ,209 Fort York Blvd,179,M5V,Condominium,10,Spadina-Fort York
4718460,STR-2405-GGXKVS,18 Yonge St,3212,M5E,Condominium,10,Spadina-Fort York
4718461,STR-2405-GQDKVT,70 Town Centre Crt,3001,M1P,Condominium,21,Scarborough Centre
4718462,STR-2405-JDKKVZ,231 Fort York Blvd,1212,M5V,Condominium,10,Spadina-Fort York
4718463,STR-2405-FJTXVP,2 Evelyn Ave,,M6P,Single/Semi-detached House,4,Parkdale-High Park
4718464,STR-2405-FZGXVR,270 Wellington St W,513,M5V,Condominium,10,Spadina-Fort York
4718465,STR-2405-GHMXVS,21 Iceboat Ter,1708,M5V,Condominium,10,Spadina-Fort York
4718466,STR-2405-GXZXVV,21 Iceboat Ter,2210,M5V,Condominium,10,Spadina-Fort York
4718467,STR-2405-HGGXVW,124 Shaver Av N,,M9B,Single/Semi-detached House,2,Etobicoke Centre
4718468,STR-2405-JDZXVZ,43 Kecala Rd,,M1P,Single/Semi-detached House,21,Scarborough Centre
4718469,STR-2405-FKKKVP,251 Jarvis St,1519,M5B,Condominium,13,Toronto Centre
4718470,STR-2405-FSRKVQ,14 York St,6712,M5J,Condominium,10,Spadina-Fort York
4718471,STR-2405-FZXKVR,5 Carnival Crt,,M2R,Single/Semi-detached House,6,York Centre
4718472,STR-2405-GJDKVS,68 Clearbrooke Cir,,M9W,Single/Semi-detached House,1,Etobicoke North
4718473,STR-2405-GRKKVT,210 Victoria St,3411,M5B,Condominium,13,Toronto Centre
4718474,STR-2405-HGXKVW,101 Peter St,2507,M5V,Condominium,10,Spadina-Fort York
4718475,STR-2405-HQDKVX,101 Peter St,3308,M5V,Condominium,10,Spadina-Fort York
4718476,STR-2405-JFRKVZ,225 Wellesley St E,412,M4X,Condominium,13,Toronto Centre
4718477,STR-2405-HHMXVW,1 Shaw St,802,M6K,Condominium,10,Spadina-Fort York
4718478,STR-2405-HQTXVX,14 York St,3201,M5J,Condominium,10,Spadina-Fort York
4718479,STR-2405-HXZXVY,14 York St,1908,M5J,Condominium,10,Spadina-Fort York
4718480,STR-2405-GCDKVR,237 Dovercourt Rd,E,M6J,Apartment,10,Spadina-Fort York
4718481,STR-2405-GKKKVS,80 Burton Rd,,M5P,Single/Semi-detached House,12,Toronto-St. Paul's
4718482,STR-2405-GSRKVT,244 Wilmington Ave,1,M3H,Duplex/Triplex/Fourplex,6,York Centre
4718483,STR-2405-HYRKVY,590 Indian Grove,,M6P,Townhouse/ Row House,4,Parkdale-High Park
4718484,STR-2405-FMJDVQ,81 O'Connor Dr,,M4K,Single/Semi-detached House,14,Toronto-Danforth
4718485,STR-2405-GCWDVS,33 Salem Ave,laneway suite,M6H,Single/Semi-detached House,9,Davenport
4718486,STR-2405-GTJDVV,21 Evans Ave,5,M8Z,Apartment,3,Etobicoke-Lakeshore
4718487,STR-2405-HJWDVX,215 Fort York Blvd,1608,M5V,Condominium,10,Spadina-Fort York
4718488,STR-2405-HZJDVZ,10 Lewis St,,M4M,Single/Semi-detached House,14,Toronto-Danforth
4718489,STR-2405-FFSRVP,36 Ferris Road,,M4B,Single/Semi-detached House,19,Beaches-East York
4718490,STR-2405-FWFRVR,55 Bremner Blvd,4006,M5J,Condominium,10,Spadina-Fort York
4718491,STR-2405-GDLRVS,134 Hove St,,M3H,Single/Semi-detached House,6,York Centre
4718492,STR-2405-GLSRVT,90 Ling Rd,510,M1E,Condominium,25,Scarborough-Rouge Park
4718493,STR-2405-GTYRVV,2 Eva Rd,PH23,M9C,Condominium,2,Etobicoke Centre
4718494,STR-2405-HKLRVX,1195 The Queensway,701,M8Z,Condominium,3,Etobicoke-Lakeshore
4718495,STR-2405-HSSRVY,231 Fort York Blvd,427,M5V,Condominium,10,Spadina-Fort York
4718496,STR-2405-FPQDVQ,89 Beachview Cres,,M4E,Single/Semi-detached House,19,Beaches-East York
4718497,STR-2405-FWWDVR,76 MacDonald St,,M8V,Single/Semi-detached House,3,Etobicoke-Lakeshore
4718498,STR-2405-GMJDVT,28 Kingsmount Park Rd,,M4L,Single/Semi-detached House,19,Beaches-East York
4718499,STR-2405-HCWDVW,210 Victoria St,2904,M5B,Condominium,13,Toronto Centre
4718500,STR-2405-JBQDVZ,276 Queen St W,301,M5V,Apartment,10,Spadina-Fort York
4718501,STR-2405-FGYRVP,101 Peter St,1205,M5V,Condominium,10,Spadina-Fort York
4718502,STR-2405-HDLRVW,252B Finch Ave E,,M2N,Townhouse/ Row House,18,Willowdale
4718503,STR-2405-JCFRVZ,39 Queens Quay  E,536,M5E,Condominium,10,Spadina-Fort York
4718504,STR-2405-HFCDVW,77 Salem Ave,1,M6H,Single/Semi-detached House,9,Davenport
4718505,STR-2405-HMJDVX,71 Laburnham Ave,,M8W,Single/Semi-detached House,3,Etobicoke-Lakeshore
4718506,STR-2405-GGYRVS,295 McKee Ave,,M2N,Single/Semi-detached House,18,Willowdale
4718507,STR-2405-GQFRVT,4 Larkin Ave,,M6S,Single/Semi-detached House,4,Parkdale-High Park
4718508,STR-2405-GXLRVV,18 Yonge St,2906,M5E,Condominium,10,Spadina-Fort York
4718509,STR-2405-HWFRVY,29 Hillsboro Ave,,M5R,Single/Semi-detached House,11,University-Rosedale
4718510,STR-2405-FJWDVP,219 Fort York Blvd,517,M5V,Condominium,10,Spadina-Fort York
4718511,STR-2405-FZJDVR,1102 Pape Ave,,M4K,Single/Semi-detached House,14,Toronto-Danforth
4718512,STR-2405-GQWDVT,19 Pendeen Ave,,M6N,Single/Semi-detached House,5,York South-Weston
4718513,STR-2405-GYCDVV,215 Ennerdale Rd,,M6E,Single/Semi-detached House,9,Davenport
4718514,STR-2405-HGJDVW,98 Lillian St,420,M4S,Condominium,12,Toronto-St. Paul's
4718515,STR-2405-HPQDVX,219 Fort York Blvd,2804,M5V,Condominium,10,Spadina-Fort York
4718516,STR-2405-HWWDVY,21 Iceboat Ter,4206,M5V,Condominium,10,Spadina-Fort York
4718517,STR-2405-FSSRVQ,2 Valleyanna Dr,,M4N,Single/Semi-detached House,15,Don Valley West
4718518,STR-2405-FZYRVR,300 Front St W,4210,M5V,Condominium,10,Spadina-Fort York
4718519,STR-2405-GYSRVV,9 Redland Cres E,,M1M,Single/Semi-detached House,20,Scarborough Southwest
4718520,STR-2405-HGYRVW,87 Risebrough Ave,,M2M,Single/Semi-detached House,18,Willowdale
4718521,STR-2405-JFSRVZ,36 Zorra St,425,M8Z,Condominium,3,Etobicoke-Lakeshore
4718522,STR-2405-FTJDVQ,21 Iceboat Ter,2805,M5V,Condominium,10,Spadina-Fort York
4718523,STR-2405-GBQDVR,177 North Carson St,,M8W,Single/Semi-detached House,3,Etobicoke-Lakeshore
4718524,STR-2405-GJWDVS,79 Thorncliffe Park Dr,312,M4H,Apartment,15,Don Valley West
4718525,STR-2405-GSCDVT,151 Dan Leckie Way,1006,M5V,Condominium,10,Spadina-Fort York
4718526,STR-2405-GZJDVV,36 Zorra St,529,M8Z,Condominium,3,Etobicoke-Lakeshore
4718527,STR-2405-HHQDVW,8 Widmer St,1811,M5V,Condominium,10,Spadina-Fort York
4718528,STR-2405-HQWDVX,167 Church St,514,M5B,Apartment,13,Toronto Centre
4718529,STR-2405-FTYRVQ,99 Broadway Ave,3503,M4P,Condominium,12,Toronto-St. Paul's
4718530,STR-2405-GSSRVT,1088 Dufferin St,,M6H,Single/Semi-detached House,9,Davenport
4718531,STR-2405-GZYRVV,245 Torbarrie Rd,,M3L,Townhouse/ Row House,7,Humber River-Black Creek
4718532,STR-2405-HYSRVY,210 Victoria St,2407,M5B,Condominium,13,Toronto Centre
4718533,STR-2405-JGYRVZ,151 Dan Leckie Way,1208,M5V,Condominium,10,Spadina-Fort York
4718534,STR-2405-FFDKVP,151 Dan Leckie Way,308,M5V,Condominium,10,Spadina-Fort York
4718535,STR-2406-FMKKVQ,266 Symington Ave,,M6P,Single/Semi-detached House,9,Davenport
4718536,STR-2406-GLDKVT,300 Front St W,2102,M5V,Condominium,10,Spadina-Fort York
4718537,STR-2406-HBRKVW,300 Front St W,1712,M5V,Condominium,10,Spadina-Fort York
4718538,STR-2406-HJXKVX,251 Jarvis St,312,M5B,Condominium,13,Toronto Centre
4718539,STR-2406-HSDKVY,36 Linwood Ave,,M1S,Single/Semi-detached House,22,Scarborough-Agincourt
4718540,STR-2406-FWGXVR,135 Lower Sherbourne St,570,M5A,Apartment,13,Toronto Centre
4718541,STR-2406-GTZXVV,3 Aldwych Ave,,M4J,Single/Semi-detached House,14,Toronto-Danforth
4718542,STR-2406-HKMXVX,8 Wellesley St E,302,M4Y,Condominium,13,Toronto Centre
4718543,STR-2406-FGKKVP,104 Tanjoe Cres,,M2M,Single/Semi-detached House,18,Willowdale
4718544,STR-2406-FPRKVQ,39 Dunkirk Rd,Laneway,M4C,Single/Semi-detached House,19,Beaches-East York
4718545,STR-2406-FWXKVR,21 Iceboat Ter,3708,M5V,Condominium,10,Spadina-Fort York
4718546,STR-2406-GVRKVV,477 Richmond St W,502,M5V,Condominium,10,Spadina-Fort York
4718547,STR-2406-HLDKVX,1139 College St,210,M6H,Apartment,9,Davenport
4718548,STR-2406-HTKKVY,130 Ewart Ave,B,M6M,Duplex/Triplex/Fourplex,5,York South-Weston
4718549,STR-2406-JBRKVZ,12 Winnett Ave,,M6C,Single/Semi-detached House,12,Toronto-St. Paul's
4718550,STR-2406-FGZXVP,491 Cosburn Ave,,M4J,Single/Semi-detached House,14,Toronto-Danforth
4718551,STR-2406-HDMXVW,339 Highfield Rd,,M4L,Single/Semi-detached House,14,Toronto-Danforth
4718552,STR-2406-HLTXVX,14 York St,6511,M5J,Condominium,10,Spadina-Fort York
4718553,STR-2406-FHRKVP,110 McNicoll Ave,,M2H,Single/Semi-detached House,17,Don Valley North
4718554,STR-2406-FYDKVR,215 Fort York Blvd,1303,M5V,Condominium,10,Spadina-Fort York
4718555,STR-2406-GGKKVS,981 Old Cummer Ave,,M2H,Single/Semi-detached House,17,Don Valley North
4718556,STR-2406-GWXKVV,6 Dearham Wood,,M1E,Single/Semi-detached House,24,Scarborough-Guildwood
4718557,STR-2406-JCXKVZ,120 Homewood Ave,522,M4Y,Condominium,13,Toronto Centre
4718558,STR-2406-FJGXVP,357 Rusholme Rd,509,M6H,Apartment,9,Davenport
4718559,STR-2406-FRMXVQ,2800 Keele St,327,M3M,Condominium,6,York Centre
4718560,STR-2406-GQGXVT,115 Kingsway Cres,,M8X,Single/Semi-detached House,3,Etobicoke-Lakeshore
4718561,STR-2406-GXMXVV,78 Crawford St,,M6J,Single/Semi-detached House,10,Spadina-Fort York
4718562,STR-2406-HFTXVW,135 Village Green Sq,721,M1S,Condominium,22,Scarborough-Agincourt
4718563,STR-2406-HMZXVX,2531 Lake Shore Blvd W,515,M8V,Apartment,3,Etobicoke-Lakeshore
4718564,STR-2406-HWGXVY,300 Front St W,3601,M5V,Condominium,10,Spadina-Fort York
4718565,STR-2406-FJXKVP,11 D'Arcy St,,M5T,Single/Semi-detached House,11,University-Rosedale
4718566,STR-2406-FSDKVQ,68 Shuter St,609,M5B,Condominium,13,Toronto Centre
4718567,STR-2406-FZKKVR,36 Zorra St,110,M8Z,Condominium,3,Etobicoke-Lakeshore
4718568,STR-2406-GHRKVS,101 Peter St,806,M5V,Condominium,10,Spadina-Fort York
4718569,STR-2406-HGKKVW,209 Fort York Blvd,1364,M5V,Condominium,10,Spadina-Fort York
4718570,STR-2406-FKMXVP,134 Helendale Ave,,M4R,Single/Semi-detached House,8,Eglinton-Lawrence
4718571,STR-2406-FZZXVR,263 Bellamy Rd N,,M1J,Single/Semi-detached House,24,Scarborough-Guildwood
4718572,STR-2406-GJGXVS,21 Iceboat Ter,2701,M5V,Condominium,10,Spadina-Fort York
4718573,STR-2406-GRMXVT,490 Runnymede Rd,,M6S,Single/Semi-detached House,4,Parkdale-High Park
4718574,STR-2406-GYTXVV,14 York St,5410,M5J,Condominium,10,Spadina-Fort York
4718575,STR-2406-HQGXVX,69 Phillip Ave,,M1N,Single/Semi-detached House,20,Scarborough Southwest
4718576,STR-2406-JFTXVZ,300 Front St W,3603,M5V,Condominium,10,Spadina-Fort York
4718577,STR-2406-FLDKVP,570 Ontario St,,M4X,Townhouse/ Row House,13,Toronto Centre
4718578,STR-2406-GZKKVV,130 Springhurst Ave,Lower,M6K,Duplex/Triplex/Fourplex,4,Parkdale-High Park
4718579,STR-2406-FLTXVP,89 Dunfield Ave,3601,M4S,Condominium,12,Toronto-St. Paul's
4718580,STR-2406-FTZXVQ,15 Kinnie Crt,,M3N,Single/Semi-detached House,7,Humber River-Black Creek
4718581,STR-2406-GKMXVS,197 Vine Ave,,M6P,Single/Semi-detached House,4,Parkdale-High Park
4718582,STR-2406-GSTXVT,51 Colgate Ave,,M4M,Single/Semi-detached House,14,Toronto-Danforth
4718583,STR-2406-GZZXVV,2300 St Clair Ave W,723,M6N,Condominium,5,York South-Weston
4718584,STR-2406-HJGXVW,31 Prospect St,,M4X,Single/Semi-detached House,13,Toronto Centre
4718585,STR-2406-FDPBPP,30 Gibbs Rd,1002,M9B,Condominium,2,Etobicoke Centre
4718586,STR-2406-FLVBPQ,543 Richmond St W,1006,M5V,Condominium,10,Spadina-Fort York
4718587,STR-2406-FVBBPR,210 Victoria St,4104,M5B,Condominium,13,Toronto Centre
4718588,STR-2406-GKPBPT,32 Laurel Ave,,M9B,Single/Semi-detached House,2,Etobicoke Centre
4718589,STR-2406-GSVBPV,798 Richmond St W,640,M6J,Apartment,10,Spadina-Fort York
4718590,STR-2406-HBBBPW,250 Lawrence Ave W,606,M5M,Condominium,8,Eglinton-Lawrence
4718591,STR-2406-HJHBPX,65 Bremner Blvd,1305,M5J,Condominium,10,Spadina-Fort York
4718592,STR-2406-HYVBPZ,14 York St,6512,M5J,Condominium,10,Spadina-Fort York
4718593,STR-2406-FFDPPP,39 Astor Ave,,M4G,Single/Semi-detached House,15,Don Valley West
4718594,STR-2407-GRWHPT,1553 Bloor St W,1,M6P,Apartment,4,Parkdale-High Park
4718595,STR-2406-FVRPPR,181 Wynford Dr,708,M3C,Condominium,16,Don Valley East
4718596,STR-2406-GCXPPS,1055 Bay St,404,M5S,Condominium,13,Toronto Centre
4718597,STR-2406-GLDPPT,30 Shore Breeze Dr,328,M8V,Condominium,3,Etobicoke-Lakeshore
4718598,STR-2406-HBRPPW,118 Shuter St,Unit A,M5A,Townhouse/ Row House,13,Toronto Centre
4718599,STR-2406-HJXPPX,23 Cardiff Rd,,M4P,Single/Semi-detached House,15,Don Valley West
4718600,STR-2406-HZKPPZ,29 Tyndall Ave,,M6K,Single/Semi-detached House,4,Parkdale-High Park
4718601,STR-2406-FFVBPP,188 Cumberland St,1706,M5R,Condominium,11,University-Rosedale
4718602,STR-2406-FPBBPQ,188 Cumberland St,2104,M5R,Condominium,11,University-Rosedale
4718603,STR-2406-GLVBPT,300 Front St W,1314,M5V,Condominium,10,Spadina-Fort York
4718604,STR-2406-HCHBPW,81 Oak Park Ave,,M4C,Single/Semi-detached House,19,Beaches-East York
4718605,STR-2406-HKPBPX,16 Stong Crt,,M3N,Single/Semi-detached House,7,Humber River-Black Creek
4718606,STR-2406-FPRPPQ,23 Blackburn St,,M4M,Townhouse/ Row House,14,Toronto-Danforth
4718607,STR-2406-GMKPPT,163 Gracedale Blvd,,M9L,Single/Semi-detached House,7,Humber River-Black Creek
4718608,STR-2406-HCXPPW,500 Sherbourne St,2102,M4X,Condominium,13,Toronto Centre
4718609,STR-2406-JBRPPZ,136 Armstrong Ave,,M6H,Single/Semi-detached House,9,Davenport
4718610,STR-2406-FQHBPQ,12 York St,5503,M5J,Condominium,10,Spadina-Fort York
4718611,STR-2406-GWHBPV,38 Concord Ave,,M6H,Duplex/Triplex/Fourplex,9,Davenport
4718612,STR-2406-HDPBPW,76 Westminster Ave,,M6R,Single/Semi-detached House,4,Parkdale-High Park
4718613,STR-2406-HLVBPX,55 Bremner Blvd,1103,M5J,Condominium,10,Spadina-Fort York
4718614,STR-2406-JCHBPZ,859 The Queensway,605,M8Z,Condominium,3,Etobicoke-Lakeshore
4718615,STR-2406-FHRPPP,59 Gwynne Ave,Rear,M6K,Apartment,4,Parkdale-High Park
4718616,STR-2406-FYDPPR,1 Dewitt Rd,,M9B,Single/Semi-detached House,2,Etobicoke Centre
4718617,STR-2406-GPRPPT,231 Indian Rd,,M6R,Single/Semi-detached House,4,Parkdale-High Park
4718618,STR-2406-GWXPPV,595 Craven Rd,,M4L,Single/Semi-detached House,14,Toronto-Danforth
4718619,STR-2406-HFDPPW,1 Keegan Cres,,M3J,Single/Semi-detached House,7,Humber River-Black Creek
4718620,STR-2406-HMKPPX,1320 Weston Rd,3,M6M,Duplex/Triplex/Fourplex,5,York South-Weston
4718621,STR-2406-HVRPPY,30 Nelson St,1106,M5V,Condominium,10,Spadina-Fort York
4718622,STR-2410-FGVHPP,170 Argyle St,B,M6J,Single/Semi-detached House,9,Davenport
4718623,STR-2406-JCXPPZ,155 Yorkville Ave,1517,M5R,Condominium,11,University-Rosedale
4718624,STR-2406-GQHBPT,40 Johnston Ave,,M2N,Single/Semi-detached House,18,Willowdale
4718625,STR-2406-HFVBPW,171 Garden Ave,,M6R,Single/Semi-detached House,4,Parkdale-High Park
4718626,STR-2406-JDPBPZ,138 Eileen Ave,,M6N,Single/Semi-detached House,5,York South-Weston
4718627,STR-2406-FJXPPP,50 Ashbury Ave,,M6E,Single/Semi-detached House,12,Toronto-St. Paul's
4718628,STR-2406-FZKPPR,123 Chester Ave,,M4K,Single/Semi-detached House,14,Toronto-Danforth
4718629,STR-2406-GYDPPV,100 Gloucester St,1101,M4Y,Apartment,13,Toronto Centre
4718630,STR-2406-HGKPPW,222 Elm St,819,M5T,Apartment,11,University-Rosedale
4718631,STR-2406-HPRPPX,353 Marlee Ave,,M6B,Apartment,8,Eglinton-Lawrence
4718632,STR-2406-HWXPPY,85 Pintail Cres,,M3A,Single/Semi-detached House,16,Don Valley East
4718633,STR-2406-GBBBPR,101 Peter St,3703,M5V,Apartment,10,Spadina-Fort York
4718634,STR-2406-GYVBPV,34 Dixington Cres,212,M9P,Apartment,2,Etobicoke Centre
4718635,STR-2406-HHBBPW,21 Kirkdale Cres,,M3B,Single/Semi-detached House,15,Don Valley West
4718636,STR-2406-HQHBPX,735 Don Mills Rd,201,M3C,Condominium,16,Don Valley East
4718637,STR-2406-JFVBPZ,2300 St Clair Ave W,1009,M6N,Condominium,5,York South-Weston
4718638,STR-2406-FLDPPP,2300 St Clair Ave W,323,M6N,Condominium,5,York South-Weston
4718639,STR-2406-FTKPPQ,2300 St Clair Ave W,725,M6N,Condominium,5,York South-Weston
4718640,STR-2406-GSDPPT,84 Benson Ave,,M6G,Single/Semi-detached House,12,Toronto-St. Paul's
4718641,STR-2406-GZKPPV,148 Heward Ave,,M4M,Single/Semi-detached House,14,Toronto-Danforth
4718642,STR-2406-HYDPPY,473 Margueretta St,,M6H,Single/Semi-detached House,9,Davenport
4718643,STR-2406-FDQHPP,11 Shangarry Dr,,M1R,Single/Semi-detached House,21,Scarborough Centre
4718644,STR-2406-GCJHPS,16 Legato Crt,,M3B,Single/Semi-detached House,16,Don Valley East
4718645,STR-2406-GSWHPV,251 Manitoba St,805,M8Y,Condominium,3,Etobicoke-Lakeshore
4718646,STR-2406-HJJHPX,955 Bay St,3601,M5S,Condominium,13,Toronto Centre
4718647,STR-2406-FFFVPP,196 Audrey Ave,,M1N,Single/Semi-detached House,20,Scarborough Southwest
4718648,STR-2406-FMLVPQ,570 Oakwood Ave,,M6E,Duplex/Triplex/Fourplex,12,Toronto-St. Paul's
4718649,STR-2406-GCYVPS,24 Noble St,310,M6K,Condominium,4,Parkdale-High Park
4718650,STR-2406-GLFVPT,5 Capri Rd,1201,M9B,Apartment,2,Etobicoke Centre
4718651,STR-2406-HBSVPW,208 Queens Quay W,3412,M5J,Condominium,10,Spadina-Fort York
4718652,STR-2406-HSFVPY,20 John St,418,M5V,Condominium,10,Spadina-Fort York
4718653,STR-2406-HZLVPZ,105 George St,1714,M5A,Condominium,13,Toronto Centre
4718654,STR-2406-FFWHPP,101 Peter St,3405,M5V,Condominium,10,Spadina-Fort York
4718655,STR-2406-FRQHPQ,87 Baycrest Ave,,M6A,Single/Semi-detached House,8,Eglinton-Lawrence
4718656,STR-2406-FWJHPR,120 Homewood Ave,2802,M4Y,Condominium,13,Toronto Centre
4718657,STR-2406-GDQHPS,30 Nelson St,1010,M5V,Condominium,10,Spadina-Fort York
4718658,STR-2406-GLWHPT,23 Eleanor Ave,,M6E,Single/Semi-detached House,12,Toronto-St. Paul's
4718659,STR-2406-GVCHPV,55 Bremner Blvd,2902,M5J,Condominium,10,Spadina-Fort York
4718660,STR-2406-HKQHPX,14 York St,6406,M5J,Condominium,10,Spadina-Fort York
4718661,STR-2406-HSWHPY,20 Monte Kwinter Crt,505,M3H,Apartment,6,York Centre
4718662,STR-2406-JBCHPZ,174 Palmerston Ave,3,M6J,Apartment,11,University-Rosedale
4718663,STR-2406-FPSVPQ,215 Fort York Blvd,206,M5V,Condominium,10,Spadina-Fort York
4718664,STR-2406-FWYVPR,50 Orchid Place Dr,17,M1B,Condominium,23,Scarborough North
4718665,STR-2406-GFFVPS,99 Broadway Ave,2906,M4P,Condominium,12,Toronto-St. Paul's
4718666,STR-2406-GMLVPT,8 Ravenal St,2,M6N,Single/Semi-detached House,5,York South-Weston
4718667,STR-2406-HCYVPW,155 Legion Rd N,1801,M8Y,Condominium,3,Etobicoke-Lakeshore
4718668,STR-2406-HLFVPX,29 North Woodrow Blvd,,M1K,Single/Semi-detached House,20,Scarborough Southwest
4718669,STR-2406-JBSVPZ,787 Euclid Ave,,M6G,Single/Semi-detached House,11,University-Rosedale
4718670,STR-2406-GFWHPS,4 Wheeler Ave,,M4L,Single/Semi-detached House,19,Beaches-East York
4718671,STR-2406-GWJHPV,88 Cumberland St,2305,M5R,Condominium,11,University-Rosedale
4718672,STR-2406-HLWHPX,101 Peter St,3501,M5V,Condominium,10,Spadina-Fort York
4718673,STR-2406-HVCHPY,171 Duplex Ave,,M5P,Single/Semi-detached House,12,Toronto-St. Paul's
4718674,STR-2406-JCJHPZ,4448 Bathurst St,,M3H,Townhouse/ Row House,6,York Centre
4718675,STR-2406-FHSVPP,325 Warren Rd,,M5P,Single/Semi-detached House,12,Toronto-St. Paul's
4718676,STR-2406-FQYVPQ,65 Bremner Blvd,3101,M5J,Condominium,10,Spadina-Fort York
4718677,STR-2406-GGLVPS,638 Queen St W,Upper,M6J,Townhouse/ Row House,10,Spadina-Fort York
4718678,STR-2406-GWYVPV,98 Lillian St,2613,M4S,Condominium,12,Toronto-St. Paul's
4718679,STR-2406-HFFVPW,496 Queen St W,2,M5V,Apartment,10,Spadina-Fort York
4718680,STR-2406-JCYVPZ,50 Lynn Williams St,1203,M6K,Condominium,10,Spadina-Fort York
4718681,STR-2406-FYWHPR,222 The Esplanade,925,M5A,Condominium,13,Toronto Centre
4718682,STR-2406-GHCHPS,560 Front St W,209,M5V,Condominium,10,Spadina-Fort York
4718683,STR-2406-GXQHPV,4 Aveline Cres,,M1H,Single/Semi-detached House,24,Scarborough-Guildwood
4718684,STR-2406-HPCHPX,58 Prust Ave,,M4L,Single/Semi-detached House,14,Toronto-Danforth
4718685,STR-2406-HWJHPY,101 Peter St,3111,M5V,Condominium,10,Spadina-Fort York
4718686,STR-2406-JDQHPZ,19 Greenberry Pl,,M1S,Single/Semi-detached House,22,Scarborough-Agincourt
4718687,STR-2406-FJYVPP,163 Portland St,404,M5V,Condominium,10,Spadina-Fort York
4718688,STR-2406-GYFVPV,14 York St,3608,M5J,Condominium,10,Spadina-Fort York
4718689,STR-2406-HGLVPW,394 Euclid Ave,202,M6G,Condominium,11,University-Rosedale
4718690,STR-2406-HPSVPX,151 Silver Birch Ave,,M4E,Single/Semi-detached House,19,Beaches-East York
4718691,STR-2406-HWYVPY,89 Bombay Ave,,M3H,Single/Semi-detached House,6,York Centre
4718692,STR-2406-JFFVPZ,98 Sexton Cres,,M2H,Single/Semi-detached House,17,Don Valley North
4718693,STR-2406-FKQHPP,1129 Dovercourt Rd,1,M6H,Duplex/Triplex/Fourplex,9,Davenport
4718694,STR-2406-GJJHPS,38 Bowood Ave,,M4N,Single/Semi-detached House,15,Don Valley West
4718695,STR-2406-GRQHPT,300 Front St W,3305,M5V,Condominium,10,Spadina-Fort York
4718696,STR-2406-GYWHPV,1222 King St W,2,M6K,Apartment,4,Parkdale-High Park
4718697,STR-2406-HHCHPW,430 Kingston Rd,,M4L,Townhouse/ Row House,19,Beaches-East York
4718698,STR-2406-FLFVPP,18 Symington Ave,1,M6P,Duplex/Triplex/Fourplex,9,Davenport
4718699,STR-2406-GJYVPS,955 Bay St,1101,M5S,Condominium,13,Toronto Centre
4718700,STR-2406-GZLVPV,347 Cleveland St,AP2,M4S,Duplex/Triplex/Fourplex,15,Don Valley West
4718701,STR-2406-HHSVPW,100 Harrison Garden Blvd,1921,M2N,Condominium,18,Willowdale
4718702,STR-2406-HQYVPX,300 Front St W,2304,M5V,Condominium,10,Spadina-Fort York
4718703,STR-2406-FDRPPP,12 York St,5608,M5J,Condominium,10,Spadina-Fort York
4718704,STR-2406-FLXPPQ,47 Glenmore Rd,,M4L,Single/Semi-detached House,19,Beaches-East York
4718705,STR-2406-FVDPPR,98 Lillian St,1117,M4S,Condominium,12,Toronto-St. Paul's
4718706,STR-2406-GCKPPS,19 Rutherford Ave,BSMT,M6M,Single/Semi-detached House,5,York South-Weston
4718707,STR-2406-GKRPPT,12 Tiverton Ave,,M4M,Single/Semi-detached House,14,Toronto-Danforth
4718708,STR-2406-GSXPPV,1 King St W,3203,M5H,Condominium,13,Toronto Centre
4718709,STR-2406-HJKPPX,524 Bathurst St,,M5S,Townhouse/ Row House,11,University-Rosedale
4718710,STR-2406-HRRPPY,25 Heron Park Pl,3,M1E,Townhouse/ Row House,25,Scarborough-Rouge Park
4718711,STR-2406-FFHBPP,96 Wyndcliff Cres,,M4A,Single/Semi-detached House,16,Don Valley East
4718712,STR-2406-FVVBPR,300 Front St W,2313,M5V,Condominium,10,Spadina-Fort York
4718713,STR-2406-GDBBPS,48 Patika Ave,,M9N,Single/Semi-detached House,5,York South-Weston
4718714,STR-2406-GLHBPT,8 Widmer St,3701,M5V,Condominium,10,Spadina-Fort York
4718715,STR-2406-GTPBPV,101 Peter St,3709,M5V,Condominium,10,Spadina-Fort York
4718716,STR-2406-HBVBPW,215 Fort York Blvd,321,M5V,Condominium,10,Spadina-Fort York
4718717,STR-2406-HKBBPX,17 Bruton Rd,,M6N,Single/Semi-detached House,5,York South-Weston
4718718,STR-2406-HSHBPY,14 York St,3407,M5J,Condominium,10,Spadina-Fort York
4718719,STR-2406-FPDPPQ,40 Edgar Ave,,M4W,Single/Semi-detached House,11,University-Rosedale
4718720,STR-2406-GDRPPS,111 McGillivray Ave,,M5M,Single/Semi-detached House,8,Eglinton-Lawrence
4718721,STR-2406-GVDPPV,12 Bonnycastle St,408,M5A,Condominium,10,Spadina-Fort York
4718722,STR-2406-HCKPPW,160 Vanderhoof Ave,703,M4G,Condominium,15,Don Valley West
4718723,STR-2406-HKRPPX,215 Fort York Blvd,1902,M5V,Condominium,10,Spadina-Fort York
4718724,STR-2406-JBDPPZ,101 Peter St,2405,M5V,Condominium,10,Spadina-Fort York
4718725,STR-2406-FGPBPP,3 Everson Dr,515,M2N,Townhouse/ Row House,18,Willowdale
4718726,STR-2406-FPVBPQ,740 Meadowvale Rd,,M1C,Single/Semi-detached House,25,Scarborough-Rouge Park
4718727,STR-2406-GFHBPS,14 York St,4606,M5J,Condominium,10,Spadina-Fort York
4718728,STR-2406-GVVBPV,33 Patrick Blvd,,M2J,Single/Semi-detached House,17,Don Valley North
4718729,STR-2406-HDBBPW,21 Iceboat Ter,3302,M5V,Condominium,10,Spadina-Fort York
4718730,STR-2406-HTPBPY,98 Lillian St,2911,M4S,Condominium,12,Toronto-St. Paul's
4718731,STR-2406-JBVBPZ,998 St Clarens Ave,2,M6H,Duplex/Triplex/Fourplex,9,Davenport
4718732,STR-2406-GFXPPS,252 Victoria St,2108,M5B,Apartment,13,Toronto Centre
4718733,STR-2406-GWKPPV,55 Bishop Ave,,M2M,Single/Semi-detached House,18,Willowdale
4718734,STR-2406-HDRPPW,181 Wynford Dr,802,M3C,Condominium,16,Don Valley East
4718735,STR-2406-HLXPPX,300 Front St W,904,M5V,Condominium,10,Spadina-Fort York
4718736,STR-2406-FHVBPP,65 Barrhead Cres,,M9W,Single/Semi-detached House,1,Etobicoke North
4718737,STR-2406-GPVBPT,108 George Henry Blvd,38,M2J,Townhouse/ Row House,17,Don Valley North
4718738,STR-2406-GXBBPV,560 Front St W,702,M5V,Condominium,10,Spadina-Fort York
4718739,STR-2406-HVVBPY,15 La Rose Ave,1410,M9P,Condominium,2,Etobicoke Centre
4718740,STR-2406-JDBBPZ,15 Iceboat Ter,2315,M5V,Condominium,10,Spadina-Fort York
4718741,STR-2406-FRRPPQ,219 Douglas Ave,,M5M,Single/Semi-detached House,8,Eglinton-Lawrence
4718742,STR-2406-FYXPPR,87 Peter St,905,M5V,Condominium,10,Spadina-Fort York
4718743,STR-2406-GQKPPT,101 Peter St,901,M5V,Condominium,10,Spadina-Fort York
4718744,STR-2406-HFXPPW,178 Brighton Ave,,M3H,Single/Semi-detached House,6,York Centre
4718745,STR-2406-HPDPPX,160 Vanderhoof Ave,1415,M4G,Condominium,15,Don Valley West
4718746,STR-2406-HWKPPY,300 Front St W,3103,M5V,Condominium,10,Spadina-Fort York
4718747,STR-2406-JDRPPZ,512 Bathurst St,0,M5S,Duplex/Triplex/Fourplex,11,University-Rosedale
4718748,STR-2406-HGPBPW,55 Bremner Blvd,4808,M5J,Condominium,10,Spadina-Fort York
4718749,STR-2406-HXBBPY,1029 King St W,634,M6K,Condominium,10,Spadina-Fort York
4718750,STR-2406-FKRPPP,14 York St,909,M5J,Condominium,10,Spadina-Fort York
4718751,STR-2406-GBDPPR,15 Summerglade Dr,,M1S,Single/Semi-detached House,23,Scarborough North
4718752,STR-2406-GRRPPT,20 Minowan Miikan Lane,610,M6J,Condominium,9,Davenport
4718753,STR-2406-HQKPPX,21 Iceboat Ter,1701,M5V,Condominium,10,Spadina-Fort York
4718754,STR-2406-JFXPPZ,28 Winnifred Ave,,M4M,Single/Semi-detached House,14,Toronto-Danforth
4718755,STR-2406-GBVBPR,430 Brock Ave,,M6H,Single/Semi-detached House,9,Davenport
4718756,STR-2406-GSHBPT,618 Windermere Ave,,M6S,Single/Semi-detached House,4,Parkdale-High Park
4718757,STR-2406-GZPBPV,10 Martha Eaton Way,2005,M6M,Apartment,5,York South-Weston
4718758,STR-2406-HHVBPW,88 Cumberland St,2205,M5R,Condominium,11,University-Rosedale
4718759,STR-2406-HRBBPX,1209 Queen St E,2,M4M,Townhouse/ Row House,14,Toronto-Danforth
4718760,STR-2406-FDSVPP,151 Dan Leckie Way,509,M5V,Condominium,10,Spadina-Fort York
4718761,STR-2406-FVFVPR,10 Haverson Blvd,,M6M,Single/Semi-detached House,5,York South-Weston
4718762,STR-2406-GCLVPS,58 Millersgrove Dr,2,M2R,Single/Semi-detached House,6,York Centre
4718763,STR-2406-GKSVPT,18 Brittany Crt,,M9P,Single/Semi-detached House,2,Etobicoke Centre
4718764,STR-2406-HJLVPX,151 Dan Leckie Way,2207,M5V,Condominium,10,Spadina-Fort York
4718765,STR-2406-HRSVPY,253 Maria St,,M6P,Townhouse/ Row House,4,Parkdale-High Park
4718766,STR-2406-FVWHPR,10 Capreol Crt,819,M5V,Condominium,10,Spadina-Fort York
4718767,STR-2406-GDCHPS,88 Kingsview Blvd,,M9R,Single/Semi-detached House,1,Etobicoke North
4718768,STR-2406-GLJHPT,242 Aileen Ave,,M6M,Single/Semi-detached House,5,York South-Weston
4718769,STR-2406-GTQHPV,6 Thirty Fifth St,,M8W,Single/Semi-detached House,3,Etobicoke-Lakeshore
4718770,STR-2406-HKCHPX,300 Front St W,3208,M5V,Condominium,10,Spadina-Fort York
4718771,STR-2406-HSJHPY,151 Dan Leckie Way,247,M5V,Condominium,10,Spadina-Fort York
4718772,STR-2406-HZQHPZ,1987 Queen St E,1,M4L,Single/Semi-detached House,19,Beaches-East York
4718773,STR-2406-FPFVPQ,115 Chelwood Rd,,M1K,Single/Semi-detached House,20,Scarborough Southwest
4718774,STR-2406-FWLVPR,56 Westmoreland Ave,,M6H,Single/Semi-detached House,9,Davenport
4718775,STR-2406-GDSVPS,107 Braemar Ave,,M5P,Single/Semi-detached House,12,Toronto-St. Paul's
4718776,STR-2406-HCLVPW,23 Brant St,412,M5V,Condominium,10,Spadina-Fort York
4718777,STR-2406-HSYVPY,15 Iceboat Ter,2801,M5V,Condominium,10,Spadina-Fort York
4718778,STR-2406-GFJHPS,120 Homewood Ave,802,M4Y,Condominium,13,Toronto Centre
4718779,STR-2406-GMQHPT,80 John St,2201,M5V,Condominium,10,Spadina-Fort York
4718780,STR-2406-GVWHPV,73 Wayne Ave,,M1R,Single/Semi-detached House,21,Scarborough Centre
4718781,STR-2406-HLJHPX,55 Bremner Blvd,1505,M5J,Condominium,10,Spadina-Fort York
4718782,STR-2406-HTQHPY,151 Dan Leckie Way,742,M5V,Condominium,10,Spadina-Fort York
4718783,STR-2406-JBWHPZ,11 Hollingworth Dr,,M1P,Single/Semi-detached House,21,Scarborough Centre
4718784,STR-2406-FQLVPQ,251 Jarvis St,2715,M5B,Condominium,13,Toronto Centre
4718785,STR-2406-GFYVPS,42 Grangemill Cres,,M3B,Single/Semi-detached House,15,Don Valley West
4718786,STR-2406-GPFVPT,54 East Liberty St,1013,M6K,Townhouse/ Row House,10,Spadina-Fort York
4718787,STR-2406-HDSVPW,19 Bank St,,M6K,Single/Semi-detached House,9,Davenport
4718788,STR-2406-HLYVPX,14 York St,2311,M5J,Condominium,10,Spadina-Fort York
4718789,STR-2406-HVFVPY,101 Peter St,3309,M5V,Condominium,10,Spadina-Fort York
4718790,STR-2406-JCLVPZ,33 Shore Breeze Dr,2609,M8V,Condominium,3,Etobicoke-Lakeshore
4718791,STR-2406-FHWHPP,300 Front St W,4606,M5V,Condominium,10,Spadina-Fort York
4718792,STR-2406-FYJHPR,30 Lansdowne Ave,205,M6K,Apartment,4,Parkdale-High Park
4718793,STR-2406-GGQHPS,1650 Bathurst St,15,M5P,Apartment,12,Toronto-St. Paul's
4718794,STR-2406-GXCHPV,300 Front St W,2702,M5V,Condominium,10,Spadina-Fort York
4718795,STR-2406-HFJHPW,60 Ryerson Ave,,M5T,Single/Semi-detached House,10,Spadina-Fort York
4718796,STR-2406-JDCHPZ,188 Cumberland St,1710,M5R,Condominium,11,University-Rosedale
4718797,STR-2406-FJLVPP,3 Innisdale Dr,,M1R,Single/Semi-detached House,21,Scarborough Centre
4718798,STR-2406-FYYVPR,8 Wellesley St E,607,M4Y,Condominium,13,Toronto Centre
4718799,STR-2406-GHFVPS,209 Fort York Blvd,1661,M5V,Condominium,10,Spadina-Fort York
4718800,STR-2406-GQLVPT,155 Yorkville Ave,420,M5R,Condominium,11,University-Rosedale
4718801,STR-2406-GXSVPV,325 Wilfred Ave,,M2N,Single/Semi-detached House,18,Willowdale
4718802,STR-2406-HPFVPX,769A Pape Ave,,M4K,Single/Semi-detached House,14,Toronto-Danforth
4718803,STR-2406-HWLVPY,129 Marion St,2,M6R,Duplex/Triplex/Fourplex,4,Parkdale-High Park
4718804,STR-2406-GHWHPS,44 Glengarry Ave,,M5M,Single/Semi-detached House,8,Eglinton-Lawrence
4718805,STR-2406-GRCHPT,252 Victoria St,3709,M5B,Apartment,13,Toronto Centre
4718806,STR-2406-GYJHPV,39 Niagara St,1119,M5V,Apartment,10,Spadina-Fort York
4718807,STR-2406-HPWHPX,300 Front St W,3812,M5V,Condominium,10,Spadina-Fort York
4718808,STR-2406-GJLVPS,88 Sheppard Ave E,10,M2N,Townhouse/ Row House,18,Willowdale
4718809,STR-2406-GRSVPT,40 Wexford Blvd,,M1R,Single/Semi-detached House,21,Scarborough Centre
4718810,STR-2406-GYYVPV,209 Fort York Blvd,771,M5V,Condominium,10,Spadina-Fort York
4718811,STR-2406-HHFVPW,14 York st,2409,M5J,Apartment,10,Spadina-Fort York
4718812,STR-2406-HXSVPY,20 John St,917,M5V,Apartment,10,Spadina-Fort York
4718813,STR-2406-FLJHPP,36 Park Lawn Rd,2707,M8V,Condominium,3,Etobicoke-Lakeshore
4718814,STR-2406-GBWHPR,140 Symington Ave,,M6P,Single/Semi-detached House,9,Davenport
4718815,STR-2406-GKCHPS,300 Front St W,3501,M5V,Condominium,10,Spadina-Fort York
4718816,STR-2406-GSJHPT,32 Codsell Ave,,M3H,Single/Semi-detached House,6,York Centre
4718817,STR-2406-GZQHPV,44 Coldstream Ave,,M5N,Single/Semi-detached House,8,Eglinton-Lawrence
4718818,STR-2406-FDVBPP,106 Rameau Dr,,M2H,Single/Semi-detached House,17,Don Valley North
4718819,STR-2406-FMBBPQ,14 York St,5104,M5J,Condominium,10,Spadina-Fort York
4718820,STR-2406-FVHBPR,168 Simcoe St,1007,M5H,Condominium,10,Spadina-Fort York
4718821,STR-2406-GCPBPS,300 Front St W,3510,M5V,Condominium,10,Spadina-Fort York
4718822,STR-2406-HJPBPX,2419 Kennedy Rd,,M1T,Single/Semi-detached House,22,Scarborough-Agincourt
4718823,STR-2406-HRVBPY,825 Craven Rd,,M4L,Single/Semi-detached House,14,Toronto-Danforth
4718824,STR-2406-HZBBPZ,286 Main St,211,M4C,Condominium,19,Beaches-East York
4718825,STR-2406-FMRPPQ,599 Spadina Rd,,M5P,Single/Semi-detached House,12,Toronto-St. Paul's
4718826,STR-2406-GDDPPS,290 Eastwood Rd,,M4L,Single/Semi-detached House,19,Beaches-East York
4718827,STR-2406-GLKPPT,18 Rainsford Rd,,M4L,Single/Semi-detached House,19,Beaches-East York
4718828,STR-2406-GTRPPV,209 Fort York Blvd,775,M5V,Condominium,10,Spadina-Fort York
4718829,STR-2406-HKDPPX,38 Rockland Dr,,M2M,Single/Semi-detached House,17,Don Valley North
4718830,STR-2406-HSKPPY,66 Clapperton Ave,,M1L,Single/Semi-detached House,20,Scarborough Southwest
4718831,STR-2406-HZRPPZ,49 East Liberty St,1008,M6K,Condominium,10,Spadina-Fort York
4718832,STR-2406-FPHBPQ,251 Jarvis St,915,M5B,Condominium,13,Toronto Centre
4718833,STR-2406-FWPBPR,50 Bruyeres Mews,309,M5V,Condominium,10,Spadina-Fort York
4718834,STR-2406-GDVBPS,1440 Military Trl,,M1C,Single/Semi-detached House,25,Scarborough-Rouge Park
4718835,STR-2406-HCPBPW,30 Edith Dr,202,M4R,Apartment,8,Eglinton-Lawrence
4718836,STR-2406-HTBBPY,231 Fort York Blvd,421,M5V,Condominium,10,Spadina-Fort York
4718837,STR-2406-JBHBPZ,141 Hope St,,M6E,Single/Semi-detached House,9,Davenport
4718838,STR-2406-FPXPPQ,300 Front St W,3407,M5V,Condominium,10,Spadina-Fort York
4718839,STR-2406-GMRPPT,3 Alpine Ave,,M6P,Single/Semi-detached House,9,Davenport
4718840,STR-2406-HDDPPW,30 Nelson St,1508,M5V,Condominium,10,Spadina-Fort York
4718841,STR-2407-FHHBPP,101 Peter St,3801,M5V,Condominium,10,Spadina-Fort York
4718842,STR-2407-FQPBPQ,28 Linden St,101,M4Y,Condominium,13,Toronto Centre
4718843,STR-2407-FXVBPR,150 Broadview Ave,20,M4M,Townhouse/ Row House,14,Toronto-Danforth
4718844,STR-2407-GPHBPT,100 Wellesley St E,902,M4Y,Apartment,13,Toronto Centre
4718845,STR-2407-GWPBPV,10 Combermere Dr,,M3A,Single/Semi-detached House,16,Don Valley East
4718846,STR-2407-HVHBPY,1A Bansley Ave,304,M6E,Apartment,12,Toronto-St. Paul's
4718847,STR-2407-FHXPPP,64 Bellevue Ave,,M5T,Townhouse/ Row House,11,University-Rosedale
4718848,STR-2407-FRDPPQ,700 King St W,517,M5V,Condominium,10,Spadina-Fort York
4718849,STR-2407-GPXPPT,543 Richmond St W,1229,M5V,Condominium,10,Spadina-Fort York
4718850,STR-2407-GXDPPV,628 Rexdale Blvd,3,M9W,Townhouse/ Row House,1,Etobicoke North
4718851,STR-2407-HVXPPY,192 Willow Ave,,M4E,Single/Semi-detached House,19,Beaches-East York
4718852,STR-2407-JDDPPZ,136 Avenue Rd,Unit A,M5R,Single/Semi-detached House,11,University-Rosedale
4718853,STR-2407-FJPBPP,55 Stewart St,824,M5V,Condominium,10,Spadina-Fort York
4718854,STR-2407-FRVBPQ,30 Allview Cres,,M2J,Single/Semi-detached House,17,Don Valley North
4718855,STR-2407-FZBBPR,76 King Edward Ave,,M4C,Single/Semi-detached House,19,Beaches-East York
4718856,STR-2407-GHHBPS,189 Hallmark Ave,,M8W,Single/Semi-detached House,3,Etobicoke-Lakeshore
4718857,STR-2407-GQPBPT,21 Alcan Ave,,M8W,Single/Semi-detached House,3,Etobicoke-Lakeshore
4718858,STR-2407-JDVBPZ,550 Jarvis St,814,M4Y,Apartment,13,Toronto Centre
4718859,STR-2407-FKDPPP,1439 Dundas St E,A,M4M,Duplex/Triplex/Fourplex,14,Toronto-Danforth
4718860,STR-2407-FZRPPR,688B Midland Ave,,M1K,Single/Semi-detached House,20,Scarborough Southwest
4718861,STR-2407-GHXPPS,87 Peter St,2712,M5V,Condominium,10,Spadina-Fort York
4718862,STR-2407-GRDPPT,255 Birkdale Rd,,M1P,Single/Semi-detached House,21,Scarborough Centre
4718863,STR-2407-HXDPPY,155 Yorkville Ave,407,M5R,Condominium,11,University-Rosedale
4718864,STR-2407-JFKPPZ,3 Violet Ave,,M4E,Single/Semi-detached House,19,Beaches-East York
4718865,STR-2407-FKVBPP,21 Iceboat Ter,2301,M5V,Condominium,10,Spadina-Fort York
4718866,STR-2407-FTBBPQ,41 Lawnside Dr,,M6L,Single/Semi-detached House,5,York South-Weston
4718867,STR-2407-GBHBPR,97 Westbourne Ave,,M1L,Duplex/Triplex/Fourplex,20,Scarborough Southwest
4718868,STR-2407-GJPBPS,310 Tweedsmuir Ave,508,M5P,Apartment,12,Toronto-St. Paul's
4718869,STR-2407-GRVBPT,100 Booth Ave,,M4M,Townhouse/ Row House,14,Toronto-Danforth
4718870,STR-2407-JGBBPZ,8 Edgewood Cres,,M4W,Single/Semi-detached House,11,University-Rosedale
4718871,STR-2407-FLKPPP,797 Don Mills Rd,1506,M3C,Condominium,16,Don Valley East
4718872,STR-2407-FTRPPQ,188 Cumberland St,1502,M5R,Condominium,11,University-Rosedale
4718873,STR-2407-GBXPPR,14 York St,408,M5J,Condominium,10,Spadina-Fort York
4718874,STR-2407-GSKPPT,73 Richmond St W,309,M5H,Apartment,10,Spadina-Fort York
4718875,STR-2407-GZRPPV,36 Park Lawn Rd,3909,M8V,Condominium,3,Etobicoke-Lakeshore
4718876,STR-2407-FDWHPP,219 Fort York Blvd,1603,M5V,Condominium,10,Spadina-Fort York
4718877,STR-2407-FMCHPQ,10 Capreol Crt,347,M5V,Condominium,10,Spadina-Fort York
4718878,STR-2407-FVJHPR,300 Front St W,203,M5V,Condominium,10,Spadina-Fort York
4718879,STR-2407-GCQHPS,179 Humewood Dr,,M6C,Single/Semi-detached House,12,Toronto-St. Paul's
4718880,STR-2407-GTCHPV,5 Hanna Ave,544,M6K,Condominium,10,Spadina-Fort York
4718881,STR-2407-HBJHPW,185 Roehampton Ave,1204,M4P,Condominium,12,Toronto-St. Paul's
4718882,STR-2407-FFLVPP,921 Palmerston Ave,,M6G,Single/Semi-detached House,11,University-Rosedale
4718883,STR-2407-GDFVPS,167 Sellers Ave,,M6E,Single/Semi-detached House,9,Davenport
4718884,STR-2407-GLLVPT,101 Peter St,1709,M5V,Condominium,10,Spadina-Fort York
4718885,STR-2407-HKFVPX,70 Athabaska Ave,,M2M,Single/Semi-detached House,18,Willowdale
4718886,STR-2407-HZSVPZ,422 Lake Shore Blvd W,G03,M5V,Condominium,10,Spadina-Fort York
4718887,STR-2407-FGCHPP,4208 Dundas St W,412,M8X,Condominium,2,Etobicoke Centre
4718888,STR-2407-FPJHPQ,2720 Dundas St W,801,M6P,Condominium,4,Parkdale-High Park
4718889,STR-2407-GDWHPS,210 Victoria St,2010,M5B,Condominium,13,Toronto Centre
4718890,STR-2407-GMCHPT,21 Carlton St,3308,M5B,Condominium,13,Toronto Centre
4718891,STR-2407-HCQHPW,87 Peter St,4101,M5V,Condominium,10,Spadina-Fort York
4718892,STR-2407-HTCHPY,923 Royal York Rd,,M8Y,Single/Semi-detached House,3,Etobicoke-Lakeshore
4718893,STR-2407-FGSVPP,35 Balmuto St,1707,M4Y,Condominium,11,University-Rosedale
4718894,STR-2407-FXFVPR,57 Haviland Dr,,M1C,Single/Semi-detached House,25,Scarborough-Rouge Park
4718895,STR-2407-GFLVPS,10 Park Lawn Rd,705,M8V,Condominium,3,Etobicoke-Lakeshore
4718896,STR-2407-GVYVPV,26 Rowley Ave,,M4P,Townhouse/ Row House,15,Don Valley West
4718897,STR-2407-FQQHPQ,19 Shipman St,,M6P,Single/Semi-detached House,4,Parkdale-High Park
4718898,STR-2407-GPJHPT,15 Iceboat Ter,3316,M5V,Condominium,10,Spadina-Fort York
4718899,STR-2407-HDWHPW,6 Grittani Lane,,M1S,Single/Semi-detached House,23,Scarborough North
4718900,STR-2407-HMCHPX,10 Lochinvar Cres,,M3A,Single/Semi-detached House,16,Don Valley East
4718901,STR-2407-HVJHPY,120 Homewood Ave,903,M4Y,Condominium,13,Toronto Centre
4718902,STR-2407-JCQHPZ,639 Lawrence Ave W,105,M6A,Townhouse/ Row House,8,Eglinton-Lawrence
4718903,STR-2407-FYLVPR,3 Rondeau Dr,,M2H,Single/Semi-detached House,17,Don Valley North
4718904,STR-2407-GXFVPV,101 Peter St,2803,M5V,Condominium,10,Spadina-Fort York
4718905,STR-2407-JDFVPZ,60 Colborne St,504,M5E,Condominium,13,Toronto Centre
4718906,STR-2407-FRWHPQ,1 Crescentwood Rd,,M1N,Single/Semi-detached House,20,Scarborough Southwest
4718907,STR-2407-FKLVPP,213 Osler St,B,M6N,Townhouse/ Row House,9,Davenport
4718908,STR-2407-GQQHPT,118 Fifth St,,M8V,Duplex/Triplex/Fourplex,3,Etobicoke-Lakeshore
4718909,STR-2407-HGCHPW,165 Legion Rd N,2331,M8Y,Condominium,3,Etobicoke-Lakeshore
4718910,STR-2407-HWQHPY,201 Carlaw Ave,L6,M4M,Condominium,14,Toronto-Danforth
4718911,STR-2407-FSLVPQ,955 Bay St,316,M5S,Condominium,13,Toronto Centre
4718912,STR-2407-GHYVPS,740 Kennedy Rd,3,M1K,Townhouse/ Row House,20,Scarborough Southwest
4718913,STR-2407-JFLVPZ,87 Peter St,3316,M5V,Condominium,10,Spadina-Fort York
4718914,STR-2407-FTCHPQ,88 Cumberland St,1108,M5R,Condominium,11,University-Rosedale
4718915,STR-2407-GZCHPV,1030 King St W,1044,M6K,Condominium,10,Spadina-Fort York
4718916,STR-2407-HHJHPW,942 Yonge St,722,M4W,Condominium,11,University-Rosedale
4718917,STR-2407-JGCHPZ,231 Fort York Blvd,431,M5V,Condominium,10,Spadina-Fort York
4718918,STR-2407-FLLVPP,43 Dunsfold Dr,,M1B,Single/Semi-detached House,23,Scarborough North
4718919,STR-2407-GBYVPR,21 Iceboat Ter,4912,M5V,Condominium,10,Spadina-Fort York
4718920,STR-2407-GKFVPS,5 Saywell Ave,,M3J,Single/Semi-detached House,7,Humber River-Black Creek
4718921,STR-2407-GZSVPV,215 Fort York Blvd,2311,M5V,Condominium,10,Spadina-Fort York
4718922,STR-2407-HRFVPX,19 Grand Trunk Cres,1715,M5J,Condominium,10,Spadina-Fort York
4718923,STR-2407-FDXPPP,46 Festival Dr,,M2R,Single/Semi-detached House,6,York Centre
4718924,STR-2407-FMDPPQ,33 Vanguard Dr,,M9B,Single/Semi-detached House,2,Etobicoke Centre
4718925,STR-2407-GCRPPS,589 Rhodes Ave,,M4J,Duplex/Triplex/Fourplex,14,Toronto-Danforth
4718926,STR-2407-GTDPPV,33 Empress Ave,2315,M2N,Condominium,18,Willowdale
4718927,STR-2407-HBKPPW,4689 Jane St,302,M3N,Condominium,7,Humber River-Black Creek
4718928,STR-2407-HRXPPY,10 Drummond St,506,M8V,Townhouse/ Row House,3,Etobicoke-Lakeshore
4718929,STR-2407-HZDPPZ,298 Highfield Rd,,M4L,Single/Semi-detached House,14,Toronto-Danforth
4718930,STR-2407-FFPBPP,568 Caledonia Rd,,M6E,Single/Semi-detached House,9,Davenport
4718931,STR-2407-FMVBPQ,105 Catalina Dr,,M1M,Single/Semi-detached House,24,Scarborough-Guildwood
4718932,STR-2407-FWBBPR,341 Cosburn Ave,,M4J,Single/Semi-detached House,14,Toronto-Danforth
4718933,STR-2407-GDHBPS,36 Thorndale Ave,,M8X,Single/Semi-detached House,3,Etobicoke-Lakeshore
4718934,STR-2407-GLPBPT,1230 Bloor St W,2,M6H,Apartment,9,Davenport
4718935,STR-2407-HKHBPX,3 Mansion Ave,,M1L,Single/Semi-detached House,20,Scarborough Southwest
4718936,STR-2407-FGDPPP,151 Dan Leckie Way,606,M5V,Condominium,10,Spadina-Fort York
4718937,STR-2407-FPKPPQ,1525 Pharmacy Ave,,M1R,Single/Semi-detached House,21,Scarborough Centre
4718938,STR-2407-FWRPPR,251 Jarvis St,615,M5B,Condominium,13,Toronto Centre
4718939,STR-2407-GDXPPS,955 Bay St,802,M5S,Condominium,13,Toronto Centre
4718940,STR-2407-HKXPPX,320 Glen Park Ave,,M6B,Single/Semi-detached House,8,Eglinton-Lawrence
4718941,STR-2407-JBKPPZ,215 Monarch Park Ave,,M4J,Single/Semi-detached House,14,Toronto-Danforth
4718942,STR-2407-FGVBPP,2 Eva Rd,1130,M9C,Condominium,2,Etobicoke Centre
4718943,STR-2407-GMVBPT,296 Borden St,,M5S,Single/Semi-detached House,11,University-Rosedale
4718944,STR-2407-HDHBPW,477 Richmond St W,808,M5V,Condominium,10,Spadina-Fort York
4718945,STR-2407-HTVBPY,1A Ardell Ave,,M1L,Single/Semi-detached House,20,Scarborough Southwest
4718946,STR-2407-JCBBPZ,60 Summerside Cres,,M2H,Single/Semi-detached House,17,Don Valley North
4718947,STR-2407-FHKPPP,30 Muriel Ave,,M4J,Single/Semi-detached House,14,Toronto-Danforth
4718948,STR-2407-FQRPPQ,99 John St,1001,M5V,Condominium,10,Spadina-Fort York
4718949,STR-2407-GGDPPS,245 Carlaw Ave,305,M4M,Condominium,14,Toronto-Danforth
4718950,STR-2407-GPKPPT,300 Front St W,3514,M5V,Condominium,10,Spadina-Fort York
4718951,STR-2407-HMDPPX,14 York St,4409,M5J,Condominium,10,Spadina-Fort York
4718952,STR-2407-JCRPPZ,128 Shawnee Crcl,,M2H,Townhouse/ Row House,17,Don Valley North
4718953,STR-2407-FJBBPP,9 Thirtieth St,3,M8W,Townhouse/ Row House,3,Etobicoke-Lakeshore
4718954,STR-2407-FYPBPR,105 George St,1608,M5A,Condominium,13,Toronto Centre
4718955,STR-2407-GQBBPT,560 Front St W,1130,M5V,Condominium,10,Spadina-Fort York
4718956,STR-2407-HFPBPW,200 Sudbury St,201,M6J,Condominium,9,Davenport
4718957,STR-2407-HMVBPX,67 Scott Rd,,M6M,Single/Semi-detached House,5,York South-Weston
4718958,STR-2407-HWBBPY,67 Banff Rd,,M4S,Single/Semi-detached House,15,Don Valley West
4718959,STR-2407-FRXPPQ,65 Bremner Blvd,1111,M5J,Condominium,10,Spadina-Fort York
4718960,STR-2407-GHKPPS,2 Eva Rd,1028,M9C,Condominium,2,Etobicoke Centre
4718961,STR-2407-GXXPPV,28 Glenora Ave,,M6C,Single/Semi-detached House,12,Toronto-St. Paul's
4718962,STR-2407-FSPBPQ,300 Front St W,4209,M5V,Condominium,10,Spadina-Fort York
4718963,STR-2407-GJBBPS,21 Victor Ave,,M8V,Single/Semi-detached House,3,Etobicoke-Lakeshore
4718964,STR-2407-GRHBPT,58 Garnier Crt,,M2M,Single/Semi-detached House,17,Don Valley North
4718965,STR-2407-HGVBPW,12 York St,5304,M5J,Condominium,10,Spadina-Fort York
4718966,STR-2407-HQBBPX,62 Mooreshead Dr,,M9C,Single/Semi-detached House,2,Etobicoke Centre
4718967,STR-2407-JFPBPZ,212 Cocksfield Ave,,M3H,Single/Semi-detached House,6,York Centre
4718968,STR-2407-FTDPPQ,15 Foxley St,,M6J,Townhouse/ Row House,10,Spadina-Fort York
4718969,STR-2407-GJRPPS,88 Sheppard Ave E,3303,M2N,Condominium,18,Willowdale
4718970,STR-2407-GZDPPV,251 Jarvis St,219,M5B,Condominium,13,Toronto Centre
4718971,STR-2407-HXXPPY,1369 Bloor St W,408,M6P,Condominium,9,Davenport
4718972,STR-2407-JGDPPZ,8 Tynevale Dr,,M9R,Single/Semi-detached House,2,Etobicoke Centre
4718973,STR-2407-FTVBPQ,210 Victoria St,2812,M5B,Condominium,13,Toronto Centre
4718974,STR-2407-GCBBPR,17 Cabot Crt,,M9A,Single/Semi-detached House,3,Etobicoke-Lakeshore
4718975,STR-2407-GKHBPS,543C Parliament St,,M4X,Townhouse/ Row House,13,Toronto Centre
4718976,STR-2407-GZVBPV,21 Iceboat Ter,4306,M5V,Condominium,10,Spadina-Fort York
4718977,STR-2407-HJBBPW,34 Bond Ave,,M3B,Townhouse/ Row House,16,Don Valley East
4718978,STR-2407-GKYVPT,14 Symes Rd,103,M6N,Townhouse/ Row House,5,York South-Weston
4718979,STR-2407-HBLVPW,14 York St,2004,M5J,Condominium,10,Spadina-Fort York
4718980,STR-2407-HJSVPX,194 Clendenan Ave,,M6P,Single/Semi-detached House,4,Parkdale-High Park
4718981,STR-2407-HRYVPY,101 Peter St,2106,M5V,Condominium,10,Spadina-Fort York
4718982,STR-2407-HZFVPZ,105 George St,1801,M5A,Condominium,13,Toronto Centre
4718983,STR-2407-FFQHPP,6 Walgreen Crt,,M1T,Single/Semi-detached House,22,Scarborough-Agincourt
4718984,STR-2407-FMWHPQ,36 Zorra St,2801,M8Z,Condominium,3,Etobicoke-Lakeshore
4718985,STR-2407-FWCHPR,439 Parliament St,201,M5A,Apartment,13,Toronto Centre
4718986,STR-2407-GDJHPS,219 Fort York Blvd,804,M5V,Condominium,10,Spadina-Fort York
4718987,STR-2407-GLQHPT,270 Dufferin St,711,M6K,Condominium,4,Parkdale-High Park
4718988,STR-2407-HZWHPZ,20 Joe Shuster Way,807,M6K,Condominium,10,Spadina-Fort York
4718989,STR-2407-FGFVPP,62 Jeremiah Lane,,M1J,Townhouse/ Row House,24,Scarborough-Guildwood
4718990,STR-2407-FWSVPR,146 Close Ave,2,M6K,Single/Semi-detached House,4,Parkdale-High Park
4718991,STR-2407-GDYVPS,15 Iceboat Ter,932,M5V,Condominium,10,Spadina-Fort York
4718992,STR-2407-GMFVPT,1201 Dovercourt Rd,,M6H,Single/Semi-detached House,9,Davenport
4718993,STR-2407-GVLVPV,42 Fifeshire Rd,,M2L,Single/Semi-detached House,15,Don Valley West
4718994,STR-2407-HCSVPW,151 Dan Leckie Way,316,M5V,Condominium,10,Spadina-Fort York
4718995,STR-2407-HKYVPX,44 Gerrard St W,503,M5G,Condominium,11,University-Rosedale
4718996,STR-2407-JBLVPZ,10 Capreol Crt,1102,M5V,Condominium,10,Spadina-Fort York
4718997,STR-2407-FGWHPP,2 Gloucester St,303,M4Y,Condominium,13,Toronto Centre
4718998,STR-2407-FXJHPR,80 Harrison Garden Blvd,1728,M2N,Condominium,18,Willowdale
4718999,STR-2407-GFQHPS,142 Palmerston Ave,,M6J,Single/Semi-detached House,10,Spadina-Fort York
4719000,STR-2407-GWCHPV,6 Eva Rd,305,M9C,Condominium,2,Etobicoke Centre
4719001,STR-2407-HLQHPX,26 Fairview Blvd,,M4K,Single/Semi-detached House,14,Toronto-Danforth
4719002,STR-2407-FHLVPP,38 Tecumseth St,,M5V,Single/Semi-detached House,10,Spadina-Fort York
4719003,STR-2407-FQSVPQ,135 Lower Sherbourne St,1064,M5A,Apartment,13,Toronto Centre
4719004,STR-2407-FXYVPR,20 John St,619,M5V,Condominium,10,Spadina-Fort York
4719005,STR-2407-GWSVPV,54 Garnock Ave,,M4K,Single/Semi-detached House,14,Toronto-Danforth
4719006,STR-2407-HDYVPW,3 Selby St,,M4Y,Townhouse/ Row House,13,Toronto Centre
4719007,STR-2407-HVLVPY,17 Farmstead Rd,907,M2L,Condominium,15,Don Valley West
4719008,STR-2407-JCSVPZ,31 Edinburgh Dr,,M3H,Single/Semi-detached House,6,York Centre
4719009,STR-2407-FRJHPQ,110 Gristone Cres,,M1X,Townhouse/ Row House,25,Scarborough-Rouge Park
4719010,STR-2407-FYQHPR,87 Peter St,2902,M5V,Condominium,10,Spadina-Fort York
4719011,STR-2407-GGWHPS,18 Yonge St,2401,M5E,Condominium,10,Spadina-Fort York
4719012,STR-2407-GQCHPT,209 Fort York Blvd,356,M5V,Condominium,10,Spadina-Fort York
4719013,STR-2407-JDJHPZ,173 Caribou Rd,,M5N,Single/Semi-detached House,8,Eglinton-Lawrence
4719014,STR-2407-FJSVPP,72 Eaton Ave,,M4J,Single/Semi-detached House,14,Toronto-Danforth
4719015,STR-2407-FRYVPQ,47 Lower River St,541,M5A,Condominium,13,Toronto Centre
4719016,STR-2407-FZFVPR,151 Dan Leckie Way,749,M5V,Condominium,10,Spadina-Fort York
4719017,STR-2407-GHLVPS,55 Bremner Blvd,2307,M5J,Condominium,10,Spadina-Fort York
4719018,STR-2407-GQSVPT,49 Columbine Ave,,M4L,Single/Semi-detached House,19,Beaches-East York
4719019,STR-2407-GXYVPV,6 Harbourview Cres,,M8V,Townhouse/ Row House,3,Etobicoke-Lakeshore
4719020,STR-2407-FKJHPP,248 Torresdale Ave,,M2R,Single/Semi-detached House,6,York Centre
4719021,STR-2407-FSQHPQ,90 Park Lawn Rd,716,M8Y,Condominium,3,Etobicoke-Lakeshore
4719022,STR-2407-GJCHPS,155 Yorkville Ave,2220,M5R,Condominium,11,University-Rosedale
4719023,STR-2407-GRJHPT,637 Lake Shore Blvd W,415,M5V,Condominium,10,Spadina-Fort York
4719024,STR-2407-GYQHPV,30 Nelson St,3406,M5V,Condominium,10,Spadina-Fort York
4719025,STR-2407-HGWHPW,7 Marshall St,,M6K,Single/Semi-detached House,9,Davenport
4719026,STR-2407-HXJHPY,185 Emerson Ave,,M6H,Single/Semi-detached House,9,Davenport
4719027,STR-2407-FKYVPP,1525 Pharmacy Ave,,M1R,Single/Semi-detached House,21,Scarborough Centre
4719028,STR-2407-FTFVPQ,16 Yonge St,3311,M5E,Condominium,10,Spadina-Fort York
4719029,STR-2407-GBLVPR,35 Bastion St,507,M5V,Condominium,10,Spadina-Fort York
4719030,STR-2407-GJSVPS,628 Fleet St,1911,M5V,Condominium,10,Spadina-Fort York
4719031,STR-2407-GRYVPT,300 Front St W,2009,M5V,Condominium,10,Spadina-Fort York
4719032,STR-2407-GZFVPV,35 Balmuto St,1503,M4Y,Condominium,11,University-Rosedale
4719033,STR-2407-HQSVPX,101 Peter St,2202,M5V,Condominium,10,Spadina-Fort York
4719034,STR-2407-JGFVPZ,832 Bay St,2603,M5S,Condominium,11,University-Rosedale
4719035,STR-2407-FLQHPP,21 Iceboat Ter,4611,M5V,Condominium,10,Spadina-Fort York
4719036,STR-2407-FTWHPQ,35 Bastion St,2014,M5V,Condominium,10,Spadina-Fort York
4719037,STR-2407-GCCHPR,1218 Brimley Rd,,M1P,Single/Semi-detached House,21,Scarborough Centre
4719038,STR-2407-GKJHPS,454 Montrose Ave,1,M6G,Single/Semi-detached House,11,University-Rosedale
4719039,STR-2407-HJCHPW,51 Dorset Rd,,M1M,Single/Semi-detached House,20,Scarborough Southwest
4719040,STR-2407-HRJHPX,6 Welbrooke Pl,,M9B,Single/Semi-detached House,2,Etobicoke Centre
4719041,STR-2407-FFBBPP,12 York St,5704,M5J,Condominium,10,Spadina-Fort York
4719042,STR-2407-FMHBPQ,15 Carey Rd,,M4S,Single/Semi-detached House,12,Toronto-St. Paul's
4719043,STR-2407-GLBBPT,180 Marion St,,M6R,Single/Semi-detached House,4,Parkdale-High Park
4719044,STR-2407-GTHBPV,360 Runnymede Rd,,M6S,Single/Semi-detached House,4,Parkdale-High Park
4719045,STR-2407-HJVBPX,65 Bremner Blvd,2102,M5J,Condominium,10,Spadina-Fort York
4719046,STR-2407-HSBBPY,784 Logan Ave,,M4K,Single/Semi-detached House,14,Toronto-Danforth
4719047,STR-2407-FFRPPP,89 Gainsborough Rd,,M4L,Single/Semi-detached House,19,Beaches-East York
4719048,STR-2407-FWDPPR,18 Yonge St,2802,M5E,Condominium,10,Spadina-Fort York
4719049,STR-2407-GDKPPS,300 Front St W,209,M5V,Condominium,10,Spadina-Fort York
4719050,STR-2407-GTXPPV,219 Fort York Blvd,3802,M5V,Condominium,10,Spadina-Fort York
4719051,STR-2407-HCDPPW,8 Huntley St,B,M4Y,Single/Semi-detached House,13,Toronto Centre
4719052,STR-2407-HCVBPW,861 Sheppard Ave W,1,M3H,Townhouse/ Row House,6,York Centre
4719053,STR-2407-HLBBPX,56 Pleasant Ave,,M2M,Single/Semi-detached House,18,Willowdale
4719054,STR-2407-HTHBPY,25 Kimberley Ave,,M4E,Single/Semi-detached House,19,Beaches-East York
4719055,STR-2407-FGXPPP,164 Lynedock Cres,,M3A,Single/Semi-detached House,16,Don Valley East
4719056,STR-2407-FQDPPQ,1B Richview Rd,1901,M9A,Apartment,2,Etobicoke Centre
4719057,STR-2407-FXKPPR,132 Berkeley St,617,M5A,Apartment,13,Toronto Centre
4719058,STR-2407-GMXPPT,1557 Midland Ave,,M1P,Townhouse/ Row House,21,Scarborough Centre
4719059,STR-2407-GWDPPV,188 Doris Ave,1705,M2N,Condominium,18,Willowdale
4719060,STR-2407-HDKPPW,300 Front St W,2610,M5V,Apartment,10,Spadina-Fort York
4719061,STR-2407-HLRPPX,300 Front St W,3004,M5V,Apartment,10,Spadina-Fort York
4719062,STR-2407-JCDPPZ,30 Shore Breeze Dr,334,M8V,Condominium,3,Etobicoke-Lakeshore
4719063,STR-2407-FQVBPQ,273 Glengrove Ave W,,M5N,Single/Semi-detached House,8,Eglinton-Lawrence
4719064,STR-2407-FYBBPR,500 Doris Ave,2424,M2N,Condominium,18,Willowdale
4719065,STR-2407-GGHBPS,39 Primrose Ave,,M8V,Single/Semi-detached House,3,Etobicoke-Lakeshore
4719066,STR-2407-GPPBPT,14 Fernwood Park Ave,,M4E,Single/Semi-detached House,19,Beaches-East York
4719067,STR-2407-GWVBPV,53 Bevdale Rd,,M2R,Single/Semi-detached House,18,Willowdale
4719068,STR-2407-HMHBPX,19 Forest Glen Cres,,M4N,Single/Semi-detached House,15,Don Valley West
4719069,STR-2407-JCVBPZ,196 Weston Rd,,M6N,Single/Semi-detached House,5,York South-Weston
4719070,STR-2407-FYRPPR,101 Peter St,3603,M5V,Condominium,10,Spadina-Fort York
4719071,STR-2407-GGXPPS,30 Rowntree Ave,,M6N,Single/Semi-detached House,9,Davenport
4719072,STR-2407-GQDPPT,155 Yorkville Ave,2806,M5R,Condominium,11,University-Rosedale
4719073,STR-2407-HFRPPW,251 Jarvis St,4410,M5B,Apartment,13,Toronto Centre
4719074,STR-2407-HMXPPX,67 Langley Ave,,M4K,Single/Semi-detached House,14,Toronto-Danforth
4719075,STR-2407-JDKPPZ,5162 Yonge St,103,M2N,Apartment,18,Willowdale
4719076,STR-2407-FJVBPP,231 Fort York Blvd,720,M5V,Condominium,10,Spadina-Fort York
4719077,STR-2407-GYBBPV,8 Callender St,,M6R,Single/Semi-detached House,4,Parkdale-High Park
4719078,STR-2407-HGHBPW,3183 Bathurst St,Unit 1A,M6A,Apartment,8,Eglinton-Lawrence
4719079,STR-2407-HWVBPY,504 Donlands Ave,,M4J,Single/Semi-detached House,14,Toronto-Danforth
4719080,STR-2407-FKKPPP,2 Beamsville Dr,,M1T,Single/Semi-detached House,22,Scarborough-Agincourt
4719081,STR-2407-FSRPPQ,12 York St,811,M5J,Condominium,10,Spadina-Fort York
4719082,STR-2407-FZXPPR,251 Jarvis St,4711,M5B,Condominium,13,Toronto Centre
4719083,STR-2407-GJDPPS,565 Palmerston Ave,,M6G,Single/Semi-detached House,11,University-Rosedale
4719084,STR-2407-GRKPPT,55 Bremner Blvd,3406,M5J,Condominium,10,Spadina-Fort York
4719085,STR-2407-HXKPPY,2 Anndale Dr,1311,M2N,Condominium,18,Willowdale
4719086,STR-2407-JFRPPZ,101 Peter St,1017,M5V,Condominium,10,Spadina-Fort York
4719087,STR-2407-FTHBPQ,99 Bellevue Ave,15,M5T,Apartment,11,University-Rosedale
4719088,STR-2407-GJVBPS,30 Nelson St,2404,M5V,Condominium,10,Spadina-Fort York
4719089,STR-2407-HHPBPW,6 Royal Doulton Dr,,M3A,Single/Semi-detached House,16,Don Valley East
4719090,STR-2407-HQVBPX,101 Peter St,1209,M5V,Condominium,10,Spadina-Fort York
4719091,STR-2407-HYBBPY,222 The Esplanade,202,M5A,Condominium,13,Toronto Centre
4719092,STR-2407-JGHBPZ,12 York St,5103,M5J,Condominium,10,Spadina-Fort York
4719093,STR-2407-FLRPPP,155 Yorkville Ave,2603,M5R,Condominium,11,University-Rosedale
4719094,STR-2407-FTXPPQ,103 Kildonan Dr,,M1N,Single/Semi-detached House,20,Scarborough Southwest
4719095,STR-2407-GCDPPR,2 Anndale Dr,2906,M2N,Condominium,18,Willowdale
4719096,STR-2407-GKKPPS,6 Annapearl Crt,,M2N,Single/Semi-detached House,18,Willowdale
4719097,STR-2407-HRKPPX,151 Dan Leckie Way,539,M5V,Apartment,10,Spadina-Fort York
4719098,STR-2407-HYRPPY,292 The Westway,,M9R,Single/Semi-detached House,2,Etobicoke Centre
4719099,STR-2407-JGXPPZ,36 Greenwood Ave,,M4L,Single/Semi-detached House,14,Toronto-Danforth
4719100,STR-2407-FVQHPR,702 Ossington Ave,,M6G,Single/Semi-detached House,9,Davenport
4719101,STR-2407-GCWHPS,31 Neelands Cres,,M1E,Single/Semi-detached House,24,Scarborough-Guildwood
4719102,STR-2407-GLCHPT,149A Hillingdon Ave,,M4C,Townhouse/ Row House,19,Beaches-East York
4719103,STR-2407-GTJHPV,21 Iceboat Ter,2005,M5V,Condominium,10,Spadina-Fort York
4719104,STR-2407-HBQHPW,218 Roslin Ave,,M4N,Single/Semi-detached House,15,Don Valley West
4719105,STR-2407-HSCHPY,151 Dan Leckie Way,1210,M5V,Condominium,10,Spadina-Fort York
4719106,STR-2407-FMYVPQ,6 Sonic Way,N101,M3C,Condominium,16,Don Valley East
4719107,STR-2407-FWFVPR,22 Leader Lane,312,M5E,Condominium,13,Toronto Centre
4719108,STR-2407-GLSVPT,67A Lemonwood Dr,,M9A,Single/Semi-detached House,2,Etobicoke Centre
4719109,STR-2407-HCFVPW,125 Huron St,,M5T,Single/Semi-detached House,11,University-Rosedale
4719110,STR-2407-HKLVPX,128 Pendrith St,,M6G,Single/Semi-detached House,11,University-Rosedale
4719111,STR-2407-HZYVPZ,114 Brian Dr,,M2J,Single/Semi-detached House,17,Don Valley North
4719112,STR-2407-FPQHPQ,42 Sawley Dr,,M2K,Single/Semi-detached House,17,Don Valley North
4719113,STR-2407-GMJHPT,14 Ashdale Ave,A,M4L,Duplex/Triplex/Fourplex,14,Toronto-Danforth
4719114,STR-2407-HCWHPW,553 Shaw St,1,M6G,Duplex/Triplex/Fourplex,11,University-Rosedale
4719115,STR-2407-HLCHPX,20 Joe Shuster Way,610,M6K,Condominium,10,Spadina-Fort York
4719116,STR-2407-HTJHPY,725 Brimley Rd,,M1J,Single/Semi-detached House,21,Scarborough Centre
4719117,STR-2407-JBQHPZ,130 D'Arcy St,,M5T,Single/Semi-detached House,11,University-Rosedale
4719118,STR-2407-FGYVPP,82 Enderby Rd,1,M4E,Duplex/Triplex/Fourplex,19,Beaches-East York
4719119,STR-2407-FXLVPR,2746 Midland Ave,,M1S,Single/Semi-detached House,22,Scarborough-Agincourt
4719120,STR-2407-GFSVPS,7 Mitchell Ave,,M6J,Townhouse/ Row House,10,Spadina-Fort York
4719121,STR-2407-GMYVPT,31 1/2 Grove Ave,1,M6J,Duplex/Triplex/Fourplex,10,Spadina-Fort York
4719122,STR-2407-GWFVPV,3 Hickory Tree Rd,503,M9N,Condominium,5,York South-Weston
4719123,STR-2407-HDLVPW,30 Shore Breeze Dr,527,M8V,Condominium,3,Etobicoke-Lakeshore
4719124,STR-2407-HLSVPX,65 Bremner Blvd,3508,M5J,Condominium,10,Spadina-Fort York
4719125,STR-2407-HTYVPY,210 Victoria St,3405,M5B,Condominium,13,Toronto Centre
4719126,STR-2407-JCFVPZ,78 St Patrick St,150,M5T,Apartment,10,Spadina-Fort York
4719127,STR-2407-FQWHPQ,340 Mill Rd,1908,M9C,Apartment,2,Etobicoke Centre
4719128,STR-2407-FYCHPR,478 Brock Ave,2,M6H,Duplex/Triplex/Fourplex,9,Davenport
4719129,STR-2407-GPQHPT,231 Fort York Blvd,537,M5V,Condominium,10,Spadina-Fort York
4719130,STR-2407-GWWHPV,8 Widmer St,3911,M5V,Condominium,10,Spadina-Fort York
4719131,STR-2407-HFCHPW,492 Lansdowne Ave,Upper,M6H,Duplex/Triplex/Fourplex,9,Davenport
4719132,STR-2407-HVQHPY,62 High Park Blvd,Main,M6R,Duplex/Triplex/Fourplex,4,Parkdale-High Park
4719133,STR-2407-FJFVPP,29 Sarah Ashbridge Ave,,M4L,Single/Semi-detached House,19,Beaches-East York
4719134,STR-2407-FYSVPR,5 Sheppard Ave E,2916,M2N,Condominium,18,Willowdale
4719135,STR-2407-GGYVPS,14 York St,3109,M5J,Condominium,10,Spadina-Fort York
4719136,STR-2407-GXLVPV,15 Solidarity Way,1702,M6K,Apartment,10,Spadina-Fort York
4719137,STR-2407-HFSVPW,64 Fieldwood Dr,,M1V,Single/Semi-detached House,23,Scarborough North
4719138,STR-2407-HMYVPX,59 Ridware Cres,,M1C,Single/Semi-detached House,25,Scarborough-Rouge Park
4719139,STR-2407-HWFVPY,562 Indian Rd,,M6P,Single/Semi-detached House,4,Parkdale-High Park
4719140,STR-2407-JDLVPZ,3 Somerset Ave,,M6H,Single/Semi-detached House,9,Davenport
4719141,STR-2407-FJWHPP,110 Caledonia Park Rd,2,M6H,Townhouse/ Row House,9,Davenport
4719142,STR-2407-GQWHPT,42 Marta Ave,,M1K,Single/Semi-detached House,20,Scarborough Southwest
4719143,STR-2407-GYCHPV,151 Dan Leckie Way,856,M5V,Condominium,10,Spadina-Fort York
4719144,STR-2407-HGJHPW,50 Claywood Rd,,M2N,Single/Semi-detached House,18,Willowdale
4719145,STR-2407-HPQHPX,151 Dan Leckie Way,957,M5V,Condominium,10,Spadina-Fort York
4719146,STR-2407-HWWHPY,62 Banstock Dr,,M2K,Single/Semi-detached House,17,Don Valley North
4719147,STR-2407-GYSVPV,300 Front St W,3507,M5V,Apartment,10,Spadina-Fort York
4719148,STR-2407-HGYVPW,327 king st west,2202,M5V,Condominium,10,Spadina-Fort York
4719149,STR-2407-HXLVPY,167 Perth Ave,,M6P,Single/Semi-detached House,9,Davenport
4719150,STR-2407-JFSVPZ,111 Gore Vale Ave,,M6J,Single/Semi-detached House,10,Spadina-Fort York
4719151,STR-2407-FLCHPP,15 Bridgeport Dr,,M1C,Single/Semi-detached House,25,Scarborough-Rouge Park
4719152,STR-2407-FTJHPQ,55 Bremner Blvd,2602,M5J,Condominium,10,Spadina-Fort York
4719153,STR-2407-GBQHPR,300 Front St W,3613,M5V,Condominium,10,Spadina-Fort York
4719154,STR-2407-HHQHPW,290 Adelaide St W,1510,M5V,Condominium,10,Spadina-Fort York
4719155,STR-2407-HYCHPY,14 York St,1206,M5J,Condominium,10,Spadina-Fort York
4719156,STR-2407-JGJHPZ,300 Front St W,3802,M5V,Condominium,10,Spadina-Fort York
4719157,STR-2407-FLSVPP,15 Iceboat Ter,4010,M5V,Condominium,10,Spadina-Fort York
4719158,STR-2407-FTYVPQ,12 Longwood Dr,,M3B,Single/Semi-detached House,15,Don Valley West
4719159,STR-2407-GCFVPR,14 York St,2404,M5J,Condominium,10,Spadina-Fort York
4719160,STR-2407-GKLVPS,79 Blueberry Dr,,M1S,Single/Semi-detached House,23,Scarborough North
4719161,STR-2407-GSSVPT,955 Bay St,516,M5S,Condominium,13,Toronto Centre
4719162,STR-2407-GZYVPV,189 Indian Rd,,M6R,Single/Semi-detached House,4,Parkdale-High Park
4719163,STR-2407-HRLVPX,21 Iceboat Ter,3901,M5V,Condominium,10,Spadina-Fort York
4719164,STR-2407-JGYVPZ,2 Eva Rd,1326,M9C,Condominium,2,Etobicoke Centre
4719165,STR-2407-FDPFBP,171 Tower Dr,,M1R,Single/Semi-detached House,21,Scarborough Centre
4719166,STR-2407-FLVFBQ,155 Yorkville Ave,2020,M5R,Condominium,11,University-Rosedale
4719167,STR-2407-FVBFBR,30 Nelson St,3109,M5V,Condominium,10,Spadina-Fort York
4719168,STR-2407-GCHFBS,195 Soudan Ave,,M4S,Single/Semi-detached House,12,Toronto-St. Paul's
4719169,STR-2407-GKPFBT,21 Iceboat Ter,4606,M5V,Condominium,10,Spadina-Fort York
4719170,STR-2407-GSVFBV,1042 Dovercourt Rd,,M6H,Single/Semi-detached House,9,Davenport
4719171,STR-2407-HBBFBW,5 Leonard Ave,A,M5T,Duplex/Triplex/Fourplex,11,University-Rosedale
4719172,STR-2407-HJHFBX,250 Wellington St W,428,M5V,Condominium,10,Spadina-Fort York
4719173,STR-2407-HRPFBY,109 Logan Ave,,M4M,Townhouse/ Row House,14,Toronto-Danforth
4719174,STR-2407-HYVFBZ,47 Innismore Cres,,M1R,Single/Semi-detached House,21,Scarborough Centre
4719175,STR-2407-FFDSBP,21 Iceboat Ter,4309,M5V,Condominium,10,Spadina-Fort York
4719176,STR-2407-GCXSBS,66 Rameau Dr,,M2H,Single/Semi-detached House,17,Don Valley North
4719177,STR-2407-GLDSBT,101 Peter St,4007,M5V,Condominium,10,Spadina-Fort York
4719178,STR-2407-HJXSBX,254 Beatrice St,,M6G,Single/Semi-detached House,11,University-Rosedale
4719179,STR-2407-FWHFBR,50 Ordnance St,1206,M6K,Condominium,10,Spadina-Fort York
4719180,STR-2408-GXPFBV,25 Brimstone Cres,,M1V,Single/Semi-detached House,23,Scarborough North
4719181,STR-2407-GLVFBT,155 Yorkville Ave,2607,M5R,Condominium,11,University-Rosedale
4719182,STR-2407-GVBFBV,800 King St W,617,M5V,Condominium,10,Spadina-Fort York
4719183,STR-2407-FGKSBP,209 Fort York Blvd,674,M5V,Condominium,10,Spadina-Fort York
4719184,STR-2407-FPRSBQ,12 York St,911,M5J,Condominium,10,Spadina-Fort York
4719185,STR-2407-FWXSBR,598 Crawford St,1,M6G,Duplex/Triplex/Fourplex,11,University-Rosedale
4719186,STR-2407-GVRSBV,35 Saranac Blvd,205,M6A,Condominium,8,Eglinton-Lawrence
4719187,STR-2407-HCXSBW,120 Mackay Ave,,M6H,Single/Semi-detached House,9,Davenport
4719188,STR-2407-FHBFBP,21 Iceboat Ter,326,M5V,Condominium,10,Spadina-Fort York
4719189,STR-2407-FQHFBQ,73 Joseph Griffith Lane,,M3L,Townhouse/ Row House,7,Humber River-Black Creek
4719190,STR-2407-GPBFBT,98 Lillian St,215,M4S,Condominium,12,Toronto-St. Paul's
4719191,STR-2408-GWHFBV,219 Fort York Blvd,1012,M5V,Condominium,10,Spadina-Fort York
4719192,STR-2408-HVBFBY,312 Queen St E,2,M5A,Townhouse/ Row House,13,Toronto Centre
4719193,STR-2408-JCHFBZ,234 Hounslow Ave,,M2N,Single/Semi-detached House,18,Willowdale
4719194,STR-2408-FYDSBR,90 Niagara St,306,M5V,Condominium,10,Spadina-Fort York
4719195,STR-2408-GGKSBS,10 Majestic Crt,,M6B,Single/Semi-detached House,8,Eglinton-Lawrence
4719196,STR-2408-GPRSBT,69 Emerson Ave,,M6H,Single/Semi-detached House,9,Davenport
4719197,STR-2408-HFDSBW,35 Bastion St,1814,M5V,Condominium,10,Spadina-Fort York
4719198,STR-2408-HVRSBY,10 De Boers Dr,908,M3J,Apartment,6,York Centre
4719199,STR-2408-FRPFBQ,8 Trent Ave,1020,M4C,Condominium,19,Beaches-East York
4719200,STR-2408-FYVFBR,142 William Duncan Rd,4,M3K,Townhouse/ Row House,6,York Centre
4719201,STR-2408-GHBFBS,42 Millgate Cres,,M2K,Single/Semi-detached House,17,Don Valley North
4719202,STR-2408-HFVFBW,2330 Queen St E,A,M4E,Duplex/Triplex/Fourplex,19,Beaches-East York
4719203,STR-2408-HPBFBX,1088 Danforth Ave,3,M4J,Townhouse/ Row House,14,Toronto-Danforth
4719204,STR-2408-FJXSBP,121 Jenkinson Way,,M1P,Townhouse/ Row House,21,Scarborough Centre
4719205,STR-2408-FZKSBR,65 Bremner Blvd,3209,M5J,Condominium,10,Spadina-Fort York
4719206,STR-2408-GHRSBS,151 Dan Leckie Way,1909,M5V,Condominium,10,Spadina-Fort York
4719207,STR-2408-HPRSBX,33 Millmere Dr,BSMT,M1G,Single/Semi-detached House,24,Scarborough-Guildwood
4719208,STR-2408-HWXSBY,512 Bathurst St,3,M5S,Duplex/Triplex/Fourplex,11,University-Rosedale
4719209,STR-2408-FKPFBP,205 Prince Edward Dr S,,M8Y,Single/Semi-detached House,3,Etobicoke-Lakeshore
4719210,STR-2408-FSVFBQ,10 Hamstead Ave,,M4C,Single/Semi-detached House,19,Beaches-East York
4719211,STR-2408-GJHFBS,49 Wynn Rd,,M2R,Single/Semi-detached House,18,Willowdale
4719212,STR-2408-GRPFBT,389 Davisville Ave,,M4S,Townhouse/ Row House,15,Don Valley West
4719213,STR-2408-GYVFBV,8 Widmer St,2815,M5V,Condominium,10,Spadina-Fort York
4719214,STR-2408-HHBFBW,77 Gerrard St W,2408,M5G,Apartment,11,University-Rosedale
4719215,STR-2408-HQHFBX,8 Stanley Ave,,M6J,Single/Semi-detached House,10,Spadina-Fort York
4719216,STR-2408-HXPFBY,173 Chambers Ave,,M6N,Single/Semi-detached House,9,Davenport
4719217,STR-2408-JFVFBZ,75 Thorncliffe Park Dr,419,M4H,Apartment,15,Don Valley West
4719218,STR-2408-FTKSBQ,65 Bremner Blvd,3505,M5J,Condominium,10,Spadina-Fort York
4719219,STR-2408-GZKSBV,65 Bremner Blvd,4508,M5J,Condominium,10,Spadina-Fort York
4719220,STR-2408-HHRSBW,596 McRoberts Ave,,M6E,Single/Semi-detached House,9,Davenport
4719221,STR-2408-JGKSBZ,2 Kenhill Dr,,M9V,Single/Semi-detached House,1,Etobicoke North
4719222,STR-2408-FDQLBP,7 Shank St,706,M6J,Condominium,10,Spadina-Fort York
4719223,STR-2408-GCJLBS,24 Wellesley St W,612,M4Y,Condominium,13,Toronto Centre
4719224,STR-2408-GKQLBT,173 Fern Ave,,M6R,Single/Semi-detached House,4,Parkdale-High Park
4719225,STR-2408-HBCLBW,273 Davisville Ave,,M4S,Single/Semi-detached House,15,Don Valley West
4719226,STR-2408-HRQLBY,54 Shirley St,,M6K,Townhouse/ Row House,9,Davenport
4719227,STR-2408-HYWLBZ,121 Manor Rd E,1,M4S,Duplex/Triplex/Fourplex,12,Toronto-St. Paul's
4719228,STR-2408-FMLYBQ,30 Farningham Cres,,M9B,Single/Semi-detached House,2,Etobicoke Centre
4719229,STR-2408-GLHFBT,14 York St,5409,M5J,Condominium,10,Spadina-Fort York
4719230,STR-2408-GLFYBT,12 York St,4909,M5J,Condominium,10,Spadina-Fort York
4719231,STR-2408-GTLYBV,48 Denvale Rd,,M4B,Single/Semi-detached House,19,Beaches-East York
4719232,STR-2408-HBSYBW,180 Niagara St,504,M5V,Apartment,10,Spadina-Fort York
4719233,STR-2408-HJYYBX,1000 King St W,216,M6K,Condominium,10,Spadina-Fort York
4719234,STR-2408-HSFYBY,40 Cadillac Ave,,M3H,Single/Semi-detached House,6,York Centre
4719235,STR-2408-HZLYBZ,14 York St,5805,M5J,Condominium,10,Spadina-Fort York
4719236,STR-2408-FPCLBQ,70 Crockamhill Dr,60,M1S,Townhouse/ Row House,23,Scarborough North
4719237,STR-2408-GLWLBT,160 Byng Ave,,M1L,Single/Semi-detached House,20,Scarborough Southwest
4719238,STR-2408-GVCLBV,185 Roehampton Ave,320,M4P,Condominium,12,Toronto-St. Paul's
4719239,STR-2408-HCJLBW,100 Church Ave,,M2N,Single/Semi-detached House,18,Willowdale
4719240,STR-2408-HKQLBX,65 Miller St,,M6N,Single/Semi-detached House,9,Davenport
4719241,STR-2408-HSWLBY,105 George St,410,M5A,Condominium,13,Toronto Centre
4719242,STR-2408-FPSYBQ,42 Stuart Cres,,M2N,Single/Semi-detached House,18,Willowdale
4719243,STR-2409-GRLYBT,281 B Osler St,,M6N,Single/Semi-detached House,9,Davenport
4719244,STR-2408-GVSYBV,210 Victoria St,3401,M5B,Condominium,13,Toronto Centre
4719245,STR-2408-HCYYBW,2 Allegrezza Crt,A,M6A,Single/Semi-detached House,8,Eglinton-Lawrence
4719246,STR-2408-HTLYBY,21 Panmure Cres,,M1K,Single/Semi-detached House,21,Scarborough Centre
4719247,STR-2408-JBSYBZ,300 Front St W,2211,M5V,Condominium,10,Spadina-Fort York
4719248,STR-2408-FHCLBP,2202 Weston Rd,308,M9N,Apartment,5,York South-Weston
4719249,STR-2408-FQJLBQ,2972 Weston Rd,,M9M,Single/Semi-detached House,7,Humber River-Black Creek
4719250,STR-2408-FXQLBR,487 Hounslow Ave,,M2R,Single/Semi-detached House,18,Willowdale
4719251,STR-2408-GPCLBT,251 Jarvis St,1919,M5B,Condominium,13,Toronto Centre
4719252,STR-2408-GWJLBV,212 Franklin Ave,,M6P,Single/Semi-detached House,9,Davenport
4719253,STR-2408-HLWLBX,348 Brunswick Ave,1,M5R,Single/Semi-detached House,11,University-Rosedale
4719254,STR-2408-JCJLBZ,268 Torresdale Ave,,M2R,Single/Semi-detached House,6,York Centre
4719255,STR-2408-FHSYBP,2015 Sheppard Ave E,3302,M2J,Condominium,17,Don Valley North
4719256,STR-2408-FQYYBQ,300 Front St W,3608,M5V,Condominium,10,Spadina-Fort York
4719257,STR-2408-FYFYBR,144 Northcliffe Blvd,,M6E,Duplex/Triplex/Fourplex,9,Davenport
4719258,STR-2408-GPSYBT,165 Legion Rd N,2526,M8Y,Condominium,3,Etobicoke-Lakeshore
4719259,STR-2408-HFFYBW,30 Nelson St,2402,M5V,Condominium,10,Spadina-Fort York
4719260,STR-2408-HVSYBY,539 Ossington Ave,,M6G,Duplex/Triplex/Fourplex,11,University-Rosedale
4719261,STR-2408-JCYYBZ,1 Valhalla Inn Rd,2108,M9B,Condominium,2,Etobicoke Centre
4719262,STR-2408-FJJLBP,120 Harrison Garden Blvd,12,M2N,Condominium,18,Willowdale
4719263,STR-2408-FRQLBQ,101 Peter St,917,M5V,Condominium,10,Spadina-Fort York
4719264,STR-2408-GHCLBS,30 Langford Ave,,M4J,Single/Semi-detached House,14,Toronto-Danforth
4719265,STR-2408-GXQLBV,39 Finchurst Dr,,M2R,Single/Semi-detached House,18,Willowdale
4719266,STR-2408-HPCLBX,628 Fleet St,517,M5V,Condominium,10,Spadina-Fort York
4719267,STR-2408-JDQLBZ,30 Nelson St,3202,M5V,Condominium,10,Spadina-Fort York
4719268,STR-2408-FJYYBP,151 Dan Leckie Way,1708,M5V,Condominium,10,Spadina-Fort York
4719269,STR-2408-FSFYBQ,30 Nelson St,1202,M5V,Condominium,10,Spadina-Fort York
4719270,STR-2408-GHSYBS,300 Front St W,510,M5V,Condominium,10,Spadina-Fort York
4719271,STR-2408-GQYYBT,101 Peter St,1711,M5V,Condominium,10,Spadina-Fort York
4719272,STR-2408-GYFYBV,24 Dunsmore Gdns,,M3H,Single/Semi-detached House,6,York Centre
4719273,STR-2408-HGLYBW,481 Warden Ave,,M1L,Single/Semi-detached House,20,Scarborough Southwest
4719274,STR-2408-HWYYBY,88 Carr St,12,M5T,Townhouse/ Row House,10,Spadina-Fort York
4719275,STR-2408-JFFYBZ,5 Sheppard Ave E,3626,M2N,Condominium,18,Willowdale
4719276,STR-2408-GBCLBR,3264 Lake Shore Blvd W,4,M8V,Apartment,3,Etobicoke-Lakeshore
4719277,STR-2408-GJJLBS,15 Iceboat Ter,3208,M5V,Apartment,10,Spadina-Fort York
4719278,STR-2408-HHCLBW,270 North Beatrice St,Lower,M6G,Single/Semi-detached House,11,University-Rosedale
4719279,STR-2408-HQJLBX,12 Monteith St,,M4Y,Townhouse/ Row House,13,Toronto Centre
4719280,STR-2408-HXQLBY,100 Harrison Garden Blvd,1124,M2N,Condominium,18,Willowdale
4719281,STR-2408-FLFYBP,70 Princess St,2902,M5A,Condominium,13,Toronto Centre
4719282,STR-2408-FTLYBQ,458 Richmond St W,205,M5V,Condominium,10,Spadina-Fort York
4719283,STR-2408-GBSYBR,14 York St,6107,M5J,Condominium,10,Spadina-Fort York
4719284,STR-2408-GJYYBS,21 Iceboat Ter,4502,M5V,Condominium,10,Spadina-Fort York
4719285,STR-2408-GSFYBT,40 Heathview Ave,,M2K,Single/Semi-detached House,17,Don Valley North
4719286,STR-2408-GZLYBV,832 Bay St,3602,M5S,Condominium,11,University-Rosedale
4719287,STR-2408-HHSYBW,101 Peter St,1408,M5V,Condominium,10,Spadina-Fort York
4719288,STR-2408-HQYYBX,91 Anndale Dr,,M2N,Single/Semi-detached House,18,Willowdale
4719289,STR-2408-FDRSBP,90 Avondale Ave,,M2N,Single/Semi-detached House,18,Willowdale
4719290,STR-2408-FLXSBQ,74 Prince Charles Dr,,M6A,Single/Semi-detached House,8,Eglinton-Lawrence
4719291,STR-2408-FVDSBR,320 Dixon Rd,2316,M9R,Condominium,1,Etobicoke North
4719292,STR-2408-GKRSBT,1369 Bloor St W,708,M6P,Condominium,9,Davenport
4719293,STR-2410-HDWPPW,24 Spencer Ave,BSMT,M6K,Apartment,4,Parkdale-High Park
4719294,STR-2408-GSXSBV,356 Lippincott St,,M5S,Single/Semi-detached House,11,University-Rosedale
4719295,STR-2408-HJKSBX,33 Mill St,531,M5A,Condominium,10,Spadina-Fort York
4719296,STR-2408-HYXSBZ,102 Bartley Dr,,M4A,Townhouse/ Row House,16,Don Valley East
4719297,STR-2408-FFHFBP,1476 Islington Ave,,M9A,Single/Semi-detached House,2,Etobicoke Centre
4719298,STR-2408-GDBFBS,41 Glentworth Rd,,M2J,Single/Semi-detached House,17,Don Valley North
4719299,STR-2408-GTPFBV,1100 Sheppard Ave W,815,M3K,Condominium,6,York Centre
4719300,STR-2408-HKBFBX,16 Pepler Ave,,M4J,Single/Semi-detached House,14,Toronto-Danforth
4719301,STR-2408-HSHFBY,35 Bastion St,1904,M5V,Condominium,10,Spadina-Fort York
4719302,STR-2408-HZPFBZ,1616 Bloor St W,A,M6P,Apartment,4,Parkdale-High Park
4719303,STR-2408-FPDSBQ,29 Humberside Ave,,M6P,Single/Semi-detached House,4,Parkdale-High Park
4719304,STR-2408-FWKSBR,111 Blythwood Rd,,M4N,Single/Semi-detached House,15,Don Valley West
4719305,STR-2408-GDRSBS,219 Fort York Blvd,1503,M5V,Condominium,10,Spadina-Fort York
4719306,STR-2408-GLXSBT,1239 Dundas St W,508,M6J,Condominium,10,Spadina-Fort York
4719307,STR-2408-GVDSBV,53 Bobmar Rd,,M1C,Single/Semi-detached House,25,Scarborough-Rouge Park
4719308,STR-2408-HCKSBW,119 Horsham Ave,,M2N,Single/Semi-detached House,18,Willowdale
4719309,STR-2408-HKRSBX,165 Betty Ann Dr,,M2N,Single/Semi-detached House,18,Willowdale
4719310,STR-2408-JBDSBZ,710 Humberwood Blvd,1204,M9W,Condominium,1,Etobicoke North
4719311,STR-2408-FGPFBP,109 Ossington Ave,516,M6J,Condominium,10,Spadina-Fort York
4719312,STR-2408-FXBFBR,25 Perth Ave,,M6R,Townhouse/ Row House,9,Davenport
4719313,STR-2408-GMPFBT,16 Valencia Cres,,M6L,Single/Semi-detached House,5,York South-Weston
4719314,STR-2408-GVVFBV,14 York St,3810,M5J,Condominium,10,Spadina-Fort York
4719315,STR-2408-HDBFBW,171 Munro St,,M4M,Single/Semi-detached House,14,Toronto-Danforth
4719316,STR-2408-HLHFBX,140 Simcoe St,220,M5H,Condominium,10,Spadina-Fort York
4719317,STR-2408-HTPFBY,115 Sixteenth St,,M8V,Single/Semi-detached House,3,Etobicoke-Lakeshore
4719318,STR-2408-FHDSBP,260 Wellesley St E,2304,M4X,Apartment,13,Toronto Centre
4719319,STR-2408-FQKSBQ,255 Richmond St E,202,M5A,Condominium,13,Toronto Centre
4719320,STR-2408-GPDSBT,69 Hewitt Ave,,M6R,Single/Semi-detached House,4,Parkdale-High Park
4719321,STR-2408-GWKSBV,39 Roehampton Ave,1801,M4P,Condominium,12,Toronto-St. Paul's
4719322,STR-2408-HDRSBW,44 Collingdale Rd,,M9V,Single/Semi-detached House,1,Etobicoke North
4719323,STR-2408-HVDSBY,30 Nelson St,906,M5V,Condominium,10,Spadina-Fort York
4719324,STR-2408-JCKSBZ,20 Blue Jays Way,318,M5V,Condominium,10,Spadina-Fort York
4719325,STR-2408-FHVFBP,50 Cosburn Ave,414,M4K,Apartment,14,Toronto-Danforth
4719326,STR-2408-FRBFBQ,5 Richgrove Dr,203,M9R,Townhouse/ Row House,1,Etobicoke North
4719327,STR-2408-GGPFBS,15 Cummings St,1,M4M,Townhouse/ Row House,14,Toronto-Danforth
4719328,STR-2408-GXBFBV,231 Fort York Blvd,2406,M5V,Condominium,10,Spadina-Fort York
4719329,STR-2408-HFHFBW,15 Iceboat Ter,3215,M5V,Condominium,10,Spadina-Fort York
4719330,STR-2408-HVVFBY,30 Shore Breeze Dr,527,M8V,Condominium,3,Etobicoke-Lakeshore
4719331,STR-2408-JDBFBZ,30 Nelson St,3503,M5V,Condominium,10,Spadina-Fort York
4719332,STR-2408-GQKSBT,23 Brant St,501,M5V,Condominium,10,Spadina-Fort York
4719333,STR-2408-GXRSBV,100 Grandville Ave,2,M6N,Single/Semi-detached House,5,York South-Weston
4719334,STR-2411-HQJSBX,18 Reigate Rd,,M9A,Single/Semi-detached House,2,Etobicoke Centre
4719335,STR-2408-HPDSBX,101 Peter St,1509,M5V,Condominium,10,Spadina-Fort York
4719336,STR-2408-HWKSBY,11 Liam Foudy Crt,,M1P,Single/Semi-detached House,21,Scarborough Centre
4719337,STR-2408-JDRSBZ,209 Fort York Blvd,663,M5V,Condominium,10,Spadina-Fort York
4719338,STR-2408-FSHFBQ,2 Cross St,,M6J,Single/Semi-detached House,9,Davenport
4719339,STR-2408-FZPFBR,1830 Lake Shore Blvd E,Upper,M4L,Townhouse/ Row House,19,Beaches-East York
4719340,STR-2408-GRBFBT,21 Iceboat Ter,2906,M5V,Condominium,10,Spadina-Fort York
4719341,STR-2408-HGPFBW,5 Sheppard Ave E,4322,M2N,Condominium,18,Willowdale
4719342,STR-2408-HPVFBX,9 Spruce Hill Rd,,M4E,Single/Semi-detached House,19,Beaches-East York
4719343,STR-2408-JFHFBZ,1787 St Clair Ave W,206,M6N,Condominium,9,Davenport
4719344,STR-2408-FKRSBP,525 Chaplin Cres,405,M5N,Apartment,8,Eglinton-Lawrence
4719345,STR-2408-FSXSBQ,171 Harbord St,4,M5S,Apartment,11,University-Rosedale
4719346,STR-2408-GBDSBR,12 Smith Cres,,M8Z,Single/Semi-detached House,3,Etobicoke-Lakeshore
4719347,STR-2408-GJKSBS,560 Front St W,629,M5V,Condominium,10,Spadina-Fort York
4719348,STR-2408-GRRSBT,45 Baseball Pl,403,M4M,Condominium,14,Toronto-Danforth
4719349,STR-2408-GYXSBV,210 Victoria St,3506,M5B,Condominium,13,Toronto Centre
4719350,STR-2408-HHDSBW,21 Iceboat Ter,2705,M5V,Condominium,10,Spadina-Fort York
4719351,STR-2408-HQKSBX,114 Brandon Ave,,M6H,Single/Semi-detached House,9,Davenport
4719352,STR-2408-HXRSBY,139 Homestead Rd,,M1E,Townhouse/ Row House,25,Scarborough-Rouge Park
4719353,STR-2408-JFXSBZ,156 Welland Ave,,M4T,Single/Semi-detached House,11,University-Rosedale
4719354,STR-2408-FLHFBP,245 Dalesford Rd,301,M8Y,Condominium,3,Etobicoke-Lakeshore
4719355,STR-2408-GKBFBS,101 Peter St,1003,M5V,Condominium,10,Spadina-Fort York
4719356,STR-2408-GSHFBT,42 Day Ave,Main,M6E,Duplex/Triplex/Fourplex,9,Davenport
4719357,STR-2408-HRBFBX,210 Victoria St,816,M5B,Condominium,13,Toronto Centre
4719358,STR-2408-HYHFBY,14 York St,6501,M5J,Condominium,10,Spadina-Fort York
4719359,STR-2408-JGPFBZ,114 Dovercourt Rd,,M6J,Single/Semi-detached House,9,Davenport
4719360,STR-2408-GCLYBS,2 Augusta Ave,1305,M5V,Condominium,10,Spadina-Fort York
4719361,STR-2408-GKSYBT,832 Bay St,2202,M5S,Condominium,11,University-Rosedale
4719362,STR-2408-HBFYBW,35 Fountainhead Rd,215,M3J,Apartment,7,Humber River-Black Creek
4719363,STR-2408-HJLYBX,810 College St,3,M6G,Apartment,11,University-Rosedale
4719364,STR-2408-HRSYBY,15 Aldershot Cres,,M2P,Single/Semi-detached House,15,Don Valley West
4719365,STR-2408-HYYYBZ,543 Richmond St W,738,M5V,Condominium,10,Spadina-Fort York
4719366,STR-2408-FFJLBP,588 Indian Grv,,M6P,Townhouse/ Row House,4,Parkdale-High Park
4719367,STR-2408-FMQLBQ,21 Iceboat Ter,2806,M5V,Condominium,10,Spadina-Fort York
4719368,STR-2408-FVWLBR,15 Iceboat Ter,3712,M5V,Condominium,10,Spadina-Fort York
4719369,STR-2408-GDCLBS,181 William Duncan Rd,2,M3K,Townhouse/ Row House,6,York Centre
4719370,STR-2408-GTQLBV,55 Raeburn Ave,,M3H,Single/Semi-detached House,6,York Centre
4719371,STR-2408-HKCLBX,2092 Yonge St,A,M4S,Apartment,12,Toronto-St. Paul's
4719372,STR-2408-FFYYBP,190 Edmonton Dr,,M2J,Single/Semi-detached House,17,Don Valley North
4719373,STR-2408-HCLYBW,376 Bartlett Ave N,,M6H,Single/Semi-detached House,9,Davenport
4719374,STR-2408-HKSYBX,543 Richmond St W,1205,M5V,Condominium,10,Spadina-Fort York
4719375,STR-2408-HSYYBY,279 Ossington Ave,,M6J,Single/Semi-detached House,11,University-Rosedale
4719376,STR-2408-JBFYBZ,92 Jones Ave,,M4M,Single/Semi-detached House,14,Toronto-Danforth
4719377,STR-2408-FGQLBP,6 Eva Rd,1310,M9C,Condominium,2,Etobicoke Centre
4719378,STR-2408-FPWLBQ,98 Lillian St,421,M4S,Condominium,12,Toronto-St. Paul's
4719379,STR-2408-GFJLBS,270 Wellington St W,704,M5V,Condominium,10,Spadina-Fort York
4719380,STR-2408-FHFYBP,206 De Grassi St,,M4M,Townhouse/ Row House,14,Toronto-Danforth
4719381,STR-2408-FQLYBQ,251 Jarvis St,826,M5B,Condominium,13,Toronto Centre
4719382,STR-2408-FXSYBR,77 Silverthorn Ave,,M6N,Townhouse/ Row House,9,Davenport
4719383,STR-2408-GFYYBS,58 Wortham Dr,,M1G,Single/Semi-detached House,24,Scarborough-Guildwood
4719384,STR-2408-GPFYBT,832 Bay St,1109,M5S,Condominium,11,University-Rosedale
4719385,STR-2408-GWLYBV,9 Stafford Rd,,M2R,Single/Semi-detached House,18,Willowdale
4719386,STR-2408-HDSYBW,151 Dan Leckie Way,639,M5V,Condominium,10,Spadina-Fort York
4719387,STR-2411-HXQSBY,955 Bay St,317,M5S,Condominium,13,Toronto Centre
4719388,STR-2408-HLYYBX,98 Lillian St,811,M4S,Condominium,12,Toronto-St. Paul's
4719389,STR-2408-JCLYBZ,219 Fort York Blvd,3207,M5V,Condominium,10,Spadina-Fort York
4719390,STR-2408-FHWLBP,17 Zorra St,2203,M8Z,Condominium,3,Etobicoke-Lakeshore
4719391,STR-2408-FRCLBQ,69 Walmer Rd,1,M5R,Duplex/Triplex/Fourplex,11,University-Rosedale
4719392,STR-2408-GGQLBS,96 Fort York Blvd,G01,M5V,Condominium,10,Spadina-Fort York
4719393,STR-2408-GPWLBT,12 Dearbourne Ave,,M4K,Single/Semi-detached House,14,Toronto-Danforth
4719394,STR-2408-GXCLBV,20 Machells Ave,109,M6K,Townhouse/ Row House,10,Spadina-Fort York
4719395,STR-2404-JBDKVZ,161 Manning Ave,A,M6J,Duplex/Triplex/Fourplex,10,Spadina-Fort York
4719396,STR-2408-JDCLBZ,34 Western Battery Rd,411,M6K,Condominium,10,Spadina-Fort York
4719397,STR-2408-FYYYBR,383 Concord Ave,,M6H,Single/Semi-detached House,9,Davenport
4719398,STR-2408-GQLYBT,50 Ordnance St,410,M6K,Condominium,10,Spadina-Fort York
4719399,STR-2408-FZQLBR,251 Jarvis St,5007,M5B,Condominium,13,Toronto Centre
4719400,STR-2408-GHWLBS,225 Wellesley St E,914,M4X,Condominium,13,Toronto Centre
4719401,STR-2408-GRCLBT,21 Iceboat Ter,3715,M5V,Condominium,10,Spadina-Fort York
4719402,STR-2408-GYJLBV,300 Front St W,2711,M5V,Condominium,10,Spadina-Fort York
4719403,STR-2408-HGQLBW,14 Gramercy Sq,,M1X,Single/Semi-detached House,25,Scarborough-Rouge Park
4719404,STR-2408-HPWLBX,21 Iceboat Ter,4003,M5V,Condominium,10,Spadina-Fort York
4719405,STR-2408-FKSYBP,151 Dan Leckie Way,1911,M5V,Condominium,10,Spadina-Fort York
4719406,STR-2408-FSYYBQ,210 Victoria St,3605,M5B,Condominium,13,Toronto Centre
4719407,STR-2408-GBFYBR,246 Armour Blvd,,M3H,Single/Semi-detached House,6,York Centre
4719408,STR-2408-GRSYBT,210 Victoria St,2510,M5B,Condominium,13,Toronto Centre
4719409,STR-2412-JCKYBZ,127 Broadway Ave,811,M4P,Condominium,12,Toronto-St. Paul's
4719410,STR-2408-GYYYBV,38 Grenville St,3410,M4Y,Condominium,13,Toronto Centre
4719411,STR-2408-HHFYBW,10 Capreol Crt,2009,M5V,Condominium,10,Spadina-Fort York
4719412,STR-2408-HQLYBX,20 Galley Ave,2,M6R,Duplex/Triplex/Fourplex,4,Parkdale-High Park
4719413,STR-2408-HXSYBY,12 Symes Rd,102,M6N,Townhouse/ Row House,5,York South-Weston
4719414,STR-2408-JFYYBZ,105 George St,1611,M5A,Condominium,13,Toronto Centre
4719415,STR-2408-FLJLBP,219 Fort York Blvd,2706,M5V,Condominium,10,Spadina-Fort York
4719416,STR-2408-FTQLBQ,84 Ashburnham Rd,,M6H,Single/Semi-detached House,9,Davenport
4719417,STR-2408-GZQLBV,65 Bremner Blvd,4302,M5J,Condominium,10,Spadina-Fort York
4719418,STR-2408-HHWLBW,18 Saunders Ave,,M6R,Townhouse/ Row House,4,Parkdale-High Park
4719419,STR-2408-HRCLBX,1369 Bloor St W,1515,M6P,Condominium,9,Davenport
4719420,STR-2408-JGQLBZ,186B Gamma St,,M8W,Single/Semi-detached House,3,Etobicoke-Lakeshore
4719421,STR-2408-FDVFBP,29 McCartney St,,M9M,Single/Semi-detached House,7,Humber River-Black Creek
4719422,STR-2408-FMBFBQ,734 Shaw St,Main,M6G,Duplex/Triplex/Fourplex,11,University-Rosedale
4719423,STR-2408-FVHFBR,15 Iceboat Ter,3715,M5V,Condominium,10,Spadina-Fort York
4719424,STR-2408-GCPFBS,638 McCowan Rd,,M1J,Single/Semi-detached House,21,Scarborough Centre
4719425,STR-2408-GKVFBT,230 Logan Ave,,M4M,Single/Semi-detached House,14,Toronto-Danforth
4719426,STR-2408-HJPFBX,53 Sixteenth St,,M8V,Single/Semi-detached House,3,Etobicoke-Lakeshore
4719427,STR-2408-HRVFBY,32 Westwood Ave,,M4K,Single/Semi-detached House,14,Toronto-Danforth
4719428,STR-2408-FFKSBP,40 Halton St,,M6J,Single/Semi-detached House,10,Spadina-Fort York
4719429,STR-2408-FMRSBQ,2240 Weston Rd,802,M9N,Condominium,5,York South-Weston
4719430,STR-2408-FVXSBR,83 Borough Dr,305,M1P,Condominium,21,Scarborough Centre
4719431,STR-2408-GDDSBS,63 Cameron St,1,M5T,Townhouse/ Row House,10,Spadina-Fort York
4719432,STR-2408-GLKSBT,300 Front St W,613,M5V,Condominium,10,Spadina-Fort York
4719433,STR-2408-GTRSBV,38 Dan Leckie Way,2109,M5V,Condominium,10,Spadina-Fort York
4719434,STR-2408-HBXSBW,300 Front St W,4302,M5V,Condominium,10,Spadina-Fort York
4719435,STR-2408-HZRSBZ,38 Niagara St,1,M5V,Condominium,10,Spadina-Fort York
4719436,STR-2408-FGBFBP,1 Ruttan St,213,M6P,Condominium,9,Davenport
4719437,STR-2408-FPHFBQ,2 Eva Rd,2822,M9C,Condominium,2,Etobicoke Centre
4719438,STR-2408-FWPFBR,177 Redpath Ave,903,M4P,Apartment,12,Toronto-St. Paul's
4719439,STR-2408-GVHFBV,415 Clinton St,,M6G,Single/Semi-detached House,11,University-Rosedale
4719440,STR-2408-HTBFBY,15 Battenberg Ave,,M4L,Single/Semi-detached House,19,Beaches-East York
4719441,STR-2408-FPXSBQ,151 Dan Leckie Way,739,M5V,Condominium,10,Spadina-Fort York
4719442,STR-2408-FXDSBR,20 John St,1118,M5V,Apartment,10,Spadina-Fort York
4719443,STR-2408-GMRSBT,17 Zorra St,310E,M8Z,Condominium,3,Etobicoke-Lakeshore
4719444,STR-2408-GVXSBV,300 Front St W,1410,M5V,Condominium,10,Spadina-Fort York
4719445,STR-2408-HDDSBW,101 Peter St,507,M5V,Condominium,10,Spadina-Fort York
4719446,STR-2408-HLKSBX,151 Dan Leckie Way,1901,M5V,Condominium,10,Spadina-Fort York
4719447,STR-2408-HTRSBY,209 Fort York Blvd,578,M5V,Condominium,10,Spadina-Fort York
4719448,STR-2408-JBXSBZ,161 Dupont St,3,M5R,Duplex/Triplex/Fourplex,11,University-Rosedale
4719449,STR-2408-FHHFBP,972 Bathurst St,2,M5R,Apartment,11,University-Rosedale
4719450,STR-2408-HMBFBX,34 Simpson Ave,,M4K,Single/Semi-detached House,14,Toronto-Danforth
4719451,STR-2408-HVHFBY,327 King St West,3503,M5V,Condominium,10,Spadina-Fort York
4719452,STR-2408-FHXSBP,61 Redwood Ave,,M4L,Single/Semi-detached House,14,Toronto-Danforth
4719453,STR-2408-FYKSBR,65 Bremner Blvd,2209,M5J,Condominium,10,Spadina-Fort York
4719454,STR-2408-GGRSBS,63 Darby Crt,,M1B,Single/Semi-detached House,25,Scarborough-Rouge Park
4719455,STR-2408-GXDSBV,65 Bremner Blvd,4102,M5J,Condominium,10,Spadina-Fort York
4719456,STR-2408-HVXSBY,400 The East Mall,311,M9B,Townhouse/ Row House,2,Etobicoke Centre
4719457,STR-2408-JDDSBZ,69 Sheridan Ave,,M6K,Townhouse/ Row House,9,Davenport
4719458,STR-2408-FRVFBQ,102 Betty Ann Dr,,M2N,Single/Semi-detached House,18,Willowdale
4719459,STR-2408-GHHFBS,7 Daniel Cozens Crt,BSMNT,M2R,Single/Semi-detached House,18,Willowdale
4719460,STR-2408-GXVFBV,2300 St Clair Ave W,105,M6N,Condominium,5,York South-Weston
4719461,STR-2408-HPHFBX,188 Cumberland St,408,M5R,Condominium,11,University-Rosedale
4719462,STR-2408-HWPFBY,560 Front St W,PH 24,M5V,Condominium,10,Spadina-Fort York
4719463,STR-2408-JDVFBZ,105 George St,311,M5A,Condominium,13,Toronto Centre
4719464,STR-2408-FKDSBP,1195 The Queensway,317,M8Z,Condominium,3,Etobicoke-Lakeshore
4719465,STR-2408-FZRSBR,88 Sheppard Ave E,1903,M2N,Condominium,18,Willowdale
4719466,STR-2408-GHXSBS,112H Morse St,,M4M,Townhouse/ Row House,14,Toronto-Danforth
4719467,STR-2408-HXDSBY,10 Arborview Cres,,M9W,Single/Semi-detached House,1,Etobicoke North
4719468,STR-2408-FKVFBP,225 Village Green Sq,1108,M1S,Condominium,22,Scarborough-Agincourt
4719469,STR-2408-FTBFBQ,56 Dixon Rd,,M9P,Single/Semi-detached House,1,Etobicoke North
4719470,STR-2408-GBHFBR,832 Bay St,3902,M5S,Apartment,11,University-Rosedale
4719471,STR-2408-GJPFBS,55 East Liberty St,1501,M6K,Condominium,10,Spadina-Fort York
4719472,STR-2408-GRVFBT,17 Moore Park Ave,,M2M,Single/Semi-detached House,18,Willowdale
4719473,STR-2408-HHHFBW,38 Elm St,2910,M5G,Condominium,11,University-Rosedale
4719474,STR-2408-HQPFBX,781 St Clair Ave W,12,M6C,Apartment,12,Toronto-St. Paul's
4719475,STR-2408-HXVFBY,2667 Kipling Ave,1807,M9V,Apartment,1,Etobicoke North
4719476,STR-2408-FLKSBP,9 Bentley Dr,,M8Z,Single/Semi-detached House,3,Etobicoke-Lakeshore
4719477,STR-2408-FTRSBQ,176 Munro St,,M4M,Townhouse/ Row House,14,Toronto-Danforth
4719478,STR-2408-GKDSBS,89 Queen St E,3,M5C,Apartment,13,Toronto Centre
4719479,STR-2408-GSKSBT,21 Iceboat Ter,3709,M5V,Condominium,10,Spadina-Fort York
4719480,STR-2408-HHXSBW,215 Fort York Blvd,2201,M5V,Condominium,10,Spadina-Fort York
4719481,STR-2408-HRDSBX,12 Sudbury St,210,M6J,Townhouse/ Row House,10,Spadina-Fort York
4719482,STR-2408-JGRSBZ,637 Lake Shore Blvd W,623,M5V,Condominium,10,Spadina-Fort York
4719483,STR-2408-FVJLBR,560 Front St W,513,M5V,Condominium,10,Spadina-Fort York
4719484,STR-2412-GRCSBT,2625 Dundas St W,102,M6P,Condominium,4,Parkdale-High Park
4719485,STR-2408-GCQLBS,300 Front St W,4309,M5V,Condominium,10,Spadina-Fort York
4719486,STR-2408-GKWLBT,138 Newton Dr,,M2M,Single/Semi-detached House,18,Willowdale
4719487,STR-2408-GTCLBV,1108 Bloor St W,2,M6H,Apartment,9,Davenport
4719488,STR-2408-HBJLBW,54 Cameron Ave,3,M6M,Apartment,5,York South-Weston
4719489,STR-2408-HJQLBX,29 Vince Ave,,M4L,Single/Semi-detached House,19,Beaches-East York
4719490,STR-2408-HZCLBZ,75 Hartleywood Dr,,M1S,Single/Semi-detached House,23,Scarborough North
4719491,STR-2408-FFLYBP,750 Bay St,807,M5G,Condominium,11,University-Rosedale
4719492,STR-2408-GDFYBS,9 Mabelle Ave,2023,M9A,Apartment,3,Etobicoke-Lakeshore
4719493,STR-2408-HKFYBX,180 Lippincott St,,M5S,Single/Semi-detached House,11,University-Rosedale
4719494,STR-2408-HSLYBY,11 Wild Rose Gdns,,M6L,Single/Semi-detached House,5,York South-Weston
4719495,STR-2408-FPJLBQ,409 Strathmore Blvd,,M4C,Single/Semi-detached House,19,Beaches-East York
4719496,STR-2408-GDWLBS,127 Lilian Dr,,M1R,Single/Semi-detached House,21,Scarborough Centre
4719497,STR-2408-GMCLBT,147 Madison Ave,BSMT,M5R,Single/Semi-detached House,11,University-Rosedale
4719498,STR-2408-GVJLBV,800 King St W,217,M5V,Condominium,10,Spadina-Fort York
4719499,STR-2408-HKWLBX,44 Northey Dr,Main,M2L,Single/Semi-detached House,15,Don Valley West
4719500,STR-2408-JBJLBZ,209 Fort York Blvd,165,M5V,Condominium,10,Spadina-Fort York
4719501,STR-2408-FPYYBQ,15 Valiant Rd,,M8X,Single/Semi-detached House,3,Etobicoke-Lakeshore
4719502,STR-2408-GFLYBS,50 Euclid Ave,,M6J,Single/Semi-detached House,10,Spadina-Fort York
4719503,STR-2408-GMSYBT,22 Western Battery Rd,107,M6K,Townhouse/ Row House,10,Spadina-Fort York
4719504,STR-2408-GVYYBV,506 Bathurst St,2,M5S,Duplex/Triplex/Fourplex,11,University-Rosedale
4719505,STR-2408-HDFYBW,251 Jarvis St,3508,M5B,Condominium,13,Toronto Centre
4719506,STR-2408-HTSYBY,715 Lawrence Ave W,26,M6A,Condominium,8,Eglinton-Lawrence
4719507,STR-2408-JBYYBZ,77 Davisville Ave,2001,M4S,Apartment,12,Toronto-St. Paul's
4719508,STR-2408-FHJLBP,396 Winona Dr,Upper,M6C,Single/Semi-detached House,9,Davenport
4719509,STR-2408-FQQLBQ,6 Camilla Cres,,M1L,Single/Semi-detached House,20,Scarborough Southwest
4719510,STR-2408-GWQLBV,1 Highcourt Cres,,M1H,Single/Semi-detached House,24,Scarborough-Guildwood
4719511,STR-2408-HDWLBW,500 Sherbourne St,3403,M4X,Condominium,13,Toronto Centre
4719512,STR-2408-HMCLBX,37 Coppermill Dr,,M9W,Single/Semi-detached House,1,Etobicoke North
4719513,STR-2408-HVJLBY,112 George St,537,M5A,Condominium,13,Toronto Centre
4719514,STR-2408-JCQLBZ,155 Yorkville Ave,1414,M5R,Condominium,11,University-Rosedale
4719515,STR-2408-FHYYBP,512 Bathurst St,4,M5S,Duplex/Triplex/Fourplex,11,University-Rosedale
4719516,STR-2408-FRFYBQ,54 Robert St,,M5S,Single/Semi-detached House,11,University-Rosedale
4719517,STR-2408-FYLYBR,12 York St,4305,M5J,Condominium,10,Spadina-Fort York
4719518,STR-2408-HMSYBX,101 Peter St,1907,M5V,Condominium,10,Spadina-Fort York
4719519,STR-2408-HVYYBY,2241 Bloor St W,205,M6S,Apartment,4,Parkdale-High Park
4719520,STR-2408-JDFYBZ,80 Madison Ave,,M5R,Single/Semi-detached House,11,University-Rosedale
4719521,STR-2408-FJQLBP,95 Northern Dancer Blvd,,M4L,Single/Semi-detached House,19,Beaches-East York
4719522,STR-2408-FZCLBR,713 The Queensway,A,M8Y,Apartment,3,Etobicoke-Lakeshore
4719523,STR-2408-GHJLBS,1787 St Clair Ave W,905,M6N,Condominium,9,Davenport
4719524,STR-2408-GQQLBT,151 Dan Leckie Way,1905,M5V,Condominium,10,Spadina-Fort York
4719525,STR-2408-GXWLBV,50 Corby Ave,,M6E,Single/Semi-detached House,9,Davenport
4719526,STR-2408-HGCLBW,1 Dundee Dr,,M3J,Single/Semi-detached House,7,Humber River-Black Creek
4719527,STR-2408-JDWLBZ,15 Iceboat Ter,2215,M5V,Condominium,10,Spadina-Fort York
4719528,STR-2408-FKFYBP,27 Piggott Mews,,M9N,Townhouse/ Row House,5,York South-Weston
4719529,STR-2408-FZSYBR,55 Ferrand Dr,,M3C,Townhouse/ Row House,16,Don Valley East
4719530,STR-2408-GHYYBS,355 Riverdale Ave,,M4J,Single/Semi-detached House,14,Toronto-Danforth
4719531,STR-2408-GRFYBT,740 Kennedy Rd,45,M1K,Townhouse/ Row House,20,Scarborough Southwest
4719532,STR-2408-GYLYBV,2119 Lake Shore Blvd W,907,M8V,Condominium,3,Etobicoke-Lakeshore
4719533,STR-2408-GRWLBT,300 Front St W,3307,M5V,Condominium,10,Spadina-Fort York
4719534,STR-2408-HHJLBW,912 Dundas St E,1,M4M,Duplex/Triplex/Fourplex,14,Toronto-Danforth
4719535,STR-2408-HQQLBX,139 Poplar Rd,Garden Suite,M1E,Single/Semi-detached House,24,Scarborough-Guildwood
4719536,STR-2408-HXWLBY,14 York St,4803,M5J,Condominium,10,Spadina-Fort York
4719537,STR-2408-FTSYBQ,86 Aldershot Cres,,M2P,Single/Semi-detached House,15,Don Valley West
4719538,STR-2408-GBYYBR,101 Peter St,3512,M5V,Condominium,10,Spadina-Fort York
4719539,STR-2408-GSLYBT,95 Nipigon Ave,,M2M,Single/Semi-detached House,18,Willowdale
4719540,STR-2408-GZSYBV,10 Gardentree St,,M1E,Single/Semi-detached House,24,Scarborough-Guildwood
4719541,STR-2408-HHYYBW,50 Brian Harrison Way,2810,M1P,Condominium,21,Scarborough Centre
4719542,STR-2408-HRFYBX,78 Hanson St,,M4C,Single/Semi-detached House,19,Beaches-East York
4719543,STR-2408-HYLYBY,14 Milkwood Ave,,M9V,Duplex/Triplex/Fourplex,1,Etobicoke North
4719544,STR-2408-JGSYBZ,1 Wagner Dr,,M1E,Single/Semi-detached House,24,Scarborough-Guildwood
4719545,STR-2408-FDXSBP,12 York St,4107,M5J,Condominium,10,Spadina-Fort York
4719546,STR-2408-FMDSBQ,219 Fort York Blvd,614,M5V,Condominium,10,Spadina-Fort York
4719547,STR-2408-FVKSBR,151 Dan Leckie Way,249,M5V,Condominium,10,Spadina-Fort York
4719548,STR-2408-GCRSBS,693 Craven Rd,,M4L,Single/Semi-detached House,14,Toronto-Danforth
4719549,STR-2408-GKXSBT,83 O'Connor Dr,,M4K,Single/Semi-detached House,14,Toronto-Danforth
4719550,STR-2408-GTDSBV,5800 Sheppard Ave E,415,M1B,Condominium,23,Scarborough North
4719551,STR-2408-HRXSBY,251 Jarvis St,1410,M5B,Condominium,13,Toronto Centre
4719552,STR-2408-FFPFBP,21 Iceboat Ter,2303,M5V,Condominium,10,Spadina-Fort York
4719553,STR-2408-FMVFBQ,136 Argyle St,1,M6J,Single/Semi-detached House,10,Spadina-Fort York
4719554,STR-2408-FWBFBR,153 King Edward Ave,,M4C,Single/Semi-detached House,19,Beaches-East York
4719555,STR-2409-GDHFBS,100 Crockamhill Dr,,M1S,Single/Semi-detached House,23,Scarborough North
4719556,STR-2409-GLPFBT,170 Fairlawn Ave,,M5M,Single/Semi-detached House,8,Eglinton-Lawrence
4719557,STR-2409-HCBFBW,5 Philpott Gdns,,M4E,Townhouse/ Row House,19,Beaches-East York
4719558,STR-2409-HKHFBX,219 Fort York Blvd,2307,M5V,Condominium,10,Spadina-Fort York
4719559,STR-2409-HSPFBY,199 Richmond St W,722,M5V,Condominium,10,Spadina-Fort York
4719560,STR-2409-HZVFBZ,919 Dufferin St,1407,M6H,Condominium,9,Davenport
4719561,STR-2409-FWRSBR,155 Yorkville Ave,1610,M5R,Condominium,11,University-Rosedale
4719562,STR-2409-GMDSBT,109 Ossington Ave,614,M6J,Condominium,10,Spadina-Fort York
4719563,STR-2409-GVKSBV,33 Rosehill Ave,1803,M4T,Apartment,12,Toronto-St. Paul's
4719564,STR-2409-HCRSBW,52 Sumach St,101,M5A,Condominium,13,Toronto Centre
4719565,STR-2409-HKXSBX,14 Chelway Rd,,M1J,Single/Semi-detached House,24,Scarborough-Guildwood
4719566,STR-2409-HTDSBY,832 Bay St,5010,M5S,Condominium,11,University-Rosedale
4719567,STR-2409-JBKSBZ,14 Ravenrock Crt,,M3A,Single/Semi-detached House,16,Don Valley East
4719568,STR-2409-FGVFBP,1214 Shaw St,,M6G,Single/Semi-detached House,12,Toronto-St. Paul's
4719569,STR-2409-GFPFBS,25 Dallner Rd,420,M3L,Apartment,7,Humber River-Black Creek
4719570,STR-2409-GWBFBV,34 Kimbourne Ave,,M4J,Single/Semi-detached House,14,Toronto-Danforth
4719571,STR-2409-HDHFBW,99 Cameron St,719,M5T,Condominium,10,Spadina-Fort York
4719572,STR-2409-HLPFBX,18 Maitland Ter,1709,M4Y,Condominium,13,Toronto Centre
4719573,STR-2409-HTVFBY,155 Yorkville Ave,2003,M5R,Condominium,11,University-Rosedale
4719574,STR-2409-JCBFBZ,22 Earlthorpe Cres,,M1H,Single/Semi-detached House,24,Scarborough-Guildwood
4719575,STR-2409-FQRSBQ,1544 Dundas St E,,M4L,Single/Semi-detached House,14,Toronto-Danforth
4719576,STR-2409-FXXSBR,199 Richmond St W,207,M5V,Condominium,10,Spadina-Fort York
4719577,STR-2409-GGDSBS,34 Taverly Rd,,M2J,Single/Semi-detached House,17,Don Valley North
4719578,STR-2409-HMDSBX,60 Clipper Rd,1406,M2J,Apartment,17,Don Valley North
4719579,STR-2409-HVKSBY,92 Olive Ave,,M6G,Single/Semi-detached House,11,University-Rosedale
4719580,STR-2409-JCRSBZ,26 Eunice Rd,,M2K,Single/Semi-detached House,17,Don Valley North
4719581,STR-2409-FJBFBP,18 Yonge St,2101,M5E,Condominium,10,Spadina-Fort York
4719582,STR-2409-GGVFBS,832 Bay St,3407,M5S,Condominium,11,University-Rosedale
4719583,STR-2409-GQBFBT,427 Sackville St,,M4X,Single/Semi-detached House,13,Toronto Centre
4719584,STR-2409-GXHFBV,385 Milverton Blvd,,M4J,Single/Semi-detached House,14,Toronto-Danforth
4719585,STR-2409-HWBFBY,467 Renforth Dr,,M9C,Single/Semi-detached House,2,Etobicoke Centre
4719586,STR-2409-JDHFBZ,10 Capreol Crt,2005,M5V,Condominium,10,Spadina-Fort York
4719587,STR-2409-FRXSBQ,30 Nelson St,2802,M5V,Condominium,10,Spadina-Fort York
4719588,STR-2409-FZDSBR,10 Capreol Crt,653,M5V,Condominium,10,Spadina-Fort York
4719589,STR-2409-GHKSBS,63D View Green Cres,,M9W,Townhouse/ Row House,1,Etobicoke North
4719590,STR-2409-GQRSBT,143 Lake Cres,,M8V,Single/Semi-detached House,3,Etobicoke-Lakeshore
4719591,STR-2409-GXXSBV,5 Leonard Ave,C,M5T,Duplex/Triplex/Fourplex,11,University-Rosedale
4719592,STR-2409-HGDSBW,38 Widmer St,507,M5V,Condominium,10,Spadina-Fort York
4719593,STR-2409-HPKSBX,6 Glen Rd,,M4X,Single/Semi-detached House,13,Toronto Centre
4719594,STR-2409-FZVFBR,80 Western Battery Rd,222,M6K,Condominium,10,Spadina-Fort York
4719595,STR-2409-GJBFBS,5174A Dundas St W,,M9A,Apartment,3,Etobicoke-Lakeshore
4719596,STR-2409-HGVFBW,18 Yonge St,3006,M5E,Condominium,10,Spadina-Fort York
4719597,STR-2409-HQBFBX,269 Sterling Rd,,M6R,Single/Semi-detached House,9,Davenport
4719598,STR-2409-JFPFBZ,701 King St W,712,M5V,Condominium,10,Spadina-Fort York
4719599,STR-2409-FTDSBQ,2789 Eglinton Ave E,409,M1J,Condominium,20,Scarborough Southwest
4719600,STR-2409-GJRSBS,448 Drewry Ave,,M2R,Single/Semi-detached House,18,Willowdale
4719601,STR-2409-GRXSBT,115 St Leonard's Ave,,M4N,Single/Semi-detached House,15,Don Valley West
4719602,STR-2409-GZDSBV,1359 Neilson Rd,56,M1B,Townhouse/ Row House,25,Scarborough-Rouge Park
4719603,STR-2409-HHKSBW,101 Peter St,3807,M5V,Condominium,10,Spadina-Fort York
4719604,STR-2409-HQRSBX,800 Lawrence Ave W,715,M6A,Condominium,8,Eglinton-Lawrence
4719605,STR-2409-HXXSBY,2654 Bayview Ave,,M2L,Single/Semi-detached House,15,Don Valley West
4719606,STR-2409-JGDSBZ,20 Joe Shuster Way,1315,M6K,Condominium,10,Spadina-Fort York
4719607,STR-2409-FLPFBP,14 York St,4404,M5J,Condominium,10,Spadina-Fort York
4719608,STR-2409-FTVFBQ,21 Iceboat Ter,1908,M5V,Condominium,10,Spadina-Fort York
4719609,STR-2409-GCBFBR,219 Fort York Blvd,3208,M5V,Condominium,10,Spadina-Fort York
4719610,STR-2409-GSPFBT,251 Jarvis St,804,M5B,Condominium,13,Toronto Centre
4719611,STR-2409-HJBFBW,636 Rhodes Ave,,M4J,Single/Semi-detached House,14,Toronto-Danforth
4719612,STR-2409-HRHFBX,14 York St,2406,M5J,Condominium,10,Spadina-Fort York
4719613,STR-2409-FDYYBP,20 Minowan Miikan Lane,618,M6J,Condominium,9,Davenport
4719614,STR-2409-FMFYBQ,832 Bay St,1202,M5S,Condominium,11,University-Rosedale
4719615,STR-2409-FVLYBR,7 Granlea Rd,,M2N,Single/Semi-detached House,18,Willowdale
4719616,STR-2409-HJSYBX,194 Woodville Ave,,M4J,Single/Semi-detached House,14,Toronto-Danforth
4719617,STR-2409-FMWLBQ,251 Jarvis St,508,M5B,Condominium,13,Toronto Centre
4719618,STR-2409-FWCLBR,22 Goldwin Ave,,M6M,Single/Semi-detached House,5,York South-Weston
4719619,STR-2409-GDJLBS,955 Bay St,2017,M5S,Condominium,13,Toronto Centre
4719620,STR-2409-GLQLBT,861 Sheppard Ave W.,34,M3H,Condominium,6,York Centre
4719621,STR-2409-GTWLBV,296 Ossington Ave,,M6J,Single/Semi-detached House,9,Davenport
4719622,STR-2409-HCCLBW,39 Wiley Ave,,M4J,Single/Semi-detached House,14,Toronto-Danforth
4719623,STR-2409-HSQLBY,70 Distillery Lane,1002,M5A,Condominium,10,Spadina-Fort York
4719624,STR-2409-HZWLBZ,955 Bay St,2702,M5S,Condominium,13,Toronto Centre
4719625,STR-2409-FGFYBP,700 Humberwood Blvd,1628,M9W,Condominium,1,Etobicoke North
4719626,STR-2409-FPLYBQ,37 MacDonell Ave,1,M6R,Apartment,4,Parkdale-High Park
4719627,STR-2409-JBLYBZ,10 Capreol Crt,330,M5V,Condominium,10,Spadina-Fort York
4719628,STR-2409-FQCLBQ,208 Hillhurst Blvd,,M5N,Single/Semi-detached House,8,Eglinton-Lawrence
4719629,STR-2409-FXJLBR,15 Wildflower Way,,M1E,Single/Semi-detached House,25,Scarborough-Rouge Park
4719630,STR-2409-GFQLBS,21 Iceboat Ter,1711,M5V,Condominium,10,Spadina-Fort York
4719631,STR-2409-GMWLBT,20 Joe Shuster Way,1409,M6K,Condominium,10,Spadina-Fort York
4719632,STR-2409-HLQLBX,1198A Weston Rd,3,M6M,Apartment,5,York South-Weston
4719633,STR-2409-JCCLBZ,20 Tivoli Crt,,M1E,Single/Semi-detached House,24,Scarborough-Guildwood
4719634,STR-2409-FHLYBP,100 Harrison Garden Blvd,605,M2N,Condominium,18,Willowdale
4719635,STR-2409-FQSYBQ,115 Roxborough St W,,M5R,Single/Semi-detached House,11,University-Rosedale
4719636,STR-2409-FXYYBR,300 Front St W,2809,M5V,Condominium,10,Spadina-Fort York
4719637,STR-2409-GGFYBS,1221 Royal York Rd,,M9A,Single/Semi-detached House,2,Etobicoke Centre
4719638,STR-2409-GPLYBT,544 Delaware Ave N,,M6H,Single/Semi-detached House,9,Davenport
4719639,STR-2409-GWSYBV,60 Fairview Ave,,M6P,Single/Semi-detached House,4,Parkdale-High Park
4719640,STR-2409-HMFYBX,270 Wellington St W,623,M5V,Condominium,10,Spadina-Fort York
4719641,STR-2409-JCSYBZ,94 St Hubert Ave,,M4J,Single/Semi-detached House,14,Toronto-Danforth
4719642,STR-2409-FJCLBP,3648 St Clair Ave E,,M1M,Townhouse/ Row House,20,Scarborough Southwest
4719643,STR-2409-FRJLBQ,25 McManus Rd,,M9P,Single/Semi-detached House,2,Etobicoke Centre
4719644,STR-2409-FYQLBR,213 Belsize Dr,B,M4S,Single/Semi-detached House,15,Don Valley West
4719645,STR-2409-GGWLBS,77 Shanly St,,M6H,Single/Semi-detached House,9,Davenport
4719646,STR-2409-GQCLBT,219 Fort York Blvd,201,M5V,Condominium,10,Spadina-Fort York
4719647,STR-2409-HFQLBW,21 Cloverdale Rd,,M6N,Single/Semi-detached House,9,Davenport
4719648,STR-2409-HMWLBX,300 Front St W,208,M5V,Condominium,10,Spadina-Fort York
4719649,STR-2409-JDJLBZ,58 Belmont St,,M5R,Townhouse/ Row House,11,University-Rosedale
4719650,STR-2409-FJSYBP,891 Royal York Rd,,M8Y,Single/Semi-detached House,3,Etobicoke-Lakeshore
4719651,STR-2409-FZFYBR,12 York St,1201,M5J,Condominium,10,Spadina-Fort York
4719652,STR-2409-GQSYBT,48 Goulden Cres,,M1L,Single/Semi-detached House,20,Scarborough Southwest
4719653,STR-2409-GXYYBV,165 Legion Rd N,1522,M8Y,Condominium,3,Etobicoke-Lakeshore
4719654,STR-2409-HGFYBW,46 Sultana Ave,,M6A,Single/Semi-detached House,8,Eglinton-Lawrence
4719655,STR-2409-HPLYBX,155 Yorkville Ave,2007,M5R,Condominium,11,University-Rosedale
4719656,STR-2409-HWSYBY,135 Village Green Sq,2715,M1S,Condominium,22,Scarborough-Agincourt
4719657,STR-2409-JDYYBZ,61 Glenwood Cres,,M4B,Single/Semi-detached House,19,Beaches-East York
4719658,STR-2409-FSQLBQ,251 Jarvis St,3802,M5B,Condominium,13,Toronto Centre
4719659,STR-2409-FZWLBR,832 Bay St,604,M5S,Condominium,11,University-Rosedale
4719660,STR-2409-GYQLBV,12 York St,5410,M5J,Condominium,10,Spadina-Fort York
4719661,STR-2409-HGWLBW,251 Manitoba St,130,M8Y,Apartment,3,Etobicoke-Lakeshore
4719662,STR-2409-HQCLBX,188 Cumberland St,1602,M5R,Condominium,11,University-Rosedale
4719663,STR-2409-HXJLBY,98 Hiawatha Rd,2,M4L,Single/Semi-detached House,14,Toronto-Danforth
4719664,STR-2409-JFQLBZ,884 Queen St W,Rear,M6J,Apartment,10,Spadina-Fort York
4719665,STR-2409-FKYYBP,275 Mortimer Ave,,M4J,Single/Semi-detached House,14,Toronto-Danforth
4719666,STR-2409-GBLYBR,1555 Bloor St W,2,M6P,Apartment,4,Parkdale-High Park
4719667,STR-2409-GRYYBT,12 Kollar Dr,,M1G,Single/Semi-detached House,24,Scarborough-Guildwood
4719668,STR-2409-HHLYBW,730 Ontario St,1201,M4X,Apartment,13,Toronto Centre
4719669,STR-2409-HXYYBY,107 Huron St,,M5T,Townhouse/ Row House,11,University-Rosedale
4719670,STR-2409-JGFYBZ,9 Rusholme Park Cres,1,M6J,Single/Semi-detached House,9,Davenport
4719671,STR-2409-FLQLBP,71 MacDonell Ave,,M6R,Single/Semi-detached House,4,Parkdale-High Park
4719672,STR-2409-FTWLBQ,42 Wheeler Ave,,M4L,Single/Semi-detached House,19,Beaches-East York
4719673,STR-2502-HJHPPX,356 Queen St E,3,M5A,Commerical Residential,13,Toronto Centre
4719674,STR-2409-HJCLBW,419 Brownfield Gdns,,M1C,Single/Semi-detached House,25,Scarborough-Rouge Park
4719675,STR-2409-JGWLBZ,14 York St,4304,M5J,Condominium,10,Spadina-Fort York
4719676,STR-2409-FVPFBR,14 York St,2010,M5J,Condominium,10,Spadina-Fort York
4719677,STR-2409-GLBFBT,628 Fleet St,528,M5V,Condominium,10,Spadina-Fort York
4719678,STR-2409-GTHFBV,21 Iceboat Ter,2003,M5V,Condominium,10,Spadina-Fort York
4719679,STR-2409-HJVFBX,832 Bay St,1102,M5S,Condominium,11,University-Rosedale
4719680,STR-2409-HSBFBY,21 Iceboat Ter,2012,M5V,Condominium,10,Spadina-Fort York
4719681,STR-2409-FFRSBP,155 Yorkville Ave,1506,M5V,Condominium,11,University-Rosedale
4719682,STR-2409-FWDSBR,68 Broadview Ave,307,M4M,Condominium,14,Toronto-Danforth
4719683,STR-2409-GDKSBS,168 Dunn Ave,C,M6K,Duplex/Triplex/Fourplex,4,Parkdale-High Park
4719684,STR-2409-GTXSBV,195 De Grassi St,,M4M,Single/Semi-detached House,14,Toronto-Danforth
4719685,STR-2409-HCDSBW,37 Sunplains Cres,,M9C,Single/Semi-detached House,2,Etobicoke Centre
4719686,STR-2409-FPPFBQ,12 York St,4011,M5J,Apartment,10,Spadina-Fort York
4719687,STR-2409-FWVFBR,14 York St,2804,M5J,Condominium,10,Spadina-Fort York
4719688,STR-2409-GFBFBS,300 Front St W,1808,M5V,Condominium,10,Spadina-Fort York
4719689,STR-2409-GVPFBV,25 Belmont St,,M5R,Townhouse/ Row House,11,University-Rosedale
4719690,STR-2409-HCVFBW,736 Bay St,809,M5G,Condominium,11,University-Rosedale
4719691,STR-2409-HLBFBX,16 George Henry Blvd,,M2J,Single/Semi-detached House,17,Don Valley North
4719692,STR-2409-FGXSBP,22 Leader Lane,328,M5E,Condominium,13,Toronto Centre
4719693,STR-2409-FQDSBQ,307 Glenholme Ave,,M6E,Single/Semi-detached House,9,Davenport
4719694,STR-2409-FXKSBR,8 Charlotte St,608,M5V,Condominium,10,Spadina-Fort York
4719695,STR-2409-GFRSBS,439 Pacific Ave,,M6P,Single/Semi-detached House,4,Parkdale-High Park
4719696,STR-2409-HDKSBW,261 King St E,204,M5A,Apartment,13,Toronto Centre
4719697,STR-2409-HLRSBX,251 Jarvis St,4213,M5B,Condominium,13,Toronto Centre
4719698,STR-2409-HTXSBY,55 Bremner Blvd,4011,M5J,Condominium,10,Spadina-Fort York
4719699,STR-2409-JCDSBZ,30 Baseball Pl,826,M4M,Condominium,14,Toronto-Danforth
4719700,STR-2409-FHPFBP,300 Front St W,1804,M5V,Condominium,10,Spadina-Fort York
4719701,STR-2409-FQVFBQ,155 Yorkville Ave,2604,M5R,Condominium,11,University-Rosedale
4719702,STR-2409-FYBFBR,188 Cumberland St,1604,M5R,Condominium,11,University-Rosedale
4719703,STR-2409-GPPFBT,96 Dunblaine Ave,,M5M,Single/Semi-detached House,8,Eglinton-Lawrence
4719704,STR-2409-HFBFBW,263 Dunforest Ave,,M2N,Single/Semi-detached House,18,Willowdale
4719705,STR-2409-JCVFBZ,199 Richmond St W,509,M5V,Condominium,10,Spadina-Fort York
4719706,STR-2409-FJDSBP,52 St Lawrence St,226,M5A,Apartment,13,Toronto Centre
4719707,STR-2409-FRKSBQ,18 Yonge St,2708,M5E,Condominium,10,Spadina-Fort York
4719708,STR-2409-FYRSBR,300 Front St W,811,M5V,Condominium,10,Spadina-Fort York
4719709,STR-2409-GXKSBV,5 Sorauren Ave,7,M6R,Apartment,4,Parkdale-High Park
4719710,STR-2409-HMXSBX,101 Peter St,4006,M5V,Condominium,10,Spadina-Fort York
4719711,STR-2409-HWDSBY,250 Wellington St W,1245,M5V,Condominium,10,Spadina-Fort York
4719712,STR-2409-JDKSBZ,955 Bay St,815,M5S,Condominium,13,Toronto Centre
4719713,STR-2409-FJVFBP,101 Peter St,2709,M5V,Condominium,10,Spadina-Fort York
4719714,STR-2409-FSBFBQ,955 Bay St,1305,M5S,Condominium,13,Toronto Centre
4719715,STR-2409-FZHFBR,1196 Dovercourt Rd,,M6H,Single/Semi-detached House,9,Davenport
4719716,STR-2409-GQVFBT,262 Sterling Rd,,M6R,Single/Semi-detached House,9,Davenport
4719717,STR-2409-GYBFBV,2609 Kingston Rd,2,M1M,Apartment,20,Scarborough Southwest
4719718,STR-2409-HGHFBW,650 Parliament St,726,M4X,Apartment,13,Toronto Centre
4719719,STR-2409-HWVFBY,1420 Dupont St,707,M6H,Condominium,9,Davenport
4719720,STR-2409-JFBFBZ,87 Peter St,4607,M5V,Apartment,10,Spadina-Fort York
4719721,STR-2409-FKKSBP,69 King Edward Ave,,M4C,Single/Semi-detached House,19,Beaches-East York
4719722,STR-2409-FZXSBR,38 Grenville St,603,M4Y,Condominium,13,Toronto Centre
4719723,STR-2409-GJDSBS,16 Larkin Ave,,M6S,Single/Semi-detached House,4,Parkdale-High Park
4719724,STR-2409-GRKSBT,182 Honiton St,,M3H,Single/Semi-detached House,6,York Centre
4719725,STR-2409-GYRSBV,25 Farmview Cres,,M2J,Single/Semi-detached House,17,Don Valley North
4719726,STR-2409-HQDSBX,209 Fort York Blvd,1265,M5V,Condominium,10,Spadina-Fort York
4719727,STR-2409-JFRSBZ,140 Elm Ridge Dr,1214,M6B,Apartment,8,Eglinton-Lawrence
4719728,STR-2409-FLBFBP,56 Milverton Blvd,,M4J,Single/Semi-detached House,14,Toronto-Danforth
4719729,STR-2409-GJVFBS,227 Broadway Ave,,M4P,Single/Semi-detached House,15,Don Valley West
4719730,STR-2409-GSBFBT,260 Queens Quay W,2002,M5J,Condominium,10,Spadina-Fort York
4719731,STR-2409-HHPFBW,199 Richmond St W,2404,M5V,Condominium,10,Spadina-Fort York
4719732,STR-2409-HQVFBX,462 Northcliffe Blvd,,M6E,Single/Semi-detached House,12,Toronto-St. Paul's
4719733,STR-2409-HYBFBY,271 St Clair Ave E,,M4T,Single/Semi-detached House,11,University-Rosedale
4719734,STR-2409-FLRSBP,205 Lake Shore Dr,,M8V,Single/Semi-detached House,3,Etobicoke-Lakeshore
4719735,STR-2409-FTXSBQ,215 Fort York Blvd,2211,M5V,Apartment,10,Spadina-Fort York
4719736,STR-2409-GCDSBR,5 Hanna Ave,406,M6K,Condominium,10,Spadina-Fort York
4719737,STR-2409-GKKSBS,37 Citation Dr,,M2K,Single/Semi-detached House,17,Don Valley North
4719738,STR-2409-GSRSBT,231 Fort York Blvd,703,M5V,Condominium,10,Spadina-Fort York
4719739,STR-2409-GZXSBV,311 Wallace Ave,AP-BSMT,M6P,Apartment,9,Davenport
4719740,STR-2409-HJDSBW,270 Wellington St W,1010,M5V,Condominium,10,Spadina-Fort York
4719741,STR-2409-JGXSBZ,300 Front St W,2614,M5V,Condominium,10,Spadina-Fort York
4719742,STR-2409-FVQLBR,1532 Dundas St W,C,M6K,Duplex/Triplex/Fourplex,9,Davenport
4719743,STR-2409-GCWLBS,22 Birkdale Rd,,M1P,Single/Semi-detached House,21,Scarborough Centre
4719744,STR-2409-GLCLBT,99 Cameron St,1003,M5T,Condominium,10,Spadina-Fort York
4719745,STR-2409-HJWLBX,832 Bay St,3908,M5S,Condominium,11,University-Rosedale
4719746,STR-2409-HZJLBZ,34 St. Gaspar Crt,,M9L,Single/Semi-detached House,7,Humber River-Black Creek
4719747,STR-2409-FFSYBP,7 Antonio Crt,,M9L,Single/Semi-detached House,7,Humber River-Black Creek
4719748,STR-2409-FMYYBQ,208 Queens Quay W,402,M5J,Condominium,10,Spadina-Fort York
4719749,STR-2409-GDLYBS,14 Corningham St,,M1C,Single/Semi-detached House,25,Scarborough-Rouge Park
4719750,STR-2409-GLSYBT,215 Fort York Blvd,3608,M5V,Condominium,10,Spadina-Fort York
4719751,STR-2409-GTYYBV,56 Hickorynut Dr,,M2J,Single/Semi-detached House,17,Don Valley North
4719752,STR-2409-HKLYBX,250 Wellington St W,1641,M5V,Condominium,10,Spadina-Fort York
4719753,STR-2409-HSSYBY,955 Bay St,2618,M5S,Condominium,13,Toronto Centre
4719754,STR-2409-HZYYBZ,151 Dan Leckie Way,1909,M5V,Condominium,10,Spadina-Fort York
4719755,STR-2409-FGJLBP,200 Dufferin St,212,M6K,Apartment,4,Parkdale-High Park
4719756,STR-2409-FPQLBQ,955 Bay St,1917,M5S,Condominium,13,Toronto Centre
4719757,STR-2409-FWWLBR,14 York St,4912,M5J,Condominium,10,Spadina-Fort York
4719758,STR-2409-GMJLBT,209 Fort York Blvd,1258,M5V,Condominium,10,Spadina-Fort York
4719759,STR-2409-HCWLBW,3304 Danforth Ave,,M1L,Single/Semi-detached House,20,Scarborough Southwest
4719760,STR-2409-HTJLBY,100 Ellington Dr,,M1R,Single/Semi-detached House,21,Scarborough Centre
4719761,STR-2409-JBQLBZ,2A Church St,307,M5E,Condominium,10,Spadina-Fort York
4719762,STR-2409-FGYYBP,41 Sugarbush Sq,,M1C,Single/Semi-detached House,25,Scarborough-Rouge Park
4719763,STR-2409-FXLYBR,1369 Bloor St W,1417,M6P,Condominium,9,Davenport
4719764,STR-2409-GFSYBS,8 Stoney Brooke Dr,Main,M6N,Single/Semi-detached House,5,York South-Weston
4719765,STR-2409-GMYYBT,20 Fiddlehead Ter,,M1B,Single/Semi-detached House,25,Scarborough-Rouge Park
4719766,STR-2409-GWFYBV,37 Lauralynn Cres,,M1S,Single/Semi-detached House,23,Scarborough North
4719767,STR-2409-HDLYBW,30 Nelson St,3307,M5V,Condominium,10,Spadina-Fort York
4719768,STR-2409-HLSYBX,155 Legion Rd N,1503,M8Y,Apartment,3,Etobicoke-Lakeshore
4719769,STR-2409-HTYYBY,14 Kipling Grove Crt,,M9B,Single/Semi-detached House,2,Etobicoke Centre
4719770,STR-2409-JCFYBZ,15 Iceboat Ter,3710,M5V,Condominium,10,Spadina-Fort York
4719771,STR-2409-GGJLBS,120 Homewood Ave,601,M4Y,Condominium,13,Toronto Centre
4719772,STR-2409-GPQLBT,21 Iceboat Ter,3307,M5V,Condominium,10,Spadina-Fort York
4719773,STR-2409-HFCLBW,440 Bloor St W,3,M5S,Apartment,11,University-Rosedale
4719774,STR-2409-HVQLBY,137 Leyton Ave,,M1L,Single/Semi-detached House,20,Scarborough Southwest
4719775,STR-2409-FJFYBP,50 Bickerton Cres,Upper,M2J,Single/Semi-detached House,17,Don Valley North
4719776,STR-2409-FRLYBQ,1645 Queen St W,305,M6R,Apartment,4,Parkdale-High Park
4719777,STR-2409-GGYYBS,300 Front St W,1604,M5V,Condominium,10,Spadina-Fort York
4719778,STR-2409-GQFYBT,300 Front St W,4604,M5V,Condominium,10,Spadina-Fort York
4719779,STR-2409-GXLYBV,101 Peter St,1411,M5V,Condominium,10,Spadina-Fort York
4719780,STR-2409-HFSYBW,300 Front St W,1705,M5V,Condominium,10,Spadina-Fort York
4719781,STR-2409-HWFYBY,50 Merchant Lane,203,M6P,Townhouse/ Row House,9,Davenport
4719782,STR-2409-FJWLBP,113 Harlandale Ave,,M2N,Single/Semi-detached House,18,Willowdale
4719783,STR-2409-FSCLBQ,61 Euclid Ave,A,M6J,Apartment,10,Spadina-Fort York
4719784,STR-2409-FZJLBR,36 Earl Haig Ave,,M4C,Single/Semi-detached House,19,Beaches-East York
4719785,STR-2409-GHQLBS,38 Grenville St,801,M4Y,Condominium,13,Toronto Centre
4719786,STR-2409-GQWLBT,919 Dufferin St,1507,M6H,Apartment,9,Davenport
4719787,STR-2409-HGJLBW,300 Front St W,807,M5V,Condominium,10,Spadina-Fort York
4719788,STR-2409-JFCLBZ,71 Olive Ave,,M6G,Single/Semi-detached House,11,University-Rosedale
4719789,STR-2409-FSSYBQ,250 Queens Quay W,701,M5J,Condominium,10,Spadina-Fort York
4719790,STR-2409-FZYYBR,300 Front St W,1409,M5V,Condominium,10,Spadina-Fort York
4719791,STR-2409-HQFYBX,861 Sheppard Ave W,49,M3H,Townhouse/ Row House,6,York Centre
4719792,STR-2409-FLCLBP,12 York St,5302,M5J,Condominium,10,Spadina-Fort York
4719793,STR-2409-FTJLBQ,44 Joseph Griffith Lane,,M3L,Townhouse/ Row House,7,Humber River-Black Creek
4719794,STR-2409-GJWLBS,300 Front St W,3311,M5V,Condominium,10,Spadina-Fort York
4719795,STR-2409-GZJLBV,197 Randolph Rd,,M4G,Single/Semi-detached House,15,Don Valley West
4719796,STR-2409-HHQLBW,65 George Appleton Way,2088,M3M,Townhouse/ Row House,6,York Centre
4719797,STR-2409-HYCLBY,300 Front St W,4310,M5V,Condominium,10,Spadina-Fort York
4719798,STR-2409-JGJLBZ,53 Hoseyhill Cres,,M1S,Single/Semi-detached House,23,Scarborough North
4719799,STR-2409-FLSYBP,389 Ruth Ave,,M2M,Single/Semi-detached House,18,Willowdale
4719800,STR-2409-FTYYBQ,23 Harvie Ave,,M6E,Single/Semi-detached House,9,Davenport
4719801,STR-2409-GKLYBS,21 Iceboat Ter,1026,M5V,Condominium,10,Spadina-Fort York
4719802,STR-2409-GSSYBT,170 De Grassi St,,M4M,Single/Semi-detached House,14,Toronto-Danforth
4719803,STR-2404-FMMXVQ,101 Peter St,3612,M5V,Condominium,10,Spadina-Fort York
4719804,STR-2404-GCZXVS,21 Iceboat Ter,1715,M5V,Condominium,10,Spadina-Fort York
4719805,STR-2404-GLGXVT,955 Bay St,1812,M5S,Condominium,13,Toronto Centre
4719806,STR-2404-HSGXVY,137 Holland Park Ave,,M6E,Single/Semi-detached House,9,Davenport
4719807,STR-2404-HZMXVZ,101 Peter St,911,M5V,Condominium,10,Spadina-Fort York
4719808,STR-2404-GVDKVV,151 Dan Leckie Way,921,M5V,Condominium,10,Spadina-Fort York
4719809,STR-2404-HSXKVY,120 Homewood Ave,3401,M4Y,Condominium,13,Toronto Centre
4719810,STR-2404-FWZXVR,21 Iceboat Ter,3209,M5V,Condominium,10,Spadina-Fort York
4719811,STR-2404-GFGXVS,955 Bay St,2316,M5S,Condominium,13,Toronto Centre
4719812,STR-2404-GMMXVT,21 Iceboat Ter,3108,M5V,Condominium,10,Spadina-Fort York
4719813,STR-2404-HLGXVX,300 Front St W,409,M5V,Condominium,10,Spadina-Fort York
4719814,STR-2404-HTMXVY,21 Iceboat Ter,1903,M5V,Condominium,10,Spadina-Fort York
4719815,STR-2404-FHDKVP,101 Peter St,1605,M5V,Condominium,10,Spadina-Fort York
4719816,STR-2404-FQKKVQ,300 Front St W,710,M5V,Condominium,10,Spadina-Fort York
4719817,STR-2404-GFXKVS,131 Charlton Blvd,,M2R,Duplex/Triplex/Fourplex,18,Willowdale
4719818,STR-2404-GPDKVT,11 Cedar Brae Blvd,Upper,M1J,Single/Semi-detached House,21,Scarborough Centre
4719819,STR-2404-HDRKVW,30 Nelson St,706,M5V,Condominium,10,Spadina-Fort York
4719820,STR-2404-FHTXVP,68 Blueberry Dr,,M1S,Single/Semi-detached House,23,Scarborough North
4719821,STR-2404-FQZXVQ,288 Swanwick Ave,,M1N,Single/Semi-detached House,20,Scarborough Southwest
4719822,STR-2404-FYGXVR,21 Iceboat Ter,1,M5V,Condominium,10,Spadina-Fort York
4719823,STR-2404-GGMXVS,81 Frederick Tisdale Dr,,M3K,Townhouse/ Row House,6,York Centre
4719824,STR-2404-HFGXVW,561 Sherbourne St,4102,M4X,Condominium,13,Toronto Centre
4719825,STR-2404-HMMXVX,200 Victoria St,1607,M5B,Condominium,13,Toronto Centre
4719826,STR-2404-HVTXVY,43 Kingland Cres,,M2J,Single/Semi-detached House,17,Don Valley North
4719827,STR-2404-GHDKVS,231 Fort York Blvd,536,M5V,Condominium,10,Spadina-Fort York
4719828,STR-2404-HFXKVW,88 Newlands Ave,,M1L,Single/Semi-detached House,20,Scarborough Southwest
4719829,STR-2404-HPDKVX,25 Albany Ave,2,M5R,Single/Semi-detached House,11,University-Rosedale
4719830,STR-2404-GHTXVS,123 Strathcona Ave,24,M4J,Townhouse/ Row House,14,Toronto-Danforth
4719831,STR-2404-HWZXVY,121 Neville Park Blvd,,M4E,Single/Semi-detached House,19,Beaches-East York
4719832,STR-2404-GJKKVS,798 Richmond St W,767,M6J,Apartment,10,Spadina-Fort York
4719833,STR-2404-GRRKVT,50 Maitland St,,M4Y,Townhouse/ Row House,13,Toronto Centre
4719834,STR-2404-GYXKVV,208 Queens Quay  W,2703,M5J,Condominium,10,Spadina-Fort York
4719835,STR-2404-HQKKVX,1A Norbury Cres,,M1P,Single/Semi-detached House,21,Scarborough Centre
4719836,STR-2404-GJZXVS,300 Front St W,603,M5V,Condominium,10,Spadina-Fort York
4719837,STR-2404-GZMXVV,563 Craven Rd,1,M4L,Single/Semi-detached House,14,Toronto-Danforth
4719838,STR-2404-HQZXVX,14 York St,910,M5J,Condominium,10,Spadina-Fort York
4719839,STR-2404-JGMXVZ,60 Orpington Cres,,M9V,Single/Semi-detached House,1,Etobicoke North
4719840,STR-2404-FDSRVP,25 Albemarle Ave,,M4K,Single/Semi-detached House,14,Toronto-Danforth
4719841,STR-2404-FLYRVQ,69 Chaplin Cres,,M5P,Single/Semi-detached House,12,Toronto-St. Paul's
4719842,STR-2404-FVFRVR,300 Front St W,2914,M5V,Condominium,10,Spadina-Fort York
4719843,STR-2404-GSYRVV,625 Warden Ave,,M1L,Single/Semi-detached House,20,Scarborough Southwest
4719844,STR-2404-HJLRVX,221 Willowridge Rd,,M9R,Single/Semi-detached House,1,Etobicoke North
4719845,STR-2404-HYYRVZ,101 Peter St,2911,M5V,Condominium,10,Spadina-Fort York
4719846,STR-2404-FMQDVQ,35 Bastion St,1712,M5V,Condominium,10,Spadina-Fort York
4719847,STR-2404-HZQDVZ,219 Fort York Blvd,516,M5V,Condominium,10,Spadina-Fort York
4719848,STR-2404-GLYRVT,1360 Warden Ave,,M1R,Single/Semi-detached House,21,Scarborough Centre
4719849,STR-2404-HSYRVY,200 Elm St,708,M5T,Apartment,11,University-Rosedale
4719850,STR-2404-FPWDVQ,21 Iceboat Ter,2510,M5V,Condominium,10,Spadina-Fort York
4719851,STR-2404-HTQDVY,500 Doris Ave,2220,M2N,Condominium,18,Willowdale
4719852,STR-2404-JBWDVZ,1173 Dundas St E,137,M4M,Condominium,14,Toronto-Danforth
4719853,STR-2404-FHFRVP,300 Front St W,4009,M5V,Condominium,10,Spadina-Fort York
4719854,STR-2404-GPFRVT,78 Tecumseth St,805,M5V,Apartment,10,Spadina-Fort York
4719855,STR-2404-HLYRVX,21 Iceboat Ter,1612,M5V,Condominium,10,Spadina-Fort York
4719856,STR-2404-HVFRVY,62 Mitchell Ave,1,M6J,Duplex/Triplex/Fourplex,10,Spadina-Fort York
4719857,STR-2404-FHWDVP,14 York St,6401,M5J,Condominium,10,Spadina-Fort York
4719858,STR-2404-HMQDVX,215 Fort York Blvd,502,M5V,Condominium,10,Spadina-Fort York
4719859,STR-2404-FJLRVP,219 Fort York Blvd,3302,M5V,Condominium,10,Spadina-Fort York
4719860,STR-2404-FRSRVQ,14 York St,2107,M5J,Condominium,10,Spadina-Fort York
4719861,STR-2409-HYSYBY,44 Robert St,Upper,M5S,Townhouse/ Row House,11,University-Rosedale
4719862,STR-2409-FDPHPP,70 George Butchart Dr,304,M3K,Apartment,6,York Centre
4719863,STR-2409-FLVHPQ,151 Dan Leckie Way,1016,M5V,Condominium,10,Spadina-Fort York
4719864,STR-2409-FVBHPR,251 Jarvis St,4808,M5B,Condominium,13,Toronto Centre
4719865,STR-2409-GCHHPS,30 Nelson St,3009,M5V,Condominium,10,Spadina-Fort York
4719866,STR-2409-GKPHPT,90 Ferris Rd,,M4B,Single/Semi-detached House,19,Beaches-East York
4719867,STR-2409-GSVHPV,92 Bleecker St,,M4X,Townhouse/ Row House,13,Toronto Centre
4719868,STR-2409-HJHHPX,3 Ojibway Ave,,M5J,Single/Semi-detached House,10,Spadina-Fort York
4719869,STR-2409-FFDVPP,25 Ambrose Rd,,M2K,Single/Semi-detached House,17,Don Valley North
4719870,STR-2409-GCXVPS,542 Main St,,M4C,Single/Semi-detached House,19,Beaches-East York
4719871,STR-2409-GLDVPT,57 Coxwell Ave,,M4L,Single/Semi-detached House,19,Beaches-East York
4719872,STR-2409-GTKVPV,70 Manderley Dr,,M1N,Single/Semi-detached House,20,Scarborough Southwest
4719873,STR-2409-HJXVPX,3337 Lake Shore Blvd W,3,M8W,Apartment,3,Etobicoke-Lakeshore
4719874,STR-2409-HSDVPY,613 The Queensway,6,M8Y,Apartment,3,Etobicoke-Lakeshore
4719875,STR-2409-FFVHPP,120 Homewood Ave,3506,M4Y,Condominium,13,Toronto Centre
4719876,STR-2409-FPBHPQ,543 Richmond St W,1005,M5V,Condominium,10,Spadina-Fort York
4719877,STR-2409-FWHHPR,87 Peter St,4611,M5V,Condominium,10,Spadina-Fort York
4719878,STR-2409-GDPHPS,219 Fort York Blvd,1507,M5V,Condominium,10,Spadina-Fort York
4719879,STR-2409-GLVHPT,108 Bernard Ave,,M5R,Single/Semi-detached House,11,University-Rosedale
4719880,STR-2409-HCHHPW,219 Fort York Blvd,2006,M5V,Condominium,10,Spadina-Fort York
4719881,STR-2409-JBBHPZ,300 Front St W,3701,M5V,Condominium,10,Spadina-Fort York
4719882,STR-2409-FGKVPP,955 Bay St,701,M5S,Condominium,13,Toronto Centre
4719883,STR-2409-FPRVPQ,332 Seaton St,,M5A,Townhouse/ Row House,13,Toronto Centre
4719884,STR-2409-FWXVPR,930 Queen St W,2,M6J,Apartment,10,Spadina-Fort York
4719885,STR-2409-GMKVPT,21 Iceboat Ter,2503,M5V,Condominium,10,Spadina-Fort York
4719886,STR-2409-GVRVPV,30 Greendowns Dr,,M1M,Single/Semi-detached House,20,Scarborough Southwest
4719887,STR-2409-HLDVPX,21 Iceboat Ter,15,M5V,Condominium,10,Spadina-Fort York
4719888,STR-2409-HTKVPY,49 Robbinstone Dr,,M1B,Single/Semi-detached House,23,Scarborough North
4719889,STR-2409-FHBHPP,57 West Lodge Ave,,M6K,Single/Semi-detached House,4,Parkdale-High Park
4719890,STR-2409-FQHHPQ,210 Victoria St,2501,M5B,Condominium,13,Toronto Centre
4719891,STR-2409-FXPHPR,147 Hamilton St,,M4M,Single/Semi-detached House,14,Toronto-Danforth
4719892,STR-2409-GPBHPT,250 Wellington St W,228,M5V,Condominium,10,Spadina-Fort York
4719893,STR-2409-GWHHPV,26 Caroline Ave,,M4M,Townhouse/ Row House,14,Toronto-Danforth
4719894,STR-2409-FQXVPQ,697 Richmond St W,,M6J,Single/Semi-detached House,10,Spadina-Fort York
4719895,STR-2409-FYDVPR,151 Dan Leckie Way,1011,M5V,Condominium,10,Spadina-Fort York
4719896,STR-2409-GGKVPS,250 Wellington St W,627,M5V,Condominium,10,Spadina-Fort York
4719897,STR-2409-GWXVPV,18 Cameron Watson Cres,,M1C,Single/Semi-detached House,25,Scarborough-Rouge Park
4719898,STR-2409-HFDVPW,21 Iceboat Ter,928,M5V,Condominium,10,Spadina-Fort York
4719899,STR-2409-HMKVPX,295 Adelaide St W,217,M5V,Apartment,10,Spadina-Fort York
4719900,STR-2409-JCXVPZ,1256 Dundas St W,2,M6J,Apartment,9,Davenport
4719901,STR-2409-FJHHPP,108 Bowhill Cres,,M2J,Single/Semi-detached House,17,Don Valley North
4719902,STR-2409-FRPHPQ,209 Fort York Blvd,1468,M5V,Condominium,10,Spadina-Fort York
4719903,STR-2409-FYVHPR,6 Drummond St,320,M8V,Townhouse/ Row House,3,Etobicoke-Lakeshore
4719904,STR-2409-GHBHPS,128 Winona Dr,Main,M6G,Single/Semi-detached House,9,Davenport
4719905,STR-2409-GXPHPV,7 The Links Rd,,M2P,Single/Semi-detached House,15,Don Valley West
4719906,STR-2409-HPBHPX,155 Yorkville Ave,2801,M5R,Condominium,11,University-Rosedale
4719907,STR-2409-HWHHPY,53 Belgrave Ave,,M5M,Single/Semi-detached House,8,Eglinton-Lawrence
4719908,STR-2409-JDPHPZ,123 Portland St,1204,M5V,Condominium,10,Spadina-Fort York
4719909,STR-2409-FJXVPP,15 Vicora Linkway,1401,M3C,Condominium,16,Don Valley East
4719910,STR-2409-FZKVPR,14 York St,4105,M5J,Condominium,10,Spadina-Fort York
4719911,STR-2409-GYDVPV,38 Grand Magazine St,928,M5V,Condominium,10,Spadina-Fort York
4719912,STR-2409-HPRVPX,43 Avis Cres,,M4B,Single/Semi-detached House,19,Beaches-East York
4719913,STR-2409-HWXVPY,39 Niagara St,317,M5V,Apartment,10,Spadina-Fort York
4719914,STR-2409-FKPHPP,105 Frederick Tisdale Dr,,M3K,Townhouse/ Row House,6,York Centre
4719915,STR-2409-FSVHPQ,300 Front St W,3908,M5V,Condominium,10,Spadina-Fort York
4719916,STR-2409-GBBHPR,800 Eglinton Ave W,107,M5N,Apartment,8,Eglinton-Lawrence
4719917,STR-2409-HXPHPY,202 Dinnick Cres,,M4N,Single/Semi-detached House,15,Don Valley West
4719918,STR-2412-GPXYBT,258 Rusholme Rd,,M6H,Single/Semi-detached House,9,Davenport
4719919,STR-2409-JFVHPZ,11 Blue Springs Rd,Upper,M6L,Single/Semi-detached House,5,York South-Weston
4719920,STR-2409-FTKVPQ,1282 Davenport Rd,1,M6H,Duplex/Triplex/Fourplex,9,Davenport
4719921,STR-2409-GBRVPR,35 Mariner Ter,1212,M5V,Condominium,10,Spadina-Fort York
4719922,STR-2409-GJXVPS,219 Fort York Blvd,1812,M5V,Condominium,10,Spadina-Fort York
4719923,STR-2409-GSDVPT,300 Front St W,408,M5V,Condominium,10,Spadina-Fort York
4719924,STR-2409-GZKVPV,550 Glebeholme Blvd,,M4C,Single/Semi-detached House,19,Beaches-East York
4719925,STR-2505-GXHPPV,1100 King St W,Apt 1606,M6K,Apartment,10,Spadina-Fort York
4719926,STR-2409-JGKVPZ,1592 Bathurst St,45,M5P,Apartment,12,Toronto-St. Paul's
4719927,STR-2409-FDQPPP,251 Jarvis St,406,M5B,Condominium,13,Toronto Centre
4719928,STR-2409-FLWPPQ,2 Anndale Dr,3009,M2N,Condominium,18,Willowdale
4719929,STR-2409-FVCPPR,28 Harrison Garden Blvd,706,M2N,Condominium,18,Willowdale
4719930,STR-2409-GCJPPS,6 Sonic Way,N2302,M3C,Condominium,16,Don Valley East
4719931,STR-2409-GKQPPT,176 Brighton Ave,,M3H,Single/Semi-detached House,6,York Centre
4719932,STR-2409-HBCPPW,165 Carlaw Ave,B,M4M,Duplex/Triplex/Fourplex,14,Toronto-Danforth
4719933,STR-2409-HRQPPY,151 Dan Leckie Way,842,M5V,Condominium,10,Spadina-Fort York
4719934,STR-2409-FFGBPP,172 Kingsview Blvd,,M9R,Single/Semi-detached House,1,Etobicoke North
4719935,STR-2409-FMMBPQ,225 Sherway Gardens Rd,3105,M9C,Condominium,3,Etobicoke-Lakeshore
4719936,STR-2409-FVTBPR,21 McIntosh Ave,,M8Y,Single/Semi-detached House,3,Etobicoke-Lakeshore
4719937,STR-2409-GCZBPS,49 East Liberty St,404,M6K,Condominium,10,Spadina-Fort York
4719938,STR-2409-GTMBPV,251 Jarvis St,1920,M5B,Condominium,13,Toronto Centre
4719939,STR-2409-HJZBPX,2221 Yonge St,2401,M4S,Condominium,12,Toronto-St. Paul's
4719940,STR-2409-HSGBPY,912 Danforth Ave,1,M4J,Apartment,14,Toronto-Danforth
4719941,STR-2409-FFWPPP,272 Maxome Ave,2,M2M,Single/Semi-detached House,18,Willowdale
4719942,STR-2409-GDQPPS,155 Yorkville Ave,416,M5R,Condominium,11,University-Rosedale
4719943,STR-2409-GLWPPT,231 Fort York Blvd,2109,M5V,Condominium,10,Spadina-Fort York
4719944,STR-2409-GVCPPV,101 Peter St,1511,M5V,Condominium,10,Spadina-Fort York
4719945,STR-2409-HCJPPW,16 Capreol Crt,,M5V,Condominium,10,Spadina-Fort York
4719946,STR-2409-HSWPPY,300 Front St W,2514,M5V,Condominium,10,Spadina-Fort York
4719947,STR-2409-FPTBPQ,32 Shangarry Dr,,M1R,Single/Semi-detached House,21,Scarborough Centre
4719948,STR-2409-FWZBPR,27 Tidworth Sq,,M1S,Single/Semi-detached House,23,Scarborough North
4719949,STR-2409-GFGBPS,500 Doris Ave,1527,M2N,Condominium,18,Willowdale
4719950,STR-2409-HCZBPW,464 Donlands Ave,,M4J,Single/Semi-detached House,14,Toronto-Danforth
4719951,STR-2409-HLGBPX,34 St Georges Blvd,,M9R,Single/Semi-detached House,1,Etobicoke North
4719952,STR-2409-HTMBPY,590 Cummer Ave,,M2K,Duplex/Triplex/Fourplex,17,Don Valley North
4719953,STR-2409-JBTBPZ,151 Dan Leckie Way,320,M5V,Condominium,10,Spadina-Fort York
4719954,STR-2409-FXQPPR,251 Jarvis St,2911,M5B,Condominium,13,Toronto Centre
4719955,STR-2409-GFWPPS,22 Lamb Ave,,M4J,Single/Semi-detached House,14,Toronto-Danforth
4719956,STR-2409-GPCPPT,35 Wright Ave,,M6R,Townhouse/ Row House,4,Parkdale-High Park
4719957,STR-2409-GWJPPV,210 Victoria St,903,M5B,Condominium,13,Toronto Centre
4719958,STR-2409-HVCPPY,101 Peter St,509,M5V,Condominium,10,Spadina-Fort York
4719959,STR-2409-FHTBPP,23 Sandwell Dr,,M9R,Single/Semi-detached House,2,Etobicoke Centre
4719960,STR-2409-FQZBPQ,295 Adelaide St W,801,M5V,Condominium,10,Spadina-Fort York
4719961,STR-2409-FYGBPR,151 Dan Leckie Way,1110,M5V,Apartment,10,Spadina-Fort York
4719962,STR-2409-GGMBPS,73 Grange Ave,,M5T,Single/Semi-detached House,10,Spadina-Fort York
4719963,STR-2409-HVTBPY,99 Cameron St,905,M5T,Condominium,10,Spadina-Fort York
4719964,STR-2505-HFPPPW,103 West Lodge Ave,501,M6K,Apartment,4,Parkdale-High Park
4719965,STR-2409-JCZBPZ,151 Dan Leckie Way,207,M5V,Condominium,10,Spadina-Fort York
4719966,STR-2409-FJJPPP,31 Verne Cres,,M1B,Single/Semi-detached House,23,Scarborough North
4719967,STR-2409-FRQPPQ,53 Curtis Cres,,M1B,Single/Semi-detached House,25,Scarborough-Rouge Park
4719968,STR-2409-FYWPPR,794 Carlaw Ave,51,M4K,Apartment,14,Toronto-Danforth
4719969,STR-2409-GHCPPS,155 Oakmeadow Blvd,,M1E,Single/Semi-detached House,24,Scarborough-Guildwood
4719970,STR-2409-GQJPPT,195 Barrington Ave,306,M4C,Apartment,19,Beaches-East York
4719971,STR-2409-GXQPPV,300 Front St W,3306,M5V,Condominium,10,Spadina-Fort York
4719972,STR-2409-HPCPPX,2391A Bloor St. W,N,M6S,Apartment,4,Parkdale-High Park
4719973,STR-2409-HWJPPY,59 Almore Ave,,M3H,Single/Semi-detached House,6,York Centre
4719974,STR-2409-JDQPPZ,83 Caroline Ave,,M4M,Single/Semi-detached House,14,Toronto-Danforth
4719975,STR-2409-FJZBPP,410 Maybank Ave,,M6N,Single/Semi-detached House,5,York South-Weston
4719976,STR-2409-FZMBPR,45 Silver Springs Blvd,512,M1V,Apartment,22,Scarborough-Agincourt
4719977,STR-2409-GQZBPT,49 Donside Dr,,M1L,Single/Semi-detached House,20,Scarborough Southwest
4719978,STR-2409-GYGBPV,18 Manor Rd E,,M4S,Single/Semi-detached House,12,Toronto-St. Paul's
4719979,STR-2409-HGMBPW,210 Victoria St,2110,M5B,Condominium,13,Toronto Centre
4719980,STR-2409-HPTBPX,955 Bay St,1215,M5S,Condominium,13,Toronto Centre
4719981,STR-2409-HWZBPY,36 Zorra St,2001,M8Z,Condominium,3,Etobicoke-Lakeshore
4719982,STR-2409-FKQPPP,64 Santamonica Blvd,,M1L,Single/Semi-detached House,20,Scarborough Southwest
4719983,STR-2409-FSWPPQ,210 Victoria St,3001,M5B,Condominium,13,Toronto Centre
4719984,STR-2409-GRQPPT,87 Peter St,3513,M5V,Condominium,10,Spadina-Fort York
4719985,STR-2409-GYWPPV,188 Cumberland St,1912,M5R,Condominium,11,University-Rosedale
4719986,STR-2409-HHCPPW,151 Dan Leckie Way,718,M5V,Condominium,10,Spadina-Fort York
4719987,STR-2409-HQJPPX,300 Front St W,801,M5V,Condominium,10,Spadina-Fort York
4719988,STR-2410-HXQPPY,286 Jedburgh Rd,,M5M,Single/Semi-detached House,8,Eglinton-Lawrence
4719989,STR-2410-GBTBPR,12 York St,2611,M5J,Condominium,10,Spadina-Fort York
4719990,STR-2410-GJZBPS,165 Legion Rd N,1226,M8Y,Condominium,3,Etobicoke-Lakeshore
4719991,STR-2410-GSGBPT,300 Front St W,1103,M5V,Apartment,10,Spadina-Fort York
4719992,STR-2410-HQZBPX,2101 Islington Ave,1901,M9P,Apartment,1,Etobicoke North
4719993,STR-2410-HPVHPX,832 The Queensway,A,M8Z,Apartment,3,Etobicoke-Lakeshore
4719994,STR-2410-HYGBPY,14 York St,3610,M5J,Condominium,10,Spadina-Fort York
4719995,STR-2410-JGMBPZ,2230 Queen St E,B,M4E,Single/Semi-detached House,19,Beaches-East York
4719996,STR-2410-FDRVPP,5 Mabelle Ave,3329,M9A,Apartment,3,Etobicoke-Lakeshore
4719997,STR-2410-GCKVPS,219 Fort York Blvd,2601,M5V,Condominium,10,Spadina-Fort York
4719998,STR-2410-HBDVPW,77 Avenue Rd,302,M5R,Condominium,11,University-Rosedale
4719999,STR-2410-HJKVPX,38 Briarwood Ave,,M9W,Single/Semi-detached House,1,Etobicoke North
4720000,STR-2410-HRRVPY,89 Dunfield Ave,3607,M4S,Condominium,12,Toronto-St. Paul's
4720001,STR-2410-HYXVPZ,101 Peter St,2102,M5V,Condominium,10,Spadina-Fort York
4720002,STR-2410-FFHHPP,19 Gosford Blvd,4,M3N,Townhouse/ Row House,7,Humber River-Black Creek
4720003,STR-2410-FMPHPQ,66 Isabella St,912,M4Y,Apartment,13,Toronto Centre
4720004,STR-2410-FVVHPR,118 Presley Ave,,M1L,Single/Semi-detached House,20,Scarborough Southwest
4720005,STR-2410-GDBHPS,15 O'Hara Ave,107,M6K,Apartment,4,Parkdale-High Park
4720006,STR-2410-GLHHPT,101 Peter St,2801,M5V,Condominium,10,Spadina-Fort York
4720007,STR-2410-HBVHPW,20 Meadowglen Pl,334,M1G,Condominium,24,Scarborough-Guildwood
4720008,STR-2410-HSHHPY,300 Front St W,4601,M5V,Condominium,10,Spadina-Fort York
4720009,STR-2410-HZPHPZ,500 Doris Ave,1229,M2N,Condominium,18,Willowdale
4720010,STR-2410-GLXVPT,46 Larkhall Ave,,M1J,Single-family detached,21,Scarborough Centre
4720011,STR-2410-GVDVPV,203 Lambton Ave,,M6N,Single/Semi-detached House,5,York South-Weston
4720012,STR-2410-HCKVPW,80 Harrison Garden Blvd,1021,M2N,Condominium,18,Willowdale
4720013,STR-2410-HKRVPX,159 Highbourne Rd,4,M5P,Duplex/Triplex/Fourplex,12,Toronto-St. Paul's
4720014,STR-2410-HSXVPY,1 Reidmount Ave,402,M1S,Apartment,22,Scarborough-Agincourt
4720015,STR-2410-FGPHPP,65 Bremner Blvd,3608,M5J,Condominium,10,Spadina-Fort York
4720016,STR-2410-FPVHPQ,130 Duvernet Ave,,M4E,Single/Semi-detached House,19,Beaches-East York
4720017,STR-2410-FXBHPR,99 Overture Rd,,M1E,Single/Semi-detached House,24,Scarborough-Guildwood
4720018,STR-2410-GFHHPS,21 Iceboat Ter,2706,M5V,Condominium,10,Spadina-Fort York
4720019,STR-2410-JBVHPZ,246A Berkeley St,,M5A,Single/Semi-detached House,13,Toronto Centre
4720020,STR-2410-FHDVPP,48 Follis Ave,,M6G,Single/Semi-detached House,11,University-Rosedale
4720021,STR-2410-FQKVPQ,9 Humewood Dr,35,M6C,Apartment,12,Toronto-St. Paul's
4720022,STR-2410-GPDVPT,20 Minowan Miikan Lane,433,M6J,Condominium,9,Davenport
4720023,STR-2410-GWKVPV,832 Bay St,3805,M5S,Condominium,11,University-Rosedale
4720024,STR-2410-HDRVPW,16 Yonge St,1909,M5E,Condominium,10,Spadina-Fort York
4720025,STR-2410-HVDVPY,101 Peter St,3705,M5V,Condominium,10,Spadina-Fort York
4720026,STR-2410-JCKVPZ,21 Iceboat Ter,628,M5V,Condominium,10,Spadina-Fort York
4720027,STR-2410-FHVHPP,105 Victoria St,207,M5C,Condominium,13,Toronto Centre
4720028,STR-2410-GPVHPT,1 Alcan Ave,2,M8W,Duplex/Triplex/Fourplex,3,Etobicoke-Lakeshore
4720029,STR-2410-GXBHPV,231 Fort York Blvd,2610,M5V,Condominium,10,Spadina-Fort York
4720030,STR-2410-HFHHPW,18 Maitland Ter,910,M4Y,Condominium,13,Toronto Centre
4720031,STR-2410-HVVHPY,207 Forest Hill Rd,,M5P,Single/Semi-detached House,12,Toronto-St. Paul's
4720032,STR-2410-JDBHPZ,70 Annie Craig Dr,2608,M8V,Condominium,3,Etobicoke-Lakeshore
4720033,STR-2410-FJKVPP,38 Dan Leckie Way,2102,M5V,Condominium,10,Spadina-Fort York
4720034,STR-2410-FRRVPQ,39 Pidgeon St,,M1L,Townhouse/ Row House,20,Scarborough Southwest
4720035,STR-2410-FYXVPR,65 Bremner Blvd,4702,M5J,Condominium,10,Spadina-Fort York
4720036,STR-2410-GHDVPS,285 Mutual St,908,M4Y,Condominium,13,Toronto Centre
4720037,STR-2410-GQKVPT,88 Cumberland St,1808,M5R,Condominium,11,University-Rosedale
4720038,STR-2410-HPDVPX,219 Fort York Blvd,613,M5V,Condominium,10,Spadina-Fort York
4720039,STR-2410-JDRVPZ,955 Bay St,1105,M5S,Condominium,13,Toronto Centre
4720040,STR-2410-FSHHPQ,256 Woodbine Ave,A,M4L,Duplex/Triplex/Fourplex,19,Beaches-East York
4720041,STR-2410-FZPHPR,140 Pinery Trl,46,M1B,Townhouse/ Row House,23,Scarborough North
4720042,STR-2410-GHVHPS,308 Concord Ave,,M6H,Single/Semi-detached House,9,Davenport
4720043,STR-2410-GRBHPT,38 Old Orchard Grv,,M5M,Single/Semi-detached House,8,Eglinton-Lawrence
4720044,STR-2410-GYHHPV,21 Iceboat Ter,2015,M5V,Condominium,10,Spadina-Fort York
4720045,STR-2410-HXBHPY,177 Wineva Ave,,M4E,Single/Semi-detached House,19,Beaches-East York
4720046,STR-2410-GBDVPR,219 Fort York Blvd,3411,M5V,Condominium,10,Spadina-Fort York
4720047,STR-2410-GJKVPS,482 Indian Grv,,M6P,Single/Semi-detached House,4,Parkdale-High Park
4720048,STR-2410-GRRVPT,112 New Forest Sq,,M1V,Single/Semi-detached House,22,Scarborough-Agincourt
4720049,STR-2410-GYXVPV,44 Poulett St,,M5A,Townhouse/ Row House,13,Toronto Centre
4720050,STR-2410-HHDVPW,20 John St,520,M5V,Condominium,10,Spadina-Fort York
4720051,STR-2410-HQKVPX,142 Spears St,,M6N,Single/Semi-detached House,5,York South-Weston
4720052,STR-2410-JFXVPZ,300 Front St W,1110,M5V,Condominium,10,Spadina-Fort York
4720053,STR-2410-FTPHPQ,11 Elmvale Cres,,M9V,Single/Semi-detached House,1,Etobicoke North
4720054,STR-2410-GBVHPR,78 Tecumseth St,809,M5V,Condominium,10,Spadina-Fort York
4720055,STR-2410-GKBHPS,29 Woodgrove Dr,,M1E,Single/Semi-detached House,25,Scarborough-Rouge Park
4720056,STR-2410-GSHHPT,626 Adelaide St W,,M6J,Townhouse/ Row House,10,Spadina-Fort York
4720057,STR-2410-GZPHPV,49 Andona Cres,,M1C,Single/Semi-detached House,25,Scarborough-Rouge Park
4720058,STR-2410-HHVHPW,101 Peter St,510,M5V,Condominium,10,Spadina-Fort York
4720059,STR-2410-JGPHPZ,21 Iceboat Ter,1807,M5V,Condominium,10,Spadina-Fort York
4720060,STR-2410-FDTBPP,101 Peter St,2711,M5V,Condominium,10,Spadina-Fort York
4720061,STR-2410-FLZBPQ,300 Front St W,2609,M5V,Condominium,10,Spadina-Fort York
4720062,STR-2410-FVGBPR,628 Fleet St,2706,M5V,Condominium,10,Spadina-Fort York
4720063,STR-2410-GKTBPT,300 Front St W,1202,M5V,Condominium,10,Spadina-Fort York
4720064,STR-2410-GSZBPV,139 Cowan Ave,7,M6K,Apartment,4,Parkdale-High Park
4720065,STR-2410-HRTBPY,20 Saunders Rd,,M1J,Single/Semi-detached House,24,Scarborough-Guildwood
4720066,STR-2410-FMQPPQ,21 Sudbury St,2102,M6J,Townhouse/ Row House,10,Spadina-Fort York
4720067,STR-2410-FVWPPR,259 Floyd Ave,,M4J,Single/Semi-detached House,14,Toronto-Danforth
4720068,STR-2410-GDCPPS,151 Dan Leckie Way,602,M5V,Condominium,10,Spadina-Fort York
4720069,STR-2410-GLJPPT,313 Richmond St E,1158,M5A,Condominium,13,Toronto Centre
4720070,STR-2410-GTQPPV,246 Torrens Ave,,M4J,Single/Semi-detached House,14,Toronto-Danforth
4720071,STR-2411-HYVLBZ,344 Pape Ave,,M4M,Apartment,14,Toronto-Danforth
4720072,STR-2410-HKCPPX,259 Robina Ave,,M6C,Single/Semi-detached House,12,Toronto-St. Paul's
4720073,STR-2410-HSJPPY,141 Shepton Way,,M1V,Single/Semi-detached House,22,Scarborough-Agincourt
4720074,STR-2410-FWMBPR,4 Citation Dr,Main,M2K,Single/Semi-detached House,17,Don Valley North
4720075,STR-2410-HCMBPW,188 Cumberland St,1006,M5R,Condominium,11,University-Rosedale
4720076,STR-2410-JBGBPZ,195 Moore Park Ave,,M2M,Single/Semi-detached House,18,Willowdale
4720077,STR-2410-FGQPPP,800 Richmond St W,108,M6J,Apartment,10,Spadina-Fort York
4720078,STR-2410-FXCPPR,264 Havelock St,2,M6H,Duplex/Triplex/Fourplex,9,Davenport
4720079,STR-2410-GFJPPS,50 Ordnance St,3209,M6K,Apartment,10,Spadina-Fort York
4720080,STR-2410-GVWPPV,12 York St,1502,M5J,Apartment,10,Spadina-Fort York
4720081,STR-2410-HDCPPW,295 Adelaide St W,4307,M5V,Condominium,10,Spadina-Fort York
4720082,STR-2410-FHGBPP,21 Iceboat Ter,1906,M5V,Condominium,10,Spadina-Fort York
4720083,STR-2410-FQMBPQ,300 Front St W,2601,M5V,Condominium,10,Spadina-Fort York
4720084,STR-2410-GFZBPS,21 Iceboat Ter,4708,M5V,Condominium,10,Spadina-Fort York
4720085,STR-2410-GWMBPV,30 Baseball Pl,1004,M4M,Condominium,14,Toronto-Danforth
4720086,STR-2410-HLZBPX,115 Richmond St E,701,M5C,Condominium,13,Toronto Centre
4720087,STR-2410-GGQPPS,1401 Dupont St,618,M6H,Apartment,9,Davenport
4720088,STR-2410-GPWPPT,42 Marlbank Rd,,M1T,Single/Semi-detached House,22,Scarborough-Agincourt
4720089,STR-2410-GXCPPV,62 Brunswick Ave,3,M5S,Duplex/Triplex/Fourplex,11,University-Rosedale
4720090,STR-2410-HVWPPY,87 Olive Ave,,M6G,Single/Semi-detached House,11,University-Rosedale
4720091,STR-2410-FJMBPP,154 Bingham Ave,,M4E,Single/Semi-detached House,19,Beaches-East York
4720092,STR-2410-FYZBPR,22 Parkview Hts,,M1N,Single/Semi-detached House,20,Scarborough Southwest
4720093,STR-2410-GHGBPS,1121 Dufferin St,2,M6H,Single/Semi-detached House,9,Davenport
4720094,STR-2410-HPGBPX,300 Front St W,2310,M5V,Condominium,10,Spadina-Fort York
4720095,STR-2410-HWMBPY,23 South Woodrow Blvd,,M1N,Single/Semi-detached House,20,Scarborough Southwest
4720096,STR-2410-JDTBPZ,49 Manderley Dr,,M1N,Single/Semi-detached House,20,Scarborough Southwest
4720097,STR-2410-FZQPPR,18 Valley Stream Dr,,M1V,Townhouse/ Row House,23,Scarborough North
4720098,STR-2410-GHWPPS,38 Dan Leckie Way,1,M5V,Condominium,10,Spadina-Fort York
4720099,STR-2410-GRCPPT,135 Springhurst Ave,B,M6K,Single/Semi-detached House,4,Parkdale-High Park
4720100,STR-2410-GYJPPV,43 Thorncliffe Park Dr,307,M4H,Apartment,15,Don Valley West
4720101,STR-2410-HGQPPW,18 Maitland Ter,1210,M4Y,Condominium,13,Toronto Centre
4720102,STR-2410-HXCPPY,564 Merton St,,M4S,Single/Semi-detached House,15,Don Valley West
4720103,STR-2410-FKTBPP,90 Allingham Gdns,,M3H,Single/Semi-detached House,6,York Centre
4720104,STR-2410-FSZBPQ,2154 Dundas St W,506,M6R,Apartment,4,Parkdale-High Park
4720105,STR-2410-GJMBPS,300 Front St W,410,M5V,Condominium,10,Spadina-Fort York
4720106,STR-2410-GRTBPT,101 Peter St,603,M5V,Condominium,10,Spadina-Fort York
4720107,STR-2410-GYZBPV,163 Portland St,407,M5V,Condominium,10,Spadina-Fort York
4720108,STR-2410-HHGBPW,21 Iceboat Ter,2302,M5V,Condominium,10,Spadina-Fort York
4720109,STR-2410-HQMBPX,16 Yonge St,1413,M5E,Condominium,10,Spadina-Fort York
4720110,STR-2410-HXTBPY,35 Balmuto St,2802,M4Y,Condominium,11,University-Rosedale
4720111,STR-2410-JFZBPZ,101 Peter St,1401,M5V,Condominium,10,Spadina-Fort York
4720112,STR-2410-FLJPPP,11 Bradfield Ave,,M8Z,Single/Semi-detached House,3,Etobicoke-Lakeshore
4720113,STR-2410-GKCPPS,15 Maplewood Ave,202,M6C,Condominium,12,Toronto-St. Paul's
4720114,STR-2410-GZQPPV,21 Densmore Ave,,M9W,Single/Semi-detached House,1,Etobicoke North
4720115,STR-2410-HHWPPW,34 St Paschal Crt,,M2M,Single/Semi-detached House,18,Willowdale
4720116,STR-2410-HRCPPX,111 Caroline Ave,,M4M,Single/Semi-detached House,14,Toronto-Danforth
4720117,STR-2410-HYJPPY,7 Plymouth Ave,,M6J,Townhouse/ Row House,11,University-Rosedale
4720118,STR-2410-FDVHPP,199 Palmerston Ave,,M6J,Single/Semi-detached House,11,University-Rosedale
4720119,STR-2410-FMBHPQ,15 Baseball Pl,912,M4M,Condominium,14,Toronto-Danforth
4720120,STR-2410-FVHHPR,112 George St,534,M5A,Condominium,13,Toronto Centre
4720121,STR-2410-GCPHPS,10 Park Lawn Rd,1209,M8V,Condominium,3,Etobicoke-Lakeshore
4720122,STR-2410-GKVHPT,37 Grosvenor St,1401,M4Y,Condominium,13,Toronto Centre
4720123,STR-2410-GTBHPV,120 Homewood Ave,2908,M4Y,Condominium,13,Toronto Centre
4720124,STR-2410-HBHHPW,5 Sifton Crt,,M2K,Single/Semi-detached House,17,Don Valley North
4720125,STR-2410-HRVHPY,356 Monarch Park Ave,,M4J,Single/Semi-detached House,14,Toronto-Danforth
4720126,STR-2410-HZBHPZ,1100 Lansdowne Ave,338,M6H,Condominium,9,Davenport
4720127,STR-2410-FFKVPP,151 Dan Leckie Way,1801,M5V,Condominium,10,Spadina-Fort York
4720128,STR-2410-FVXVPR,18 Yonge St,605,M5E,Condominium,10,Spadina-Fort York
4720129,STR-2410-GDDVPS,77 Isabella St,,M4Y,Apartment,13,Toronto Centre
4720130,STR-2410-GLKVPT,22 Brightside Dr,,M1E,Single/Semi-detached House,25,Scarborough-Rouge Park
4720131,STR-2410-GTRVPV,177 Strachan Ave,1,M6J,Single/Semi-detached House,10,Spadina-Fort York
4720132,STR-2410-HBXVPW,1 Odessa Ave,,M9C,Single/Semi-detached House,2,Etobicoke Centre
4720133,STR-2410-HKDVPX,1420 Dupont St,709,M6H,Condominium,9,Davenport
4720134,STR-2410-HSKVPY,240 Wellesley St E,1724,M4X,Apartment,13,Toronto Centre
4720135,STR-2410-FGBHPP,200 Dufferin St,PH 6,M6K,Apartment,4,Parkdale-High Park
4720136,STR-2410-FPHHPQ,123 Florence Ave,,M2N,Single/Semi-detached House,18,Willowdale
4720137,STR-2410-FWPHPR,10 Beattie Ave,1,M9W,Single/Semi-detached House,1,Etobicoke North
4720138,STR-2410-GMBHPT,19 Alma Ave,2,M6J,Duplex/Triplex/Fourplex,9,Davenport
4720139,STR-2410-GVHHPV,210 Victoria St,807,M5B,Apartment,13,Toronto Centre
4720140,STR-2410-HCPHPW,139 Port Royal Trl,,M1V,Single/Semi-detached House,23,Scarborough North
4720141,STR-2410-HKVHPX,151 Dan Leckie Way,1803,M5V,Condominium,10,Spadina-Fort York
4720142,STR-2410-HTBHPY,105 George St,1015,M5A,Condominium,13,Toronto Centre
4720143,STR-2410-FXDVPR,281 Lisgar St,B,M6J,Single/Semi-detached House,9,Davenport
4720144,STR-2410-GVXVPV,12 York St,1807,M5J,Condominium,10,Spadina-Fort York
4720145,STR-2410-HDDVPW,278 Conlins Rd,,M1C,Single/Semi-detached House,25,Scarborough-Rouge Park
4720146,STR-2410-HTRVPY,12 York St,3004,M5J,Condominium,10,Spadina-Fort York
4720147,STR-2410-JBXVPZ,15 Iceboat Ter,1206,M5V,Apartment,10,Spadina-Fort York
4720148,STR-2410-FHHHPP,20 Blue Jays Way,319,M5V,Condominium,10,Spadina-Fort York
4720149,STR-2410-FQPHPQ,25 Carlton St,2506,M5B,Condominium,13,Toronto Centre
4720150,STR-2410-GPHHPT,102 Northcote Ave,,M6J,Single/Semi-detached House,9,Davenport
4720151,STR-2410-GWPHPV,21 Iceboat Ter,1505,M5V,Condominium,10,Spadina-Fort York
4720152,STR-2410-HMBHPX,75 Geoffrey St,,M6R,Single/Semi-detached House,4,Parkdale-High Park
4720153,STR-2410-HVHHPY,20 Blue Jays Way,1122,M5V,Condominium,10,Spadina-Fort York
4720154,STR-2410-JCPHPZ,383 Adelaide St E,103,M5A,Condominium,13,Toronto Centre
4720155,STR-2410-GGRVPS,65 Bremner Blvd,4201,M5J,Condominium,10,Spadina-Fort York
4720156,STR-2410-GPXVPT,95 High Park Ave,302,M6P,Apartment,4,Parkdale-High Park
4720157,STR-2410-HMRVPX,12 York St,3606,M5J,Condominium,10,Spadina-Fort York
4720158,STR-2410-FZBHPR,375 King St W,3406,M5V,Condominium,10,Spadina-Fort York
4720159,STR-2410-GHHHPS,311 Bay St,3901,M5H,Condominium,13,Toronto Centre
4720160,STR-2410-HGBHPW,10 Navy Wharf Crt,2707,M5V,Condominium,10,Spadina-Fort York
4720161,STR-2410-JDVHPZ,162 Banff Rd,,M4P,Single/Semi-detached House,15,Don Valley West
4720162,STR-2410-FZRVPR,250 St Clarens Ave,2,M6H,Single/Semi-detached House,9,Davenport
4720163,STR-2410-GHXVPS,18 Givins St,,M6J,Single/Semi-detached House,10,Spadina-Fort York
4720164,STR-2410-GRDVPT,554 Lansdowne Ave,201,M6H,Apartment,9,Davenport
4720165,STR-2410-GYKVPV,532 Pape Ave,,M4K,Single/Semi-detached House,14,Toronto-Danforth
4720166,STR-2410-HPXVPX,140 Simcoe St,1010,M5H,Condominium,10,Spadina-Fort York
4720167,STR-2410-HXDVPY,307 Shaw St,,M6J,Single/Semi-detached House,11,University-Rosedale
4720168,STR-2410-JFKVPZ,251 Jarvis St,731,M5B,Condominium,13,Toronto Centre
4720169,STR-2410-FTBHPQ,35 Sharpe St,,M1N,Single/Semi-detached House,20,Scarborough Southwest
4720170,STR-2410-GBHHPR,64 Leuty Ave,,M4E,Single/Semi-detached House,19,Beaches-East York
4720171,STR-2410-GJPHPS,12 Hazel Ave,,M4E,Single/Semi-detached House,19,Beaches-East York
4720172,STR-2410-GZBHPV,9 Spadina Ave,501,M5V,Condominium,10,Spadina-Fort York
4720173,STR-2410-HHHHPW,60 Bathurst St,1001,M5V,Condominium,10,Spadina-Fort York
4720174,STR-2410-HQPHPX,270 Wellington St W,824,M5V,Condominium,10,Spadina-Fort York
4720175,STR-2410-HXVHPY,168 Simcoe St,520,M5H,Condominium,10,Spadina-Fort York
4720176,STR-2410-JGBHPZ,1613 Dundas St W,3,M6K,Apartment,9,Davenport
4720177,STR-2410-FLKVPP,148 Barker Ave,Upper,M4C,Single/Semi-detached House,19,Beaches-East York
4720178,STR-2410-FTRVPQ,46 Marowyne Dr,,M2J,Single/Semi-detached House,17,Don Valley North
4720179,STR-2410-GZRVPV,32 Beatrice St,,M6J,Semi-detached House,11,University-Rosedale
4720180,STR-2410-HHXVPW,188 Pape Ave,,M4M,Single/Semi-detached House,14,Toronto-Danforth
4720181,STR-2410-HRDVPX,80 South Kingsway,,M6S,Single/Semi-detached House,4,Parkdale-High Park
4720182,STR-2410-FMCPPQ,218 Galloway Rd,Upper,M1E,Single/Semi-detached House,24,Scarborough-Guildwood
4720183,STR-2410-FVJPPR,248 Silver Birch Ave,,M4E,Single/Semi-detached House,19,Beaches-East York
4720184,STR-2410-GCQPPS,1572 Dundas St W,Rear,M6K,Apartment,9,Davenport
4720185,STR-2410-GTCPPV,215 Fort York Blvd,2406,M5V,Condominium,10,Spadina-Fort York
4720186,STR-2410-HBJPPW,14 Oakfield Dr,,M8Y,Single/Semi-detached House,3,Etobicoke-Lakeshore
4720187,STR-2410-HJQPPX,56 Maitland St,406,M4Y,Apartment,13,Toronto Centre
4720188,STR-2410-HRWPPY,16 Havenridge Dr,,M9P,Single/Semi-detached House,1,Etobicoke North
4720189,STR-2410-FFMBPP,131 Alcorn Ave,,M4V,Single/Semi-detached House,12,Toronto-St. Paul's
4720190,STR-2410-FMTBPQ,185 Bonis Ave,1913,M1T,Condominium,22,Scarborough-Agincourt
4720191,STR-2410-FVZBPR,1029 King St W,404,M6K,Condominium,10,Spadina-Fort York
4720192,STR-2410-GDGBPS,320 McCowan Rd,308,M1J,Condominium,20,Scarborough Southwest
4720193,STR-2410-GLMBPT,58 Crittenden Sq,,M1B,Single/Semi-detached House,23,Scarborough North
4720194,STR-2410-GTTBPV,2300 St Clair Ave W,208,M6N,Condominium,5,York South-Weston
4720195,STR-2410-HKGBPX,195 Redpath Ave,2202,M4P,Condominium,12,Toronto-St. Paul's
4720196,STR-2410-HSMBPY,156 Sheridan Ave,,M6K,Single/Semi-detached House,9,Davenport
4720197,STR-2410-HZTBPZ,37 Allangrove Cres,,M1W,Single/Semi-detached House,22,Scarborough-Agincourt
4720198,STR-2410-FPJPPQ,470 Melita Cres,3A1,M6G,Apartment,12,Toronto-St. Paul's
4720199,STR-2410-FWQPPR,473 Old Weston Rd,,M6N,Single/Semi-detached House,9,Davenport
4720200,STR-2410-GVJPPV,231 Fort York Blvd,602,M5V,Condominium,10,Spadina-Fort York
4720201,STR-2410-HCQPPW,80 St Patrick St,617,M5T,Condominium,10,Spadina-Fort York
4720202,STR-2410-HKWPPX,47 Greenlaw Ave,,M6H,Townhouse/ Row House,9,Davenport
4720203,STR-2410-FGTBPP,89 Bicknell Ave,,M6M,Single/Semi-detached House,5,York South-Weston
4720204,STR-2410-GFMBPS,56 Nymark Ave,,M2J,Single/Semi-detached House,17,Don Valley North
4720205,STR-2410-HDGBPW,14 York St,5812,M5J,Condominium,10,Spadina-Fort York
4720206,STR-2410-HLMBPX,282 Homewood Ave,B1,M2R,Single/Semi-detached House,18,Willowdale
4720207,STR-2410-HTTBPY,6 Draper St,,M5V,Townhouse/ Row House,10,Spadina-Fort York
4720208,STR-2410-FHJPPP,262 Randall Cres,,M1M,Single/Semi-detached House,20,Scarborough Southwest
4720209,STR-2410-FQQPPQ,433 Jarvis St,415,M4Y,Apartment,13,Toronto Centre
4720210,STR-2410-FXWPPR,98 Lillian St,920,M4S,Condominium,12,Toronto-St. Paul's
4720211,STR-2410-GPJPPT,1029 King St W,640,M6K,Apartment,10,Spadina-Fort York
4720212,STR-2410-GWQPPV,333 Adelaide St E,528,M5A,Condominium,13,Toronto Centre
4720213,STR-2410-JCQPPZ,1 Triangle Villas Dr,,M1W,Single/Semi-detached House,22,Scarborough-Agincourt
4720214,STR-2410-FHZBPP,77 Montrose Ave,,M6J,Single/Semi-detached House,11,University-Rosedale
4720215,STR-2410-FRGBPQ,42 Henderson Ave,,M6J,Single/Semi-detached House,11,University-Rosedale
4720216,STR-2410-FYMBPR,101 Peter St,3510,M5V,Condominium,10,Spadina-Fort York
4720217,STR-2410-HMTBPX,134 Maxome Ave,,M2M,Single/Semi-detached House,18,Willowdale
4720218,STR-2410-JDGBPZ,75 The Donway w,1409,M3C,Condominium,16,Don Valley East
4720219,STR-2410-FJQPPP,4 Saddletree Dr,,M2H,Single/Semi-detached House,17,Don Valley North
4720220,STR-2410-FRWPPQ,54 Pitt Ave,,M1L,Single/Semi-detached House,20,Scarborough Southwest
4720221,STR-2410-GXWPPV,1173 Dundas St E,238,M4M,Condominium,14,Toronto-Danforth
4720222,STR-2410-HGCPPW,10 Lockington Crt,,M9M,Single/Semi-detached House,7,Humber River-Black Creek
4720223,STR-2410-HWQPPY,1150 Briar Hill Ave,306,M6B,Townhouse/ Row House,8,Eglinton-Lawrence
4720224,STR-2410-JDWPPZ,803A Windermere Ave,,M6S,Single/Semi-detached House,4,Parkdale-High Park
4720225,STR-2410-FKGBPP,255 Dovercourt Rd,301,M6J,Apartment,10,Spadina-Fort York
4720226,STR-2410-FSMBPQ,231 Fort York Blvd,507,M5V,Condominium,10,Spadina-Fort York
4720227,STR-2410-FZTBPR,30 Nelson St,707,M5V,Condominium,10,Spadina-Fort York
4720228,STR-2410-GRGBPT,229 Riverdale Ave,,M4K,Single/Semi-detached House,14,Toronto-Danforth
4720229,STR-2410-GYMBPV,251 Jarvis St,5003,M5B,Condominium,13,Toronto Centre
4720230,STR-2410-HPZBPX,45 Chamberlain Ave,,M6E,Single/Semi-detached House,8,Eglinton-Lawrence
4720231,STR-2410-JFMBPZ,140 Simcoe St,419,M5H,Condominium,10,Spadina-Fort York
4720232,STR-2410-FKWPPP,121 St Patrick St,621,M5T,Condominium,10,Spadina-Fort York
4720233,STR-2410-FTCPPQ,27 Marydon Cres,,M1S,Single/Semi-detached House,23,Scarborough North
4720234,STR-2410-GRWPPT,229 Ashworth Ave,,M6G,Single/Semi-detached House,12,Toronto-St. Paul's
4720235,STR-2410-GZCPPV,380 Dixon Rd,1104,M9R,Condominium,1,Etobicoke North
4720236,STR-2410-HHJPPW,3578 Eglinton Ave W,,M6M,Single/Semi-detached House,5,York South-Weston
4720237,STR-2410-HXWPPY,107 Cowan Ave,,M6K,Single/Semi-detached House,4,Parkdale-High Park
4720238,STR-2410-FTTBPQ,955 Bay St,911,M5S,Condominium,13,Toronto Centre
4720239,STR-2410-GBZBPR,27 Phillip Ave,,M1N,Single/Semi-detached House,20,Scarborough Southwest
4720240,STR-2410-GSMBPT,100 Long Branch Ave,5,M8W,Townhouse/ Row House,3,Etobicoke-Lakeshore
4720241,STR-2410-HHZBPW,222 Wellesley St E,510,M4X,Apartment,13,Toronto Centre
4720242,STR-2410-HRGBPX,3 Michael Power Pl,2204,M9A,Condominium,3,Etobicoke-Lakeshore
4720243,STR-2410-FMDVPQ,13 Sorauren Ave,3,M6R,Single/Semi-detached House,4,Parkdale-High Park
4720244,STR-2410-GCRVPS,80 Western Battery Rd,1001,M6K,Condominium,10,Spadina-Fort York
4720245,STR-2410-GKXVPT,105 George St,1812,M5A,Condominium,13,Toronto Centre
4720246,STR-2410-GTDVPV,211 Berry Rd,,M8Y,Single/Semi-detached House,3,Etobicoke-Lakeshore
4720247,STR-2410-HBKVPW,27 Ettrick Cres,,M9N,Single/Semi-detached House,5,York South-Weston
4720248,STR-2410-HJRVPX,101 Peter St,705,M5V,Condominium,10,Spadina-Fort York
4720249,STR-2410-HRXVPY,25 Oxley St,802,M5V,Condominium,10,Spadina-Fort York
4720250,STR-2410-FFPHPP,560 Front St W,216,M5V,Condominium,10,Spadina-Fort York
4720251,STR-2410-FMVHPQ,418 Dawes Rd,103,M4B,Apartment,19,Beaches-East York
4720252,STR-2410-FWBHPR,81 Falstaff Ave,,M6L,Single/Semi-detached House,5,York South-Weston
4720253,STR-2410-GLPHPT,52 Lloydminster Cres,,M2M,Single/Semi-detached House,18,Willowdale
4720254,STR-2410-HCBHPW,300 Front St W,1012,M5V,Condominium,10,Spadina-Fort York
4720255,STR-2410-HKHHPX,101 Peter St,3207,M5V,Condominium,10,Spadina-Fort York
4720256,STR-2410-HZVHPZ,38 Widmer St,2806,M5V,Condominium,10,Spadina-Fort York
4720257,STR-2410-FWRVPR,50 Gladstone Ave,2,M6J,Duplex/Triplex/Fourplex,9,Davenport
4720258,STR-2410-GMDVPT,229 Newton Dr,,M2M,Single/Semi-detached House,18,Willowdale
4720259,STR-2410-HCRVPW,2301 Lake Shore Blvd W,315,M8V,Apartment,3,Etobicoke-Lakeshore
4720260,STR-2410-HKXVPX,915 King St W,104,M6K,Condominium,10,Spadina-Fort York
4720261,STR-2410-FQBHPQ,39 Queens Quay E,929,M5E,Condominium,10,Spadina-Fort York
4720262,STR-2410-HTVHPY,159 Crocus Dr,,M1R,Single/Semi-detached House,21,Scarborough Centre
4720263,STR-2410-FHKVPP,199 Richmond St W,322,M5V,Condominium,10,Spadina-Fort York
4720264,STR-2410-FQRVPQ,44 Foxley St,,M6J,Single/Semi-detached House,10,Spadina-Fort York
4720265,STR-2410-FXXVPR,300 Crawford St,,M6J,Single/Semi-detached House,11,University-Rosedale
4720266,STR-2410-GGDVPS,1 Babington Crt,,M9A,Single/Semi-detached House,2,Etobicoke Centre
4720267,STR-2410-GPKVPT,274 Clinton St,B,M6G,Duplex/Triplex/Fourplex,11,University-Rosedale
4720268,STR-2410-GWRVPV,12 York St,1503,M5J,Condominium,10,Spadina-Fort York
4720269,STR-2410-HDXVPW,14 York St,4512,M5J,Condominium,10,Spadina-Fort York
4720270,STR-2410-HMDVPX,19 Grand Trunk Cres,PH2,M5J,Condominium,10,Spadina-Fort York
4720271,STR-2410-HVKVPY,21 Pirandello St,1242,M6K,Townhouse/ Row House,10,Spadina-Fort York
4720272,STR-2410-JCRVPZ,16 Cassels Ave,,M4E,Single/Semi-detached House,19,Beaches-East York
4720273,STR-2410-FJBHPP,55 Branstone Rd,,M6E,Single/Semi-detached House,9,Davenport
4720274,STR-2410-FRHHPQ,300 Front St W,3913,M5V,Apartment,10,Spadina-Fort York
4720275,STR-2410-FYPHPR,209 Fort York Blvd,1665,M5V,Condominium,10,Spadina-Fort York
4720276,STR-2410-GGVHPS,398 King St E,A,M5A,Apartment,13,Toronto Centre
4720277,STR-2410-GQBHPT,300 Front St W,4001,M5V,Apartment,10,Spadina-Fort York
4720278,STR-2410-GXHHPV,50 Bruyeres Mews,812,M5V,Condominium,10,Spadina-Fort York
4720279,STR-2410-HMVHPX,30 Nelson St,1908,M5V,Condominium,10,Spadina-Fort York
4720280,STR-2410-HWBHPY,105 Victoria St,1101,M5C,Condominium,13,Toronto Centre
4720281,STR-2410-FJRVPP,300 Front St W,2511,M5V,Condominium,10,Spadina-Fort York
4720282,STR-2410-FZDVPR,781 King St W,507,M5V,Condominium,10,Spadina-Fort York
4720283,STR-2410-GQRVPT,32 Trolley Cres,819,M5A,Condominium,13,Toronto Centre
4720284,STR-2410-GXXVPV,9 Windermere Ave,94,M6S,Townhouse/ Row House,4,Parkdale-High Park
4720285,STR-2410-HGDVPW,2212 Lake Shore Blvd W,1207,M8V,Condominium,3,Etobicoke-Lakeshore
4720286,STR-2410-HPKVPX,39 Niagara St,1215,M5V,Apartment,10,Spadina-Fort York
4720287,STR-2410-HWRVPY,39 Wolseley St,,M5T,Single/Semi-detached House,10,Spadina-Fort York
4720288,STR-2410-FKHHPP,847 Bloor St W,Upper,M6G,Single/Semi-detached House,11,University-Rosedale
4720289,STR-2410-FSPHPQ,253 Bogert Ave,Upper,M2N,Single/Semi-detached House,18,Willowdale
4720290,STR-2410-FZVHPR,215 Fort York Blvd,3810,M5V,Condominium,10,Spadina-Fort York
4720291,STR-2410-GJBHPS,2157 Kipling Ave,,M9W,Single/Semi-detached House,1,Etobicoke North
4720292,STR-2411-GRHHPT,21 Caroline Carpenter Grv,,M3K,Townhouse/ Row House,6,York Centre
4720293,STR-2411-GYPHPV,155 Yorkville Ave,415,M5R,Condominium,11,University-Rosedale
4720294,STR-2411-HGVHPW,99 John St,1608,M5V,Condominium,10,Spadina-Fort York
4720295,STR-2411-HQBHPX,105 Victoria St,1205,M5C,Condominium,13,Toronto Centre
4720296,STR-2411-HXHHPY,16 Brookers Lane,2406,M8V,Condominium,3,Etobicoke-Lakeshore
4720297,STR-2411-FTDVPQ,60 Carr St,7,M5T,Townhouse/ Row House,10,Spadina-Fort York
4720298,STR-2411-GJRVPS,98 Fairbank Ave,1,M6E,Single/Semi-detached House,8,Eglinton-Lawrence
4720299,STR-2411-GRXVPT,209 Fort York Blvd,964,M5V,Condominium,10,Spadina-Fort York
4720300,STR-2411-GZDVPV,450 Walmer Rd,802,M5P,Apartment,12,Toronto-St. Paul's
4720301,STR-2411-HHKVPW,6 Sonic Way,504,M3C,Condominium,16,Don Valley East
4720302,STR-2411-HQRVPX,26 Ernest Ave,21,M6P,Townhouse/ Row House,9,Davenport
4720303,STR-2411-HXXVPY,18 Yonge St,1911,M5E,Condominium,10,Spadina-Fort York
4720304,STR-2411-FFQPPP,62 Edgewood Ave,,M4L,Single/Semi-detached House,19,Beaches-East York
4720305,STR-2411-FLPHPP,231 Fort York Blvd,1913,M5V,Condominium,10,Spadina-Fort York
4720306,STR-2411-GCBHPR,650 Parliament St,2220,M4X,Apartment,13,Toronto Centre
4720307,STR-2411-GKHHPS,24 Abbeywood Trl,,M3B,Single/Semi-detached House,15,Don Valley West
4720308,STR-2411-GSPHPT,1 King St W,825,M5H,Condominium,13,Toronto Centre
4720309,STR-2411-HRHHPX,355 Lansdowne Ave,3,M6H,Duplex/Triplex/Fourplex,9,Davenport
4720310,STR-2411-HYPHPY,20 Richardson St,2901,M5A,Condominium,10,Spadina-Fort York
4720311,STR-2411-JGVHPZ,135 Hay Ave,,M8Z,Single/Semi-detached House,3,Etobicoke-Lakeshore
4720312,STR-2411-FDZBPP,80 Western Battery Rd,608,M6K,Condominium,10,Spadina-Fort York
4720313,STR-2411-FVMBPR,349 1/2 Crawford St,Lower,M6J,Townhouse/ Row House,11,University-Rosedale
4720314,STR-2411-HBMBPW,39 Derwyn Rd,,M4J,Single/Semi-detached House,14,Toronto-Danforth
4720315,STR-2411-HJTBPX,363 Sorauren Ave,304,M6R,Apartment,4,Parkdale-High Park
4720316,STR-2411-HZGBPZ,41 Shanly St,8,M6H,Condominium,9,Davenport
4720317,STR-2411-FMWPPQ,14 Phoebe St,,M5T,Townhouse/ Row House,10,Spadina-Fort York
4720318,STR-2411-FWCPPR,209 Fort York Blvd,779,M5V,Condominium,10,Spadina-Fort York
4720319,STR-2411-GDJPPS,159 Plewes Rd,,M3K,Single/Semi-detached House,6,York Centre
4720320,STR-2411-GLQPPT,209 Fort York Blvd,169,M5V,Condominium,10,Spadina-Fort York
4720321,STR-2411-GTWPPV,1052 Kipling Ave,,M9B,Single/Semi-detached House,2,Etobicoke Centre
4720322,STR-2411-HKJPPX,378 Shaw St,,M6J,Townhouse/ Row House,11,University-Rosedale
4720323,STR-2411-FWTBPR,1 De Boers Dr,1503,M3J,Condominium,6,York Centre
4720324,STR-2411-GDZBPS,193 Fairview Ave,,M6P,Single/Semi-detached House,4,Parkdale-High Park
4720325,STR-2411-HCTBPW,135 Lower Sherbourne St,867,M5A,Condominium,13,Toronto Centre
4720326,STR-2411-HKZBPX,110 Marine Parade Dr,404,M8V,Condominium,3,Etobicoke-Lakeshore
4720327,STR-2411-HTGBPY,1030 King St W,213,M6K,Condominium,10,Spadina-Fort York
4720328,STR-2411-JBMBPZ,866 The Queensway,200,M8Z,Apartment,3,Etobicoke-Lakeshore
4720329,STR-2411-FXJPPR,560 Front St W,521,M5V,Condominium,10,Spadina-Fort York
4720330,STR-2411-GMWPPT,18 Harbour St,3201,M5J,Condominium,10,Spadina-Fort York
4720331,STR-2411-HLQPPX,20 Blantyre Ave,,M1N,Single/Semi-detached House,20,Scarborough Southwest
4720332,STR-2411-HTWPPY,16 Pine Ter,,M4E,Townhouse/ Row House,19,Beaches-East York
4720333,STR-2411-JCCPPZ,1 Glenavon Rd,Upper,M6K,Duplex/Triplex/Fourplex,4,Parkdale-High Park
4720334,STR-2411-FQTBPQ,34 Gifford St,,M5A,Single/Semi-detached House,13,Toronto Centre
4720335,STR-2411-FXZBPR,21 Iceboat Ter,830,M5V,Condominium,10,Spadina-Fort York
4720336,STR-2411-GGGBPS,21 Grand Magazine St,809,M5V,Condominium,10,Spadina-Fort York
4720337,STR-2411-GPMBPT,24 Jessie Dr,,M3C,Townhouse/ Row House,16,Don Valley East
4720338,STR-2411-GWTBPV,204 Perth Ave,2,M6P,Single/Semi-detached House,9,Davenport
4720339,STR-2411-HDZBPW,33 Goswell Rd,,M9B,Single/Semi-detached House,2,Etobicoke Centre
4720340,STR-2411-HMGBPX,67 Pembroke St,,M5A,Single/Semi-detached House,13,Toronto Centre
4720341,STR-2411-JCTBPZ,124 Spencer Ave,101,M6K,Apartment,4,Parkdale-High Park
4720342,STR-2411-FRJPPQ,46 Tecumseth St,2,M5V,Duplex/Triplex/Fourplex,10,Spadina-Fort York
4720343,STR-2411-GGWPPS,96 Isabella St,36,M4Y,Apartment,13,Toronto Centre
4720344,STR-2411-GQCPPT,21 Marblehead Rd,,M9R,Single/Semi-detached House,2,Etobicoke Centre
4720345,STR-2411-GXJPPV,32 Trolley Cres,1309,M5A,Condominium,13,Toronto Centre
4720346,STR-2411-HFQPPW,333 Adelaide St E,537,M5A,Condominium,13,Toronto Centre
4720347,STR-2411-JDJPPZ,230 Queens Quay W,623,M5J,Condominium,10,Spadina-Fort York
4720348,STR-2411-FJTBPP,30 Nelson St,1803,M5V,Condominium,10,Spadina-Fort York
4720349,STR-2411-FRZBPQ,112 Springhurst Ave,1A,M6K,Duplex/Triplex/Fourplex,4,Parkdale-High Park
4720350,STR-2411-GHMBPS,372 Lippincott St,1,M5S,Single/Semi-detached House,11,University-Rosedale
4720351,STR-2411-HPMBPX,5 Northtown Way,701,M2N,Condominium,18,Willowdale
4720352,STR-2411-FKJPPP,169 Rushton Rd,,M6G,Townhouse/ Row House,12,Toronto-St. Paul's
4720353,STR-2411-HGWPPW,84 Earlscourt Ave,A,M6E,Single/Semi-detached House,9,Davenport
4720354,STR-2411-HXJPPY,46 Western Battery Rd,840,M6K,Townhouse/ Row House,10,Spadina-Fort York
4720355,STR-2411-FKZBPP,266 Carlton St,,M5A,Single/Semi-detached House,13,Toronto Centre
4720356,STR-2411-GJTBPS,128 York Mills Rd,,M2L,Single/Semi-detached House,15,Don Valley West
4720357,STR-2411-HXZBPY,20 John St,918,M5V,Condominium,10,Spadina-Fort York
4720358,STR-2411-GKJPPS,401 Montrose Ave,,M6G,Single/Semi-detached House,11,University-Rosedale
4720359,STR-2411-GLBHPT,134 Adelaide St E,302,M5C,Apartment,13,Toronto Centre
4720360,STR-2411-GTHHPV,274 Gledhill Ave,,M4C,Single/Semi-detached House,19,Beaches-East York
4720361,STR-2411-GDKVPS,151 Dan Leckie Way,1906,M5V,Apartment,10,Spadina-Fort York
4720362,STR-2411-HSRVPY,250 St Clarens Ave,1,M6H,Single/Semi-detached House,9,Davenport
4720363,STR-2411-FGHHPP,34 Saunders Ave,1,M6R,Single/Semi-detached House,4,Parkdale-High Park
4720364,STR-2411-FPPHPQ,50 Quebec Ave,1104,M6P,Condominium,4,Parkdale-High Park
4720365,STR-2411-FWVHPR,355 Lansdowne Ave,2,M6H,Duplex/Triplex/Fourplex,9,Davenport
4720366,STR-2411-GFBHPS,136 Woodbine Ave,BSMT,M4L,Townhouse/ Row House,19,Beaches-East York
4720367,STR-2411-HCVHPW,57 Westowanis Dr,,M9W,Single/Semi-detached House,1,Etobicoke North
4720368,STR-2411-JBPHPZ,14 Austin Ter,3,M5R,Duplex/Triplex/Fourplex,12,Toronto-St. Paul's
4720369,STR-2411-GMXVPT,12 York St,1111,M5J,Condominium,10,Spadina-Fort York
4720370,STR-2411-HLRVPX,101 Ascot Ave,,M6E,Single/Semi-detached House,9,Davenport
4720371,STR-2411-FQVHPQ,66 Moore Park Ave,,M2M,Single/Semi-detached House,18,Willowdale
4720372,STR-2411-GGHHPS,41 Plumrose Blvd,,M1E,Single/Semi-detached House,25,Scarborough-Rouge Park
4720373,STR-2411-GPPHPT,14 York St,3401,M5J,Condominium,10,Spadina-Fort York
4720374,STR-2411-HMHHPX,101 Peter St,3307,M5V,Condominium,10,Spadina-Fort York
4720375,STR-2411-HVPHPY,35 Kings Park Blvd,,M4J,Single/Semi-detached House,14,Toronto-Danforth
4720376,STR-2411-FRKVPQ,38 Widmer St,1106,M5V,Condominium,10,Spadina-Fort York
4720377,STR-2411-FYRVPR,99 John St,2107,M5V,Condominium,10,Spadina-Fort York
4720378,STR-2411-GGXVPS,101 Peter St,3401,M5V,Condominium,10,Spadina-Fort York
4720379,STR-2411-HMXVPX,80 Western Battery Rd,409,M6K,Condominium,10,Spadina-Fort York
4720380,STR-2411-HWDVPY,2777 Kipling Ave,1802,M9V,Apartment,1,Etobicoke North
4720381,STR-2411-JDKVPZ,19 Harjolyn Dr,,M9B,Single/Semi-detached House,3,Etobicoke-Lakeshore
4720382,STR-2411-FJVHPP,25 Donora Dr,,M4B,Single/Semi-detached House,19,Beaches-East York
4720383,STR-2411-FSBHPQ,390 Queens Quay W,1604,M5V,Apartment,10,Spadina-Fort York
4720384,STR-2411-GQVHPT,81 United Sq,,M1B,Single/Semi-detached House,25,Scarborough-Rouge Park
4720385,STR-2411-GYBHPV,204 Howard Park Ave,A,M6R,Duplex/Triplex/Fourplex,4,Parkdale-High Park
4720386,STR-2411-HGHHPW,300 Front St W,2111,M5V,Condominium,10,Spadina-Fort York
4720387,STR-2411-HPPHPX,1409 King St W,2,M6K,Duplex/Triplex/Fourplex,4,Parkdale-High Park
4720388,STR-2411-HWVHPY,382 Westmoreland Ave N,,M6H,Single/Semi-detached House,9,Davenport
4720389,STR-2411-JFBHPZ,495 Logan Ave,502,M4K,Condominium,14,Toronto-Danforth
4720390,STR-2411-FKKVPP,1263 College St,2,M6H,Single/Semi-detached House,9,Davenport
4720391,STR-2411-FZXVPR,501 St Clair Ave W,325,M5P,Condominium,12,Toronto-St. Paul's
4720392,STR-2411-GJDVPS,56 Provincetown Rd,,M1C,Single/Semi-detached House,25,Scarborough-Rouge Park
4720393,STR-2411-HGXVPW,1191 Pharmacy Ave,BSMT,M1R,Single/Semi-detached House,21,Scarborough Centre
4720394,STR-2411-HQDVPX,29 Scarboro Ave,,M1C,Single/Semi-detached House,25,Scarborough-Rouge Park
4720395,STR-2411-HXKVPY,20 Blue Jays Way,PH1,M5V,Apartment,10,Spadina-Fort York
4720396,STR-2411-FTHHPQ,215 Fort York Blvd,1906,M5V,Condominium,10,Spadina-Fort York
4720397,STR-2411-GBPHPR,14 Westchester Rd,,M6M,Single/Semi-detached House,5,York South-Weston
4720398,STR-2411-GJVHPS,12 Parkview Hts,,M1N,Single/Semi-detached House,20,Scarborough Southwest
4720399,STR-2411-GSBHPT,30 Nelson St,2807,M5V,Condominium,10,Spadina-Fort York
4720400,STR-2411-GZHHPV,628 Fleet St,3307,M5V,Condominium,10,Spadina-Fort York
4720401,STR-2411-HHPHPW,50 Bruyeres Mews,808,M5V,Condominium,10,Spadina-Fort York
4720402,STR-2411-JGHHPZ,21 Iceboat Ter,2903,M5V,Condominium,10,Spadina-Fort York
4720403,STR-2411-GCDVPR,723 Bloor St W,B,M6G,Apartment,11,University-Rosedale
4720404,STR-2411-GKKVPS,151 Dan Leckie Way,536,M5V,Condominium,10,Spadina-Fort York
4720405,STR-2411-GSRVPT,44 Poplar Ave,,M9B,Single/Semi-detached House,3,Etobicoke-Lakeshore
4720406,STR-2411-GZXVPV,505 Richmond St W,922,M5V,Apartment,10,Spadina-Fort York
4720407,STR-2411-HRKVPX,99 Foxbar Rd,1610,M4V,Condominium,12,Toronto-St. Paul's
4720408,STR-2411-FMJPPQ,32 Stewart St,402,M5V,Apartment,10,Spadina-Fort York
4720409,STR-2411-FVQPPR,30 Gloucester St,2306,M4Y,Apartment,13,Toronto Centre
4720410,STR-2411-GLCPPT,48 Marchmount Rd,1,M6G,Single/Semi-detached House,12,Toronto-St. Paul's
4720411,STR-2411-HJWPPX,167 Queen's Dr,,M9N,Single/Semi-detached House,5,York South-Weston
4720412,STR-2411-FFTBPP,25 Santa Barbara Rd,1,M2N,Single/Semi-detached House,18,Willowdale
4720413,STR-2411-FMZBPQ,6 Mountjoy Ave,,M4J,Single/Semi-detached House,14,Toronto-Danforth
4720414,STR-2411-FWGBPR,955 Bay St,2307,M5S,Condominium,13,Toronto Centre
4720415,STR-2411-GLTBPT,124 Booth Ave,2,M4M,Single/Semi-detached House,14,Toronto-Danforth
4720416,STR-2411-GTZBPV,327 King St W,1107,M5V,Condominium,10,Spadina-Fort York
4720417,STR-2411-HSTBPY,231 Fort York Blvd,812,M5V,Condominium,10,Spadina-Fort York
4720418,STR-2411-HZZBPZ,88 Queen St E,801,M5C,Condominium,13,Toronto Centre
4720419,STR-2411-FGJPPP,101 Erskine Ave,323,M4P,Condominium,15,Don Valley West
4720420,STR-2411-FWWPPR,21 Iceboat Ter,4015,M5V,Condominium,10,Spadina-Fort York
4720421,STR-2411-GMJPPT,21 Iceboat Ter,4001,M5V,Condominium,10,Spadina-Fort York
4720422,STR-2411-HLCPPX,45 Hisey Cres,1,M3N,Single/Semi-detached House,7,Humber River-Black Creek
4720423,STR-2411-FGZBPP,37 Rusholme Dr,,M6J,Single/Semi-detached House,9,Davenport
4720424,STR-2411-FQGBPQ,89 Dunfield Ave,1105,M4S,Condominium,12,Toronto-St. Paul's
4720425,STR-2411-GFTBPS,618 Conacher Dr,Basement,M2M,Single/Semi-detached House,18,Willowdale
4720426,STR-2411-GMZBPT,24 Minto St,,M4L,Single/Semi-detached House,14,Toronto-Danforth
4720427,STR-2411-GWGBPV,357 Rusholme Rd,303,M6H,Apartment,9,Davenport
4720428,STR-2411-HDMBPW,45 Dunfield Ave,512,M4S,Apartment,12,Toronto-St. Paul's
4720429,STR-2411-JCGBPZ,45 Lisgar St,306,M6J,Apartment,9,Davenport
4720430,STR-2411-GGJPPS,35 Verwood Ave,Upper,M3H,Single/Semi-detached House,6,York Centre
4720431,STR-2411-GPQPPT,22 John St,1502,M9N,Condominium,5,York South-Weston
4720432,STR-2411-HFCPPW,48 Jackson Pl,,M6P,Townhouse/ Row House,4,Parkdale-High Park
4720433,STR-2411-HMJPPX,12 Bonnycastle St,901,M5A,Condominium,10,Spadina-Fort York
4720434,STR-2411-HVQPPY,222 Elm St,808,M5T,Apartment,11,University-Rosedale
4720435,STR-2411-JCWPPZ,890 Sheppard Ave W,113,M3H,Condominium,6,York Centre
4720436,STR-2411-FJGBPP,71 Centre Ave,,M2M,Single/Semi-detached House,18,Willowdale
4720437,STR-2411-GGZBPS,151 Dan Leckie Way,358,M5V,Condominium,10,Spadina-Fort York
4720438,STR-2411-GQGBPT,388 Richmond St W,712,M5V,Condominium,10,Spadina-Fort York
4720439,STR-2411-GXMBPV,39 Niagara St,440,M5V,Apartment,10,Spadina-Fort York
4720440,STR-2411-JDMBPZ,106 Balsam Ave,,M4E,Single/Semi-detached House,19,Beaches-East York
4720441,STR-2411-FJWPPP,38 Joe Shuster Way,1903,M6K,Condominium,10,Spadina-Fort York
4720442,STR-2411-FZJPPR,26 Lauralynn Cres,Main,M1S,Single/Semi-detached House,23,Scarborough North
4720443,STR-2411-HWWPPY,121 Parkway Forest Dr,904,M2J,Apartment,17,Don Valley North
4720444,STR-2411-FSTBPQ,300 Front St W,3413,M5V,Apartment,10,Spadina-Fort York
4720445,STR-2411-GRMBPT,50 Hillsboro Ave,1104,M5R,Apartment,11,University-Rosedale
4720446,STR-2411-GYTBPV,90 Park Lawn Rd,3007,M8Y,Condominium,3,Etobicoke-Lakeshore
4720447,STR-2411-HQGBPX,65 Bremner Blvd,1801,M5J,Condominium,10,Spadina-Fort York
4720448,STR-2411-GBQPPR,336 Sammon Ave,,M4J,Single/Semi-detached House,14,Toronto-Danforth
4720449,STR-2411-HHQPPW,322 Guildwood Pkwy,,M1E,Single/Semi-detached House,24,Scarborough-Guildwood
4720450,STR-2411-HQWPPX,870 Dundas St W,A,M6J,Duplex/Triplex/Fourplex,11,University-Rosedale
4720451,STR-2411-HYCPPY,628 Fleet St,230,M5V,Condominium,10,Spadina-Fort York
4720452,STR-2411-GSTBPT,25 Martha Eaton Way,2413,M6M,Apartment,5,York South-Weston
4720453,STR-2411-GZZBPV,2150 Lawrence Ave E,1709,M1R,Condominium,21,Scarborough Centre
4720454,STR-2411-HJGBPW,82 Snider Ave,,M6E,Townhouse/ Row House,8,Eglinton-Lawrence
4720455,STR-2411-HRMBPX,20 Blue Jays Way,1921,M5V,Condominium,10,Spadina-Fort York
4720456,STR-2411-JGZBPZ,921 College St,1,M6H,Apartment,9,Davenport
4720457,STR-2411-FLVLBQ,955 Bay St,1401,M5S,Condominium,13,Toronto Centre
4720458,STR-2412-GWBLBV,170 Argyle St,C,M6J,Single/Semi-detached House,9,Davenport
4720459,STR-2411-GKPLBT,165 Legion Rd N,1828,M8Y,Condominium,3,Etobicoke-Lakeshore
4720460,STR-2411-GSVLBV,600 Fleet St,2208,M5V,Condominium,10,Spadina-Fort York
4720461,STR-2411-HBBLBW,30 Fallowfield Rd,,M9W,Single/Semi-detached House,1,Etobicoke North
4720462,STR-2411-HJHLBX,168 Simcoe St,805,M5H,Condominium,10,Spadina-Fort York
4720463,STR-2411-HRPLBY,30 Shore Breeze Dr,529,M8V,Condominium,3,Etobicoke-Lakeshore
4720464,STR-2411-FMKYBQ,210 Victoria St,2610,M5B,Condominium,13,Toronto Centre
4720465,STR-2411-GCXYBS,375 King St W,2508,M5V,Condominium,10,Spadina-Fort York
4720466,STR-2411-GLDYBT,91 Joseph Duggan Rd,,M4L,Single/Semi-detached House,19,Beaches-East York
4720467,STR-2411-GTKYBV,435 Margueretta St,,M6H,Single/Semi-detached House,9,Davenport
4720468,STR-2411-HBRYBW,11 Lillian St,303,M4S,Condominium,12,Toronto-St. Paul's
4720469,STR-2411-HJXYBX,477 Richmond St W,602,M5V,Condominium,10,Spadina-Fort York
4720470,STR-2411-HSDYBY,350 Wellington St W,M12,M5V,Condominium,10,Spadina-Fort York
4720471,STR-2411-FFVLBP,34 Western Battery Rd,409,M6K,Townhouse/ Row House,10,Spadina-Fort York
4720472,STR-2411-FPBLBQ,1108 Ossington Ave,,M6G,Single/Semi-detached House,9,Davenport
4720473,STR-2411-FWHLBR,231 Fort York Blvd,1305,M5V,Condominium,10,Spadina-Fort York
4720474,STR-2411-GDPLBS,40 Delisle Ave,708,M4V,Apartment,12,Toronto-St. Paul's
4720475,STR-2411-GVBLBV,215 Queen St W,2102,M5V,Condominium,10,Spadina-Fort York
4720476,STR-2411-HCHLBW,271 Concord Ave,,M6H,Duplex/Triplex/Fourplex,9,Davenport
4720477,STR-2411-HKPLBX,18 Graydon Hall Dr,1410,M3A,Condominium,16,Don Valley East
4720478,STR-2411-HSVLBY,1 Haslett Ave,,M4L,Single/Semi-detached House,19,Beaches-East York
4720479,STR-2411-JBBLBZ,20 Gladstone Ave,414,M6J,Condominium,9,Davenport
4720480,STR-2411-FGKYBP,465 Shaw St,B,M6G,Single/Semi-detached House,11,University-Rosedale
4720481,STR-2411-FWXYBR,3 Crewe Ave,,M4C,Single/Semi-detached House,19,Beaches-East York
4720482,STR-2411-GMKYBT,62 Cordella Ave,,M6N,Single/Semi-detached House,5,York South-Weston
4720483,STR-2411-GVRYBV,1968 Bloor St W,9,M6P,Townhouse/ Row House,4,Parkdale-High Park
4720484,STR-2411-HLDYBX,300 Front St W,2904,M5V,Condominium,10,Spadina-Fort York
4720485,STR-2411-JBRYBZ,172 Royal York Rd,,M8V,Single/Semi-detached House,3,Etobicoke-Lakeshore
4720486,STR-2411-FQHLBQ,1243 Weston Rd,Main,M6M,Townhouse/ Row House,5,York South-Weston
4720487,STR-2411-FXPLBR,270 Wellington St W,421,M5V,Condominium,10,Spadina-Fort York
4720488,STR-2411-GWHLBV,1547 Queen St W,,M6R,Single/Semi-detached House,4,Parkdale-High Park
4720489,STR-2411-HLVLBX,432 Heath St E,,M4G,Single/Semi-detached House,15,Don Valley West
4720490,STR-2411-JCHLBZ,5 Donofree Rd,,M6L,Single/Semi-detached House,5,York South-Weston
4720491,STR-2411-FHRYBP,79 Greenbrook Dr,,M6M,Single/Semi-detached House,5,York South-Weston
4720492,STR-2411-GPRYBT,800 Shaw St,1,M6G,Single/Semi-detached House,11,University-Rosedale
4720493,STR-2411-GWXYBV,45 Sousa Mendes St,102,M6P,Condominium,9,Davenport
4720494,STR-2411-HFDYBW,360 Melrose St,,M8Z,Single/Semi-detached House,3,Etobicoke-Lakeshore
4720495,STR-2411-HMKYBX,209 Fort York Blvd,1059,M5V,Condominium,10,Spadina-Fort York
4720496,STR-2411-JCXYBZ,19 Hiawatha Rd,,M4L,Single/Semi-detached House,14,Toronto-Danforth
4720497,STR-2411-FJHLBP,6 Foxdale Crt,,M2K,Single/Semi-detached House,17,Don Valley North
4720498,STR-2411-HFVLBW,43 Kennedy Ave,,M6S,Single/Semi-detached House,4,Parkdale-High Park
4720499,STR-2411-HWHLBY,75 Sloping Sky Mews,2,M5V,Condominium,10,Spadina-Fort York
4720500,STR-2411-JDPLBZ,28 Linden St,603,M4Y,Condominium,13,Toronto Centre
4720501,STR-2411-FJXYBP,15 Bruyeres Mews,508,M5V,Condominium,10,Spadina-Fort York
4720502,STR-2411-FZKYBR,20 Bruyeres Mews,1607,M5V,Condominium,10,Spadina-Fort York
4720503,STR-2411-GHRYBS,173 Edmonton Dr,,M2J,Single/Semi-detached House,17,Don Valley North
4720504,STR-2411-GQXYBT,99 John St,905,M5V,Condominium,10,Spadina-Fort York
4720505,STR-2411-HPRYBX,4 Lindsey Ave,,M6H,Single/Semi-detached House,9,Davenport
4720506,STR-2411-FKPLBP,14 York St,3905,M5J,Condominium,10,Spadina-Fort York
4720507,STR-2411-GBBLBR,46 Borden St,,M5S,Single/Semi-detached House,11,University-Rosedale
4720508,STR-2411-GJHLBS,202 Queensdale Ave,,M4C,Single/Semi-detached House,19,Beaches-East York
4720509,STR-2411-GRPLBT,28 Minto St,,M4L,Single/Semi-detached House,14,Toronto-Danforth
4720510,STR-2411-HHBLBW,20 Blue Jays Way,820,M5V,Apartment,10,Spadina-Fort York
4720511,STR-2411-HXPLBY,473 Dupont St,6,M6G,Condominium,11,University-Rosedale
4720512,STR-2411-FLDYBP,78 Eastville Ave,,M1M,Single/Semi-detached House,20,Scarborough Southwest
4720513,STR-2411-GJXYBS,20 John St,223,M5V,Condominium,10,Spadina-Fort York
4720514,STR-2411-GSDYBT,14 York St,6004,M5J,Condominium,10,Spadina-Fort York
4720515,STR-2411-GZKYBV,6 Allegrezza Crt,,M6A,Single/Semi-detached House,8,Eglinton-Lawrence
4720516,STR-2411-HQXYBX,83 Brickworks Lane,,M6N,Townhouse/ Row House,5,York South-Weston
4720517,STR-2411-JGKYBZ,30 Hillsboro Ave,1008,M5R,Apartment,11,University-Rosedale
4720518,STR-2411-FDQSBP,1043 Gerrard St E,2,M4M,Apartment,14,Toronto-Danforth
4720519,STR-2411-FLWSBQ,42 Arnold Ave,,M5A,Single/Semi-detached House,13,Toronto Centre
4720520,STR-2411-FVCSBR,355 Lansdowne Ave,1,M6H,Duplex/Triplex/Fourplex,9,Davenport
4720521,STR-2411-GCJSBS,14 York St,2801,M5J,Condominium,10,Spadina-Fort York
4720522,STR-2411-GKQSBT,343 Manor Rd E,,M4S,Single/Semi-detached House,15,Don Valley West
4720523,STR-2411-GSWSBV,210 Kingsdale Ave,,M2N,Single/Semi-detached House,18,Willowdale
4720524,STR-2411-HBCSBW,48A St Georges Blvd,,M9R,Single/Semi-detached House,1,Etobicoke North
4720525,STR-2411-HRQSBY,21 Iceboat Ter,3007,M5V,Condominium,10,Spadina-Fort York
4720526,STR-2411-FFGFBP,38 Widmer St,1806,M5V,Condominium,10,Spadina-Fort York
4720527,STR-2411-FMMFBQ,99 John St,3807,M5V,Condominium,10,Spadina-Fort York
4720528,STR-2411-FVTFBR,101 Peter St,410,M5V,Condominium,10,Spadina-Fort York
4720529,STR-2411-GTMFBV,17 Eaton Park Lane,28,M1W,Townhouse/ Row House,22,Scarborough-Agincourt
4720530,STR-2411-HSGFBY,36 Lisgar St,901,M6J,Condominium,9,Davenport
4720531,STR-2411-FFWSBP,139 Victor Ave,,M4K,Single/Semi-detached House,14,Toronto-Danforth
4720532,STR-2411-FPCSBQ,300 Front St W,3508,M5V,Condominium,10,Spadina-Fort York
4720533,STR-2411-FWJSBR,145 Wolseley St,,M6J,Townhouse/ Row House,10,Spadina-Fort York
4720534,STR-2411-GDQSBS,135 Maitland St,204,M4Y,Condominium,13,Toronto Centre
4720535,STR-2411-GLWSBT,251 Jarvis St,3413,M5B,Condominium,13,Toronto Centre
4720536,STR-2411-HSWSBY,381 Front St W,810,M5V,Condominium,10,Spadina-Fort York
4720537,STR-2411-JBCSBZ,10 Willison Sq,911,M5T,Condominium,10,Spadina-Fort York
4720538,STR-2411-FGMFBP,832 Bay St,1507,M5S,Condominium,11,University-Rosedale
4720539,STR-2411-FPTFBQ,318 Richmond St W,417,M5V,Condominium,10,Spadina-Fort York
4720540,STR-2411-GFGFBS,103 West Lodge Ave,1811,M6K,Apartment,4,Parkdale-High Park
4720541,STR-2411-GMMFBT,37 Grosvenor St,2003,M4Y,Condominium,13,Toronto Centre
4720542,STR-2411-HCZFBW,151 Royal York Rd,Main,M8V,Single/Semi-detached House,3,Etobicoke-Lakeshore
4720543,STR-2411-FHCSBP,55 Wyndcliff Cres,,M4A,Single/Semi-detached House,16,Don Valley East
4720544,STR-2411-FXQSBR,832 Bay St,1209,M5S,Condominium,11,University-Rosedale
4720545,STR-2411-GFWSBS,55 Bremner Blvd,2607,M5J,Condominium,10,Spadina-Fort York
4720546,STR-2411-GPCSBT,67 Grierson Rd,B,M9W,Duplex/Triplex/Fourplex,1,Etobicoke North
4720547,STR-2411-GWJSBV,251 Jarvis St,1119,M5B,Condominium,13,Toronto Centre
4720548,STR-2411-HDQSBW,56 Fennings St,,M6J,Duplex/Triplex/Fourplex,10,Spadina-Fort York
4720549,STR-2411-HLWSBX,51 Patrick Blvd,,M2J,Single/Semi-detached House,17,Don Valley North
4720550,STR-2411-FHTFBP,12 York St,3907,M5J,Condominium,10,Spadina-Fort York
4720551,STR-2411-FQZFBQ,300 Front St W,2202,M5V,Condominium,10,Spadina-Fort York
4720552,STR-2411-FYGFBR,24 Plaxton Dr,,M4B,Single/Semi-detached House,19,Beaches-East York
4720553,STR-2411-GGMFBS,39 Glenborough Park Cres,,M2R,Single/Semi-detached House,18,Willowdale
4720554,STR-2411-GPTFBT,20 Inn on The Park Dr,2132,M3C,Condominium,16,Don Valley East
4720555,STR-2411-GWZFBV,60 Flamborough Dr,,M6M,Single/Semi-detached House,5,York South-Weston
4720556,STR-2411-HVTFBY,97 Steeles Ave E,,M2M,Single/Semi-detached House,18,Willowdale
4720557,STR-2411-FJJSBP,251 Jarvis St,3601,M5B,Apartment,13,Toronto Centre
4720558,STR-2411-FRQSBQ,131 Bloor St W,1014,M5S,Apartment,11,University-Rosedale
4720559,STR-2411-GHCSBS,26 Belgate Pl,,M9C,Single/Semi-detached House,2,Etobicoke Centre
4720560,STR-2411-HPCSBX,46 Western Battery Rd,810,M6K,Condominium,10,Spadina-Fort York
4720561,STR-2411-HWJSBY,94 Garnet Ave,LNHS,M6G,Single/Semi-detached House,11,University-Rosedale
4720562,STR-2411-JDQSBZ,21 Iceboat Ter,4002,M5V,Condominium,10,Spadina-Fort York
4720563,STR-2411-FJZFBP,210 Victoria St,3303,M5B,Condominium,13,Toronto Centre
4720564,STR-2411-FSGFBQ,11 Ordnance St,319,M6K,Condominium,10,Spadina-Fort York
4720565,STR-2411-GQZFBT,50 John St,903,M5V,Apartment,10,Spadina-Fort York
4720566,STR-2411-GYGFBV,219 Fort York Blvd,702,M5V,Condominium,10,Spadina-Fort York
4720567,STR-2411-HGMFBW,40 McGill St,,M5B,Single/Semi-detached House,13,Toronto Centre
4720568,STR-2411-FKQSBP,35 Balmuto St,704,M4Y,Condominium,11,University-Rosedale
4720569,STR-2411-FSWSBQ,99 John St,2708,M5V,Condominium,10,Spadina-Fort York
4720570,STR-2411-GBCSBR,832 Bay St,3008,M5S,Condominium,11,University-Rosedale
4720571,STR-2411-GRQSBT,155 Yorkville Ave,704,M5R,Condominium,11,University-Rosedale
4720572,STR-2411-HHCSBW,39 Gentian Dr,2,M9C,Single/Semi-detached House,2,Etobicoke Centre
4720573,STR-2411-JFWSBZ,112 George St,1404,M5A,Condominium,13,Toronto Centre
4720574,STR-2411-HHTFBW,219 Fort York Blvd,807,M5V,Condominium,10,Spadina-Fort York
4720575,STR-2411-HQZFBX,36 Park Lawn Rd,702,M8V,Condominium,3,Etobicoke-Lakeshore
4720576,STR-2411-HYGFBY,4 Goulden Cres,,M1L,Duplex/Triplex/Fourplex,20,Scarborough Southwest
4720577,STR-2411-FDRYBP,1282 Davenport Rd,3,M6H,Duplex/Triplex/Fourplex,9,Davenport
4720578,STR-2411-FLXYBQ,202 Hillcrest Ave,,M2N,Single/Semi-detached House,18,Willowdale
4720579,STR-2411-FVDYBR,1420 Dupont St,1310,M6H,Condominium,9,Davenport
4720580,STR-2411-GCKYBS,96 Jenkinson Way,,M1P,Townhouse/ Row House,21,Scarborough Centre
4720581,STR-2411-GKRYBT,54 Beacham Cres,,M1T,Single/Semi-detached House,22,Scarborough-Agincourt
4720582,STR-2411-GSXYBV,2 Augusta Ave,1503,M5V,Condominium,10,Spadina-Fort York
4720583,STR-2411-HBDYBW,89 Dunfield Ave,3205,M4S,Condominium,12,Toronto-St. Paul's
4720584,STR-2411-HJKYBX,53 Kensington Ave,,M5T,Apartment,11,University-Rosedale
4720585,STR-2411-HRRYBY,89 Dunfield Ave,1809,M4S,Condominium,12,Toronto-St. Paul's
4720586,STR-2411-FVVLBR,14 Montye ave,Bsmt,M6S,Duplex/Triplex/Fourplex,4,Parkdale-High Park
4720587,STR-2411-HBVLBW,18 Maitland Ter,2101,M4Y,Condominium,13,Toronto Centre
4720588,STR-2411-FFXYBP,28 Wellesley St E,909,M4Y,Condominium,13,Toronto Centre
4720589,STR-2411-FPDYBQ,381 Mortimer Ave,,M4J,Single/Semi-detached House,14,Toronto-Danforth
4720590,STR-2411-FWKYBR,140 Simcoe St,919,M5H,Condominium,10,Spadina-Fort York
4720591,STR-2411-GDRYBS,151 Dan Leckie Way,2308,M5V,Condominium,10,Spadina-Fort York
4720592,STR-2411-GLXYBT,21 Iceboat Ter,4011,M5V,Condominium,10,Spadina-Fort York
4720593,STR-2411-GVDYBV,2 Anndale Dr,3004,M2N,Condominium,18,Willowdale
4720594,STR-2411-HCKYBW,386 Montrose Ave,,M6G,Single/Semi-detached House,11,University-Rosedale
4720595,STR-2501-HWDYBY,158 Symington Ave,,M6P,Single/Semi-detached House,9,Davenport
4720596,STR-2411-FGPLBP,101 Peter St,3007,M5V,Condominium,10,Spadina-Fort York
4720597,STR-2412-GFHLBS,14 York St,6111,M5J,Condominium,10,Spadina-Fort York
4720598,STR-2412-GVVLBV,78 Glen Manor Dr,Upper,M4E,Duplex/Triplex/Fourplex,19,Beaches-East York
4720599,STR-2412-HDBLBW,100 Harbour St,6005,M5J,Condominium,10,Spadina-Fort York
4720600,STR-2412-HLHLBX,151 Dan Leckie Way,1603,M5V,Condominium,10,Spadina-Fort York
4720601,STR-2412-HTPLBY,28 Linden St,2708,M4Y,Condominium,13,Toronto Centre
4720602,STR-2412-FHDYBP,53 Jersey Ave,,M6G,Single/Semi-detached House,11,University-Rosedale
4720603,STR-2412-FQKYBQ,130 Springhurst Ave,Upper,M6K,Duplex/Triplex/Fourplex,4,Parkdale-High Park
4720604,STR-2412-FXRYBR,149 Silver Birch Ave,,M4E,Single/Semi-detached House,19,Beaches-East York
4720605,STR-2412-GPDYBT,20 Lisburn Cres,,M2J,Single/Semi-detached House,17,Don Valley North
4720606,STR-2412-HLXYBX,550 Yonge St,2,M4Y,Apartment,13,Toronto Centre
4720607,STR-2412-HVDYBY,84 Glengrove Ave W,,M4R,Single/Semi-detached House,8,Eglinton-Lawrence
4720608,STR-2412-FHVLBP,500 Doris Ave,1221,M2N,Condominium,18,Willowdale
4720609,STR-2412-FYHLBR,19 Glenaden Ave E,,M8Y,Single/Semi-detached House,3,Etobicoke-Lakeshore
4720610,STR-2412-GGPLBS,80 Berkinshaw Cres,,M3B,Single/Semi-detached House,16,Don Valley East
4720611,STR-2412-GPVLBT,14 York St,5706,M5J,Condominium,10,Spadina-Fort York
4720612,STR-2412-GXBLBV,55 Bremner Blvd,4005,M5J,Condominium,10,Spadina-Fort York
4720613,STR-2412-HFHLBW,101 Ivy Ave,,M4L,Single/Semi-detached House,14,Toronto-Danforth
4720614,STR-2412-HVVLBY,106 Fort York Blvd,G06,M5V,Condominium,10,Spadina-Fort York
4720615,STR-2412-JDBLBZ,5 Ashby Pl,,M5A,Townhouse/ Row House,13,Toronto Centre
4720616,STR-2412-FRRYBQ,832 Bay St,1001,M5S,Condominium,11,University-Rosedale
4720617,STR-2412-FYXYBR,600 Fleet St,1202,M5V,Condominium,10,Spadina-Fort York
4720618,STR-2412-GHDYBS,251 Jarvis St,2614,M5B,Condominium,13,Toronto Centre
4720619,STR-2412-GQKYBT,52 Holmes Ave,7,M2N,Townhouse/ Row House,18,Willowdale
4720620,STR-2412-GXRYBV,27 Portage Ave,,M9N,Single/Semi-detached House,5,York South-Weston
4720621,STR-2412-HPDYBX,169 QUEEN ST E,5,M5A,Apartment,13,Toronto Centre
4720622,STR-2412-HWKYBY,30 Shore Breeze Dr,440,M8V,Condominium,3,Etobicoke-Lakeshore
4720623,STR-2412-JDRYBZ,133 Mavety St,,M6P,Single/Semi-detached House,4,Parkdale-High Park
4720624,STR-2412-FKBLBP,90 Lake Shore Dr,,M8V,Single/Semi-detached House,3,Etobicoke-Lakeshore
4720625,STR-2412-FSHLBQ,300 Front St W,608,M5V,Condominium,10,Spadina-Fort York
4720626,STR-2412-FZPLBR,5 Zappacosta Dr,1604,M9M,Apartment,7,Humber River-Black Creek
4720627,STR-2412-GHVLBS,3 Chiswick Ave,,M6M,Single/Semi-detached House,5,York South-Weston
4720628,STR-2412-GRBLBT,890 Mount Pleasant Rd,2004,M4P,Apartment,12,Toronto-St. Paul's
4720629,STR-2412-HGPLBW,175 Cumberland St,1004,M5R,Condominium,11,University-Rosedale
4720630,STR-2412-HPVLBX,35 Balmuto St,1803,M4Y,Condominium,11,University-Rosedale
4720631,STR-2412-HXBLBY,16 Yonge St,1801,M5E,Condominium,10,Spadina-Fort York
4720632,STR-2412-JFHLBZ,600 Fleet St,2307,M5V,Condominium,10,Spadina-Fort York
4720633,STR-2412-FKRYBP,99 John St,3304,M5V,Condominium,10,Spadina-Fort York
4720634,STR-2412-GBDYBR,101 Peter St,903,M5V,Condominium,10,Spadina-Fort York
4720635,STR-2412-GRRYBT,141 Davisville Ave,1404,M4S,Apartment,12,Toronto-St. Paul's
4720636,STR-2412-GYXYBV,221 Sterling Rd,9,M6R,Apartment,9,Davenport
4720637,STR-2412-HQKYBX,25 Duffield Rd,,M9P,Single/Semi-detached House,2,Etobicoke Centre
4720638,STR-2412-HXRYBY,16 Wedgeport Pl,,M2N,Single/Semi-detached House,18,Willowdale
4720639,STR-2412-JFXYBZ,38 Dan Leckie Way,608,M5V,Condominium,10,Spadina-Fort York
4720640,STR-2412-FTPLBQ,121 St Patrick St,1626,M5T,Condominium,10,Spadina-Fort York
4720641,STR-2412-GKBLBS,117 Chipwood Cres,,M2J,Single/Semi-detached House,17,Don Valley North
4720642,STR-2412-GSHLBT,38A Craiglee Dr,,M1N,Single/Semi-detached House,20,Scarborough Southwest
4720643,STR-2412-GZPLBV,20 Blue Jays Way,501,M5V,Apartment,10,Spadina-Fort York
4720644,STR-2412-HHVLBW,46 Western Battery Rd,807,M6K,Townhouse/ Row House,10,Spadina-Fort York
4720645,STR-2412-HYHLBY,316 Churchill Ave,,M2R,Single/Semi-detached House,18,Willowdale
4720646,STR-2412-JGPLBZ,49 East Liberty St,1705,M6K,Condominium,10,Spadina-Fort York
4720647,STR-2412-FLZFBQ,24 Hines Dr,,M2H,Single/Semi-detached House,17,Don Valley North
4720648,STR-2412-FVGFBR,14 York St,4610,M5J,Condominium,10,Spadina-Fort York
4720649,STR-2412-GCMFBS,151 Dan Leckie Way,246,M5V,Condominium,10,Spadina-Fort York
4720650,STR-2412-GKTFBT,195 McCaul St,511,M5T,Condominium,11,University-Rosedale
4720651,STR-2412-GSZFBV,321 King St W,3502,M5V,Condominium,10,Spadina-Fort York
4720652,STR-2412-HBGFBW,3 Everson Dr,220,M2N,Condominium,18,Willowdale
4720653,STR-2412-HRTFBY,25 Cardell Ave,,M9N,Single/Semi-detached House,5,York South-Weston
4720654,STR-2412-FMQSBQ,11 Amos Cres,,M3H,Single/Semi-detached House,6,York Centre
4720655,STR-2412-GDCSBS,57 Frederick Tisdale Dr,,M3K,Townhouse/ Row House,6,York Centre
4720656,STR-2412-GTQSBV,185 Bethany Leigh Dr,,M1V,Single/Semi-detached House,23,Scarborough North
4720657,STR-2412-HBWSBW,67 Rushley Dr,,M1P,Single/Semi-detached House,21,Scarborough Centre
4720658,STR-2412-HKCSBX,12 Glenavon Rd,1B,M6K,Duplex/Triplex/Fourplex,4,Parkdale-High Park
4720659,STR-2412-HSJSBY,43 Cotman Cres,,M9B,Single/Semi-detached House,2,Etobicoke Centre
4720660,STR-2412-HZQSBZ,151 Dan Leckie Way,2010,M5V,Condominium,10,Spadina-Fort York
4720661,STR-2412-FPGFBQ,97 Ranee Ave,,M6A,Single/Semi-detached House,8,Eglinton-Lawrence
4720662,STR-2412-FWMFBR,34 Ashbury Ave,,M6E,Single/Semi-detached House,12,Toronto-St. Paul's
4720663,STR-2412-GLZFBT,338 Coxwell Ave,,M4L,Single/Semi-detached House,14,Toronto-Danforth
4720664,STR-2412-HSZFBY,6 Gleneita St,Basement,M1M,Single/Semi-detached House,20,Scarborough Southwest
4720665,STR-2412-JBGFBZ,28 Olive Ave,PH 10,M2N,Apartment,18,Willowdale
4720666,STR-2412-FXCSBR,251 Jarvis St,1804,M5B,Condominium,13,Toronto Centre
4720667,STR-2412-GFJSBS,509 Beecroft Rd,1705,M2N,Condominium,18,Willowdale
4720668,STR-2412-GMQSBT,832 Bay St,2909,M5S,Condominium,11,University-Rosedale
4720669,STR-2412-GVWSBV,479 Glengarry Ave,,M5M,Single/Semi-detached House,8,Eglinton-Lawrence
4720670,STR-2412-HDCSBW,135 Marlee Ave,1005,M6B,Apartment,8,Eglinton-Lawrence
4720671,STR-2412-HLJSBX,88 Queen St E,915,M5C,Condominium,13,Toronto Centre
4720672,STR-2412-JBWSBZ,19 Irvington Cres,,M2N,Single/Semi-detached House,18,Willowdale
4720673,STR-2412-FHGFBP,1029 Dovercourt Rd,,M6H,Single/Semi-detached House,9,Davenport
4720674,STR-2412-FXTFBR,15 Grove Ave,Main,M6J,Single/Semi-detached House,10,Spadina-Fort York
4720675,STR-2412-GFZFBS,179 Livingstone Ave,,M6E,Single/Semi-detached House,8,Eglinton-Lawrence
4720676,STR-2412-GPGFBT,251 Jarvis St,1718,M5B,Condominium,13,Toronto Centre
4720677,STR-2412-GWMFBV,361 Mount Pleasant Rd,2,M4T,Duplex/Triplex/Fourplex,11,University-Rosedale
4720678,STR-2412-HDTFBW,130 River St,2803,M5A,Condominium,13,Toronto Centre
4720679,STR-2412-HLZFBX,20 John St,717,M5V,Condominium,10,Spadina-Fort York
4720680,STR-2412-JCMFBZ,9 Gloaming Dr,,M1E,Single/Semi-detached House,24,Scarborough-Guildwood
4720681,STR-2412-FHWSBP,5 Zappacosta Dr,1301,M9M,Condominium,7,Humber River-Black Creek
4720682,STR-2412-FRCSBQ,300 Front St W,305,M5V,Condominium,10,Spadina-Fort York
4720683,STR-2412-FYJSBR,732 Logan Ave,,M4K,Single/Semi-detached House,14,Toronto-Danforth
4720684,STR-2412-GXCSBV,391 Willowdale Ave,,M2N,Single/Semi-detached House,18,Willowdale
4720685,STR-2412-HFJSBW,650 Parliament St,708,M4X,Apartment,13,Toronto Centre
4720686,STR-2412-HMQSBX,1374 Woodbine Ave,,M4C,Single/Semi-detached House,19,Beaches-East York
4720687,STR-2412-HVWSBY,244 Gerrard St E,PH,M5A,Townhouse/ Row House,13,Toronto Centre
4720688,STR-2412-JDCSBZ,1236 Gerrard St E,,M4L,Single/Semi-detached House,14,Toronto-Danforth
4720689,STR-2412-FRTFBQ,560 Front St W,1231,M5V,Condominium,10,Spadina-Fort York
4720690,STR-2412-FYZFBR,33 Wood St,1505,M4Y,Apartment,13,Toronto Centre
4720691,STR-2412-GQMFBT,300 Front St W,908,M5V,Condominium,10,Spadina-Fort York
4720692,STR-2412-GXTFBV,56 Glendale Ave,,M6R,Single/Semi-detached House,4,Parkdale-High Park
4720693,STR-2412-HPGFBX,15 Bruyeres Mews,602,M5V,Condominium,10,Spadina-Fort York
4720694,STR-2412-HWMFBY,155 Yorkville Ave,2720,M5R,Condominium,11,University-Rosedale
4720695,STR-2412-JDTFBZ,61 Samba Dr,,M9M,Single/Semi-detached House,7,Humber River-Black Creek
4720696,STR-2412-FKCSBP,2300 St Clair Ave W,115,M6N,Condominium,5,York South-Weston
4720697,STR-2412-FSJSBQ,11 Niagara St,36,M5V,Townhouse/ Row House,10,Spadina-Fort York
4720698,STR-2412-FZQSBR,1284 Danforth Rd,620,M1J,Apartment,21,Scarborough Centre
4720699,STR-2412-GHWSBS,65 Bremner Blvd,1701,M5J,Condominium,10,Spadina-Fort York
4720700,STR-2412-GYJSBV,448A Midland Ave,,M1N,Single/Semi-detached House,20,Scarborough Southwest
4720701,STR-2412-HGQSBW,570 Bay St,210,M5G,Condominium,10,Spadina-Fort York
4720702,STR-2412-HPWSBX,251 Jarvis St,4909,M5B,Condominium,13,Toronto Centre
4720703,STR-2412-HXCSBY,628 Fleet St,332,M5V,Condominium,10,Spadina-Fort York
4720704,STR-2412-JFJSBZ,373 Front St W,1610,M5V,Condominium,10,Spadina-Fort York
4720705,STR-2412-FKTFBP,250 Wellington St W,635,M5V,Condominium,10,Spadina-Fort York
4720706,STR-2412-FSZFBQ,15 Bruyeres Mews,1407,M5V,Condominium,10,Spadina-Fort York
4720707,STR-2412-GJMFBS,99 John St,2602,M5V,Condominium,10,Spadina-Fort York
4720708,STR-2412-GRTFBT,600 Fleet St,2102,M5V,Condominium,10,Spadina-Fort York
4720709,STR-2412-GYZFBV,300 Front St W,1004,M5V,Condominium,10,Spadina-Fort York
4720710,STR-2412-HHGFBW,20 Bruyeres Mews,1202,M5V,Condominium,10,Spadina-Fort York
4720711,STR-2412-HXTFBY,4725 Sheppard Ave E,1110,M1S,Condominium,23,Scarborough North
4720712,STR-2412-JFZFBZ,61 Squires Ave,,M4B,Single/Semi-detached House,19,Beaches-East York
4720713,STR-2412-FTQSBQ,37 Araman Dr,,M1T,Single/Semi-detached House,22,Scarborough-Agincourt
4720714,STR-2412-GBWSBR,44 Charles St W,3904,M4Y,Apartment,11,University-Rosedale
4720715,STR-2502-GYTFBV,25 Day Ave,,M6E,Single/Semi-detached House,9,Davenport
4720716,STR-2412-GVXYBV,1758 Queen St E,,M4L,Single/Semi-detached House,19,Beaches-East York
4720717,STR-2412-GZQSBV,832 Bay St,2210,M5S,Condominium,11,University-Rosedale
4720718,STR-2412-HHWSBW,955 Bay St,714,M5S,Condominium,13,Toronto Centre
4720719,STR-2412-HRCSBX,36 Park Lawn Rd,3905,M8V,Apartment,3,Etobicoke-Lakeshore
4720720,STR-2412-HYJSBY,79 Seaton St,,M5A,Single/Semi-detached House,13,Toronto Centre
4720721,STR-2412-FDVLBP,313 Harbord St,1,M6G,Duplex/Triplex/Fourplex,11,University-Rosedale
4720722,STR-2412-FMBLBQ,830 Lawrence Ave W,2211,M6A,Condominium,8,Eglinton-Lawrence
4720723,STR-2412-FVHLBR,397 Front St W,2609,M5V,Condominium,10,Spadina-Fort York
4720724,STR-2412-GCPLBS,628 Fleet St,1413,M5V,Condominium,10,Spadina-Fort York
4720725,STR-2412-GKVLBT,600 Fleet St,1006,M5V,Condominium,10,Spadina-Fort York
4720726,STR-2412-GTBLBV,99 John St,1705,M5V,Condominium,10,Spadina-Fort York
4720727,STR-2412-HJPLBX,20 Bruyeres Mews,518,M5V,Condominium,10,Spadina-Fort York
4720728,STR-2412-HRVLBY,300 Front St W,1411,M5V,Condominium,10,Spadina-Fort York
4720729,STR-2412-HZBLBZ,9 Gladsmore Cres,,M9W,Single/Semi-detached House,1,Etobicoke North
4720730,STR-2412-FFKYBP,18 Yonge St,1214,M5E,Condominium,10,Spadina-Fort York
4720731,STR-2412-FMRYBQ,300 Front St W,2811,M5V,Condominium,10,Spadina-Fort York
4720732,STR-2412-FVXYBR,99 John St,2007,M5V,Condominium,10,Spadina-Fort York
4720733,STR-2412-GDDYBS,15 Bruyeres Mews,1206,M5V,Condominium,10,Spadina-Fort York
4720734,STR-2412-GLKYBT,628 Fleet St,803,M5V,Condominium,10,Spadina-Fort York
4720735,STR-2412-HSKYBY,381 Front St W,1609,M5V,Condominium,10,Spadina-Fort York
4720736,STR-2412-HZRYBZ,177 Mutual St,302,M5B,Apartment,13,Toronto Centre
4720737,STR-2412-FGBLBP,249 Quebec Ave,,M6P,Single/Semi-detached House,4,Parkdale-High Park
4720738,STR-2412-FWPLBR,24 Noble St,510,M6K,Condominium,4,Parkdale-High Park
4720739,STR-2412-GMBLBT,231 Fort York Blvd,1019,M5V,Condominium,10,Spadina-Fort York
4720740,STR-2412-HCPLBW,140 Simcoe St,1622,M5H,Condominium,10,Spadina-Fort York
4720741,STR-2412-HTBLBY,955 Bay St,321,M5S,Condominium,13,Toronto Centre
4720742,STR-2412-FGRYBP,18 Harbour St,2209,M5J,Condominium,10,Spadina-Fort York
4720743,STR-2412-FPXYBQ,270 Davenport Rd,7,M5R,Townhouse/ Row House,11,University-Rosedale
4720744,STR-2412-FXDYBR,54 Poulett St,,M5A,Townhouse/ Row House,13,Toronto Centre
4720745,STR-2412-GFKYBS,30 Grand Trunk Cres,2705,M5J,Condominium,10,Spadina-Fort York
4720746,STR-2412-GMRYBT,77 Pine Crest Rd,,M6P,Single/Semi-detached House,4,Parkdale-High Park
4720747,STR-2412-HDDYBW,99 John St,804,M5V,Condominium,10,Spadina-Fort York
4720748,STR-2412-HTRYBY,2464 Weston Rd,704,M9N,Apartment,5,York South-Weston
4720749,STR-2412-JBXYBZ,30 Gibbs Rd,2810,M9B,Condominium,2,Etobicoke Centre
4720750,STR-2412-FHHLBP,47 Sibley Ave,,M4C,Single/Semi-detached House,19,Beaches-East York
4720751,STR-2412-FQPLBQ,47 Marina Ave,2,M8W,Apartment,3,Etobicoke-Lakeshore
4720752,STR-2412-FXVLBR,28 Curlew Dr,52,M3A,Townhouse/ Row House,16,Don Valley East
4720753,STR-2412-GWPLBV,59 Dromore Cres,A,M2R,Single/Semi-detached House,18,Willowdale
4720754,STR-2412-HDVLBW,161 Brockley Dr,,M1P,Townhouse/ Row House,21,Scarborough Centre
4720755,STR-2412-HMBLBX,101 Peter St,2108,M5V,Condominium,10,Spadina-Fort York
4720756,STR-2412-JCPLBZ,1 Shaw St,101,M6K,Condominium,10,Spadina-Fort York
4720757,STR-2412-FHXYBP,300 Front St W,1813,M5V,Condominium,10,Spadina-Fort York
4720758,STR-2412-FRDYBQ,955 Bay St,3116,M5S,Condominium,13,Toronto Centre
4720759,STR-2412-GGRYBS,955 Bay St,1610,M5S,Condominium,13,Toronto Centre
4720760,STR-2412-GXDYBV,955 Bay St,821,M5S,Condominium,13,Toronto Centre
4720761,STR-2412-HFKYBW,6 Ossington Ave,302,M6J,Apartment,10,Spadina-Fort York
4720762,STR-2412-HVXYBY,43 Challenger Crt,,M1C,Single/Semi-detached House,25,Scarborough-Rouge Park
4720763,STR-2412-JDDYBZ,154 Vauxhall Dr,,M1P,Single/Semi-detached House,21,Scarborough Centre
4720764,STR-2412-FJPLBP,168 Ossington Ave,2,M6J,Duplex/Triplex/Fourplex,10,Spadina-Fort York
4720765,STR-2412-FRVLBQ,1438 Islington Ave,,M9A,Single/Semi-detached House,2,Etobicoke Centre
4720766,STR-2412-FZBLBR,14 York St,1402,M5J,Condominium,10,Spadina-Fort York
4720767,STR-2412-GQPLBT,1 Shaw St,1123,M6K,Condominium,10,Spadina-Fort York
4720768,STR-2412-GXVLBV,771 Windermere Ave,,M6S,Single/Semi-detached House,4,Parkdale-High Park
4720769,STR-2412-HPHLBX,169 Geoffrey St,,M6R,Single/Semi-detached House,4,Parkdale-High Park
4720770,STR-2412-HWPLBY,210 Victoria St,2303,M5B,Condominium,13,Toronto Centre
4720771,STR-2412-JDVLBZ,373 Front St W,703,M5V,Condominium,10,Spadina-Fort York
4720772,STR-2412-FKDYBP,12 York St,1206,M5J,Condominium,10,Spadina-Fort York
4720773,STR-2412-FSKYBQ,397 Front St W,1101,M5V,Condominium,10,Spadina-Fort York
4720774,STR-2412-GHXYBS,101 Peter St,2503,M5V,Condominium,10,Spadina-Fort York
4720775,STR-2412-GRDYBT,270 Wellington St W,904,M5V,Condominium,10,Spadina-Fort York
4720776,STR-2412-GYKYBV,628 Fleet St,604,M5V,Condominium,10,Spadina-Fort York
4720777,STR-2412-HGRYBW,200 Victoria St,1105,M5B,Condominium,13,Toronto Centre
4720778,STR-2412-HPXYBX,50 Bruyeres Mews,1210,M5V,Condominium,10,Spadina-Fort York
4720779,STR-2412-HXDYBY,361 Front St W,3010,M5V,Condominium,10,Spadina-Fort York
4720780,STR-2412-FKVLBP,250 Wellington St W,1040,M5V,Condominium,10,Spadina-Fort York
4720781,STR-2412-FTBLBQ,126 Simcoe St,1009,M5H,Condominium,10,Spadina-Fort York
4720782,STR-2412-GJPLBS,76 Glendale Ave,1,M6R,Duplex/Triplex/Fourplex,4,Parkdale-High Park
4720783,STR-2412-GRVLBT,365 Church St,1411,M5B,Condominium,13,Toronto Centre
4720784,STR-2412-GZBLBV,85 Bloor St E,PH 5,M4W,Condominium,11,University-Rosedale
4720785,STR-2412-HHHLBW,109 Virginia Ave,,M4C,Single/Semi-detached House,19,Beaches-East York
4720786,STR-2412-HQPLBX,40 Kildonan Rd,,M4E,Single/Semi-detached House,19,Beaches-East York
4720787,STR-2412-HXVLBY,749 Marlee Ave,3,M6B,Duplex/Triplex/Fourplex,8,Eglinton-Lawrence
4720788,STR-2412-JGBLBZ,30 Nelson St,3702,M5V,Condominium,10,Spadina-Fort York
4720789,STR-2412-FLKYBP,33 Wood St,2604,M4Y,Apartment,13,Toronto Centre
4720790,STR-2412-GBXYBR,399 Oakwood Ave,,M6E,Single/Semi-detached House,12,Toronto-St. Paul's
4720791,STR-2412-GKDYBS,887 Bay St,1006,M5S,Condominium,13,Toronto Centre
4720792,STR-2412-GZRYBV,397 Front St W,909,M5V,Condominium,10,Spadina-Fort York
4720793,STR-2412-HHXYBW,16 Yonge St,3611,M5E,Condominium,10,Spadina-Fort York
4720794,STR-2412-HRDYBX,50 Bruyeres Mews,602,M5V,Condominium,10,Spadina-Fort York
4720795,STR-2412-HYKYBY,75 Eastdale Ave,616,M4C,Apartment,19,Beaches-East York
4720796,STR-2412-JGRYBZ,300 Front St W,1003,M5V,Condominium,10,Spadina-Fort York
4720797,STR-2412-FDWSBP,16 Cambridge Ave,,M4K,Single/Semi-detached House,14,Toronto-Danforth
4720798,STR-2412-FMCSBQ,4 Dunkirk Rd,,M4C,Single/Semi-detached House,19,Beaches-East York
4720799,STR-2412-GCQSBS,364 Rathburn Rd,,M9B,Single/Semi-detached House,2,Etobicoke Centre
4720800,STR-2412-GKWSBT,18 Walsh Ave,,M9M,Single/Semi-detached House,7,Humber River-Black Creek
4720801,STR-2412-GTCSBV,100 Graydon Hall Dr,402,M3A,Apartment,16,Don Valley East
4720802,STR-2412-HJQSBX,14 York St,2502,M5J,Condominium,10,Spadina-Fort York
4720803,STR-2412-HRWSBY,140 Simcoe St,217,M5H,Condominium,10,Spadina-Fort York
4720804,STR-2412-HZCSBZ,38 Widmer St,4709,M5V,Condominium,10,Spadina-Fort York
4720805,STR-2412-FFMFBP,21 Iceboat Ter,232,M5V,Condominium,10,Spadina-Fort York
4720806,STR-2412-FMTFBQ,168 Simcoe St,1102,M5H,Condominium,10,Spadina-Fort York
4720807,STR-2412-FVZFBR,600 Fleet St,805,M5V,Condominium,10,Spadina-Fort York
4720808,STR-2412-GDGFBS,101 Peter St,610,M5V,Condominium,10,Spadina-Fort York
4720809,STR-2412-GLMFBT,373 Front St W,2701,M5V,Condominium,10,Spadina-Fort York
4720810,STR-2412-GTTFBV,63 Cameron St,2,M5T,Duplex/Triplex/Fourplex,10,Spadina-Fort York
4720811,STR-2412-HBZFBW,153 Wolseley St,,M6J,Townhouse/ Row House,10,Spadina-Fort York
4720812,STR-2412-HKGFBX,251 Jarvis St,1607,M5B,Condominium,13,Toronto Centre
4720813,STR-2412-HSMFBY,5 Windy Ridge Dr,,M1M,Single/Semi-detached House,20,Scarborough Southwest
4720814,STR-2412-HZTFBZ,1077 College St,1,M6H,Apartment,9,Davenport
4720815,STR-2412-FGCSBP,32 Alpaca Dr,,M1J,Single/Semi-detached House,24,Scarborough-Guildwood
4720816,STR-2412-FPJSBQ,50 Bruyeres Mews,1003,M5V,Condominium,10,Spadina-Fort York
4720817,STR-2412-FWQSBR,99 John St,1301,M5V,Condominium,10,Spadina-Fort York
4720818,STR-2412-GDWSBS,250 Wellington St W,1540,M5V,Condominium,10,Spadina-Fort York
4720819,STR-2412-GMCSBT,373 Front St W,510,M5V,Condominium,10,Spadina-Fort York
4720820,STR-2412-HCQSBW,555 Wilson Ave,E1010,M3H,Condominium,6,York Centre
4720821,STR-2412-HKWSBX,220 Victoria St,1110,M5B,Condominium,13,Toronto Centre
4720822,STR-2412-HTCSBY,101 Peter St,3306,M5V,Condominium,10,Spadina-Fort York
4720823,STR-2412-JBJSBZ,101 Peter St,1809,M5V,Condominium,10,Spadina-Fort York
4720824,STR-2412-FPZFBQ,300 Front St W,3503,M5V,Condominium,10,Spadina-Fort York
4720825,STR-2412-FXGFBR,41 River St,B3,M5A,Apartment,13,Toronto Centre
4720826,STR-2412-GMTFBT,250 Wellington St W,1131,M5V,Condominium,10,Spadina-Fort York
4720827,STR-2412-GVZFBV,397 Front St W,2708,M5V,Condominium,10,Spadina-Fort York
4720828,STR-2412-HTTFBY,15 Bruyeres Mews,809,M5V,Condominium,10,Spadina-Fort York
4720829,STR-2412-JBZFBZ,600 Fleet St,502,M5V,Condominium,10,Spadina-Fort York
4720830,STR-2412-FHJSBP,120 Bertrand Ave,,M1K,Single/Semi-detached House,21,Scarborough Centre
4720831,STR-2412-FQQSBQ,381 Front St W,2305,M5V,Condominium,10,Spadina-Fort York
4720832,STR-2412-FXWSBR,8 Charlotte St,901,M5V,Condominium,10,Spadina-Fort York
4720833,STR-2412-GGCSBS,15 Bruyeres Mews,1508,M5V,Condominium,10,Spadina-Fort York
4720834,STR-2412-GPJSBT,375 King St W,2708,M5V,Condominium,10,Spadina-Fort York
4720835,STR-2412-GWQSBV,628 Fleet St,1106,M5V,Condominium,10,Spadina-Fort York
4720836,STR-2412-HMCSBX,270 Wellington St W,711,M5V,Condominium,10,Spadina-Fort York
4720837,STR-2412-HVJSBY,327 King St W,2103,M5V,Condominium,10,Spadina-Fort York
4720838,STR-2412-JCQSBZ,318 Richmond St W,901,M5V,Condominium,10,Spadina-Fort York
4720839,STR-2412-FHZFBP,350 Wellington St W,502,M5V,Condominium,10,Spadina-Fort York
4720840,STR-2412-FRGFBQ,600 Fleet St,1407,M5V,Condominium,10,Spadina-Fort York
4720841,STR-2412-GXGFBV,38 Forest Manor Rd,2106,M2J,Condominium,17,Don Valley North
4720842,STR-2412-HFMFBW,227 Wychwood Ave,1,M6C,Duplex/Triplex/Fourplex,12,Toronto-St. Paul's
4720843,STR-2412-HMTFBX,165 Colin Ave,,M5P,Single/Semi-detached House,12,Toronto-St. Paul's
4720844,STR-2412-HVZFBY,251 Jarvis St,210,M5B,Condominium,13,Toronto Centre
4720845,STR-2412-JDGFBZ,123 Chelwood Rd,,M1K,Single/Semi-detached House,20,Scarborough Southwest
4720846,STR-2412-FJQSBP,50 Dunfield Ave,1817,M4S,Condominium,12,Toronto-St. Paul's
4720847,STR-2412-FRWSBQ,18 Yonge St,2003,M5E,Condominium,10,Spadina-Fort York
4720848,STR-2412-GHJSBS,887 Bay St,1102,M5S,Condominium,13,Toronto Centre
4720849,STR-2412-GQQSBT,140 Simcoe St,703,M5H,Condominium,10,Spadina-Fort York
4720850,STR-2412-HGCSBW,20 Bruyeres Mews,1905,M5V,Condominium,10,Spadina-Fort York
4720851,STR-2412-HPJSBX,889 Bay St,1512,M5S,Condominium,13,Toronto Centre
4720852,STR-2412-HWQSBY,215 Fort York Blvd,2908,M5V,Condominium,10,Spadina-Fort York
4720853,STR-2412-JDWSBZ,57 Spadina Ave,1206,M5V,Apartment,10,Spadina-Fort York
4720854,STR-2412-FKGFBP,23 Thatcher Ave,,M1M,Single/Semi-detached House,20,Scarborough Southwest
4720855,STR-2412-FSMFBQ,75 Windrush Trl,,M1C,Single/Semi-detached House,25,Scarborough-Rouge Park
4720856,STR-2412-FZTFBR,832 Bay St,4407,M5S,Condominium,11,University-Rosedale
4720857,STR-2412-GHZFBS,2048 Danforth Ave.,A,M4C,Apartment,19,Beaches-East York
4720858,STR-2412-GRGFBT,300 Front St W,3912,M5V,Condominium,10,Spadina-Fort York
4720859,STR-2412-HGTFBW,8 Wellesley St E,803,M4Y,Apartment,13,Toronto Centre
4720860,STR-2412-HPZFBX,83 Westmoreland Ave,,M6H,Single/Semi-detached House,9,Davenport
4720861,STR-2412-HXGFBY,251 St George St,11,M5R,Apartment,11,University-Rosedale
4720862,STR-2412-JFMFBZ,31 Princess St,101,M5A,Apartment,13,Toronto Centre
4720863,STR-2412-FKWSBP,122 Shaw St,1,M6J,Townhouse/ Row House,10,Spadina-Fort York
4720864,STR-2412-GBJSBR,832 Bay St,1208,M5S,Condominium,11,University-Rosedale
4720865,STR-2412-GRWSBT,151 Dan Leckie Way,201,M5V,Condominium,10,Spadina-Fort York
4720866,STR-2412-GZCSBV,151 Sorauren Ave,,M6R,Single/Semi-detached House,4,Parkdale-High Park
4720867,STR-2412-HQQSBX,44 Northey Dr,Lower,M2L,Single/Semi-detached House,15,Don Valley West
4720868,STR-2412-FLMFBP,135 Dalhousie St,303,M5B,Apartment,13,Toronto Centre
4720869,STR-2412-GBZFBR,4208 Dundas St W,301,M8X,Condominium,2,Etobicoke Centre
4720870,STR-2412-GKGFBS,6 Adele Ave,,M3L,Single/Semi-detached House,7,Humber River-Black Creek
4720871,STR-2412-GSMFBT,90 Meighen Ave,,M4B,Single/Semi-detached House,19,Beaches-East York
4720872,STR-2502-HKPPPX,447 Parkside Dr,2,M6R,Duplex/Triplex/Fourplex,4,Parkdale-High Park
4720873,STR-2412-HHZFBW,121 Timberbank Blvd,,M1W,Single/Semi-detached House,22,Scarborough-Agincourt
4720874,STR-2412-HRGFBX,270 Wellington St W,212,M5V,Condominium,10,Spadina-Fort York
4720875,STR-2412-HYMFBY,28 Linden St,408,M4Y,Condominium,13,Toronto Centre
4720876,STR-2412-JGTFBZ,88 Cumberland St,412,M5R,Condominium,11,University-Rosedale
4720877,STR-2412-FDXYBP,20 Blue Jays Way,2301,M5V,Condominium,10,Spadina-Fort York
4720878,STR-2412-FMDYBQ,25 Oxley St,703,M5V,Condominium,10,Spadina-Fort York
4720879,STR-2412-FVKYBR,393 King St W,708,M5V,Condominium,10,Spadina-Fort York
4720880,STR-2412-GCRYBS,295 Adelaide St W,3010,M5V,Condominium,10,Spadina-Fort York
4720881,STR-2412-GTDYBV,70 Queens Wharf Rd,3315,M5V,Condominium,10,Spadina-Fort York
4720882,STR-2412-HRXYBY,81 Navy Wharf Crt,2108,M5V,Condominium,10,Spadina-Fort York
4720883,STR-2412-FMVLBQ,101 Crayford Dr,,M1W,Single/Semi-detached House,22,Scarborough-Agincourt
4720884,STR-2412-GDHLBS,56 Sixth St,,M8V,Single/Semi-detached House,3,Etobicoke-Lakeshore
4720885,STR-2412-HCBLBW,38 Widmer St,3806,M5V,Apartment,10,Spadina-Fort York
4720886,STR-2412-HKHLBX,140 Simcoe St,1102,M5H,Condominium,10,Spadina-Fort York
4720887,STR-2412-HSPLBY,290 Adelaide St W,3310,M5V,Condominium,10,Spadina-Fort York
4720888,STR-2412-HZVLBZ,200 Victoria St,1401,M5B,Condominium,13,Toronto Centre
4720889,STR-2412-FGDYBP,28 Linden St,902,M4Y,Condominium,13,Toronto Centre
4720890,STR-2412-FPKYBQ,16 Yonge St,1510,M5E,Condominium,10,Spadina-Fort York
4720891,STR-2412-FWRYBR,168 Simcoe St,217,M5H,Condominium,10,Spadina-Fort York
4720892,STR-2412-GDXYBS,77 Avenue Rd,611,M5R,Apartment,11,University-Rosedale
4720893,STR-2412-GMDYBT,175 Cumberland St,2302,M5R,Condominium,11,University-Rosedale
4720894,STR-2412-GVKYBV,35 Balmuto St,2503,M4Y,Condominium,11,University-Rosedale
4720895,STR-2412-HKXYBX,10 Navy Wharf Crt,2711,M5V,Apartment,10,Spadina-Fort York
4720896,STR-2412-HTDYBY,155 Yorkville Ave,1013,M5R,Condominium,11,University-Rosedale
4720897,STR-2412-JBKYBZ,21 Sylvan Ave,,M6H,Single/Semi-detached House,9,Davenport
4720898,STR-2412-FGVLBP,86 Gerrard St E,1E,M5B,Apartment,13,Toronto Centre
4720899,STR-2412-FXHLBR,244 Gladstone Ave,A,M6J,Single/Semi-detached House,9,Davenport
4720900,STR-2412-GFPLBS,300 Front St W,2912,M5V,Condominium,10,Spadina-Fort York
4720901,STR-2412-GMVLBT,55 Bloor St E,1909,M4W,Condominium,11,University-Rosedale
4720902,STR-2412-HDHLBW,26 Cobbler Cres,,M3N,Single/Semi-detached House,7,Humber River-Black Creek
4720903,STR-2412-HLPLBX,99 Howard St,603,M4X,Apartment,13,Toronto Centre
4720904,STR-2412-HTVLBY,123 Galt Ave,,M4M,Single/Semi-detached House,14,Toronto-Danforth
4720905,STR-2412-JCBLBZ,251 Jarvis St,1829,M5B,Condominium,13,Toronto Centre
4720906,STR-2412-FHKYBP,21 Iceboat Ter,4102,M5V,Condominium,10,Spadina-Fort York
4720907,STR-2412-FQRYBQ,17 Greenbriar Rd,8,M2K,Townhouse/ Row House,17,Don Valley North
4720908,STR-2412-FXXYBR,6 O'Hara Pl,,M6K,Single/Semi-detached House,4,Parkdale-High Park
4720909,STR-2412-GGDYBS,20 Shore Breeze Dr,608,M8V,Condominium,3,Etobicoke-Lakeshore
4720910,STR-2412-GPKYBT,30 Nelson St,3004,M5V,Condominium,10,Spadina-Fort York
4720911,STR-2412-GWRYBV,93 Greendale Ave,,M6N,Single/Semi-detached House,5,York South-Weston
4720912,STR-2412-HDXYBW,9 Major St,,M5S,Single/Semi-detached House,11,University-Rosedale
4720913,STR-2412-FYPLBR,887 Bay St,1601,M5S,Condominium,13,Toronto Centre
4720914,STR-2412-HFPLBW,175 Cumberland St,1603,M5R,Condominium,11,University-Rosedale
4720915,STR-2412-HMVLBX,350 Wellington St W,411,M5V,Condominium,10,Spadina-Fort York
4720916,STR-2412-JDHLBZ,889 Bay St,1203,M5S,Condominium,13,Toronto Centre
4720917,STR-2412-FJRYBP,16 Yonge St,1707,M5E,Condominium,10,Spadina-Fort York
4720918,STR-2412-GHKYBS,889 Bay St,503,M5S,Condominium,13,Toronto Centre
4720919,STR-2412-GXXYBV,77 Avenue Rd,515,M5R,Apartment,11,University-Rosedale
4720920,STR-2412-HGDYBW,318 Richmond St W,2305,M5V,Condominium,10,Spadina-Fort York
4720921,STR-2412-HWRYBY,163 Portland St,212,M5V,Condominium,10,Spadina-Fort York
4720922,STR-2412-JDXYBZ,35 Bastion St,624,M5V,Condominium,10,Spadina-Fort York
4720923,STR-2412-GJBLBS,889 Bay St,1406,M5S,Condominium,13,Toronto Centre
4720924,STR-2412-GRHLBT,600 Fleet St,1710,M5V,Condominium,10,Spadina-Fort York
4720925,STR-2412-GYPLBV,175 Cumberland St,1404,M5R,Condominium,11,University-Rosedale
4720926,STR-2412-HGVLBW,350 Wellington St W,619,M5V,Condominium,10,Spadina-Fort York
4720927,STR-2412-HQBLBX,20 Bruyeres Mews,2001,M5V,Condominium,10,Spadina-Fort York
4720928,STR-2412-FKXYBP,889 Bay St,807,M5S,Condominium,13,Toronto Centre
4720929,STR-2412-FTDYBQ,8 Charlotte St,1007,M5V,Condominium,10,Spadina-Fort York
4720930,STR-2412-GJRYBS,63 Birchview Cres,,M6P,Single/Semi-detached House,4,Parkdale-High Park
4720931,STR-2412-GRXYBT,20 Merkley Sq,,M1G,Single/Semi-detached House,24,Scarborough-Guildwood
4720932,STR-2412-GZDYBV,300 Front St W,2114,M5V,Condominium,10,Spadina-Fort York
4720933,STR-2412-HHKYBW,251 St George St,202,M5R,Apartment,11,University-Rosedale
4720934,STR-2412-HQRYBX,61 Huntley St,,M4Y,Townhouse/ Row House,13,Toronto Centre
4720935,STR-2412-FLPLBP,31 O'Meara Crt,,M2J,Single/Semi-detached House,17,Don Valley North
4720936,STR-2412-FTVLBQ,151 Dan Leckie Way,618,M5V,Condominium,10,Spadina-Fort York
4720937,STR-2412-GCBLBR,300 Front St W,1013,M5V,Condominium,10,Spadina-Fort York
4720938,STR-2412-GKHLBS,300 Front St W,2001,M5V,Condominium,10,Spadina-Fort York
4720939,STR-2412-GZVLBV,28 Ted Rogers Way,1509,M4Y,Condominium,11,University-Rosedale
4720940,STR-2412-HJBLBW,11 Wellesley St W,2513,M4Y,Condominium,13,Toronto Centre
4720941,STR-2412-HRHLBX,887 Bay St,1410,M5S,Condominium,13,Toronto Centre
4720942,STR-2412-HYPLBY,909 Bay St,1208,M5S,Condominium,13,Toronto Centre
4720943,STR-2412-JGVLBZ,301 Lansdowne Ave,308,M6K,Apartment,9,Davenport
4720944,STR-2412-FMGFBQ,375 King St W,909,M5V,Condominium,10,Spadina-Fort York
4720945,STR-2412-FVMFBR,175 Cumberland St,2008,M5R,Condominium,11,University-Rosedale
4720946,STR-2412-GCTFBS,887 Bay St,1208,M5S,Condominium,13,Toronto Centre
4720947,STR-2412-GKZFBT,15 Bruyeres Mews,705,M5V,Condominium,10,Spadina-Fort York
4720948,STR-2412-HBMFBW,318 Richmond St W,2107,M5V,Condominium,10,Spadina-Fort York
4720949,STR-2412-HJTFBX,25 Edinborough Crt,bsmt,M6N,Single/Semi-detached House,5,York South-Weston
4720950,STR-2412-FFQSBP,220 Victoria St,1207,M5B,Condominium,13,Toronto Centre
4720951,STR-2412-FMWSBQ,318 Richmond St W,1608,M5V,Condominium,10,Spadina-Fort York
4720952,STR-2412-FWCSBR,251 St George St,205,M5R,Apartment,11,University-Rosedale
4720953,STR-2412-GLQSBT,955 Bay St,1420,M5S,Apartment,13,Toronto Centre
4720954,STR-2412-GTWSBV,251 Jarvis St,1612,M5B,Condominium,13,Toronto Centre
4720955,STR-2412-HCCSBW,215 Fort York Blvd,1202,M5V,Apartment,10,Spadina-Fort York
4720956,STR-2412-HKJSBX,38 Dan Leckie Way,11,M5V,Apartment,10,Spadina-Fort York
4720957,STR-2412-HSQSBY,251 St George St,14,M5R,Apartment,11,University-Rosedale
4720958,STR-2412-HZWSBZ,251 St George St,13,M5R,Apartment,11,University-Rosedale
4720959,STR-2412-FGGFBP,77 Avenue Rd,501,M5R,Condominium,11,University-Rosedale
4720960,STR-2412-GDZFBS,8 Charlotte St,805,M5V,Condominium,10,Spadina-Fort York
4720961,STR-2412-GMGFBT,375 King St W,711,M5V,Condominium,10,Spadina-Fort York
4720962,STR-2412-GVMFBV,88 Cumberland St,1603,M5R,Condominium,11,University-Rosedale
4720963,STR-2412-HCTFBW,887 Bay St,907,M5S,Condominium,13,Toronto Centre
4720964,STR-2412-HKZFBX,50 Bruyeres Mews,1611,M5V,Condominium,10,Spadina-Fort York
4720965,STR-2412-HTGFBY,35 Balmuto St,2609,M4Y,Condominium,11,University-Rosedale
4720966,STR-2412-JBMFBZ,209 Fort York Blvd,278,M5V,Condominium,10,Spadina-Fort York
4720967,STR-2412-FGWSBP,175 Cumberland St,2207,M5R,Condominium,11,University-Rosedale
4720968,STR-2412-FQCSBQ,10 Capreol Crt,521,M5V,Condominium,10,Spadina-Fort York
4720969,STR-2412-FXJSBR,887 Bay St,1403,M5S,Condominium,13,Toronto Centre
4720970,STR-2412-GMWSBT,209 Fort York Blvd,1169,M5V,Condominium,10,Spadina-Fort York
4720971,STR-2412-GWCSBV,88 Cumberland St,1502,M5R,Condominium,11,University-Rosedale
4720972,STR-2412-HDJSBW,77 Avenue Rd,210,M5R,Apartment,11,University-Rosedale
4720973,STR-2412-HLQSBX,887 Bay St,607,M5S,Condominium,13,Toronto Centre
4720974,STR-2412-JCCSBZ,175 Cumberland St,1110,M5R,Condominium,11,University-Rosedale
4720975,STR-2412-FHMFBP,8 Charlotte St,1105,M5V,Condominium,10,Spadina-Fort York
4720976,STR-2412-FQTFBQ,151 Dan Leckie Way,309,M5V,Condominium,10,Spadina-Fort York
4720977,STR-2412-FXZFBR,889 Bay St,704,M5S,Condominium,13,Toronto Centre
4720978,STR-2412-GGGFBS,200 Victoria St,1208,M5B,Condominium,13,Toronto Centre
4720979,STR-2412-GPMFBT,88 Cumberland St,704,M5R,Condominium,11,University-Rosedale
4720980,STR-2412-GWTFBV,887 Bay St,312,M5S,Condominium,13,Toronto Centre
4720981,STR-2412-HDZFBW,375 King St W,3508,M5V,Condominium,10,Spadina-Fort York
4720982,STR-2412-HMGFBX,350 Wellington St W,525,M5V,Condominium,10,Spadina-Fort York
4720983,STR-2412-FRJSBQ,101 Peter St,2510,M5V,Condominium,10,Spadina-Fort York
4720984,STR-2412-FYQSBR,30 Nelson St,1009,M5V,Condominium,10,Spadina-Fort York
4720985,STR-2412-GQCSBT,13 D'Arcy St,,M5T,Single/Semi-detached House,11,University-Rosedale
4720986,STR-2412-GXJSBV,151 Dan Leckie Way,943,M5V,Condominium,10,Spadina-Fort York
4720987,STR-2412-HMWSBX,30 Nelson St,217,M5V,Condominium,10,Spadina-Fort York
4720988,STR-2412-HWCSBY,318 Richmond St W,1412,M5V,Condominium,10,Spadina-Fort York
4720989,STR-2412-JDJSBZ,81 Navy Wharf Crt,2706,M5V,Condominium,10,Spadina-Fort York
4720990,STR-2412-FJTFBP,350 Wellington St W,622,M5V,Condominium,10,Spadina-Fort York
4720991,STR-2412-FRZFBQ,8 Charlotte St,1609,M5V,Condominium,10,Spadina-Fort York
4720992,STR-2412-FZGFBR,70 Queens Wharf Rd,2011,M5V,Condominium,10,Spadina-Fort York
4720993,STR-2412-GHMFBS,375 King St W,1207,M5V,Condominium,10,Spadina-Fort York
4720994,STR-2412-GQTFBT,353 Cedarvale Ave,,M4C,Single/Semi-detached House,19,Beaches-East York
4720995,STR-2501-GXZFBV,81 Navy Wharf Crt,1705,M5V,Condominium,10,Spadina-Fort York
4720996,STR-2501-JDZFBZ,2173 Gerrard St E,3,M4E,Duplex/Triplex/Fourplex,19,Beaches-East York
4720997,STR-2501-FKJSBP,1367 Islington Ave,,M9A,Single/Semi-detached House,2,Etobicoke Centre
4720998,STR-2501-FSQSBQ,8 Roselm Rd,,M1R,Single/Semi-detached House,21,Scarborough Centre
4720999,STR-2501-FZWSBR,18 Yonge St,2413,M5E,Condominium,10,Spadina-Fort York
4721000,STR-2501-GJCSBS,165 Legion Rd N,2224,M8Y,Condominium,3,Etobicoke-Lakeshore
4721001,STR-2501-GYQSBV,28 Pendeen Ave,,M6N,Single/Semi-detached House,5,York South-Weston
4721002,STR-2501-HQCSBX,125 Village Green Sq,3208,M1S,Condominium,22,Scarborough-Agincourt
4721003,STR-2501-JFQSBZ,33 Blackbush Dr,BSMT,M9V,Single/Semi-detached House,1,Etobicoke North
4721004,STR-2501-FKZFBP,155 Yorkville Ave,612,M5R,Condominium,11,University-Rosedale
4721005,STR-2501-FTGFBQ,24 Noble St,207,M6K,Condominium,4,Parkdale-High Park
4721006,STR-2501-GBMFBR,168 Annette St,3,M6P,Single/Semi-detached House,4,Parkdale-High Park
4721007,STR-2501-GJTFBS,35 Bralorne Cres,,M6S,Single/Semi-detached House,4,Parkdale-High Park
4721008,STR-2501-GRZFBT,15 Wanstead Ave,,M1L,Single/Semi-detached House,20,Scarborough Southwest
4721009,STR-2501-HHMFBW,273 Augusta Ave,C,M5T,Apartment,11,University-Rosedale
4721010,STR-2501-HQTFBX,4 Albertus Ave,2,M4R,Apartment,8,Eglinton-Lawrence
4721011,STR-2501-HXZFBY,215 Fort York Blvd,2607,M5V,Condominium,10,Spadina-Fort York
4721012,STR-2501-FLQSBP,42 McClure Cres,,M1B,Single/Semi-detached House,23,Scarborough North
4721013,STR-2501-FTWSBQ,290 Brighton Ave,BSMT,M3H,Single/Semi-detached House,6,York Centre
4721014,STR-2501-GCCSBR,24 Beck Ave,,M4C,Single/Semi-detached House,19,Beaches-East York
4721015,STR-2501-GKJSBS,5A Dynevor Rd,,M6E,Single/Semi-detached House,9,Davenport
4721016,STR-2501-GSQSBT,1 Squires Ave,,M4B,Single/Semi-detached House,19,Beaches-East York
4721017,STR-2501-GZWSBV,29 Wyndcliff Cres,,M4A,Single/Semi-detached House,16,Don Valley East
4721018,STR-2501-HJCSBW,45 Cedarview Dr,,M1C,Single/Semi-detached House,25,Scarborough-Rouge Park
4721019,STR-2501-HRJSBX,60 Markham St,,M6J,Single/Semi-detached House,10,Spadina-Fort York
4721020,STR-2501-HYQSBY,77 Hullmar Dr,,M3N,Single/Semi-detached House,7,Humber River-Black Creek
4721021,STR-2501-JGWSBZ,56 Annie Craig Dr,411,M8V,Condominium,3,Etobicoke-Lakeshore
4721022,STR-2501-FFBLBP,30 Nelson St,2901,M5V,Condominium,10,Spadina-Fort York
4721023,STR-2501-FMHLBQ,21 Iceboat Ter,2511,M5V,Condominium,10,Spadina-Fort York
4721024,STR-2501-GCVLBS,20 Blue Jays Way,601,M5V,Condominium,10,Spadina-Fort York
4721025,STR-2501-GLBLBT,39 Delaware Ave,,M6H,Single/Semi-detached House,9,Davenport
4721026,STR-2501-HBPLBW,36 Barkwin Dr,,M9V,Single/Semi-detached House,1,Etobicoke North
4721027,STR-2501-HJVLBX,94 August Ave,BSMT,M1L,Single/Semi-detached House,20,Scarborough Southwest
4721028,STR-2501-HSBLBY,30 Nelson St,1704,M5V,Condominium,10,Spadina-Fort York
4721029,STR-2501-HZHLBZ,115 Olive Ave,,M2N,Single/Semi-detached House,18,Willowdale
4721030,STR-2501-FWDYBR,188 Cumberland St,1104,M5R,Condominium,11,University-Rosedale
4721031,STR-2501-GDKYBS,101 Peter St,407,M5V,Apartment,10,Spadina-Fort York
4721032,STR-2501-GLRYBT,106 Ninth St,,M8V,Single/Semi-detached House,3,Etobicoke-Lakeshore
4721033,STR-2501-GTXYBV,219 Fort York Blvd,2703,M5V,Condominium,10,Spadina-Fort York
4721034,STR-2501-HCDYBW,72 Scarboro Beach Blvd,,M4E,Single/Semi-detached House,19,Beaches-East York
4721035,STR-2501-HKKYBX,300 Front St W,3401,M5V,Condominium,10,Spadina-Fort York
4721036,STR-2501-HSRYBY,89 Dunfield Ave,1901,M4S,Condominium,12,Toronto-St. Paul's
4721037,STR-2501-FGHLBP,35 Brian Peck Cres,122,M4G,Condominium,15,Don Valley West
4721038,STR-2501-FPPLBQ,68 Osborne Ave,,M4E,Single/Semi-detached House,19,Beaches-East York
4721039,STR-2501-HCVLBW,15 Iceboat Ter,731,M5V,Condominium,10,Spadina-Fort York
4721040,STR-2501-HTHLBY,12 York St,1209,M5J,Condominium,10,Spadina-Fort York
4721041,STR-2501-FGXYBP,254 Riverdale Ave,2,M4K,Single/Semi-detached House,14,Toronto-Danforth
4721042,STR-2501-FQDYBQ,560 Front St W,1026,M5V,Condominium,10,Spadina-Fort York
4721043,STR-2501-FXKYBR,20 Grafton Ave,,M6R,Single/Semi-detached House,4,Parkdale-High Park
4721044,STR-2501-GMXYBT,26 Douro St,329,M6K,Townhouse/ Row House,10,Spadina-Fort York
4721045,STR-2501-GWDYBV,501 Yonge St,5103,M4Y,Condominium,13,Toronto Centre
4721046,STR-2501-HDKYBW,38 Millicent St,3,M6H,Duplex/Triplex/Fourplex,9,Davenport
4721047,STR-2501-JCDYBZ,12 Marilyn Ave,,M1S,Single/Semi-detached House,22,Scarborough-Agincourt
4721048,STR-2501-FHPLBP,748 Crawford St,,M6G,Single/Semi-detached House,11,University-Rosedale
4721049,STR-2501-FYBLBR,125 Frederick Tisdale Dr,,M3K,Townhouse/ Row House,6,York Centre
4721050,STR-2501-GPPLBT,156 Portland St,516,M5V,Condominium,10,Spadina-Fort York
4721051,STR-2501-GWVLBV,1343 Islington Ave,,M9A,Single/Semi-detached House,2,Etobicoke Centre
4721052,STR-2501-HFBLBW,29 Beatrice St,B,M6J,Single/Semi-detached House,11,University-Rosedale
4721053,STR-2501-HMHLBX,105 Eleventh St,,M8V,Single/Semi-detached House,3,Etobicoke-Lakeshore
4721054,STR-2501-FJDYBP,16 Medaca St,BSMT,M2J,Duplex/Triplex/Fourplex,17,Don Valley North
4721055,STR-2501-FYRYBR,6 Blairville Rd,,M3H,Single/Semi-detached House,6,York Centre
4721056,STR-2501-GGXYBS,28 Lewis St,,M4M,Townhouse/ Row House,14,Toronto-Danforth
4721057,STR-2501-GQDYBT,14 York St,2607,M5J,Condominium,10,Spadina-Fort York
4721058,STR-2501-GXKYBV,98 Lillian St,1513,M4S,Condominium,12,Toronto-St. Paul's
4721059,STR-2501-HFRYBW,123 Viewmount Ave,,M6B,Single/Semi-detached House,8,Eglinton-Lawrence
4721060,STR-2501-JDKYBZ,20 John St,1120,M5V,Apartment,10,Spadina-Fort York
4721061,STR-2501-FJVLBP,832 Bay St,4906,M5S,Condominium,11,University-Rosedale
4721062,STR-2501-FSBLBQ,251 Jarvis St,3502,M5B,Condominium,13,Toronto Centre
4721063,STR-2501-FZHLBR,101 Peter St,1006,M5V,Condominium,10,Spadina-Fort York
4721064,STR-2501-GHPLBS,543 Richmond St W,433,M5V,Apartment,10,Spadina-Fort York
4721065,STR-2501-GQVLBT,68 Merton St,308,M4S,Condominium,12,Toronto-St. Paul's
4721066,STR-2501-GYBLBV,37 Grosvenor St,3007,M4Y,Condominium,13,Toronto Centre
4721067,STR-2501-HGHLBW,327 King St W,4106,M5V,Condominium,10,Spadina-Fort York
4721068,STR-2501-HPPLBX,10 Morrison St,402,M5V,Condominium,10,Spadina-Fort York
4721069,STR-2501-HWVLBY,89 Frederick Tisdale Dr,,M3K,Townhouse/ Row House,6,York Centre
4721070,STR-2501-FKKYBP,89 Dunfield Ave,635,M4S,Condominium,12,Toronto-St. Paul's
4721071,STR-2501-FSRYBQ,380 Sherbourne St,201,M4X,Apartment,13,Toronto Centre
4721072,STR-2501-FZXYBR,50 Helena Ave,,M6G,Single/Semi-detached House,12,Toronto-St. Paul's
4721073,STR-2501-GRKYBT,251 Jarvis St,1820,M5B,Condominium,13,Toronto Centre
4721074,STR-2501-GYRYBV,629 Bathurst St,,M5S,Single/Semi-detached House,11,University-Rosedale
4721075,STR-2501-HGXYBW,153 Downsview Ave,,M3M,Single/Semi-detached House,6,York Centre
4721076,STR-2501-HXKYBY,12 York St,3503,M5J,Condominium,10,Spadina-Fort York
4721077,STR-2501-JFRYBZ,44 Sorauren Ave,2,M6R,Duplex/Triplex/Fourplex,4,Parkdale-High Park
4721078,STR-2501-FLBLBP,90 Ling Rd,703,M1E,Condominium,25,Scarborough-Rouge Park
4721079,STR-2501-FTHLBQ,197 Mutual St,,M5B,Townhouse/ Row House,13,Toronto Centre
4721080,STR-2501-GJVLBS,199 Richmond St W,1006,M5V,Condominium,10,Spadina-Fort York
4721081,STR-2501-GSBLBT,21 Iceboat Ter,1809,M5V,Condominium,10,Spadina-Fort York
4721082,STR-2501-HHPLBW,55 Bremner Blvd,3003,M5J,Condominium,10,Spadina-Fort York
4721083,STR-2501-HQVLBX,31 Everett Cres,,M4C,Single/Semi-detached House,19,Beaches-East York
4721084,STR-2501-JGHLBZ,560 Front St W,827,M5V,Condominium,10,Spadina-Fort York
4721085,STR-2501-FTXYBQ,2 Anndale Dr,2511,M2N,Condominium,18,Willowdale
4721086,STR-2501-GKKYBS,209 Fort York Blvd,1367,M5V,Condominium,10,Spadina-Fort York
4721087,STR-2501-HJDYBW,20 Bayard Ave,,M1R,Single/Semi-detached House,21,Scarborough Centre
4721088,STR-2501-HRKYBX,115 Chisholm Ave,,M4C,Single/Semi-detached House,19,Beaches-East York
4721089,STR-2501-HYRYBY,248 Elmwood Ave,,M2N,Single/Semi-detached House,18,Willowdale
4721090,STR-2501-JGXYBZ,11 Gageview Crt,,M1V,Single/Semi-detached House,23,Scarborough North
4721091,STR-2501-FFCSBP,35 Saranac Blvd,231,M6A,Condominium,8,Eglinton-Lawrence
4721092,STR-2501-FMJSBQ,319 Jarvis St,4808,M5B,Condominium,13,Toronto Centre
4721093,STR-2501-FVQSBR,300 Front St W,2312,M5V,Condominium,10,Spadina-Fort York
4721094,STR-2501-GCWSBS,294 Sackville St,,M5A,Single/Semi-detached House,13,Toronto Centre
4721095,STR-2501-GTJSBV,199 Richmond St W,301,M5V,Condominium,10,Spadina-Fort York
4721096,STR-2501-HBQSBW,830 Lawrence Ave W,402,M6A,Condominium,8,Eglinton-Lawrence
4721097,STR-2501-HJWSBX,125 Heward Ave,2,M4M,Duplex/Triplex/Fourplex,14,Toronto-Danforth
4721098,STR-2501-HSCSBY,43 Humber Trl,,M6S,Single/Semi-detached House,4,Parkdale-High Park
4721099,STR-2501-HZJSBZ,19 Buckhurst Cres,,M1S,Single/Semi-detached House,23,Scarborough North
4721100,STR-2501-FFTFBP,832 Bay St,1008,M5S,Condominium,11,University-Rosedale
4721101,STR-2501-FMZFBQ,692A The Queensway,,M8Y,Apartment,3,Etobicoke-Lakeshore
4721102,STR-2501-GDMFBS,300 Front St W,1611,M5V,Condominium,10,Spadina-Fort York
4721103,STR-2501-GLTFBT,183 Belgravia Ave,Main,M6E,Duplex/Triplex/Fourplex,8,Eglinton-Lawrence
4721104,STR-2501-GTZFBV,12 York St,4904,M5J,Condominium,10,Spadina-Fort York
4721105,STR-2501-HCGFBW,251 Jarvis St,3513,M5B,Condominium,13,Toronto Centre
4721106,STR-2501-HSTFBY,5229 Dundas St W,503,M9B,Condominium,3,Etobicoke-Lakeshore
4721107,STR-2501-HZZFBZ,151 Dan Leckie Way,307,M5V,Condominium,10,Spadina-Fort York
4721108,STR-2501-FGJSBP,36 Twenty Fourth St,,M8V,Single/Semi-detached House,3,Etobicoke-Lakeshore
4721109,STR-2501-FPQSBQ,112 Fort York Blvd,,M5V,Condominium,10,Spadina-Fort York
4721110,STR-2501-GFCSBS,149 Perth Ave,,M6P,Single/Semi-detached House,9,Davenport
4721111,STR-2501-GMJSBT,1100 Sheppard Ave W,1502,M3K,Condominium,6,York Centre
4721112,STR-2501-GVQSBV,52 Dudley Ave,,M2N,Single/Semi-detached House,18,Willowdale
4721113,STR-2501-HLCSBX,300 Front St W,4112,M5V,Condominium,10,Spadina-Fort York
4721114,STR-2501-HTJSBY,63 Greylawn Cres,,M1R,Single/Semi-detached House,21,Scarborough Centre
4721115,STR-2501-FQGFBQ,225 Montrose Ave,,M6G,Single/Semi-detached House,11,University-Rosedale
4721116,STR-2501-GMZFBT,181 Sheppard Ave E,529,M2N,Condominium,18,Willowdale
4721117,STR-2501-HDMFBW,137 Woodfern Dr,,M1K,Single/Semi-detached House,20,Scarborough Southwest
4721118,STR-2501-HLTFBX,28 Regatta Cres,,M2R,Single/Semi-detached House,18,Willowdale
4721119,STR-2501-HTZFBY,300 Front St W,1203,M5V,Condominium,10,Spadina-Fort York
4721120,STR-2501-JCGFBZ,346 Davenport Rd,205,M5R,Condominium,11,University-Rosedale
4721121,STR-2501-FHQSBP,8 Charlotte St,216,M5V,Condominium,10,Spadina-Fort York
4721122,STR-2501-FYCSBR,955 Bay St,1503,M5S,Condominium,13,Toronto Centre
4721123,STR-2501-FQWSBQ,915 King St W,109,M6K,Condominium,10,Spadina-Fort York
4721124,STR-2501-GPQSBT,65 Bremner Blvd,2202,M5J,Condominium,10,Spadina-Fort York
4721125,STR-2501-HFCSBW,12 York St,2507,M5J,Condominium,10,Spadina-Fort York
4721126,STR-2501-HMJSBX,30 Nelson St,2303,M5V,Condominium,10,Spadina-Fort York
4721127,STR-2501-JCWSBZ,190 Borough Dr,3305,M1P,Condominium,21,Scarborough Centre
4721128,STR-2501-FJGFBP,224 King St W,1707,M5H,Condominium,10,Spadina-Fort York
4721129,STR-2501-FRMFBQ,16 McAdam Ave,704,M6A,Condominium,8,Eglinton-Lawrence
4721130,STR-2501-GQGFBT,14 York St,1906,M5J,Condominium,10,Spadina-Fort York
4721131,STR-2501-GXMFBV,21 Iceboat Ter,4712,M5V,Condominium,10,Spadina-Fort York
4721132,STR-2501-HFTFBW,90 De Quincy Blvd,,M3H,Single/Semi-detached House,6,York Centre
4721133,STR-2501-HMZFBX,21 Iceboat Ter,2103,M5V,Condominium,10,Spadina-Fort York
4721134,STR-2501-HWGFBY,832 Bay St,4208,M5S,Condominium,11,University-Rosedale
4721135,STR-2501-JDMFBZ,832 Bay St,4103,M5S,Condominium,11,University-Rosedale
4721136,STR-2501-FJWSBP,21 Matthew Crt,,M9B,Townhouse/ Row House,2,Etobicoke Centre
4721137,STR-2501-GQWSBT,69 Hertle Ave,BSMT,M4L,Duplex/Triplex/Fourplex,14,Toronto-Danforth
4721138,STR-2501-GYCSBV,126 Muirhead Rd,,M2J,Single/Semi-detached House,17,Don Valley North
4721139,STR-2501-HGJSBW,231 Chisholm Ave,,M4C,Single/Semi-detached House,19,Beaches-East York
4721140,STR-2501-HPQSBX,83 Armstrong Ave,,M6H,Single/Semi-detached House,9,Davenport
4721141,STR-2501-HWWSBY,15 Lavinia Ave,,M6S,Single/Semi-detached House,4,Parkdale-High Park
4721142,STR-2501-JFCSBZ,201 Hendon Ave,,M2M,Single/Semi-detached House,18,Willowdale
4721143,STR-2501-FKMFBP,36 Mitchell Ave,,M6J,Townhouse/ Row House,10,Spadina-Fort York
4721144,STR-2501-FSTFBQ,158 Indian Grv,Unit 1,M6P,Single/Semi-detached House,4,Parkdale-High Park
4721145,STR-2501-FZZFBR,30 Gibbs Rd,2203,M9B,Condominium,2,Etobicoke Centre
4721146,STR-2502-GJGFBS,8 Arkona Dr,,M1T,Single/Semi-detached House,22,Scarborough-Agincourt
4721147,STR-2502-GRMFBT,96 Bleecker St,,M4X,Townhouse/ Row House,13,Toronto Centre
4721148,STR-2502-HGZFBW,21 Iceboat Ter,4703,M5V,Condominium,10,Spadina-Fort York
4721149,STR-2502-HQGFBX,2555 Bloor St W,105,M6S,Apartment,4,Parkdale-High Park
4721150,STR-2502-GSCSBT,251 Jarvis St,3111,M5B,Condominium,13,Toronto Centre
4721151,STR-2502-HHQSBW,981 Dufferin St,A,M6H,Duplex/Triplex/Fourplex,9,Davenport
4721152,STR-2502-HQWSBX,6 Sonic Way,2103,M3C,Condominium,16,Don Valley East
4721153,STR-2502-JGJSBZ,21 Iceboat Ter,3702,M5V,Condominium,10,Spadina-Fort York
4721154,STR-2502-FTZFBQ,116 Woodbine Ave,,M4L,Townhouse/ Row House,19,Beaches-East York
4721155,STR-2502-GCGFBR,141 Lyon Crt,1102,M6B,Apartment,8,Eglinton-Lawrence
4721156,STR-2502-GSTFBT,318 Richmond St W,1802,M5V,Condominium,10,Spadina-Fort York
4721157,STR-2502-GZZFBV,78 Dovercourt Rd,Main,M6J,Single/Semi-detached House,9,Davenport
4721158,STR-2502-HJGFBW,12 Deering Cres,,M2M,Single/Semi-detached House,18,Willowdale
4721159,STR-2502-HRMFBX,151 Dan Leckie Way,950,M5V,Condominium,10,Spadina-Fort York
4721160,STR-2502-HYTFBY,10 Capreol Crt,550,M5V,Condominium,10,Spadina-Fort York
4721161,STR-2502-FDPPPP,120 Homewood Ave,2205,M4Y,Apartment,13,Toronto Centre
4721162,STR-2502-FLVPPQ,211A Mutual St,,M5B,Townhouse/ Row House,13,Toronto Centre
4721163,STR-2502-FVBPPR,35 Cedarcroft Blvd,1412,M2R,Apartment,6,York Centre
4721164,STR-2502-GCHPPS,74 Shannon St,,M6J,Single/Semi-detached House,9,Davenport
4721165,STR-2502-JBBPPZ,260 Belsize Dr,,M4S,Single/Semi-detached House,15,Don Valley West
4721166,STR-2502-GKPPPT,151 Dan Leckie Way,1203,M5V,Condominium,10,Spadina-Fort York
4721167,STR-2502-GSVPPV,21 Iceboat Ter,4602,M5V,Condominium,10,Spadina-Fort York
4721168,STR-2502-HBBPPW,71 Godstone Rd,116,M2J,Townhouse/ Row House,17,Don Valley North
4721169,STR-2502-HYVPPZ,22 Kencliff Cres,,M1P,Single/Semi-detached House,21,Scarborough Centre
4721170,STR-2502-FFFBPP,7 Oxenden Cres,,M9C,Single/Semi-detached House,2,Etobicoke Centre
4721171,STR-2502-FMLBPQ,832 Bay St,3404,M5S,Condominium,11,University-Rosedale
4721172,STR-2502-FVSBPR,314 Oakwood Ave,4,M6E,Apartment,9,Davenport
4721173,STR-2502-GCYBPS,49 Hazelton Ave,,M5R,Single/Semi-detached House,11,University-Rosedale
4721174,STR-2502-GLFBPT,251 Jarvis St,2905,M5B,Condominium,13,Toronto Centre
4721175,STR-2502-GTLBPV,251 Jarvis St,3505,M5B,Condominium,13,Toronto Centre
4721176,STR-2502-HBSBPW,210 Seaton St,,M5A,Single/Semi-detached House,13,Toronto Centre
4721177,STR-2502-HJYBPX,300 Front St W,414,M5V,Condominium,10,Spadina-Fort York
4721178,STR-2502-HSFBPY,353 Victoria Park Ave,,M4E,Single/Semi-detached House,20,Scarborough Southwest
4721179,STR-2502-HZLBPZ,270 Wellington St W,PH 4,M5V,Condominium,10,Spadina-Fort York
4721180,STR-2502-FFVPPP,140 Simcoe St,1218,M5H,Condominium,10,Spadina-Fort York
4721181,STR-2502-FPBPPQ,35 Bastion St,109,M5V,Condominium,10,Spadina-Fort York
4721182,STR-2502-FWHPPR,20 John St,1122,M5V,Condominium,10,Spadina-Fort York
4721183,STR-2502-GLVPPT,20 Blue Jays Way,2401,M5V,Condominium,10,Spadina-Fort York
4721184,STR-2502-HCHPPW,75 Sellers Ave,,M6E,Single/Semi-detached House,9,Davenport
4721185,STR-2502-FGLBPP,36D Massey St,,M6J,Townhouse/ Row House,10,Spadina-Fort York
4721186,STR-2502-FPSBPQ,39 Russett Ave,Main,M6H,Single/Semi-detached House,9,Davenport
4721187,STR-2502-FWYBPR,23 Lorraine Dr,1219,M2N,Condominium,18,Willowdale
4721188,STR-2502-GFFBPS,300 Front St W,4102,M5V,Condominium,10,Spadina-Fort York
4721189,STR-2502-GMLBPT,21 Araman Dr,,M1T,Single/Semi-detached House,22,Scarborough-Agincourt
4721190,STR-2502-GVSBPV,25 Maitland St,201,M4Y,Condominium,13,Toronto Centre
4721191,STR-2502-HCYBPW,288 Swanwick Ave,B,M1N,Single/Semi-detached House,20,Scarborough Southwest
4721192,STR-2502-HLFBPX,209 Fort York Blvd,1657,M5V,Condominium,10,Spadina-Fort York
4721193,STR-2502-HTLBPY,55 Bremner Blvd,4106,M5J,Condominium,10,Spadina-Fort York
4721194,STR-2502-JBSBPZ,12 York St,5209,M5J,Condominium,10,Spadina-Fort York
4721195,STR-2502-FHBPPP,50 Dunfield Ave,115,M4S,Townhouse/ Row House,12,Toronto-St. Paul's
4721196,STR-2502-FQHPPQ,21 Iceboat Ter,2603,M5V,Condominium,10,Spadina-Fort York
4721197,STR-2502-FXPPPR,163 Bellwoods Ave,A,M6J,Single/Semi-detached House,10,Spadina-Fort York
4721198,STR-2502-GFVPPS,955 Bay St,2716,M5S,Condominium,13,Toronto Centre
4721199,STR-2502-GWHPPV,832 Bay St,2503,M5S,Condominium,11,University-Rosedale
4721200,STR-2502-HDPPPW,12 York St,4009,M5J,Condominium,10,Spadina-Fort York
4721201,STR-2502-HLVPPX,643 Christie St,Main,M6G,Single/Semi-detached House,12,Toronto-St. Paul's
4721202,STR-2502-HVBPPY,100 Logan Ave,,M4M,Single/Semi-detached House,14,Toronto-Danforth
4721203,STR-2502-JCHPPZ,15 Queens Quay E,815,M5E,Condominium,10,Spadina-Fort York
4721204,STR-2502-FHSBPP,49 Hartley Ave,,M6E,Single/Semi-detached House,8,Eglinton-Lawrence
4721205,STR-2502-FQYBPQ,256 Manning Ave,,M6J,Townhouse/ Row House,11,University-Rosedale
4721206,STR-2502-GGLBPS,300 Front St W,3611,M5V,Condominium,10,Spadina-Fort York
4721207,STR-2502-GWYBPV,55 Bremner Blvd,1210,M5J,Condominium,10,Spadina-Fort York
4721208,STR-2502-HFFBPW,955 Bay St,1602,M5S,Condominium,13,Toronto Centre
4721209,STR-2502-HMLBPX,21 Iceboat Ter,3303,M5V,Condominium,10,Spadina-Fort York
4721210,STR-2502-HVSBPY,10 Laidlaw St,730,M6K,Townhouse/ Row House,10,Spadina-Fort York
4721211,STR-2502-JCYBPZ,250 Queens Quay W,505,M5J,Condominium,10,Spadina-Fort York
4721212,STR-2502-FJHPPP,12 York St,3306,M5J,Condominium,10,Spadina-Fort York
4721213,STR-2502-FRPPPQ,832 Bay St,2408,M5S,Condominium,11,University-Rosedale
4721214,STR-2502-FYVPPR,210 Victoria St,611,M5B,Condominium,13,Toronto Centre
4721215,STR-2502-GQHPPT,76 Bellefair Ave,Main,M4L,Single/Semi-detached House,19,Beaches-East York
4721216,STR-2502-GXPPPV,560 Front St W,428,M5V,Condominium,10,Spadina-Fort York
4721217,STR-2502-HFVPPW,44 Haileybury Dr,,M1K,Single/Semi-detached House,21,Scarborough Centre
4721218,STR-2502-HPBPPX,39 Lesgay Cres,,M2J,Single/Semi-detached House,17,Don Valley North
4721219,STR-2502-HWHPPY,8 Charlotte St,3201,M5V,Condominium,10,Spadina-Fort York
4721220,STR-2502-JDPPPZ,28 Linden St,303,M4Y,Condominium,13,Toronto Centre
4721221,STR-2502-FJYBPP,550 Queens Quay  W,826,M5V,Condominium,10,Spadina-Fort York
4721222,STR-2502-FSFBPQ,12 Liam Foudy Crt,,M1P,Single/Semi-detached House,21,Scarborough Centre
4721223,STR-2502-FZLBPR,14 York St,6308,M5J,Condominium,10,Spadina-Fort York
4721224,STR-2502-GHSBPS,180 Fairview Mall Dr,1601,M2J,Condominium,17,Don Valley North
4721225,STR-2502-GQYBPT,19 Stamford Sq S,,M1L,Single/Semi-detached House,20,Scarborough Southwest
4721226,STR-2502-HGLBPW,210 Victoria St,2311,M5B,Condominium,13,Toronto Centre
4721227,STR-2502-HWYBPY,25 Mooreshead Dr,,M9C,Single/Semi-detached House,2,Etobicoke Centre
4721228,STR-2502-FKPPPP,151 Dan Leckie Way,347,M5V,Condominium,10,Spadina-Fort York
4721229,STR-2502-FSVPPQ,7 Margaret Ave,,M2J,Single/Semi-detached House,17,Don Valley North
4721230,STR-2502-GRPPPT,335 Connaught Ave,,M2R,Single/Semi-detached House,18,Willowdale
4721231,STR-2502-GYVPPV,64 Wallington Ave,,M4C,Single/Semi-detached House,19,Beaches-East York
4721232,STR-2502-HHBPPW,155 Yorkville Ave,716,M5R,Condominium,11,University-Rosedale
4721233,STR-2502-HQHPPX,5 Sheppard Ave E,2820,M2N,Condominium,18,Willowdale
4721234,STR-2502-HXPPPY,69 Gothic Ave,,M6P,Single/Semi-detached House,4,Parkdale-High Park
4721235,STR-2502-JFVPPZ,129 Concord Ave,,M6H,Single/Semi-detached House,9,Davenport
4721236,STR-2502-FTLBPQ,241 Euclid Ave,,M6J,Single/Semi-detached House,11,University-Rosedale
4721237,STR-2502-GBSBPR,28 Hurlingham Cres,,M3B,Single/Semi-detached House,16,Don Valley East
4721238,STR-2502-GJYBPS,10 Capreol Crt,1015,M5V,Condominium,10,Spadina-Fort York
4721239,STR-2502-GSFBPT,21 Richgrove Dr,407,M9R,Apartment,1,Etobicoke North
4721240,STR-2502-GZLBPV,155 Yorkville Ave,516,M5R,Condominium,11,University-Rosedale
4721241,STR-2502-HQYBPX,14 Beechborough Ave,,M6M,Single/Semi-detached House,5,York South-Weston
4721242,STR-2502-HYFBPY,560 Front St W,1004,M5V,Condominium,10,Spadina-Fort York
4721243,STR-2502-JGLBPZ,98 Lillian St,2820,M4S,Condominium,12,Toronto-St. Paul's
4721244,STR-2502-FDQVPP,21 Iceboat Ter,4115,M5V,Condominium,10,Spadina-Fort York
4721245,STR-2502-FLWVPQ,89 Dunfield Ave,1209,M4S,Condominium,12,Toronto-St. Paul's
4721246,STR-2502-FVCVPR,930 Eastern Ave,,M4L,Single/Semi-detached House,14,Toronto-Danforth
4721247,STR-2502-GCJVPS,339 Burnhamthorpe Rd,,M9B,Single/Semi-detached House,2,Etobicoke Centre
4721248,STR-2502-GKQVPT,12 York St,608,M5J,Condominium,10,Spadina-Fort York
4721249,STR-2502-GSWVPV,14 Rushley Dr,,M1P,Single/Semi-detached House,21,Scarborough Centre
4721250,STR-2502-HBCVPW,22 Western Battery Rd,101,M6K,Townhouse/ Row House,10,Spadina-Fort York
4721251,STR-2502-HJJVPX,1585 Dundas St W,REAR,M6K,Apartment,9,Davenport
4721252,STR-2502-HRQVPY,215 Queen St W,1908,M5V,Condominium,10,Spadina-Fort York
4721253,STR-2502-HYWVPZ,61 Salem Ave,,M6H,Single/Semi-detached House,9,Davenport
4721254,STR-2502-FFGHPP,209 Fort York Blvd,472,M5V,Condominium,10,Spadina-Fort York
4721255,STR-2502-GCZHPS,209 Fort York Blvd,577,M5V,Condominium,10,Spadina-Fort York
4721256,STR-2502-GLGHPT,31B Osborne Ave,,M4E,Townhouse/ Row House,19,Beaches-East York
4721257,STR-2502-HBTHPW,19 Neilson Ave,Main,M1M,Single/Semi-detached House,20,Scarborough Southwest
4721258,STR-2502-HJZHPX,1252 King St W,10,M6K,Condominium,4,Parkdale-High Park
4721259,STR-2502-HZMHPZ,5 St Joseph St,4406,M4Y,Condominium,13,Toronto Centre
4721260,STR-2502-FFWVPP,251 Jarvis St,1031,M5B,Condominium,13,Toronto Centre
4721261,STR-2502-FPCVPQ,158 Indian Grv,B1,M6P,Single/Semi-detached House,4,Parkdale-High Park
4721262,STR-2502-GDQVPS,428 Sackville St,,M4X,Single/Semi-detached House,13,Toronto Centre
4721263,STR-2502-GLWVPT,215 Fort York Blvd,809,M5V,Condominium,10,Spadina-Fort York
4721264,STR-2502-HCJVPW,18 Cresswell Dr,,M1G,Single/Semi-detached House,24,Scarborough-Guildwood
4721265,STR-2502-HKQVPX,174 Kingswood Rd,,M4E,Single/Semi-detached House,19,Beaches-East York
4721266,STR-2502-HSWVPY,101 Peter St,7,M5V,Condominium,10,Spadina-Fort York
4721267,STR-2502-JBCVPZ,209 Fort York Blvd,274,M5V,Condominium,10,Spadina-Fort York
4721268,STR-2502-FPTHPQ,52 Cobham Cres,,M4A,Single/Semi-detached House,16,Don Valley East
4721269,STR-2502-FWZHPR,223 St Clair Ave W,306,M4V,Condominium,12,Toronto-St. Paul's
4721270,STR-2502-GMMHPT,1029 King St W,1022,M6K,Condominium,10,Spadina-Fort York
4721271,STR-2502-GVTHPV,209 Fort York Blvd,556,M5V,Condominium,10,Spadina-Fort York
4721272,STR-2502-HCZHPW,23 Laurentia Cres,,M3H,Single/Semi-detached House,6,York Centre
4721273,STR-2502-HLGHPX,54 Cobbler Cres,,M3N,Single/Semi-detached House,7,Humber River-Black Creek
4721274,STR-2502-HTMHPY,20 John St,621,M5V,Condominium,10,Spadina-Fort York
4721275,STR-2502-FHCVPP,123 Thornbeck Dr,,M1G,Single/Semi-detached House,24,Scarborough-Guildwood
4721276,STR-2502-FXQVPR,832 Bay St,1203,M5S,Condominium,11,University-Rosedale
4721277,STR-2502-GFWVPS,25 Bedford Rd,603,M5R,Apartment,11,University-Rosedale
4721278,STR-2502-GPCVPT,890 Queen St E,B,M4M,Apartment,14,Toronto-Danforth
4721279,STR-2502-GWJVPV,749 Gerrard St E,1,M4M,Townhouse/ Row House,14,Toronto-Danforth
4721280,STR-2502-HLWVPX,15 Laidlaw St,608,M6K,Townhouse/ Row House,10,Spadina-Fort York
4721281,STR-2502-HVCVPY,44 De Vere Gdns,,M5M,Single/Semi-detached House,8,Eglinton-Lawrence
4721282,STR-2502-FHTHPP,300 Front St W,3008,M5V,Condominium,10,Spadina-Fort York
4721283,STR-2502-FQZHPQ,65 Bremner Blvd,3503,M5J,Condominium,10,Spadina-Fort York
4721284,STR-2502-FYGHPR,21 Iceboat Ter,1206,M5V,Condominium,10,Spadina-Fort York
4721285,STR-2502-GGMHPS,21 Iceboat Ter,3002,M5V,Condominium,10,Spadina-Fort York
4721286,STR-2502-GPTHPT,575 Crawford St,,M6G,Single/Semi-detached House,11,University-Rosedale
4721287,STR-2502-GWZHPV,12A St Georges Blvd,,M9R,Single/Semi-detached House,1,Etobicoke North
4721288,STR-2502-HFGHPW,155 Yorkville Ave,905,M5R,Condominium,11,University-Rosedale
4721289,STR-2502-HMMHPX,7 Golden Lion Hts,N3002,M2M,Condominium,18,Willowdale
4721290,STR-2502-HVTHPY,300 Front St W,2210,M5V,Condominium,10,Spadina-Fort York
4721291,STR-2502-JCZHPZ,188 Cumberland St,1702,M5R,Condominium,11,University-Rosedale
4721292,STR-2502-FJJVPP,38 Dan Leckie Way,1602,M5V,Condominium,10,Spadina-Fort York
4721293,STR-2502-FRQVPQ,70 Queens Wharf Rd,812,M5V,Condominium,10,Spadina-Fort York
4721294,STR-2502-GHCVPS,600 Queens Quay W,1012,M5V,Condominium,10,Spadina-Fort York
4721295,STR-2502-HFWVPW,75 Southampton Dr,,M1K,Single/Semi-detached House,21,Scarborough Centre
4721296,STR-2503-JDQVPZ,1655 Keele St,,M6M,Single/Semi-detached House,5,York South-Weston
4721297,STR-2503-FSGHPQ,12 York St,3002,M5J,Condominium,10,Spadina-Fort York
4721298,STR-2503-GHTHPS,62 Turtle Island Rd,,M6A,Townhouse/ Row House,8,Eglinton-Lawrence
4721299,STR-2503-FZMHPR,43 Blair Athol Cres,,M9A,Single/Semi-detached House,2,Etobicoke Centre
4721300,STR-2503-GQZHPT,54 Turtle Island Rd,,M6A,Townhouse/ Row House,8,Eglinton-Lawrence
4721301,STR-2503-GYGHPV,4 Newbold Ave,301,M4L,Apartment,19,Beaches-East York
4721302,STR-2503-HGMHPW,139 Elmer Ave,,M4L,Single/Semi-detached House,19,Beaches-East York
4721303,STR-2503-HPTHPX,2 Anndale Dr,1704,M2N,Condominium,18,Willowdale
4721304,STR-2503-JFGHPZ,500 Doris Ave,1119,M2N,Condominium,18,Willowdale
4721305,STR-2503-HWZHPY,251 Jarvis St,3701,M5B,Condominium,13,Toronto Centre
4721306,STR-2503-FKQVPP,18 Divadale Dr,,M4G,Single/Semi-detached House,15,Don Valley West
4721307,STR-2503-FSWVPQ,148 Shuter St,1,M5A,Townhouse/ Row House,13,Toronto Centre
4721308,STR-2503-GJJVPS,1006 Mount Pleasant Rd,,M4P,Single/Semi-detached House,15,Don Valley West
4721309,STR-2503-GRQVPT,730 St Clarens Ave,703,M6H,Apartment,9,Davenport
4721310,STR-2503-GYWVPV,158 Northcliffe Blvd,M,M6E,Duplex/Triplex/Fourplex,9,Davenport
4721311,STR-2503-HHCVPW,20 Blue Jays Way,1106,M5V,Condominium,10,Spadina-Fort York
4721312,STR-2503-HXQVPY,955 Bay St,517,M5S,Condominium,13,Toronto Centre
4721313,STR-2503-JFWVPZ,210 Victoria St,711,M5B,Condominium,13,Toronto Centre
4721314,STR-2503-FLGHPP,120 Homewood Ave,1009,M4Y,Condominium,13,Toronto Centre
4721315,STR-2503-FTMHPQ,5162 Yonge St,1002,M2N,Apartment,18,Willowdale
4721316,STR-2503-GBTHPR,209 Fort York Blvd,372,M5V,Condominium,10,Spadina-Fort York
4721317,STR-2503-GJZHPS,251 Gerrard St E,A,M5A,Apartment,13,Toronto Centre
4721318,STR-2503-GZMHPV,155 Yorkville Ave,715,M5R,Condominium,11,University-Rosedale
4721319,STR-2503-HHTHPW,209 Fort York Blvd,861,M5V,Condominium,10,Spadina-Fort York
4721320,STR-2503-HQZHPX,253 Bedford Park Ave,,M5M,Single/Semi-detached House,8,Eglinton-Lawrence
4721321,STR-2503-HYGHPY,39 Minto St,,M4L,Single/Semi-detached House,14,Toronto-Danforth
4721322,STR-2503-JGMHPZ,332 Robina Ave,APT,M6C,Single/Semi-detached House,12,Toronto-St. Paul's
4721323,STR-2503-FDSBPP,50 Eltham Dr,,M8W,Single/Semi-detached House,3,Etobicoke-Lakeshore
4721324,STR-2503-FLYBPQ,259 Albany Ave,,M5R,Single/Semi-detached House,11,University-Rosedale
4721325,STR-2503-FVFBPR,9 Conlins Rd,,M1C,Single/Semi-detached House,25,Scarborough-Rouge Park
4721326,STR-2503-GKSBPT,155 Yorkville Ave,1208,M5R,Condominium,11,University-Rosedale
4721327,STR-2503-HJLBPX,293 Dunforest Ave,,M2N,Single/Semi-detached House,18,Willowdale
4721328,STR-2503-GSYBPV,3 Wythenshawe Wood,,M1E,Single/Semi-detached House,24,Scarborough-Guildwood
4721329,STR-2503-HBFBPW,32 Fuller Ave,,M6R,Single/Semi-detached House,4,Parkdale-High Park
4721330,STR-2503-HYYBPZ,54 Peterborough Ave,2,M6H,Duplex/Triplex/Fourplex,9,Davenport
4721331,STR-2503-FMPPPQ,26 Ridgemoor Ave,,M1N,Single/Semi-detached House,20,Scarborough Southwest
4721332,STR-2503-FVVPPR,151 Dan Leckie Way,1811,M5V,Condominium,10,Spadina-Fort York
4721333,STR-2503-GDBPPS,17 Bathurst St,2103,M5V,Condominium,10,Spadina-Fort York
4721334,STR-2503-GLHPPT,113 Wolseley St,A,M6J,Duplex/Triplex/Fourplex,10,Spadina-Fort York
4721335,STR-2503-GTPPPV,17 Elmont Dr,,M4B,Single/Semi-detached House,19,Beaches-East York
4721336,STR-2503-HBVPPW,38 Templar Dr,2,M9R,Duplex/Triplex/Fourplex,2,Etobicoke Centre
4721337,STR-2503-HKBPPX,168 Simcoe St,1013,M5H,Condominium,10,Spadina-Fort York
4721338,STR-2503-HSHPPY,197 Maria St,,M6P,Townhouse/ Row House,4,Parkdale-High Park
4721339,STR-2503-HZPPPZ,24 August Ave,,M1L,Single/Semi-detached House,20,Scarborough Southwest
4721340,STR-2503-FFYBPP,321 Lonsdale Rd,H,M4V,Apartment,12,Toronto-St. Paul's
4721341,STR-2503-FPFBPQ,101 Peter St,1611,M5V,Condominium,10,Spadina-Fort York
4721342,STR-2503-FWLBPR,151 Dan Leckie Way,617,M5V,Condominium,10,Spadina-Fort York
4721343,STR-2503-GDSBPS,2 Anndale Dr,1403,M2N,Condominium,18,Willowdale
4721344,STR-2503-HCLBPW,251 Jarvis St,1709,M5B,Condominium,13,Toronto Centre
4721345,STR-2503-HKSBPX,1101 Brimley Rd,,M1P,Single/Semi-detached House,21,Scarborough Centre
4721346,STR-2503-HSYBPY,65 Bremner Blvd,4106,M5J,Condominium,10,Spadina-Fort York
4721347,STR-2503-JBFBPZ,18 Yonge St,1202,M5E,Condominium,10,Spadina-Fort York
4721348,STR-2503-FGPPPP,19 Baskerville Cres,,M9C,Single/Semi-detached House,2,Etobicoke Centre
4721349,STR-2503-FXBPPR,284 Melrose St,,M8Z,Single/Semi-detached House,3,Etobicoke-Lakeshore
4721350,STR-2503-GFHPPS,222 Elm St,202,M5T,Apartment,11,University-Rosedale
4721351,STR-2503-GVVPPV,2 Anndale Dr,2403,M2N,Condominium,18,Willowdale
4721352,STR-2503-HLHPPX,18 Aspendale Dr,,M1P,Single/Semi-detached House,21,Scarborough Centre
4721353,STR-2503-HTPPPY,28 Maynard Ave,302,M6K,Apartment,4,Parkdale-High Park
4721354,STR-2503-JBVPPZ,169 Jameson Ave,204,M6K,Apartment,4,Parkdale-High Park
4721355,STR-2503-FHFBPP,356 Riverdale Ave,Lower,M4J,Single/Semi-detached House,14,Toronto-Danforth
4721356,STR-2503-FQLBPQ,32 Cheatham Pl,,M1B,Single/Semi-detached House,23,Scarborough North
4721357,STR-2503-GFYBPS,151 Dan Leckie Way,552,M5V,Apartment,10,Spadina-Fort York
4721358,STR-2503-HDSBPW,120 Jameson Ave,606,M6K,Apartment,4,Parkdale-High Park
4721359,STR-2503-HLYBPX,2 Anndale Dr,2106,M2N,Condominium,18,Willowdale
4721360,STR-2503-HVFBPY,9 Weston Downs Ave,,M9N,Single/Semi-detached House,5,York South-Weston
4721361,STR-2503-JCLBPZ,23 Cremorne Ave,,M8Z,Single/Semi-detached House,3,Etobicoke-Lakeshore
4721362,STR-2503-FHVPPP,21 Iceboat Ter,1609,M5V,Condominium,10,Spadina-Fort York
4721363,STR-2503-FRBPPQ,136 Silverhill Dr,,M9B,Single/Semi-detached House,3,Etobicoke-Lakeshore
4721364,STR-2503-FYHPPR,560 Front St W,621,M5V,Condominium,10,Spadina-Fort York
4721365,STR-2503-GGPPPS,188 Jameson Ave,303,M6K,Apartment,4,Parkdale-High Park
4721366,STR-2503-GPVPPT,122 Dowling Ave,36,M6K,Apartment,4,Parkdale-High Park
4721367,STR-2503-GXBPPV,795B Manning Ave,,M6G,Single/Semi-detached House,11,University-Rosedale
4721368,STR-2503-HFHPPW,19 Yorkview Dr,,M8Z,Single/Semi-detached House,3,Etobicoke-Lakeshore
4721369,STR-2503-HMPPPX,211 Island Rd,,M1C,Single/Semi-detached House,25,Scarborough-Rouge Park
4721370,STR-2503-JDBPPZ,58 Shaver Ave S,,M9B,Single/Semi-detached House,3,Etobicoke-Lakeshore
4721371,STR-2503-FJLBPP,199 Richmond St W,217,M5V,Condominium,10,Spadina-Fort York
4721372,STR-2503-FRSBPQ,68 Burnaby Blvd,1,M5N,Duplex/Triplex/Fourplex,8,Eglinton-Lawrence
4721373,STR-2503-FYYBPR,95 Jameson Ave,207,M6K,Apartment,4,Parkdale-High Park
4721374,STR-2503-GHFBPS,732 Royal York Rd,,M8Y,Single/Semi-detached House,3,Etobicoke-Lakeshore
4721375,STR-2503-GQLBPT,67 Denison Ave,,M5T,Single/Semi-detached House,10,Spadina-Fort York
4721376,STR-2503-GXSBPV,42 Western Battery Rd,744,M6K,Condominium,10,Spadina-Fort York
4721377,STR-2503-HFYBPW,130 Pemberton Ave,,M2M,Single/Semi-detached House,18,Willowdale
4721378,STR-2503-HPFBPX,181 Huron St,204,M5T,Condominium,11,University-Rosedale
4721379,STR-2503-HWLBPY,12 York St,2702,M5J,Apartment,10,Spadina-Fort York
4721380,STR-2503-JDSBPZ,5155 Sheppard Ave E,103,M1B,Condominium,23,Scarborough North
4721381,STR-2503-FKBPPP,149 Dowling Ave,B,M6K,Apartment,4,Parkdale-High Park
4721382,STR-2503-FSHPPQ,11 Lockmere Terr,Lower Level,M2J,Single/Semi-detached House,17,Don Valley North
4721383,STR-2503-FZPPPR,730 Dovercourt Rd,207,M6H,Apartment,9,Davenport
4721384,STR-2503-GHVPPS,608 Van Horne Ave,,M2J,Single/Semi-detached House,17,Don Valley North
4721385,STR-2503-GRBPPT,151 Dan Leckie Way,1607,M5V,Condominium,10,Spadina-Fort York
4721386,STR-2503-HXBPPY,21 Iceboat Ter,4510,M5V,Condominium,10,Spadina-Fort York
4721387,STR-2503-GBFBPR,21 Baird Ave,,M4J,Single/Semi-detached House,14,Toronto-Danforth
4721388,STR-2503-JFHPPZ,11 Christie St,103,M6G,Apartment,11,University-Rosedale
4721389,STR-2503-FKSBPP,36 BrentCliffe Rd,313,M4G,Apartment,15,Don Valley West
4721390,STR-2503-FSYBPQ,8 Widmer St,812,M5V,Condominium,10,Spadina-Fort York
4721391,STR-2503-GRSBPT,707 Dovercourt Rd,409,M6H,Apartment,9,Davenport
4721392,STR-2503-GYYBPV,34 Lynmont Rd,,M9V,Single/Semi-detached House,1,Etobicoke North
4721393,STR-2503-HHFBPW,28 St Andrew St,2,M5T,Apartment,11,University-Rosedale
4721394,STR-2503-JFYBPZ,9 Beatrice St,,M6J,Single/Semi-detached House,11,University-Rosedale
4721395,STR-2503-FTPPPQ,25 Duncannon Dr,,M5P,Single/Semi-detached House,12,Toronto-St. Paul's
4721396,STR-2503-GBVPPR,38 Western Battery Rd,626,M6K,Townhouse/ Row House,10,Spadina-Fort York
4721397,STR-2503-HHVPPW,168 Simcoe St,507,M5H,Condominium,10,Spadina-Fort York
4721398,STR-2503-GKBPPS,101 Peter St,3902,M5V,Condominium,10,Spadina-Fort York
4721399,STR-2503-GZPPPV,749 Richmond St W,,M6J,Single/Semi-detached House,10,Spadina-Fort York
4721400,STR-2503-HRBPPX,637 Wellington St W,,M5V,Duplex/Triplex/Fourplex,10,Spadina-Fort York
4721401,STR-2503-HYHPPY,79 Droxford Ave,,M1R,Single/Semi-detached House,21,Scarborough Centre
4721402,STR-2503-FDTHPP,67 Gustav Cres,,M2M,Single/Semi-detached House,18,Willowdale
4721403,STR-2503-FLZHPQ,101 Peter St,1607,M5V,Condominium,10,Spadina-Fort York
4721404,STR-2503-GDTHPS,3 Kellen St,,M1T,Single/Semi-detached House,22,Scarborough-Agincourt
4721405,STR-2503-GCMHPS,300 Front St W,3313,M5V,Condominium,10,Spadina-Fort York
4721406,STR-2503-GKTHPT,61 Northern Dancer Blvd,,M4L,Single/Semi-detached House,19,Beaches-East York
4721407,STR-2503-GSZHPV,300 Front St W,1211,M5V,Condominium,10,Spadina-Fort York
4721408,STR-2503-HBGHPW,29 Bowan Crt,,M2K,Single/Semi-detached House,17,Don Valley North
4721409,STR-2503-HRTHPY,21 Iceboat Ter,3207,M5V,Condominium,10,Spadina-Fort York
4721410,STR-2503-HYZHPZ,17 Wadsworth Blvd,,M9N,Single/Semi-detached House,5,York South-Weston
4721411,STR-2503-FFJVPP,7 Flax Field Lane,,M2N,Townhouse/ Row House,18,Willowdale
4721412,STR-2503-FVWVPR,43 Templeton Crt,,M1E,Single/Semi-detached House,24,Scarborough-Guildwood
4721413,STR-2503-GDCVPS,209 Fort York Blvd,762,M5V,Condominium,10,Spadina-Fort York
4721414,STR-2503-GTQVPV,70 Douro St,114,M6K,Townhouse/ Row House,10,Spadina-Fort York
4721415,STR-2503-HBWVPW,9 Spadina Ave,815,M5V,Condominium,10,Spadina-Fort York
4721416,STR-2503-HSJVPY,59 Brawley Ave,,M8Z,Single/Semi-detached House,3,Etobicoke-Lakeshore
4721417,STR-2503-HZQVPZ,39 South Kingsway,,M6S,Single/Semi-detached House,4,Parkdale-High Park
4721418,STR-2503-FFZHPP,31 Phipps St,R611,M4Y,Apartment,13,Toronto Centre
4721419,STR-2503-FPGHPQ,151 Dan Leckie Way,1202,M5V,Condominium,10,Spadina-Fort York
4721420,STR-2503-FWMHPR,199 Rouge Hills Dr,,M1C,Single/Semi-detached House,25,Scarborough-Rouge Park
4721421,STR-2503-GLZHPT,62 Exbury Rd,,M3M,Single/Semi-detached House,6,York Centre
4721422,STR-2503-GVGHPV,300 Front St W,2708,M5V,Condominium,10,Spadina-Fort York
4721423,STR-2503-HCMHPW,55 Bremner Blvd,2211,M5J,Condominium,10,Spadina-Fort York
4721424,STR-2503-HKTHPX,116 Seaton St,unit 2,M5A,Duplex/Triplex/Fourplex,13,Toronto Centre
4721425,STR-2503-HSZHPY,101 Peter St,1906,M5V,Condominium,10,Spadina-Fort York
4721426,STR-2503-JBGHPZ,12 York St,4707,M5J,Condominium,10,Spadina-Fort York
4721427,STR-2503-FGQVPP,715 Lawrence Ave W,18,M6A,Townhouse/ Row House,8,Eglinton-Lawrence
4721428,STR-2503-FPWVPQ,151 Dan Leckie Way,802,M5V,Condominium,10,Spadina-Fort York
4721429,STR-2503-FXCVPR,33 Ovida Ave,,M9B,Single/Semi-detached House,3,Etobicoke-Lakeshore
4721430,STR-2503-GFJVPS,166 Gilmour Ave,,M6P,Single/Semi-detached House,4,Parkdale-High Park
4721431,STR-2503-GVWVPV,2 Anndale Dr,402,M2N,Condominium,18,Willowdale
4721432,STR-2503-HDCVPW,136 Ellins Ave,,M6N,Single/Semi-detached House,5,York South-Weston
4721433,STR-2503-HLJVPX,2B Holmstead Ave,,M4B,Single/Semi-detached House,19,Beaches-East York
4721434,STR-2503-HTQVPY,64 Montrose Ave,,M6J,Single/Semi-detached House,11,University-Rosedale
4721435,STR-2503-JBWVPZ,10 Willison Sq,602,M5T,Condominium,10,Spadina-Fort York
4721436,STR-2503-FHGHPP,2 Sonic Way,901,M3C,Condominium,16,Don Valley East
4721437,STR-2503-FXTHPR,122 Elvaston Dr,,M4A,Single/Semi-detached House,16,Don Valley East
4721438,STR-2503-GPGHPT,29 McMahon Dr,VILLA101,M2K,Townhouse/ Row House,17,Don Valley North
4721439,STR-2503-HLZHPX,268 Euclid Ave,,M6J,Single/Semi-detached House,11,University-Rosedale
4721440,STR-2503-HVGHPY,140 Simcoe St,1304,M5H,Condominium,10,Spadina-Fort York
4721441,STR-2503-FRCVPQ,650 Queens Quay W,210,M5V,Apartment,10,Spadina-Fort York
4721442,STR-2503-FYJVPR,397 Front St W,901,M5V,Apartment,10,Spadina-Fort York
4721443,STR-2503-GGQVPS,105 George St,1907,M5A,Condominium,13,Toronto Centre
4721444,STR-2503-GPWVPT,48 Smithfield Dr,,M8Y,Single/Semi-detached House,3,Etobicoke-Lakeshore
4721445,STR-2503-GXCVPV,38 Dan Leckie Way,2808,M5V,Condominium,10,Spadina-Fort York
4721446,STR-2503-HFJVPW,163 Manning Ave,UPPER,M6J,Duplex/Triplex/Fourplex,10,Spadina-Fort York
4721447,STR-2503-HVWVPY,103 Charlton Blvd,,M2M,Single/Semi-detached House,18,Willowdale
4721448,STR-2503-JDCVPZ,209 Fort York Blvd,571,M5V,Condominium,10,Spadina-Fort York
4721449,STR-2503-FRTHPQ,25 Carnwath Cres,,M2P,Single/Semi-detached House,15,Don Valley West
4721450,STR-2503-FYZHPR,58 Temple Bar Cres,,M1W,Single/Semi-detached House,22,Scarborough-Agincourt
4721451,STR-2503-GHGHPS,3380 Eglinton Ave E,905,M1J,Condominium,24,Scarborough-Guildwood
4721452,STR-2503-GQMHPT,636 Evans Ave,66,M8W,Townhouse/ Row House,3,Etobicoke-Lakeshore
4721453,STR-2503-GXTHPV,12 York St,3005,M5J,Condominium,10,Spadina-Fort York
4721454,STR-2503-HWMHPY,80 Adanac Dr,,M1M,Single/Semi-detached House,20,Scarborough Southwest
4721455,STR-2503-HFZHPW,120 Harrison Garden Blvd,411,M2N,Condominium,18,Willowdale
4721456,STR-2503-HPGHPX,77 Allingham Gdns,,M3H,Single/Semi-detached House,6,York Centre
4721457,STR-2503-JDTHPZ,1818 Lake Shore Blvd E,,M4L,Single/Semi-detached House,19,Beaches-East York
4721458,STR-2503-FKCVPP,215 Fort York Blvd,3610,M5V,Condominium,10,Spadina-Fort York
4721459,STR-2503-FSJVPQ,165 Sunnyside Ave,1,M6R,Single/Semi-detached House,4,Parkdale-High Park
4721460,STR-2503-GHWVPS,209 Fort York Blvd,1362,M5V,Condominium,10,Spadina-Fort York
4721461,STR-2503-GRCVPT,50 William Durie Way,,M2R,Single/Semi-detached House,18,Willowdale
4721462,STR-2503-HXCVPY,120 Harrison Garden Blvd,135,M2N,Condominium,18,Willowdale
4721463,STR-2503-FKTHPP,12 York St,1511,M5J,Condominium,10,Spadina-Fort York
4721464,STR-2503-FSZHPQ,600 Queens Quay W,718,M5V,Apartment,10,Spadina-Fort York
4721465,STR-2503-GBGHPR,90 Niagara St,202,M5V,Apartment,10,Spadina-Fort York
4721466,STR-2503-GYZHPV,1314 Dupont St,BSMT,M6H,Townhouse/ Row House,9,Davenport
4721467,STR-2503-HHGHPW,550 Queens Quay W,203,M5V,Apartment,10,Spadina-Fort York
4721468,STR-2503-HQMHPX,23 Cherrystone Dr,,M2H,Single/Semi-detached House,17,Don Valley North
4721469,STR-2503-JFZHPZ,793 Albion Rd,,M9V,Single/Semi-detached House,1,Etobicoke North
4721470,STR-2503-FLJVPP,10 Capreol Crt,223,M5V,Apartment,10,Spadina-Fort York
4721471,STR-2503-FTQVPQ,9 Rankin Cres,,M6P,Townhouse/ Row House,9,Davenport
4721472,STR-2503-GBWVPR,15 Iceboat Ter,333,M5V,Apartment,10,Spadina-Fort York
4721473,STR-2503-GKCVPS,158 Indian Grv,UNIT B2,M6P,Single/Semi-detached House,4,Parkdale-High Park
4721474,STR-2503-GZQVPV,16 Goodwill Ave,,M3H,Single/Semi-detached House,6,York Centre
4721475,STR-2503-HHWVPW,236 Manning Ave,,M6J,Townhouse/ Row House,11,University-Rosedale
4721476,STR-2503-JGQVPZ,50 William St,,M9N,Single/Semi-detached House,5,York South-Weston
4721477,STR-2503-FDVPPP,208 Finch Ave E,,M2N,Single/Semi-detached House,18,Willowdale
4721478,STR-2503-FMBPPQ,300 Front St W,4307,M5V,Condominium,10,Spadina-Fort York
4721479,STR-2503-FVHPPR,103 Ashdale Ave,2,M4L,Duplex/Triplex/Fourplex,14,Toronto-Danforth
4721480,STR-2503-GCPPPS,21 Glen Belle Cres,,M6A,Single/Semi-detached House,8,Eglinton-Lawrence
4721481,STR-2503-GKVPPT,188 Cumberland St,809,M5R,Condominium,11,University-Rosedale
4721482,STR-2503-GTBPPV,730 Ontario St,1009,M4X,Apartment,13,Toronto Centre
4721483,STR-2503-HJPPPX,251 Jarvis St,2705,M5B,Condominium,13,Toronto Centre
4721484,STR-2503-HRVPPY,251 Jarvis St,317,M5B,Condominium,13,Toronto Centre
4721485,STR-2503-HZBPPZ,55 Bremner Blvd,2309,M5J,Condominium,10,Spadina-Fort York
4721486,STR-2503-FFLBPP,2 Anndale Dr,809,M2N,Condominium,18,Willowdale
4721487,STR-2504-FMSBPQ,185 Craighurst Ave,,M4R,Single/Semi-detached House,8,Eglinton-Lawrence
4721488,STR-2504-GDFBPS,53 Satok Terr,,M1E,Single/Semi-detached House,25,Scarborough-Rouge Park
4721489,STR-2504-GLLBPT,61 West Lodge Ave,2,M6K,Duplex/Triplex/Fourplex,4,Parkdale-High Park
4721490,STR-2504-GTSBPV,50 Dunfield Ave,1616,M4S,Condominium,12,Toronto-St. Paul's
4721491,STR-2504-HKFBPX,300 Front St W,508,M5V,Condominium,10,Spadina-Fort York
4721492,STR-2504-HSLBPY,234 Bathurst St,MAIN,M5T,Apartment,10,Spadina-Fort York
4721493,STR-2504-HZSBPZ,577 Bathurst St,1,M5S,Duplex/Triplex/Fourplex,11,University-Rosedale
4721494,STR-2504-FGBPPP,15 Iceboat Ter,940,M5V,Apartment,10,Spadina-Fort York
4721495,STR-2504-FWPPPR,10 Capreol Crt,522,M5V,Apartment,10,Spadina-Fort York
4721496,STR-2504-GDVPPS,140 Simcoe St,906,M5H,Apartment,10,Spadina-Fort York
4721497,STR-2504-GMBPPT,433 Hillsdale Ave E,,M4S,Single/Semi-detached House,15,Don Valley West
4721498,STR-2504-GVHPPV,98 Lillian St,2717,M4S,Condominium,12,Toronto-St. Paul's
4721499,STR-2504-HKVPPX,58 Beverley St,Upper unit,M5T,Duplex/Triplex/Fourplex,10,Spadina-Fort York
4721500,STR-2504-HCPPPW,14 York St,1109,M5J,Condominium,10,Spadina-Fort York
4721501,STR-2504-HTBPPY,3091 Dufferin St,1509,M6A,Condominium,8,Eglinton-Lawrence
4721502,STR-2504-JBHPPZ,151 Dan Leckie Way,555,M5V,Condominium,10,Spadina-Fort York
4721503,STR-2504-FXFBPR,55 Bremner Blvd,4302,M5J,Condominium,10,Spadina-Fort York
4721504,STR-2504-GFLBPS,39 Bessborough Dr,,M4G,Single/Semi-detached House,15,Don Valley West
4721505,STR-2504-GMSBPT,101 Peter St,3605,M5V,Condominium,10,Spadina-Fort York
4721506,STR-2504-HLLBPX,8 Glenelia Ave,,M2M,Single/Semi-detached House,18,Willowdale
4721507,STR-2504-HTSBPY,410A Queen St W,2,M5V,Duplex/Triplex/Fourplex,10,Spadina-Fort York
4721508,STR-2504-FQPPPQ,508 Wellington St W,TH01,M5V,Townhouse/ Row House,10,Spadina-Fort York
4721509,STR-2504-GGBPPS,798 Richmond St W,337,M6J,Apartment,10,Spadina-Fort York
4721510,STR-2504-GPHPPT,25 Nicholas Ave,506,M5A,Apartment,13,Toronto Centre
4721511,STR-2504-GWPPPV,41 Hartleywood Dr,,M1S,Single/Semi-detached House,23,Scarborough North
4721512,STR-2504-HDVPPW,156 The Westway,,M9P,Single/Semi-detached House,2,Etobicoke Centre
4721513,STR-2504-HMBPPX,165 Legion Rd N,2132,M8Y,Apartment,3,Etobicoke-Lakeshore
4721514,STR-2504-HVHPPY,48 Myrtle Ave,,M4M,Single/Semi-detached House,14,Toronto-Danforth
4721515,STR-2504-JCPPPZ,14 York St,2704,M5J,Condominium,10,Spadina-Fort York
4721516,STR-2504-FHYBPP,1042 Davenport Rd,3,M6G,Duplex/Triplex/Fourplex,12,Toronto-St. Paul's
4721517,STR-2504-FRFBPQ,69 Yarrow Rd,,M6M,Single/Semi-detached House,5,York South-Weston
4721518,STR-2504-FYLBPR,156 Glen Park Ave,,M6B,Single/Semi-detached House,8,Eglinton-Lawrence
4721519,STR-2504-GGSBPS,112 George St,1508,M5A,Condominium,13,Toronto Centre
4721520,STR-2504-GXFBPV,50 Bruyeres Mews,810,M5V,Condominium,10,Spadina-Fort York
4721521,STR-2504-HFLBPW,177C Caledonia Rd,,M6E,Single/Semi-detached House,9,Davenport
4721522,STR-2504-HVYBPY,7 Nickle St,,M6M,Single/Semi-detached House,5,York South-Weston
4721523,STR-2504-FRVPPQ,15 Iceboat Ter,3806,M5V,Condominium,10,Spadina-Fort York
4721524,STR-2504-FZBPPR,61 Riverhead Dr,,M9W,Single/Semi-detached House,1,Etobicoke North
4721525,STR-2504-GQPPPT,15 Iceboat Ter,4001,M5V,Condominium,10,Spadina-Fort York
4721526,STR-2504-GXVPPV,209 Fort York Blvd,1660,M5V,Condominium,10,Spadina-Fort York
4721527,STR-2504-HGBPPW,30 Nelson St,809,M5V,Condominium,10,Spadina-Fort York
4721528,STR-2504-HPHPPX,18 Parkview Ave,1211,M2N,Condominium,18,Willowdale
4721529,STR-2504-HWPPPY,286 Runnymede Rd,1,M6S,Single/Semi-detached House,4,Parkdale-High Park
4721530,STR-2504-FKFBPP,151 Dan Leckie Way,1608,M5V,Condominium,10,Spadina-Fort York
4721531,STR-2504-FSLBPQ,55 Sanwood Blvd,,M1V,Single/Semi-detached House,22,Scarborough-Agincourt
4721532,STR-2504-FZSBPR,151 Dan Leckie Way,648,M5V,Apartment,10,Spadina-Fort York
4721533,STR-2504-GHYBPS,1100 King St W,B420,M6K,Apartment,10,Spadina-Fort York
4721534,STR-2504-HGSBPW,1A Lunness Rd,,M8W,Townhouse/ Row House,3,Etobicoke-Lakeshore
4721535,STR-2504-HPYBPX,188 Cumberland St,1804,M5R,Condominium,11,University-Rosedale
4721536,STR-2504-HXFBPY,300 Front St W,1908,M5V,Condominium,10,Spadina-Fort York
4721537,STR-2504-JFLBPZ,89 Dunfield Ave,804,M4S,Condominium,12,Toronto-St. Paul's
4721538,STR-2504-FKVPPP,2 Anndale Dr,2205,M2N,Condominium,18,Willowdale
4721539,STR-2504-FTBPPQ,15 Ellerslie ave,2806,M2N,Condominium,18,Willowdale
4721540,STR-2504-GJPPPS,10 Capreol Crt,925,M5V,Condominium,10,Spadina-Fort York
4721541,STR-2504-GRVPPT,8 Wellesley St E,209,M4Y,Condominium,13,Toronto Centre
4721542,STR-2504-GZBPPV,165 Legion Rd N,2830,M8Y,Condominium,3,Etobicoke-Lakeshore
4721543,STR-2504-HHHPPW,140 Simcoe St,1315,M5H,Condominium,10,Spadina-Fort York
4721544,STR-2504-HQPPPX,20 Graydon Hall Dr,1601,M3A,Apartment,16,Don Valley East
4721545,STR-2504-JGBPPZ,90 Apache Trl,,M2H,Single/Semi-detached House,17,Don Valley North
4721546,STR-2504-GKFBPS,210 Victoria St,3301,M5B,Condominium,13,Toronto Centre
4721547,STR-2504-FLLBPP,26 Olive Ave,610,M2N,Condominium,18,Willowdale
4721548,STR-2504-FTSBPQ,15 Queens Quay E,3401,M5E,Condominium,10,Spadina-Fort York
4721549,STR-2504-GBYBPR,105 George St,404,M5A,Condominium,13,Toronto Centre
4721550,STR-2504-GSLBPT,14 York St,6211,M5J,Condominium,10,Spadina-Fort York
4721551,STR-2504-GZSBPV,18 Haig Ave,,M1N,Single/Semi-detached House,20,Scarborough Southwest
4721552,STR-2504-HRFBPX,60 Carr St,15,M5T,Condominium,10,Spadina-Fort York
4721553,STR-2504-HYLBPY,12 York St,5408,M5J,Condominium,10,Spadina-Fort York
4721554,STR-2504-JGSBPZ,65 Westbourne Ave,,M1L,Single/Semi-detached House,20,Scarborough Southwest
4721555,STR-2504-GCQVPS,21 Markbrook Lane,711,M9V,Condominium,1,Etobicoke North
4721556,STR-2504-GKWVPT,56 Fort York Blvd,G03,M5V,Condominium,10,Spadina-Fort York
4721557,STR-2504-GTCVPV,21 Iceboat Ter,2107,M5V,Condominium,10,Spadina-Fort York
4721558,STR-2504-HBJVPW,65 Bremner Blvd,2509,M5J,Condominium,10,Spadina-Fort York
4721559,STR-2504-HJQVPX,74 Westbourne Ave,Main Fl,M1L,Single/Semi-detached House,20,Scarborough Southwest
4721560,STR-2504-HZCVPZ,25 Lower Simcoe St,1108,M5J,Condominium,10,Spadina-Fort York
4721561,STR-2504-FFMHPP,36 Zorra St,2204,M8Z,Condominium,3,Etobicoke-Lakeshore
4721562,STR-2504-FMTHPQ,79 Edenvale Cres,,M9A,Single/Semi-detached House,2,Etobicoke Centre
4721563,STR-2504-FVZHPR,21 Pirandello St,1234,M6K,Townhouse/ Row House,10,Spadina-Fort York
4721564,STR-2504-GLMHPT,2654 Lake Shore Blvd W,,M8V,Single/Semi-detached House,3,Etobicoke-Lakeshore
4721565,STR-2504-HBZHPW,16 Foxwell St,Basement,M6N,Single/Semi-detached House,5,York South-Weston
4721566,STR-2504-HSMHPY,88 Charles St E,511,M4Y,Condominium,11,University-Rosedale
4721567,STR-2504-HZTHPZ,12 York St,2806,M5J,Condominium,10,Spadina-Fort York
4721568,STR-2504-FGCVPP,305 Shaw St,,M6J,Single/Semi-detached House,11,University-Rosedale
4721569,STR-2504-FPJVPQ,163 Bellwoods Ave,Unit B,M6J,Single/Semi-detached House,10,Spadina-Fort York
4721570,STR-2504-FWQVPR,32 Danzig St,,M1E,Single/Semi-detached House,24,Scarborough-Guildwood
4721571,STR-2504-GDWVPS,300 Front St W,3302,M5V,Apartment,10,Spadina-Fort York
4721572,STR-2504-GMCVPT,410A Queen Street West,3,M5V,Townhouse/ Row House,10,Spadina-Fort York
4721573,STR-2504-HKWVPX,251 Jarvis St,1417,M5B,Condominium,13,Toronto Centre
4721574,STR-2504-HTCVPY,759 Wilson Heights Blvd,,M3H,Single/Semi-detached House,6,York Centre
4721575,STR-2504-FGTHPP,3 Gloucester St,501,M4Y,Condominium,13,Toronto Centre
4721576,STR-2504-FXGHPR,12 York St,1509,M5J,Condominium,10,Spadina-Fort York
4721577,STR-2504-GFMHPS,30 Nelson St,1407,M5V,Condominium,10,Spadina-Fort York
4721578,STR-2504-GMTHPT,219 Fort York Blvd,2911,M5V,Apartment,10,Spadina-Fort York
4721579,STR-2504-GVZHPV,3 Empire Ave,,M4M,Single/Semi-detached House,14,Toronto-Danforth
4721580,STR-2504-HDGHPW,422 Christie St,,M6G,Single/Semi-detached House,12,Toronto-St. Paul's
4721581,STR-2504-HLMHPX,35 Mariner Ter,309,M5V,Condominium,10,Spadina-Fort York
4721582,STR-2504-JBZHPZ,101 Peter St,3912,M5V,Condominium,10,Spadina-Fort York
4721583,STR-2504-FHJVPP,171 Elmwood Ave,,M2N,Single/Semi-detached House,18,Willowdale
4721584,STR-2504-FXWVPR,44 St Dunstan Dr,,M1L,Single/Semi-detached House,20,Scarborough Southwest
4721585,STR-2504-GPJVPT,151 Dan Leckie Way,2007,M5V,Condominium,10,Spadina-Fort York
4721586,STR-2504-HDWVPW,278 McKee Ave,,M2N,Single/Semi-detached House,18,Willowdale
4721587,STR-2504-JCQVPZ,62 Stanley Ter,,M6J,Single/Semi-detached House,10,Spadina-Fort York
4721588,STR-2504-FYMHPR,81 Prairie Dr,,M1L,Single/Semi-detached House,20,Scarborough Southwest
4721589,STR-2504-GGTHPS,10 Morrison St,703,M5V,Condominium,10,Spadina-Fort York
4721590,STR-2504-GPZHPT,219 Fort York Blvd,2710,M5V,Condominium,10,Spadina-Fort York
4721591,STR-2504-GXGHPV,55 Ontario St,517,M5A,Condominium,13,Toronto Centre
4721592,STR-2504-HFMHPW,188 Cumberland St,309,M5R,Condominium,11,University-Rosedale
4721593,STR-2504-HVZHPY,251 Jarvis St,3204,M5B,Condominium,13,Toronto Centre
4721594,STR-2504-JDGHPZ,300 Front St W,502,M5V,Condominium,10,Spadina-Fort York
4721595,STR-2504-FJQVPP,36 Zorra St,1101,M8Z,Condominium,3,Etobicoke-Lakeshore
4721596,STR-2504-FRWVPQ,460 Jane St,,M6S,Single/Semi-detached House,4,Parkdale-High Park
4721597,STR-2504-GHJVPS,600 Queens Quay W,307,M5V,Condominium,10,Spadina-Fort York
4721598,STR-2504-GXWVPV,15 Canham Cres,,M1S,Single/Semi-detached House,23,Scarborough North
4721599,STR-2504-HGCVPW,185 Legion Rd N,908,M8Y,Condominium,3,Etobicoke-Lakeshore
4721600,STR-2504-HPJVPX,955 Bay St,3907,M5S,Condominium,13,Toronto Centre
4721601,STR-2504-HWQVPY,21 Iceboat Ter,2106,M5V,Condominium,10,Spadina-Fort York
4721602,STR-2504-JDWVPZ,109 Huron St,,M5T,Single/Semi-detached House,11,University-Rosedale
4721603,STR-2504-FZTHPR,112 Cornell Ave,,M1N,Single/Semi-detached House,20,Scarborough Southwest
4721604,STR-2504-GHZHPS,108 Runnymede Rd,,M6S,Single/Semi-detached House,4,Parkdale-High Park
4721605,STR-2504-GRGHPT,21 Iceboat Ter,2009,M5V,Condominium,10,Spadina-Fort York
4721606,STR-2504-GYMHPV,47 Balsam Ave,,M4E,Single/Semi-detached House,19,Beaches-East York
4721607,STR-2504-HGTHPW,14 York St,608,M5J,Condominium,10,Spadina-Fort York
4721608,STR-2504-HPZHPX,251 Jarvis St,4412,M5B,Condominium,13,Toronto Centre
4721609,STR-2504-JFMHPZ,65 Bremner Blvd,4208,M5J,Condominium,10,Spadina-Fort York
4721610,STR-2504-FKWVPP,290 SHUTER ST,UNIT 2,M5A,Duplex/Triplex/Fourplex,13,Toronto Centre
4721611,STR-2504-FTCVPQ,49 Arlstan Dr,,M3H,Single/Semi-detached House,6,York Centre
4721612,STR-2504-GBJVPR,402 Concord Ave,,M6H,Single/Semi-detached House,9,Davenport
4721613,STR-2504-GJQVPS,22 Western Battery Rd,105,M6K,Townhouse/ Row House,10,Spadina-Fort York
4721614,STR-2504-HHJVPW,188 Cumberland St,711,M5R,Condominium,11,University-Rosedale
4721615,STR-2504-FLMHPP,17 Pembroke St,16,M5A,Condominium,13,Toronto Centre
4721616,STR-2504-FTTHPQ,235 York Mills Rd,,M2L,Single/Semi-detached House,15,Don Valley West
4721617,STR-2504-GBZHPR,21 Iceboat Ter,1602,M5V,Condominium,10,Spadina-Fort York
4721618,STR-2504-GKGHPS,832 Bay St,508,M5S,Condominium,11,University-Rosedale
4721619,STR-2504-GSMHPT,219 Fort York Blvd,3111,M5V,Condominium,10,Spadina-Fort York
4721620,STR-2504-GZTHPV,300 Front St W,3003,M5V,Condominium,10,Spadina-Fort York
4721621,STR-2504-HHZHPW,37 Grosvenor St,1410,M4Y,Condominium,13,Toronto Centre
4721622,STR-2504-HRGHPX,259 Claremont St,,M6J,Townhouse/ Row House,11,University-Rosedale
4721623,STR-2504-HYMHPY,55 Bremner Blvd,3707,M5J,Condominium,10,Spadina-Fort York
4721624,STR-2504-JGTHPZ,40 Scollard St,602,M5R,Apartment,11,University-Rosedale
4721625,STR-2504-FDYBPP,889 Bay St,701,M5S,Apartment,13,Toronto Centre
4721626,STR-2504-FVLBPR,800 King St W,818,M5V,Apartment,10,Spadina-Fort York
4721627,STR-2504-GCSBPS,787 Pape Ave,,M4K,Single/Semi-detached House,14,Toronto-Danforth
4721628,STR-2504-GKYBPT,12 York St,1205,M5J,Condominium,10,Spadina-Fort York
4721629,STR-2504-GTFBPV,300 Front St W,307,M5V,Condominium,10,Spadina-Fort York
4721630,STR-2504-HBLBPW,140 Springhurst Ave,22,M6K,Apartment,4,Parkdale-High Park
4721631,STR-2504-HJSBPX,215 Fort York Blvd,2703,M5V,Condominium,10,Spadina-Fort York
4721632,STR-2504-HRYBPY,550 Runnymede Rd,,M6S,Single/Semi-detached House,4,Parkdale-High Park
4721633,STR-2504-HZFBPZ,134 Combe Ave,,M3H,Single/Semi-detached House,6,York Centre
4721634,STR-2504-FMVPPQ,1881 McNicoll Ave,110,M1V,Townhouse/ Row House,22,Scarborough-Agincourt
4721635,STR-2504-FWBPPR,9 Emmeline Cres,,M1S,Single/Semi-detached House,22,Scarborough-Agincourt
4721636,STR-2504-GDHPPS,553 McCowan Rd,,M1J,Single/Semi-detached House,21,Scarborough Centre
4721637,STR-2504-GLPPPT,1000 King St W,509,M6K,Condominium,10,Spadina-Fort York
4721638,STR-2504-GTVPPV,10 Sword St,2,M5A,Apartment,13,Toronto Centre
4721639,STR-2504-HCBPPW,38 Western Battery Rd,636,M6K,Townhouse/ Row House,10,Spadina-Fort York
4721640,STR-2504-HKHPPX,55 Bremner Blvd,1601,M5J,Condominium,10,Spadina-Fort York
4721641,STR-2504-HSPPPY,4 Newbold Ave,203,M4L,Apartment,19,Beaches-East York
4721642,STR-2504-HZVPPZ,832 Bay St,3307,M5S,Condominium,11,University-Rosedale
4721643,STR-2504-FGFBPP,34 Western Battery Rd,419 unit,M6K,Townhouse/ Row House,10,Spadina-Fort York
4721644,STR-2504-FPLBPQ,658 Euclid Ave,Lower Level,M6G,Single/Semi-detached House,11,University-Rosedale
4721645,STR-2504-FWSBPR,31 Goldthread Ter,,M3H,Single/Semi-detached House,6,York Centre
4721646,STR-2504-GDYBPS,169 Jameson Ave,506,M6K,Apartment,4,Parkdale-High Park
4721647,STR-2504-GMFBPT,155 Yorkville Ave,2815,M5R,Apartment,11,University-Rosedale
4721648,STR-2504-GVLBPV,27 Hector Ave,Basement,M6G,Duplex/Triplex/Fourplex,12,Toronto-St. Paul's
4721649,STR-2504-HCSBPW,155 Yorkville Ave,413,M5R,Condominium,11,University-Rosedale
4721650,STR-2504-HKYBPX,501 Yonge St,4206,M4Y,Condominium,13,Toronto Centre
4721651,STR-2504-HTFBPY,2 Anndale Dr,2602,M2N,Condominium,18,Willowdale
4721652,STR-2504-JBLBPZ,5 Caravan Dr,,M3B,Single/Semi-detached House,15,Don Valley West
4721653,STR-2504-FGVPPP,21 Carlton St,3605,M5B,Condominium,13,Toronto Centre
4721654,STR-2504-FQBPPQ,Sumner Heights Dr,33,M2K,Single/Semi-detached House,17,Don Valley North
4721655,STR-2504-GMVPPT,14 York St,5110,M5J,Condominium,10,Spadina-Fort York
4721656,STR-2504-GWBPPV,179 O'Connor Dr,,M4J,Single/Semi-detached House,14,Toronto-Danforth
4721657,STR-2504-HTVPPY,130 Fawcett Trl,,M1B,Single/Semi-detached House,25,Scarborough-Rouge Park
4721658,STR-2504-JCBPPZ,55 Triller Ave,1611,M6R,Apartment,4,Parkdale-High Park
4721659,STR-2504-FHLBPP,210 Victoria St,3104,M5B,Apartment,13,Toronto Centre
4721660,STR-2504-FQSBPQ,120 Harrison Garden Blvd,1411,M2N,Condominium,18,Willowdale
4721661,STR-2504-FXYBPR,101 Peter St,3810,M5V,Apartment,10,Spadina-Fort York
4721662,STR-2504-GGFBPS,21 Iceboat Ter,3315,M5V,Condominium,10,Spadina-Fort York
4721663,STR-2504-GPLBPT,15 Maplewood Ave,901,M6C,Condominium,12,Toronto-St. Paul's
4721664,STR-2504-HDYBPW,25 Craigmore Cres,BSMT,M2N,Single/Semi-detached House,18,Willowdale
4721665,STR-2504-HMFBPX,38 Grenville St,907,M4Y,Condominium,13,Toronto Centre
4721666,STR-2504-JCSBPZ,30 Baseball Pl,629,M4M,Condominium,14,Toronto-Danforth
4721667,STR-2504-FJBPPP,87 Lillian St,8,M4S,Townhouse/ Row House,12,Toronto-St. Paul's
4721668,STR-2504-FRHPPQ,215 Spadina Rd,Unit 2,M5R,Duplex/Triplex/Fourplex,11,University-Rosedale
4721669,STR-2505-FYPPPR,300 Front St W,4004,M5V,Condominium,10,Spadina-Fort York
4721670,STR-2505-GGVPPS,300 Front St W,2411,M5V,Condominium,10,Spadina-Fort York
4721671,STR-2505-HMVPPX,200 Boon Ave,,M6E,Single/Semi-detached House,9,Davenport
4721672,STR-2505-HWBPPY,209 Fort York Blvd,1260,M5V,Condominium,10,Spadina-Fort York
4721673,STR-2505-FJSBPP,300 Front St W,4702,M5V,Condominium,10,Spadina-Fort York
4721674,STR-2505-FRYBPQ,300 Front St W,2002,M5V,Condominium,10,Spadina-Fort York
4721675,STR-2505-FZFBPR,10 Laidlaw St,719,M6K,Townhouse/ Row House,10,Spadina-Fort York
4721676,STR-2505-GHLBPS,81 Wellesley St E,307,M4Y,Condominium,13,Toronto Centre
4721677,STR-2505-GXYBPV,1192 Warden Ave,,M1R,Single/Semi-detached House,21,Scarborough Centre
4721678,STR-2505-HGFBPW,21 Iceboat Ter,4311,M5V,Condominium,10,Spadina-Fort York
4721679,STR-2505-HPLBPX,208 Queens Quay W,1010,M5J,Condominium,10,Spadina-Fort York
4721680,STR-2505-HWSBPY,195 McCaul St,617,M5T,Condominium,11,University-Rosedale
4721681,STR-2505-JDYBPZ,75 Queens Wharf Rd,2810,M5V,Condominium,10,Spadina-Fort York
4721682,STR-2505-FKHPPP,101 Peter St,2309,M5V,Condominium,10,Spadina-Fort York
4721683,STR-2505-FSPPPQ,84 MacDonald Ave,,M9N,Single/Semi-detached House,5,York South-Weston
4721684,STR-2505-FZVPPR,250 Estelle Ave,Unit A,M2N,Single/Semi-detached House,18,Willowdale
4721685,STR-2505-GRHPPT,251 Jarvis St,5012,M5B,Condominium,13,Toronto Centre
4721686,STR-2505-HGVPPW,81 Wellesley St E,501,M4Y,Condominium,13,Toronto Centre
4721687,STR-2505-HXHPPY,104 Holmes Ave,,M2N,Single/Semi-detached House,18,Willowdale
4721688,STR-2505-JFPPPZ,6 Lisburn Cres,,M2J,Single/Semi-detached House,17,Don Valley North
4721689,STR-2505-FKYBPP,101 Peter St,12,M5V,Condominium,10,Spadina-Fort York
4721690,STR-2505-FTFBPQ,65 Bremner Blvd,2502,M5J,Apartment,10,Spadina-Fort York
4721691,STR-2505-GBLBPR,145 Mutual St,905,M5B,Apartment,13,Toronto Centre
4721692,STR-2505-GJSBPS,257 Betty Ann Dr,,M2R,Single/Semi-detached House,18,Willowdale
4721693,STR-2505-GRYBPT,231 Fort York Blvd,205,M5V,Condominium,10,Spadina-Fort York
4721694,STR-2505-HQSBPX,2420 Gerrard St E,Unit 5,M4E,Single/Semi-detached House,19,Beaches-East York
4721695,STR-2505-HXYBPY,240 Wellesley St E,1901,M4X,Apartment,13,Toronto Centre
4721696,STR-2505-JGFBPZ,314 Rosemary Rd,,M5P,Single/Semi-detached House,12,Toronto-St. Paul's
4721697,STR-2505-FTVPPQ,10 Barrydale Cres,,M3B,Single/Semi-detached House,15,Don Valley West
4721698,STR-2505-GCBPPR,151 Dan Leckie Way,946,M5V,Condominium,10,Spadina-Fort York
4721699,STR-2505-GKHPPS,209 Fort York Blvd,367,M5V,Condominium,10,Spadina-Fort York
4721700,STR-2505-GSPPPT,50 Ordnance St,2907,M6K,Condominium,10,Spadina-Fort York
4721701,STR-2505-HYPPPY,210 Victoria St,3507,M5B,Condominium,13,Toronto Centre
4721702,STR-2505-HRHPPX,683 Oriole Pkwy,,M4R,Single/Semi-detached House,8,Eglinton-Lawrence
4721703,STR-2505-FDZHPP,33 Holly St,1423,M4S,Apartment,12,Toronto-St. Paul's
4721704,STR-2505-FMGHPQ,20 Lombard St,UPH03,M5C,Condominium,13,Toronto Centre
4721705,STR-2505-GCTHPS,37 Grosvenor St,2706,M4Y,Condominium,13,Toronto Centre
4721706,STR-2505-GKZHPT,955 Bay St,2509,M5S,Condominium,13,Toronto Centre
4721707,STR-2505-HBMHPW,45 Silver Springs Blvd,1906,M1V,Condominium,22,Scarborough-Agincourt
4721708,STR-2505-HJTHPX,21 Iceboat Ter,926,M5V,Condominium,10,Spadina-Fort York
4721709,STR-2505-HRZHPY,21 Iceboat Ter,4108,M5V,Apartment,10,Spadina-Fort York
4721710,STR-2505-HZGHPZ,832 Bay St,1201,M5S,Condominium,11,University-Rosedale
4721711,STR-2505-FFQVPP,21 Iceboat Ter,623,M5V,Condominium,10,Spadina-Fort York
4721712,STR-2505-GLQVPT,1290 Bloor St W,Unit 4,M6H,Apartment,9,Davenport
4721713,STR-2505-GDJVPS,169 Poyntz Ave,,M2N,Single/Semi-detached House,18,Willowdale
4721714,STR-2505-HCCVPW,235 Markham St,2,M6J,Single/Semi-detached House,11,University-Rosedale
4721715,STR-2505-HKJVPX,40 Hiltz Ave,,M4L,Single/Semi-detached House,14,Toronto-Danforth
4721716,STR-2505-HSQVPY,231 Fort York Blvd,808,M5V,Condominium,10,Spadina-Fort York
4721717,STR-2505-HZWVPZ,78 Tecumseth St,602,M5V,Apartment,10,Spadina-Fort York
4721718,STR-2505-FGGHPP,25 Lower Simcoe St,220,M5J,Apartment,10,Spadina-Fort York
4721719,STR-2505-FWTHPR,181 Huron St,1602,M5T,Condominium,11,University-Rosedale
4721720,STR-2505-GMGHPT,101 Peter St,3408,M5V,Condominium,10,Spadina-Fort York
4721721,STR-2505-GVMHPV,65 Bremner Blvd,1208,M5J,Condominium,10,Spadina-Fort York
4721722,STR-2505-HKZHPX,11 Charlotte St,2207,M5V,Condominium,10,Spadina-Fort York
4721723,STR-2505-HTGHPY,188 Ellerslie Ave,,M2N,Single/Semi-detached House,18,Willowdale
4721724,STR-2505-GFQVPS,16 Brampton Rd,,M9R,Single/Semi-detached House,2,Etobicoke Centre
4721725,STR-2505-GMWVPT,121 Alcorn Ave,2,M4V,Duplex/Triplex/Fourplex,12,Toronto-St. Paul's
4721726,STR-2505-GWCVPV,12 York St,3010,M5J,Condominium,10,Spadina-Fort York
4721727,STR-2505-HDJVPW,68 Willamere Dr,,M1M,Single/Semi-detached House,20,Scarborough Southwest
4721728,STR-2505-HTWVPY,3 Delbert Dr,,M1P,Single/Semi-detached House,21,Scarborough Centre
4721729,STR-2505-FHMHPP,30 Glendale Ave,,M6R,Single/Semi-detached House,4,Parkdale-High Park
4721730,STR-2505-FQTHPQ,16 Sellers Ave,,M6E,Single/Semi-detached House,9,Davenport
4721731,STR-2505-GGGHPS,151 Broadview Ave,,M4M,Single/Semi-detached House,14,Toronto-Danforth
4721732,STR-2505-HMGHPX,108 Orchard View Blvd,,M4R,Single/Semi-detached House,8,Eglinton-Lawrence
4721733,STR-2505-HVMHPY,218 River St,,M5A,Townhouse/ Row House,13,Toronto Centre
4721734,STR-2505-JCTHPZ,83 Kalmar Ave,,M1N,Single/Semi-detached House,20,Scarborough Southwest
4721735,STR-2505-FRJVPQ,363B Pharmacy Ave,,M1L,Single/Semi-detached House,20,Scarborough Southwest
4721736,STR-2505-GGWVPS,23 Hollyhock Crt,,M3B,Single/Semi-detached House,16,Don Valley East
4721737,STR-2505-GQCVPT,14 Madawaska Ave,,M2M,Single/Semi-detached House,18,Willowdale
4721738,STR-2505-GXJVPV,64 Foxley St,,M6J,Townhouse/ Row House,10,Spadina-Fort York
4721739,STR-2505-HFQVPW,14 York St,1505,M5J,Condominium,10,Spadina-Fort York
4721740,STR-2505-HMWVPX,251 Jarvis St,1033,M5B,Condominium,13,Toronto Centre
4721741,STR-2505-HWCVPY,14 York St,4006,M5J,Condominium,10,Spadina-Fort York
4721742,STR-2505-JDJVPZ,18 McGill St,,M5B,Single/Semi-detached House,13,Toronto Centre
4721743,STR-2505-FJTHPP,10 Capreol Crt,1506,M5V,Condominium,10,Spadina-Fort York
4721744,STR-2505-FZGHPR,115 Saturn Rd,,M9C,Single/Semi-detached House,2,Etobicoke Centre
4721745,STR-2505-GHMHPS,10 Rushbrooke Ave,,M4M,Single/Semi-detached House,14,Toronto-Danforth
4721746,STR-2505-GXZHPV,345 Dufferin St,507,M6K,Apartment,10,Spadina-Fort York
4721747,STR-2505-HGGHPW,21 Iceboat Ter,4312,M5V,Condominium,10,Spadina-Fort York
4721748,STR-2505-HPMHPX,772 Marlee Ave,,M6B,Single/Semi-detached House,8,Eglinton-Lawrence
4721749,STR-2505-HWTHPY,890 Queen St E,C,M4M,Apartment,14,Toronto-Danforth
4721750,STR-2505-FKJVPP,120 Lomar Dr,,M3N,Single/Semi-detached House,7,Humber River-Black Creek
4721751,STR-2505-FZWVPR,15 Elmsthorpe Ave,,M5P,Single/Semi-detached House,12,Toronto-St. Paul's
4721752,STR-2505-GRJVPT,153 Exbury Rd,,M3M,Single/Semi-detached House,6,York Centre
4721753,STR-2505-HGWVPW,25 Newton Dr,,M2M,Single/Semi-detached House,18,Willowdale
4721754,STR-2505-HQCVPX,85 Bloor St E,1811,M4W,Condominium,11,University-Rosedale
4721755,STR-2505-HXJVPY,26 Corley Ave,,M4E,Single/Semi-detached House,19,Beaches-East York
4721756,STR-2505-JFQVPZ,6 Forest Laneway,410,M2N,Apartment,18,Willowdale
4721757,STR-2505-FTGHPQ,165 Legion Rd N,T3,M8Y,Condominium,3,Etobicoke-Lakeshore
4721758,STR-2505-GBMHPR,251 Jarvis St,2214,M5B,Condominium,13,Toronto Centre
4721759,STR-2505-GJTHPS,564 Bathurst St,,M5S,Single/Semi-detached House,11,University-Rosedale
4721760,STR-2505-GRZHPT,2 Eva Rd,1928,M9C,Condominium,2,Etobicoke Centre
4721761,STR-2505-GZGHPV,2 Hallam St,2,M6G,Single/Semi-detached House,11,University-Rosedale
4721762,STR-2505-HQTHPX,21 Iceboat Ter,1109,M5V,Condominium,10,Spadina-Fort York
4721763,STR-2505-JGGHPZ,20 Bruyeres Mews,325,M5V,Condominium,10,Spadina-Fort York
4721764,STR-2505-FLQVPP,38 Lorraine Dr,,M2N,Single/Semi-detached House,18,Willowdale
4721765,STR-2505-FTWVPQ,130 Macpherson Ave,14,M5R,Apartment,11,University-Rosedale
4721766,STR-2505-GCCVPR,210 Victoria St,3907,M5B,Condominium,13,Toronto Centre
4721767,STR-2505-GKJVPS,209 Fort York Blvd,1355,M5V,Condominium,10,Spadina-Fort York
4721768,STR-2505-GSQVPT,215 Fort York Blvd,2302,M5V,Condominium,10,Spadina-Fort York
4721769,STR-2505-GZWVPV,10 Leith Hill Rd,30,M2J,Townhouse/ Row House,17,Don Valley North
4721770,STR-2505-HJCVPW,4649A Kingston Rd,,M1E,Townhouse/ Row House,25,Scarborough-Rouge Park
4721771,STR-2505-HYQVPY,555 Milverton Blvd,,M4C,Single/Semi-detached House,19,Beaches-East York
4721772,STR-2505-JGWVPZ,127 Clearbrooke Crcl,,M9W,Single/Semi-detached House,1,Etobicoke North
4721773,STR-2505-FFBPPP,40 Gerrard St E,2214,M5B,Apartment,13,Toronto Centre
4721774,STR-2505-FMHPPQ,18 Yorkville ave,1907,M4W,Condominium,11,University-Rosedale
4721775,STR-2505-FVPPPR,25 Windhill Cres,,M9M,Single/Semi-detached House,7,Humber River-Black Creek
4721776,STR-2505-GCVPPS,37 FOUR WINDS DR,41,M3J,Townhouse/ Row House,7,Humber River-Black Creek
4721777,STR-2505-GTHPPV,209 Fort York Blvd,757,M5V,Condominium,10,Spadina-Fort York
4721778,STR-2505-HBPPPW,377 Sunnyside Ave,,M6R,Single/Semi-detached House,4,Parkdale-High Park
4721779,STR-2505-HJVPPX,155 Yorkville Ave,2103,M5R,Condominium,11,University-Rosedale
4721780,STR-2505-HSBPPY,300 Front St W,2913,M5V,Condominium,10,Spadina-Fort York
4721781,STR-2505-HZHPPZ,300 Front St W,3403,M5V,Condominium,10,Spadina-Fort York
4721782,STR-2505-FFSBPP,22 Creekwood Dr,,M1E,Single/Semi-detached House,24,Scarborough-Guildwood
4721783,STR-2505-FMYBPQ,100 Harrison Garden Blvd,1305,M2N,Condominium,18,Willowdale
4721784,STR-2505-FWFBPR,210 Victoria St,2201,M5B,Condominium,13,Toronto Centre
4721785,STR-2505-GLSBPT,251 Jarvis St,3305,M5B,Condominium,13,Toronto Centre
4721786,STR-2505-GTYBPV,151 Dan Leckie Way,858,M5V,Apartment,10,Spadina-Fort York
4721787,STR-2505-HCFBPW,300 Front St W,3308,M5V,Condominium,10,Spadina-Fort York
4721788,STR-2505-HKLBPX,1029 King St W,841,M6K,Condominium,10,Spadina-Fort York
4721789,STR-2505-HSSBPY,1478 Queen St W,203,M6K,Condominium,4,Parkdale-High Park
4721790,STR-2505-HZYBPZ,300 Front St W,4603,M5V,Apartment,10,Spadina-Fort York
4721791,STR-2505-GFBPPS,12 York St,1101,M5J,Condominium,10,Spadina-Fort York
4721792,STR-2505-GMHPPT,3 Dixon Ave,,M4L,Single/Semi-detached House,19,Beaches-East York
4721793,STR-2505-GVPPPV,98 Lillian St,911,M4S,Condominium,12,Toronto-St. Paul's
4721794,STR-2505-HCVPPW,251 Jarvis St,3911,M5B,Condominium,13,Toronto Centre
4721795,STR-2505-HLBPPX,443 Manse Rd,7,M1E,Townhouse/ Row House,25,Scarborough-Rouge Park
4721796,STR-2505-JBPPPZ,166 Albany Ave,,M5R,Townhouse/ Row House,11,University-Rosedale
4721797,STR-2505-FGYBPP,56 Carslake Cres,,M1J,Single/Semi-detached House,21,Scarborough Centre
4721798,STR-2505-FXLBPR,239 Torrens Ave,,M4J,Single/Semi-detached House,14,Toronto-Danforth
4721799,STR-2505-GFSBPS,20 Shore Breeze Dr,1204,M8V,Condominium,3,Etobicoke-Lakeshore
4721800,STR-2505-HDLBPW,251 Jarvis St,2713,M5B,Condominium,13,Toronto Centre
4721801,STR-2505-HLSBPX,111 Elizabeth St,828,M5G,Condominium,10,Spadina-Fort York
4721802,STR-2505-HTYBPY,318 Waverley Rd,,M4L,Single/Semi-detached House,19,Beaches-East York
4721803,STR-2505-JCFBPZ,132 Grace St,,M6J,Single/Semi-detached House,11,University-Rosedale
4721804,STR-2505-FHPPPP,50 Morecambe Gt,B308,M1W,Townhouse/ Row House,22,Scarborough-Agincourt
4721805,STR-2505-FQVPPQ,14 Fifteenth St,,M8V,Single/Semi-detached House,3,Etobicoke-Lakeshore
4721806,STR-2505-GGHPPS,28 Freeland St,3004,M5E,Condominium,10,Spadina-Fort York
4721807,STR-2505-GPPPPT,251 Jarvis St,1716,M5B,Condominium,13,Toronto Centre
4721808,STR-2505-GWVPPV,1195 The Queensway,516,M8Z,Condominium,3,Etobicoke-Lakeshore
4721809,STR-2505-HMHPPX,1356 Warden Ave,,M1R,Single/Semi-detached House,21,Scarborough Centre
4721810,STR-2505-JCVPPZ,181 Dundas St E,2703,M5A,Apartment,13,Toronto Centre
4721811,STR-2505-FJFBPP,14 York St,1112,M5J,Condominium,10,Spadina-Fort York
4721812,STR-2505-FYSBPR,165 Legion Rd N,2923,M8Y,Condominium,3,Etobicoke-Lakeshore
4721813,STR-2505-GGYBPS,10 Capreol Crt,357,M5V,Condominium,10,Spadina-Fort York
4721814,STR-2505-GQFBPT,397 Concord Ave,,M6H,Single/Semi-detached House,9,Davenport
4721815,STR-2505-HFSBPW,21 Iceboat Ter,1106,M5V,Condominium,10,Spadina-Fort York
4721816,STR-2505-HMYBPX,46 Holland Ave,,M4B,Single/Semi-detached House,19,Beaches-East York
4721817,STR-2505-FZHPPR,14 Murdock Ave,,M4C,Single/Semi-detached House,19,Beaches-East York
4721818,STR-2505-GHPPPS,195 Mc Caul St,410,M5T,Condominium,11,University-Rosedale
4721819,STR-2505-GYBPPV,251 Manitoba St,1007,M8Y,Condominium,3,Etobicoke-Lakeshore
4721820,STR-2505-HGHPPW,47 Four Oaks Gt,,M4J,Single/Semi-detached House,14,Toronto-Danforth
4721821,STR-2505-JFBPPZ,141 Green Gardens Blvd,,M6A,Townhouse/ Row House,8,Eglinton-Lawrence
4721822,STR-2505-FKLBPP,628 Bloor St W,2,M6G,Single/Semi-detached House,11,University-Rosedale
4721823,STR-2505-FZYBPR,48D Crawford St,,M6J,Townhouse/ Row House,10,Spadina-Fort York
4721824,STR-2505-GJFBPS,757 Dovercourt Rd,B,M6H,Apartment,9,Davenport
4721825,STR-2505-GRLBPT,101 Peter St,406,M5V,Condominium,10,Spadina-Fort York
4721826,STR-2505-GYSBPV,1300 Royal York Rd,,M9A,Single/Semi-detached House,2,Etobicoke Centre
4721827,STR-2505-HXLBPY,21 Iceboat Ter,1208,M5V,Condominium,10,Spadina-Fort York
4721828,STR-2505-JFSBPZ,233 Boon Ave,,M6E,Single/Semi-detached House,9,Davenport
4721829,STR-2505-FLBPPP,300 Front St W,3609,M5V,Condominium,10,Spadina-Fort York
