_id,operator_registration_number,address,unit,postal_code,property_type,ward_number,ward_name
3425653,STR-2211-JBBBHZ,137 Danforth Ave,4,M4K,Apartment,14,Toronto-Danforth
3425654,STR-2101-FSVKVC,675 Queen St W,2,M6J,Apartment,10,Spadina-Fort York
3425655,STR-2211-GLYVHT,34 Bellwoods Ave,,M6J,Townhouse/ Row House,10,Spadina-Fort York
3425656,STR-2302-GBXRVR,187 Downsview Park Blvd,,M3K,Townhouse/ Row House,6,York Centre
3425657,STR-2303-HRQPHY,41 Shanly St,9,M6H,Condominium,9,Davenport
3425658,STR-2303-JDRVHZ,69 Oakmount Rd,1,M6P,Apartment,4,Parkdale-High Park
3425659,STR-2304-GTWPHV,3 Arkley Cres,,M9R,Single/Semi-detached House,2,Etobicoke Centre
3425660,STR-2305-HTKXVY,410 Dufferin St,416,M6K,Condominium,9,Davenport
3425661,STR-2405-FHXKVP,159 Marlborough Pl,,M5R,Single/Semi-detached House,11,University-Rosedale
3425662,STR-2109-GXHPHH,648A Yonge St,303,M4Y,Duplex/Triplex/Fourplex,13,Toronto Centre
3425663,STR-2306-JGHKVZ,21 Cora Cres,,M1P,Single/Semi-detached House,21,Scarborough Centre
3425664,STR-2206-FYPXVD,955 Bay St,3506,M5S,Condominium,13,Toronto Centre
3425665,STR-2107-FRPPHC,17 Lormar Dr,,M9B,Single/Semi-detached House,2,Etobicoke Centre
3425666,STR-2307-FPTHHQ,2 Hurdman St,,M6M,Single/Semi-detached House,5,York South-Weston
3425667,STR-2310-HSGPHY,83 Northcote Ave,Upper,M6J,Duplex/Triplex/Fourplex,,
3425668,STR-2311-HWDBHY,73 Forest Grove Dr,,M2K,Single/Semi-detached House,17,Don Valley North
3425669,STR-2401-FDXDVP,20 Wade Ave,304,M6H,Apartment,9,Davenport
3425670,STR-2403-HZSPHZ,36 Zorra St,328,M8Z,Condominium,3,Etobicoke-Lakeshore
3425671,STR-2403-HGCBHW,15 Ellerslie Ave,2307,M2N,Condominium,18,Willowdale
3425672,STR-2403-FRGVHQ,861 Sheppard Ave W,32,M3H,Townhouse/ Row House,6,York Centre
3425673,STR-2406-JFWHPZ,41 River St,1,M5A,Apartment,13,Toronto Centre
3425674,STR-2407-GTYVPV,278 Shuter St,,M5A,Townhouse/ Row House,13,Toronto Centre
3425675,STR-2408-HYXSBZ,102 Bartley Dr,,M4A,Townhouse/ Row House,16,Don Valley East
3425676,STR-2409-JDPHPZ,123 Portland St,1204,M5V,Condominium,10,Spadina-Fort York
3425677,STR-2411-HCTBPW,135 Lower Sherbourne St,867,M5A,Condominium,13,Toronto Centre
3425678,STR-2411-HLTBPX,25 Selby Street,1110,M4Y,Apartment,13,Toronto Centre
3425679,STR-2009-GLDPBG,350 Ossington Ave,,M6J,Townhouse/ Row House,9,Davenport
3425680,STR-2009-GTKPBH,994 Dundas St W,3,M6J,Single/Semi-detached House,11,University-Rosedale
3425681,STR-2009-HSDPBL,59 Claremont St,,M6J,Duplex/Triplex/Fourplex,10,Spadina-Fort York
3425682,STR-2009-HZKPBM,47 Uxbridge Ave,,M6N,Single/Semi-detached House,9,Davenport
3425683,STR-2009-HZLVBM,217 York Mills Rd,,M2L,Single/Semi-detached House,15,Don Valley West
3425684,STR-2009-FFWHBB,9 Highhill Dr,,M1T,Single/Semi-detached House,22,Scarborough-Agincourt
3425685,STR-2009-FPCHBC,235 Seaton St,,M5A,Single/Semi-detached House,13,Toronto Centre
3425686,STR-2009-GDQHBF,153 Parkhurst Blvd,,M4G,Single/Semi-detached House,15,Don Valley West
3425687,STR-2009-GVCHBH,31 Irvington Cres,UL RM 1&2,M2N,Single/Semi-detached House,18,Willowdale
3425688,STR-2009-GFFVBF,67 Niagara St,,M5V,Townhouse/ Row House,10,Spadina-Fort York
3425689,STR-2009-GMLVBG,157 Euclid Ave,,M6J,Single/Semi-detached House,10,Spadina-Fort York
3425690,STR-2009-GVSVBH,217 Bathurst St,Unit 3,M5T,Duplex/Triplex/Fourplex,10,Spadina-Fort York
3425691,STR-2009-FHCHBB,126 Norseman St,,M8Z,Single/Semi-detached House,3,Etobicoke-Lakeshore
3425692,STR-2206-GJLKVF,30 Baseball Pl,927,M4M,Condominium,14,Toronto-Danforth
3425693,STR-2009-FHSVBB,96 Caithness Ave,,M4J,Single/Semi-detached House,14,Toronto-Danforth
3425694,STR-2009-FQYVBC,71 Kippendavie Ave,,M4L,Single/Semi-detached House,19,Beaches-East York
3425695,STR-2009-GHCHBF,30 Nelson St,20,M5V,Townhouse/ Row House,10,Spadina-Fort York
3425696,STR-2009-GGPDPF,36 Maitland St,H04,M4Y,Apartment,13,Toronto Centre
3425697,STR-2009-JDQHBM,155 Yorkville Ave,1816,M5R,Condominium,11,University-Rosedale
3425698,STR-2009-GYFVBH,50 Lotherton Ptwy,815,M6B,Condominium,8,Eglinton-Lawrence
3425699,STR-2009-JFFVBM,270 Cummer Ave,,M2M,Single/Semi-detached House,18,Willowdale
3425700,STR-2009-FKQHBB,14 Bexhill Ave,,M1L,Single/Semi-detached House,20,Scarborough Southwest
3425701,STR-2009-FSWHBC,25 Greensides Ave,,M6G,Single/Semi-detached House,12,Toronto-St. Paul's
3425702,STR-2009-GRQHBG,112 George St,1107,M5A,Condominium,13,Toronto Centre
3425703,STR-2009-GYWHBH,1568 Dundas St E,,M4L,Single/Semi-detached House,14,Toronto-Danforth
3425704,STR-2009-HQJHBK,11 Sergio Marchi St,,M3L,Single/Semi-detached House,7,Humber River-Black Creek
3425705,STR-2009-FLFVBB,155 Yorkville Ave,1012,M5R,Condominium,11,University-Rosedale
3425706,STR-2009-GBSVBD,205 Howland Ave,,M5R,Single/Semi-detached House,11,University-Rosedale
3425707,STR-2009-FDQKPB,812 Dovercourt Rd,,M6H,Single/Semi-detached House,9,Davenport
3425708,STR-2009-GCJKPF,125 North Carson St,,M8W,Single/Semi-detached House,3,Etobicoke-Lakeshore
3425709,STR-2009-HBCKPJ,415 Palmerston Blvd,Main Unit,M6G,Duplex/Triplex/Fourplex,11,University-Rosedale
3425710,STR-2009-FFFXPB,3981A Bloor St W,,M9B,Single/Semi-detached House,3,Etobicoke-Lakeshore
3425711,STR-2009-FMLXPC,92 Wiley Ave,,M4J,Single/Semi-detached House,14,Toronto-Danforth
3425712,STR-2009-FVSXPD,15 Seneca Ave,,M5J,Single/Semi-detached House,10,Spadina-Fort York
3425713,STR-2009-HJYXPK,1126 Brimley Rd,,M1P,Single/Semi-detached House,21,Scarborough Centre
3425714,STR-2009-HZLXPM,50 Marchmount Rd,,M6G,Single/Semi-detached House,12,Toronto-St. Paul's
3425715,STR-2009-GVCKPH,32 White Birch Rd,,M1N,Single/Semi-detached House,20,Scarborough Southwest
3425716,STR-2009-HCYXPJ,22 Alma Ave,,M6J,Townhouse/ Row House,9,Davenport
3425717,STR-2009-GGLXPF,48 Dundonald St,,M4Y,Single/Semi-detached House,13,Toronto Centre
3425718,STR-2009-GWYXPH,499 Annette St,,M6P,Single/Semi-detached House,4,Parkdale-High Park
3425719,STR-2009-HFFXPJ,99 Hillside Ave,,M8V,Single/Semi-detached House,3,Etobicoke-Lakeshore
3425720,STR-2009-GXQKPH,159 Drayton Ave,,M4C,Single/Semi-detached House,19,Beaches-East York
3425721,STR-2009-FSFXPC,33 Springbank Ave,,M1N,Single/Semi-detached House,20,Scarborough Southwest
3425722,STR-2009-GQYXPG,27 McManus Rd,,M9P,Single/Semi-detached House,2,Etobicoke Centre
3425723,STR-2009-HWYXPL,120 Homewood Ave,2101,M4Y,Condominium,13,Toronto Centre
3425724,STR-2009-FSWKPC,44 McGill St,,M5B,Townhouse/ Row House,13,Toronto Centre
3425725,STR-2009-GBCKPD,69 Flamborough Dr,,M6M,Single/Semi-detached House,5,York South-Weston
3425726,STR-2009-GYWKPH,147 Broadview Ave,,M4M,Single/Semi-detached House,14,Toronto-Danforth
3425727,STR-2009-HXQKPL,1001 Bay St,2703,M5S,Condominium,13,Toronto Centre
3425728,STR-2009-FTLXPC,29 Parsonage Dr,,M1B,Single/Semi-detached House,25,Scarborough-Rouge Park
3425729,STR-2009-GJYXPF,67 Kildonan Dr,,M1N,Single/Semi-detached House,20,Scarborough Southwest
3425730,STR-2009-HHSXPJ,1240 Bloor St W,2,M6H,Apartment,9,Davenport
3425731,STR-2009-HYFXPL,72 Vauxhall Dr,,M1P,Single/Semi-detached House,21,Scarborough Centre
3425732,STR-2009-GKRRPG,32 Glendale Ave,,M6R,Single/Semi-detached House,4,Parkdale-High Park
3425733,STR-2009-GSXRPH,379 Ontario St,,M5A,Single/Semi-detached House,13,Toronto Centre
3425734,STR-2009-HYXRPM,10 Cromarty Dr,,M9W,Single/Semi-detached House,1,Etobicoke North
3425735,STR-2009-GDBDPF,6 Kalmar Ave,5,M1N,Townhouse/ Row House,20,Scarborough Southwest
3425736,STR-2009-GLHDPG,190 Rankin Cres,,M6P,Single/Semi-detached House,9,Davenport
3425737,STR-2009-GDRRPF,19 Churchill Ave,,M6J,Single/Semi-detached House,9,Davenport
3425738,STR-2009-GLXRPG,249 Shaw St,A,M6J,Townhouse/ Row House,10,Spadina-Fort York
3425739,STR-2009-GVDRPH,108 Denton Ave,,M1L,Single/Semi-detached House,20,Scarborough Southwest
3425740,STR-2009-HCKRPJ,263 Old Weston Rd,,M6N,Single/Semi-detached House,9,Davenport
3425741,STR-2009-FPVDPC,105 Sufi Cres,,M4A,Townhouse/ Row House,16,Don Valley East
3425742,STR-2009-GVVDPH,115A Homestead Road,,M1E,Single/Semi-detached House,25,Scarborough-Rouge Park
3425743,STR-2009-FHDRPB,2 Grimthorpe Rd,,M6C,Single/Semi-detached House,12,Toronto-St. Paul's
3425744,STR-2009-FXRRPD,95 Stafford St,,M6J,Townhouse/ Row House,10,Spadina-Fort York
3425745,STR-2009-GPDRPG,31A Dixon Rd,,M9P,Single/Semi-detached House,2,Etobicoke Centre
3425746,STR-2009-HLXRPK,2 Oakhurst Dr,,M2K,Single/Semi-detached House,17,Don Valley North
3425747,STR-2009-HVDRPL,37 Braddock Rd,,M9W,Single/Semi-detached House,1,Etobicoke North
3425748,STR-2009-FHVDPB,158 Hamilton St,,M4M,Single/Semi-detached House,14,Toronto-Danforth
3425749,STR-2009-GXBDPH,8 Trophy Dr,,M4A,Single/Semi-detached House,16,Don Valley East
3425750,STR-2009-HMPDPK,80 MacDonell Ave,,M6R,Single/Semi-detached House,4,Parkdale-High Park
3425751,STR-2009-HVVDPL,691 Shaw St,,M6G,Single/Semi-detached House,11,University-Rosedale
3425752,STR-2009-GQKRPG,88 Markham St,,M6J,Townhouse/ Row House,10,Spadina-Fort York
3425753,STR-2009-GXRRPH,3 Edgedale Rd,,M4X,Single/Semi-detached House,13,Toronto Centre
3425754,STR-2009-JDRRPM,10 Langbourne Pl,,M3B,Single/Semi-detached House,16,Don Valley East
3425755,STR-2009-FKBDPB,109 Bertmount Ave,,M4M,Single/Semi-detached House,14,Toronto-Danforth
3425756,STR-2009-GYHDPH,6 Havendale Rd,,M1S,Single/Semi-detached House,22,Scarborough-Agincourt
3425757,STR-2009-HGPDPJ,46 Glencoyne Cres,,M1W,Single/Semi-detached House,22,Scarborough-Agincourt
3425758,STR-2009-HPVDPK,246 Jones Ave,,M4M,Single/Semi-detached House,14,Toronto-Danforth
3425759,STR-2009-FKRRPB,132A Euclid Ave,,M6J,Townhouse/ Row House,10,Spadina-Fort York
3425760,STR-2009-GRRRPG,16 Cole St,32,M5A,Townhouse/ Row House,13,Toronto Centre
3425761,STR-2009-GYXRPH,55 Tollerton Ave,,M2K,Single/Semi-detached House,17,Don Valley North
3425762,STR-2009-HXRRPL,69 Durie St,,M6S,Single/Semi-detached House,4,Parkdale-High Park
3425763,STR-2009-JFXRPM,10 Earlscourt Ave,,M6E,Single/Semi-detached House,9,Davenport
3425764,STR-2009-GBVDPD,927 Bathurst St,,M5R,Single/Semi-detached House,11,University-Rosedale
3425765,STR-2009-HRBDPK,28 Kingland Cres,,M2J,Single/Semi-detached House,17,Don Valley North
3425766,STR-2009-FDSXPB,40 Rameau Dr,,M2H,Single/Semi-detached House,17,Don Valley North
3425767,STR-2009-FVWKPD,8 Batavia Ave,,M6N,Townhouse/ Row House,5,York South-Weston
3425768,STR-2009-GDCKPF,76 Greyabbey Trl,,M1E,Single/Semi-detached House,25,Scarborough-Rouge Park
3425769,STR-2009-GLJKPG,3773 Kingston Rd,,M1J,Townhouse/ Row House,24,Scarborough-Guildwood
3425770,STR-2009-HBWKPJ,1339 Lansdowne Ave,2,M6H,Single/Semi-detached House,9,Davenport
3425771,STR-2009-HZQKPM,24 Leith Hill Rd,1709,M2J,Apartment,17,Don Valley North
3425772,STR-2009-GDSXPF,19 Candlebrook Cres,,M1W,Single/Semi-detached House,22,Scarborough-Agincourt
3425773,STR-2009-GVFXPH,219 Donlea Dr,,M4G,Single/Semi-detached House,15,Don Valley West
3425774,STR-2009-FGQKPB,84 Pembroke St,2,M5A,Duplex/Triplex/Fourplex,13,Toronto Centre
3425775,STR-2009-FPWKPC,85 Bloor St E,311,M4W,Condominium,11,University-Rosedale
3425776,STR-2009-GMQKPG,155 Yorkville Ave,708,M5R,Condominium,11,University-Rosedale
3425777,STR-2009-GVWKPH,85 Bloor St E,2001,M4W,Condominium,11,University-Rosedale
3425778,STR-2009-HDCKPJ,10 Sulkara Crt,,M4A,Single/Semi-detached House,16,Don Valley East
3425779,STR-2009-JBWKPM,464 Durie St,,M6S,Single/Semi-detached House,4,Parkdale-High Park
3425780,STR-2009-FHFXPB,56 Cumber Ave,,M1E,Single/Semi-detached House,24,Scarborough-Guildwood
3425781,STR-2009-FXSXPD,11 Burlingame Rd,,M8W,Single/Semi-detached House,3,Etobicoke-Lakeshore
3425782,STR-2009-JCLXPM,3112 Dundas St W,2,M6P,Duplex/Triplex/Fourplex,4,Parkdale-High Park
3425783,STR-2009-FRCKPC,48 Hiltz Ave,,M4L,Single/Semi-detached House,14,Toronto-Danforth
3425784,STR-2009-JDCKPM,269 Palmerston Ave,,M6J,Single/Semi-detached House,11,University-Rosedale
3425785,STR-2009-GQLXPG,163 Burnett Ave,,M2N,Single/Semi-detached House,18,Willowdale
3425786,STR-2009-HWLXPL,302 Cook Rd,,M3J,Single/Semi-detached House,7,Humber River-Black Creek
3425787,STR-2010-FSJKPC,142 Mortimer Ave,,M4K,Single/Semi-detached House,14,Toronto-Danforth
3425788,STR-2010-FZQKPD,143 Northover St,,M3L,Single/Semi-detached House,6,York Centre
3425789,STR-2010-FSYXPC,161 Faywood Blvd,Lower Level,M3H,Single/Semi-detached House,6,York Centre
3425790,STR-2010-GJLXPF,14 York St,4907,M5J,Condominium,10,Spadina-Fort York
3425791,STR-2010-JFYXPM,67 Lynvalley Cres,,M1R,Single/Semi-detached House,21,Scarborough Centre
3425792,STR-2010-GSJKPG,96 Mitchell Ave,Basement,M6J,Townhouse/ Row House,10,Spadina-Fort York
3425793,STR-2010-HRVDPL,480 Vaughan Rd,Unit 1,M6C,Duplex/Triplex/Fourplex,12,Toronto-St. Paul's
3425794,STR-2010-HCCKPJ,425 Church St,3,M4Y,Apartment,13,Toronto Centre
3425795,STR-2010-GMBDPG,14 York St,812,M5J,Condominium,10,Spadina-Fort York
3425796,STR-2010-GMRRPG,161 Angus Dr,,M2J,Single/Semi-detached House,17,Don Valley North
3425797,STR-2010-HTRRPL,13 Marshall St,,M6K,Townhouse/ Row House,9,Davenport
3425798,STR-2010-GWPDPH,143 Sorauren Ave,1,M6R,Single/Semi-detached House,4,Parkdale-High Park
3425799,STR-2010-GXVDPH,75 Thorncliffe Park Dr,815,M4H,Apartment,15,Don Valley West
3425800,STR-2010-HPHDPK,199 Mammoth Hall Trl,,M1B,Single/Semi-detached House,23,Scarborough North
3425801,STR-2010-FKDRPB,34 Columbus Ave,,M6R,Single/Semi-detached House,4,Parkdale-High Park
3425802,STR-2010-FZRRPD,5229 Dundas St W,2112,M9B,Condominium,3,Etobicoke-Lakeshore
3425803,STR-2010-HPXRPK,232 Woburn Ave,,M5M,Single/Semi-detached House,8,Eglinton-Lawrence
3425804,STR-2010-HXDRPL,347 Cedarvale Ave,,M4C,Single/Semi-detached House,19,Beaches-East York
3425805,STR-2010-JFKRPM,187 Hullmar Dr,,M3N,Single/Semi-detached House,7,Humber River-Black Creek
3425806,STR-2010-FKVDPB,10 Mountain Ash Crt,Lower level,M9C,Single/Semi-detached House,2,Etobicoke Centre
3425807,STR-2010-HHHDPJ,178 Hopedale Ave,,M4K,Single/Semi-detached House,14,Toronto-Danforth
3425808,STR-2010-HHXRPJ,73 Beaconsfield Ave,Lower Level,M6J,Single/Semi-detached House,9,Davenport
3425809,STR-2010-HRWKPL,39 Granby St,,M5B,Townhouse/ Row House,13,Toronto Centre
3425810,STR-2010-GTSXPH,105 Oakridge Dr,,M1M,Single/Semi-detached House,20,Scarborough Southwest
3425811,STR-2010-GMCKPG,13 Stephenson Ave,,M4C,Single/Semi-detached House,19,Beaches-East York
3425812,STR-2010-HKWKPK,2388 St Clair Ave W,,M6N,Single/Semi-detached House,5,York South-Weston
3425813,STR-2010-JBJKPM,140 Woodbine Ave,,M4L,Single/Semi-detached House,19,Beaches-East York
3425814,STR-2010-FGSXPB,38 Woodgate Dr,,M6N,Single/Semi-detached House,5,York South-Weston
3425815,STR-2010-FXFXPD,6 Springbank Ave,,M1N,Single/Semi-detached House,20,Scarborough Southwest
3425816,STR-2010-GFLXPF,323 Delaware Ave,,M6H,Single/Semi-detached House,9,Davenport
3425817,STR-2010-HLLXPK,492 Ontario St,,M4X,Townhouse/ Row House,13,Toronto Centre
3425818,STR-2010-GGCKPF,31 Tracy St,,M5A,Single/Semi-detached House,13,Toronto Centre
3425819,STR-2010-GPYXPG,2690 Danforth Ave,A,M4C,Apartment,19,Beaches-East York
3425820,STR-2010-HMSXPK,311 Salem Ave,,M6H,Single/Semi-detached House,9,Davenport
3425821,STR-2010-FJQKPB,14 York St,4811,M5J,Condominium,10,Spadina-Fort York
3425822,STR-2010-GQQKPG,12 York St,2107,M5J,Condominium,10,Spadina-Fort York
3425823,STR-2010-HGCKPJ,57 Gloucester St,,M4Y,Townhouse/ Row House,13,Toronto Centre
3425824,STR-2010-HWQKPL,531 St Clarens Ave,,M6H,Single/Semi-detached House,9,Davenport
3425825,STR-2010-HQQKPK,366 Renforth Dr,,M9C,Single/Semi-detached House,2,Etobicoke Centre
3425826,STR-2010-GKFXPF,91B Claremont St,,M6J,Single/Semi-detached House,10,Spadina-Fort York
3425827,STR-2010-GZSXPH,919 Palmerston Ave,,M6G,Single/Semi-detached House,11,University-Rosedale
3425828,STR-2010-HHYXPJ,45 Cambridge Ave,,M4K,Single/Semi-detached House,14,Toronto-Danforth
3425829,STR-2010-HRFXPK,37 Dixon Ave,,M4L,Single/Semi-detached House,19,Beaches-East York
3425830,STR-2010-FVKRPD,654 Adelaide St W,,M6J,Single/Semi-detached House,10,Spadina-Fort York
3425831,STR-2010-GKXRPG,69 Harlow Cres,Main Floor,M9V,Single/Semi-detached House,1,Etobicoke North
3425832,STR-2010-HRXRPL,55 Bremner Blvd,2409,M5J,Condominium,10,Spadina-Fort York
3425833,STR-2010-FFPDPB,145 Kitchener Ave,,M6E,Single/Semi-detached House,9,Davenport
3425834,STR-2010-GLPDPG,55 Bremner Blvd,1609,M5J,Condominium,10,Spadina-Fort York
3425835,STR-2010-HZVDPM,75 Normandy Blvd,,M4L,Single/Semi-detached House,19,Beaches-East York
3425836,STR-2010-GMDRPG,29 Golden Ave,,M6R,Single/Semi-detached House,4,Parkdale-High Park
3425837,STR-2010-GVKRPH,91 Brunswick Ave,,M5S,Single/Semi-detached House,11,University-Rosedale
3425838,STR-2010-FQBDPC,1 Hubbard Blvd,,M4E,Single/Semi-detached House,19,Beaches-East York
3425839,STR-2010-HDHDPJ,66 Brookfield St,,M6J,Townhouse/ Row House,10,Spadina-Fort York
3425840,STR-2010-HLPDPK,27 Olga St,,M1M,Townhouse/ Row House,20,Scarborough Southwest
3425841,STR-2010-JCBDPM,16 Golden Ave,Main Floor,M6R,Single/Semi-detached House,4,Parkdale-High Park
3425842,STR-2010-FHKRPB,128 Fairholme Ave,,M6B,Single/Semi-detached House,8,Eglinton-Lawrence
3425843,STR-2010-FYPDPD,18 Yonge St,1204,M5E,Condominium,10,Spadina-Fort York
3425844,STR-2010-GGVDPF,65 Bremner Blvd,4109,M5J,Condominium,10,Spadina-Fort York
3425845,STR-2010-HYPDPL,123 Woodbine Ave,217,M4L,Condominium,19,Beaches-East York
3425846,STR-2010-HFPDPJ,65 Bremner Blvd,4911,M5J,Condominium,10,Spadina-Fort York
3425847,STR-2010-GHKRPF,12 Chandler Dr,Upper Level,M1G,Single/Semi-detached House,24,Scarborough-Guildwood
3425848,STR-2010-FSPDPC,32 Gordon Rd,,M2P,Single/Semi-detached House,15,Don Valley West
3425849,STR-2010-GJBDPF,11 Lothian Ave,,M8Z,Single/Semi-detached House,3,Etobicoke-Lakeshore
3425850,STR-2010-HQBDPK,133 Alberta Ave,,M6H,Single/Semi-detached House,9,Davenport
3425851,STR-2010-JFPDPM,399 Perth Ave,,M6P,Townhouse/ Row House,9,Davenport
3425852,STR-2010-GJRRPF,204 Kenilworth Ave,1,M4L,Duplex/Triplex/Fourplex,19,Beaches-East York
3425853,STR-2010-HHKRPJ,646 College St,3,M6G,Apartment,11,University-Rosedale
3425854,STR-2010-FLPDPB,20 Nelles Ave,,M6S,Single/Semi-detached House,4,Parkdale-High Park
3425855,STR-2010-HRHDPK,155 Yorkville Ave,2117,M5R,Condominium,11,University-Rosedale
3425856,STR-2010-HZFXPM,145 Chiltern Hill Rd,,M6C,Single/Semi-detached House,12,Toronto-St. Paul's
3425857,STR-2010-FFQKPB,123 Lindsey Ave,,M6H,Single/Semi-detached House,9,Davenport
3425858,STR-2010-GLQKPG,712 Rhodes Ave,,M4J,Single/Semi-detached House,14,Toronto-Danforth
3425859,STR-2010-GVLXPH,141 Boston Ave,,M4M,Single/Semi-detached House,14,Toronto-Danforth
3425860,STR-2010-HKYXPK,89 Dunfield Ave,3502,M4S,Condominium,12,Toronto-St. Paul's
3425861,STR-2010-GWCKPH,249 Seaton St,,M5A,Single/Semi-detached House,13,Toronto Centre
3425862,STR-2010-HFQKPJ,12 York St,2502,M5J,Condominium,10,Spadina-Fort York
3425863,STR-2010-HGFXPJ,100 Langford Ave,,M4J,Single/Semi-detached House,14,Toronto-Danforth
3425864,STR-2010-HPLXPK,2418 Queen Street East,,M1N,Townhouse/ Row House,20,Scarborough Southwest
3425865,STR-2010-JDYXPM,560 Front St W,608,M5V,Condominium,10,Spadina-Fort York
3425866,STR-2010-FSQKPC,217 Beverley St,4,M5T,Duplex/Triplex/Fourplex,11,University-Rosedale
3425867,STR-2010-HGWKPJ,14 Sydenham St,,M5A,Townhouse/ Row House,13,Toronto Centre
3425868,STR-2010-HYQKPL,101 Peter St,902,M5V,Condominium,10,Spadina-Fort York
3425869,STR-2010-GCVDPF,83 Snowdon Ave,,M4N,Single/Semi-detached House,15,Don Valley West
3425870,STR-2010-GTHDPH,571 Ontario St,,M4X,Single/Semi-detached House,13,Toronto Centre
3425871,STR-2010-FMXRPC,486 Shaw St,,M6G,Townhouse/ Row House,11,University-Rosedale
3425872,STR-2010-GDKRPF,5 Mountnoel Ave,Apartment 2,M4J,Single/Semi-detached House,14,Toronto-Danforth
3425873,STR-2010-GLRRPG,36 Castle Frank Rd,309,M4W,Apartment,11,University-Rosedale
3425874,STR-2010-FGHDPB,265 Brock Ave,lower level,M6K,Single/Semi-detached House,9,Davenport
3425875,STR-2010-GFBDPF,7 Cripps Ave,,M6N,Single/Semi-detached House,5,York South-Weston
3425876,STR-2010-JCDRPM,62 Augusta Ave,1,M5T,Duplex/Triplex/Fourplex,10,Spadina-Fort York
3425877,STR-2010-GXKRPH,510 St Clarens Ave,,M6H,Apartment,9,Davenport
3425878,STR-2010-HPPDPK,308 Broadway Ave,,M4P,Single/Semi-detached House,15,Don Valley West
3425879,STR-2010-HWVDPL,199 Niagara St,1,M5V,Single/Semi-detached House,10,Spadina-Fort York
3425880,STR-2010-JFBDPM,703 Richmond St W,,M6J,Single/Semi-detached House,10,Spadina-Fort York
3425881,STR-2010-FGYXPB,18 Carey Rd,,M4S,Single/Semi-detached House,12,Toronto-St. Paul's
3425882,STR-2010-FWFXPD,481 Rathburn Rd,Upper,M9C,Single/Semi-detached House,2,Etobicoke Centre
3425883,STR-2010-HSSXPL,29 Evans Ave,bsmnt,M6S,Apartment,4,Parkdale-High Park
3425884,STR-2010-GFCKPF,28 Griggsden Ave,,M9P,Single/Semi-detached House,2,Etobicoke Centre
3425885,STR-2010-HDLXPJ,718 Adelaide St W,Upper,M6J,Townhouse/ Row House,10,Spadina-Fort York
3425886,STR-2010-GPQKPG,526 Clinton St,,M6G,Single/Semi-detached House,11,University-Rosedale
3425887,STR-2010-GWWKPH,54 Churchill Ave,main floor,M6J,Single/Semi-detached House,9,Davenport
3425888,STR-2010-HMYXPK,234 Church St,,M9N,Single/Semi-detached House,5,York South-Weston
3425889,STR-2010-GHQKPF,22 Avis Cres,,M4B,Single/Semi-detached House,19,Beaches-East York
3425890,STR-2010-HGJKPJ,27 Hay Ave,,M8Z,Single/Semi-detached House,3,Etobicoke-Lakeshore
3425891,STR-2010-HGYXPJ,12 York St,4405,M5J,Condominium,10,Spadina-Fort York
3425892,STR-2010-FTJKPC,35 Lockwood Rd,,M4L,Single/Semi-detached House,19,Beaches-East York
3425893,STR-2010-GZJKPH,108 Euclid Ave,,M6J,Single/Semi-detached House,10,Spadina-Fort York
3425894,STR-2010-JGYXPM,7 Lansdowne Ave,2,M6K,Single/Semi-detached House,4,Parkdale-High Park
3425895,STR-2010-FDPDVB,65 Maughan Cres,,M4L,Single/Semi-detached House,19,Beaches-East York
3425896,STR-2010-FLVDVC,300 Front St W,1308,M5V,Condominium,10,Spadina-Fort York
3425897,STR-2010-GKPDVG,60 Douro St,252,M6K,Townhouse/ Row House,10,Spadina-Fort York
3425898,STR-2010-HJXRVK,89 Superior Ave,,M8V,Single/Semi-detached House,3,Etobicoke-Lakeshore
3425899,STR-2010-GDPDVF,38 Lippincott St,,M5T,Townhouse/ Row House,11,University-Rosedale
3425900,STR-2010-GMKRVG,59 Threadneedle Cres,,M2H,Single/Semi-detached House,17,Don Valley North
3425901,STR-2010-HCXRVJ,1228 Gerrard St E,,M4L,Single/Semi-detached House,14,Toronto-Danforth
3425902,STR-2010-HDPDVJ,16 Connaught Ave,,M4L,Single/Semi-detached House,14,Toronto-Danforth
3425903,STR-2010-HLVDVK,560 Front St W,809,M5V,Condominium,10,Spadina-Fort York
3425904,STR-2011-JCYXVM,31 Fern Ave,,M6R,Single/Semi-detached House,4,Parkdale-High Park
3425905,STR-2010-HVRRVL,95 Coleridge Ave,,M4C,Single/Semi-detached House,19,Beaches-East York
3425906,STR-2010-GHBDVF,89 Dunfield Ave,3501,M4S,Condominium,12,Toronto-St. Paul's
3425907,STR-2010-FZKRVD,85 Bloor St E,307,M4W,Condominium,11,University-Rosedale
3425908,STR-2010-GYDRVH,30 Shore Breeze Dr,338,M8V,Condominium,3,Etobicoke-Lakeshore
3425909,STR-2010-HPRRVK,55 Paradelle Cres,2,M3N,Single/Semi-detached House,7,Humber River-Black Creek
3425910,STR-2010-GRPDVG,12 York St,2005,M5J,Condominium,10,Spadina-Fort York
3425911,STR-2010-JFVDVM,51 Homewood Ave,4,M4Y,Duplex/Triplex/Fourplex,13,Toronto Centre
3425912,STR-2010-FLDRVB,14 York St,1007,M5J,Condominium,10,Spadina-Fort York
3425913,STR-2010-HYDRVL,21 Larchmere Ave,,M9L,Single/Semi-detached House,7,Humber River-Black Creek
3425914,STR-2010-JGKRVM,46 Rippleton Rd,,M3B,Single/Semi-detached House,15,Don Valley West
3425915,STR-2010-FDQKVB,300 Front St W,903,M5V,Condominium,10,Spadina-Fort York
3425916,STR-2010-FLWKVC,29 Waverley Rd,,M4L,Single/Semi-detached House,19,Beaches-East York
3425917,STR-2010-FVCKVD,91 Malvern Ave,,M4E,Single/Semi-detached House,19,Beaches-East York
3425918,STR-2010-FFFXVB,208 Queens Quay W,2609,M5J,Condominium,10,Spadina-Fort York
3425919,STR-2010-FMLXVC,321 Windermere Ave,,M6S,Single/Semi-detached House,4,Parkdale-High Park
3425920,STR-2010-GLFXVG,1029 King St W,641,M6K,Condominium,10,Spadina-Fort York
3425921,STR-2010-GTLXVH,148 Gore Vale Ave,Main Floor,M6J,Single/Semi-detached House,10,Spadina-Fort York
3425922,STR-2011-FWJKVD,40 Nursewood Rd,,M4E,Single/Semi-detached House,19,Beaches-East York
3425923,STR-2011-GLWKVG,307 Beresford Ave,,M6S,Single/Semi-detached House,4,Parkdale-High Park
3425924,STR-2011-GVCKVH,14 York St,3907,M5J,Condominium,10,Spadina-Fort York
3425925,STR-2011-HKQKVK,58 Park Home Ave,,M2N,Single/Semi-detached House,18,Willowdale
3425926,STR-2011-GFFXVF,2744 Victoria Park Ave,,M2J,Single/Semi-detached House,17,Don Valley North
3425927,STR-2011-HDQKVJ,37 Grosvenor St,1403,M4Y,Condominium,13,Toronto Centre
3425928,STR-2011-FRQKVC,12 York St,810,M5J,Condominium,10,Spadina-Fort York
3425929,STR-2011-FYWKVD,27 George Webster Rd,1,M4B,Single/Semi-detached House,19,Beaches-East York
3425930,STR-2011-GHSXVF,12 Blue Forest Dr,,M3H,Single/Semi-detached House,6,York Centre
3425931,STR-2011-GYFXVH,24 Dunsany Cres,,M9R,Single/Semi-detached House,1,Etobicoke North
3425932,STR-2011-HPSXVK,12 York St,4905,M5J,Condominium,10,Spadina-Fort York
3425933,STR-2011-JFFXVM,14 York St,3107,M5J,Condominium,10,Spadina-Fort York
3425934,STR-2011-HHCKVJ,151 Rushton Rd,,M6G,Single/Semi-detached House,12,Toronto-St. Paul's
3425935,STR-2011-HHSXVJ,280 Windermere Ave,,M6S,Single/Semi-detached House,4,Parkdale-High Park
3425936,STR-2011-HYFXVL,210 Victoria St,4013,M5B,Condominium,13,Toronto Centre
3425937,STR-2011-HCKRVJ,25 Fermanagh Ave,,M6R,Townhouse/ Row House,4,Parkdale-High Park
3425938,STR-2011-GFHDVF,14 York St,3008,M5J,Condominium,10,Spadina-Fort York
3425939,STR-2011-HLHDVK,105 Isabella St,601,M4Y,Apartment,13,Toronto Centre
3425940,STR-2011-HTPDVL,79 O'Hara Ave,Front,M6K,Duplex/Triplex/Fourplex,4,Parkdale-High Park
3425941,STR-2011-FQKRVC,123 Strathcona Ave,2,M4J,Townhouse/ Row House,14,Toronto-Danforth
3425942,STR-2011-GFXRVF,110A Edgewood Ave,,M4L,Single/Semi-detached House,19,Beaches-East York
3425943,STR-2011-GWKRVH,36 Fermanagh Ave,,M6R,Single/Semi-detached House,4,Parkdale-High Park
3425944,STR-2011-JCKRVM,21 Cloud Dr,,M9L,Single/Semi-detached House,7,Humber River-Black Creek
3425945,STR-2011-GXBDVH,14 York St,5204,M5J,Condominium,10,Spadina-Fort York
3425946,STR-2011-HMPDVK,1013 Bathurst St,,M5R,Single/Semi-detached House,11,University-Rosedale
3425947,STR-2011-HVVDVL,685 Euclid Ave,Basement,M6G,Single/Semi-detached House,11,University-Rosedale
3425948,STR-2011-FRRRVC,41 Shannon St,,M6J,Townhouse/ Row House,9,Davenport
3425949,STR-2011-FSHDVC,39 Goodview Rd,,M2J,Single/Semi-detached House,17,Don Valley North
3425950,STR-2011-FZPDVD,82 Osler St,,M6P,Townhouse/ Row House,9,Davenport
3425951,STR-2011-JFHDVM,27 Florist Lane,,M1E,Townhouse/ Row House,24,Scarborough-Guildwood
3425952,STR-2011-FSXRVC,296 Maria St,,M6P,Single/Semi-detached House,4,Parkdale-High Park
3425953,STR-2011-GYXRVH,42 Rusholme Rd,,M6J,Single/Semi-detached House,9,Davenport
3425954,STR-2011-HHDRVJ,214 Lynedock Cres,,M3A,Single/Semi-detached House,16,Don Valley East
3425955,STR-2011-HQKRVK,14 York St,705,M5J,Condominium,10,Spadina-Fort York
3425956,STR-2011-FDSXVB,121 Morse St,,M4M,Single/Semi-detached House,14,Toronto-Danforth
3425957,STR-2011-GCLXVF,317 Sunnyside Ave,,M6R,Single/Semi-detached House,4,Parkdale-High Park
3425958,STR-2011-FFJKVB,515 Pape Ave,,M4K,Single/Semi-detached House,14,Toronto-Danforth
3425959,STR-2011-GTQKVH,85 Moberly Ave,,M4C,Single/Semi-detached House,19,Beaches-East York
3425960,STR-2011-HZQKVM,10 Navy Wharf Crt,3106,M5V,Condominium,10,Spadina-Fort York
3425961,STR-2011-GVFXVH,34 Woodside Ave,,M6P,Single/Semi-detached House,4,Parkdale-High Park
3425962,STR-2011-GVWKVH,21 Iceboat Ter,4701,M5V,Condominium,10,Spadina-Fort York
3425963,STR-2011-FQLXVC,12 York St,5201,M5J,Condominium,10,Spadina-Fort York
3425964,STR-2011-FXSXVD,14 York St,3010,M5J,Condominium,10,Spadina-Fort York
3425965,STR-2011-HVFXVL,436 Euclid Ave,,M6G,Single/Semi-detached House,11,University-Rosedale
3425966,STR-2011-JCLXVM,568 Oriole Pkwy,,M4R,Single/Semi-detached House,8,Eglinton-Lawrence
3425967,STR-2011-FHWKVB,47 Erinlea Cres,,M1H,Single/Semi-detached House,24,Scarborough-Guildwood
3425968,STR-2011-FJLXVB,300 Front St W,4106,M5V,Condominium,10,Spadina-Fort York
3425969,STR-2011-FRSXVC,71 Treverton Dr,,M1K,Single/Semi-detached House,21,Scarborough Centre
3425970,STR-2011-HPWKVK,300 Front St W,704,M5V,Condominium,10,Spadina-Fort York
3425971,STR-2011-FKSXVB,64 Pinemore Cres,,M3A,Single/Semi-detached House,16,Don Valley East
3425972,STR-2011-HHFXVJ,120 Homewood Ave,3303,M4Y,Condominium,13,Toronto Centre
3425973,STR-2011-JFYXVM,786 Dovercourt Rd,,M6H,Single/Semi-detached House,9,Davenport
3425974,STR-2011-HHWKVJ,6 Kings Park Blvd,,M4J,Single/Semi-detached House,14,Toronto-Danforth
3425975,STR-2011-FVHDVD,564 Sherbourne St,Unit 6,M4X,Apartment,13,Toronto Centre
3425976,STR-2011-HRVDVL,107 Walnut Ave,,M5V,Single/Semi-detached House,10,Spadina-Fort York
3425977,STR-2011-HZRRVM,312 Roxton Rd,,M6G,Single/Semi-detached House,11,University-Rosedale
3425978,STR-2011-FGRRVB,300 Front St W,606,M5V,Condominium,10,Spadina-Fort York
3425979,STR-2011-GMRRVG,300 Front St W,1806,M5V,Condominium,10,Spadina-Fort York
3425980,STR-2011-GGBDVF,83 Niagara St,,M5V,Townhouse/ Row House,10,Spadina-Fort York
3425981,STR-2011-FHXRVB,556 Delaware Ave N,,M6H,Single/Semi-detached House,9,Davenport
3425982,STR-2011-FYKRVD,231 Fort York Blvd,2112,M5V,Condominium,10,Spadina-Fort York
3425983,STR-2011-GGRRVF,95 Tamworth Rd,,M2N,Single/Semi-detached House,18,Willowdale
3425984,STR-2011-HVXRVL,10 Clementine Sq,,M1G,Single/Semi-detached House,24,Scarborough-Guildwood
3425985,STR-2011-FRVDVC,50 Russell St,,M5S,Duplex/Triplex/Fourplex,11,University-Rosedale
3425986,STR-2011-JDVDVM,92 Indian Grv,,M6R,Single/Semi-detached House,4,Parkdale-High Park
3425987,STR-2011-GSKRVG,40 Hawthorne Rd,,M9R,Single/Semi-detached House,2,Etobicoke Centre
3425988,STR-2011-HKFXVK,225 Sackville St,606,M5A,Condominium,13,Toronto Centre
3425989,STR-2011-FGSXVB,14 Alder Rd,,M4B,Single/Semi-detached House,19,Beaches-East York
3425990,STR-2011-GPYXVG,50 Martindale Rd,,M1M,Single/Semi-detached House,20,Scarborough Southwest
3425991,STR-2011-JFLXVM,12 York St,5007,M5J,Condominium,10,Spadina-Fort York
3425992,STR-2011-HHJKVJ,21 Iceboat Ter,3910,M5V,Condominium,10,Spadina-Fort York
3425993,STR-2011-GSLXVG,12 Ponymeadow Ter,,M1C,Single/Semi-detached House,25,Scarborough-Rouge Park
3425994,STR-2011-JGSXVM,32 Aberdeen Ave,,M4X,Single/Semi-detached House,13,Toronto Centre
3425995,STR-2011-GLPDVG,168 Ingleton Blvd,,M1V,Single/Semi-detached House,23,Scarborough North
3425996,STR-2011-HCBDVJ,400 Avenue Rd,101,M4V,Apartment,12,Toronto-St. Paul's
3425997,STR-2011-HSPDVL,101 Peter St,3908,M5V,Condominium,10,Spadina-Fort York
3425998,STR-2011-HCRRVJ,8 Newmains Crt,,M1C,Single/Semi-detached House,25,Scarborough-Rouge Park
3425999,STR-2011-FGVDVB,65 Bremner Blvd,3005,M5J,Condominium,10,Spadina-Fort York
3426000,STR-2011-HTVDVL,215 Fort York Blvd,2407,M5V,Condominium,10,Spadina-Fort York
3426001,STR-2011-HMDRVK,218 Weston Rd,,M6N,Single/Semi-detached House,5,York South-Weston
3426002,STR-2011-JCRRVM,11 Ashby Pl,,M5A,Townhouse/ Row House,13,Toronto Centre
3426003,STR-2011-FYPDVD,27 Brock Ave,206,M6K,Condominium,4,Parkdale-High Park
3426004,STR-2011-GQBDVG,155 Yorkville Ave,2001,M5R,Condominium,11,University-Rosedale
3426005,STR-2011-HFPDVJ,33 Wharfside Lane,ground,M1C,Townhouse/ Row House,25,Scarborough-Rouge Park
3426006,STR-2011-FZDRVD,26 Stag Hill Dr,bsmt unit,M4B,Single/Semi-detached House,19,Beaches-East York
3426007,STR-2011-FSPDVC,12 York St,4303,M5J,Condominium,10,Spadina-Fort York
3426008,STR-2011-HQBDVK,58 Orchard View Blvd,TH07,M4R,Condominium,8,Eglinton-Lawrence
3426009,STR-2011-FKXRVB,87 Pintail Cres,,M3A,Single/Semi-detached House,16,Don Valley East
3426010,STR-2011-GRXRVG,52 Briar Hill Ave,,M4R,Single/Semi-detached House,8,Eglinton-Lawrence
3426011,STR-2011-HHKRVJ,28 Mayland Ave,,M9C,Single/Semi-detached House,2,Etobicoke Centre
3426012,STR-2011-JGDRVM,155 Yorkville Ave,2715,M5R,Condominium,11,University-Rosedale
3426013,STR-2012-GTFXVH,22 Oxford St,,M5T,Single/Semi-detached House,11,University-Rosedale
3426014,STR-2012-FFQKVB,96 Aldwych Ave,,M4J,Single/Semi-detached House,14,Toronto-Danforth
3426015,STR-2012-FWCKVD,62 Dan Leckie Way,TH01,M5V,Townhouse/ Row House,10,Spadina-Fort York
3426016,STR-2012-GMFXVG,210 Victoria St,3006,M5B,Condominium,13,Toronto Centre
3426017,STR-2012-HKYXVK,6 Thyra Ave,Upper Unit,M4C,Duplex/Triplex/Fourplex,19,Beaches-East York
3426018,STR-2012-FXYXVD,151 Dan Leckie Way,1711,M5V,Condominium,10,Spadina-Fort York
3426019,STR-2012-GGFXVF,244 Cottingham St,,M4V,Single/Semi-detached House,12,Toronto-St. Paul's
3426020,STR-2012-HVLXVL,300 Front St W,2106,M5V,Condominium,10,Spadina-Fort York
3426021,STR-2012-FJSXVB,10 Capreol Crt,512,M5V,Condominium,10,Spadina-Fort York
3426022,STR-2012-FRYXVC,13 Berkshire Ave,,M4M,Single/Semi-detached House,14,Toronto-Danforth
3426023,STR-2012-HPLXVK,463 Plains Rd,,M4C,Single/Semi-detached House,19,Beaches-East York
3426024,STR-2012-HWSXVL,29 Mechanic Ave,,M6K,Single/Semi-detached House,9,Davenport
3426025,STR-2012-FSQKVC,101 Peter St,912,M5V,Condominium,10,Spadina-Fort York
3426026,STR-2012-GBLXVD,21 Iceboat Ter,632,M5V,Condominium,10,Spadina-Fort York
3426027,STR-2012-HBPDVJ,140 Spruce St,,M5A,Townhouse/ Row House,13,Toronto Centre
3426028,STR-2012-HZHDVM,7 Norfolk St,,M6K,Single/Semi-detached House,9,Davenport
3426029,STR-2012-FFRRVB,20 Rivercrest Rd,,M6S,Single/Semi-detached House,4,Parkdale-High Park
3426030,STR-2012-FWDRVD,8 Charlotte St,2706,M5V,Condominium,10,Spadina-Fort York
3426031,STR-2012-GDKRVF,11 Beresford Ave,,M6S,Single/Semi-detached House,4,Parkdale-High Park
3426032,STR-2012-GLRRVG,10 Beresford Ave,,M6S,Single/Semi-detached House,4,Parkdale-High Park
3426033,STR-2012-HKKRVK,78 Montrose Ave,,M6J,Single/Semi-detached House,11,University-Rosedale
3426034,STR-2012-GFBDVF,49 Oakcrest Ave,,M4C,Single/Semi-detached House,19,Beaches-East York
3426035,STR-2012-GMXRVG,95 Summitcrest Dr,,M9P,Single/Semi-detached House,2,Etobicoke Centre
3426036,STR-2012-FQVDVC,23 Navaho Dr,,M2H,Single/Semi-detached House,17,Don Valley North
3426037,STR-2012-GWVDVH,199 Delta St,,M8W,Single/Semi-detached House,3,Etobicoke-Lakeshore
3426038,STR-2012-HFBDVJ,14 York St,3706,M5J,Condominium,10,Spadina-Fort York
3426039,STR-2012-JDKRVM,63 Innes Ave,,M6E,Single/Semi-detached House,9,Davenport
3426040,STR-2012-FJVDVB,250 Wellington St W,1233,M5V,Condominium,10,Spadina-Fort York
3426041,STR-2012-GQVDVG,2 Waringstown Dr,,M1R,Single/Semi-detached House,21,Scarborough Centre
3426042,STR-2012-HGHDVJ,38 Grenville St,1605,M4Y,Condominium,13,Toronto Centre
3426043,STR-2012-HPPDVK,101 Peter St,3202,M5V,Condominium,10,Spadina-Fort York
3426044,STR-2012-FSRRVC,274 Clinton St,1,M6G,Duplex/Triplex/Fourplex,11,University-Rosedale
3426045,STR-2012-FZXRVD,518 Balliol St,,M4S,Single/Semi-detached House,15,Don Valley West
3426046,STR-2012-FTHDVC,219 Fort York Blvd,2104,M5V,Condominium,10,Spadina-Fort York
3426047,STR-2012-HQVDVK,81 Mulock Ave,,M6N,Single/Semi-detached House,5,York South-Weston
3426048,STR-2012-GSRRVG,37 EARL ST,,M4Y,Townhouse/ Row House,13,Toronto Centre
3426049,STR-2012-FFSXVB,151 Dan Leckie Way,1036,M5V,Condominium,10,Spadina-Fort York
3426050,STR-2012-GDLXVF,15 Benalto Rd,,M6A,Single/Semi-detached House,8,Eglinton-Lawrence
3426051,STR-2012-HCFXVJ,92 Blackwater Cres,,M1B,Single/Semi-detached House,25,Scarborough-Rouge Park
3426052,STR-2012-HSSXVL,11 Pintail Cres,Main,M3A,Single/Semi-detached House,16,Don Valley East
3426053,STR-2012-FPQKVC,78 Highcroft Rd,,M4L,Single/Semi-detached House,19,Beaches-East York
3426054,STR-2012-HLCKVK,23 Sproat Ave,,M4M,Single/Semi-detached House,14,Toronto-Danforth
3426055,STR-2012-FYCKVD,12 York St,1211,M5J,Condominium,10,Spadina-Fort York
3426056,STR-2012-HMJKVK,322 St George St,3,M5R,Duplex/Triplex/Fourplex,11,University-Rosedale
3426057,STR-2012-GQFXVG,71 Eaton Ave,,M4J,Single/Semi-detached House,14,Toronto-Danforth
3426058,STR-2012-HFSXVJ,95 Bathurst St,225,M5V,Condominium,10,Spadina-Fort York
3426059,STR-2012-GHQKVF,231 Fort York Blvd,716,M5V,Condominium,10,Spadina-Fort York
3426060,STR-2012-GYSXVH,151 Dan Leckie Way,1509,M5V,Condominium,10,Spadina-Fort York
3426061,STR-2012-HHQKVJ,17 Pembroke St,16,M5A,Apartment,13,Toronto Centre
3426062,STR-2012-GKLXVF,313 Murray Ross Pkwy,,M3J,Single/Semi-detached House,7,Humber River-Black Creek
3426063,STR-2012-GZYXVH,477 Richmond St W,910,M5V,Condominium,10,Spadina-Fort York
3426064,STR-2012-HJFXVJ,239 Lauder Ave,,M6E,Single/Semi-detached House,9,Davenport
3426065,STR-2012-FVBHHD,454 Ruth Ave,,M2M,Single/Semi-detached House,18,Willowdale
3426066,STR-2012-GKPHHG,105 George St,808,M5A,Condominium,13,Toronto Centre
3426067,STR-2012-GSVHHH,89 Dunfield Ave,3508,M4S,Condominium,12,Toronto-St. Paul's
3426068,STR-2012-GCXVHF,219 Fort York Blvd,2902,M5V,Condominium,10,Spadina-Fort York
3426069,STR-2012-HJXVHK,12 York St,3309,M5J,Condominium,10,Spadina-Fort York
3426070,STR-2012-FPBHHC,8 Wellesley St E,307,M4Y,Condominium,13,Toronto Centre
3426071,STR-2012-GLVHHG,564 Sherbourne St,5,M4X,Apartment,13,Toronto Centre
3426072,STR-2012-GVBHHH,955 Bay St,3803,M5S,Condominium,13,Toronto Centre
3426073,STR-2012-JBBHHM,204 Rusholme Rd,,M6H,Single/Semi-detached House,9,Davenport
3426074,STR-2012-HTKVHL,37 Fairlawn Ave,,M5M,Single/Semi-detached House,8,Eglinton-Lawrence
3426075,STR-2012-JBRVHM,11 Mitchell Ave,,M6J,Townhouse/ Row House,10,Spadina-Fort York
3426076,STR-2012-HVBHHL,2 Kingsdown Dr,,M1K,Single/Semi-detached House,21,Scarborough Centre
3426077,STR-2012-FQXVHC,14 York St,2806,M5J,Condominium,10,Spadina-Fort York
3426078,STR-2012-GPRVHG,209 Fort York Blvd,355,M5V,Condominium,10,Spadina-Fort York
3426079,STR-2012-GWXVHH,75 Cowan Ave,,M6K,Single/Semi-detached House,4,Parkdale-High Park
3426080,STR-2012-JCXVHM,259 Glebemount Ave,,M4C,Single/Semi-detached House,19,Beaches-East York
3426081,STR-2012-GHBHHF,560 Front St W,528,M5V,Condominium,10,Spadina-Fort York
3426082,STR-2012-GQHHHG,25 Berkham Rd,,M1H,Single/Semi-detached House,24,Scarborough-Guildwood
3426083,STR-2012-HWHHHL,345 St John's Rd,,M6S,Single/Semi-detached House,4,Parkdale-High Park
3426084,STR-2012-FZKVHD,65 Bremner Blvd,4405,M5J,Condominium,10,Spadina-Fort York
3426085,STR-2012-HGKVHJ,150 East Liberty St,2305,M6K,Condominium,10,Spadina-Fort York
3426086,STR-2012-HPRVHK,116 James Park Sq,,M1V,Single/Semi-detached House,23,Scarborough North
3426087,STR-2012-FSVHHC,15 Mozart Ave,,M1K,Single/Semi-detached House,21,Scarborough Centre
3426088,STR-2012-GJHHHF,305 Booth Ave,,M4M,Single/Semi-detached House,14,Toronto-Danforth
3426089,STR-2012-GRPHHG,14 York St,1601,M5J,Condominium,10,Spadina-Fort York
3426090,STR-2012-HQHHHK,12 York St,1607,M5J,Condominium,10,Spadina-Fort York
3426091,STR-2012-FLDVHB,116 Sumach St,Main,M5A,Townhouse/ Row House,13,Toronto Centre
3426092,STR-2012-FTKVHC,49 Burnt Bark Dr,Room one,M1V,Single/Semi-detached House,22,Scarborough-Agincourt
3426093,STR-2012-HHRVHJ,188 Albertus Ave,,M4R,Single/Semi-detached House,8,Eglinton-Lawrence
3426094,STR-2012-HQXVHK,209 Ontario St,Unit B,M5A,Duplex/Triplex/Fourplex,13,Toronto Centre
3426095,STR-2012-FDQPHB,209 Fort York Blvd,1255,M5V,Condominium,10,Spadina-Fort York
3426096,STR-2012-FVCPHD,269 St Clements Ave,,M4R,Single/Semi-detached House,8,Eglinton-Lawrence
3426097,STR-2012-GCJPHF,250 Gerrard St E,,M5A,Townhouse/ Row House,13,Toronto Centre
3426098,STR-2012-HYXVHM,202 Kenilworth Ave,,M4L,Duplex/Triplex/Fourplex,19,Beaches-East York
3426099,STR-2012-GLGBHG,28 Dewitt Rd,,M9B,Single/Semi-detached House,2,Etobicoke Centre
3426100,STR-2012-HSGBHL,224 Lippincott St,,M5S,Single/Semi-detached House,11,University-Rosedale
3426101,STR-2012-FGMBHB,16 Cedar Brae Blvd,,M1J,Single/Semi-detached House,21,Scarborough Centre
3426102,STR-2012-GMMBHG,37 Indian Rd,,M6R,Single/Semi-detached House,4,Parkdale-High Park
3426103,STR-2012-FQJPHC,34 Magwood Crt,,M6S,Single/Semi-detached House,4,Parkdale-High Park
3426104,STR-2012-HDQPHJ,140 Simcoe St,512,M5H,Condominium,10,Spadina-Fort York
3426105,STR-2012-HLWPHK,72 St Dunstan Dr,,M1L,Single/Semi-detached House,20,Scarborough Southwest
3426106,STR-2012-FYGBHD,300 Front St W,2706,M5V,Condominium,10,Spadina-Fort York
3426107,STR-2012-GJZBHF,11 Keyworth Trl,,M1S,Single/Semi-detached House,23,Scarborough North
3426108,STR-2012-HSXVHL,44 Lippincott St,Lower,M5T,Single/Semi-detached House,11,University-Rosedale
3426109,STR-2012-HTPHHL,55 Bremner Blvd,3103,M5J,Condominium,10,Spadina-Fort York
3426110,STR-2012-GWKVHH,837 Ossington Ave,Basement,M6G,Single/Semi-detached House,11,University-Rosedale
3426111,STR-2012-HVDVHL,188 Scarborough Rd,,M4E,Single/Semi-detached House,19,Beaches-East York
3426112,STR-2012-GPVHHG,300 Front St W,2509,M5V,Condominium,10,Spadina-Fort York
3426113,STR-2012-HMPHHK,42 Bright St,,M5A,Townhouse/ Row House,13,Toronto Centre
3426114,STR-2012-HWKVHL,20 John St,624,M5V,Condominium,10,Spadina-Fort York
3426115,STR-2012-FKBHHB,742 Gerrard St E,,M4M,Single/Semi-detached House,14,Toronto-Danforth
3426116,STR-2012-HPVHHK,199 Ontario St,,M5A,Single/Semi-detached House,13,Toronto Centre
3426117,STR-2012-GBVHHD,70 Brookside Dr,,M4E,Single/Semi-detached House,19,Beaches-East York
3426118,STR-2012-HRBHHK,43 Glen Belle Cres,,M6A,Single/Semi-detached House,8,Eglinton-Lawrence
3426119,STR-2012-GKTBHG,13 Trefann St,,M5A,Townhouse/ Row House,13,Toronto Centre
3426120,STR-2012-HBGBHJ,106B Pitt Ave,,M1L,Single/Semi-detached House,20,Scarborough Southwest
3426121,STR-2012-FMQPHC,36 Bayard Ave,,M1R,Single/Semi-detached House,21,Scarborough Centre
3426122,STR-2012-GLJPHG,278 Prince Edward Dr S,,M8Y,Single/Semi-detached House,3,Etobicoke-Lakeshore
3426123,STR-2012-HZQPHM,105 George St,1813,M5A,Condominium,13,Toronto Centre
3426124,STR-2012-FXCPHD,151 Dan Leckie Way,940,M5V,Condominium,10,Spadina-Fort York
3426125,STR-2012-GVWPHH,300 Front St W,3205,M5V,Condominium,10,Spadina-Fort York
3426126,STR-2012-HDCPHJ,62 Northfield Rd,,M1G,Single/Semi-detached House,24,Scarborough-Guildwood
3426127,STR-2012-HTQPHL,55 Bremner Blvd,1203,M5J,Condominium,10,Spadina-Fort York
3426128,STR-2012-FHWPHB,12 Waterbridge Way,,M1C,Single/Semi-detached House,25,Scarborough-Rouge Park
3426129,STR-2012-FRCPHC,209 Fort York Blvd,681,M5V,Condominium,10,Spadina-Fort York
3426130,STR-2012-HFJPHJ,3 Pembroke St,5,M5A,Townhouse/ Row House,13,Toronto Centre
3426131,STR-2012-HVWPHL,35 Montgomery Ave,,M4R,Single/Semi-detached House,8,Eglinton-Lawrence
3426132,STR-2012-HPGBHK,101 Peter St,409,M5V,Condominium,10,Spadina-Fort York
3426133,STR-2012-GJMBHF,78 Harrison Garden Blvd,1804,M2N,Condominium,18,Willowdale
3426134,STR-2012-GKCPHF,11 Ingleton Blvd,,M1V,Single/Semi-detached House,23,Scarborough North
3426135,STR-2012-HYJPHL,33 Mystic Ave,,M1L,Single/Semi-detached House,20,Scarborough Southwest
3426136,STR-2012-GLKVHG,59 High Park Blvd,Basement,M6R,Single/Semi-detached House,4,Parkdale-High Park
3426137,STR-2012-GDVHHF,98 Lillian St,1720,M4S,Condominium,12,Toronto-St. Paul's
3426138,STR-2012-HKVHHK,261 Dovercourt Rd,,M6J,Single/Semi-detached House,10,Spadina-Fort York
3426139,STR-2012-HTRVHL,1960 Davenport Rd,1,M6N,Apartment,9,Davenport
3426140,STR-2012-FQPHHC,20 John St,822,M5V,Condominium,10,Spadina-Fort York
3426141,STR-2012-FYKVHD,50 Forest Manor Rd,301,M2J,Condominium,17,Don Valley North
3426142,STR-2012-HFKVHJ,35 Mariner Ter,4810,M5V,Condominium,10,Spadina-Fort York
3426143,STR-2012-FRVHHC,113 Glen Springs Dr,,M1W,Single/Semi-detached House,22,Scarborough-Agincourt
3426144,STR-2012-GYKVHH,139 Golfview Ave,,M4E,Single/Semi-detached House,19,Beaches-East York
3426145,STR-2012-HHHHHJ,209 Indian Road Cres,,M6P,Single/Semi-detached House,4,Parkdale-High Park
3426146,STR-2012-HHXVHJ,67 Chester Ave,,M4K,Single/Semi-detached House,14,Toronto-Danforth
3426147,STR-2012-HYKVHL,65 Dempster St,,M1T,Single/Semi-detached House,22,Scarborough-Agincourt
3426148,STR-2012-HRWPHL,17 Pembroke St,40,M5A,Townhouse/ Row House,13,Toronto Centre
3426149,STR-2012-GTTBHH,500 Sherbourne St,1808,M4X,Condominium,13,Toronto Centre
3426150,STR-2012-HBZBHJ,62 Twenty Fourth St,,M8V,Single/Semi-detached House,3,Etobicoke-Lakeshore
3426151,STR-2012-FGCPHB,3 Sheridan Ave,Upper,M6K,Townhouse/ Row House,9,Davenport
3426152,STR-2012-FWQPHD,162 Cabana Dr,,M9L,Single/Semi-detached House,7,Humber River-Black Creek
3426153,STR-2012-GDWPHF,645 Bathurst St,,M5S,Duplex/Triplex/Fourplex,11,University-Rosedale
3426154,STR-2012-GMCPHG,317 Salem Ave,,M6H,Single/Semi-detached House,9,Davenport
3426155,STR-2012-FHJPHB,39 Miller St,,M6N,Single/Semi-detached House,9,Davenport
3426156,STR-2012-HMTBHK,14 Stamford Sq N,Main Floor,M1L,Single/Semi-detached House,20,Scarborough Southwest
3426157,STR-2012-JDGBHM,65 Jefferson Ave,303,M6K,Apartment,10,Spadina-Fort York
3426158,STR-2012-FJQPHB,310 Beresford Ave,,M6S,Single/Semi-detached House,4,Parkdale-High Park
3426159,STR-2012-HGCPHJ,345 Clinton St,,M6G,Single/Semi-detached House,11,University-Rosedale
3426160,STR-2012-JDWPHM,521 Jones Ave,Basement,M4J,Apartment,14,Toronto-Danforth
3426161,STR-2012-FKGBHB,521 Jones Ave,,M4J,Single/Semi-detached House,14,Toronto-Danforth
3426162,STR-2012-GHZBHF,457 Shuter St,,M5A,Townhouse/ Row House,13,Toronto Centre
3426163,STR-2012-GYMBHH,300 Front St W,404,M5V,Condominium,10,Spadina-Fort York
3426164,STR-2012-GRWPHG,112 George St,201,M5A,Condominium,13,Toronto Centre
3426165,STR-2012-HQQPHK,114 Beverley St,Upper,M5T,Single/Semi-detached House,10,Spadina-Fort York
3426166,STR-2012-HHZBHJ,20 John St,922,M5V,Condominium,10,Spadina-Fort York
3426167,STR-2012-GTVHHH,93 Glenholme Ave,Unit 1,M6H,Duplex/Triplex/Fourplex,9,Davenport
3426168,STR-2012-FWRVHD,101 Lomar Dr,,M3N,Single/Semi-detached House,7,Humber River-Black Creek
3426169,STR-2012-FXHHHD,169 Randolph Rd,,M4G,Single/Semi-detached House,15,Don Valley West
3426170,STR-2012-JCBHHM,200 McKee Ave,,M2N,Single/Semi-detached House,18,Willowdale
3426171,STR-2012-FXXVHD,42 Lester Ave,,M6M,Single/Semi-detached House,5,York South-Weston
3426172,STR-2012-HVKVHL,5 Sheppard Ave E,4118,M2N,Condominium,18,Willowdale
3426173,STR-2012-FRHHHC,220 Dairy Dr,,M1L,Townhouse/ Row House,20,Scarborough Southwest
3426174,STR-2012-GGVHHF,14 York St,3309,M5J,Condominium,10,Spadina-Fort York
3426175,STR-2012-HMVHHK,153 Marlborough Pl,,M5R,Duplex/Triplex/Fourplex,11,University-Rosedale
3426176,STR-2012-HGVHHJ,149 Pearson Ave,,M6R,Single/Semi-detached House,4,Parkdale-High Park
3426177,STR-2012-HQBHHK,118 Seventh St,,M8V,Single/Semi-detached House,3,Etobicoke-Lakeshore
3426178,STR-2012-GBKVHD,72 Riverdale Ave,Main,M4K,Single/Semi-detached House,14,Toronto-Danforth
3426179,STR-2012-HHKVHJ,156 Sorauren Ave,North entrance,M6R,Single/Semi-detached House,4,Parkdale-High Park
3426180,STR-2012-HQRVHK,58 Aquila Crt,,M9W,Single/Semi-detached House,1,Etobicoke North
3426181,STR-2012-FVMBHD,14 York St,2101,M5J,Condominium,10,Spadina-Fort York
3426182,STR-2012-GCTBHF,58 Massey St,2nd Floor,M6J,Townhouse/ Row House,10,Spadina-Fort York
3426183,STR-2012-GKZBHG,205 Dovercourt Rd,,M6J,Townhouse/ Row House,10,Spadina-Fort York
3426184,STR-2012-HZWPHM,71 Ashbourne Dr,,M9B,Single/Semi-detached House,2,Etobicoke Centre
3426185,STR-2012-FWTBHD,72 Henry St,,M5T,Single/Semi-detached House,11,University-Rosedale
3426186,STR-2012-HCTBHJ,14 York St,907,M5J,Condominium,10,Spadina-Fort York
3426187,STR-2012-HTGBHL,389 King St W,2,M5V,Apartment,10,Spadina-Fort York
3426188,STR-2012-FQCPHC,500 Annette St,,M6P,Single/Semi-detached House,4,Parkdale-High Park
3426189,STR-2012-FJCPHB,363 Concord Ave,,M6H,Single/Semi-detached House,9,Davenport
3426190,STR-2012-HFQPHJ,24 Galley Ave,,M6R,Single/Semi-detached House,4,Parkdale-High Park
3426191,STR-2012-FRZBHC,500 Doris Ave,2522,M2N,Condominium,18,Willowdale
3426192,STR-2012-FZWPHD,150 Yarmouth Rd,,M6G,Single/Semi-detached House,11,University-Rosedale
3426193,STR-2012-FTGBHC,165 Atlas Ave,Upper,M6C,Single/Semi-detached House,12,Toronto-St. Paul's
3426194,STR-2012-GRZBHG,60 Woodbine Ave,,M4L,Townhouse/ Row House,19,Beaches-East York
3426195,STR-2012-HXZBHL,117 Harrison St,,M6J,Townhouse/ Row House,9,Davenport
3426196,STR-2012-FVPHHD,101 Gladstone Ave,2,M6J,Single/Semi-detached House,9,Davenport
3426197,STR-2012-GLBHHG,143 Parkmount Rd,Upper,M4J,Single/Semi-detached House,14,Toronto-Danforth
3426198,STR-2012-HBPHHJ,9 Bralorne Cres,,M6S,Single/Semi-detached House,4,Parkdale-High Park
3426199,STR-2012-FMXVHC,30 Nelson St,907,M5V,Condominium,10,Spadina-Fort York
3426200,STR-2012-HSRVHL,60 Gloucester St,204,M4Y,Apartment,13,Toronto Centre
3426201,STR-2012-HZXVHM,56 Touraine Ave,,M3H,Single/Semi-detached House,6,York Centre
3426202,STR-2012-GVPHHH,2 Bellevue Ave,,M5T,Single/Semi-detached House,11,University-Rosedale
3426203,STR-2012-HDKVHJ,537 Palmerston Blvd,1,M6G,Duplex/Triplex/Fourplex,11,University-Rosedale
3426204,STR-2012-HTXVHL,2582 Keele St,,M6L,Single/Semi-detached House,5,York South-Weston
3426205,STR-2012-FHPHHB,400 St Germain Ave,,M5M,Single/Semi-detached House,8,Eglinton-Lawrence
3426206,STR-2012-FZXVHD,38 Western Battery Rd,618,M6K,Townhouse/ Row House,10,Spadina-Fort York
3426207,STR-2012-GYRVHH,97 Lankin Blvd,,M4J,Single/Semi-detached House,14,Toronto-Danforth
3426208,STR-2012-GSBHHG,122 Eaton Ave,,M4J,Single/Semi-detached House,14,Toronto-Danforth
3426209,STR-2012-HQVHHK,35 Yardley Ave,,M4B,Single/Semi-detached House,19,Beaches-East York
3426210,STR-2101-HYRVHL,60 Eaton Ave,,M4J,Single/Semi-detached House,14,Toronto-Danforth
3426211,STR-2101-GCWPHF,173 Belsize Dr,,M4S,Single/Semi-detached House,12,Toronto-St. Paul's
3426212,STR-2101-FFTBHB,872 Sheppard Ave W,203,M3H,Condominium,6,York Centre
3426213,STR-2101-FWWPHD,223 Renforth Dr,,M9C,Single/Semi-detached House,2,Etobicoke Centre
3426214,STR-2101-HCWPHJ,5 Elsie Lane,137,M6P,Townhouse/ Row House,9,Davenport
3426215,STR-2101-JBQPHM,83 Oakridge Dr,,M1M,Single/Semi-detached House,20,Scarborough Southwest
3426216,STR-2101-HDMBHJ,140 Margueretta St,,M6H,Townhouse/ Row House,9,Davenport
3426217,STR-2101-HFCPHJ,241 Brunswick Ave,house upstairs,M5S,Single/Semi-detached House,11,University-Rosedale
3426218,STR-2101-GQGBHG,20 Fourth St,,M5J,Single/Semi-detached House,10,Spadina-Fort York
3426219,STR-2101-FSCPHC,122 Kendal Ave,B,M5R,Duplex/Triplex/Fourplex,11,University-Rosedale
3426220,STR-2101-FZJPHD,215 Fort York Blvd,307,M5V,Condominium,10,Spadina-Fort York
3426221,STR-2101-GYCPHH,109 Walnut Ave,Main,M5V,Duplex/Triplex/Fourplex,10,Spadina-Fort York
3426222,STR-2101-FZZBHD,352 Front St W,1602,M5V,Condominium,10,Spadina-Fort York
3426223,STR-2101-GBQPHD,10 Kintyre Ave,,M4M,Single/Semi-detached House,14,Toronto-Danforth
3426224,STR-2101-GCGBHD,673 Carlaw Ave,,M4K,Single/Semi-detached House,14,Toronto-Danforth
3426225,STR-2101-HYTBHL,59 Balmoral Ave,,M4V,Single/Semi-detached House,12,Toronto-St. Paul's
3426226,STR-2101-FDPKVB,451 Queen St E,,M5A,Townhouse/ Row House,13,Toronto Centre
3426227,STR-2101-FLVKVC,848 Shaw St,,M6G,Single/Semi-detached House,11,University-Rosedale
3426228,STR-2101-HBBKVJ,30 Sabrina Dr,1,M9R,Single/Semi-detached House,2,Etobicoke Centre
3426229,STR-2101-FVRXVD,367 Euclid Ave,,M6J,Single/Semi-detached House,11,University-Rosedale
3426230,STR-2101-GCXXVF,769 Lansdowne Ave,,M6H,Single/Semi-detached House,9,Davenport
3426231,STR-2101-FWHKVD,3 Bolger Pl,3,M9W,Single/Semi-detached House,1,Etobicoke North
3426232,STR-2101-FGKXVB,11 Eldon Ave,,M4C,Single/Semi-detached House,19,Beaches-East York
3426233,STR-2101-FWXXVD,9 Meaford Ave,B,M8V,Single/Semi-detached House,3,Etobicoke-Lakeshore
3426234,STR-2101-FQHKVC,155 Yorkville Ave,504,M5R,Condominium,11,University-Rosedale
3426235,STR-2101-GPBKVG,41 Derwyn Rd,,M4J,Single/Semi-detached House,14,Toronto-Danforth
3426236,STR-2101-HDPKVJ,41 Huntley St,1,M4Y,Single/Semi-detached House,13,Toronto Centre
3426237,STR-2101-GWXXVH,1267 Woodbine Ave,Back Entrance,M4C,Duplex/Triplex/Fourplex,19,Beaches-East York
3426238,STR-2101-JGKXVM,14 York St,504,M5J,Condominium,10,Spadina-Fort York
3426239,STR-2101-JDPKVM,168 Wincott Dr,,M9R,Single/Semi-detached House,2,Etobicoke Centre
3426240,STR-2101-FSDXVC,40 Whitehall Rd,Lower Suite,M4W,Duplex/Triplex/Fourplex,11,University-Rosedale
3426241,STR-2101-GBBKVD,300 Front St W,1106,M5V,Condominium,10,Spadina-Fort York
3426242,STR-2101-GRPKVG,2 Parkcrest Dr,,M1M,Single/Semi-detached House,20,Scarborough Southwest
3426243,STR-2101-HYDXVL,529 Woodbine Ave,,M4E,Single/Semi-detached House,19,Beaches-East York
3426244,STR-2101-HYWRVM,300 Front St W,2810,M5V,Condominium,10,Spadina-Fort York
3426245,STR-2101-HJZDVK,114 Claremore Ave,,M1N,Single/Semi-detached House,20,Scarborough Southwest
3426246,STR-2101-HLGDVK,118 Northland Ave,,M6N,Single/Semi-detached House,5,York South-Weston
3426247,STR-2101-HDQRVJ,68 Grangeway Ave,1910,M1H,Condominium,24,Scarborough-Guildwood
3426248,STR-2101-FQZDVC,109 Northcliffe Blvd,,M6E,Single/Semi-detached House,9,Davenport
3426249,STR-2101-GPTDVG,23 Beresford Ave,,M6S,Apartment,4,Parkdale-High Park
3426250,STR-2101-HVTDVL,163 Clifton Ave,,M3H,Single/Semi-detached House,6,York Centre
3426251,STR-2101-GYGDVH,888 Queen St W,Upper,M6J,Duplex/Triplex/Fourplex,10,Spadina-Fort York
3426252,STR-2101-HBDXVJ,210 Victoria St,2803,M5B,Condominium,13,Toronto Centre
3426253,STR-2101-HJKXVK,219 Fort York Blvd,1401,M5V,Condominium,10,Spadina-Fort York
3426254,STR-2101-FWKXVD,88 Prust Ave,,M4L,Single/Semi-detached House,14,Toronto-Danforth
3426255,STR-2101-HSXXVL,155 Yorkville Ave,1410,M5R,Condominium,11,University-Rosedale
3426256,STR-2101-JBDXVM,621 Hillsdale Ave E,,M4S,Single/Semi-detached House,15,Don Valley West
3426257,STR-2101-FHDXVB,17 Osler St,,M6P,Single/Semi-detached House,9,Davenport
3426258,STR-2101-HDRXVJ,325 Bogert Ave,Unit 152,M2N,Apartment,18,Willowdale
3426259,STR-2101-HWKXVL,300 Front St W,3209,M5V,Condominium,10,Spadina-Fort York
3426260,STR-2101-GYHKVH,300 Front St W,3711,M5V,Condominium,10,Spadina-Fort York
3426261,STR-2101-GRRXVG,20 Page St.,,M6G,Duplex/Triplex/Fourplex,11,University-Rosedale
3426262,STR-2101-GKBKVF,37 Grosvenor St,3409,M4Y,Condominium,13,Toronto Centre
3426263,STR-2101-JGPKVM,1052 Queen St W,Penthouse,M6J,Apartment,10,Spadina-Fort York
3426264,STR-2102-GDTDVF,240 Lauder Ave,,M6E,Single/Semi-detached House,9,Davenport
3426265,STR-2102-HSZDVL,15 Sheridan Ave,,M6K,Townhouse/ Row House,9,Davenport
3426266,STR-2102-FPWRVC,240 Ashworth Ave,Lower Unit,M6G,Single/Semi-detached House,12,Toronto-St. Paul's
3426267,STR-2102-HTQRVL,419 Montrose Ave,basement,M6G,Duplex/Triplex/Fourplex,11,University-Rosedale
3426268,STR-2102-HLZDVK,18 Laburnham Ave,,M8V,Single/Semi-detached House,3,Etobicoke-Lakeshore
3426269,STR-2102-FHWRVB,55 Bremner Blvd,4706,M5J,Condominium,10,Spadina-Fort York
3426270,STR-2102-GXCRVH,270 Wellington St W,1017,M5V,Condominium,10,Spadina-Fort York
3426271,STR-2102-HVWRVL,215 Fort York Blvd,1803,M5V,Condominium,10,Spadina-Fort York
3426272,STR-2102-FRTDVC,300 Front St W,2107,M5V,Condominium,10,Spadina-Fort York
3426273,STR-2102-FYZDVD,105 George St,5,M5A,Condominium,13,Toronto Centre
3426274,STR-2102-JDTDVM,58 Parkway Ave,,M6R,Single/Semi-detached House,4,Parkdale-High Park
3426275,STR-2102-HXTDVL,402 O'Connor Dr,,M4J,Single/Semi-detached House,14,Toronto-Danforth
3426276,STR-2102-GBWRVD,107 Massey St,3,M6J,Single/Semi-detached House,10,Spadina-Fort York
3426277,STR-2102-GLKXVG,369 Shuter St,2,M5A,Townhouse/ Row House,13,Toronto Centre
3426278,STR-2102-GMBKVG,2 Eva Rd,2623,M9C,Condominium,2,Etobicoke Centre
3426279,STR-2102-GGBKVF,170 Major St,,M5S,Single/Semi-detached House,11,University-Rosedale
3426280,STR-2102-FYKXVD,165 Clifton Ave,,M3H,Single/Semi-detached House,6,York Centre
3426281,STR-2102-GGRXVF,10 Avalon Ave,Main,M6N,Single/Semi-detached House,5,York South-Weston
3426282,STR-2103-GPXXVG,6 Eva Rd,1410,M9C,Condominium,2,Etobicoke Centre
3426283,STR-2103-HMRXVK,560 Front St W,420,M5V,Condominium,10,Spadina-Fort York
3426284,STR-2103-GRDXVG,560 Front St W,632,M5V,Condominium,10,Spadina-Fort York
3426285,STR-2103-FKVKVB,507 Queen St W,2,M5V,Apartment,10,Spadina-Fort York
3426286,STR-2103-GKDXVF,12 York St,709,M5J,Condominium,10,Spadina-Fort York
3426287,STR-2103-FDWRVB,45 Baybrook Cres,,M1H,Single/Semi-detached House,24,Scarborough-Guildwood
3426288,STR-2103-FMCRVC,83 Trethewey Dr,Main,M6M,Single/Semi-detached House,5,York South-Weston
3426289,STR-2211-FPQDVC,32 Lloyd George Ave,,M8W,Single/Semi-detached House,3,Etobicoke-Lakeshore
3426290,STR-2211-FXLRVD,119 Hallam St,Laneway,M6H,Single/Semi-detached House,9,Davenport
3426291,STR-2211-FQWDVC,250 Wellington St W,1244,M5V,Condominium,10,Spadina-Fort York
3426292,STR-2211-GGJDVF,24 Carmichael Ave,,M5M,Single/Semi-detached House,8,Eglinton-Lawrence
3426293,STR-2211-GPQDVG,11 Prust Ave,,M4L,Single/Semi-detached House,14,Toronto-Danforth
3426294,STR-2211-HMJDVK,2 Sonic Way,2410,M3C,Condominium,16,Don Valley East
3426295,STR-2211-FJFRVB,65 Bremner Blvd,3708,M5J,Apartment,10,Spadina-Fort York
3426296,STR-2211-GXLRVH,210 Victoria St,4108,M5B,Condominium,13,Toronto Centre
3426297,STR-2211-HWFRVL,39 Hill Cres,,M1M,Single/Semi-detached House,24,Scarborough-Guildwood
3426298,STR-2211-FJWDVB,20 Windham Dr,,M2K,Single/Semi-detached House,17,Don Valley North
3426299,STR-2211-FSCDVC,19 Waringstown Dr,,M1R,Single/Semi-detached House,21,Scarborough Centre
3426300,STR-2211-FZYRVD,57 Glenridge Rd,,M1M,Single/Semi-detached House,20,Scarborough Southwest
3426301,STR-2211-GJFRVF,359 Brock Ave,A,M6H,Duplex/Triplex/Fourplex,9,Davenport
3426302,STR-2211-GRLRVG,256 Brock Ave,,M6K,Townhouse/ Row House,9,Davenport
3426303,STR-2211-GJWDVF,55 Regent St,13,M5A,Townhouse/ Row House,13,Toronto Centre
3426304,STR-2211-GSCDVG,20 Shore Breeze Dr,210,M8V,Condominium,3,Etobicoke-Lakeshore
3426305,STR-2211-GZJDVH,73 Chelsea Ave,Upper,M6P,Duplex/Triplex/Fourplex,4,Parkdale-High Park
3426306,STR-2211-GCFRVD,336 Berkeley St,,M5A,Single/Semi-detached House,13,Toronto Centre
3426307,STR-2211-GZYRVH,300 Front St W,4003,M5V,Condominium,10,Spadina-Fort York
3426308,STR-2211-HYSRVL,1096 Warden Ave,B,M1R,Single/Semi-detached House,21,Scarborough Centre
3426309,STR-2211-HZKKVM,357 Margueretta St,,M6H,Single/Semi-detached House,9,Davenport
3426310,STR-2211-FFTXVB,96 Chipwood Cres,,M2J,Duplex/Triplex/Fourplex,17,Don Valley North
3426311,STR-2211-GLTXVG,451 Shuter St,Lower,M5A,Duplex/Triplex/Fourplex,13,Toronto Centre
3426312,STR-2211-HSTXVL,381 Murray Ross Pkwy,,M3J,Single/Semi-detached House,7,Humber River-Black Creek
3426313,STR-2211-FGKKVB,38 Laughton Ave,1,M6N,Duplex/Triplex/Fourplex,9,Davenport
3426314,STR-2211-FWXKVD,1 Sunderland Cres,,M1H,Single/Semi-detached House,24,Scarborough-Guildwood
3426315,STR-2211-HCXKVJ,98 Lillian St,712,M4S,Condominium,12,Toronto-St. Paul's
3426316,STR-2211-FXMXVD,19 Bourdon Ave,,M6L,Single/Semi-detached House,5,York South-Weston
3426317,STR-2211-GMZXVG,833 King St W,303,M5V,Condominium,10,Spadina-Fort York
3426318,STR-2211-HDMXVJ,140 Simcoe St,1411,M5H,Condominium,10,Spadina-Fort York
3426319,STR-2211-GWXKVH,1409 King St W,1,M6K,Duplex/Triplex/Fourplex,4,Parkdale-High Park
3426320,STR-2211-HFDKVJ,300 Front St W,1108,M5V,Condominium,10,Spadina-Fort York
3426321,STR-2211-FJGXVB,20B Vanbrugh Ave,,M1N,Single/Semi-detached House,20,Scarborough Southwest
3426322,STR-2211-FRMXVC,1209 Queen St E,15,M4M,Townhouse/ Row House,14,Toronto-Danforth
3426323,STR-2211-GQGXVG,56 Cedarvale Ave,A,M4C,Single/Semi-detached House,19,Beaches-East York
3426324,STR-2211-FZKKVD,43 Ryerson Ave,2,M5T,Single/Semi-detached House,10,Spadina-Fort York
3426325,STR-2211-GYDKVH,1558 Queen St E,2,M4L,Apartment,14,Toronto-Danforth
3426326,STR-2211-HGKKVJ,284 Poyntz Ave,,M2N,Single/Semi-detached House,18,Willowdale
3426327,STR-2211-FZZXVD,182 Coleman Ave,Main,M4C,Duplex/Triplex/Fourplex,19,Beaches-East York
3426328,STR-2211-GYTXVH,50 Aberdeen Ave,,M4X,Townhouse/ Row House,13,Toronto Centre
3426329,STR-2211-HXMXVL,477 Wilson Heights Blvd,,M3H,Single/Semi-detached House,6,York Centre
3426330,STR-2211-JFTXVM,12 York St,5002,M5J,Condominium,10,Spadina-Fort York
3426331,STR-2211-GJXKVF,109 Connolly St,Main,M6N,Single/Semi-detached House,9,Davenport
3426332,STR-2211-GSDKVG,101 Peter St,1702,M5V,Condominium,10,Spadina-Fort York
3426333,STR-2211-JGKKVM,47 Woburn Ave,,M5M,Single/Semi-detached House,8,Eglinton-Lawrence
3426334,STR-2211-GCGXVD,30 Grand Trunk Cres,3703,M5J,Condominium,10,Spadina-Fort York
3426335,STR-2211-HJGXVJ,2 Anndale Dr,3302,M2N,Condominium,18,Willowdale
3426336,STR-2211-GCHBHS,78 Elm Grove Ave,,M6K,Single/Semi-detached House,4,Parkdale-High Park
3426337,STR-2211-GKPBHT,300 Front St W,413,M5V,Condominium,10,Spadina-Fort York
3426338,STR-2211-HBBBHW,569 Ossington Ave,1,M6G,Single/Semi-detached House,11,University-Rosedale
3426339,STR-2211-GBRPHR,394 Queen St W,2,M5V,Apartment,10,Spadina-Fort York
3426340,STR-2211-GTKPHV,103 West Lodge Ave,1019,M6K,Apartment,4,Parkdale-High Park
3426341,STR-2211-HBRPHW,297 Keele St,,M6P,Single/Semi-detached House,4,Parkdale-High Park
3426342,STR-2211-HJXPHX,55 Bremner Blvd,4311,M5J,Condominium,10,Spadina-Fort York
3426343,STR-2211-HSDPHY,98 Lillian St,711,M4S,Condominium,12,Toronto-St. Paul's
3426344,STR-2211-HZKPHZ,44 Stephen Dr,,M8Y,Single/Semi-detached House,3,Etobicoke-Lakeshore
3426345,STR-2211-GDPBHS,10 Oakfield Dr,,M8Y,Single/Semi-detached House,3,Etobicoke-Lakeshore
3426346,STR-2211-HKPBHX,24 Tyndall Ave,311,M6K,Apartment,4,Parkdale-High Park
3426347,STR-2211-HSVBHY,65 Bremner Blvd,4408,M5J,Condominium,10,Spadina-Fort York
3426348,STR-2211-GPBBHT,24 Noble St,408,M6K,Condominium,4,Parkdale-High Park
3426349,STR-2211-GWHBHV,89 William Duncan Rd,,M3K,Townhouse/ Row House,6,York Centre
3426350,STR-2211-JCHBHZ,1654 Gerrard St E,A,M4L,Single/Semi-detached House,19,Beaches-East York
3426351,STR-2211-HFDPHW,84 Bastedo Ave,UN-B,M4C,Single/Semi-detached House,19,Beaches-East York
3426352,STR-2211-JCXPHZ,215 Fort York Blvd,1701,M5V,Condominium,10,Spadina-Fort York
3426353,STR-2211-FRPBHQ,70 Jasper Ave,,M6N,Single/Semi-detached House,5,York South-Weston
3426354,STR-2211-FYVBHR,89 Riverdale Ave,,M4K,Single/Semi-detached House,14,Toronto-Danforth
3426355,STR-2211-GHBBHS,52 Vaughan Rd,B,M6G,Apartment,12,Toronto-St. Paul's
3426356,STR-2211-JDPBHZ,3 Sudbury St,303,M6J,Condominium,10,Spadina-Fort York
3426357,STR-2211-FJXPHP,103 Grand Ave,,M8Y,Single/Semi-detached House,3,Etobicoke-Lakeshore
3426358,STR-2211-HPRPHX,256 Blackthorn Ave,,M6N,Single/Semi-detached House,9,Davenport
3426359,STR-2211-JFDPHZ,165 Clifton Ave,,M3H,Single/Semi-detached House,6,York Centre
3426360,STR-2211-GJHBHS,30 Nelson St,3906,M5V,Condominium,10,Spadina-Fort York
3426361,STR-2211-HHBBHW,2541 Eglinton Ave W,1,M6M,Apartment,5,York South-Weston
3426362,STR-2211-HQHBHX,102 Regent St,18,M5A,Townhouse/ Row House,13,Toronto Centre
3426363,STR-2211-HXPBHY,262 Torrens Ave,,M4J,Single/Semi-detached House,14,Toronto-Danforth
3426364,STR-2211-FLDPHP,112 George St,320,M5A,Condominium,13,Toronto Centre
3426365,STR-2211-FTKPHQ,630 Kingston Rd,404,M4E,Condominium,19,Beaches-East York
3426366,STR-2211-FVCHHR,70 Queens Wharf Rd,1207,M5V,Single/Semi-detached House,10,Spadina-Fort York
3426367,STR-2211-HYWHHZ,52 Ainsdale Rd,,M1R,Single/Semi-detached House,21,Scarborough Centre
3426368,STR-2211-FMLVHQ,279 Cocksfield Ave,,M3H,Single/Semi-detached House,6,York Centre
3426369,STR-2211-GTLVHV,11 Blaydon Ave,,M3M,Single/Semi-detached House,6,York Centre
3426370,STR-2211-HJYVHX,239 Harvie Ave,Laneway,M6E,Single/Semi-detached House,9,Davenport
3426371,STR-2211-HZLVHZ,1173 Dundas St E,236,M4M,Condominium,14,Toronto-Danforth
3426372,STR-2211-FPCHHQ,22 Western Battery Rd,106,M6K,Townhouse/ Row House,10,Spadina-Fort York
3426373,STR-2211-FWJHHR,40 Beatrice St,2,M6J,Duplex/Triplex/Fourplex,11,University-Rosedale
3426374,STR-2211-GDQHHS,115 Richmond St E,406,M5C,Condominium,13,Toronto Centre
3426375,STR-2211-GLWHHT,106 Ranee Ave,Basement,M6A,Single/Semi-detached House,8,Eglinton-Lawrence
3426376,STR-2211-HSWHHY,209 Fort York Blvd,958,M5V,Condominium,10,Spadina-Fort York
3426377,STR-2211-FGLVHP,21 Iceboat Ter,2102,M5V,Condominium,10,Spadina-Fort York
3426378,STR-2211-GFFVHS,60 Eastwood Ave,,M1N,Single/Semi-detached House,20,Scarborough Southwest
3426379,STR-2211-GVSVHV,42 Western Battery Rd,702,M6K,Townhouse/ Row House,10,Spadina-Fort York
3426380,STR-2211-HCYVHW,1136 Queen St W,2,M6J,Apartment,9,Davenport
3426381,STR-2211-HLFVHX,139 Scarboro Cres,,M1M,Single/Semi-detached House,20,Scarborough Southwest
3426382,STR-2211-FQJHHQ,87 Peter St,711,M5V,Condominium,10,Spadina-Fort York
3426383,STR-2211-GWJHHV,215 Sutherland Dr,,M4G,Single/Semi-detached House,15,Don Valley West
3426384,STR-2211-JCJHHZ,174 Indian Grv,Upper,M6P,Duplex/Triplex/Fourplex,4,Parkdale-High Park
3426385,STR-2211-FHSVHP,28 Griggsden Ave,,M9P,Single/Semi-detached House,2,Etobicoke Centre
3426386,STR-2211-FYFVHR,109 Gore Vale Ave,,M6J,Single/Semi-detached House,10,Spadina-Fort York
3426387,STR-2211-GGLVHS,836 Kennedy Rd,,M1K,Single/Semi-detached House,21,Scarborough Centre
3426388,STR-2211-FYWHHR,55 Bremner Blvd,2610,M5J,Condominium,10,Spadina-Fort York
3426389,STR-2211-GXQHHV,924 Ossington Ave,203,M6G,Duplex/Triplex/Fourplex,9,Davenport
3426390,STR-2211-HPCHHX,260 Sackville St,1110,M5A,Condominium,13,Toronto Centre
3426391,STR-2211-FKQHHP,154 Alameda Ave,,M6C,Single/Semi-detached House,12,Toronto-St. Paul's
3426392,STR-2211-GBCHHR,151 Dan Leckie Way,612,M5V,Condominium,10,Spadina-Fort York
3426393,STR-2211-HHCHHW,231 Fort York Blvd,921,M5V,Condominium,10,Spadina-Fort York
3426394,STR-2211-GSFVHT,300 Front St W,1001,M5V,Condominium,10,Spadina-Fort York
3426395,STR-2211-GCKPHS,15 Iceboat Ter,341,M5V,Condominium,10,Spadina-Fort York
3426396,STR-2211-GSXPHV,569 Oriole Pkwy,,M4R,Single/Semi-detached House,8,Eglinton-Lawrence
3426397,STR-2211-HZPBHZ,852 Dundas St W,,M6J,Single/Semi-detached House,11,University-Rosedale
3426398,STR-2211-GDRPHS,11 Sergio Marchi St,,M3L,Single/Semi-detached House,7,Humber River-Black Creek
3426399,STR-2211-GLXPHT,113 Dell Park Ave,,M6B,Single/Semi-detached House,8,Eglinton-Lawrence
3426400,STR-2211-HSXPHY,15 Hazelnut Cres,,M2J,Single/Semi-detached House,17,Don Valley North
3426401,STR-2211-JBDPHZ,12 York St,4706,M5J,Condominium,10,Spadina-Fort York
3426402,STR-2211-GFHBHS,66 Albani St,,M8V,Single/Semi-detached House,3,Etobicoke-Lakeshore
3426403,STR-2211-FRBBHQ,3 Hagley Rd,,M1M,Single/Semi-detached House,20,Scarborough Southwest
3426404,STR-2211-HFXPHW,6 Eva Rd,1609,M9C,Condominium,2,Etobicoke Centre
3426405,STR-2211-FSHBHQ,361 Waverley Rd,,M4L,Single/Semi-detached House,19,Beaches-East York
3426406,STR-2211-GHVBHS,59 Guestville Ave,,M6N,Single/Semi-detached House,5,York South-Weston
3426407,STR-2211-GYHBHV,514 Wilson Heights Blvd,,M3H,Single/Semi-detached House,6,York Centre
3426408,STR-2211-HGPBHW,560 Front St W,532,M5V,Condominium,10,Spadina-Fort York
3426409,STR-2211-JFHBHZ,111 St Clair Ave W,1602,M4V,Condominium,12,Toronto-St. Paul's
3426410,STR-2211-FKRPHP,181 Downsview Park Blvd,,M3K,Townhouse/ Row House,6,York Centre
3426411,STR-2211-HXRPHY,48 Marbury Cres,,M3A,Single/Semi-detached House,16,Don Valley East
3426412,STR-2211-FLHBHP,209 Fort York Blvd,176,M5V,Condominium,10,Spadina-Fort York
3426413,STR-2211-GBVBHR,38 Grenville St,3306,M4Y,Condominium,13,Toronto Centre
3426414,STR-2211-GZPBHV,2181 Yonge St,1606,M4S,Condominium,12,Toronto-St. Paul's
3426415,STR-2211-HRBBHX,42 Westmoreland Ave,,M6H,Single/Semi-detached House,9,Davenport
3426416,STR-2211-HYHBHY,196 Placentia Blvd,,M1S,Single/Semi-detached House,23,Scarborough North
3426417,STR-2211-GCLVHS,526 Clinton St,Laneway,M6G,Single/Semi-detached House,11,University-Rosedale
3426418,STR-2211-GKSVHT,112 Langley Ave,,M4K,Single/Semi-detached House,14,Toronto-Danforth
3426419,STR-2211-FFJHHP,902 Davenport Rd,3,M6G,Duplex/Triplex/Fourplex,12,Toronto-St. Paul's
3426420,STR-2211-FVWHHR,155 Yorkville Ave,2907,M5R,Condominium,11,University-Rosedale
3426421,STR-2211-GLJHHT,9 Sepia Dr,,M2J,Single/Semi-detached House,17,Don Valley North
3426422,STR-2211-HZQHHZ,95 Fontainbleau Dr,,M2M,Single/Semi-detached House,18,Willowdale
3426423,STR-2211-HCLVHW,2 Elway Crt,3,M6B,Apartment,8,Eglinton-Lawrence
3426424,STR-2211-JBFVHZ,155 Yorkville Ave,1214,M5R,Condominium,11,University-Rosedale
3426425,STR-2211-JBWHHZ,5 Hargrave Lane,,M4N,Townhouse/ Row House,15,Don Valley West
3426426,STR-2211-HLYVHX,21 Iceboat Ter,823,M5V,Condominium,10,Spadina-Fort York
3426427,STR-2211-FYYVHR,407 Symington Ave,,M6N,Townhouse/ Row House,9,Davenport
3426428,STR-2211-GHFVHS,230 Campbell Ave,,M6P,Single/Semi-detached House,9,Davenport
3426429,STR-2211-HPFVHX,151 Lee Ave,,M4E,Single/Semi-detached House,19,Beaches-East York
3426430,STR-2211-FKCHHP,701 Sheppard Ave W,409,M3H,Condominium,6,York Centre
3426431,STR-2211-GYJHHV,106 Northland Ave,Lower,M6N,Single/Semi-detached House,5,York South-Weston
3426432,STR-2211-FKSVHP,14 York St,1311,M5J,Condominium,10,Spadina-Fort York
3426433,STR-2211-HXSVHY,955 Bay St,724,M5S,Condominium,13,Toronto Centre
3426434,STR-2211-FLJHHP,208 Churchill Ave,,M2R,Single/Semi-detached House,18,Willowdale
3426435,STR-2211-GSJHHT,101 Elmer Ave,,M4L,Single/Semi-detached House,19,Beaches-East York
3426436,STR-2211-HHWHHW,751 St Clarens Ave,1,M6H,Single/Semi-detached House,9,Davenport
3426437,STR-2211-HRCHHX,166 Huron St,C,M5T,Single/Semi-detached House,11,University-Rosedale
3426438,STR-2211-FDVBHP,119 Pleasant Ave,,M2M,Single/Semi-detached House,18,Willowdale
3426439,STR-2211-FVHBHR,145 Winona Dr,,M6G,Single/Semi-detached House,12,Toronto-St. Paul's
3426440,STR-2211-GCPBHS,156 Codsell Ave,,M3H,Single/Semi-detached House,6,York Centre
3426441,STR-2211-GKVBHT,128 Ulster St,1,M6G,Duplex/Triplex/Fourplex,11,University-Rosedale
3426442,STR-2211-GTRPHV,21 Iceboat Ter,2610,M5V,Condominium,10,Spadina-Fort York
3426443,STR-2212-GDVBHS,56 Forest Manor Rd,3010,M2J,Condominium,17,Don Valley North
3426444,STR-2212-GMBBHT,1 Constance St,1,M6R,Duplex/Triplex/Fourplex,4,Parkdale-High Park
3426445,STR-2212-GVHBHV,10 Navy Wharf Crt,603,M5V,Condominium,10,Spadina-Fort York
3426446,STR-2212-HTBBHY,184 Montclair Ave,,M5P,Single/Semi-detached House,12,Toronto-St. Paul's
3426447,STR-2212-FXDPHR,14 York St,3901,M5J,Condominium,10,Spadina-Fort York
3426448,STR-2212-GMRPHT,35 Gentian Dr,,M9C,Single/Semi-detached House,2,Etobicoke Centre
3426449,STR-2212-GVXPHV,2 Prince Hal Cres,,M1T,Single/Semi-detached House,22,Scarborough-Agincourt
3426450,STR-2212-HTRPHY,1929 Dundas St E,,M4L,Single/Semi-detached House,19,Beaches-East York
3426451,STR-2212-GPHBHT,151 Dan Leckie Way,355,M5V,Condominium,10,Spadina-Fort York
3426452,STR-2212-HMBBHX,1445 Military Trl,,M1C,Single/Semi-detached House,25,Scarborough-Rouge Park
3426453,STR-2212-HVHBHY,1173 Dundas St E,228,M4M,Condominium,14,Toronto-Danforth
3426454,STR-2212-FHXPHP,321 Mutual St,,M4Y,Townhouse/ Row House,13,Toronto Centre
3426455,STR-2212-GXDPHV,18 Croft St,,M5S,Single/Semi-detached House,11,University-Rosedale
3426456,STR-2212-HMRPHX,18 Hillcrest Ave,1503,M2N,Condominium,18,Willowdale
3426457,STR-2212-HPHBHX,359 Lauder Ave,,M6E,Single/Semi-detached House,9,Davenport
3426458,STR-2212-GRDPHT,151 Dan Leckie Way,745,M5V,Condominium,10,Spadina-Fort York
3426459,STR-2212-GRVBHT,21 Iceboat Ter,2707,M5V,Condominium,10,Spadina-Fort York
3426460,STR-2212-GZBBHV,6 Kent Rd,,M4L,Single/Semi-detached House,14,Toronto-Danforth
3426461,STR-2212-FTRPHQ,80 Western Battery Rd,LPH 11,M6K,Condominium,10,Spadina-Fort York
3426462,STR-2212-FDWHHP,43 MacLeod St,,M6L,Single/Semi-detached House,5,York South-Weston
3426463,STR-2212-FGCHHP,5166 Dundas St W,A,M9A,Apartment,3,Etobicoke-Lakeshore
3426464,STR-2212-FPJHHQ,618 Conacher Dr,Basement,M2M,Single/Semi-detached House,18,Willowdale
3426465,STR-2212-FWQHHR,17 Bertram St,,M6M,Single/Semi-detached House,5,York South-Weston
3426466,STR-2212-FGSVHP,7 Allen Ave,,M4M,Single/Semi-detached House,14,Toronto-Danforth
3426467,STR-2212-HTSVHY,16 Boothroyd Ave,Basement,M4J,Single/Semi-detached House,14,Toronto-Danforth
3426468,STR-2212-JBYVHZ,128 Carlaw Ave,,M4M,Single/Semi-detached House,14,Toronto-Danforth
3426469,STR-2212-HVJHHY,1030 King St W,107,M6K,Condominium,10,Spadina-Fort York
3426470,STR-2212-FRFVHQ,189 Hounslow Ave,,M2N,Single/Semi-detached House,18,Willowdale
3426471,STR-2212-GPYVHT,1889 Queen St E,Front Unit,M4L,Duplex/Triplex/Fourplex,19,Beaches-East York
3426472,STR-2212-GXFVHV,132 Palm Dr,,M3H,Single/Semi-detached House,6,York Centre
3426473,STR-2212-HMSVHX,100 MacDonald St,,M8V,Single/Semi-detached House,3,Etobicoke-Lakeshore
3426474,STR-2212-FJQHHP,12 York St,307,M5J,Condominium,10,Spadina-Fort York
3426475,STR-2212-FZCHHR,273A Delta St,,M8W,Single/Semi-detached House,3,Etobicoke-Lakeshore
3426476,STR-2212-HWQHHY,15 Iceboat Ter,2009,M5V,Condominium,10,Spadina-Fort York
3426477,STR-2212-HXWHHY,779 Willowdale Ave,,M2N,Single/Semi-detached House,18,Willowdale
3426478,STR-2212-JGCHHZ,77 Huntley St,818,M4Y,Apartment,13,Toronto Centre
3426479,STR-2212-FLLVHP,87 Peter St,4103,M5V,Condominium,10,Spadina-Fort York
3426480,STR-2212-HRFVHX,83 Livingstone Ave,,M6E,Single/Semi-detached House,8,Eglinton-Lawrence
3426481,STR-2212-GDXPHS,472 Margueretta St,Bsmt,M6H,Single/Semi-detached House,9,Davenport
3426482,STR-2212-FVKPHR,20 Bruyeres Mews,2203,M5V,Condominium,10,Spadina-Fort York
3426483,STR-2212-GKXPHT,1226 Jane St,,M6M,Single/Semi-detached House,5,York South-Weston
3426484,STR-2212-GTDPHV,14 York St,2405,M5J,Condominium,10,Spadina-Fort York
3426485,STR-2212-HJRPHX,300 Front St W,3102,M5V,Condominium,10,Spadina-Fort York
3426486,STR-2212-HRXPHY,87 Peter St,4615,M5V,Condominium,10,Spadina-Fort York
3426487,STR-2212-GDHBHS,584 Parliament St,1,M4X,Townhouse/ Row House,13,Toronto Centre
3426488,STR-2212-GLPBHT,651 Jane St,,M6N,Single/Semi-detached House,5,York South-Weston
3426489,STR-2212-GTVBHV,67 Parkington Cres,,M1H,Single/Semi-detached House,24,Scarborough-Guildwood
3426490,STR-2212-GVKPHV,87 Lesmount Ave,,M4J,Single/Semi-detached House,14,Toronto-Danforth
3426491,STR-2212-HKXPHX,26 Sarah Ashbridge Ave,,M4L,Single/Semi-detached House,19,Beaches-East York
3426492,STR-2212-FQBBHQ,169A Chisholm Ave,,M4C,Single/Semi-detached House,19,Beaches-East York
3426493,STR-2212-HDHBHW,356 The Kingsway,,M9A,Single/Semi-detached House,2,Etobicoke Centre
3426494,STR-2212-HTVBHY,100 Gloucester St,207,M4Y,Apartment,13,Toronto Centre
3426495,STR-2212-FXXPHR,218 Northwood Dr,,M2M,Single/Semi-detached House,18,Willowdale
3426496,STR-2212-GWRPHV,5 Everson Dr,1030,M2N,Townhouse/ Row House,18,Willowdale
3426497,STR-2212-HVKPHY,18 Methuen Ave,,M6S,Single/Semi-detached House,4,Parkdale-High Park
3426498,STR-2212-FYPBHR,810 College St,2,M6G,Apartment,11,University-Rosedale
3426499,STR-2212-GGVBHS,48 Massey St,2,M6J,Townhouse/ Row House,10,Spadina-Fort York
3426500,STR-2212-HWBBHY,177 Delhi Ave,,M3H,Single/Semi-detached House,6,York Centre
3426501,STR-2212-GHKPHS,14 York St,3803,M5J,Condominium,10,Spadina-Fort York
3426502,STR-2212-HQBBHX,322 McRoberts Ave,,M6E,Single/Semi-detached House,9,Davenport
3426503,STR-2212-JFPBHZ,99 Tyndall Ave,701,M6K,Apartment,4,Parkdale-High Park
3426504,STR-2212-FKXPHP,74 Oxford St,Upper,M5T,Townhouse/ Row House,11,University-Rosedale
3426505,STR-2212-FTDPHQ,21 Simpson Ave,,M4K,Single/Semi-detached House,14,Toronto-Danforth
3426506,STR-2212-GZDPHV,158 Ellsworth Ave,,M6G,Single/Semi-detached House,12,Toronto-St. Paul's
3426507,STR-2212-HQRPHX,955 Bay St,702,M5S,Condominium,13,Toronto Centre
3426508,STR-2212-JGVBHZ,223 Lisgar St,Rear,M6J,Single/Semi-detached House,9,Davenport
3426509,STR-2212-FMFVHQ,90 Methuen Ave,,M6S,Single/Semi-detached House,4,Parkdale-High Park
3426510,STR-2212-FVLVHR,230 Sterling Rd,Basement,M6R,Townhouse/ Row House,9,Davenport
3426511,STR-2212-HJSVHX,215 Fort York Blvd,3501,M5V,Condominium,10,Spadina-Fort York
3426512,STR-2212-HRYVHY,622 Oakwood Ave,B,M6E,Single/Semi-detached House,12,Toronto-St. Paul's
3426513,STR-2212-FFQHHP,8 Wellesley St E,5,M4Y,Condominium,13,Toronto Centre
3426514,STR-2212-GMFVHT,843 Queen St W,B,M6J,Apartment,10,Spadina-Fort York
3426515,STR-2212-HCSVHW,8 York St,3205,M5J,Condominium,10,Spadina-Fort York
3426516,STR-2212-HKYVHX,54 Halsey Ave,,M4B,Single/Semi-detached House,19,Beaches-East York
3426517,STR-2212-FGWHHP,19 Southlawn Dr,,M1S,Single/Semi-detached House,22,Scarborough-Agincourt
3426518,STR-2212-FQCHHQ,12 York St,3007,M5J,Condominium,10,Spadina-Fort York
3426519,STR-2212-GMWHHT,82 Otonabee Ave,,M2M,Single/Semi-detached House,18,Willowdale
3426520,STR-2212-HLQHHX,270 Adelaide St W,306,M5H,Condominium,10,Spadina-Fort York
3426521,STR-2212-HTWHHY,92 Seaforth Ave,Main,M6K,Single/Semi-detached House,4,Parkdale-High Park
3426522,STR-2212-JCCHHZ,290 Berkeley St,,M5A,Townhouse/ Row House,13,Toronto Centre
3426523,STR-2212-FQSVHQ,201 Sherbourne St,1501,M5A,Apartment,13,Toronto Centre
3426524,STR-2212-HMFVHX,20 Stanley Greene Blvd,,M3K,Single/Semi-detached House,6,York Centre
3426525,STR-2212-GQCHHT,69 Benjamin Boake Trl,,M3J,Single/Semi-detached House,6,York Centre
3426526,STR-2212-FJSVHP,120 Homewood Ave,606,M4Y,Condominium,13,Toronto Centre
3426527,STR-2212-GXYVHV,60 Huron St,3,M5T,Apartment,10,Spadina-Fort York
3426528,STR-2212-HGFVHW,1141 Lansdowne Ave,Upper Unit,M6H,Apartment,9,Davenport
3426529,STR-2212-GJCHHS,155 Yorkville Ave,2009,M5R,Condominium,11,University-Rosedale
3426530,STR-2212-GRJHHT,19 Monkton Ave,,M8Z,Single/Semi-detached House,3,Etobicoke-Lakeshore
3426531,STR-2212-JFQHHZ,4 Lakeshore Ave,,M5J,Single/Semi-detached House,10,Spadina-Fort York
3426532,STR-2212-GBLVHR,674 Dufferin St,4,M6K,Duplex/Triplex/Fourplex,9,Davenport
3426533,STR-2212-GZFVHV,8 Charlotte St,2207,M5V,Condominium,10,Spadina-Fort York
3426534,STR-2212-FTWHHQ,42 Araman Dr,,M1T,Single/Semi-detached House,22,Scarborough-Agincourt
3426535,STR-2212-HRJHHX,55 Lisgar St,109,M6J,Apartment,9,Davenport
3426536,STR-2212-HSBBHY,81 Hollis Ave,,M1N,Single/Semi-detached House,20,Scarborough Southwest
3426537,STR-2212-FWDPHR,143 Silas Hill Dr,,M2J,Single/Semi-detached House,17,Don Valley North
3426538,STR-2301-HCDPHW,44 Treeview Dr,,M8W,Single/Semi-detached House,3,Etobicoke-Lakeshore
3426539,STR-2301-HZXPHZ,1600 Keele St,1020,M6N,Condominium,5,York South-Weston
3426540,STR-2301-FGHBHP,250 Osler St,,M6N,Townhouse/ Row House,9,Davenport
3426541,STR-2301-HTHBHY,30 Nelson St,308,M5V,Condominium,10,Spadina-Fort York
3426542,STR-2301-FQDPHQ,231 Christie St,1,M6G,Single/Semi-detached House,11,University-Rosedale
3426543,STR-2301-FXKPHR,89 Darlingside Dr,,M1E,Single/Semi-detached House,25,Scarborough-Rouge Park
3426544,STR-2301-HDKPHW,78 Chryessa Ave,,M6N,Single/Semi-detached House,5,York South-Weston
3426545,STR-2301-HTXPHY,151 Dan Leckie Way,1002,M5V,Condominium,10,Spadina-Fort York
3426546,STR-2301-FHPBHP,14 York St,3808,M5J,Condominium,10,Spadina-Fort York
3426547,STR-2301-FQVBHQ,622 Bathurst St,2,M5S,Apartment,11,University-Rosedale
3426548,STR-2301-FYBBHR,17B Poplar Rd,Basement,M1E,Duplex/Triplex/Fourplex,24,Scarborough-Guildwood
3426549,STR-2301-HVPBHY,327 Indian Grv,,M6P,Single/Semi-detached House,4,Parkdale-High Park
3426550,STR-2301-FJDPHP,69 Vermont Ave,,M6G,Single/Semi-detached House,11,University-Rosedale
3426551,STR-2301-HMXPHX,216A Finch Ave W,,M2R,Townhouse/ Row House,18,Willowdale
3426552,STR-2301-HWDPHY,21 Iceboat Ter,3510,M5V,Condominium,10,Spadina-Fort York
3426553,STR-2301-FSBBHQ,2221 Yonge St,1803,M4S,Apartment,12,Toronto-St. Paul's
3426554,STR-2301-GHPBHS,521 Lauder Ave,,M6E,Single/Semi-detached House,12,Toronto-St. Paul's
3426555,STR-2301-HGHBHW,6 Brussels Rd,Basement,M1K,Single/Semi-detached House,20,Scarborough Southwest
3426556,STR-2301-HPPBHX,38 Joe Shuster Way,2010,M6K,Condominium,10,Spadina-Fort York
3426557,STR-2301-FSRPHQ,5 Bellefontaine St,,M1S,Single/Semi-detached House,22,Scarborough-Agincourt
3426558,STR-2301-FZXPHR,20 Rivercrest Rd,,M6S,Single/Semi-detached House,4,Parkdale-High Park
3426559,STR-2301-GJDPHS,33 Gemshaw Cres,,M1B,Single/Semi-detached House,25,Scarborough-Rouge Park
3426560,STR-2301-HXKPHY,161 Lawrence Ave W,Basement Apart,M5M,Duplex/Triplex/Fourplex,8,Eglinton-Lawrence
3426561,STR-2301-FLBBHP,55 Bremner Blvd,4802,M5J,Condominium,10,Spadina-Fort York
3426562,STR-2301-FTHBHQ,1441 Dufferin St,1,M6H,Apartment,9,Davenport
3426563,STR-2301-GJVBHS,12 Petman Ave,,M4S,Single/Semi-detached House,15,Don Valley West
3426564,STR-2301-JGHBHZ,424 Main St,,M4C,Single/Semi-detached House,19,Beaches-East York
3426565,STR-2301-FLRPHP,155 Geoffrey St,,M6R,Single/Semi-detached House,4,Parkdale-High Park
3426566,STR-2301-GCDPHR,54A Cedar Brae Blvd,,M1J,Single/Semi-detached House,21,Scarborough Centre
3426567,STR-2301-GZXPHV,54 Richland Cres,,M9C,Single/Semi-detached House,2,Etobicoke Centre
3426568,STR-2301-HRKPHX,55 Bremner Blvd,3401,M5J,Condominium,10,Spadina-Fort York
3426569,STR-2301-FMJHHQ,7 Robinson St,,M6J,Duplex/Triplex/Fourplex,10,Spadina-Fort York
3426570,STR-2301-GTJHHV,1029 King St W,637,M6K,Condominium,10,Spadina-Fort York
3426571,STR-2301-HBQHHW,137 Danforth Ave,1,M4K,Apartment,14,Toronto-Danforth
3426572,STR-2301-HJWHHX,145 Robert St,,M5S,Townhouse/ Row House,11,University-Rosedale
3426573,STR-2301-HZJHHZ,36 Devon Rd,B,M4E,Single/Semi-detached House,19,Beaches-East York
3426574,STR-2301-FFSVHP,15 Eldora Ave,27,M2M,Townhouse/ Row House,18,Willowdale
3426575,STR-2301-GLSVHT,36 Augusta Ave,Lower,M5T,Townhouse/ Row House,10,Spadina-Fort York
3426576,STR-2301-HCFVHW,80 Western Battery Rd,6,M6K,Condominium,10,Spadina-Fort York
3426577,STR-2301-FGJHHP,50 Lotherton Ptwy,814,M6B,Condominium,8,Eglinton-Lawrence
3426578,STR-2301-FPQHHQ,2690 Danforth Ave,B,M4C,Apartment,19,Beaches-East York
3426579,STR-2301-HCWHHW,4 Park Vista,1212,M4B,Condominium,19,Beaches-East York
3426580,STR-2301-FGYVHP,39 Annie Craig Dr,1114,M8V,Condominium,3,Etobicoke-Lakeshore
3426581,STR-2301-HCXRVW,151 Clanton Park Rd,,M3H,Single/Semi-detached House,6,York Centre
3426582,STR-2301-FQFVHQ,495 Clinton St,1,M6G,Duplex/Triplex/Fourplex,11,University-Rosedale
3426583,STR-2301-GFSVHS,21 Iceboat Ter,622,M5V,Condominium,10,Spadina-Fort York
3426584,STR-2301-HDLVHW,14 York St,5905,M5J,Condominium,10,Spadina-Fort York
3426585,STR-2301-HTYVHY,8 Charlotte St,1208,M5V,Condominium,10,Spadina-Fort York
3426586,STR-2301-FQWHHQ,1939 Dufferin St,,M6E,Single/Semi-detached House,9,Davenport
3426587,STR-2301-GGJHHS,5 Blue Forest Dr,,M3H,Single/Semi-detached House,6,York Centre
3426588,STR-2301-GWWHHV,35 Lailey Cres,,M2N,Single/Semi-detached House,18,Willowdale
3426589,STR-2301-HMJHHX,955 Bay St,1615,M5S,Condominium,13,Toronto Centre
3426590,STR-2301-HVQHHY,343B Hopewell Ave,,M6E,Single/Semi-detached House,8,Eglinton-Lawrence
3426591,STR-2301-GGYVHS,209 Park Lawn Rd,,M8Y,Single/Semi-detached House,3,Etobicoke-Lakeshore
3426592,STR-2301-GQFVHT,891 Queen St W,1,M6J,Apartment,10,Spadina-Fort York
3426593,STR-2301-JDLVHZ,106 Rainsford Rd,Basement,M4L,Single/Semi-detached House,19,Beaches-East York
3426594,STR-2301-GHQHHS,484 Pape Ave,,M4K,Single/Semi-detached House,14,Toronto-Danforth
3426595,STR-2301-GQWHHT,34 Ferris Rd,,M4B,Single/Semi-detached House,19,Beaches-East York
3426596,STR-2301-JFCHHZ,27 Palmerston Gdns,,M6G,Single/Semi-detached House,11,University-Rosedale
3426597,STR-2301-FZYVHR,12 York St,2802,M5J,Condominium,10,Spadina-Fort York
3426598,STR-2301-FWHDVR,36 United Sq,,M1B,Single/Semi-detached House,25,Scarborough-Rouge Park
3426599,STR-2301-FLCHHP,12 Warfield Dr,Upper,M2J,Duplex/Triplex/Fourplex,17,Don Valley North
3426600,STR-2301-HQWHHX,91 Riverdale Ave,,M4K,Single/Semi-detached House,14,Toronto-Danforth
3426601,STR-2301-HYSVHY,210 Victoria St,3205,M5B,Condominium,13,Toronto Centre
3426602,STR-2301-FLVDVQ,47 Roywood Dr,,M3A,Single/Semi-detached House,16,Don Valley East
3426603,STR-2301-GCHDVS,130 Mulock Ave,,M6N,Single/Semi-detached House,5,York South-Weston
3426604,STR-2301-HJHDVX,61 Creekbank Rd,2,M6L,Duplex/Triplex/Fourplex,5,York South-Weston
3426605,STR-2301-GCXRVS,329 Douglas Ave,,M5M,Single/Semi-detached House,8,Eglinton-Lawrence
3426606,STR-2301-HBRRVW,76 Greensides Ave,,M6G,Single/Semi-detached House,12,Toronto-St. Paul's
3426607,STR-2301-HJXRVX,215 Fort York Blvd,409,M5V,Condominium,10,Spadina-Fort York
3426608,STR-2301-HSVDVY,115 Esgore Dr,,M5M,Single/Semi-detached House,8,Eglinton-Lawrence
3426609,STR-2301-GFDRVS,273 Queensdale Ave,,M4C,Single/Semi-detached House,19,Beaches-East York
3426610,STR-2301-HLDRVX,2 Collinson Blvd,,M3H,Single/Semi-detached House,6,York Centre
3426611,STR-2301-HDPDVW,923 Bathurst St,Upper,M5R,Townhouse/ Row House,11,University-Rosedale
3426612,STR-2301-FYDRVR,55 Van Stassen Blvd,,M6S,Single/Semi-detached House,4,Parkdale-High Park
3426613,STR-2301-GGKRVS,233 Carlaw Ave,317,M4M,Condominium,14,Toronto-Danforth
3426614,STR-2301-HMKRVX,21 Hackett Ave,,M3J,Single/Semi-detached House,7,Humber River-Black Creek
3426615,STR-2301-FJHDVP,30 Cavotti Cres,,M3H,Single/Semi-detached House,6,York Centre
3426616,STR-2301-GXPDVV,14 York St,1904,M5J,Condominium,10,Spadina-Fort York
3426617,STR-2301-JDPDVZ,33 Nipigon Ave,,M2M,Single/Semi-detached House,18,Willowdale
3426618,STR-2301-FSDRVQ,306 Driftwood Ave,,M3N,Single/Semi-detached House,7,Humber River-Black Creek
3426619,STR-2301-GHRRVS,955 Bay St,1607,M5S,Condominium,13,Toronto Centre
3426620,STR-2301-GYDRVV,5229 Dundas St W,405,M9B,Condominium,3,Etobicoke-Lakeshore
3426621,STR-2301-HGKRVW,560 Manning Ave,,M6G,Single/Semi-detached House,11,University-Rosedale
3426622,STR-2301-GBBDVR,2 Anndale Dr,2207,M2N,Condominium,18,Willowdale
3426623,STR-2301-JFVDVZ,209 Fort York Blvd,1172,M5V,Condominium,10,Spadina-Fort York
3426624,STR-2301-GBRRVR,70 Queens Wharf Rd,908,M5V,Condominium,10,Spadina-Fort York
3426625,STR-2301-HHRRVW,631 Queens St W,2,M5V,Apartment,10,Spadina-Fort York
3426626,STR-2301-HYDRVY,196 Hillcrest Ave,Main,M2N,Single/Semi-detached House,18,Willowdale
3426627,STR-2301-FVCKVR,550 Dufferin St,2,M6K,Apartment,9,Davenport
3426628,STR-2301-GCJKVS,216 Empress Ave,,M2N,Single/Semi-detached House,18,Willowdale
3426629,STR-2301-HRQKVY,388 Yonge St,7310,M5B,Condominium,11,University-Rosedale
3426630,STR-2301-FFFXVP,188 Cumberland St,2211,M5R,Condominium,11,University-Rosedale
3426631,STR-2301-FPCKVQ,21 Iceboat Ter,2601,M5V,Condominium,10,Spadina-Fort York
3426632,STR-2301-GVCKVV,26 Leyton Ave,,M1L,Single/Semi-detached House,20,Scarborough Southwest
3426633,STR-2301-FGLXVP,557 Ossington Ave,,M6G,Single/Semi-detached House,11,University-Rosedale
3426634,STR-2301-GFFXVS,219 Fort York Blvd,310,M5V,Condominium,10,Spadina-Fort York
3426635,STR-2301-GVSXVV,101 Peter St,3702,M5V,Condominium,10,Spadina-Fort York
3426636,STR-2301-HCYXVW,66 Gatesview Ave,,M1J,Single/Semi-detached House,24,Scarborough-Guildwood
3426637,STR-2301-HLFXVX,800 King St W,407,M5V,Condominium,10,Spadina-Fort York
3426638,STR-2301-FYWKVR,11 Wellesley St W,406,M4Y,Condominium,13,Toronto Centre
3426639,STR-2301-FXQKVR,33 Mill Cove,,M8X,Single/Semi-detached House,3,Etobicoke-Lakeshore
3426640,STR-2301-HDQKVW,33 Manchester Ave,,M6G,Single/Semi-detached House,11,University-Rosedale
3426641,STR-2301-HLWKVX,12 York St,1202,M5J,Condominium,10,Spadina-Fort York
3426642,STR-2301-FHSXVP,364 Renforth Dr,,M9C,Single/Semi-detached House,2,Etobicoke Centre
3426643,STR-2301-GPSXVT,158 Glenmount Park Rd,,M4E,Single/Semi-detached House,19,Beaches-East York
3426644,STR-2301-HFFXVW,680 Mortimer Ave,,M4C,Single/Semi-detached House,19,Beaches-East York
3426645,STR-2301-FJJKVP,188 Cumberland St,2205,M5R,Condominium,11,University-Rosedale
3426646,STR-2301-HFWKVW,39 McCool Crt,,M1V,Single/Semi-detached House,23,Scarborough North
3426647,STR-2301-HWJKVY,479 Wilson Heights Blvd,,M3H,Single/Semi-detached House,6,York Centre
3426648,STR-2301-GHSXVS,225 Wellesley St E,714,M4X,Condominium,13,Toronto Centre
3426649,STR-2301-GQYXVT,487 Hounslow Ave,,M2R,Single/Semi-detached House,18,Willowdale
3426650,STR-2301-JFFXVZ,34 Farmcrest Dr,Lower Unit,M1T,Single/Semi-detached House,22,Scarborough-Agincourt
3426651,STR-2301-FSWKVQ,55 Lewis St,,M4M,Single/Semi-detached House,14,Toronto-Danforth
3426652,STR-2301-GBCKVR,8 Runnymede Rd,,M6S,Single/Semi-detached House,4,Parkdale-High Park
3426653,STR-2301-HHCKVW,551 King St E,,M5A,Townhouse/ Row House,13,Toronto Centre
3426654,STR-2301-FLFXVP,65 Bremner Blvd,3603,M5J,Condominium,10,Spadina-Fort York
3426655,STR-2301-FTLXVQ,300 Front St W,505,M5V,Condominium,10,Spadina-Fort York
3426656,STR-2301-GBSXVR,270 Wellington St W,924,M5V,Condominium,10,Spadina-Fort York
3426657,STR-2301-GSFXVT,12 York St,5307,M5J,Condominium,10,Spadina-Fort York
3426658,STR-2301-HQYXVX,38 Templar Dr,,M9R,Single/Semi-detached House,2,Etobicoke Centre
3426659,STR-2301-GCKRVS,419 Shaw St,,M6J,Apartment,11,University-Rosedale
3426660,STR-2301-FFHDVP,413 Willard Ave,,M6S,Single/Semi-detached House,4,Parkdale-High Park
3426661,STR-2301-GDBDVS,339 Berkeley St,,M5A,Single/Semi-detached House,13,Toronto Centre
3426662,STR-2302-GJLXVS,8 Geneva Ave,Basement,M5A,Apartment,13,Toronto Centre
3426663,STR-2301-HZPDVZ,48 Massey St,1,M6J,Townhouse/ Row House,10,Spadina-Fort York
3426664,STR-2301-FGPDVP,20 John St,321,M5V,Condominium,10,Spadina-Fort York
3426665,STR-2301-FPVDVQ,20 John St,522,M5V,Condominium,10,Spadina-Fort York
3426666,STR-2301-GFHDVS,55 Bremner Blvd,4209,M5J,Condominium,10,Spadina-Fort York
3426667,STR-2301-GMPDVT,246 Gerrard St E,2,M5A,Duplex/Triplex/Fourplex,13,Toronto Centre
3426668,STR-2301-HDBDVW,155 Yorkville Ave,2817,M5R,Condominium,11,University-Rosedale
3426669,STR-2301-FHDRVP,452 Glengrove Ave,,M5N,Single/Semi-detached House,8,Eglinton-Lawrence
3426670,STR-2301-GFXRVS,70 August Ave,,M1L,Single/Semi-detached House,20,Scarborough Southwest
3426671,STR-2301-HVDRVY,73 Thirty First St,,M8W,Single/Semi-detached House,3,Etobicoke-Lakeshore
3426672,STR-2301-GPVDVT,97 Hadrian Dr,,M9W,Single/Semi-detached House,1,Etobicoke North
3426673,STR-2301-GQKRVT,300 Front St W,PH3,M5V,Condominium,10,Spadina-Fort York
3426674,STR-2301-GXRRVV,91 Shaw St,,M6J,Townhouse/ Row House,10,Spadina-Fort York
3426675,STR-2301-HWKRVY,85 Silverstone Dr,,M9V,Single/Semi-detached House,1,Etobicoke North
3426676,STR-2301-FKBDVP,14 Atkins Ave,,M6K,Single/Semi-detached House,9,Davenport
3426677,STR-2301-FSHDVQ,187 Ontario St,,M5A,Townhouse/ Row House,13,Toronto Centre
3426678,STR-2301-GRBDVT,41 River St,2,M5A,Condominium,13,Toronto Centre
3426679,STR-2301-HXBDVY,13 Jones Ave,,M4M,Single/Semi-detached House,14,Toronto-Danforth
3426680,STR-2301-JFHDVZ,227 Victoria Park Ave,,M4E,Single/Semi-detached House,20,Scarborough Southwest
3426681,STR-2301-GBDRVR,5155 Sheppard Ave E,407,M1B,Condominium,23,Scarborough North
3426682,STR-2301-GJKRVS,357 King St W,2101,M5V,Condominium,10,Spadina-Fort York
3426683,STR-2301-GRRRVT,25 Oakridge Dr,,M1M,Single/Semi-detached House,20,Scarborough Southwest
3426684,STR-2301-JFXRVZ,61 McGill St,,M5B,Townhouse/ Row House,13,Toronto Centre
3426685,STR-2301-GSHDVT,386 Yonge St,4307,M5B,Condominium,11,University-Rosedale
3426686,STR-2301-HYHDVY,251 Jarvis St,621,M5B,Condominium,13,Toronto Centre
3426687,STR-2301-JGPDVZ,101 Peter St,3012,M5V,Condominium,10,Spadina-Fort York
3426688,STR-2301-GCLXVS,140 Shaftesbury St,,M3H,Single/Semi-detached House,6,York Centre
3426689,STR-2301-HBFXVW,3630B St Clair Ave E,,M1N,Townhouse/ Row House,20,Scarborough Southwest
3426690,STR-2301-HJLXVX,62 Pilkington Dr,,M1L,Townhouse/ Row House,20,Scarborough Southwest
3426691,STR-2301-HRSXVY,3 Pindar Cres,,M2J,Single/Semi-detached House,17,Don Valley North
3426692,STR-2302-FMQKVQ,7 East York Ave,,M4K,Townhouse/ Row House,14,Toronto-Danforth
3426693,STR-2302-GLJKVT,326 Carlaw Ave,207,M4M,Apartment,14,Toronto-Danforth
3426694,STR-2302-GTQKVV,47 Katie Crt,Basement,M6L,Single/Semi-detached House,5,York South-Weston
3426695,STR-2302-HKCKVX,57 Farley Cres,,M9R,Single/Semi-detached House,2,Etobicoke Centre
3426696,STR-2302-HSJKVY,39 Queens Quay E,830,M5E,Condominium,10,Spadina-Fort York
3426697,STR-2302-FWLXVR,205 Ellerslie Ave,,M2N,Single/Semi-detached House,18,Willowdale
3426698,STR-2302-GDSXVS,14 York St,5010,M5J,Condominium,10,Spadina-Fort York
3426699,STR-2302-HKSXVX,40 Darnborough Way,,M1W,Single/Semi-detached House,22,Scarborough-Agincourt
3426700,STR-2302-HSYXVY,713 College St,A,M6G,Apartment,11,University-Rosedale
3426701,STR-2302-FGQKVP,9 Douville Crt,,M5A,Townhouse/ Row House,10,Spadina-Fort York
3426702,STR-2302-FPWKVQ,19 Earnbridge St,2,M6K,Duplex/Triplex/Fourplex,4,Parkdale-High Park
3426703,STR-2302-HLJKVX,53 Abbott Ave,Upper,M6P,Duplex/Triplex/Fourplex,4,Parkdale-High Park
3426704,STR-2302-HTQKVY,21 Iceboat Ter,933,M5V,Condominium,10,Spadina-Fort York
3426705,STR-2302-JBWKVZ,295 Adelaide St W,4104,M5V,Condominium,10,Spadina-Fort York
3426706,STR-2302-FQLXVQ,65 Bremner Blvd,3411,M5J,Condominium,10,Spadina-Fort York
3426707,STR-2302-GPFXVT,2 Anndale Dr,308,M2N,Apartment,18,Willowdale
3426708,STR-2302-HDSXVW,10 Farmington Cres,,M1S,Single/Semi-detached House,22,Scarborough-Agincourt
3426709,STR-2302-HFJKVW,381 Murray Ross Pkwy,,M3J,Single/Semi-detached House,7,Humber River-Black Creek
3426710,STR-2302-GQLXVT,34 Chipping Rd,,M3B,Single/Semi-detached House,16,Don Valley East
3426711,STR-2302-GXSXVV,110A Sackville St,,M5A,Townhouse/ Row House,13,Toronto Centre
3426712,STR-2302-HFYXVW,162 Hilda Ave,,M2M,Single/Semi-detached House,18,Willowdale
3426713,STR-2302-FSJKVQ,1572 Dundas St E,,M4L,Single/Semi-detached House,14,Toronto-Danforth
3426714,STR-2302-HXCKVY,275 Newton Dr,,M2M,Single/Semi-detached House,18,Willowdale
3426715,STR-2302-GYYXVV,68 Carr St,17,M5T,Townhouse/ Row House,10,Spadina-Fort York
3426716,STR-2302-HXSXVY,65 Bremner Blvd,4803,M5J,Condominium,10,Spadina-Fort York
3426717,STR-2302-JFYXVZ,57 Palmer Ave,,M4C,Single/Semi-detached House,19,Beaches-East York
3426718,STR-2302-HHWKVW,1 Edgewater Dr,622,M5A,Condominium,10,Spadina-Fort York
3426719,STR-2302-HRCKVX,69 Lynn Williams St,813,M6K,Condominium,10,Spadina-Fort York
3426720,STR-2302-FDVDVP,3 Dennett Dr,,M1S,Single/Semi-detached House,23,Scarborough North
3426721,STR-2302-FVHDVR,73 Regency Sq,,M1E,Single/Semi-detached House,24,Scarborough-Guildwood
3426722,STR-2302-HBHDVW,46 St Clarens Ave,Lower,M6K,Duplex/Triplex/Fourplex,9,Davenport
3426723,STR-2302-HJPDVX,1392 Bloor St W,3,M6P,Townhouse/ Row House,9,Davenport
3426724,STR-2302-FFKRVP,165 Legion Rd N,734,M8Y,Condominium,3,Etobicoke-Lakeshore
3426725,STR-2302-GDDRVS,151 Dan Leckie Way,845,M5V,Condominium,10,Spadina-Fort York
3426726,STR-2302-GLKRVT,151 Dan Leckie Way,906,M5V,Condominium,10,Spadina-Fort York
3426727,STR-2302-HKDRVX,14 York St,6611,M5J,Condominium,10,Spadina-Fort York
3426728,STR-2302-HSKRVY,2805 Bathurst St,,M6B,Townhouse/ Row House,8,Eglinton-Lawrence
3426729,STR-2302-GDVDVS,72 Robert St,,M9N,Single/Semi-detached House,5,York South-Weston
3426730,STR-2302-HCPDVW,12 York St,3009,M5J,Condominium,10,Spadina-Fort York
3426731,STR-2302-HKVDVX,138 Kenwood Ave,,M6C,Single/Semi-detached House,12,Toronto-St. Paul's
3426732,STR-2302-HTBDVY,14 York St,3206,M5J,Condominium,10,Spadina-Fort York
3426733,STR-2302-FPXRVQ,111 Harrison St,,M6J,Townhouse/ Row House,9,Davenport
3426734,STR-2302-FXDRVR,282 Ossington Ave,Basement,M6J,Single/Semi-detached House,9,Davenport
3426735,STR-2302-GVXRVV,745 Queen St W,2,M6J,Duplex/Triplex/Fourplex,10,Spadina-Fort York
3426736,STR-2302-HDDRVW,300 Front St W,1005,M5V,Condominium,10,Spadina-Fort York
3426737,STR-2302-JBXRVZ,38 Euclid Ave,main floor,M6J,Single/Semi-detached House,10,Spadina-Fort York
3426738,STR-2302-FQPDVQ,75 Grackle Trl,,M1X,Single/Semi-detached House,23,Scarborough North
3426739,STR-2302-GPHDVT,251 Jarvis St,3804,M5B,Condominium,13,Toronto Centre
3426740,STR-2302-HDVDVW,165 Legion Rd N,1928,M8Y,Condominium,3,Etobicoke-Lakeshore
3426741,STR-2302-JCPDVZ,262 Beatrice St,A,M6G,Townhouse/ Row House,11,University-Rosedale
3426742,STR-2302-FHXRVP,99 Coleridge Ave,,M4C,Single/Semi-detached House,19,Beaches-East York
3426743,STR-2302-JDDRVZ,219 Fort York Blvd,1808,M5V,Condominium,10,Spadina-Fort York
3426744,STR-2302-GXVDVV,188 Cumberland St,801,M5R,Apartment,11,University-Rosedale
3426745,STR-2302-JDVDVZ,101 Peter St,2303,M5V,Condominium,10,Spadina-Fort York
3426746,STR-2302-FKDRVP,560 Front St W,518,M5V,Condominium,10,Spadina-Fort York
3426747,STR-2302-FZRRVR,210 Victoria St,4105,M5B,Condominium,13,Toronto Centre
3426748,STR-2302-FKVDVP,43 Geneva Ave,,M5A,Townhouse/ Row House,13,Toronto Centre
3426749,STR-2302-JGBDVZ,155 Yorkville Ave,718,M5R,Condominium,11,University-Rosedale
3426750,STR-2302-GKDRVS,324 Beech Ave,,M4E,Single/Semi-detached House,19,Beaches-East York
3426751,STR-2302-HHXRVW,151 Dan Leckie Way,806,M5V,Condominium,10,Spadina-Fort York
3426752,STR-2302-HYKRVY,15 Bayfield Cres,,M4K,Single/Semi-detached House,14,Toronto-Danforth
3426753,STR-2302-FDWKVP,39 Verwood Ave,,M3H,Single/Semi-detached House,6,York Centre
3426754,STR-2302-FVJKVR,207 Dunn Ave,,M6K,Single/Semi-detached House,4,Parkdale-High Park
3426755,STR-2302-GCQKVS,9 Centennial Park Rd,84,M9C,Townhouse/ Row House,2,Etobicoke Centre
3426756,STR-2302-HJQKVX,232 St Helen's Ave,,M6H,Townhouse/ Row House,9,Davenport
3426757,STR-2302-HZCKVZ,30 Nelson St,16,M5V,Condominium,10,Spadina-Fort York
3426758,STR-2302-FMSXVQ,120 Homewood Ave,603,M4Y,Condominium,13,Toronto Centre
3426759,STR-2302-GTSXVV,446 Durie St,,M6S,Single/Semi-detached House,4,Parkdale-High Park
3426760,STR-2302-HBYXVW,117 Boston Ave,,M4M,Single/Semi-detached House,14,Toronto-Danforth
3426761,STR-2302-HKFXVX,5131 Sheppard Ave E,411,M1B,Condominium,23,Scarborough North
3426762,STR-2302-FGCKVP,701 King St W,412,M5V,Condominium,10,Spadina-Fort York
3426763,STR-2302-FWQKVR,373 Front St W,101,M5V,Condominium,10,Spadina-Fort York
3426764,STR-2302-GDWKVS,147 Brickworks Lane,,M6N,Townhouse/ Row House,5,York South-Weston
3426765,STR-2302-GMCKVT,63 Alcorn Ave,,M4V,Single/Semi-detached House,12,Toronto-St. Paul's
3426766,STR-2302-HKWKVX,105 Jersey Ave,,M6G,Single/Semi-detached House,11,University-Rosedale
3426767,STR-2302-JBJKVZ,153 Logan Ave,,M4M,Apartment,14,Toronto-Danforth
3426768,STR-2302-FPYXVQ,123 Lee Ave,,M4E,Single/Semi-detached House,19,Beaches-East York
3426769,STR-2302-FXFXVR,536 Dupont St,Upper,M6G,Single/Semi-detached House,11,University-Rosedale
3426770,STR-2302-HTSXVY,300 Front St W,808,M5V,Condominium,10,Spadina-Fort York
3426771,STR-2302-JBYXVZ,2 Aberdeen Ave,,M4X,Single/Semi-detached House,13,Toronto Centre
3426772,STR-2302-FHJKVP,213 Parliament St,Main,M5A,Single/Semi-detached House,13,Toronto Centre
3426773,STR-2302-FQQKVQ,1 Garnier Crt,,M2M,Single/Semi-detached House,17,Don Valley North
3426774,STR-2302-FXWKVR,992 Dundas St E,,M4M,Townhouse/ Row House,14,Toronto-Danforth
3426775,STR-2302-GGCKVS,298 Ossington Ave,1,M6J,Duplex/Triplex/Fourplex,9,Davenport
3426776,STR-2302-GPJKVT,300 Front St W,2,M5V,Condominium,10,Spadina-Fort York
3426777,STR-2302-HMCKVX,377 Lansdowne Ave,Upper,M6H,Single/Semi-detached House,9,Davenport
3426778,STR-2302-HFLXVW,25 Learmont Dr,,M9R,Single/Semi-detached House,2,Etobicoke Centre
3426779,STR-2302-HMSXVX,130 Macpherson Ave,11,M5R,Apartment,11,University-Rosedale
3426780,STR-2302-HGCKVW,15 Iceboat Ter,942A,M5V,Condominium,10,Spadina-Fort York
3426781,STR-2302-FKFXVP,53 Pritchard Ave,,M6N,Single/Semi-detached House,5,York South-Weston
3426782,STR-2302-FSLXVQ,21 Iceboat Ter,829,M5V,Condominium,10,Spadina-Fort York
3426783,STR-2302-GRFXVT,300 Front St W,4108,M5V,Condominium,10,Spadina-Fort York
3426784,STR-2302-JFLXVZ,20 Shore Breeze Dr,304,M8V,Condominium,3,Etobicoke-Lakeshore
3426785,STR-2302-GJQKVS,78 Augusta Ave,,M5T,Townhouse/ Row House,10,Spadina-Fort York
3426786,STR-2302-HQQKVX,21 Iceboat Ter,328,M5V,Condominium,10,Spadina-Fort York
3426787,STR-2302-HXWKVY,54 Brunswick Ave,,M5S,Single/Semi-detached House,11,University-Rosedale
3426788,STR-2302-JGCKVZ,215 Fort York Blvd,619,M5V,Condominium,10,Spadina-Fort York
3426789,STR-2302-GKFXVS,98 Lillian St,2412,M4S,Condominium,12,Toronto-St. Paul's
3426790,STR-2302-GSLXVT,13 Woodfield Rd,Lower,M4L,Duplex/Triplex/Fourplex,14,Toronto-Danforth
3426791,STR-2302-HRFXVX,96 Oakmeadow Blvd,,M1E,Single/Semi-detached House,24,Scarborough-Guildwood
3426792,STR-2302-FMDRVQ,64 Glebemount Ave,,M4C,Single/Semi-detached House,19,Beaches-East York
3426793,STR-2302-GTDRVV,60 Sunvale Dr,,M9R,Single/Semi-detached House,2,Etobicoke Centre
3426794,STR-2302-HJRRVX,3 Channel Ave,,M5J,Single/Semi-detached House,10,Spadina-Fort York
3426795,STR-2302-HRXRVY,973 Willowdale Ave,,M2M,Single/Semi-detached House,18,Willowdale
3426796,STR-2302-FFPDVP,42 Hinton Rd,,M9W,Single/Semi-detached House,1,Etobicoke North
3426797,STR-2302-GDHDVS,30 Fernwood Park Ave,2,M4E,Duplex/Triplex/Fourplex,19,Beaches-East York
3426798,STR-2302-GLPDVT,62 Roanoke Rd,,M3A,Single/Semi-detached House,16,Don Valley East
3426799,STR-2302-HKHDVX,211 Van Dusen Blvd,,M8Z,Single/Semi-detached House,3,Etobicoke-Lakeshore
3426800,STR-2302-FPKRVQ,560 Front St W,613,M5V,Condominium,10,Spadina-Fort York
3426801,STR-2302-GMDRVT,3 Kimbourne Ave,,M4J,Single/Semi-detached House,14,Toronto-Danforth
3426802,STR-2302-GVKRVV,2 Eva Rd,1328,M9C,Condominium,2,Etobicoke Centre
3426803,STR-2302-HLQKVX,58 Beaty Ave,Upper,M6K,Single/Semi-detached House,4,Parkdale-High Park
3426804,STR-2302-FXHDVR,151 Dan Leckie Way,518,M5V,Condominium,10,Spadina-Fort York
3426805,STR-2302-HDHDVW,2 Ollerton Rd,,M3J,Single/Semi-detached House,7,Humber River-Black Creek
3426806,STR-2302-JCBDVZ,92 Highfield Rd,Upper,M4L,Single/Semi-detached House,14,Toronto-Danforth
3426807,STR-2302-FQRRVQ,238 Manning Ave,,M6J,Townhouse/ Row House,11,University-Rosedale
3426808,STR-2302-GPKRVT,1 King St W,2704,M5H,Condominium,13,Toronto Centre
3426809,STR-2302-GWRRVV,8 Petman Ave,,M4S,Single/Semi-detached House,15,Don Valley West
3426810,STR-2302-HMDRVX,14 York St,5605,M5J,Condominium,10,Spadina-Fort York
3426811,STR-2302-JCRRVZ,10 Beaver Bend Cres,,M9B,Single/Semi-detached House,2,Etobicoke Centre
3426812,STR-2302-HMVDVX,155 Church St,201,M5B,Apartment,13,Toronto Centre
3426813,STR-2302-GHKRVS,209 Fort York Blvd,1262,M5V,Condominium,10,Spadina-Fort York
3426814,STR-2302-GXXRVV,135 Marlee Ave,204,M6B,Condominium,8,Eglinton-Lawrence
3426815,STR-2302-HGDRVW,20 Prust Ave,,M4L,Single/Semi-detached House,14,Toronto-Danforth
3426816,STR-2302-JDXRVZ,31 Grafton Ave,,M6R,Single/Semi-detached House,4,Parkdale-High Park
3426817,STR-2302-HXHDVY,18 Sawley Dr,,M2K,Single/Semi-detached House,17,Don Valley North
3426818,STR-2302-FKXRVP,65 Bremner Blvd,1503,M5J,Condominium,10,Spadina-Fort York
3426819,STR-2302-FTDRVQ,155 Yorkville Ave,2107,M5R,Condominium,11,University-Rosedale
3426820,STR-2302-HHKRVW,31 Braywin Dr,,M9P,Single/Semi-detached House,1,Etobicoke North
3426821,STR-2302-JGDRVZ,231 Fort York Blvd,111,M5V,Condominium,10,Spadina-Fort York
3426822,STR-2302-GKHDVS,151 Dan Leckie Way,917,M5V,Condominium,10,Spadina-Fort York
3426823,STR-2302-HRHDVX,12 York St,411,M5J,Condominium,10,Spadina-Fort York
3426824,STR-2302-JGVDVZ,59 Mitcham Dr,,M8W,Single/Semi-detached House,3,Etobicoke-Lakeshore
3426825,STR-2302-FDYXVP,24 Harrow Dr,,M6M,Single/Semi-detached House,5,York South-Weston
3426826,STR-2302-FMFXVQ,449 Rogers Rd,,M6M,Single/Semi-detached House,9,Davenport
3426827,STR-2302-FVLXVR,39 Castlebar Rd,,M8Z,Single/Semi-detached House,3,Etobicoke-Lakeshore
3426828,STR-2302-GKYXVT,74 Lanark Ave,105,M6E,Townhouse/ Row House,12,Toronto-St. Paul's
3426829,STR-2302-HBLXVW,254 Christie St,3,M6G,Apartment,11,University-Rosedale
3426830,STR-2302-HRYXVY,158 Almore Ave,A,M3H,Single/Semi-detached House,6,York Centre
3426831,STR-2302-HZFXVZ,132 Belsize Dr,,M4S,Single/Semi-detached House,12,Toronto-St. Paul's
3426832,STR-2302-FFQKVP,560 Front St W,904,M5V,Condominium,10,Spadina-Fort York
3426833,STR-2302-FMWKVQ,300 Front St W,3801,M5V,Condominium,10,Spadina-Fort York
3426834,STR-2302-GTWKVV,116 George St,N106,M5A,Condominium,13,Toronto Centre
3426835,STR-2302-HSQKVY,328 Brunswick Ave,5,M5R,Duplex/Triplex/Fourplex,11,University-Rosedale
3426836,STR-2302-HZWKVZ,15 Iceboat Ter,2809,M5V,Condominium,10,Spadina-Fort York
3426837,STR-2302-GMFXVT,243 Havelock St,,M6H,Single/Semi-detached House,9,Davenport
3426838,STR-2302-HKYXVX,251 Jarvis St,3012,M5B,Condominium,13,Toronto Centre
3426839,STR-2302-JBLXVZ,222 Elm St,1412,M5T,Apartment,11,University-Rosedale
3426840,STR-2302-HDJKVW,28 Rosebank Dr,1701,M1B,Townhouse/ Row House,23,Scarborough North
3426841,STR-2302-GGFXVS,2 Cliffside Dr,,M1N,Single/Semi-detached House,20,Scarborough Southwest
3426842,STR-2302-GWSXVV,1123 Lansdowne Ave,Upper,M6H,Duplex/Triplex/Fourplex,9,Davenport
3426843,STR-2302-HDYXVW,295 Dufferin St,516,M6K,Apartment,10,Spadina-Fort York
3426844,STR-2302-JCSXVZ,16 Minto St,1,M4L,Duplex/Triplex/Fourplex,14,Toronto-Danforth
3426845,STR-2302-FJCKVP,30 Mitchell Ave,,M6J,Townhouse/ Row House,10,Spadina-Fort York
3426846,STR-2302-FRJKVQ,168 Banff Rd,,M4P,Single/Semi-detached House,15,Don Valley West
3426847,STR-2302-GQCKVT,562 Parliament St,2,M4X,Duplex/Triplex/Fourplex,13,Toronto Centre
3426848,STR-2302-GXJKVV,39 Pinto Dr,,M2J,Single/Semi-detached House,17,Don Valley North
3426849,STR-2302-HWCKVY,251 Manitoba St,2503,M8Y,Condominium,3,Etobicoke-Lakeshore
3426850,STR-2302-JDJKVZ,33 Edwin Ave,Lanewy,M6P,Single/Semi-detached House,9,Davenport
3426851,STR-2302-HGFXVW,56 Minnacote Ave,,M1E,Single/Semi-detached House,25,Scarborough-Rouge Park
3426852,STR-2302-HWSXVY,8 Charlotte St,504,M5V,Condominium,10,Spadina-Fort York
3426853,STR-2302-FSQKVQ,243 Roxton Rd,,M6G,Single/Semi-detached House,11,University-Rosedale
3426854,STR-2302-GJCKVS,87 Peter St,612,M5V,Condominium,10,Spadina-Fort York
3426855,STR-2302-GRJKVT,209 Fort York Blvd,1672,M5V,Condominium,10,Spadina-Fort York
3426856,STR-2303-HGWKVW,10 Lowell Ave,,M1M,Single/Semi-detached House,20,Scarborough Southwest
3426857,STR-2303-HXJKVY,120 Harrison Garden Blvd,1610,M2N,Condominium,18,Willowdale
3426858,STR-2303-JFQKVZ,1171 Queen St W,S907,M6J,Condominium,9,Davenport
3426859,STR-2303-HXYXVY,17 Cosmic Dr,,M3B,Single/Semi-detached House,15,Don Valley West
3426860,STR-2303-FLQKVP,24 Alton Ave,,M4L,Single/Semi-detached House,14,Toronto-Danforth
3426861,STR-2303-FTWKVQ,19 Niantic Cres,,M3A,Single/Semi-detached House,16,Don Valley East
3426862,STR-2303-HJCKVW,3704 St Clair Ave E,,M1M,Single/Semi-detached House,20,Scarborough Southwest
3426863,STR-2303-JGWKVZ,643B Mount Pleasant Rd,1,M4S,Apartment,15,Don Valley West
3426864,STR-2303-HBQKVW,30 Lawnview Dr,,M2N,Single/Semi-detached House,18,Willowdale
3426865,STR-2303-GCVDVS,12 York St,903,M5J,Apartment,10,Spadina-Fort York
3426866,STR-2303-HBPDVW,15 Iceboat Ter,3206,M5V,Condominium,10,Spadina-Fort York
3426867,STR-2303-FWDRVR,101 Combe Ave,,M3H,Single/Semi-detached House,6,York Centre
3426868,STR-2303-HKKRVX,300 Front St W,302,M5V,Apartment,10,Spadina-Fort York
3426869,STR-2303-HZXRVZ,25 Heatherington Dr,,M1T,Single/Semi-detached House,22,Scarborough-Agincourt
3426870,STR-2303-FQDRVQ,67 Ruthmar Cres,,M3N,Single/Semi-detached House,7,Humber River-Black Creek
3426871,STR-2303-HLRRVX,287 Booth Ave,1,M4M,Single/Semi-detached House,14,Toronto-Danforth
3426872,STR-2303-HTXRVY,30 Grand Trunk Cres,2107,M5J,Condominium,10,Spadina-Fort York
3426873,STR-2303-FQVDVQ,128 Hove St,,M3H,Single/Semi-detached House,6,York Centre
3426874,STR-2303-GPPDVT,251 Jarvis St,1132,M5B,Condominium,13,Toronto Centre
3426875,STR-2303-HMHDVX,20 Trenton Ter,,M6K,Townhouse/ Row House,4,Parkdale-High Park
3426876,STR-2303-HVPDVY,14 York St,5305,M5J,Condominium,10,Spadina-Fort York
3426877,STR-2303-FKKRVP,710 Ossington Ave,1,M6G,Duplex/Triplex/Fourplex,9,Davenport
3426878,STR-2303-FSBDVQ,41 Garden Ave,,M6R,Single/Semi-detached House,4,Parkdale-High Park
3426879,STR-2303-FZHDVR,10 Wyndham St,,M6K,Single/Semi-detached House,9,Davenport
3426880,STR-2303-GQVDVT,114 Milton St,,M8Y,Single/Semi-detached House,3,Etobicoke-Lakeshore
3426881,STR-2303-HGHDVW,14 Jerome St,,M6P,Single/Semi-detached House,4,Parkdale-High Park
3426882,STR-2303-FSRRVQ,210 Victoria St,3809,M5B,Condominium,13,Toronto Centre
3426883,STR-2303-JFRRVZ,2212 Lake Shore Blvd W,4309,M8V,Condominium,3,Etobicoke-Lakeshore
3426884,STR-2303-HHPDVW,65 Bremner Blvd,2003,M5J,Condominium,10,Spadina-Fort York
3426885,STR-2303-HQVDVX,627 Davenport Rd,,M5R,Single/Semi-detached House,12,Toronto-St. Paul's
3426886,STR-2303-FTXRVQ,200 Dufferin St,603,M6K,Apartment,4,Parkdale-High Park
3426887,STR-2303-GCDRVR,300 Front St W,3704,M5V,Condominium,10,Spadina-Fort York
3426888,STR-2303-GKKRVS,69 Oakmount Rd,2,M6P,Apartment,4,Parkdale-High Park
3426889,STR-2303-HJDRVW,300 Front St W,701,M5V,Condominium,10,Spadina-Fort York
3426890,STR-2303-HYRRVY,108 Moberly Ave,REAR,M4C,Single/Semi-detached House,19,Beaches-East York
3426891,STR-2303-FMJKVQ,270 Wellington St W,809,M5V,Condominium,10,Spadina-Fort York
3426892,STR-2303-GLCKVT,254 Milan St,,M5A,Townhouse/ Row House,13,Toronto Centre
3426893,STR-2303-HSCKVY,15 D'Albret Cres,,M1T,Single/Semi-detached House,22,Scarborough-Agincourt
3426894,STR-2303-FFSXVP,11 Charles St W,,M4Y,Townhouse/ Row House,13,Toronto Centre
3426895,STR-2303-FMYXVQ,13 Charles St W,,M4Y,Townhouse/ Row House,13,Toronto Centre
3426896,STR-2303-GTYXVV,30 Shore Breeze Dr,235,M8V,Condominium,3,Etobicoke-Lakeshore
3426897,STR-2303-HZYXVZ,45 Royal York Rd,,M8V,Single/Semi-detached House,3,Etobicoke-Lakeshore
3426898,STR-2303-HCWKVW,292 Evelyn Ave,,M6P,Single/Semi-detached House,4,Parkdale-High Park
3426899,STR-2303-FGYXVP,101 Peter St,816,M5V,Condominium,10,Spadina-Fort York
3426900,STR-2303-GFSXVS,27 Glasgow St,2,M5T,Apartment,11,University-Rosedale
3426901,STR-2303-GMYXVT,10 Capreol Crt,647,M5V,Apartment,10,Spadina-Fort York
3426902,STR-2303-GWFXVV,551 Briar Hill Ave,,M5N,Single/Semi-detached House,8,Eglinton-Lawrence
3426903,STR-2303-FYCKVR,12 Sombrero Crt,,M9L,Single/Semi-detached House,7,Humber River-Black Creek
3426904,STR-2303-GWWKVV,168 Simcoe St,1119,M5H,Condominium,10,Spadina-Fort York
3426905,STR-2303-HMJKVX,258 Concord Ave,,M6H,Single/Semi-detached House,9,Davenport
3426906,STR-2303-FJFXVP,54 Southwood Dr,,M4E,Single/Semi-detached House,19,Beaches-East York
3426907,STR-2303-FRLXVQ,210 Horsham Ave,,M2N,Single/Semi-detached House,18,Willowdale
3426908,STR-2303-GGYXVS,5 Temple Ave,B,M6K,Single/Semi-detached House,4,Parkdale-High Park
3426909,STR-2303-GXLXVV,78 East Dr,,M6N,Single/Semi-detached House,5,York South-Weston
3426910,STR-2303-HFSXVW,65 Bremner Blvd,1109,M5J,Condominium,10,Spadina-Fort York
3426911,STR-2303-HMYXVX,100 Harrison Garden Blvd,1506,M2N,Condominium,18,Willowdale
3426912,STR-2303-JDLXVZ,145 Spruce St,,M5A,Single/Semi-detached House,13,Toronto Centre
3426913,STR-2303-FJWKVP,300 Front St W,1909,M5V,Condominium,10,Spadina-Fort York
3426914,STR-2303-FZJKVR,11 Kirkton Rd,,M3H,Single/Semi-detached House,6,York Centre
3426915,STR-2303-GHQKVS,26 Delaney Cres,,M6K,Single/Semi-detached House,9,Davenport
3426916,STR-2303-GQWKVT,150 Burrows Hall Blvd,120,M1B,Townhouse/ Row House,23,Scarborough North
3426917,STR-2303-HGJKVW,219 Fort York Blvd,3303,M5V,Condominium,10,Spadina-Fort York
3426918,STR-2303-HWWKVY,48 Pendeen Ave,,M6N,Single/Semi-detached House,5,York South-Weston
3426919,STR-2303-JFCKVZ,416 Roselawn Ave,,M5N,Single/Semi-detached House,8,Eglinton-Lawrence
3426920,STR-2303-FKLXVP,36 Norman Wesley Way,,M3M,Townhouse/ Row House,6,York Centre
3426921,STR-2303-FSSXVQ,155 Yorkville Ave,304,M5R,Apartment,11,University-Rosedale
3426922,STR-2303-GYSXVV,22 Delaney Cres,,M6K,Single/Semi-detached House,9,Davenport
3426923,STR-2303-GSCKVT,55 Bremner Blvd,4904,M5J,Condominium,10,Spadina-Fort York
3426924,STR-2303-GZJKVV,51 Dewson St,2,M6H,Single/Semi-detached House,9,Davenport
3426925,STR-2303-HQWKVX,12 York St,2009,M5J,Condominium,10,Spadina-Fort York
3426926,STR-2303-GCFXVR,35 Major St,1,M5S,Duplex/Triplex/Fourplex,11,University-Rosedale
3426927,STR-2303-GKLXVS,261 Berkeley St,1,M5A,Duplex/Triplex/Fourplex,13,Toronto Centre
3426928,STR-2303-HJFXVW,300 Front St W,2209,M5V,Condominium,10,Spadina-Fort York
3426929,STR-2303-HRLXVX,251 Jarvis St,4602,M5B,Condominium,13,Toronto Centre
3426930,STR-2303-HYSXVY,2 Crosland Dr,,M1R,Single/Semi-detached House,21,Scarborough Centre
3426931,STR-2303-JGYXVZ,41 Aberdeen Ave,,M4X,Single/Semi-detached House,13,Toronto Centre
3426932,STR-2303-FDPHHP,112 Springhurst Ave,3A,M6K,Duplex/Triplex/Fourplex,4,Parkdale-High Park
3426933,STR-2303-FVBHHR,300 Front St W,1113,M5V,Condominium,10,Spadina-Fort York
3426934,STR-2303-GCHHHS,18 Ravenrock Crt,,M3A,Single/Semi-detached House,16,Don Valley East
3426935,STR-2303-GKPHHT,21 Iceboat Ter,2705,M5V,Condominium,10,Spadina-Fort York
3426936,STR-2303-HBBHHW,83 Frederick Tisdale Dr,,M3K,Townhouse/ Row House,6,York Centre
3426937,STR-2303-FFDVHP,45 Geneva Ave,,M5A,Townhouse/ Row House,13,Toronto Centre
3426938,STR-2303-GCXVHS,11 Lillian St,1506,M4S,Condominium,12,Toronto-St. Paul's
3426939,STR-2303-GLDVHT,33 Willowbank Blvd,,M4R,Single/Semi-detached House,8,Eglinton-Lawrence
3426940,STR-2303-GTKVHV,90 Ling Rd,1404,M1E,Condominium,25,Scarborough-Rouge Park
3426941,STR-2303-HBRVHW,615 Ossington Ave,1,M6G,Apartment,11,University-Rosedale
3426942,STR-2303-HSDVHY,18 Yonge St,602,M5E,Condominium,10,Spadina-Fort York
3426943,STR-2303-FWHHHR,29 Larchmount Ave,Main,M4M,Single/Semi-detached House,14,Toronto-Danforth
3426944,STR-2303-GVBHHV,371 Rathburn Rd,,M9B,Single/Semi-detached House,2,Etobicoke Centre
3426945,STR-2303-HKPHHX,251 Jarvis St,2513,M5B,Condominium,13,Toronto Centre
3426946,STR-2303-HSVHHY,65 Bremner Blvd,4509,M5J,Condominium,10,Spadina-Fort York
3426947,STR-2303-JBBHHZ,251 Jarvis St,1618,M5B,Condominium,13,Toronto Centre
3426948,STR-2303-GFDVHS,48 Grenoble Dr,503,M3C,Apartment,16,Don Valley East
3426949,STR-2303-GVRVHV,1 Faulkner Cres,,M9M,Single/Semi-detached House,7,Humber River-Black Creek
3426950,STR-2303-HCXVHW,60 Millhouse Cres,,M1B,Single/Semi-detached House,25,Scarborough-Rouge Park
3426951,STR-2303-HLDVHX,12 York St,4501,M5J,Condominium,10,Spadina-Fort York
3426952,STR-2303-GPBHHT,339 Boon Ave,,M6E,Single/Semi-detached House,9,Davenport
3426953,STR-2303-HDPHHW,24 Clarion Rd,BSMT,M9R,Single/Semi-detached House,1,Etobicoke North
3426954,STR-2303-JCHHHZ,432 Rustic Rd,,M6L,Single/Semi-detached House,5,York South-Weston
3426955,STR-2303-FYDVHR,383 Rimilton Ave,,M8W,Single/Semi-detached House,3,Etobicoke-Lakeshore
3426956,STR-2303-HFDVHW,246 Campbell Ave,,M6P,Single/Semi-detached House,9,Davenport
3426957,STR-2303-HMKVHX,166A Silverthorn Ave,,M6N,Single/Semi-detached House,9,Davenport
3426958,STR-2303-GXPHHV,270 Wellington St W,523,M5V,Condominium,10,Spadina-Fort York
3426959,STR-2303-HWHHHY,369 Keewatin Ave,,M4P,Single/Semi-detached House,15,Don Valley West
3426960,STR-2303-FSDVHQ,225 Wellesley St E,816,M4X,Apartment,13,Toronto Centre
3426961,STR-2303-GHRVHS,90 Waniska Ave,,M8Y,Single/Semi-detached House,3,Etobicoke-Lakeshore
3426962,STR-2303-GYDVHV,300 Front St W,4306,M5V,Condominium,10,Spadina-Fort York
3426963,STR-2303-FKPHHP,230 Queens Quay W,2811,M5J,Condominium,10,Spadina-Fort York
3426964,STR-2303-GJHHHS,22 Haliburton Ave,,M9B,Single/Semi-detached House,2,Etobicoke Centre
3426965,STR-2303-GYVHHV,164 Grace St,,M6G,Single/Semi-detached House,11,University-Rosedale
3426966,STR-2303-HQHHHX,3 Rexton Rd,,M9C,Single/Semi-detached House,2,Etobicoke Centre
3426967,STR-2303-FLDVHP,16 Lucy Ave,,M1L,Single/Semi-detached House,20,Scarborough Southwest
3426968,STR-2303-GJXVHS,3 Brett Ave,,M3H,Single/Semi-detached House,6,York Centre
3426969,STR-2303-JGKVHZ,533 Richmond St W,601,M5V,Condominium,10,Spadina-Fort York
3426970,STR-2303-FDQPHP,99 Boston Ave,,M4M,Single/Semi-detached House,14,Toronto-Danforth
3426971,STR-2303-FLWPHQ,46 Poulett St,,M5A,Townhouse/ Row House,13,Toronto Centre
3426972,STR-2303-GCJPHS,30 Guildcrest Dr,,M1E,Single/Semi-detached House,24,Scarborough-Guildwood
3426973,STR-2303-HBCPHW,40 Albany Ave,,M5R,Single/Semi-detached House,11,University-Rosedale
3426974,STR-2303-HYWPHZ,30 Paperbirch Dr,,M3C,Single/Semi-detached House,16,Don Valley East
3426975,STR-2303-FFGBHP,639 Lawrence Ave W,322,M6A,Townhouse/ Row House,8,Eglinton-Lawrence
3426976,STR-2303-GTMBHV,21 Iceboat Ter,2002,M5V,Condominium,10,Spadina-Fort York
3426977,STR-2303-HBTBHW,151 Dan Leckie Way,817,M5V,Condominium,10,Spadina-Fort York
3426978,STR-2303-HJZBHX,53 Crawford St,,M6J,Single/Semi-detached House,10,Spadina-Fort York
3426979,STR-2303-HZMBHZ,21 Homestead Rd,,M1E,Single/Semi-detached House,25,Scarborough-Rouge Park
3426980,STR-2303-FPCPHQ,270 Wellington St W,416,M5V,Condominium,10,Spadina-Fort York
3426981,STR-2303-FWJPHR,55 East Dr,,M6N,Single/Semi-detached House,5,York South-Weston
3426982,STR-2303-GLWPHT,11 Whitehall Rd,,M4W,Single/Semi-detached House,11,University-Rosedale
3426983,STR-2303-HCJPHW,219 Fort York Blvd,523,M5V,Condominium,10,Spadina-Fort York
3426984,STR-2303-HSWPHY,15 Iceboat Ter,336,M5V,Condominium,10,Spadina-Fort York
3426985,STR-2303-FWZBHR,441 Westmoreland Ave N,,M6H,Single/Semi-detached House,9,Davenport
3426986,STR-2303-FHCPHP,482 King St E,,M5A,Single/Semi-detached House,13,Toronto Centre
3426987,STR-2303-GPCPHT,152 Beatrice St,Main,M6J,Single/Semi-detached House,11,University-Rosedale
3426988,STR-2303-GWJPHV,18 Kilbarry Rd,,M5P,Single/Semi-detached House,12,Toronto-St. Paul's
3426989,STR-2303-FYGBHR,23 Van Horne Ave,,M2J,Single/Semi-detached House,17,Don Valley North
3426990,STR-2303-HFGBHW,148 Newton Dr,,M2M,Single/Semi-detached House,18,Willowdale
3426991,STR-2303-FYWPHR,470 Delaware Ave,,M6H,Single/Semi-detached House,9,Davenport
3426992,STR-2303-HFWPHW,31 Earnscliffe Rd,,M6E,Single/Semi-detached House,9,Davenport
3426993,STR-2303-FJZBHP,16 Chipwood Cres,,M2J,Single/Semi-detached House,17,Don Valley North
3426994,STR-2303-GQZBHT,148 Springhurst Ave,201,M6K,Duplex/Triplex/Fourplex,4,Parkdale-High Park
3426995,STR-2303-GYGBHV,65 Mattice Ave,,M9B,Single/Semi-detached House,2,Etobicoke Centre
3426996,STR-2303-HGMBHW,73 Neilson Ave,,M1M,Single/Semi-detached House,20,Scarborough Southwest
3426997,STR-2303-FSWPHQ,1116 Kipling Ave,,M9B,Single/Semi-detached House,2,Etobicoke Centre
3426998,STR-2303-HQJPHX,23 Earl St,,M4Y,Townhouse/ Row House,13,Toronto Centre
3426999,STR-2303-GBTBHR,101 Yonge Blvd,,M5M,Single/Semi-detached House,8,Eglinton-Lawrence
3427000,STR-2303-GZMBHV,37 Brantwood Dr,,M1H,Single/Semi-detached House,24,Scarborough-Guildwood
3427001,STR-2303-HHTBHW,1011 Dufferin St,301,M6H,Apartment,9,Davenport
3427002,STR-2303-GKRVHT,495 Euclid Ave,2,M6G,Duplex/Triplex/Fourplex,11,University-Rosedale
3427003,STR-2303-HBDVHW,27 Eugene St,,M6B,Single/Semi-detached House,8,Eglinton-Lawrence
3427004,STR-2303-HRRVHY,10 Rolyat St,A,M6J,Single/Semi-detached House,10,Spadina-Fort York
3427005,STR-2303-GDBHHS,270 Wellington St W,825,M5V,Condominium,10,Spadina-Fort York
3427006,STR-2303-HBVHHW,329 Homewood Ave,,M2R,Single/Semi-detached House,18,Willowdale
3427007,STR-2303-HZPHHZ,8 Park Rd,2010,M4W,Condominium,11,University-Rosedale
3427008,STR-2303-FPDVHQ,6 Lippincott St,1,M5T,Single/Semi-detached House,11,University-Rosedale
3427009,STR-2303-GDRVHS,269 Major St,,M5S,Single/Semi-detached House,11,University-Rosedale
3427010,STR-2303-GLXVHT,41 Heathrow Dr,Main Floor,M3M,Single/Semi-detached House,6,York Centre
3427011,STR-2303-HCKVHW,19 Broadbridge Dr,,M1C,Single/Semi-detached House,25,Scarborough-Rouge Park
3427012,STR-2303-JBDVHZ,327 Coronation Dr,,M1E,Single/Semi-detached House,25,Scarborough-Rouge Park
3427013,STR-2303-GMPHHT,360 Harvie Ave,,M6E,Single/Semi-detached House,9,Davenport
3427014,STR-2303-GVVHHV,68 Winston Park Blvd,10,M3K,Condominium,6,York Centre
3427015,STR-2303-JBVHHZ,51 Huron St,,M5T,Single/Semi-detached House,10,Spadina-Fort York
3427016,STR-2303-FHDVHP,54 Stephen Dr,Lower,M8Y,Duplex/Triplex/Fourplex,3,Etobicoke-Lakeshore
3427017,STR-2303-FQKVHQ,11 Briarscross Blvd,,M1S,Single/Semi-detached House,23,Scarborough North
3427018,STR-2303-FXRVHR,80 Carr St,8,M5T,Townhouse/ Row House,10,Spadina-Fort York
3427019,STR-2303-GWKVHV,692 Hillsdale Ave E,Lower,M4S,Single/Semi-detached House,15,Don Valley West
3427020,STR-2303-HDRVHW,10 Edgecliff Golfway,1411,M3C,Condominium,16,Don Valley East
3427021,STR-2303-JCKVHZ,30 Nelson St,2703,M5V,Condominium,10,Spadina-Fort York
3427022,STR-2303-FHVHHP,499 Midland Ave,,M1N,Single/Semi-detached House,20,Scarborough Southwest
3427023,STR-2303-FRBHHQ,241 Dundas St E,3,M5A,Duplex/Triplex/Fourplex,13,Toronto Centre
3427024,STR-2303-GGPHHS,300 Front St W,902,M5V,Condominium,10,Spadina-Fort York
3427025,STR-2303-GXBHHV,188 Jones Ave,2,M4M,Single/Semi-detached House,14,Toronto-Danforth
3427026,STR-2303-HFHHHW,27 Manning Ave,,M6J,Townhouse/ Row House,10,Spadina-Fort York
3427027,STR-2303-FJKVHP,64 Ravenscroft Crcl,,M2K,Single/Semi-detached House,17,Don Valley North
3427028,STR-2303-GHDVHS,300 Front St W,204,M5V,Condominium,10,Spadina-Fort York
3427029,STR-2303-GXRVHV,30 Woodstream Dr,14,M9W,Townhouse/ Row House,1,Etobicoke North
3427030,STR-2303-HWKVHY,21 Carlton St,1305,M5B,Condominium,13,Toronto Centre
3427031,STR-2303-FSHHHQ,1 Greencoat Rd,,M9C,Single/Semi-detached House,2,Etobicoke Centre
3427032,STR-2303-GHVHHS,34 Goulden Cres,,M1L,Single/Semi-detached House,20,Scarborough Southwest
3427033,STR-2303-GRBHHT,50 Hillsboro Ave,1503,M5R,Apartment,11,University-Rosedale
3427034,STR-2303-JFHHHZ,14 York St,4008,M5J,Condominium,10,Spadina-Fort York
3427035,STR-2303-FSXVHQ,64 Dovercourt Rd,2,M6J,Duplex/Triplex/Fourplex,9,Davenport
3427036,STR-2303-GRRVHT,16 Ashdale Ave,B,M4L,Duplex/Triplex/Fourplex,14,Toronto-Danforth
3427037,STR-2303-HQKVHX,79 Langden Ave,,M6N,Single/Semi-detached House,5,York South-Weston
3427038,STR-2303-HXRVHY,117 Lippincott St,Basement,M5S,Duplex/Triplex/Fourplex,11,University-Rosedale
3427039,STR-2303-JFXVHZ,58 Margueretta St,Basement,M6H,Duplex/Triplex/Fourplex,9,Davenport
3427040,STR-2303-GKBHHS,138 Booth Ave,,M4M,Single/Semi-detached House,14,Toronto-Danforth
3427041,STR-2303-GZPHHV,101 Peter St,2508,M5V,Condominium,10,Spadina-Fort York
3427042,STR-2303-HRBHHX,359 Brock Ave,,M6H,Duplex/Triplex/Fourplex,9,Davenport
3427043,STR-2303-JGPHHZ,173 Concord Ave,,M6H,Single/Semi-detached House,9,Davenport
3427044,STR-2303-FLZBHQ,15 Northtown Way,1525,M2N,Condominium,18,Willowdale
3427045,STR-2303-GKTBHT,1100 King St W,A1614,M6K,Condominium,10,Spadina-Fort York
3427046,STR-2303-GSZBHV,14 York St,5901,M5J,Condominium,10,Spadina-Fort York
3427047,STR-2303-HYZBHZ,77 Huntley St,2309,M4Y,Apartment,13,Toronto Centre
3427048,STR-2303-FVWPHR,68 William Duncan Rd,,M3K,Townhouse/ Row House,6,York Centre
3427049,STR-2303-GLJPHT,100 Harrison Garden Blvd,506,M2N,Condominium,18,Willowdale
3427050,STR-2303-HKCPHX,21 Iceboat Ter,3707,M5V,Condominium,10,Spadina-Fort York
3427051,STR-2303-HSJPHY,357 Eglinton Ave W,A,M5N,Apartment,12,Toronto-St. Paul's
3427052,STR-2303-FFZBHP,33 Dundalk Dr,21,M1P,Townhouse/ Row House,21,Scarborough Centre
3427053,STR-2303-FPGBHQ,252 Westlake Ave,,M4C,Single/Semi-detached House,19,Beaches-East York
3427054,STR-2303-FWMBHR,198 Van Dusen Blvd,,M8Z,Single/Semi-detached House,3,Etobicoke-Lakeshore
3427055,STR-2303-GDTBHS,298 Maxwell St,,M3H,Single/Semi-detached House,6,York Centre
3427056,STR-2303-HKTBHX,52 Arnold Ave,,M5A,Townhouse/ Row House,13,Toronto Centre
3427057,STR-2304-FXCPHR,861 Scarborough Golf Club Rd,,M1G,Single/Semi-detached House,24,Scarborough-Guildwood
3427058,STR-2304-HDCPHW,76 Craiglee Dr,B,M1N,Duplex/Triplex/Fourplex,20,Scarborough Southwest
3427059,STR-2304-JBWPHZ,109B Robinson Ave,,M1L,Single/Semi-detached House,20,Scarborough Southwest
3427060,STR-2304-GFZBHS,10 Capreol Crt,2101,M5V,Condominium,10,Spadina-Fort York
3427061,STR-2304-GPGBHT,94 Virginia Ave,Rear Entrance,M4C,Single/Semi-detached House,19,Beaches-East York
3427062,STR-2304-FHWPHP,8 Willow Ave,,M5J,Single/Semi-detached House,10,Spadina-Fort York
3427063,STR-2304-GPWPHT,15 Yachters Lane,,M8V,Townhouse/ Row House,3,Etobicoke-Lakeshore
3427064,STR-2304-FJMBHP,8 Wilberton Rd,1,M4V,Duplex/Triplex/Fourplex,12,Toronto-St. Paul's
3427065,STR-2304-FYZBHR,10 Capreol Crt,1808,M5V,Condominium,10,Spadina-Fort York
3427066,STR-2304-GHGBHS,5 Ice Cream Lane,,M4C,Single/Semi-detached House,19,Beaches-East York
3427067,STR-2304-GQMBHT,251 Jarvis St,1701,M5B,Condominium,13,Toronto Centre
3427068,STR-2304-HPGBHX,668 Yonge St,B,M4Y,Townhouse/ Row House,13,Toronto Centre
3427069,STR-2304-HWMBHY,1171 Queen St W,504,M6J,Condominium,9,Davenport
3427070,STR-2304-JDTBHZ,160 Vanderhoof Ave,1213,M4G,Condominium,15,Don Valley West
3427071,STR-2304-FKCPHP,27 Meadow Ave,,M1N,Single/Semi-detached House,20,Scarborough Southwest
3427072,STR-2304-FZQPHR,168 Park Home Ave,,M2N,Single/Semi-detached House,18,Willowdale
3427073,STR-2304-HGQPHW,209 Fort York Blvd,974,M5V,Condominium,10,Spadina-Fort York
3427074,STR-2304-HXCPHY,85 Bloor St E,301,M4W,Condominium,11,University-Rosedale
3427075,STR-2304-FKTBHP,800 Richmond St W,916,M6J,Apartment,10,Spadina-Fort York
3427076,STR-2304-FSZBHQ,155 Yorkville Ave,1615,M5R,Condominium,11,University-Rosedale
3427077,STR-2304-GJMBHS,219 Fort York Blvd,714,M5V,Condominium,10,Spadina-Fort York
3427078,STR-2304-HHGBHW,48 Michener Crt,,M6J,Townhouse/ Row House,10,Spadina-Fort York
3427079,STR-2304-HQMBHX,60 Faywood Blvd,,M3H,Single/Semi-detached House,6,York Centre
3427080,STR-2304-HXTBHY,159 Cocksfield Ave,,M3H,Single/Semi-detached House,6,York Centre
3427081,STR-2304-FLJPHP,165 Legion Rd N,1026,M8Y,Condominium,3,Etobicoke-Lakeshore
3427082,STR-2304-FTQPHQ,300 Front St W,2101,M5V,Condominium,10,Spadina-Fort York
3427083,STR-2304-HRVHHY,40 Karen Rd,basement,M3A,Single/Semi-detached House,16,Don Valley East
3427084,STR-2304-FMRVHQ,140 Simcoe St,1021,M5H,Condominium,10,Spadina-Fort York
3427085,STR-2304-GLKVHT,798 Bloor St W,3,M6G,Duplex/Triplex/Fourplex,11,University-Rosedale
3427086,STR-2304-HZRVHZ,79 Boon Ave,,M6E,Single/Semi-detached House,9,Davenport
3427087,STR-2304-HKVHHX,3107 Dundas St W,1,M6P,Apartment,4,Parkdale-High Park
3427088,STR-2304-HTBHHY,92 Ascot Ave,2,M6E,Single/Semi-detached House,9,Davenport
3427089,STR-2304-GMRVHT,9 Salisbury Ave,Upper,M4X,Single/Semi-detached House,13,Toronto Centre
3427090,STR-2304-GVXVHV,98 Lillian St,426,M4S,Condominium,12,Toronto-St. Paul's
3427091,STR-2304-HTRVHY,26 Anson Ave,,M1M,Single/Semi-detached House,20,Scarborough Southwest
3427092,STR-2304-FHHHHP,89 Charleswood Dr,,M3H,Single/Semi-detached House,6,York Centre
3427093,STR-2304-FQPHHQ,21 Iceboat Ter,2207,M5V,Condominium,10,Spadina-Fort York
3427094,STR-2304-HMBHHX,75 Emmett Ave,2415,M6M,Condominium,5,York South-Weston
3427095,STR-2304-FHXVHP,100 Long Branch,11,M8W,Condominium,3,Etobicoke-Lakeshore
3427096,STR-2304-GGRVHS,155 Yorkville Ave,2204,M5R,Condominium,11,University-Rosedale
3427097,STR-2304-GPXVHT,62 Clouston Ave,Basement,M9N,Single/Semi-detached House,5,York South-Weston
3427098,STR-2304-JDDVHZ,924 Dovercourt Rd,Lower,M6H,Single/Semi-detached House,9,Davenport
3427099,STR-2304-FJPHHP,14 York St,501,M5J,Condominium,10,Spadina-Fort York
3427100,STR-2304-GHHHHS,250 Estelle Ave,,M2N,Single/Semi-detached House,18,Willowdale
3427101,STR-2304-GXVHHV,16 Abell St,,M6J,Condominium,9,Davenport
3427102,STR-2304-HWPHHY,330 Brooke Ave,,M5M,Single/Semi-detached House,8,Eglinton-Lawrence
3427103,STR-2304-FKDVHP,81 Summerhill Ave,,M4T,Townhouse/ Row House,11,University-Rosedale
3427104,STR-2304-FZRVHR,357 Patricia Ave,,M2R,Single/Semi-detached House,18,Willowdale
3427105,STR-2304-GHXVHS,28 Douro St,223,M6K,Townhouse/ Row House,10,Spadina-Fort York
3427106,STR-2304-HGRVHW,858 Royal York Rd,,M8Y,Single/Semi-detached House,3,Etobicoke-Lakeshore
3427107,STR-2304-HPXVHX,30 Deering Cres,,M2M,Single/Semi-detached House,18,Willowdale
3427108,STR-2304-HXDVHY,103 Avenue Rd,404,M5R,Apartment,11,University-Rosedale
3427109,STR-2304-FKVHHP,80 Glenstroke Dr,,M1S,Single/Semi-detached House,23,Scarborough North
3427110,STR-2304-GBHHHR,10 Killamarsh Dr,,M3J,Single/Semi-detached House,7,Humber River-Black Creek
3427111,STR-2304-JGBHHZ,53 Sherwood Ave,,M4P,Single/Semi-detached House,15,Don Valley West
3427112,STR-2304-FTRVHQ,77 Delburn Dr,,M1V,Single/Semi-detached House,23,Scarborough North
3427113,STR-2304-GKDVHS,63 Ossington Ave,C,M6J,Apartment,10,Spadina-Fort York
3427114,STR-2304-HRDVHX,155 Yorkville Ave,2206,M5R,Condominium,11,University-Rosedale
3427115,STR-2304-HYKVHY,832 Bay St,4501,M5S,Condominium,11,University-Rosedale
3427116,STR-2304-JGRVHZ,155 Yorkville Ave,1707,M5R,Condominium,11,University-Rosedale
3427117,STR-2304-FDWPHP,36 High Park Blvd,,M6R,Single/Semi-detached House,4,Parkdale-High Park
3427118,STR-2304-FMCPHQ,110 Wallace Ave,Basement,M6H,Single/Semi-detached House,9,Davenport
3427119,STR-2304-HJQPHX,73 Neilson Ave,,M1M,Single/Semi-detached House,20,Scarborough Southwest
3427120,STR-2304-HZCPHZ,915 King St W,307,M6K,Condominium,10,Spadina-Fort York
3427121,STR-2304-GLMBHT,105 White Heather Blvd,,M1V,Single/Semi-detached House,23,Scarborough North
3427122,STR-2304-GTTBHV,2 Eva Rd,524,M9C,Condominium,2,Etobicoke Centre
3427123,STR-2304-HKGBHX,259 Brunswick Ave,,M5S,Single/Semi-detached House,11,University-Rosedale
3427124,STR-2304-FGCPHP,210 Victoria St,2310,M5B,Condominium,13,Toronto Centre
3427125,STR-2304-GVJPHV,21 Iceboat Ter,2715,M5V,Condominium,10,Spadina-Fort York
3427126,STR-2304-FPZBHQ,313 Hillmount Ave,,M6B,Single/Semi-detached House,8,Eglinton-Lawrence
3427127,STR-2304-FXGBHR,5 Iceboat Ter,G12,M5V,Condominium,10,Spadina-Fort York
3427128,STR-2304-GMTBHT,209 Fort York Blvd,767,M5V,Condominium,10,Spadina-Fort York
3427129,STR-2304-HDGBHW,22 Applewood Lane,36,M9C,Townhouse/ Row House,2,Etobicoke Centre
3427130,STR-2304-HLMBHX,44 Park Blvd,,M8W,Single/Semi-detached House,3,Etobicoke-Lakeshore
3427131,STR-2304-FHJPHP,21 Iceboat Ter,3001,M5V,Condominium,10,Spadina-Fort York
3427132,STR-2304-GGCPHS,1040 Ossington Ave,A,M6G,Single/Semi-detached House,9,Davenport
3427133,STR-2304-HDWPHW,210 Victoria St,2210,M5B,Apartment,13,Toronto Centre
3427134,STR-2304-HMCPHX,88 Cumberland St,509,M5R,Condominium,11,University-Rosedale
3427135,STR-2304-FRGBHQ,110 Lawlor Ave,,M4E,Single/Semi-detached House,19,Beaches-East York
3427136,STR-2304-FYMBHR,125 Spring Garden Ave,,M2N,Single/Semi-detached House,18,Willowdale
3427137,STR-2304-GGTBHS,215 Fort York Blvd,2109,M5V,Condominium,10,Spadina-Fort York
3427138,STR-2304-HFMBHW,46 Connaught Ave,,M2M,Single/Semi-detached House,18,Willowdale
3427139,STR-2304-HMTBHX,148 Robina Ave,,M6C,Single/Semi-detached House,9,Davenport
3427140,STR-2304-FJQPHP,119 Gough Ave,,M4K,Single/Semi-detached House,14,Toronto-Danforth
3427141,STR-2304-FZCPHR,88 Merryfield Dr,,M1P,Single/Semi-detached House,21,Scarborough Centre
3427142,STR-2304-HWQPHY,11 Castle Green Cres,,M9R,Single/Semi-detached House,2,Etobicoke Centre
3427143,STR-2304-FKGBHP,268 Glen Manor Dr W,,M4E,Single/Semi-detached House,19,Beaches-East York
3427144,STR-2304-GRGBHT,59 East Liberty St,608,M6K,Condominium,10,Spadina-Fort York
3427145,STR-2304-GYMBHV,700 Bathurst St,2,M5S,Duplex/Triplex/Fourplex,11,University-Rosedale
3427146,STR-2304-HXGBHY,50 Fairhill Cres,,M3A,Single/Semi-detached House,16,Don Valley East
3427147,STR-2304-JFMBHZ,112 Kennedy Ave,,M6S,Single/Semi-detached House,4,Parkdale-High Park
3427148,STR-2304-FTCPHQ,520 Clinton St,,M6G,Townhouse/ Row House,11,University-Rosedale
3427149,STR-2304-HHJPHW,62 Glenstroke Dr,,M1S,Single/Semi-detached House,23,Scarborough North
3427150,STR-2304-GZTBHV,120 Hounslow Ave,,M2N,Single/Semi-detached House,18,Willowdale
3427151,STR-2304-HHZBHW,700 Humberwood Blvd,2921,M9W,Condominium,1,Etobicoke North
3427152,STR-2304-HYMBHY,16 Pannahill Rd,,M3H,Single/Semi-detached House,6,York Centre
3427153,STR-2304-GCRVHS,2134 Dundas St W,Upper,M6R,Duplex/Triplex/Fourplex,4,Parkdale-High Park
3427154,STR-2304-GTDVHV,155 Yorkville Ave,720,M5R,Condominium,11,University-Rosedale
3427155,STR-2304-HBKVHW,390 Lake Promenade,,M8W,Single/Semi-detached House,3,Etobicoke-Lakeshore
3427156,STR-2304-HRXVHY,474 Martin Grove Rd,,M9B,Single/Semi-detached House,2,Etobicoke Centre
3427157,STR-2304-FMVHHQ,12 Mountview Ave,,M6P,Single/Semi-detached House,4,Parkdale-High Park
3427158,STR-2304-FWBHHR,17 Yates Ave,,M1L,Townhouse/ Row House,20,Scarborough Southwest
3427159,STR-2304-FPKVHQ,57 Finch Ave W,7,M2N,Townhouse/ Row House,18,Willowdale
3427160,STR-2304-FWRVHR,10 Capreol Crt,612,M5V,Condominium,10,Spadina-Fort York
3427161,STR-2304-GVKVHV,730 Ontario St,1404,M4X,Apartment,13,Toronto Centre
3427162,STR-2304-HCRVHW,49 Norden Cres,,M3B,Single/Semi-detached House,16,Don Valley East
3427163,STR-2304-HKXVHX,256 Gledhill Ave,,M4C,Single/Semi-detached House,19,Beaches-East York
3427164,STR-2304-JBKVHZ,61 Cameron St,1,M5T,Duplex/Triplex/Fourplex,10,Spadina-Fort York
3427165,STR-2304-GFPHHS,40 Gerrard St E,701,M5B,Apartment,13,Toronto Centre
3427166,STR-2304-GMVHHT,124 Lappin Ave,,M6H,Single/Semi-detached House,9,Davenport
3427167,STR-2304-HDHHHW,21 Iceboat Ter,4106,M5V,Condominium,10,Spadina-Fort York
3427168,STR-2304-HTVHHY,238 Danzig St,,M1E,Single/Semi-detached House,25,Scarborough-Rouge Park
3427169,STR-2304-JCBHHZ,159 Argyle St,Main,M6J,Townhouse/ Row House,9,Davenport
3427170,STR-2304-GWRVHV,219 Fort York Blvd,205,M5V,Condominium,10,Spadina-Fort York
3427171,STR-2304-JCRVHZ,190 Ossington Ave,3,M6J,Duplex/Triplex/Fourplex,10,Spadina-Fort York
3427172,STR-2304-FJBHHP,296 Highfield Rd,,M4L,Single/Semi-detached House,14,Toronto-Danforth
3427173,STR-2304-FRHHHQ,196 Dovercourt Rd,,M6J,Single/Semi-detached House,9,Davenport
3427174,STR-2304-FYPHHR,270 Wellington St W,1109,M5V,Condominium,10,Spadina-Fort York
3427175,STR-2304-GGVHHS,31 Salem Ave,,M6H,Single/Semi-detached House,9,Davenport
3427176,STR-2304-HFPHHW,3 Ward St,,M6H,Single/Semi-detached House,9,Davenport
3427177,STR-2304-FZDVHR,235 Prescott Ave,,M6N,Single/Semi-detached House,9,Davenport
3427178,STR-2304-GXXVHV,300 Front St W,4401,M5V,Condominium,10,Spadina-Fort York
3427179,STR-2304-HGDVHW,630 Rhodes Ave,,M4J,Single/Semi-detached House,14,Toronto-Danforth
3427180,STR-2304-HPKVHX,52 Ruthmar Cres,,M3N,Single/Semi-detached House,7,Humber River-Black Creek
3427181,STR-2304-FSPHHQ,38 Joe Shuster Way,305,M6K,Condominium,10,Spadina-Fort York
3427182,STR-2304-GJBHHS,59 Humberside Ave,,M6P,Single/Semi-detached House,4,Parkdale-High Park
3427183,STR-2304-GRHHHT,5 Flatwoods Dr,,M1V,Single/Semi-detached House,23,Scarborough North
3427184,STR-2304-GYPHHV,2 St Clarens Ave,,M6K,Single/Semi-detached House,9,Davenport
3427185,STR-2304-HGVHHW,169 Gladstone Ave,2,M6J,Townhouse/ Row House,9,Davenport
3427186,STR-2304-HXHHHY,155 Yorkville Ave,1020,M5R,Condominium,11,University-Rosedale
3427187,STR-2304-FKXVHP,14 York St,3402,M5J,Condominium,10,Spadina-Fort York
3427188,STR-2304-GBKVHR,103 Gladstone Ave,2,M6J,Duplex/Triplex/Fourplex,9,Davenport
3427189,STR-2304-HHKVHW,12 Foxley St,,M6J,Single/Semi-detached House,10,Spadina-Fort York
3427190,STR-2304-FLPHHP,15 Bruyeres Mews,1108,M5V,Condominium,10,Spadina-Fort York
3427191,STR-2304-GKHHHS,300 Front St W,1409,M5V,Condominium,10,Spadina-Fort York
3427192,STR-2304-FMGBHQ,14 York St,4308,M5J,Condominium,10,Spadina-Fort York
3427193,STR-2304-GKZBHT,3 Mosedale Cres,,M2J,Single/Semi-detached House,17,Don Valley North
3427194,STR-2304-HJTBHX,232 Blackthorn Ave,,M6N,Single/Semi-detached House,9,Davenport
3427195,STR-2304-HZGBHZ,30 Cheritan Ave,,M4R,Single/Semi-detached House,8,Eglinton-Lawrence
3427196,STR-2304-GDJPHS,51 Tidworth Sq,,M1S,Single/Semi-detached House,23,Scarborough North
3427197,STR-2304-HKJPHX,408 Rosemary Rd,,M5P,Single/Semi-detached House,12,Toronto-St. Paul's
3427198,STR-2304-FPMBHQ,14 York St,5303,M5J,Condominium,10,Spadina-Fort York
3427199,STR-2304-FWTBHR,11 Deeth Dr,,M9P,Single/Semi-detached House,2,Etobicoke Centre
3427200,STR-2304-GVMBHV,408 Brunswick Ave,Main,M5R,Single/Semi-detached House,11,University-Rosedale
3427201,STR-2304-HKZBHX,60 Colborne St,1107,M5E,Condominium,13,Toronto Centre
3427202,STR-2304-HTGBHY,12 York St,5104,M5J,Condominium,10,Spadina-Fort York
3427203,STR-2304-JBMBHZ,705 King St W,404,M5V,Condominium,10,Spadina-Fort York
3427204,STR-2304-FGWPHP,382 Spadina Rd,basement,M5P,Single/Semi-detached House,12,Toronto-St. Paul's
3427205,STR-2304-FQCPHQ,101 Peter St,3108,M5V,Condominium,10,Spadina-Fort York
3427206,STR-2304-JCCPHZ,30 Aurora Crt,405,M1W,Apartment,22,Scarborough-Agincourt
3427207,STR-2304-FHMBHP,14 Laxton Ave,1,M6K,Single/Semi-detached House,4,Parkdale-High Park
3427208,STR-2304-FXZBHR,197 Ontario St,,M5A,Single/Semi-detached House,13,Toronto Centre
3427209,STR-2304-GGGBHS,15 Iceboat Ter,3702,M5V,Condominium,10,Spadina-Fort York
3427210,STR-2304-HDZBHW,19 Markham St,1,M6J,Duplex/Triplex/Fourplex,10,Spadina-Fort York
3427211,STR-2304-HMGBHX,8 Charlotte St,1103,M5V,Condominium,10,Spadina-Fort York
3427212,STR-2304-GGWPHS,251 Grenview Blvd S,,M8Y,Single/Semi-detached House,3,Etobicoke-Lakeshore
3427213,STR-2304-GQCPHT,70 Sarah Ashbridge Ave,,M4L,Single/Semi-detached House,19,Beaches-East York
3427214,STR-2304-HMWPHX,232 Sterling Rd,,M6R,Single/Semi-detached House,9,Davenport
3427215,STR-2304-HWCPHY,300 Front St W,611,M5V,Condominium,10,Spadina-Fort York
3427216,STR-2304-FZGBHR,299 Arlington Ave,,M6C,Single/Semi-detached House,12,Toronto-St. Paul's
3427217,STR-2304-GQTBHT,495 Warden Ave,,M1L,Single/Semi-detached House,20,Scarborough Southwest
3427218,STR-2304-JDZBHZ,800 Lawrence Ave W,704,M6A,Condominium,8,Eglinton-Lawrence
3427219,STR-2304-FZWPHR,45 O'Hara Ave,BSMT,M6K,Single/Semi-detached House,4,Parkdale-High Park
3427220,STR-2304-GRJPHT,42 Russell St,,M5S,Single/Semi-detached House,11,University-Rosedale
3427221,STR-2304-HQCPHX,99 Alhart Dr,,M9V,Single/Semi-detached House,1,Etobicoke North
3427222,STR-2304-GJTBHS,43 Delaney Cres,,M6K,Single/Semi-detached House,9,Davenport
3427223,STR-2304-GZGBHV,443 Merton St,,M4S,Duplex/Triplex/Fourplex,15,Don Valley West
3427224,STR-2304-HQTBHX,199 Richmond St W,809,M5V,Condominium,10,Spadina-Fort York
3427225,STR-2304-HXZBHY,19 Grand Trunk Cres,505,M5J,Apartment,10,Spadina-Fort York
3427226,STR-2304-FTWPHQ,630 Evans Ave,8,M8W,Townhouse/ Row House,3,Etobicoke-Lakeshore
3427227,STR-2304-GCCPHR,511 Bellamy Rd N,,M1H,Single/Semi-detached House,24,Scarborough-Guildwood
3427228,STR-2304-GKJPHS,300 Front St W,3813,M5V,Condominium,10,Spadina-Fort York
3427229,STR-2304-GSQPHT,131 Frederick Tisdale Dr,,M3K,Townhouse/ Row House,6,York Centre
3427230,STR-2304-HJCPHW,118 William St,,M9N,Single/Semi-detached House,5,York South-Weston
3427231,STR-2304-HRJPHX,426 Montrose Ave,2,M6G,Duplex/Triplex/Fourplex,11,University-Rosedale
3427232,STR-2304-JGWPHZ,300 Front St W,907,M5V,Condominium,10,Spadina-Fort York
3427233,STR-2304-FMHHHQ,188 Cumberland St,1001,M5R,Condominium,11,University-Rosedale
3427234,STR-2304-FVPHHR,55 Bremner Blvd,1503,M5J,Condominium,10,Spadina-Fort York
3427235,STR-2304-GLBHHT,198 Robert Hicks Dr,BACKSIDE,M2R,Apartment,6,York Centre
3427236,STR-2304-FFRVHP,576 Balliol St,,M4S,Single/Semi-detached House,15,Don Valley West
3427237,STR-2304-FMXVHQ,202 Augusta Ave,3,M5T,Apartment,11,University-Rosedale
3427238,STR-2304-HCDVHW,6 Arkley Cres,,M9R,Single/Semi-detached House,2,Etobicoke Centre
3427239,STR-2304-HSRVHY,17 Princess St,,M5A,Townhouse/ Row House,10,Spadina-Fort York
3427240,STR-2304-FPPHHQ,457 Brock Ave,,M6H,Single/Semi-detached House,9,Davenport
3427241,STR-2304-GFBHHS,100 Wellesley St E,2807,M4Y,Condominium,13,Toronto Centre
3427242,STR-2304-HCVHHW,15 Atkins Ave,,M6K,Single/Semi-detached House,9,Davenport
3427243,STR-2304-FGXVHP,208 Queens Quay W,2403,M5J,Condominium,10,Spadina-Fort York
3427244,STR-2305-GFRVHS,1968B Bloor St W,3,M6P,Townhouse/ Row House,4,Parkdale-High Park
3427245,STR-2305-GMXVHT,23 Monkton Ave,,M8Z,Single/Semi-detached House,3,Etobicoke-Lakeshore
3427246,STR-2305-HLRVHX,300 Front St W,211,M5V,Condominium,10,Spadina-Fort York
3427247,STR-2305-HTXVHY,10 Rednor Rd,,M4C,Single/Semi-detached House,19,Beaches-East York
3427248,STR-2305-JCDVHZ,265 Manning Ave,,M6J,Single/Semi-detached House,11,University-Rosedale
3427249,STR-2305-FHPHHP,103 Gladstone Ave,1,M6J,Duplex/Triplex/Fourplex,9,Davenport
3427250,STR-2305-FYBHHR,300 Front St W,1104,M5V,Condominium,10,Spadina-Fort York
3427251,STR-2305-HFBHHW,18 Verne Cres,,M1B,Townhouse/ Row House,23,Scarborough North
3427252,STR-2305-HVPHHY,2 Fee Pl,,M5A,Single/Semi-detached House,13,Toronto Centre
3427253,STR-2305-FYRVHR,301 Grace St,,M6G,Single/Semi-detached House,11,University-Rosedale
3427254,STR-2305-GGXVHS,21 Parravano Crt,,M2R,Single/Semi-detached House,18,Willowdale
3427255,STR-2305-FSBHHQ,251 Jarvis St,1220,M5B,Condominium,13,Toronto Centre
3427256,STR-2305-GHPHHS,251 Jarvis St,2104,M5B,Condominium,13,Toronto Centre
3427257,STR-2305-FKKVHP,101 Peter St,811,M5V,Condominium,10,Spadina-Fort York
3427258,STR-2305-FSRVHQ,12 York St,1107,M5J,Condominium,10,Spadina-Fort York
3427259,STR-2305-FZXVHR,14 York St,3104,M5J,Condominium,10,Spadina-Fort York
3427260,STR-2305-GJDVHS,99 Reiner Rd,,M3H,Single/Semi-detached House,6,York Centre
3427261,STR-2305-JFRVHZ,231 Fort York Blvd,215,M5V,Condominium,10,Spadina-Fort York
3427262,STR-2305-GSBHHT,209 Fort York Blvd,869,M5V,Condominium,10,Spadina-Fort York
3427263,STR-2305-GZHHHV,251 Jarvis St,1218,M5B,Condominium,13,Toronto Centre
3427264,STR-2305-FLRVHP,173 Belsize Dr,,M4S,Single/Semi-detached House,12,Toronto-St. Paul's
3427265,STR-2305-FTXVHQ,1953 Dufferin St,,M6E,Single/Semi-detached House,9,Davenport
3427266,STR-2305-GKKVHS,955 Bay St,426,M5S,Condominium,13,Toronto Centre
3427267,STR-2305-HJDVHW,29 Beverley St,,M5T,Single/Semi-detached House,10,Spadina-Fort York
3427268,STR-2305-HRKVHX,10 Capreol Crt,745,M5V,Condominium,10,Spadina-Fort York
3427269,STR-2305-FMJPHQ,401 Delaware Ave,Main,M6H,Single/Semi-detached House,9,Davenport
3427270,STR-2305-GYCPHV,20 Tollington Rd,,M9R,Single/Semi-detached House,2,Etobicoke Centre
3427271,STR-2305-HBQPHW,9 Canerouth Dr,,M9C,Apartment,2,Etobicoke Centre
3427272,STR-2305-HSCPHY,30 Minto St,,M4L,Single/Semi-detached House,14,Toronto-Danforth
3427273,STR-2305-FMZBHQ,29 Esther Lorrie Dr,Basement,M9W,Single/Semi-detached House,1,Etobicoke North
3427274,STR-2305-FWGBHR,29 Alton Ave,,M4L,Single/Semi-detached House,14,Toronto-Danforth
3427275,STR-2305-GDMBHS,33 Donald Ave,,M6M,Single/Semi-detached House,5,York South-Weston
3427276,STR-2305-GLTBHT,518 Dufferin St,1,M6K,Single/Semi-detached House,9,Davenport
3427277,STR-2305-GSVKVV,2 Bleecker St,,M4X,Townhouse/ Row House,13,Toronto Centre
3427278,STR-2305-HSTBHY,327 Coronation Dr,,M1E,Single/Semi-detached House,25,Scarborough-Rouge Park
3427279,STR-2305-FPQPHQ,80 Western Battery Rd,603,M6K,Condominium,10,Spadina-Fort York
3427280,STR-2305-FWWPHR,3 Cosburn Ave,303,M4K,Duplex/Triplex/Fourplex,14,Toronto-Danforth
3427281,STR-2305-HCWPHW,183 Oak Park Ave,,M4C,Single/Semi-detached House,19,Beaches-East York
3427282,STR-2305-GMZBHT,30 Gemshaw Cres,,M1B,Single/Semi-detached House,25,Scarborough-Rouge Park
3427283,STR-2305-HDMBHW,1194 Dufferin St,2,M6H,Single/Semi-detached House,9,Davenport
3427284,STR-2305-FQWPHQ,328 Brock Ave,Upper,M6K,Single/Semi-detached House,9,Davenport
3427285,STR-2305-HFCPHW,63 Berkeley St,,M5A,Townhouse/ Row House,13,Toronto Centre
3427286,STR-2305-HMJPHX,67 Clubhouse Crt,,M3L,Single/Semi-detached House,7,Humber River-Black Creek
3427287,STR-2305-HVQPHY,494 Clinton St,B,M6G,Single/Semi-detached House,11,University-Rosedale
3427288,STR-2305-FJGBHP,105 Dowswell Dr,,M1B,Single/Semi-detached House,23,Scarborough North
3427289,STR-2305-FYTBHR,117 Howard Park Ave,Upper,M6R,Duplex/Triplex/Fourplex,4,Parkdale-High Park
3427290,STR-2305-HFTBHW,9 Rory Rd,,M6L,Single/Semi-detached House,5,York South-Weston
3427291,STR-2305-FSCPHQ,209 Fort York Blvd,564,M5V,Condominium,10,Spadina-Fort York
3427292,STR-2305-FZJPHR,2412 Danforth Ave,4,M4C,Apartment,19,Beaches-East York
3427293,STR-2305-GHQPHS,25 Madison Ave,E,M5R,Apartment,11,University-Rosedale
3427294,STR-2305-HWWPHY,11094 Sheppard Ave E,,M1B,Single/Semi-detached House,25,Scarborough-Rouge Park
3427295,STR-2305-JFCPHZ,524 Dufferin St,1,M6K,Single/Semi-detached House,9,Davenport
3427296,STR-2305-FKMBHP,55 Shirley St,,M6K,Townhouse/ Row House,9,Davenport
3427297,STR-2305-GJGBHS,5 St Joseph St,2309,M4Y,Condominium,13,Toronto Centre
3427298,STR-2305-HQGBHX,300 Front St W,1609,M5V,Condominium,10,Spadina-Fort York
3427299,STR-2305-FLCPHP,2212 Lake Shore Blvd W,1109,M8V,Condominium,3,Etobicoke-Lakeshore
3427300,STR-2305-GBQPHR,4 Bathgate Dr,,M1C,Single/Semi-detached House,25,Scarborough-Rouge Park
3427301,STR-2305-GSCPHT,97 Oakcrest Ave,,M4C,Single/Semi-detached House,19,Beaches-East York
3427302,STR-2305-GZJPHV,21 Iceboat Ter,1712,M5V,Condominium,10,Spadina-Fort York
3427303,STR-2305-JGJPHZ,884 College St,Second Floor,M6H,Duplex/Triplex/Fourplex,9,Davenport
3427304,STR-2305-FLTBHP,41 Dunkirk Rd,,M4C,Single/Semi-detached House,19,Beaches-East York
3427305,STR-2305-GCGBHR,12 York St,4801,M5J,Condominium,10,Spadina-Fort York
3427306,STR-2305-GKMBHS,188 Cumberland St,1908,M5R,Condominium,11,University-Rosedale
3427307,STR-2305-GSTBHT,107 Riverdale Ave,,M4K,Single/Semi-detached House,14,Toronto-Danforth
3427308,STR-2305-HBBKVW,12 York St,3709,M5J,Condominium,10,Spadina-Fort York
3427309,STR-2305-HJHKVX,25 Rankin Cres,,M6P,Townhouse/ Row House,9,Davenport
3427310,STR-2305-HYVKVZ,300 Front St W,2906,M5V,Condominium,10,Spadina-Fort York
3427311,STR-2305-FMKXVQ,832 Bay St,3408,M5S,Condominium,11,University-Rosedale
3427312,STR-2305-GCXXVS,107 Searle Ave,,M3H,Single/Semi-detached House,6,York Centre
3427313,STR-2305-GLDXVT,251 Jarvis St,725,M5B,Condominium,13,Toronto Centre
3427314,STR-2305-GTKXVV,72 Dewson St,1,M6H,Duplex/Triplex/Fourplex,9,Davenport
3427315,STR-2305-HZKXVZ,29 Alma Ave,Laneway,M6J,Single/Semi-detached House,9,Davenport
3427316,STR-2305-FFVKVP,20 John St,224,M5V,Condominium,10,Spadina-Fort York
3427317,STR-2305-FPBKVQ,12 York St,501,M5J,Condominium,10,Spadina-Fort York
3427318,STR-2305-GVBKVV,132 Queensdale Ave,,M4J,Single/Semi-detached House,14,Toronto-Danforth
3427319,STR-2305-HCHKVW,55 Bremner Blvd,1504,M5J,Condominium,10,Spadina-Fort York
3427320,STR-2305-JBBKVZ,33 Sackville St,2,M5A,Townhouse/ Row House,13,Toronto Centre
3427321,STR-2305-FGKXVP,20 Teesdale Pl,201,M1L,Apartment,20,Scarborough Southwest
3427322,STR-2305-FPRXVQ,72 Piperbrook Cres,,M1E,Single/Semi-detached House,25,Scarborough-Rouge Park
3427323,STR-2305-FWXXVR,22 Gough Ave,,M4K,Single/Semi-detached House,14,Toronto-Danforth
3427324,STR-2305-GFDXVS,77 St Georges Blvd,,M9R,Single/Semi-detached House,1,Etobicoke North
3427325,STR-2305-GMKXVT,27 Overbank Cres,,M3A,Single/Semi-detached House,16,Don Valley East
3427326,STR-2305-FQHKVQ,141 Connaught Ave,,M2M,Single/Semi-detached House,18,Willowdale
3427327,STR-2305-GPBKVT,8 Charlotte St,608,M5V,Condominium,10,Spadina-Fort York
3427328,STR-2305-GWHKVV,44 Donofree Rd,Basement,M6L,Single/Semi-detached House,5,York South-Weston
3427329,STR-2305-HDPKVW,42 Pearson Ave,,M6R,Single/Semi-detached House,4,Parkdale-High Park
3427330,STR-2305-HVRXVY,35 Herbert Ave,,M4L,Single/Semi-detached House,19,Beaches-East York
3427331,STR-2305-FJHKVP,1153A Glencairn Ave,,M6B,Single/Semi-detached House,8,Eglinton-Lawrence
3427332,STR-2305-FRPKVQ,237 Holborne Ave,,M4C,Single/Semi-detached House,19,Beaches-East York
3427333,STR-2305-GXPKVV,22 Tambrook Dr,Basement,M1W,Single/Semi-detached House,22,Scarborough-Agincourt
3427334,STR-2305-FSDXVQ,832 Bay St,1809,M5S,Condominium,11,University-Rosedale
3427335,STR-2305-GHRXVS,29 Notley Pl,,M4B,Single/Semi-detached House,19,Beaches-East York
3427336,STR-2305-GQXXVT,64 Gillespie Ave,,M6N,Single/Semi-detached House,9,Davenport
3427337,STR-2305-GYDXVV,92 Jay St,,M6L,Single/Semi-detached House,5,York South-Weston
3427338,STR-2305-HPRXVX,339 Byng Ave,,M2N,Single/Semi-detached House,18,Willowdale
3427339,STR-2305-FKPKVP,225 Lisgar St,1,M6J,Single/Semi-detached House,9,Davenport
3427340,STR-2305-FSVKVQ,28 O'Leary Ave,,M6E,Single/Semi-detached House,9,Davenport
3427341,STR-2305-GBBKVR,14 York St,301,M5J,Condominium,10,Spadina-Fort York
3427342,STR-2305-GYVKVV,65 Bremner Blvd,2506,M5J,Condominium,10,Spadina-Fort York
3427343,STR-2305-HHBKVW,415 Markham St,,M6G,Single/Semi-detached House,11,University-Rosedale
3427344,STR-2305-HQHKVX,847 College St,2,M6H,Apartment,9,Davenport
3427345,STR-2305-HXPKVY,1066 Lillian St,,M2M,Single/Semi-detached House,18,Willowdale
3427346,STR-2305-GJXXVS,53 Hertle Ave,,M4L,Single/Semi-detached House,14,Toronto-Danforth
3427347,STR-2305-HQXXVX,7 Isleworth Ave,,M4E,Single/Semi-detached House,19,Beaches-East York
3427348,STR-2305-FDQRVP,47 Vermont Ave,,M6G,Single/Semi-detached House,11,University-Rosedale
3427349,STR-2305-FLWRVQ,42C Yarmouth Rd,,M6G,Single/Semi-detached House,11,University-Rosedale
3427350,STR-2305-GCJRVS,222 Hillsdale Ave E,,M4S,Single/Semi-detached House,12,Toronto-St. Paul's
3427351,STR-2305-GSWRVV,33 Singer Crt,1008,M2K,Condominium,17,Don Valley North
3427352,STR-2305-FVTDVR,123 Belgravia Ave,,M6E,Single/Semi-detached House,8,Eglinton-Lawrence
3427353,STR-2305-HJZDVX,72 Elmer Ave,,M4L,Single/Semi-detached House,19,Beaches-East York
3427354,STR-2305-HZMDVZ,98 Topcliff Ave,,M3N,Single/Semi-detached House,7,Humber River-Black Creek
3427355,STR-2305-FWJRVR,48 Gwynne Ave,1,M6K,Single/Semi-detached House,4,Parkdale-High Park
3427356,STR-2305-GDQRVS,155 Yorkville Ave,802,M5R,Condominium,11,University-Rosedale
3427357,STR-2305-HCJRVW,14 York St,4911,M5J,Condominium,10,Spadina-Fort York
3427358,STR-2305-HSWRVY,2 Russett Ave,2,M6H,Duplex/Triplex/Fourplex,9,Davenport
3427359,STR-2305-JBCRVZ,33 Dundonald St,1,M4Y,Townhouse/ Row House,13,Toronto Centre
3427360,STR-2305-FGMDVP,300 Front St W,2710,M5V,Condominium,10,Spadina-Fort York
3427361,STR-2305-FPTDVQ,300 Front St W,1606,M5V,Condominium,10,Spadina-Fort York
3427362,STR-2305-GFGDVS,18 Yonge St,606,M5E,Condominium,10,Spadina-Fort York
3427363,STR-2305-GVTDVV,42 Saulter St,B,M4M,Duplex/Triplex/Fourplex,14,Toronto-Danforth
3427364,STR-2305-HCZDVW,36 Via Bagnato,840,M6A,Condominium,8,Eglinton-Lawrence
3427365,STR-2305-HLGDVX,101 Peter St,1007,M5V,Condominium,10,Spadina-Fort York
3427366,STR-2305-FHCRVP,90 Wye Valley Rd,,M1P,Single/Semi-detached House,21,Scarborough Centre
3427367,STR-2305-FXQRVR,50 Sherwood Ave,,M4P,Single/Semi-detached House,15,Don Valley West
3427368,STR-2305-GWJRVV,85 Scarboro Beach Blvd,,M4E,Single/Semi-detached House,19,Beaches-East York
3427369,STR-2305-FQZDVQ,176 Wiltshire Ave,,M6N,Townhouse/ Row House,9,Davenport
3427370,STR-2305-GWZDVV,15 Vicora Linkway,904,M3C,Condominium,16,Don Valley East
3427371,STR-2305-HVTDVY,101 Peter St,812,M5V,Condominium,10,Spadina-Fort York
3427372,STR-2305-GHCRVS,1 Gwynne Ave,,M6K,Single/Semi-detached House,4,Parkdale-High Park
3427373,STR-2305-HWJRVY,565 Conacher Dr,,M2M,Single/Semi-detached House,18,Willowdale
3427374,STR-2305-FJZDVP,98 Lloyd Manor Rd,,M9B,Single/Semi-detached House,2,Etobicoke Centre
3427375,STR-2305-FZMDVR,832 Bay St,4504,M5S,Condominium,11,University-Rosedale
3427376,STR-2305-GHTDVS,26 Dentonia Park Ave,,M4C,Single/Semi-detached House,19,Beaches-East York
3427377,STR-2305-GQZDVT,118 Fulton Ave,,M4K,Single/Semi-detached House,14,Toronto-Danforth
3427378,STR-2305-GYGDVV,55 Charles St W,2601,M5S,Apartment,11,University-Rosedale
3427379,STR-2305-HGMDVW,560 Front St W,718,M5V,Condominium,10,Spadina-Fort York
3427380,STR-2305-HPTDVX,57 Rosethorn Ave,,M6N,Single/Semi-detached House,9,Davenport
3427381,STR-2305-HWZDVY,456 Crawford St,1,M6G,Single/Semi-detached House,11,University-Rosedale
3427382,STR-2305-FKQRVP,270 Wellington St W,1011,M5V,Condominium,10,Spadina-Fort York
3427383,STR-2305-GYWRVV,93 Rameau Dr,3,M2H,Townhouse/ Row House,17,Don Valley North
3427384,STR-2305-GZMDVV,31 Heyworth Cres,,M4E,Single/Semi-detached House,19,Beaches-East York
3427385,STR-2305-HYGDVY,345 Clinton St,1,M6G,Single/Semi-detached House,11,University-Rosedale
3427386,STR-2305-JGMDVZ,21 Iceboat Ter,1215,M5V,Condominium,10,Spadina-Fort York
3427387,STR-2305-FDRXVP,151 Dan Leckie Way,209,M5V,Condominium,10,Spadina-Fort York
3427388,STR-2305-FLXXVQ,962 Logan Ave,,M4K,Single/Semi-detached House,14,Toronto-Danforth
3427389,STR-2305-GKRXVT,251 Jarvis St,1712,M5B,Condominium,13,Toronto Centre
3427390,STR-2210-FJQDVB,32 Alma Ave,2,M6J,Single/Semi-detached House,9,Davenport
3427391,STR-2210-HGCDVJ,50 East Liberty St,1136,M6K,Condominium,10,Spadina-Fort York
3427392,STR-2210-HPJDVK,201 Pickering St,,M4E,Single/Semi-detached House,19,Beaches-East York
3427393,STR-2210-JDWDVM,260 Seneca Hill Dr,1615,M2J,Condominium,17,Don Valley North
3427394,STR-2210-FSLRVC,12 York St,3711,M5J,Condominium,10,Spadina-Fort York
3427395,STR-2210-GRFRVG,18 Fourth St,,M8V,Single/Semi-detached House,3,Etobicoke-Lakeshore
3427396,STR-2210-GYLRVH,52 Orchard Park Blvd,,M4L,Townhouse/ Row House,19,Beaches-East York
3427397,STR-2210-HGSRVJ,840 Queen's Plate Dr,1511,M9W,Condominium,1,Etobicoke North
3427398,STR-2210-HPYRVK,4 Thyme Crt,,M9V,Single/Semi-detached House,1,Etobicoke North
3427399,STR-2210-FKWDVB,42 Sparrow Ave,,M6A,Single/Semi-detached House,8,Eglinton-Lawrence
3427400,STR-2210-FLLRVB,35 Mariner Ter,809,M5V,Condominium,10,Spadina-Fort York
3427401,STR-2210-GKFRVF,69 Blackthorn Ave,,M6N,Single/Semi-detached House,9,Davenport
3427402,STR-2210-HHYRVJ,98 Lillian St,1619,M4S,Condominium,12,Toronto-St. Paul's
3427403,STR-2210-GTDKVH,219 Fort York Blvd,1807,M5V,Condominium,10,Spadina-Fort York
3427404,STR-2210-HRXKVL,38 Grenville St,4406,M4Y,Condominium,13,Toronto Centre
3427405,STR-2210-FVZXVD,343 Clinton St,,M6G,Single/Semi-detached House,11,University-Rosedale
3427406,STR-2210-GDGXVF,494 Jones Ave,,M4J,Single/Semi-detached House,14,Toronto-Danforth
3427407,STR-2210-GLMXVG,125 Bartlett Ave,2,M6H,Duplex/Triplex/Fourplex,9,Davenport
3427408,STR-2210-HSMXVL,185 Legion Rd N,2015,M8Y,Condominium,3,Etobicoke-Lakeshore
3427409,STR-2210-GMDKVG,278 Renforth Dr,,M9C,Single/Semi-detached House,2,Etobicoke Centre
3427410,STR-2210-HKXKVK,3 Moncrieff Dr,,M9W,Single/Semi-detached House,1,Etobicoke North
3427411,STR-2210-GGDKVF,21 Iceboat Ter,1915,M5V,Condominium,10,Spadina-Fort York
3427412,STR-2210-HDXKVJ,97 Claremont St,,M6J,Single/Semi-detached House,10,Spadina-Fort York
3427413,STR-2210-FRGXVC,139 Glenholme Ave,,M6E,Single/Semi-detached House,9,Davenport
3427414,STR-2210-GPZXVG,202 Augusta Ave,2,M5T,Apartment,11,University-Rosedale
3427415,STR-2210-JDGXVM,99 Hayden St,902,M4Y,Condominium,11,University-Rosedale
3427416,STR-2210-FZDKVD,151 Dan Leckie Way,646,M5V,Condominium,10,Spadina-Fort York
3427417,STR-2210-HPKKVK,35 St Clair Gdns,Second Floor Unit,M6E,Single/Semi-detached House,9,Davenport
3427418,STR-2210-FZTXVD,101 Peter St,1101,M5V,Condominium,10,Spadina-Fort York
3427419,STR-2210-GHZXVF,173 Humewood Dr,,M6C,Single/Semi-detached House,12,Toronto-St. Paul's
3427420,STR-2210-GRGXVG,98 Fenelon Dr,,M3A,Single/Semi-detached House,16,Don Valley East
3427421,STR-2210-GYMXVH,165A Beta St,,M8W,Single/Semi-detached House,3,Etobicoke-Lakeshore
3427422,STR-2210-FKXKVB,114 Greenlaw Ave,,M6H,Single/Semi-detached House,9,Davenport
3427423,STR-2210-FTDKVC,10 Capreol Crt,502,M5V,Condominium,10,Spadina-Fort York
3427424,STR-2210-HHKKVJ,90 Niagara St,313,M5V,Condominium,10,Spadina-Fort York
3427425,STR-2210-FLMXVB,28 Linden St,207,M4Y,Condominium,13,Toronto Centre
3427426,STR-2210-FTTXVC,80 Western Battery Rd,2210,M6K,Condominium,10,Spadina-Fort York
3427427,STR-2210-GSMXVG,350 Harbord St,,M6G,Apartment,11,University-Rosedale
3427428,STR-2210-HRGXVK,22 Sarnia Ave,,M6P,Single/Semi-detached House,9,Davenport
3427429,STR-2210-FWCDVD,42 Camden St,405,M5V,Condominium,10,Spadina-Fort York
3427430,STR-2210-FWSRVD,62 Brunswick Ave,1,M5S,Duplex/Triplex/Fourplex,11,University-Rosedale
3427431,STR-2210-GDYRVF,570 Bay St,1009,M5G,Condominium,10,Spadina-Fort York
3427432,STR-2210-HKYRVK,65 Bremner Blvd,1404,M5J,Condominium,10,Spadina-Fort York
3427433,STR-2210-FXJDVD,155 Legion Rd N,1003,M8Y,Condominium,3,Etobicoke-Lakeshore
3427434,STR-2210-GMWDVG,91 Alton Ave,,M4L,Single/Semi-detached House,14,Toronto-Danforth
3427435,STR-2210-JCCDVM,910 St Clarens Ave,Main,M6H,Duplex/Triplex/Fourplex,9,Davenport
3427436,STR-2210-FHLRVB,264 Howland Ave,,M5R,Single/Semi-detached House,11,University-Rosedale
3427437,STR-2210-GPLRVG,9 Silverview Dr,Upper,M2M,Single/Semi-detached House,18,Willowdale
3427438,STR-2210-HDYRVJ,616 Indian Rd,,M6P,Single/Semi-detached House,4,Parkdale-High Park
3427439,STR-2210-HMFRVK,7 Yvonne Ave,,M3L,Single/Semi-detached House,7,Humber River-Black Creek
3427440,STR-2210-GXJDVH,1576 Queen St W,2,M6R,Apartment,4,Parkdale-High Park
3427441,STR-2210-HFQDVJ,142 Eaton Ave,,M4J,Single/Semi-detached House,14,Toronto-Danforth
3427442,STR-2210-HMWDVK,8 Charlotte St,416,M5V,Condominium,10,Spadina-Fort York
3427443,STR-2210-JDJDVM,200 Dufferin St,19,M6K,Apartment,4,Parkdale-High Park
3427444,STR-2210-FZFRVD,44 Springhurst Ave,3,M6K,Single/Semi-detached House,4,Parkdale-High Park
3427445,STR-2210-GXYRVH,21 Iceboat Ter,2702,M5V,Condominium,10,Spadina-Fort York
3427446,STR-2210-HGFRVJ,3 Rockwell Ave,,M6N,Single/Semi-detached House,9,Davenport
3427447,STR-2210-GJCDVF,138 St Helen's Ave,511,M6H,Condominium,9,Davenport
3427448,STR-2210-GYQDVH,65 Bremner Blvd,3906,M5J,Condominium,10,Spadina-Fort York
3427449,STR-2210-HGWDVJ,51 Greenlaw Ave,,M6H,Single/Semi-detached House,9,Davenport
3427450,STR-2210-HXJDVL,16 Sultana Ave,,M6A,Single/Semi-detached House,8,Eglinton-Lawrence
3427451,STR-2210-JFQDVM,60 Shuter St,2711,M5B,Condominium,13,Toronto Centre
3427452,STR-2210-GBLRVD,110 Kimbark Blvd,,M5N,Single/Semi-detached House,8,Eglinton-Lawrence
3427453,STR-2210-GCCDVD,710 Humberwood Blvd,8,M9W,Condominium,1,Etobicoke North
3427454,STR-2210-HRJDVK,215 Fort York Blvd,2506,M5V,Condominium,10,Spadina-Fort York
3427455,STR-2210-HYQDVL,10 Capreol Crt,306,M5V,Condominium,10,Spadina-Fort York
3427456,STR-2210-JGWDVM,155 Yorkville Ave,3013,M5R,Condominium,11,University-Rosedale
3427457,STR-2210-GKZXVG,263 Pape Ave,5,M4M,Duplex/Triplex/Fourplex,14,Toronto-Danforth
3427458,STR-2210-HRZXVL,300 Front St W,4502,M5V,Condominium,10,Spadina-Fort York
3427459,STR-2210-HKKKVK,116 Seaton St,1,M5A,Duplex/Triplex/Fourplex,13,Toronto Centre
3427460,STR-2210-GMGXVG,118 Brookside Ave,,M6S,Single/Semi-detached House,4,Parkdale-High Park
3427461,STR-2210-HCTXVJ,20 John St,724,M5V,Condominium,10,Spadina-Fort York
3427462,STR-2210-FGXKVB,123 Overture Rd,,M1E,Single/Semi-detached House,24,Scarborough-Guildwood
3427463,STR-2210-FQDKVC,359 Sackville St,,M5A,Single/Semi-detached House,13,Toronto Centre
3427464,STR-2210-GWDKVH,30 Nelson St,1003,M5V,Condominium,10,Spadina-Fort York
3427465,STR-2210-HTXKVL,477 Richmond St W,507,M5V,Condominium,10,Spadina-Fort York
3427466,STR-2210-JCDKVM,263B Gamble Ave,,M4J,Single/Semi-detached House,14,Toronto-Danforth
3427467,STR-2210-FHMXVB,711 Crawford St,2nd Floor,M6G,Duplex/Triplex/Fourplex,11,University-Rosedale
3427468,STR-2210-GGGXVF,58 Langside Ave,Basement,M9N,Single/Semi-detached House,5,York South-Weston
3427469,STR-2210-GPMXVG,23 Legume Rd,,M9M,Single/Semi-detached House,7,Humber River-Black Creek
3427470,STR-2210-GWTXVH,73 Acton Ave,,M3H,Single/Semi-detached House,6,York Centre
3427471,STR-2210-HMXKVK,630 Rogers Rd,18,M6M,Townhouse/ Row House,5,York South-Weston
3427472,STR-2210-GQTXVG,197 Markland Dr,,M9C,Single/Semi-detached House,2,Etobicoke Centre
3427473,STR-2210-GXZXVH,300 Front St W,1713,M5V,Condominium,10,Spadina-Fort York
3427474,STR-2210-JDZXVM,147 Porchester Dr,,M1J,Single/Semi-detached House,24,Scarborough-Guildwood
3427475,STR-2210-FKKKVB,424 Christie St,,M6G,Single/Semi-detached House,12,Toronto-St. Paul's
3427476,STR-2210-GJDKVF,35 Simpson Ave,,M4K,Single/Semi-detached House,14,Toronto-Danforth
3427477,STR-2210-GRKKVG,300 Front St W,905,M5V,Condominium,10,Spadina-Fort York
3427478,STR-2210-HXKKVL,77 Spencer Ave,209,M6K,Apartment,4,Parkdale-High Park
3427479,STR-2210-GBMXVD,29 Clissold Rd,,M8Z,Single/Semi-detached House,3,Etobicoke-Lakeshore
3427480,STR-2210-GJTXVF,58 Hertle Ave,,M4L,Single/Semi-detached House,14,Toronto-Danforth
3427481,STR-2210-HQTXVK,89 Kingsdale Ave,,M2N,Single/Semi-detached House,18,Willowdale
3427482,STR-2210-FLRKVB,30 Fieldway Rd,73,M8Z,Condominium,3,Etobicoke-Lakeshore
3427483,STR-2210-HJDKVJ,488 Ontario St,,M4X,Townhouse/ Row House,13,Toronto Centre
3427484,STR-2210-HJWDVK,48 Talent Cres,,M9M,Single/Semi-detached House,7,Humber River-Black Creek
3427485,STR-2210-FFSRVB,67 Ruthmar Cres,,M3N,Single/Semi-detached House,7,Humber River-Black Creek
3427486,STR-2210-HZYRVM,771 Manning Ave,,M6G,Single/Semi-detached House,11,University-Rosedale
3427487,STR-2404-FSJDVQ,155 Yorkville Ave,1618,M5R,Condominium,11,University-Rosedale
3427488,STR-2404-GHWDVS,112 Springhurst Ave,2B,M6K,Duplex/Triplex/Fourplex,4,Parkdale-High Park
3427489,STR-2404-GRCDVT,270 Dufferin St,902,M6K,Condominium,4,Parkdale-High Park
3427490,STR-2404-GYJDVV,265 Glenholme Ave,,M6E,Single/Semi-detached House,9,Davenport
3427491,STR-2404-HPWDVX,65 Arcadian Crcl,10,M8W,Apartment,3,Etobicoke-Lakeshore
3427492,STR-2404-HXCDVY,251 Jarvis St,1425,M5B,Condominium,13,Toronto Centre
3427493,STR-2404-JFJDVZ,40 Nanton Ave,Upper,M4W,Single/Semi-detached House,11,University-Rosedale
3427494,STR-2404-FKSRVP,666 Ontario St,115,M4X,Apartment,13,Toronto Centre
3427495,STR-2404-FSYRVQ,872 Bloor St W,A,M6G,Apartment,11,University-Rosedale
3427496,STR-2404-GRSRVT,200 McKee Ave,,M2N,Single/Semi-detached House,18,Willowdale
3427497,STR-2404-GYYRVV,310 Windermere Ave,,M6S,Single/Semi-detached House,4,Parkdale-High Park
3427498,STR-2404-HQLRVX,151 Dan Leckie Way,1611,M5V,Condominium,10,Spadina-Fort York
3427499,STR-2404-HXSRVY,30 Grand Trunk Cres,3505,M5J,Condominium,10,Spadina-Fort York
3427500,STR-2108-HWPPHL,12 York St,4505,M5J,Condominium,10,Spadina-Fort York
3427501,STR-2404-FLJDVP,101 Peter St,3301,M5V,Condominium,10,Spadina-Fort York
3427502,STR-2404-GBWDVR,33 Rockvale Ave,,M6E,Single/Semi-detached House,12,Toronto-St. Paul's
3427503,STR-2404-GSJDVT,5 Norwich Pl,,M9V,Single/Semi-detached House,1,Etobicoke North
3427504,STR-2404-GZQDVV,30 Nelson St,2504,M5V,Condominium,10,Spadina-Fort York
3427505,STR-2404-HHWDVW,7 Stayner Ave,,M6B,Single/Semi-detached House,8,Eglinton-Lawrence
3427506,STR-2405-HRCDVX,23 Hollywood Ave,3702,M2N,Condominium,18,Willowdale
3427507,STR-2405-JGQDVZ,155 Yorkville Ave,1107,M5R,Condominium,11,University-Rosedale
3427508,STR-2405-FLZXVQ,155 Church St,203,M5B,Apartment,13,Toronto Centre
3427509,STR-2405-FVGXVR,14 York St,906,M5J,Apartment,10,Spadina-Fort York
3427510,STR-2405-GKTXVT,270 Dufferin St,1106,M6K,Condominium,4,Parkdale-High Park
3427511,STR-2405-GSZXVV,120 Homewood Ave,2905,M4Y,Condominium,13,Toronto Centre
3427512,STR-2405-HBGXVW,300 Front St W,1005,M5V,Condominium,10,Spadina-Fort York
3427513,STR-2405-HRTXVY,120 Homewood Ave,2403,M4Y,Condominium,13,Toronto Centre
3427514,STR-2405-FFKKVP,101 Peter St,2010,M5V,Condominium,10,Spadina-Fort York
3427515,STR-2405-FMRKVQ,21 Iceboat Ter,2101,M5V,Condominium,10,Spadina-Fort York
3427516,STR-2405-GDDKVS,219 Fort York Blvd,6,M5V,Condominium,10,Spadina-Fort York
3427517,STR-2405-GLKKVT,222 Elm St,1006,M5T,Apartment,11,University-Rosedale
3427518,STR-2405-GTRKVV,222 Elm St,702,M5T,Apartment,11,University-Rosedale
3427519,STR-2405-FPGXVQ,209 Fort York Blvd,1255,M5V,Condominium,10,Spadina-Fort York
3427520,STR-2405-FWMXVR,151 Poyntz Ave,,M2N,Single/Semi-detached House,18,Willowdale
3427521,STR-2405-GLZXVT,155 Yorkville Ave,2012,M5R,Condominium,11,University-Rosedale
3427522,STR-2405-GVGXVV,73 Castlefield Ave,,M4R,Single/Semi-detached House,8,Eglinton-Lawrence
3427523,STR-2405-HKTXVX,66 Pape Ave,,M4M,Single/Semi-detached House,14,Toronto-Danforth
3427524,STR-2405-HSZXVY,33 Dundonald St,4,M4Y,Townhouse/ Row House,13,Toronto Centre
3427525,STR-2405-JBGXVZ,159 Harewood Ave,159,M1M,Single/Semi-detached House,20,Scarborough Southwest
3427526,STR-2405-FGRKVP,909 Bay St,808,M5S,Condominium,13,Toronto Centre
3427527,STR-2405-GFKKVS,38 Grenville St,3603,M4Y,Apartment,13,Toronto Centre
3427528,STR-2405-GMRKVT,20 Joe Shuster Way,507,M6K,Condominium,10,Spadina-Fort York
3427529,STR-2405-GVXKVV,21 Iceboat Ter,1806,M5V,Apartment,10,Spadina-Fort York
3427530,STR-2405-HDDKVW,14 York St,1404,M5J,Condominium,10,Spadina-Fort York
3427531,STR-2405-HLKKVX,22 Kappele Ave,,M4N,Single/Semi-detached House,15,Don Valley West
3427532,STR-2405-HTRKVY,955 Bay St,2018,M5S,Condominium,13,Toronto Centre
3427533,STR-2405-JBXKVZ,79 Cameron Ave,,M2N,Single/Semi-detached House,18,Willowdale
3427534,STR-2405-FQMXVQ,131 Coleridge Ave,,M4C,Single/Semi-detached House,19,Beaches-East York
3427535,STR-2405-FXTXVR,21 Iceboat Ter,3015,M5V,Condominium,10,Spadina-Fort York
3427536,STR-2405-GFZXVS,21 Cameron Glen Blvd,,M1C,Single/Semi-detached House,25,Scarborough-Rouge Park
3427537,STR-2405-GPGXVT,38 Grenville St,4306,M4Y,Condominium,13,Toronto Centre
3427538,STR-2405-GWMXVV,35 Margueretta St,,M6K,Single/Semi-detached House,9,Davenport
3427539,STR-2405-HDTXVW,73 Richmond St W,PH4,M5H,Apartment,10,Spadina-Fort York
3427540,STR-2405-HVGXVY,36 Charlotte St,606,M5V,Condominium,10,Spadina-Fort York
3427541,STR-2405-JCMXVZ,201 Emerson Ave,,M6H,Single/Semi-detached House,9,Davenport
3427542,STR-2405-FRDKVQ,300 Front St W,709,M5V,Condominium,10,Spadina-Fort York
3427543,STR-2405-FYKKVR,382 Burnhamthorpe Rd,,M9B,Single/Semi-detached House,2,Etobicoke Centre
3427544,STR-2405-GGRKVS,49 Lonborough Ave,B,M6M,Single/Semi-detached House,5,York South-Weston
3427545,STR-2405-GXDKVV,51 East Liberty St,301,M6K,Condominium,10,Spadina-Fort York
3427546,STR-2405-HFKKVW,915 King St W,309,M6K,Condominium,10,Spadina-Fort York
3427547,STR-2405-HMRKVX,18 Garnet Ave,A,M6G,Duplex/Triplex/Fourplex,11,University-Rosedale
3427548,STR-2405-HVXKVY,696 Indian Rd,,M6P,Single/Semi-detached House,4,Parkdale-High Park
3427549,STR-2405-JDDKVZ,512 Bathurst St,2,M5S,Duplex/Triplex/Fourplex,11,University-Rosedale
3427550,STR-2405-FJMXVP,300 Front St W,2008,M5V,Condominium,10,Spadina-Fort York
3427551,STR-2405-FRTXVQ,12 York St,2010,M5J,Condominium,10,Spadina-Fort York
3427552,STR-2405-FYZXVR,35 Mariner Ter,1009,M5V,Apartment,10,Spadina-Fort York
3427553,STR-2405-GHGXVS,46 East Liberty St,503,M6K,Townhouse/ Row House,10,Spadina-Fort York
3427554,STR-2405-GQMXVT,15 Iceboat Ter,3303,M5V,Condominium,10,Spadina-Fort York
3427555,STR-2405-GXTXVV,18 Maitland Ter,1806,M4Y,Condominium,13,Toronto Centre
3427556,STR-2405-HFZXVW,110 Foch Ave,,M8W,Single/Semi-detached House,3,Etobicoke-Lakeshore
3427557,STR-2405-HWMXVY,402 McRoberts Ave,,M6E,Single/Semi-detached House,9,Davenport
3427558,STR-2405-FKDKVP,100 Harrison Garden Blvd,218,M2N,Condominium,18,Willowdale
3427559,STR-2405-FSKKVQ,155 Dalhousie St,861,M5B,Condominium,13,Toronto Centre
3427560,STR-2405-GHXKVS,27 Clinton St,BSMT,M6J,Townhouse/ Row House,11,University-Rosedale
3427561,STR-2405-HPXKVX,36 Lee Centre Dr,915,M1H,Condominium,24,Scarborough-Guildwood
3427562,STR-2405-FKTXVP,28 York Downs Dr,,M3H,Single/Semi-detached House,6,York Centre
3427563,STR-2405-FSZXVQ,1690 Victoria Park Ave,201,M1R,Condominium,16,Don Valley East
3427564,STR-2405-GBGXVR,46 Addington Ave,,M2N,Single/Semi-detached House,18,Willowdale
3427565,STR-2405-GRTXVT,81 Wellesley St E,1103,M4Y,Condominium,13,Toronto Centre
3427566,STR-2405-GYZXVV,148 Margueretta St,,M6H,Single/Semi-detached House,9,Davenport
3427567,STR-2405-HHGXVW,5 St Joseph St,327,M4Y,Condominium,13,Toronto Centre
3427568,STR-2405-HQMXVX,45 Baseball Pl,502,M4M,Condominium,14,Toronto-Danforth
3427569,STR-2405-HXTXVY,31 Phipps St,501R,M4Y,Apartment,13,Toronto Centre
3427570,STR-2405-FTRKVQ,155 Yorkville Ave,2106,M5R,Condominium,11,University-Rosedale
3427571,STR-2405-GSKKVT,101 Peter St,703,M5V,Condominium,10,Spadina-Fort York
3427572,STR-2405-HHXKVW,101 Peter St,2310,M5V,Condominium,10,Spadina-Fort York
3427573,STR-2405-HRDKVX,35 Acores Ave,,M6G,Single/Semi-detached House,12,Toronto-St. Paul's
3427574,STR-2405-HYKKVY,321 Windermere Ave,,M6S,Single/Semi-detached House,4,Parkdale-High Park
3427575,STR-2405-JGRKVZ,44 Rhodes Ave,,M4L,Single/Semi-detached House,14,Toronto-Danforth
3427576,STR-2405-FDWDVP,35 Mariner Ter,2908,M5V,Condominium,10,Spadina-Fort York
3427577,STR-2405-FMCDVQ,5 Sheppard Ave E,4417,M2N,Condominium,18,Willowdale
3427578,STR-2405-GTCDVV,219 Fort York Blvd,3105,M5V,Condominium,10,Spadina-Fort York
3427579,STR-2405-HBJDVW,80 Western Battery Rd,1610,M6K,Condominium,10,Spadina-Fort York
3427580,STR-2405-HJQDVX,222 Elm St,1009,M5T,Apartment,11,University-Rosedale
3427581,STR-2405-HRWDVY,29 Highbourne Rd,,M5P,Single/Semi-detached House,12,Toronto-St. Paul's
3427582,STR-2405-HZCDVZ,2191 Yonge St,2510,M4S,Condominium,12,Toronto-St. Paul's
3427583,STR-2405-FMSRVQ,151 Dan Leckie Way,848,M5V,Condominium,10,Spadina-Fort York
3427584,STR-2405-GDFRVS,215 Fort York Blvd,3211,M5V,Condominium,10,Spadina-Fort York
3427585,STR-2405-HBYRVW,48 Meadowcliffe Dr,,M1M,Single/Semi-detached House,20,Scarborough Southwest
3427586,STR-2405-HKFRVX,45 Botany Hill Rd,,M1G,Single/Semi-detached House,24,Scarborough-Guildwood
3427587,STR-2405-HSLRVY,152 McNicoll Ave,,M2H,Single/Semi-detached House,17,Don Valley North
3427588,STR-2405-HZSRVZ,300 Front St W,503,M5V,Condominium,10,Spadina-Fort York
3427589,STR-2405-FGCDVP,294 Richmond St E,301,M5A,Apartment,13,Toronto Centre
3427590,STR-2108-FMQVHC,76 Harrison Rd,,M2L,Single/Semi-detached House,15,Don Valley West
3427591,STR-2108-JGBPHM,113 Markham St,,M6J,Townhouse/ Row House,10,Spadina-Fort York
3427592,STR-2108-HSJVHL,34 Victoria Blvd,,M6M,Single/Semi-detached House,5,York South-Weston
3427593,STR-2108-FPGHHC,25 Charlemont Cres,,M1T,Single/Semi-detached House,22,Scarborough-Agincourt
3427594,STR-2108-FWMHHD,29 Mechanic Ave,B,M6K,Single/Semi-detached House,9,Davenport
3427595,STR-2108-HSZHHL,5 Donora Dr,,M4B,Single/Semi-detached House,19,Beaches-East York
3427596,STR-2108-FGQVHB,3428 Bathurst St,102,M6A,Apartment,8,Eglinton-Lawrence
3427597,STR-2108-GVWVHH,492 Northcliffe Blvd,BSMT,M6E,Duplex/Triplex/Fourplex,12,Toronto-St. Paul's
3427598,STR-2108-FQMHHC,246 Logan Ave,406,M4M,Condominium,14,Toronto-Danforth
3427599,STR-2108-GPWVHG,98 Pembroke St,,M5A,Single/Semi-detached House,13,Toronto Centre
3427600,STR-2108-HPGHHK,68 Viella St,,M6N,Single/Semi-detached House,5,York South-Weston
3427601,STR-2108-FKCVHB,24 Denrock Dr,,M2K,Single/Semi-detached House,17,Don Valley North
3427602,STR-2108-GHWVHF,2 Ravenwood Pl,,M4B,Single/Semi-detached House,19,Beaches-East York
3427603,STR-2108-FKTHHB,16 Lippincott St W,,M9N,Single/Semi-detached House,5,York South-Weston
3427604,STR-2108-FSZHHC,363 Strathmore Blvd,,M4C,Single/Semi-detached House,19,Beaches-East York
3427605,STR-2108-HXTHHL,223 Seaton St,,M5A,Single/Semi-detached House,13,Toronto Centre
3427606,STR-2108-FFLBHB,347 Davisville Ave,,M4S,Single/Semi-detached House,15,Don Valley West
3427607,STR-2108-HSLBHL,34 Crow Trl,,M1B,Single/Semi-detached House,23,Scarborough North
3427608,STR-2108-HKVPHK,29 Glen Ames,,M4E,Single/Semi-detached House,19,Beaches-East York
3427609,STR-2108-FXVPHD,65 Inniswood Dr,,M1R,Single/Semi-detached House,21,Scarborough Centre
3427610,STR-2108-GGBPHF,10 Doverwood Crt,,M2M,Single/Semi-detached House,18,Willowdale
3427611,STR-2108-GWPPHH,3 Bellwoods Ave,,M6J,Single/Semi-detached House,10,Spadina-Fort York
3427612,STR-2108-HFLBHJ,23 Laredo Crt,,M2M,Single/Semi-detached House,18,Willowdale
3427613,STR-2108-HVYBHL,88 Heron Park Pl,,M1E,Townhouse/ Row House,25,Scarborough-Rouge Park
3427614,STR-2108-GQPPHG,69 Shaw St,,M6J,Single/Semi-detached House,10,Spadina-Fort York
3427615,STR-2108-FTBPHC,299 Logan Ave,,M4M,Single/Semi-detached House,14,Toronto-Danforth
3427616,STR-2108-GJPPHF,8 York St,3410,M5J,Condominium,10,Spadina-Fort York
3427617,STR-2108-GZBPHH,47 Kingston Rd,,M4L,Single/Semi-detached House,19,Beaches-East York
3427618,STR-2108-HQPPHK,17 Glengrove Ave E,B,M4N,Duplex/Triplex/Fourplex,15,Don Valley West
3427619,STR-2109-HHYBHJ,127 Wallace Ave,,M6H,Townhouse/ Row House,9,Davenport
3427620,STR-2109-GTTHHH,9 Pendeen Ave,,M6N,Single/Semi-detached House,5,York South-Weston
3427621,STR-2109-HBZHHJ,104 Oakvale Ave,,M4J,Single/Semi-detached House,14,Toronto-Danforth
3427622,STR-2109-GVJVHH,62 Kearney Dr,,M9W,Single/Semi-detached House,1,Etobicoke North
3427623,STR-2109-HKWVHK,566 Annette St,,M6S,Single/Semi-detached House,4,Parkdale-High Park
3427624,STR-2109-FQQVHC,11 Watson St,,M1C,Single/Semi-detached House,25,Scarborough-Rouge Park
3427625,STR-2109-FXWVHD,178 Bartlett Ave,,M6H,Duplex/Triplex/Fourplex,9,Davenport
3427626,STR-2109-HMCVHK,393 Margueretta St,,M6H,Single/Semi-detached House,9,Davenport
3427627,STR-2109-FHZHHB,150 Sudbury St,2011,M6J,Condominium,9,Davenport
3427628,STR-2109-GPZHHG,168 Simcoe St,307,M5H,Condominium,10,Spadina-Fort York
3427629,STR-2109-HPZHHK,69 Chryessa Ave,Basement,M6N,Single/Semi-detached House,5,York South-Weston
3427630,STR-2109-GBJVHD,263 Brock Ave,1,M6K,Single/Semi-detached House,9,Davenport
3427631,STR-2109-GBZHHD,105 George St,604,M5A,Condominium,13,Toronto Centre
3427632,STR-2109-GKGHHF,92 Pleasant Ave,,M2M,Single/Semi-detached House,18,Willowdale
3427633,STR-2109-GCSBHF,244 Delaware Ave,1,M6H,Townhouse/ Row House,9,Davenport
3427634,STR-2109-GTFBHH,67 Wolcott Ave,,M1L,Single/Semi-detached House,20,Scarborough Southwest
3427635,STR-2109-FMVPHC,195 Erskine Ave,,M4P,Single/Semi-detached House,15,Don Valley West
3427636,STR-2109-GDHPHF,222 Perth Ave,BSMT,M6P,Duplex/Triplex/Fourplex,9,Davenport
3427637,STR-2109-FXHPHD,250 Wellington St W,527,M5V,Condominium,10,Spadina-Fort York
3427638,STR-2109-HLPPHK,65 Bremner Blvd,1102,M5J,Apartment,10,Spadina-Fort York
3427639,STR-2109-HMFBHK,3097 Dundas St W,A,M6P,Apartment,4,Parkdale-High Park
3427640,STR-2109-HVLBHL,183 Bowie Ave,1,M6E,Duplex/Triplex/Fourplex,8,Eglinton-Lawrence
3427641,STR-2109-JCSBHM,63 Sylvan Ave,Basement Suite,M1M,Single/Semi-detached House,24,Scarborough-Guildwood
3427642,STR-2109-HFPPHJ,1653 St Clair Ave W,B,M6N,Duplex/Triplex/Fourplex,9,Davenport
3427643,STR-2109-JDHPHM,183 Cornelius Pkwy,,M6L,Single/Semi-detached House,5,York South-Weston
3427644,STR-2109-GHLBHF,308 Old Weston Rd,,M6N,Single/Semi-detached House,9,Davenport
3427645,STR-2109-JDYBHM,210 Victoria St,3004,M5B,Condominium,13,Toronto Centre
3427646,STR-2109-FKHPHB,219 Symington Ave,Upstairs Unit,M6P,Single/Semi-detached House,9,Davenport
3427647,STR-2109-HQBPHK,8 Charlotte St,509,M5V,Condominium,10,Spadina-Fort York
3427648,STR-2109-GRYBHG,164 St Clair Ave E,,M4T,Single/Semi-detached House,11,University-Rosedale
3427649,STR-2109-GZFBHH,101 Peter St,2212,M5V,Apartment,10,Spadina-Fort York
3427650,STR-2109-FDZHHB,105 George St,2013,M5A,Condominium,13,Toronto Centre
3427651,STR-2109-FMGHHC,37 Highfield Rd,,M4L,Single/Semi-detached House,14,Toronto-Danforth
3427652,STR-2109-FMWVHC,12 York St,303,M5J,Condominium,10,Spadina-Fort York
3427653,STR-2110-HKJVHK,190 Borough Dr,3105,M1P,Condominium,21,Scarborough Centre
3427654,STR-2110-FQCVHC,125 George Appleton Way,2009,M3M,Townhouse/ Row House,6,York Centre
3427655,STR-2110-JCTHHM,305 Augusta Ave,,M5T,Single/Semi-detached House,11,University-Rosedale
3427656,STR-2110-HFQVHJ,55 Ann O'Reilly Rd,1903,M2J,Condominium,17,Don Valley North
3427657,STR-2110-HWCVHL,149 Seaton St,Upper,M5A,Single/Semi-detached House,13,Toronto Centre
3427658,STR-2110-GHMHHF,2460 Eglinton Ave E,415,M1K,Condominium,21,Scarborough Centre
3427659,STR-2110-HWTHHL,294 Euclid Ave,,M6J,Single/Semi-detached House,11,University-Rosedale
3427660,STR-2110-GJCVHF,51 Markham St,,M6J,Single/Semi-detached House,10,Spadina-Fort York
3427661,STR-2110-HQCVHK,21 Carlton St,3001,M5B,Condominium,13,Toronto Centre
3427662,STR-2110-FKZHHB,574 Wellington St W,600A,M5V,Condominium,10,Spadina-Fort York
3427663,STR-2110-GJTHHF,65 Bremner Blvd,4306,M5J,Condominium,10,Spadina-Fort York
3427664,STR-2110-GRZHHG,74 Coulter Ave,,M9N,Single/Semi-detached House,5,York South-Weston
3427665,STR-2110-HQTHHK,188 Cumberland St,612,M5R,Condominium,11,University-Rosedale
3427666,STR-2110-HXZHHL,1960 Dundas St E,,M4L,Single/Semi-detached House,19,Beaches-East York
3427667,STR-2110-FFBPHB,113 Pitt Ave,,M1L,Single/Semi-detached House,20,Scarborough Southwest
3427668,STR-2110-HSBPHL,300 Front St W,2907,M5V,Condominium,10,Spadina-Fort York
3427669,STR-2110-HZHPHM,5 Massey Sq,219,M4C,Condominium,19,Beaches-East York
3427670,STR-2110-GVPPHH,19 Gatwick Ave,,M4C,Single/Semi-detached House,19,Beaches-East York
3427671,STR-2110-HCVPHJ,188 Cumberland St,2507,M5R,Condominium,11,University-Rosedale
3427672,STR-2110-GFSBHF,21 Madawaska Ave,,M2M,Single/Semi-detached House,18,Willowdale
3427673,STR-2110-HLSBHK,56 Pendrith St,,M6G,Townhouse/ Row House,11,University-Rosedale
3427674,STR-2110-FHPPHB,30 Hedgewood Rd,,M2L,Single/Semi-detached House,15,Don Valley West
3427675,STR-2110-FYBPHD,17 Khedive Ave,,M6A,Townhouse/ Row House,8,Eglinton-Lawrence
3427676,STR-2110-HFBPHJ,15 Sproat Ave,,M4M,Single/Semi-detached House,14,Toronto-Danforth
3427677,STR-2110-HMHPHK,1227 Dundas St W,201,M6J,Apartment,10,Spadina-Fort York
3427678,STR-2110-HVPPHL,21 Iceboat Ter,2201,M5V,Condominium,10,Spadina-Fort York
3427679,STR-2110-JCVPHM,41 Huntley St,2,M4Y,Single/Semi-detached House,13,Toronto Centre
3427680,STR-2110-GYBPHH,243 Silver Springs Blvd,,M1V,Single/Semi-detached House,22,Scarborough-Agincourt
3427681,STR-2110-FSSBHC,223 Lonsmount Dr,,M5P,Single/Semi-detached House,12,Toronto-St. Paul's
3427682,STR-2110-GRLBHG,15 Fermanagh Ave,,M6R,Single/Semi-detached House,4,Parkdale-High Park
3427683,STR-2110-HQVPHK,89 Dunfield Ave,2401,M4S,Condominium,12,Toronto-St. Paul's
3427684,STR-2110-FTYBHC,233 Lansdowne Ave,,M6K,Single/Semi-detached House,9,Davenport
3427685,STR-2110-GCFBHD,19 Caines Ave,,M2M,Single/Semi-detached House,18,Willowdale
3427686,STR-2110-GZYBHH,730 Ontario St,1004,M4X,Apartment,13,Toronto Centre
3427687,STR-2110-JGYBHM,100 Western Battery Rd,102,M6K,Condominium,10,Spadina-Fort York
3427688,STR-2112-FQLDVC,113 Wineva Ave,,M4E,Single/Semi-detached House,19,Beaches-East York
3427689,STR-2110-FFTHHB,8 Dixfield Dr,,M9C,Single/Semi-detached House,2,Etobicoke Centre
3427690,STR-2110-GMJVHG,225 Sumach St,2403,M5A,Condominium,13,Toronto Centre
3427691,STR-2111-JBBRVM,12 Ashby Pl,,M5A,Townhouse/ Row House,13,Toronto Centre
3427692,STR-2112-HJMKVK,1253 Gerrard St E,,M4L,Single/Semi-detached House,14,Toronto-Danforth
3427693,STR-2110-HLCVHK,55 Gerrard St W,3812,M5G,Apartment,11,University-Rosedale
3427694,STR-2111-FXMHHD,41 Dewhurst Blvd,2,M4J,Duplex/Triplex/Fourplex,14,Toronto-Danforth
3427695,STR-2111-GMZHHG,22 Distin Ave,,M8Z,Single/Semi-detached House,3,Etobicoke-Lakeshore
3427696,STR-2111-GWWVHH,2427 Warden Ave,Main,M1W,Single/Semi-detached House,22,Scarborough-Agincourt
3427697,STR-2111-HMJVHK,111 Davisville Ave,2004,M4S,Apartment,12,Toronto-St. Paul's
3427698,STR-2111-GYCVHH,10 Jeff Dr,,M9C,Single/Semi-detached House,2,Etobicoke Centre
3427699,STR-2111-JGJVHM,99 Broadway Ave,804,M4P,Condominium,12,Toronto-St. Paul's
3427700,STR-2111-FVBRVD,12 Warfield Dr,Lower,M2J,Single/Semi-detached House,17,Don Valley North
3427701,STR-2111-GKPRVG,177 Redpath Ave,1203,M4P,Apartment,12,Toronto-St. Paul's
3427702,STR-2111-HRPRVL,6 Grogan Mews,,M6H,Townhouse/ Row House,9,Davenport
3427703,STR-2111-HYVRVM,119 1/2 Maplewood Ave,,M6C,Single/Semi-detached House,12,Toronto-St. Paul's
3427704,STR-2111-HBSDVJ,21 Kensington Ave,Floor 2,M5T,Townhouse/ Row House,11,University-Rosedale
3427705,STR-2111-FWHRVD,155 Yorkville Ave,1411,M5R,Condominium,11,University-Rosedale
3427706,STR-2111-GVBRVH,12 York St,2705,M5J,Condominium,10,Spadina-Fort York
3427707,STR-2111-FGLDVB,47 Caroline Ave,,M4M,Single/Semi-detached House,14,Toronto-Danforth
3427708,STR-2111-JBSDVM,123 Ashridge Dr,,M1V,Single/Semi-detached House,23,Scarborough North
3427709,STR-2111-FHSDVB,322 Albany Ave,,M5R,Single/Semi-detached House,12,Toronto-St. Paul's
3427710,STR-2111-FYFDVD,11 Hammersmith Ave,Lower,M4E,Duplex/Triplex/Fourplex,19,Beaches-East York
3427711,STR-2111-GGLDVF,268 High Park Ave,,M6P,Single/Semi-detached House,4,Parkdale-High Park
3427712,STR-2111-GPSDVG,14 Wardell St,B,M4M,Single/Semi-detached House,14,Toronto-Danforth
3427713,STR-2111-FRPRVC,107 Portland St,,M5V,Single/Semi-detached House,10,Spadina-Fort York
3427714,STR-2111-GQHRVG,8 Minos Cres,,M1G,Single/Semi-detached House,24,Scarborough-Guildwood
3427715,STR-2111-HWHRVL,19 Ivy Lea Cres,,M8Y,Single/Semi-detached House,3,Etobicoke-Lakeshore
3427716,STR-2201-HPYDVK,586 Spadina Ave,1,M5S,Apartment,11,University-Rosedale
3427717,STR-2111-FZLDVD,84 Earlton Rd,,M1T,Single/Semi-detached House,22,Scarborough-Agincourt
3427718,STR-2111-GBBRVD,131 Aldwych Ave,,M4J,Single/Semi-detached House,14,Toronto-Danforth
3427719,STR-2111-GRPRVG,193 Boon Ave,,M6E,Townhouse/ Row House,9,Davenport
3427720,STR-2111-GYVRVH,69 Lynn Williams St,1603,M6K,Condominium,10,Spadina-Fort York
3427721,STR-2111-HQHRVK,117 Oxford St,,M5T,Single/Semi-detached House,11,University-Rosedale
3427722,STR-2111-FTLDVC,495 Queen St E,,M5A,Townhouse/ Row House,13,Toronto Centre
3427723,STR-2111-HQYDVK,51 Tobruk Cres,,M2M,Single/Semi-detached House,18,Willowdale
3427724,STR-2111-HBCXVJ,290 Adelaide St W,3502,M5V,Condominium,10,Spadina-Fort York
3427725,STR-2111-HJJXVK,55 Bremner Blvd,3101,M5J,Condominium,10,Spadina-Fort York
3427726,STR-2111-HRQXVL,71 Essex St,,M6G,Duplex/Triplex/Fourplex,11,University-Rosedale
3427727,STR-2111-HJZKVK,419 Spadina Ave,201,M5T,Single/Semi-detached House,11,University-Rosedale
3427728,STR-2111-FWJXVD,101 Peter St,1210,M5V,Condominium,10,Spadina-Fort York
3427729,STR-2111-JBCXVM,921 College St,2,M6H,Apartment,9,Davenport
3427730,STR-2111-GMMKVG,31 Aldergrove Ave,,M4C,Single/Semi-detached House,19,Beaches-East York
3427731,STR-2111-HLGKVK,215 Yarmouth Rd,Main,M6G,Single/Semi-detached House,11,University-Rosedale
3427732,STR-2111-JBTKVM,7 Dashwood Cres,,M9V,Single/Semi-detached House,1,Etobicoke North
3427733,STR-2111-GFWXVF,391 Painted Post Dr,,M1G,Single/Semi-detached House,24,Scarborough-Guildwood
3427734,STR-2111-FHTKVB,560 Front St W,828,M5V,Condominium,10,Spadina-Fort York
3427735,STR-2111-GWZKVH,62 McGill St,,M5B,Single/Semi-detached House,13,Toronto Centre
3427736,STR-2111-HVTKVL,12 Bater Ave,309,M4K,Apartment,14,Toronto-Danforth
3427737,STR-2111-FSGKVC,22 Stonehenge Cres,,M1G,Single/Semi-detached House,24,Scarborough-Guildwood
3427738,STR-2111-HWZKVL,325 Robina Ave,,M6C,Single/Semi-detached House,12,Toronto-St. Paul's
3427739,STR-2111-JFWXVM,10 Milkwood Ave,,M9V,Single/Semi-detached House,1,Etobicoke North
3427740,STR-2111-FTMKVC,65 Bremner Blvd,1901,M5J,Condominium,10,Spadina-Fort York
3427741,STR-2112-FMPRVC,237 Dovercourt Rd,D,M6J,Apartment,10,Spadina-Fort York
3427742,STR-2112-HKBRVK,300 Front St W,802,M5V,Condominium,10,Spadina-Fort York
3427743,STR-2112-HLHRVK,33 Erskine Ave,503,M4P,Apartment,15,Don Valley West
3427744,STR-2112-GFYDVF,65 Bremner Blvd,1704,M5J,Condominium,10,Spadina-Fort York
3427745,STR-2112-HMPRVK,1 Shaw St,622,M6K,Condominium,10,Spadina-Fort York
3427746,STR-2201-HLPRVK,200 Dufferin St,309,M6K,Apartment,4,Parkdale-High Park
3427747,STR-2112-HBGKVJ,155 Yorkville Ave,2608,M5R,Condominium,11,University-Rosedale
3427748,STR-2112-HFYDVJ,1041 Gerrard St E,Upper Unit,M4M,Single/Semi-detached House,14,Toronto-Danforth
3427749,STR-2112-HPFDVK,120 Lilian Dr,Rear Unit,M1R,Single/Semi-detached House,21,Scarborough Centre
3427750,STR-2112-FZPRVD,352 Front St W,2003,M5V,Condominium,10,Spadina-Fort York
3427751,STR-2112-HGPRVJ,251 Jarvis St,520,M5B,Condominium,13,Toronto Centre
3427752,STR-2112-HPVRVK,15 Ross St,201,M5T,Single/Semi-detached House,11,University-Rosedale
3427753,STR-2112-HXBRVL,30 Amesbury Dr,,M6M,Single/Semi-detached House,5,York South-Weston
3427754,STR-2112-FSYDVC,31 Sharron Dr,,M4G,Single/Semi-detached House,15,Don Valley West
3427755,STR-2112-GSHRVG,14 York St,4906,M5J,Condominium,10,Spadina-Fort York
3427756,STR-2112-HHVRVJ,257 Finch Ave E,Main,M2N,Single/Semi-detached House,18,Willowdale
3427757,STR-2112-HYHRVL,16 McCowan Rd,,M1M,Single/Semi-detached House,20,Scarborough Southwest
3427758,STR-2112-JGPRVM,41 Sullivan St,,M5T,Townhouse/ Row House,10,Spadina-Fort York
3427759,STR-2112-FVGKVD,82 Shangarry Dr,,M1R,Single/Semi-detached House,21,Scarborough Centre
3427760,STR-2112-GLZKVG,755 Merton St,3,M4S,Duplex/Triplex/Fourplex,15,Don Valley West
3427761,STR-2112-HCMKVJ,560 Front St W,505,M5V,Condominium,10,Spadina-Fort York
3427762,STR-2112-HKTKVK,45 Lorindale Ave,102,M5M,Condominium,8,Eglinton-Lawrence
3427763,STR-2112-HSZKVL,49 Bywood Dr,,M9A,Single/Semi-detached House,2,Etobicoke Centre
3427764,STR-2112-GFZKVF,23 Northcote Ave,,M6J,Duplex/Triplex/Fourplex,9,Davenport
3427765,STR-2112-GWMKVH,50 Ordnance St,422,M6K,Condominium,10,Spadina-Fort York
3427766,STR-2112-HVGKVL,99 Mossbank Dr,Main,M1G,Single/Semi-detached House,24,Scarborough-Guildwood
3427767,STR-2112-FJMKVB,557 Runnymede Rd,1,M6S,Duplex/Triplex/Fourplex,4,Parkdale-High Park
3427768,STR-2112-HWMKVL,260 Carlaw Ave,205B,M4M,Apartment,14,Toronto-Danforth
3427769,STR-2112-GRCXVG,251 Jarvis St,1116,M5B,Condominium,13,Toronto Centre
3427770,STR-2112-FSZKVC,21 Iceboat Ter,931,M5V,Condominium,10,Spadina-Fort York
3427771,STR-2112-FMSDVC,298 Seaton St,1,M5A,Duplex/Triplex/Fourplex,13,Toronto Centre
3427772,STR-2202-HFBRVJ,26 Hamer Blvd,,M9R,Single/Semi-detached House,1,Etobicoke North
3427773,STR-2112-GTSDVH,45 Robinter Dr,,M2M,Single/Semi-detached House,18,Willowdale
3427774,STR-2112-FWPRVD,120 Saturn Rd,,M9C,Single/Semi-detached House,2,Etobicoke Centre
3427775,STR-2201-GMSDVG,57 James St,,M8W,Single/Semi-detached House,3,Etobicoke-Lakeshore
3427776,STR-2201-HTSDVL,20 John St,622,M5V,Condominium,10,Spadina-Fort York
3427777,STR-2201-FHHRVB,136 Hallam St,,M6H,Duplex/Triplex/Fourplex,9,Davenport
3427778,STR-2201-GPHRVG,47 O'Connor Dr,,M4K,Single/Semi-detached House,14,Toronto-Danforth
3427779,STR-2201-HVHRVL,131 Markham St,,M6J,Duplex/Triplex/Fourplex,10,Spadina-Fort York
3427780,STR-2201-FHYDVB,689 Pape Ave,2,M4K,Duplex/Triplex/Fourplex,14,Toronto-Danforth
3427781,STR-2201-FRFDVC,399 Lake Promenade,,M8W,Duplex/Triplex/Fourplex,3,Etobicoke-Lakeshore
3427782,STR-2201-HMSDVK,58 Ron Attwell St,,M9M,Single/Semi-detached House,7,Humber River-Black Creek
3427783,STR-2201-JDFDVM,42 Scarborough Rd,,M4E,Single/Semi-detached House,19,Beaches-East York
3427784,STR-2201-GQPRVG,18 Vermont Ave,Rear,M6G,Duplex/Triplex/Fourplex,11,University-Rosedale
3427785,STR-2201-JDVRVM,2835 Islington Ave,708,M9L,Condominium,7,Humber River-Black Creek
3427786,STR-2201-FZSDVD,159 Dan Leckie Way,G12,M5V,Condominium,10,Spadina-Fort York
3427787,STR-2201-FVZKVD,1470 Islington Ave,,M9A,Single/Semi-detached House,2,Etobicoke Centre
3427788,STR-2201-HBZKVJ,24 Afton Ave,,M6J,Townhouse/ Row House,9,Davenport
3427789,STR-2201-HZTKVM,91 Woodside Ave,,M6P,Single/Semi-detached House,4,Parkdale-High Park
3427790,STR-2201-GPJXVG,48 Haslett Ave,,M4L,Single/Semi-detached House,19,Beaches-East York
3427791,STR-2201-GWQXVH,21 Geraldton Cres,,M2J,Single/Semi-detached House,17,Don Valley North
3427792,STR-2201-HDWXVJ,9 Balfour Ave,,M4C,Single/Semi-detached House,19,Beaches-East York
3427793,STR-2201-HFMKVJ,57 Redwood Ave,,M4L,Single/Semi-detached House,14,Toronto-Danforth
3427794,STR-2201-HVZKVL,99 Seaton St,,M5A,Single/Semi-detached House,13,Toronto Centre
3427795,STR-2201-HWQXVL,55 Bremner Blvd,4205,M5J,Condominium,10,Spadina-Fort York
3427796,STR-2201-FKGKVB,168 Simcoe St,1,M5H,Apartment,10,Spadina-Fort York
3427797,STR-2201-GHZKVF,152 Boon Ave,,M6E,Single/Semi-detached House,9,Davenport
3427798,STR-2201-HZVRVM,152 Clinton St,3,M6G,Duplex/Triplex/Fourplex,11,University-Rosedale
3427799,STR-2201-HKYDVK,2949 Weston Rd,,M9M,Single/Semi-detached House,7,Humber River-Black Creek
3427800,STR-2201-JBLDVM,375 Whitmore Ave,,M6E,Single/Semi-detached House,8,Eglinton-Lawrence
3427801,STR-2201-HDHRVJ,141 Glenvale Blvd,,M4G,Single/Semi-detached House,15,Don Valley West
3427802,STR-2201-GPLDVG,21 Iceboat Ter,4809,M5V,Apartment,10,Spadina-Fort York
3427803,STR-2201-HDYDVJ,9 Spadina Ave,506,M5V,Condominium,10,Spadina-Fort York
3427804,STR-2201-JCSDVM,300 Front St W,2105,M5V,Apartment,10,Spadina-Fort York
3427805,STR-2201-GGVRVF,9 Danish Cres,,M9C,Single/Semi-detached House,2,Etobicoke Centre
3427806,STR-2201-HFPRVJ,300 Front St W,2503,M5V,Condominium,10,Spadina-Fort York
3427807,STR-2201-HMVRVK,51 Brookmount Rd,,M4L,Single/Semi-detached House,19,Beaches-East York
3427808,STR-2201-FJSDVB,97 Galt Ave,,M4M,Single/Semi-detached House,14,Toronto-Danforth
3427809,STR-2201-FZFDVD,5 Pennard Crt,,M2R,Single/Semi-detached House,18,Willowdale
3427810,STR-2201-HPLDVK,251 Jarvis St,3210,M5B,Condominium,13,Toronto Centre
3427811,STR-2202-HGVRVJ,23 Via Italia,,M6H,Single/Semi-detached House,9,Davenport
3427812,STR-2202-HQBRVK,978A Kipling Ave,,M9B,Single/Semi-detached House,2,Etobicoke Centre
3427813,STR-2202-GRYDVG,202 Boon Ave,,M6E,Single/Semi-detached House,9,Davenport
3427814,STR-2202-GZFDVH,65 Bremner Blvd,2806,M5J,Condominium,10,Spadina-Fort York
3427815,STR-2202-GKHRVF,1 Rockland Dr,,M2M,Duplex/Triplex/Fourplex,17,Don Valley North
3427816,STR-2202-GZVRVH,21 Iceboat Ter,3201,M5V,Condominium,10,Spadina-Fort York
3427817,STR-2202-HJBRVJ,105 Sultana Ave,,M6A,Single/Semi-detached House,8,Eglinton-Lawrence
3427818,STR-2202-GKZKVG,149 Seaton St,Basement,M5A,Townhouse/ Row House,13,Toronto Centre
3427819,STR-2202-GTGKVH,105 George St,1710,M5A,Condominium,13,Toronto Centre
3427820,STR-2202-HBMKVJ,1528 Dufferin St,,M6H,Single/Semi-detached House,9,Davenport
3427821,STR-2202-HCTKVJ,395A Dawes Rd,,M4B,Single/Semi-detached House,19,Beaches-East York
3427822,STR-2202-HTGKVL,12 Swan Ave,,M9B,Single/Semi-detached House,2,Etobicoke Centre
3427823,STR-2202-FQCXVC,155 Yorkville Ave,315,M5R,Condominium,11,University-Rosedale
3427824,STR-2202-HDJXVJ,92 Cheritan Ave,2,M4R,Duplex/Triplex/Fourplex,8,Eglinton-Lawrence
3427825,STR-2202-FQTKVC,661 Dovercourt Rd,,M6H,Single/Semi-detached House,9,Davenport
3427826,STR-2202-GWTKVH,231 Fort York Blvd,1012,M5V,Condominium,10,Spadina-Fort York
3427827,STR-2202-HMGKVK,219 Fort York Blvd,1402,M5V,Condominium,10,Spadina-Fort York
3427828,STR-2202-GGWXVF,400 King St E,A,M5A,Townhouse/ Row House,13,Toronto Centre
3427829,STR-2202-GQCXVG,550 Spadina Cres,,M5S,Single/Semi-detached House,11,University-Rosedale
3427830,STR-2202-HMWXVK,648 Wellington St W,,M5V,Townhouse/ Row House,10,Spadina-Fort York
3427831,STR-2202-HWCXVL,965 Dufferin St,,M6H,Single/Semi-detached House,9,Davenport
3427832,STR-2202-FZGKVD,68 Abell St,307,M6J,Condominium,9,Davenport
3427833,STR-2202-GHMKVF,118 Felstead Ave,,M4J,Single/Semi-detached House,14,Toronto-Danforth
3427834,STR-2202-FSQXVC,296 Brighton Ave,,M3H,Single/Semi-detached House,6,York Centre
3427835,STR-2202-GSQXVG,137 Lisgar St,1,M6J,Single/Semi-detached House,9,Davenport
3427836,STR-2202-GZWXVH,29 Highview Cres,,M6H,Single/Semi-detached House,9,Davenport
3427837,STR-2202-HJCXVJ,54 Elm Ave,,M4W,Single/Semi-detached House,11,University-Rosedale
3427838,STR-2202-FMHRVC,30 Sabrina Dr,Unit 2,M9R,Duplex/Triplex/Fourplex,2,Etobicoke Centre
3427839,STR-2202-GLBRVG,209 Fort York Blvd,370,M5V,Condominium,10,Spadina-Fort York
3427840,STR-2202-FWFDVD,87 Rhodes Ave,,M4L,Single/Semi-detached House,14,Toronto-Danforth
3427841,STR-2202-HZYDVM,48 Gladstone Ave,3rd floor,M6J,Duplex/Triplex/Fourplex,9,Davenport
3427842,STR-2202-FGHRVB,55 Charles St W,1405,M5S,Apartment,11,University-Rosedale
3427843,STR-2202-FWVRVD,267 Otonabee Ave,,M2M,Single/Semi-detached House,18,Willowdale
3427844,STR-2202-HDLDVJ,176 Wineva Ave,,M4E,Single/Semi-detached House,19,Beaches-East York
3427845,STR-2202-GPPRVG,49 Dixon Ave,,M4L,Single/Semi-detached House,19,Beaches-East York
3427846,STR-2202-HVPRVL,4 Annapearl Crt,,M2N,Single/Semi-detached House,18,Willowdale
3427847,STR-2202-FJFDVB,24 Noble St,507,M6K,Condominium,4,Parkdale-High Park
3427848,STR-2202-GXLDVH,955 BAY ST,4007,M5S,Condominium,13,Toronto Centre
3427849,STR-2202-HWFDVL,12 York St,1310,M5J,Condominium,10,Spadina-Fort York
3427850,STR-2202-FJVRVB,294 Brighton Ave,Upper,M3H,Single/Semi-detached House,6,York Centre
3427851,STR-2202-FSBRVC,10 Oak Park Ave,,M4C,Single/Semi-detached House,19,Beaches-East York
3427852,STR-2202-GYBRVH,245 Bellwoods Ave,,M6J,Townhouse/ Row House,11,University-Rosedale
3427853,STR-2202-HGHRVJ,426 Markham St,1C,M6G,Single/Semi-detached House,11,University-Rosedale
3427854,STR-2202-HPPRVK,65 Bremner Blvd,4511,M5J,Condominium,10,Spadina-Fort York
3427855,STR-2202-JFBRVM,2 Anndale Dr,1110,M2N,Condominium,18,Willowdale
3427856,STR-2202-FKLDVB,21 Fontainbleau Dr,,M2M,Single/Semi-detached House,18,Willowdale
3427857,STR-2202-FZYDVD,49 Bernice Cres,,M6N,Single/Semi-detached House,5,York South-Weston
3427858,STR-2202-GRLDVG,525 Queen St W,Upper,M5V,Apartment,10,Spadina-Fort York
3427859,STR-2202-FLBRVB,592 Brookdale Ave,A,M5M,Single/Semi-detached House,8,Eglinton-Lawrence
3427860,STR-2202-FTHRVC,14 York St,2604,M5J,Condominium,10,Spadina-Fort York
3427861,STR-2202-GZHRVH,250 Wellington St W,1133,M5V,Condominium,10,Spadina-Fort York
3427862,STR-2202-HYBRVL,97 Edwin Ave,,M6P,Townhouse/ Row House,9,Davenport
3427863,STR-2202-FTYDVC,42 Rosevear Ave,,M4C,Single/Semi-detached House,19,Beaches-East York
3427864,STR-2202-JGYDVM,148 Cornell Ave,,M1N,Single/Semi-detached House,20,Scarborough Southwest
3427865,STR-2202-FVQXVD,269 Ashdale Ave,,M4L,Single/Semi-detached House,14,Toronto-Danforth
3427866,STR-2202-HBQXVJ,94 Grenadier Rd,,M6R,Single/Semi-detached House,4,Parkdale-High Park
3427867,STR-2202-GDMKVF,155 Yorkville Ave,2910,M5R,Condominium,11,University-Rosedale
3427868,STR-2202-GTZKVH,38 Glenaden Ave E,,M8Y,Single/Semi-detached House,3,Etobicoke-Lakeshore
3427869,STR-2202-HCGKVJ,215 Fort York Blvd,1206,M5V,Condominium,10,Spadina-Fort York
3427870,STR-2202-HKMKVK,10 San Romanoway,808,M3N,Apartment,7,Humber River-Black Creek
3427871,STR-2203-FPQXVC,207 Downsview Park Blvd,,M3K,Townhouse/ Row House,6,York Centre
3427872,STR-2203-FGZKVB,1294 Queen St W,A,M6K,Apartment,4,Parkdale-High Park
3427873,STR-2203-FXMKVD,51 Bowmore Rd,,M4L,Single/Semi-detached House,19,Beaches-East York
3427874,STR-2203-GMZKVG,8 Charlotte St,204,M5V,Condominium,10,Spadina-Fort York
3427875,STR-2203-JCGKVM,302 Glebemount Ave,,M4C,Single/Semi-detached House,19,Beaches-East York
3427876,STR-2203-GWWXVH,104 Great Oak Dr,,M9A,Single/Semi-detached House,2,Etobicoke Centre
3427877,STR-2203-HMJXVK,259 Ontario St,,M5A,Townhouse/ Row House,13,Toronto Centre
3427878,STR-2203-JCWXVM,5229 Dundas St W,603,M9B,Condominium,3,Etobicoke-Lakeshore
3427879,STR-2203-GGZKVF,300 Front St W,1111,M5V,Condominium,10,Spadina-Fort York
3427880,STR-2203-HFTKVJ,392 Rathburn Rd,,M9B,Single/Semi-detached House,2,Etobicoke Centre
3427881,STR-2203-HWGKVL,106 Duplex Ave,Upper Unit,M5P,Single/Semi-detached House,12,Toronto-St. Paul's
3427882,STR-2203-JDMKVM,65 Bremner Blvd,2811,M5J,Condominium,10,Spadina-Fort York
3427883,STR-2203-FZJXVD,12 York St,1110,M5J,Condominium,10,Spadina-Fort York
3427884,STR-2203-GHQXVF,103 Bellwoods Ave,,M6J,Townhouse/ Row House,10,Spadina-Fort York
3427885,STR-2203-FSTKVC,215 Fort York Blvd,2811,M5V,Condominium,10,Spadina-Fort York
3427886,STR-2203-GSTKVG,54 Roywood Dr,,M3A,Single/Semi-detached House,16,Don Valley East
3427887,STR-2203-HQGKVK,215 Fort York Blvd,3302,M5V,Condominium,10,Spadina-Fort York
3427888,STR-2203-HHQXVJ,43 Markham St,,M6J,Single/Semi-detached House,10,Spadina-Fort York
3427889,STR-2203-HQWXVK,18 Heather Rd,,M1S,Single/Semi-detached House,23,Scarborough North
3427890,STR-2203-HYCXVL,270 Wellington St W,413,M5V,Condominium,10,Spadina-Fort York
3427891,STR-2203-FTZKVC,48 Westmoreland Ave,,M6H,Single/Semi-detached House,9,Davenport
3427892,STR-2203-HJGKVJ,297 Roxton Rd,,M6G,Townhouse/ Row House,11,University-Rosedale
3427893,STR-2203-JGZKVM,352 Albany Ave,,M5R,Single/Semi-detached House,12,Toronto-St. Paul's
3427894,STR-2203-FDPVHB,199 Niagara St,Unit 2,M5V,Single/Semi-detached House,10,Spadina-Fort York
3427895,STR-2203-GKPVHG,16 Kidbrooke Cres,,M1M,Single/Semi-detached House,20,Scarborough Southwest
3427896,STR-2203-HBBVHJ,681 Adelaide St W,,M6J,Single/Semi-detached House,10,Spadina-Fort York
3427897,STR-2203-HRPVHL,11 Lobb Ave,,M6J,Single/Semi-detached House,10,Spadina-Fort York
3427898,STR-2203-GLFHHG,12 Whistling Hills Dr,,M1V,Single/Semi-detached House,23,Scarborough North
3427899,STR-2203-HSFHHL,25 Oxley St,602,M5V,Condominium,10,Spadina-Fort York
3427900,STR-2203-HSVVHL,28A Dundonald St,,M4Y,Townhouse/ Row House,13,Toronto Centre
3427901,STR-2203-FWYHHD,69 Lynn Williams St,1002,M6K,Condominium,10,Spadina-Fort York
3427902,STR-2203-GFFHHF,817 Lansdowne Ave,2,M6H,Apartment,9,Davenport
3427903,STR-2203-GVSHHH,5 London St,,M6G,Single/Semi-detached House,11,University-Rosedale
3427904,STR-2203-HCYHHJ,33 Spindlewood Dr,,M2J,Single/Semi-detached House,17,Don Valley North
3427905,STR-2203-HTLHHL,101 Peter St,3812,M5V,Condominium,10,Spadina-Fort York
3427906,STR-2203-FQHVHC,28 Blandford St,,M6E,Single/Semi-detached House,12,Toronto-St. Paul's
3427907,STR-2203-GFVVHF,21 Iceboat Ter,2202,M5V,Condominium,10,Spadina-Fort York
3427908,STR-2203-GWHVHH,713 Woodbine Ave,,M4E,Single/Semi-detached House,19,Beaches-East York
3427909,STR-2203-HLVVHK,36 Rolyat St,Main,M6J,Single/Semi-detached House,10,Spadina-Fort York
3427910,STR-2203-HVBVHL,210 Victoria St,2001,M5B,Condominium,13,Toronto Centre
3427911,STR-2203-JCHVHM,90 Ling Rd,205,M1E,Condominium,25,Scarborough-Rouge Park
3427912,STR-2203-FYFHHD,105 Soudan Ave,,M4S,Single/Semi-detached House,12,Toronto-St. Paul's
3427913,STR-2203-GGLHHF,37 Wheeler Ave,,M4L,Single/Semi-detached House,19,Beaches-East York
3427914,STR-2203-GPSHHG,646 Davenport Rd,,M5R,Single/Semi-detached House,12,Toronto-St. Paul's
3427915,STR-2203-HMLHHK,40 Fountainhead Rd,1915,M3J,Apartment,7,Humber River-Black Creek
3427916,STR-2203-HVSHHL,1 Mallon Ave,,M4M,Single/Semi-detached House,14,Toronto-Danforth
3427917,STR-2203-FJHVHB,270 Wellington St W,211,M5V,Condominium,10,Spadina-Fort York
3427918,STR-2203-GQHVHG,109 Melville Ave,,M6G,Single/Semi-detached House,11,University-Rosedale
3427919,STR-2203-HPBVHK,264 Lippincott St,,M5S,Single/Semi-detached House,11,University-Rosedale
3427920,STR-2203-HWHVHL,279 Maple Leaf Dr,,M6L,Single/Semi-detached House,5,York South-Weston
3427921,STR-2203-FJYHHB,45 Freeport Dr,,M1C,Single/Semi-detached House,25,Scarborough-Rouge Park
3427922,STR-2203-HGLHHJ,151 Dan Leckie Way,841,M5V,Condominium,10,Spadina-Fort York
3427923,STR-2203-FKPVHB,49 East Liberty St,803,M6K,Condominium,10,Spadina-Fort York
3427924,STR-2203-HHBVHJ,101 Peter St,1902,M5V,Condominium,10,Spadina-Fort York
3427925,STR-2203-HXPVHL,43 Bigham Cres,,M9C,Single/Semi-detached House,2,Etobicoke Centre
3427926,STR-2203-GSFHHG,46 Pinemore Cres,,M3A,Single/Semi-detached House,16,Don Valley East
3427927,STR-2203-HYFHHL,53 Ritchie Ave,,M6R,Single/Semi-detached House,4,Parkdale-High Park
3427928,STR-2203-JGLHHM,234 Queen St E,2nd & 3rd Floor,M5A,Townhouse/ Row House,13,Toronto Centre
3427929,STR-2203-FDRBHB,44 Fuller Ave,,M6R,Single/Semi-detached House,4,Parkdale-High Park
3427930,STR-2203-GSXBHH,8 Skelmore Cres,,M3A,Single/Semi-detached House,16,Don Valley East
3427931,STR-2203-HBDBHJ,54 MacKenzie Cres,,M6J,Single/Semi-detached House,9,Davenport
3427932,STR-2203-HRRBHL,155 Yorkville Ave,1901,M5R,Condominium,11,University-Rosedale
3427933,STR-2203-FMMPHC,67 Niagara St,,M5V,Single/Semi-detached House,10,Spadina-Fort York
3427934,STR-2203-HJZPHK,258 Ontario St,Main,M5A,Townhouse/ Row House,13,Toronto Centre
3427935,STR-2203-HSGPHL,102 McAllister Rd,,M3H,Single/Semi-detached House,6,York Centre
3427936,STR-2203-HZMPHM,37 Nealon Ave,,M4K,Single/Semi-detached House,14,Toronto-Danforth
3427937,STR-2203-FWKBHD,72 Dunn Ave,,M6K,Single/Semi-detached House,4,Parkdale-High Park
3427938,STR-2203-GVDBHH,47 Greendale Ave,Main Unit,M6N,Single/Semi-detached House,5,York South-Weston
3427939,STR-2203-HKRBHK,73 Haslam St,,M1N,Single/Semi-detached House,20,Scarborough Southwest
3427940,STR-2203-FGMPHB,16 Foxwell St,,M6N,Single/Semi-detached House,5,York South-Weston
3427941,STR-2203-GMMPHG,300 Front St W,2510,M5V,Condominium,10,Spadina-Fort York
3427942,STR-2203-GVTPHH,26 Greyabbey Trl,,M1E,Single/Semi-detached House,25,Scarborough-Rouge Park
3427943,STR-2203-HLGPHK,375 King St W,2201,M5V,Condominium,10,Spadina-Fort York
3427944,STR-2203-GGMPHF,955 Bay St,214,M5S,Condominium,13,Toronto Centre
3427945,STR-2203-GPTPHG,300 Front St W,1710,M5V,Condominium,10,Spadina-Fort York
3427946,STR-2203-HFGPHJ,479 Davisville Ave,,M4S,Single/Semi-detached House,15,Don Valley West
3427947,STR-2203-HVTPHL,19 Belanger Cres,Upper Unit,M1L,Townhouse/ Row House,20,Scarborough Southwest
3427948,STR-2203-GXRBHH,101 Peter St,2407,M5V,Condominium,10,Spadina-Fort York
3427949,STR-2203-HWKBHL,65 Bremner Blvd,4305,M5J,Condominium,10,Spadina-Fort York
3427950,STR-2203-JDRBHM,157 Symington Ave,,M6P,Single/Semi-detached House,9,Davenport
3427951,STR-2203-FZMPHD,110 Leacrest Rd,,M4G,Single/Semi-detached House,15,Don Valley West
3427952,STR-2203-GHTPHF,459 Main St,,M4C,Single/Semi-detached House,19,Beaches-East York
3427953,STR-2203-GQZPHG,50 Glenside Ave,,M4L,Single/Semi-detached House,14,Toronto-Danforth
3427954,STR-2203-GYGPHH,55 Ontario St,1005,M5A,Condominium,13,Toronto Centre
3427955,STR-2203-HWZPHL,90 Main St,,M4E,Single/Semi-detached House,19,Beaches-East York
3427956,STR-2203-JFGPHM,103 Auburn Ave,2nd floor,M6H,Single/Semi-detached House,9,Davenport
3427957,STR-2203-FKRBHB,73F Corley Ave,,M4E,Single/Semi-detached House,19,Beaches-East York
3427958,STR-2203-HHDBHJ,112 West Lodge Ave,,M6K,Townhouse/ Row House,4,Parkdale-High Park
3427959,STR-2203-HXRBHL,96 Markham St,3,M6J,Duplex/Triplex/Fourplex,10,Spadina-Fort York
3427960,STR-2203-GBTPHD,231 Fort York Blvd,334,M5V,Condominium,10,Spadina-Fort York
3427961,STR-2203-GJZPHF,200 Sackville St,1107,M5A,Condominium,13,Toronto Centre
3427962,STR-2203-GSGPHG,574 Wellington St W,616A,M5V,Townhouse/ Row House,10,Spadina-Fort York
3427963,STR-2203-HYGPHL,54B Wanita Rd,,M1C,Single/Semi-detached House,25,Scarborough-Rouge Park
3427964,STR-2203-FLYHHC,783 Bathurst St,408,M5S,Condominium,11,University-Rosedale
3427965,STR-2203-FVFHHD,501 Adelaide St W,1110,M5V,Condominium,10,Spadina-Fort York
3427966,STR-2203-GCLHHF,155 Yorkville Ave,418,M5R,Condominium,11,University-Rosedale
3427967,STR-2203-GKSHHG,540 Northcliffe Blvd,,M6E,Single/Semi-detached House,12,Toronto-St. Paul's
3427968,STR-2203-FFHVHB,955 Bay St,2807,M5S,Condominium,13,Toronto Centre
3427969,STR-2203-GDBVHF,100 Harbour St,6110,M5J,Condominium,10,Spadina-Fort York
3427970,STR-2204-GDSHHF,9 Southport St,,M6S,Townhouse/ Row House,4,Parkdale-High Park
3427971,STR-2204-FPVVHC,25 Bedford Rd,605,M5R,Apartment,11,University-Rosedale
3427972,STR-2204-GVVVHH,174 Yarmouth Rd,,M6G,Single/Semi-detached House,11,University-Rosedale
3427973,STR-2204-JBVVHM,10 Tangreen Crt,1401,M2M,Condominium,18,Willowdale
3427974,STR-2204-FHFHHB,30 Grand Trunk Cres,1209,M5J,Condominium,10,Spadina-Fort York
3427975,STR-2204-GFYHHF,70 Pauline Ave,,M6H,Single/Semi-detached House,9,Davenport
3427976,STR-2204-FYHVHD,62 Blue Forest Dr,,M3H,Single/Semi-detached House,6,York Centre
3427977,STR-2204-GGPVHF,219 Coxwell Ave,,M4L,Townhouse/ Row House,19,Beaches-East York
3427978,STR-2204-GPVVHG,82 Marion St,,M6R,Single/Semi-detached House,4,Parkdale-High Park
3427979,STR-2204-JDBVHM,27 Kennaley Cres,,M1V,Single/Semi-detached House,23,Scarborough North
3427980,STR-2204-FJLHHB,51 Howland Ave,,M5R,Single/Semi-detached House,11,University-Rosedale
3427981,STR-2204-GHFHHF,823 Adelaide St W,Main Unit,M6J,Duplex/Triplex/Fourplex,10,Spadina-Fort York
3427982,STR-2204-GXSHHH,2 Wendigo Way,,M6S,Single/Semi-detached House,4,Parkdale-High Park
3427983,STR-2204-HWLHHL,65 London St,Upper,M6G,Single/Semi-detached House,11,University-Rosedale
3427984,STR-2204-GHVVHF,46 Arnold Ave,,M5A,Single/Semi-detached House,13,Toronto Centre
3427985,STR-2204-GRBVHG,4 Bank St,,M6K,Single/Semi-detached House,9,Davenport
3427986,STR-2204-HXBVHL,221 Aldercrest Rd,,M8W,Single/Semi-detached House,3,Etobicoke-Lakeshore
3427987,STR-2204-HRBVHK,751 Markham St,2nd Floor,M6G,Single/Semi-detached House,11,University-Rosedale
3427988,STR-2204-FDTPHB,53 Campbell Ave,,M6P,Single/Semi-detached House,9,Davenport
3427989,STR-2204-HSKBHL,21 Iceboat Ter,3105,M5V,Condominium,10,Spadina-Fort York
3427990,STR-2204-FWMPHD,230 Christie St,,M6G,Duplex/Triplex/Fourplex,11,University-Rosedale
3427991,STR-2204-GLZPHG,21 Shadowbrook Dr,,M9B,Single/Semi-detached House,2,Etobicoke Centre
3427992,STR-2204-GVGPHH,520 Lauder Ave,,M6E,Single/Semi-detached House,12,Toronto-St. Paul's
3427993,STR-2204-HKTPHK,49 Park Blvd,,M8W,Single/Semi-detached House,3,Etobicoke-Lakeshore
3427994,STR-2204-HSZPHL,8 Old Weston Rd,2,M6P,Apartment,4,Parkdale-High Park
3427995,STR-2204-JBGPHM,284 St Helen's Ave,104,M6H,Condominium,9,Davenport
3427996,STR-2204-GVXBHH,208 Queens Quay W,2009,M5J,Condominium,10,Spadina-Fort York
3427997,STR-2204-HTRBHL,219 Fort York Blvd,2812,M5V,Condominium,10,Spadina-Fort York
3427998,STR-2204-GPGPHG,155 Yorkville Ave,1212,M5R,Condominium,11,University-Rosedale
3427999,STR-2204-HVGPHL,12 Addison Cres,,M3B,Single/Semi-detached House,16,Don Valley East
3428000,STR-2204-GGRBHF,89 Dunfield Ave,2308,M4S,Condominium,12,Toronto-St. Paul's
3428001,STR-2204-HMRBHK,231 Shaw St,2nd floor,M6J,Duplex/Triplex/Fourplex,10,Spadina-Fort York
3428002,STR-2204-FJMPHB,21 Iceboat Ter,1209,M5V,Condominium,10,Spadina-Fort York
3428003,STR-2204-FYZPHD,101 Peter St,3211,M5V,Condominium,10,Spadina-Fort York
3428004,STR-2204-GHGPHF,248 Fulton Ave,,M4K,Single/Semi-detached House,14,Toronto-Danforth
3428005,STR-2204-HPGPHK,477 Richmond St W,709,M5V,Condominium,10,Spadina-Fort York
3428006,STR-2204-GHXBHF,411 Carlton St,,M5A,Single/Semi-detached House,13,Toronto Centre
3428007,STR-2204-HGRBHJ,1621 Queen St W,54,M6R,Apartment,4,Parkdale-High Park
3428008,STR-2204-HXTPHL,388 Berkeley St,,M5A,Single/Semi-detached House,13,Toronto Centre
3428009,STR-2204-JFZPHM,491 Evans Ave,,M8W,Single/Semi-detached House,3,Etobicoke-Lakeshore
3428010,STR-2204-FTRBHC,55 Bremner Blvd,2008,M5J,Condominium,10,Spadina-Fort York
3428011,STR-2204-GKDBHF,942 Greenwood Ave,,M4J,Single/Semi-detached House,14,Toronto-Danforth
3428012,STR-2204-GSKBHG,798 Richmond St W,763,M6J,Apartment,10,Spadina-Fort York
3428013,STR-2204-GZRBHH,199 Richmond St W,720,M5V,Condominium,10,Spadina-Fort York
3428014,STR-2204-HYKBHL,155 Yorkville Ave,2312,M5R,Condominium,11,University-Rosedale
3428015,STR-2204-FDVVHB,1243 Kingston Rd,,M1N,Single/Semi-detached House,20,Scarborough Southwest
3428016,STR-2204-FVHVHD,300 Front St W,1008,M5V,Condominium,10,Spadina-Fort York
3428017,STR-2204-GKVVHG,18 Yonge St,3602,M5E,Condominium,10,Spadina-Fort York
3428018,STR-2204-FMSHHC,65 Jefferson Ave,205,M6K,Apartment,10,Spadina-Fort York
3428019,STR-2204-GDFHHF,55 Bremner Blvd,4008,M5J,Condominium,10,Spadina-Fort York
3428020,STR-2204-GLLHHG,8 Eaton Park Lane,20,M1W,Townhouse/ Row House,22,Scarborough-Agincourt
3428021,STR-2204-HSLHHL,21 Evermede Dr,,M3A,Single/Semi-detached House,16,Don Valley East
3428022,STR-2204-GDVVHF,3 Chalfont Rd,,M9W,Single/Semi-detached House,1,Etobicoke North
3428023,STR-2204-HKVVHK,155 Yorkville Ave,2704,M5R,Condominium,11,University-Rosedale
3428024,STR-2204-HTBVHL,101 Peter St,2909,M5V,Condominium,10,Spadina-Fort York
3428025,STR-2204-FGSHHB,71 Kendal Ave,,M5R,Single/Semi-detached House,11,University-Rosedale
3428026,STR-2204-HTSHHL,103 Pindar Cres,,M2J,Single/Semi-detached House,17,Don Valley North
3428027,STR-2204-JBYHHM,14 York St,6209,M5J,Condominium,10,Spadina-Fort York
3428028,STR-2204-FQPVHC,39 Galbraith Ave,Upper,M4B,Single/Semi-detached House,19,Beaches-East York
3428029,STR-2204-GPHVHG,42 Stephen Dr,,M8Y,Duplex/Triplex/Fourplex,3,Etobicoke-Lakeshore
3428030,STR-2204-HDVVHJ,197 Crawford St,,M6J,Single/Semi-detached House,10,Spadina-Fort York
3428031,STR-2204-FHYHHB,247B McIntosh St,,M1N,Single/Semi-detached House,20,Scarborough Southwest
3428032,STR-2204-FYLHHD,633 Huron St,,M5R,Single/Semi-detached House,11,University-Rosedale
3428033,STR-2204-GPYHHG,138 Patricia Ave,Basement,M2M,Single/Semi-detached House,18,Willowdale
3428034,STR-2204-GXFHHH,468 Pape Ave,A,M4K,Townhouse/ Row House,14,Toronto-Danforth
3428035,STR-2204-HVYHHL,114 Queensdale Ave,,M4J,Single/Semi-detached House,14,Toronto-Danforth
3428036,STR-2204-JDFHHM,141 Brock Ave,,M6K,Single/Semi-detached House,9,Davenport
3428037,STR-2204-FJPVHB,181 Huron St,1605,M5T,Condominium,11,University-Rosedale
3428038,STR-2204-FRVVHC,285 Roxton Rd,,M6G,Townhouse/ Row House,11,University-Rosedale
3428039,STR-2204-GHHVHF,27 Bowmore Rd,,M4L,Single/Semi-detached House,19,Beaches-East York
3428040,STR-2204-FKVVHB,219 Fort York Blvd,2407,M5V,Condominium,10,Spadina-Fort York
3428041,STR-2204-HQRBHK,47 Albacore Cres,,M1H,Single/Semi-detached House,24,Scarborough-Guildwood
3428042,STR-2204-GJPVHF,2685 Midland Ave,,M1S,Single/Semi-detached House,23,Scarborough North
3428043,STR-2204-HHHVHJ,62 Bridlegrove Dr,,M1M,Townhouse/ Row House,20,Scarborough Southwest
3428044,STR-2204-FLLHHB,279 Major St,Upper,M5S,Single/Semi-detached House,11,University-Rosedale
3428045,STR-2204-FTSHHC,329 Mutual St,1,M4Y,Apartment,13,Toronto Centre
3428046,STR-2204-JGSHHM,141 Burbank Dr,,M2K,Single/Semi-detached House,17,Don Valley North
3428047,STR-2204-GXXBHH,188 Cumberland St,712,M5R,Condominium,11,University-Rosedale
3428048,STR-2204-FVKBHD,28 Sackville Pl,,M4X,Single/Semi-detached House,13,Toronto Centre
3428049,STR-2204-GCRBHF,89 Beaconsfield Ave,Basement,M6J,Single/Semi-detached House,9,Davenport
3428050,STR-2204-HJRBHK,18 Laxton Ave,Basement,M6K,Single/Semi-detached House,4,Parkdale-High Park
3428051,STR-2204-GLMPHG,8 Wellesley St E,308,M4Y,Condominium,13,Toronto Centre
3428052,STR-2204-FWRBHD,67 Woodstream Dr,,M9W,Townhouse/ Row House,1,Etobicoke North
3428053,STR-2204-GVKBHH,52 Robert St,Upper,M5S,Single/Semi-detached House,11,University-Rosedale
3428054,STR-2204-HTDBHL,460 Montrose Ave,,M6G,Single/Semi-detached House,11,University-Rosedale
3428055,STR-2204-GFMPHF,170 Sumach St,1306,M5A,Condominium,13,Toronto Centre
3428056,STR-2204-GVZPHH,47 Holbrooke Ave,,M8Y,Single/Semi-detached House,3,Etobicoke-Lakeshore
3428057,STR-2204-JBZPHM,21 Douville Crt,,M5A,Townhouse/ Row House,10,Spadina-Fort York
3428058,STR-2204-FXXBHD,2164 St Clair Ave W,,M6N,Single/Semi-detached House,5,York South-Weston
3428059,STR-2204-GGDBHF,650 Lawrence Ave W,905,M6A,Condominium,8,Eglinton-Lawrence
3428060,STR-2204-GPKBHG,11 Stephenson Ave,,M4C,Single/Semi-detached House,19,Beaches-East York
3428061,STR-2204-HMDBHK,176 Manitoba St,8,M8Y,Townhouse/ Row House,3,Etobicoke-Lakeshore
3428062,STR-2204-FYMPHD,31 Oxford St,,M5T,Single/Semi-detached House,11,University-Rosedale
3428063,STR-2204-GGTPHF,14 York St,1301,M5J,Condominium,10,Spadina-Fort York
3428064,STR-2204-GPZPHG,439 Parliament St,301,M5A,Duplex/Triplex/Fourplex,13,Toronto Centre
3428065,STR-2204-GXGPHH,325 Jarvis St,13,M5B,Townhouse/ Row House,13,Toronto Centre
3428066,STR-2204-HFMPHJ,3 Highfield Rd,Main Floor,M4L,Single/Semi-detached House,14,Toronto-Danforth
3428067,STR-2204-HMTPHK,2 Anndale Dr,1510,M2N,Condominium,18,Willowdale
3428068,STR-2204-HVZPHL,266 John St,Upper Unit,M9N,Single/Semi-detached House,5,York South-Weston
3428069,STR-2204-HWRBHL,88 Thursfield Cres,,M4G,Single/Semi-detached House,15,Don Valley West
3428070,STR-2204-FKGPHB,391 Whitmore Ave,,M6E,Single/Semi-detached House,8,Eglinton-Lawrence
3428071,STR-2204-GRXBHG,196 Gillard Ave,,M4J,Single/Semi-detached House,14,Toronto-Danforth
3428072,STR-2204-GZDBHH,155 Yorkville Ave,903,M5R,Condominium,11,University-Rosedale
3428073,STR-2204-HXXBHL,183 Howland Ave,,M5R,Single/Semi-detached House,11,University-Rosedale
3428074,STR-2204-JGDBHM,225 Wellesley St E,614,M4X,Condominium,13,Toronto Centre
3428075,STR-2204-FTTPHC,832 Bay St,503,M5S,Apartment,11,University-Rosedale
3428076,STR-2204-GBZPHD,9 Macey Ave,,M1L,Single/Semi-detached House,20,Scarborough Southwest
3428077,STR-2204-HHZPHJ,1340 Bloor St W,1,M6H,Duplex/Triplex/Fourplex,9,Davenport
3428078,STR-2204-HRGPHK,128 Willow Ave,,M4E,Single/Semi-detached House,19,Beaches-East York
3428079,STR-2204-FVLHHD,2 Eva Rd,1721,M9C,Condominium,2,Etobicoke Centre
3428080,STR-2204-HJSHHK,38 Western Battery Rd,631,M6K,Townhouse/ Row House,10,Spadina-Fort York
3428081,STR-2204-FMVVHC,227 Fern Ave,,M6R,Single/Semi-detached House,4,Parkdale-High Park
3428082,STR-2204-HSPVHL,14 York St,5710,M5J,Condominium,10,Spadina-Fort York
3428083,STR-2204-FWSHHD,682 Indian Rd,,M6P,Single/Semi-detached House,4,Parkdale-High Park
3428084,STR-2204-GMFHHG,130 Pickering St,BSMT,M4E,Single/Semi-detached House,19,Beaches-East York
3428085,STR-2205-HCFHHJ,9 First Ave,,M4M,Single/Semi-detached House,14,Toronto-Danforth
3428086,STR-2204-FGVVHB,12 York St,604,M5J,Condominium,10,Spadina-Fort York
3428087,STR-2204-FXHVHD,23 Symington Ave,,M6P,Townhouse/ Row House,9,Davenport
3428088,STR-2204-HLPVHK,14 York St,3303,M5J,Condominium,10,Spadina-Fort York
3428089,STR-2204-HTVVHL,700 Ontario St,1508,M4X,Apartment,13,Toronto Centre
3428090,STR-2204-FHLHHB,14 York St,5210,M5J,Condominium,10,Spadina-Fort York
3428091,STR-2205-GPRBHG,707 Mortimer Ave,,M4C,Single/Semi-detached House,19,Beaches-East York
3428092,STR-2204-FJBVHB,21 Bournville Dr,,M1E,Single/Semi-detached House,24,Scarborough-Guildwood
3428093,STR-2204-FRHVHC,223 Manning Ave,Basement,M6J,Single/Semi-detached House,11,University-Rosedale
3428094,STR-2204-FYPVHD,190 Markham St,,M6J,Single/Semi-detached House,11,University-Rosedale
3428095,STR-2204-GGVVHF,209 Fort York Blvd,668,M5V,Condominium,10,Spadina-Fort York
3428096,STR-2205-GXYHHH,800 Richmond St W,1410,M6J,Apartment,10,Spadina-Fort York
3428097,STR-2205-GRHVHG,122A Neville Park Blvd,,M4E,Single/Semi-detached House,19,Beaches-East York
3428098,STR-2205-HQBVHK,21 Iceboat Ter,4511,M5V,Condominium,10,Spadina-Fort York
3428099,STR-2205-HXHVHL,161 Hillside Ave,,M8V,Single/Semi-detached House,3,Etobicoke-Lakeshore
3428100,STR-2205-FKYHHB,1 Linden St,,M4Y,Single/Semi-detached House,13,Toronto Centre
3428101,STR-2205-GCBVHD,2417 St Clair Ave W,,M6N,Townhouse/ Row House,5,York South-Weston
3428102,STR-2205-GKHVHF,797 Craven Rd,,M4L,Single/Semi-detached House,14,Toronto-Danforth
3428103,STR-2205-GSPVHG,30 Nelson St,902,M5V,Condominium,10,Spadina-Fort York
3428104,STR-2205-FVMPHD,394 Hillsdale Ave E,,M4S,Single/Semi-detached House,15,Don Valley West
3428105,STR-2205-GTGPHH,278 Wright Ave,,M6R,Single/Semi-detached House,4,Parkdale-High Park
3428106,STR-2205-HBMPHJ,560 Front St W,1123,M5V,Condominium,10,Spadina-Fort York
3428107,STR-2205-HRZPHL,78 Ashdale Ave,,M4L,Single/Semi-detached House,14,Toronto-Danforth
3428108,STR-2205-HZGPHM,83 Elm Ave,309,M4W,Apartment,11,University-Rosedale
3428109,STR-2205-FWDBHD,101 Peter St,1117,M5V,Condominium,10,Spadina-Fort York
3428110,STR-2205-GDKBHF,87 Dunelm St,,M1J,Single/Semi-detached House,24,Scarborough-Guildwood
3428111,STR-2205-GLRBHG,14 Bingley Rd,,M1X,Single/Semi-detached House,25,Scarborough-Rouge Park
3428112,STR-2205-HCDBHJ,15 Chatfield Dr,,M3B,Single/Semi-detached House,16,Don Valley East
3428113,STR-2205-HSRBHL,12 York St,4005,M5J,Condominium,10,Spadina-Fort York
3428114,STR-2205-JBMPHM,41 Glenmount Park Rd,,M4E,Single/Semi-detached House,19,Beaches-East York
3428115,STR-2205-FQTPHC,258 Ontario St,Upper,M5A,Townhouse/ Row House,13,Toronto Centre
3428116,STR-2205-FXZPHD,270 Wellington St W,306,M5V,Condominium,10,Spadina-Fort York
3428117,STR-2205-GPMPHG,49 Jersey Ave,Lower,M6G,Duplex/Triplex/Fourplex,11,University-Rosedale
3428118,STR-2205-FJDBHB,151 Rhodes Ave,,M4L,Single/Semi-detached House,14,Toronto-Danforth
3428119,STR-2205-GXKBHH,17 Maple Grove Ave,,M6K,Single/Semi-detached House,4,Parkdale-High Park
3428120,STR-2205-FSRBHC,332 Willowdale Ave,,M2N,Single/Semi-detached House,18,Willowdale
3428121,STR-2205-JFRBHM,693 Queen St W,3,M6J,Apartment,10,Spadina-Fort York
3428122,STR-2205-FKZPHB,54 Fenwick Ave,,M4K,Single/Semi-detached House,14,Toronto-Danforth
3428123,STR-2205-JGGPHM,41 Sunnylea Ave W,,M8Y,Single/Semi-detached House,3,Etobicoke-Lakeshore
3428124,STR-2205-GCDBHD,560 Front St W,1018,M5V,Condominium,10,Spadina-Fort York
3428125,STR-2205-GSRBHG,501 St Clair Ave W,1302,M5P,Condominium,12,Toronto-St. Paul's
3428126,STR-2205-HRKBHK,284 Sherbourne St,2,M5A,Townhouse/ Row House,13,Toronto Centre
3428127,STR-2205-HYRBHL,17 Bromley Cres,,M9A,Single/Semi-detached House,2,Etobicoke Centre
3428128,STR-2205-FVPVHD,332 Kennedy Ave,,M6P,Single/Semi-detached House,4,Parkdale-High Park
3428129,STR-2205-HBPVHJ,219 Fort York Blvd,2410,M5V,Condominium,10,Spadina-Fort York
3428130,STR-2205-HSBVHL,151 Dan Leckie Way,603,M5V,Apartment,10,Spadina-Fort York
3428131,STR-2205-HZHVHM,418 Brookdale Ave,,M5M,Single/Semi-detached House,8,Eglinton-Lawrence
3428132,STR-2205-FWFHHD,42 Crossbow Cres,BSMT,M2J,Single/Semi-detached House,17,Don Valley North
3428133,STR-2205-GTYHHH,14 York St,6006,M5J,Condominium,10,Spadina-Fort York
3428134,STR-2205-GVPVHH,185 Deloraine Ave,,M5M,Single/Semi-detached House,8,Eglinton-Lawrence
3428135,STR-2205-JBPVHM,155 Yorkville Ave,507,M5R,Condominium,11,University-Rosedale
3428136,STR-2205-JCFHHM,300 Seaton St,1,M5A,Duplex/Triplex/Fourplex,13,Toronto Centre
3428137,STR-2205-FYBVHD,26 Myrtle Ave,,M4M,Single/Semi-detached House,14,Toronto-Danforth
3428138,STR-2205-GGHVHF,210 Victoria St,2402,M5B,Condominium,13,Toronto Centre
3428139,STR-2205-HVPVHL,73 Richmond St W,L05,M5H,Condominium,10,Spadina-Fort York
3428140,STR-2205-GQFHHG,300 Front St W,810,M5V,Condominium,10,Spadina-Fort York
3428141,STR-2205-HFSHHJ,10 Mendelssohn St,205,M1L,Condominium,20,Scarborough Southwest
3428142,STR-2205-HWFHHL,18 Yonge St,714,M5E,Condominium,10,Spadina-Fort York
3428143,STR-2205-JDLHHM,154 Jones Ave,Lower Unit,M4M,Single/Semi-detached House,14,Toronto-Danforth
3428144,STR-2205-HGHVHJ,138 Roywood Dr,,M3A,Single/Semi-detached House,16,Don Valley East
3428145,STR-2205-HGYHHJ,60 Annette St,,M6P,Townhouse/ Row House,4,Parkdale-High Park
3428146,STR-2205-HQFHHK,33 Riverlea Dr,Upper Unit,M9P,Single/Semi-detached House,2,Etobicoke Centre
3428147,STR-2205-JFSHHM,434 Dundas St W,3A,M5T,Apartment,11,University-Rosedale
3428148,STR-2205-FLBVHB,12 York St,3810,M5J,Condominium,10,Spadina-Fort York
3428149,STR-2205-HHPVHJ,101 Peter St,1102,M5V,Condominium,10,Spadina-Fort York
3428150,STR-2205-HQVVHK,88 Carr St,29,M5T,Condominium,10,Spadina-Fort York
3428151,STR-2205-GKLHHF,13 Mulberry Cres,,M6C,Single/Semi-detached House,12,Toronto-St. Paul's
3428152,STR-2205-GSSHHG,215 Fort York Blvd,316,M5V,Condominium,10,Spadina-Fort York
3428153,STR-2205-HJFHHJ,77 Browning Ave,,M4K,Single/Semi-detached House,14,Toronto-Danforth
3428154,STR-2206-HWZRVL,251 Jarvis St,217,M5B,Condominium,13,Toronto Centre
3428155,STR-2205-FVRBHD,38 Grenville St,3904,M4Y,Condominium,13,Toronto Centre
3428156,STR-2205-HBRBHJ,155 Yorkville Ave,918,M5R,Condominium,11,University-Rosedale
3428157,STR-2205-FFTPHB,300 Front St W,604,M5V,Condominium,10,Spadina-Fort York
3428158,STR-2205-HKMPHK,560 Front St W,210,M5V,Condominium,10,Spadina-Fort York
3428159,STR-2205-HSTPHL,5 Adelaide Pl,,M5V,Townhouse/ Row House,10,Spadina-Fort York
3428160,STR-2205-FGKBHB,38 Grenville St,3410,M4Y,Condominium,13,Toronto Centre
3428161,STR-2205-GVRBHH,679 Mortimer Ave,,M4C,Single/Semi-detached House,19,Beaches-East York
3428162,STR-2205-HLDBHK,148 Old Sheppard Ave,,M2J,Single/Semi-detached House,17,Don Valley North
3428163,STR-2205-GFTPHF,47 Lewis St,2,M4M,Single/Semi-detached House,14,Toronto-Danforth
3428164,STR-2205-HLTPHK,5 Greystone Walk Dr,515,M1K,Condominium,20,Scarborough Southwest
3428165,STR-2205-HFDBHJ,1676 St Clair Ave W,,M6N,Apartment,9,Davenport
3428166,STR-2205-FJGPHB,52 Perth Ave,,M6R,Townhouse/ Row House,9,Davenport
3428167,STR-2205-HWGPHL,209 Fort York Blvd,1557,M5V,Condominium,10,Spadina-Fort York
3428168,STR-2205-GYDBHH,19 Riverton Dr,,M9L,Single/Semi-detached House,7,Humber River-Black Creek
3428169,STR-2205-HGKBHJ,78 Harrison Garden Blvd,1008,M2N,Condominium,18,Willowdale
3428170,STR-2205-JFDBHM,52 Kenneth Ave,Apt 2,M6P,Duplex/Triplex/Fourplex,4,Parkdale-High Park
3428171,STR-2205-FZZPHD,560 Front St W,432,M5V,Condominium,10,Spadina-Fort York
3428172,STR-2205-HQGPHK,21 Westminster Ave,,M6R,Townhouse/ Row House,4,Parkdale-High Park
3428173,STR-2205-HXMPHL,899 Lansdowne Ave,,M6H,Single/Semi-detached House,9,Davenport
3428174,STR-2205-JFTPHM,41 Creekbank Rd,Upper,M6L,Townhouse/ Row House,5,York South-Weston
3428175,STR-2205-GBRBHD,17 Farmstead Rd,503,M2L,Apartment,15,Don Valley West
3428176,STR-2205-GKMPHF,78 King Edward Ave,,M4C,Single/Semi-detached House,19,Beaches-East York
3428177,STR-2205-GSTPHG,68 Fernalroy Blvd,,M8Z,Single/Semi-detached House,3,Etobicoke-Lakeshore
3428178,STR-2205-JGZPHM,38 Veerland Dr,,M6L,Single/Semi-detached House,5,York South-Weston
3428179,STR-2205-GTLKVH,112 Wesley St,,M8Y,Single/Semi-detached House,3,Etobicoke-Lakeshore
3428180,STR-2205-FPBXVC,228 Hollywood Ave,,M2N,Single/Semi-detached House,18,Willowdale
3428181,STR-2205-FGLKVB,44 Tefley Rd,,M2M,Single/Semi-detached House,18,Willowdale
3428182,STR-2205-FPSKVC,80 Ferrier Ave,,M4K,Single/Semi-detached House,14,Toronto-Danforth
3428183,STR-2205-HLFKVK,12 York St,3511,M5J,Condominium,10,Spadina-Fort York
3428184,STR-2205-FQHXVC,155 Yorkville Ave,2803,M5R,Condominium,11,University-Rosedale
3428185,STR-2205-HVBXVL,627 Glebeholme Blvd,,M4C,Single/Semi-detached House,19,Beaches-East York
3428186,STR-2205-FQYKVC,2 King Edward Ave,,M4C,Single/Semi-detached House,19,Beaches-East York
3428187,STR-2205-GPSKVG,24 Leith Hill Rd,809,M2J,Apartment,17,Don Valley North
3428188,STR-2205-JCYKVM,666 Ontario St,906,M4X,Apartment,13,Toronto Centre
3428189,STR-2205-FRPXVC,280 Drewry Ave,BSMT,M2M,Single/Semi-detached House,18,Willowdale
3428190,STR-2205-FYVXVD,33 Aura Lea Blvd,,M9M,Single/Semi-detached House,7,Humber River-Black Creek
3428191,STR-2205-GQHXVG,263 Berkeley St,,M5A,Single/Semi-detached House,13,Toronto Centre
3428192,STR-2205-FJYKVB,13 Caroline Carpenter Grv,,M3K,Townhouse/ Row House,6,York Centre
3428193,STR-2205-FSVXVC,11A St Andrews Blvd,,M9R,Single/Semi-detached House,1,Etobicoke North
3428194,STR-2205-GRPXVG,49 Waverley Rd,Upper,M4L,Townhouse/ Row House,19,Beaches-East York
3428195,STR-2205-FTLKVC,215 Fort York Blvd,2012,M5V,Condominium,10,Spadina-Fort York
3428196,STR-2205-GJYKVF,25 Overbank Cres,,M3A,Single/Semi-detached House,16,Don Valley East
3428197,STR-2205-JGLKVM,25 Westminster Ave,,M6R,Single/Semi-detached House,4,Parkdale-High Park
3428198,STR-2205-FLXDVC,11 Givins St,,M6J,Single/Semi-detached House,10,Spadina-Fort York
3428199,STR-2205-GSXDVH,12 York St,3407,M5J,Condominium,10,Spadina-Fort York
3428200,STR-2205-HJKDVK,289 Queen St E,Upper,M5A,Townhouse/ Row House,13,Toronto Centre
3428201,STR-2205-FVTRVD,105 George St,1614,M5A,Condominium,13,Toronto Centre
3428202,STR-2205-GLGRVG,210 Victoria St,3207,M5B,Condominium,13,Toronto Centre
3428203,STR-2205-HJZRVK,101 Peter St,3903,M5V,Condominium,10,Spadina-Fort York
3428204,STR-2205-FFXDVB,1372 Queen St W,1,M6K,Apartment,4,Parkdale-High Park
3428205,STR-2205-GDRDVF,22 Galley Ave,Upper,M6R,Single/Semi-detached House,4,Parkdale-High Park
3428206,STR-2205-GVDDVH,22 Galley Ave,Garden,M6R,Single/Semi-detached House,4,Parkdale-High Park
3428207,STR-2205-FGMRVB,24 Rose Valley Cres,,M6N,Single/Semi-detached House,5,York South-Weston
3428208,STR-2205-FPTRVC,72 Craigmore Cres,,M2N,Single/Semi-detached House,18,Willowdale
3428209,STR-2206-HQZRVK,65 Gledhill Ave,,M4C,Single/Semi-detached House,19,Beaches-East York
3428210,STR-2205-GMMRVG,138 St Helen's Ave,611,M6H,Condominium,9,Davenport
3428211,STR-2205-HTMRVL,45 Sloane Ave,,M4A,Townhouse/ Row House,16,Don Valley East
3428212,STR-2206-FHDDVB,82 Muriel Ave,,M4J,Single/Semi-detached House,14,Toronto-Danforth
3428213,STR-2206-FQKDVC,423 Ossington Ave,,M6J,Townhouse/ Row House,11,University-Rosedale
3428214,STR-2206-GPDDVG,629 Duplex Ave,,M4R,Single/Semi-detached House,8,Eglinton-Lawrence
3428215,STR-2206-GWKDVH,219 Fort York Blvd,1109,M5V,Condominium,10,Spadina-Fort York
3428216,STR-2206-JCKDVM,126 Bannockburn Ave,,M5M,Single/Semi-detached House,8,Eglinton-Lawrence
3428217,STR-2206-FQZRVC,47 Gledhill Ave,,M4C,Single/Semi-detached House,19,Beaches-East York
3428218,STR-2206-FYGRVD,185 Bonis Ave,1115,M1T,Condominium,22,Scarborough-Agincourt
3428219,STR-2206-GGMRVF,64 Millicent St,1,M6H,Single/Semi-detached House,9,Davenport
3428220,STR-2206-GHDDVF,21 Iceboat Ter,4009,M5V,Condominium,10,Spadina-Fort York
3428221,STR-2206-GQKDVG,1074A St Clair Ave W,1,M6E,Apartment,9,Davenport
3428222,STR-2206-HFXDVJ,300 Front St W,1910,M5V,Condominium,10,Spadina-Fort York
3428223,STR-2206-HHDDVJ,54 Applefield Dr,,M1P,Single/Semi-detached House,21,Scarborough Centre
3428224,STR-2206-GJZRVF,90 Power St,Apt 1,M5A,Duplex/Triplex/Fourplex,13,Toronto Centre
3428225,STR-2206-HZPXVM,38 Columbine Ave,,M4L,Single/Semi-detached House,19,Beaches-East York
3428226,STR-2306-FTXXVQ,117 Warden Ave,,M1N,Single/Semi-detached House,20,Scarborough Southwest
3428227,STR-2306-GZXXVV,58 Farningham Cres,,M9B,Single/Semi-detached House,2,Etobicoke Centre
3428228,STR-2306-HJDXVW,17 Winston Ave,,M1N,Single/Semi-detached House,20,Scarborough Southwest
3428229,STR-2306-HRKXVX,667 College St,3,M6G,Apartment,11,University-Rosedale
3428230,STR-2306-FMJRVQ,20 John St,620,M5V,Condominium,10,Spadina-Fort York
3428231,STR-2306-FVQRVR,130 Beech Ave,,M4E,Single/Semi-detached House,19,Beaches-East York
3428232,STR-2206-FDSKVB,14 York St,4703,M5J,Condominium,10,Spadina-Fort York
3428233,STR-2206-HBFKVJ,19 Mulholland Ave,,M6A,Single/Semi-detached House,8,Eglinton-Lawrence
3428234,STR-2206-HJLKVK,199 The Westway,,M9R,Single/Semi-detached House,2,Etobicoke Centre
3428235,STR-2206-HRSKVL,14 York St,2909,M5J,Condominium,10,Spadina-Fort York
3428236,STR-2206-HYYKVM,3 Caines Ave,,M2M,Single/Semi-detached House,18,Willowdale
3428237,STR-2206-GDSKVF,206 Drewry Ave,,M2M,Single/Semi-detached House,18,Willowdale
3428238,STR-2206-FXBXVD,369 Shaw St,,M6J,Single/Semi-detached House,11,University-Rosedale
3428239,STR-2206-GFHXVF,151 Dan Leckie Way,1039,M5V,Condominium,10,Spadina-Fort York
3428240,STR-2206-HDBXVJ,3 Concord Ave,,M6H,Townhouse/ Row House,9,Davenport
3428241,STR-2206-GFYKVF,12 York St,1802,M5J,Condominium,10,Spadina-Fort York
3428242,STR-2206-GPFKVG,70 Devondale Ave,,M2R,Single/Semi-detached House,18,Willowdale
3428243,STR-2206-HVVXVL,219 Finch Ave E,,M2N,Duplex/Triplex/Fourplex,18,Willowdale
3428244,STR-2206-FSHXVC,4 Moorefield Dr,,M1C,Single/Semi-detached House,25,Scarborough-Rouge Park
3428245,STR-2206-HPVXVK,251 Jarvis St,825,M5B,Condominium,13,Toronto Centre
3428246,STR-2206-HXBXVL,112 George St,706,M5A,Condominium,13,Toronto Centre
3428247,STR-2206-FSYKVC,55 Glen Everest Rd,,M1N,Single/Semi-detached House,20,Scarborough Southwest
3428248,STR-2206-JFYKVM,12 St Dennis Dr,215,M3C,Apartment,16,Don Valley East
3428249,STR-2206-FTPXVC,23 Old Mill Ter,,M8X,Single/Semi-detached House,3,Etobicoke-Lakeshore
3428250,STR-2206-GSHXVG,1 Crewe Ave,,M4C,Single/Semi-detached House,19,Beaches-East York
3428251,STR-2206-GZPXVH,39 Barksdale Ave,,M3H,Single/Semi-detached House,6,York Centre
3428252,STR-2206-HRBXVK,176 Indian Grv,2,M6P,Duplex/Triplex/Fourplex,4,Parkdale-High Park
3428253,STR-2206-GYLKVH,255 Snowdon Ave,,M4N,Single/Semi-detached House,15,Don Valley West
3428254,STR-2206-HRTRVL,231 Fort York Blvd,2509,M5V,Condominium,10,Spadina-Fort York
3428255,STR-2206-HYZRVM,220 Rosemount Ave,,M6H,Single/Semi-detached House,9,Davenport
3428256,STR-2206-FFKDVB,155 Yorkville Ave,3017,M5R,Condominium,11,University-Rosedale
3428257,STR-2206-FMRDVC,266 Dovercourt Rd,Main/Lower,M6J,Duplex/Triplex/Fourplex,9,Davenport
3428258,STR-2206-GLKDVG,14 York St,3310,M5J,Condominium,10,Spadina-Fort York
3428259,STR-2206-HSKDVL,562 Ontario St,,M4X,Townhouse/ Row House,13,Toronto Centre
3428260,STR-2206-GLZRVG,107 Prescott Ave,,M6N,Single/Semi-detached House,9,Davenport
3428261,STR-2206-GVGRVH,209 Fort York Blvd,381,M5V,Condominium,10,Spadina-Fort York
3428262,STR-2206-FRDDVC,268 Ashdale Ave,,M4L,Single/Semi-detached House,14,Toronto-Danforth
3428263,STR-2206-FGRDVB,80 Orchid Place Dr,202,M1B,Condominium,23,Scarborough North
3428264,STR-2206-HLKDVK,292 Gladstone Ave,,M6J,Single/Semi-detached House,9,Davenport
3428265,STR-2206-JBXDVM,361 Front St W,3012,M5V,Condominium,10,Spadina-Fort York
3428266,STR-2206-FHGRVB,33 Shore Breeze Dr,1204,M8V,Condominium,3,Etobicoke-Lakeshore
3428267,STR-2206-JCMRVM,20 John St,524,M5V,Condominium,10,Spadina-Fort York
3428268,STR-2206-FHXDVB,155 Yorkville Ave,813,M5R,Condominium,11,University-Rosedale
3428269,STR-2206-GPXDVG,53 Pearson Ave,,M6R,Single/Semi-detached House,4,Parkdale-High Park
3428270,STR-2206-HFKDVJ,65 Bremner Blvd,4105,M5J,Condominium,10,Spadina-Fort York
3428271,STR-2206-JDDDVM,215 Fort York Blvd,1411,M5V,Condominium,10,Spadina-Fort York
3428272,STR-2206-FJMRVB,165 Legion Rd N,3022,M8Y,Condominium,3,Etobicoke-Lakeshore
3428273,STR-2206-FYZRVD,105 George St,1013,M5A,Condominium,13,Toronto Centre
3428274,STR-2206-GHGRVF,238 River St,,M5A,Townhouse/ Row House,13,Toronto Centre
3428275,STR-2206-GXTRVH,292 Carlton St,,M5A,Single/Semi-detached House,13,Toronto Centre
3428276,STR-2206-HGRDVJ,65 Lillian St,617,M4S,Apartment,12,Toronto-St. Paul's
3428277,STR-2206-FKTRVB,337 Bain Ave,,M4J,Single/Semi-detached House,14,Toronto-Danforth
3428278,STR-2206-FSZRVC,50 Mould Ave,,M6N,Single/Semi-detached House,5,York South-Weston
3428279,STR-2206-HHGRVJ,77 Howard St,2209,M4X,Apartment,13,Toronto Centre
3428280,STR-2206-HXTRVL,300 Front St W,1702,M5V,Condominium,10,Spadina-Fort York
3428281,STR-2206-JFZRVM,60 Pebblehill Sq,,M1S,Single/Semi-detached House,23,Scarborough North
3428282,STR-2206-FLKDVB,635 Ossington Ave,1,M6G,Duplex/Triplex/Fourplex,11,University-Rosedale
3428283,STR-2206-GZRDVH,664 Gladstone Ave,2,M6H,Single/Semi-detached House,9,Davenport
3428284,STR-2206-GCPXVF,118 Wheeler Ave,,M4L,Single/Semi-detached House,19,Beaches-East York
3428285,STR-2206-GKVXVG,14 York St,6201,M5J,Condominium,10,Spadina-Fort York
3428286,STR-2206-HBHXVJ,497 Northcliffe Blvd,,M6E,Single/Semi-detached House,12,Toronto-St. Paul's
3428287,STR-2206-HJPXVK,99 John St,3906,M5V,Condominium,10,Spadina-Fort York
3428288,STR-2206-HRVXVL,30 Westwood Ave,,M4K,Single/Semi-detached House,14,Toronto-Danforth
3428289,STR-2206-HZBXVM,2 Eva Rd,1022,M9C,Condominium,2,Etobicoke Centre
3428290,STR-2206-FFLKVB,200 Victoria St,1407,M5B,Condominium,13,Toronto Centre
3428291,STR-2206-FMSKVC,14 York St,3005,M5J,Condominium,10,Spadina-Fort York
3428292,STR-2206-GLLKVG,151 Dan Leckie Way,1058,M5V,Condominium,10,Spadina-Fort York
3428293,STR-2206-GVHXVH,48 Fulwell Cres,,M3J,Single/Semi-detached House,7,Humber River-Black Creek
3428294,STR-2206-HCPXVJ,55 Wilkes Cres,Upper,M1L,Townhouse/ Row House,20,Scarborough Southwest
3428295,STR-2206-FGSKVB,55 Bremner Blvd,3407,M5J,Condominium,10,Spadina-Fort York
3428296,STR-2206-JBYKVM,83 Glen Watford Dr,,M1S,Single/Semi-detached House,23,Scarborough North
3428297,STR-2206-FHHXVB,365 Murray Ross Pkwy,17,M3J,Townhouse/ Row House,7,Humber River-Black Creek
3428298,STR-2206-GWPXVH,413 Cook Rd,,M3J,Single/Semi-detached House,7,Humber River-Black Creek
3428299,STR-2206-JCPXVM,14 York St,312,M5J,Condominium,10,Spadina-Fort York
3428300,STR-2206-FHYKVB,832 Bay St,5010,M5S,Condominium,11,University-Rosedale
3428301,STR-2206-FRFKVC,21 Iceboat Ter,3101,M5V,Condominium,10,Spadina-Fort York
3428302,STR-2206-GPYKVG,494 Northcliffe Blvd,BSMT,M6E,Single/Semi-detached House,12,Toronto-St. Paul's
3428303,STR-2206-HMSKVK,270 Beatrice St,3,M6G,Apartment,11,University-Rosedale
3428304,STR-2206-GQPXVG,41 Wild Rose Gdns,Main,M6L,Single/Semi-detached House,5,York South-Weston
3428305,STR-2206-GXVXVH,12 York St,4908,M5J,Condominium,10,Spadina-Fort York
3428306,STR-2206-HWPXVL,157 Rosewell Ave,,M4R,Single/Semi-detached House,8,Eglinton-Lawrence
3428307,STR-2206-JDVXVM,56 Ford St,,M6N,Single/Semi-detached House,9,Davenport
3428308,STR-2206-FSLKVC,151 Avenue Rd,604,M5R,Condominium,11,University-Rosedale
3428309,STR-2206-GHYKVF,8 Charlotte St,1104,M5V,Condominium,10,Spadina-Fort York
3428310,STR-2206-FKVXVB,32 Glenora Ave,,M6C,Single/Semi-detached House,12,Toronto-St. Paul's
3428311,STR-2206-FTBXVC,105 Dewhurst Blvd,,M4J,Single/Semi-detached House,14,Toronto-Danforth
3428312,STR-2206-GSLKVG,47 Grantbrook St,,M2R,Single/Semi-detached House,18,Willowdale
3428313,STR-2206-GZSKVH,492 Shaw St,,M6G,Townhouse/ Row House,11,University-Rosedale
3428314,STR-2206-HHYKVJ,21 Hilldale Rd,,M6N,Single/Semi-detached House,5,York South-Weston
3428315,STR-2206-HZDDVM,466 Pape Ave,B,M4K,Duplex/Triplex/Fourplex,14,Toronto-Danforth
3428316,STR-2206-HBZRVJ,155 Yorkville Ave,1806,M5R,Condominium,11,University-Rosedale
3428317,STR-2206-GGDDVF,320 Euclid Ave,Main,M6J,Duplex/Triplex/Fourplex,11,University-Rosedale
3428318,STR-2206-GPKDVG,351 Manning Ave,1,M6J,Duplex/Triplex/Fourplex,11,University-Rosedale
3428319,STR-2206-HVKDVL,757 Queen St E,,M4M,Apartment,14,Toronto-Danforth
3428320,STR-2206-JCRDVM,1158 College St,2,M6H,Duplex/Triplex/Fourplex,9,Davenport
3428321,STR-2206-FHZRVB,22 Wuthering Heights Rd,,M1C,Townhouse/ Row House,25,Scarborough-Rouge Park
3428322,STR-2206-FRGRVC,2 Anndale Dr,2901,M2N,Condominium,18,Willowdale
3428323,STR-2206-HVZRVL,19 Markham St,2,M6J,Duplex/Triplex/Fourplex,10,Spadina-Fort York
3428324,STR-2206-FZDDVD,73 Gormley Ave,,M4V,Single/Semi-detached House,12,Toronto-St. Paul's
3428325,STR-2206-GXXDVH,15 Nora Rd,,M9A,Single/Semi-detached House,3,Etobicoke-Lakeshore
3428326,STR-2206-FKGRVB,300 Front St W,1014,M5V,Condominium,10,Spadina-Fort York
3428327,STR-2206-GRGRVG,90 Garthdale Crt,,M3H,Single/Semi-detached House,6,York Centre
3428328,STR-2206-GYMRVH,211 Nairn Ave,BSMT,M6E,Single/Semi-detached House,9,Davenport
3428329,STR-2206-JGDDVM,250 Wellington St W,1628,M5V,Condominium,10,Spadina-Fort York
3428330,STR-2206-FLMRVB,8 Mc Gee St,,M4M,Townhouse/ Row House,14,Toronto-Danforth
3428331,STR-2206-GBZRVD,61 Dane Ave,,M6A,Single/Semi-detached House,8,Eglinton-Lawrence
3428332,STR-2206-GSMRVG,24 Wyndham St,,M6K,Single/Semi-detached House,9,Davenport
3428333,STR-2206-GZTRVH,140 Simcoe St,1209,M5H,Condominium,10,Spadina-Fort York
3428334,STR-2206-FDYKVB,19 Bournville Dr,,M1E,Single/Semi-detached House,24,Scarborough-Guildwood
3428335,STR-2206-GCSKVF,23 Kilbarry Rd,,M5P,Single/Semi-detached House,12,Toronto-St. Paul's
3428336,STR-2206-HJSKVK,270 Wellington St W,415,M5V,Condominium,10,Spadina-Fort York
3428337,STR-2206-FMVXVC,241 Emerson Ave,,M6H,Single/Semi-detached House,9,Davenport
3428338,STR-2206-HCBXVJ,501 Markham St,5,M6G,Duplex/Triplex/Fourplex,11,University-Rosedale
3428339,STR-2206-HZVXVM,45 Gillespie Ave,1,M6N,Duplex/Triplex/Fourplex,9,Davenport
3428340,STR-2206-FWSKVD,786 Crawford St,100,M6G,Duplex/Triplex/Fourplex,11,University-Rosedale
3428341,STR-2206-GMFKVG,56 Marchmount Rd,Upper,M6G,Single/Semi-detached House,12,Toronto-St. Paul's
3428342,STR-2206-HCSKVJ,832 Bay St,4306,M5S,Condominium,11,University-Rosedale
3428343,STR-2206-FQBXVC,80 Western Battery Rd,2308,M6K,Condominium,10,Spadina-Fort York
3428344,STR-2206-GMVXVG,86 Watson St,,M1C,Single/Semi-detached House,25,Scarborough-Rouge Park
3428345,STR-2206-FQSKVC,1007 Ossington Ave,,M6G,Single/Semi-detached House,11,University-Rosedale
3428346,STR-2206-GGFKVF,60 Teignmouth Ave,,M6E,Single/Semi-detached House,9,Davenport
3428347,STR-2206-GPLKVG,116 George St,N305,M5A,Condominium,13,Toronto Centre
3428348,STR-2206-GWSKVH,114 Robina Ave,,M6C,Townhouse/ Row House,9,Davenport
3428349,STR-2206-HMFKVK,7 Lukow Ter,Upper,M6R,Single/Semi-detached House,4,Parkdale-High Park
3428350,STR-2206-GQBXVG,54 Hamilton St,,M4M,Townhouse/ Row House,14,Toronto-Danforth
3428351,STR-2206-HWBXVL,151 Dan Leckie Way,2301,M5V,Condominium,10,Spadina-Fort York
3428352,STR-2206-GQSKVG,452 Lansdowne Ave,,M6H,Single/Semi-detached House,9,Davenport
3428353,STR-2206-GXYKVH,151 Dan Leckie Way,341,M5V,Condominium,10,Spadina-Fort York
3428354,STR-2206-HGFKVJ,46 Clydesdale Dr,,M2J,Single/Semi-detached House,17,Don Valley North
3428355,STR-2206-HWSKVL,58 Cuffley Cres S,,M3K,Single/Semi-detached House,6,York Centre
3428356,STR-2206-FKHXVB,47 Katie Crt,Main,M6L,Single/Semi-detached House,5,York South-Weston
3428357,STR-2206-GJBXVF,267 Christie St,,M6G,Single/Semi-detached House,11,University-Rosedale
3428358,STR-2206-FTFKVC,361 Front St W,1502,M5V,Condominium,10,Spadina-Fort York
3428359,STR-2206-HXYKVL,350 Queens Quay W,1906,M5V,Apartment,10,Spadina-Fort York
3428360,STR-2206-GKHXVF,155 Legion Rd N,2712,M8Y,Condominium,3,Etobicoke-Lakeshore
3428361,STR-2206-HRHXVK,869 Coxwell Ave,,M4C,Single/Semi-detached House,19,Beaches-East York
3428362,STR-2206-FDZRVB,27 Ray Ave,,M6M,Duplex/Triplex/Fourplex,5,York South-Weston
3428363,STR-2206-GTGRVH,65 Turntable Cres,92,M6H,Townhouse/ Row House,9,Davenport
3428364,STR-2207-GTXDVH,14 York St,710,M5J,Condominium,10,Spadina-Fort York
3428365,STR-2207-HSRDVL,26 Fieldway Rd,42,M8Z,Condominium,3,Etobicoke-Lakeshore
3428366,STR-2207-GMGRVG,224 Hallam St,Main Floor,M6H,Duplex/Triplex/Fourplex,9,Davenport
3428367,STR-2207-HKZRVK,89 Dunfield Ave,504,M4S,Condominium,12,Toronto-St. Paul's
3428368,STR-2207-JBMRVM,36 St Paul St,,M5A,Single/Semi-detached House,13,Toronto Centre
3428369,STR-2207-GCDDVD,288 Margueretta St,,M6H,Single/Semi-detached House,9,Davenport
3428370,STR-2207-FXKDVD,6 May Apple Ter,,M1E,Single/Semi-detached House,25,Scarborough-Rouge Park
3428371,STR-2207-HDKDVJ,192 Pacific Ave,,M6P,Single/Semi-detached House,4,Parkdale-High Park
3428372,STR-2207-JCDDVM,723 Cosburn Ave,Main,M4C,Single/Semi-detached House,19,Beaches-East York
3428373,STR-2207-FQTRVC,85 Porchester Dr,,M1J,Single/Semi-detached House,24,Scarborough-Guildwood
3428374,STR-2207-GPMRVG,151 Dan Leckie Way,205,M5V,Condominium,10,Spadina-Fort York
3428375,STR-2207-HMGRVK,78 Carr St,22,M5T,Condominium,10,Spadina-Fort York
3428376,STR-2207-HVMRVL,43 Meighen Ave,,M4B,Single/Semi-detached House,19,Beaches-East York
3428377,STR-2207-GGXDVF,24 Erindale Ave,,M4K,Single/Semi-detached House,14,Toronto-Danforth
3428378,STR-2207-HWDDVL,310 Robert St,,M5S,Single/Semi-detached House,11,University-Rosedale
3428379,STR-2207-FJTRVB,133 Port Royal Trl,,M1V,Single/Semi-detached House,23,Scarborough North
3428380,STR-2207-GQTRVG,251 Murray Ross Pkwy,,M3J,Single/Semi-detached House,7,Humber River-Black Creek
3428381,STR-2207-HPMRVK,12 Esgore Dr,,M5M,Single/Semi-detached House,8,Eglinton-Lawrence
3428382,STR-2207-JDZRVM,10 Park Lawn Rd,2506,M8V,Condominium,3,Etobicoke-Lakeshore
3428383,STR-2207-FSRDVC,2798 Eglinton Ave E,8,M1J,Townhouse/ Row House,21,Scarborough Centre
3428384,STR-2207-HQDDVK,151 Dan Leckie Way,756,M5V,Condominium,10,Spadina-Fort York
3428385,STR-2207-HXKDVL,54 Duncannon Dr,,M5P,Single/Semi-detached House,12,Toronto-St. Paul's
3428386,STR-2207-FTXDVC,300 Front St W,1602,M5V,Condominium,10,Spadina-Fort York
3428387,STR-2207-HYRDVL,47 Bonnydon Cres,,M1B,Single/Semi-detached House,25,Scarborough-Rouge Park
3428388,STR-2207-FMHXVC,49 White Birch Rd,,M1N,Single/Semi-detached House,20,Scarborough Southwest
3428389,STR-2207-GTHXVH,140 Simcoe St,1003,M5H,Condominium,10,Spadina-Fort York
3428390,STR-2207-GLSKVG,37 Ashburnham Rd,,M6H,Single/Semi-detached House,9,Davenport
3428391,STR-2207-FWVXVD,1824 Gerrard St E,,M4L,Single/Semi-detached House,19,Beaches-East York
3428392,STR-2207-GVPXVH,114 Denton Ave,,M1L,Single/Semi-detached House,20,Scarborough Southwest
3428393,STR-2207-FXLKVD,12 York St,2302,M5J,Condominium,10,Spadina-Fort York
3428394,STR-2207-GFSKVF,66 Lanark Ave,,M6E,Townhouse/ Row House,12,Toronto-St. Paul's
3428395,STR-2207-HDLKVJ,99 Westhumber Blvd,Lower,M9W,Duplex/Triplex/Fourplex,1,Etobicoke North
3428396,STR-2207-HTYKVL,26 Carus Ave,,M6G,Single/Semi-detached House,12,Toronto-St. Paul's
3428397,STR-2207-JCFKVM,50 West Ave,Basement,M4M,Single/Semi-detached House,14,Toronto-Danforth
3428398,STR-2207-FHPXVB,215 Fort York Blvd,3203,M5V,Condominium,10,Spadina-Fort York
3428399,STR-2207-FQVXVC,30 Breadner Dr,,M9R,Single/Semi-detached House,2,Etobicoke Centre
3428400,STR-2207-GGHXVF,24 Glenavy Ave,,M4P,Single/Semi-detached House,15,Don Valley West
3428401,STR-2207-HVPXVL,16 Lightbourn Ave,,M6H,Townhouse/ Row House,9,Davenport
3428402,STR-2207-JCVXVM,617 Wellington St W,,M5V,Townhouse/ Row House,10,Spadina-Fort York
3428403,STR-2207-FJFKVB,579A Kennedy Rd,,M1K,Duplex/Triplex/Fourplex,20,Scarborough Southwest
3428404,STR-2207-HFSKVJ,1 Shaw St,1029,M6K,Apartment,10,Spadina-Fort York
3428405,STR-2207-HMYKVK,560 Front St W,606,M5V,Condominium,10,Spadina-Fort York
3428406,STR-2207-HWVXVL,30 Western Battery Rd,329,M6K,Condominium,10,Spadina-Fort York
3428407,STR-2207-FSSKVC,62 Bellwoods Ave,,M6J,Single/Semi-detached House,10,Spadina-Fort York
3428408,STR-2207-FZYKVD,210 Victoria St,4008,M5B,Condominium,13,Toronto Centre
3428409,STR-2207-HQFKVK,41 Winter Ave,,M1K,Single/Semi-detached House,20,Scarborough Southwest
3428410,STR-2207-GBPXVD,26 Glacier Cres,,M1X,Single/Semi-detached House,23,Scarborough North
3428411,STR-2207-GZHXVH,151 Dan Leckie Way,608,M5V,Condominium,10,Spadina-Fort York
3428412,STR-2207-HQVXVK,30 Nelson St,1409,M5V,Condominium,10,Spadina-Fort York
3428413,STR-2207-FLSKVB,175 Lisgar St,,M6J,Single/Semi-detached House,9,Davenport
3428414,STR-2207-GCFKVD,300 Front St W,4002,M5V,Condominium,10,Spadina-Fort York
3428415,STR-2207-GKLKVF,4 Bryant Ave,,M4C,Single/Semi-detached House,19,Beaches-East York
3428416,STR-2207-GZYKVH,915 King St W,303,M6K,Apartment,10,Spadina-Fort York
3428417,STR-2207-HJFKVJ,573 Conacher Dr,,M2M,Single/Semi-detached House,18,Willowdale
3428418,STR-2207-HRLKVK,209 Fort York Blvd,579,M5V,Condominium,10,Spadina-Fort York
3428419,STR-2207-FFDDVB,14 York St,512,M5J,Condominium,10,Spadina-Fort York
3428420,STR-2207-FVRDVD,14 York St,908,M5J,Condominium,10,Spadina-Fort York
3428421,STR-2207-HZKDVM,50 Gillespie Ave,,M6N,Single/Semi-detached House,9,Davenport
3428422,STR-2207-FFTRVB,16 True Davidson Dr,,M4W,Single/Semi-detached House,11,University-Rosedale
3428423,STR-2207-GDMRVF,743 Manning Ave,,M6G,Single/Semi-detached House,11,University-Rosedale
3428424,STR-2207-HCGRVJ,168 Simcoe St,508,M5H,Condominium,10,Spadina-Fort York
3428425,STR-2207-HSTRVL,107 Rainier Sq,,M1T,Single/Semi-detached House,22,Scarborough-Agincourt
3428426,STR-2207-FGZRVB,56 Blandford St,,M6E,Single/Semi-detached House,12,Toronto-St. Paul's
3428427,STR-2207-FXMRVD,408 Brown's Line,206,M8W,Condominium,3,Etobicoke-Lakeshore
3428428,STR-2207-GMZRVG,300 Front St W,3104,M5V,Condominium,10,Spadina-Fort York
3428429,STR-2207-GWGRVH,35 Beatrice St,,M6J,Single/Semi-detached House,11,University-Rosedale
3428430,STR-2207-HLTRVK,200 Bogert Ave,Upper,M2N,Single/Semi-detached House,18,Willowdale
3428431,STR-2207-FYTRVD,88 Harbord St,Upper,M5S,Apartment,11,University-Rosedale
3428432,STR-2207-GGZRVF,154 Symington Ave,Basement,M6P,Single/Semi-detached House,9,Davenport
3428433,STR-2207-HMZRVK,14 York St,1605,M5J,Condominium,10,Spadina-Fort York
3428434,STR-2207-GYDDVH,73 Ellerbeck St,,M4K,Single/Semi-detached House,14,Toronto-Danforth
3428435,STR-2207-HGKDVJ,188 Cumberland St,1402,M5R,Condominium,11,University-Rosedale
3428436,STR-2207-FSTRVC,12 Hearthstone Cres,,M2R,Single/Semi-detached House,6,York Centre
3428437,STR-2207-GYTRVH,132 Ardwick Blvd,Main,M9M,Single/Semi-detached House,7,Humber River-Black Creek
3428438,STR-2207-GSDDVG,624 Shaw St,,M6G,Single/Semi-detached House,11,University-Rosedale
3428439,STR-2207-FLFPHB,164 Alton Ave,,M4L,Single/Semi-detached House,14,Toronto-Danforth
3428440,STR-2207-HHRDVJ,93 Springhurst Ave,,M6K,Single/Semi-detached House,4,Parkdale-High Park
3428441,STR-2207-HYDDVL,955 Bay St,2001,M5S,Condominium,13,Toronto Centre
3428442,STR-2207-FDQBHB,155 Yorkville Ave,1418,M5R,Condominium,11,University-Rosedale
3428443,STR-2207-GKQBHG,59 Ossington Ave,2,M6J,Apartment,10,Spadina-Fort York
3428444,STR-2207-GSWBHH,300 Front St W,2108,M5V,Apartment,10,Spadina-Fort York
3428445,STR-2207-FFFPHB,1384 Queen St W,1,M6K,Apartment,4,Parkdale-High Park
3428446,STR-2207-GCYPHF,838 Sammon Ave,,M4C,Single/Semi-detached House,19,Beaches-East York
3428447,STR-2207-GTLPHH,28 Lippincott St,Main,M5T,Townhouse/ Row House,11,University-Rosedale
3428448,STR-2207-HBSPHJ,39 Sherbourne St,903,M5A,Condominium,13,Toronto Centre
3428449,STR-2207-FFWBHB,830 Dundas St W,2nd Floor,M6J,Apartment,11,University-Rosedale
3428450,STR-2207-FPCBHC,300 Front St W,803,M5V,Apartment,10,Spadina-Fort York
3428451,STR-2207-GLWBHG,11 Livingstone Ave,,M6E,Single/Semi-detached House,8,Eglinton-Lawrence
3428452,STR-2207-GFFPHF,37 Firgrove Cres,20,M3N,Townhouse/ Row House,7,Humber River-Black Creek
3428453,STR-2207-JCJBHM,10 Capreol Crt,1009,M5V,Condominium,10,Spadina-Fort York
3428454,STR-2207-FHSPHB,108 Hertle Ave,,M4L,Single/Semi-detached House,14,Toronto-Danforth
3428455,STR-2207-FQYPHC,300 Front St W,4801,M5V,Condominium,10,Spadina-Fort York
3428456,STR-2207-FYFPHD,10 Walmer Rd,303,M5R,Apartment,11,University-Rosedale
3428457,STR-2207-GWYPHH,80 Western Battery Rd,1013,M6K,Condominium,10,Spadina-Fort York
3428458,STR-2207-HMLPHK,68 Carr St,16,M5T,Townhouse/ Row House,10,Spadina-Fort York
3428459,STR-2207-GQJBHG,151 Dan Leckie Way,701,M5V,Condominium,10,Spadina-Fort York
3428460,STR-2207-HFWBHJ,120 Lisgar St,Upper,M6J,Townhouse/ Row House,9,Davenport
3428461,STR-2207-HPCBHK,8 Gladstone Ave,705,M6J,Condominium,9,Davenport
3428462,STR-2207-FJYPHB,12 Norwin St,,M2M,Single/Semi-detached House,18,Willowdale
3428463,STR-2207-HPSPHK,667 Eglinton Ave E,,M4G,Single/Semi-detached House,15,Don Valley West
3428464,STR-2207-HWYPHL,20 Shore Breeze Dr,223,M8V,Condominium,3,Etobicoke-Lakeshore
3428465,STR-2207-GBCBHD,30 Berkindale Dr,,M2L,Single/Semi-detached House,15,Don Valley West
3428466,STR-2207-HHCBHJ,588 Yonge St,3,M4Y,Apartment,13,Toronto Centre
3428467,STR-2207-JGLPHM,14 York St,5906,M5J,Condominium,10,Spadina-Fort York
3428468,STR-2207-FDRHHB,101 Reiner Rd,,M3H,Single/Semi-detached House,6,York Centre
3428469,STR-2207-FLXHHC,70 Borden St,,M5S,Townhouse/ Row House,11,University-Rosedale
3428470,STR-2207-HJKHHK,433 Roxton Rd,2,M6G,Single/Semi-detached House,11,University-Rosedale
3428471,STR-2207-GCZVHF,39 Lankin Blvd,,M4J,Single/Semi-detached House,14,Toronto-Danforth
3428472,STR-2207-GLGVHG,12 York St,3307,M5J,Condominium,10,Spadina-Fort York
3428473,STR-2207-GLXHHG,3091 Dufferin St,828,M6A,Condominium,8,Eglinton-Lawrence
3428474,STR-2207-FPTVHC,210 Victoria St,3013,M5B,Condominium,13,Toronto Centre
3428475,STR-2207-HTMVHL,161 Euclid Ave,,M6J,Single/Semi-detached House,10,Spadina-Fort York
3428476,STR-2207-HDRHHJ,955 Bay St,3806,M5S,Condominium,13,Toronto Centre
3428477,STR-2207-HLXHHK,389 Lansdowne Ave,,M6H,Single/Semi-detached House,9,Davenport
3428478,STR-2207-HMMVHK,219 Fort York Blvd,1804,M5V,Condominium,10,Spadina-Fort York
3428479,STR-2207-HFXHHJ,51 Jefferson Ave,102,M6K,Apartment,10,Spadina-Fort York
3428480,STR-2207-FJZVHB,204 Bogert Ave,,M2N,Single/Semi-detached House,18,Willowdale
3428481,STR-2207-HWZVHL,301 Dudley Ave,,M2N,Single/Semi-detached House,18,Willowdale
3428482,STR-2207-JFGVHM,10 Macey Ave,809,M1L,Apartment,20,Scarborough Southwest
3428483,STR-2207-GBDHHD,10 Park Lawn Rd,3309,M8V,Condominium,3,Etobicoke-Lakeshore
3428484,STR-2207-GRRHHG,25 Stafford St,408,M5V,Condominium,10,Spadina-Fort York
3428485,STR-2207-FTMVHC,85 Penmarric Pl,,M1V,Single/Semi-detached House,23,Scarborough North
3428486,STR-2207-GZMVHH,9 Henderson Ave,,M6J,Single/Semi-detached House,11,University-Rosedale
3428487,STR-2207-HHTVHJ,266 Gowan Ave,,M4J,Single/Semi-detached House,14,Toronto-Danforth
3428488,STR-2207-HQZVHK,1531 Islington Ave,,M9A,Single/Semi-detached House,2,Etobicoke Centre
3428489,STR-2207-FLYPHC,352 Front St W,814,M5V,Condominium,10,Spadina-Fort York
3428490,STR-2207-GKSPHG,209 Fort York Blvd,957,M5V,Condominium,10,Spadina-Fort York
3428491,STR-2207-HBFPHJ,109A Robinson Ave,,M1L,Single/Semi-detached House,20,Scarborough Southwest
3428492,STR-2207-HJLPHK,305 St George St,Upper,M5R,Single/Semi-detached House,11,University-Rosedale
3428493,STR-2207-FMQBHC,56 Houston Cres,,M2J,Single/Semi-detached House,17,Don Valley North
3428494,STR-2207-HBWBHJ,93 Ashbourne Dr,,M9B,Single/Semi-detached House,2,Etobicoke Centre
3428495,STR-2207-GVFPHH,65 Bremner Blvd,4507,M5J,Condominium,10,Spadina-Fort York
3428496,STR-2207-JBFPHM,252 Royal York Rd,211,M8V,Townhouse/ Row House,3,Etobicoke-Lakeshore
3428497,STR-2207-FXCBHD,106 Mountview Ave,,M6P,Single/Semi-detached House,4,Parkdale-High Park
3428498,STR-2207-HLJBHK,106 Mountview Ave,,M6P,Single/Semi-detached House,4,Parkdale-High Park
3428499,STR-2207-FQLPHC,12 Pebblewood Ave,,M1V,Townhouse/ Row House,23,Scarborough North
3428500,STR-2207-GWLPHH,11 Alessia Crcl,,M6E,Single/Semi-detached House,9,Davenport
3428501,STR-2207-JCLPHM,300 Front St W,310,M5V,Condominium,10,Spadina-Fort York
3428502,STR-2207-FRCBHC,300 Front St W,713,M5V,Condominium,10,Spadina-Fort York
3428503,STR-2207-GPWBHG,536 Bathurst St,Upper,M5S,Duplex/Triplex/Fourplex,11,University-Rosedale
3428504,STR-2207-GHFPHF,29 Esther Lorrie Dr,,M9W,Single/Semi-detached House,1,Etobicoke North
3428505,STR-2207-HWLPHL,42 Haig Ave,,M1N,Single/Semi-detached House,20,Scarborough Southwest
3428506,STR-2208-HPWBHK,87 Peter St,3710,M5V,Condominium,10,Spadina-Fort York
3428507,STR-2208-GJLPHF,84 Edith Dr,Main Unit,M4R,Single/Semi-detached House,8,Eglinton-Lawrence
3428508,STR-2208-GYYPHH,725 Dupont St,Main,M6G,Single/Semi-detached House,11,University-Rosedale
3428509,STR-2208-FLJBHB,300 Front St W,407,M5V,Condominium,10,Spadina-Fort York
3428510,STR-2208-GBWBHD,20 Blue Jays Way,601,M5V,Apartment,10,Spadina-Fort York
3428511,STR-2208-GSZVHH,397 Front St W,2712,M5V,Condominium,10,Spadina-Fort York
3428512,STR-2208-HBGVHJ,443 St Clarens Ave,,M6H,Single/Semi-detached House,9,Davenport
3428513,STR-2208-GDDHHF,25 Lappin Ave,,M6H,Single/Semi-detached House,9,Davenport
3428514,STR-2208-HBXHHJ,103 Palmerston Ave,,M6J,Single/Semi-detached House,10,Spadina-Fort York
3428515,STR-2208-HKDHHK,489 Ontario St,,M4X,Single/Semi-detached House,13,Toronto Centre
3428516,STR-2208-HSKHHL,858 Danforth Rd,,M1K,Single/Semi-detached House,20,Scarborough Southwest
3428517,STR-2208-FFZVHB,51 Morewood Cres,,M2K,Single/Semi-detached House,17,Don Valley North
3428518,STR-2208-GLZVHG,61 St Georges Blvd,,M9R,Single/Semi-detached House,1,Etobicoke North
3428519,STR-2208-GVGVHH,21 Iceboat Ter,1709,M5V,Condominium,10,Spadina-Fort York
3428520,STR-2208-HKTVHK,257 Perth Ave,Upper,M6P,Single/Semi-detached House,9,Davenport
3428521,STR-2208-HSZVHL,21 Iceboat Ter,2815,M5V,Condominium,10,Spadina-Fort York
3428522,STR-2208-JBXHHM,53 Lilian Dr,,M1R,Single/Semi-detached House,21,Scarborough Centre
3428523,STR-2208-FQMVHC,151 Chaplin Cres,,M5P,Single/Semi-detached House,12,Toronto-St. Paul's
3428524,STR-2208-GPGVHG,325 Carlton St,,M5A,Single/Semi-detached House,13,Toronto Centre
3428525,STR-2208-HDTVHJ,33 Iceboat Ter,G19,M5V,Condominium,10,Spadina-Fort York
3428526,STR-2208-GPXHHG,94 Geoffrey St,,M6R,Single/Semi-detached House,4,Parkdale-High Park
3428527,STR-2208-GYZVHH,24 Coe Hill Dr,,M6S,Single/Semi-detached House,4,Parkdale-High Park
3428528,STR-2208-GXTVHH,151 Dan Leckie Way,1037,M5V,Condominium,10,Spadina-Fort York
3428529,STR-2208-HPGVHK,155 Yorkville Ave,2716,M5R,Condominium,11,University-Rosedale
3428530,STR-2208-JDTVHM,29 Clissold Rd,Unit B,M8Z,Single/Semi-detached House,3,Etobicoke-Lakeshore
3428531,STR-2208-FZRHHD,497 Warden Ave,,M1L,Single/Semi-detached House,20,Scarborough Southwest
3428532,STR-2208-GYKHHH,238 Horsham Ave,,M2N,Single/Semi-detached House,18,Willowdale
3428533,STR-2208-GBGVHD,879 St Clair Ave W,Unit 1,M6C,Apartment,9,Davenport
3428534,STR-2208-FLKHHB,160 Margueretta St,Upstairs,M6H,Single/Semi-detached House,9,Davenport
3428535,STR-2208-HBJBHJ,116 Seventh St,,M8V,Single/Semi-detached House,3,Etobicoke-Lakeshore
3428536,STR-2208-HRWBHL,1109 Ossington Ave,,M6G,Single/Semi-detached House,12,Toronto-St. Paul's
3428537,STR-2208-HKFPHK,172 Old Sheppard Ave,,M2J,Single/Semi-detached House,17,Don Valley North
3428538,STR-2208-GMCBHG,636 Evans Ave,2,M8W,Single/Semi-detached House,3,Etobicoke-Lakeshore
3428539,STR-2208-HTCBHL,56 Peterborough Ave,,M6H,Single/Semi-detached House,9,Davenport
3428540,STR-2208-JBJBHM,172 Alfred Ave,,M2N,Single/Semi-detached House,18,Willowdale
3428541,STR-2208-HLLPHK,82 Lincoln Ave,,M6S,Single/Semi-detached House,4,Parkdale-High Park
3428542,STR-2208-HTSPHL,80 Dallimore Crcl,,M3C,Townhouse/ Row House,16,Don Valley East
3428543,STR-2208-FXWBHD,42 Melville Ave,,M6G,Single/Semi-detached House,11,University-Rosedale
3428544,STR-2208-HMCBHK,100B Seventeenth St,,M8V,Single/Semi-detached House,3,Etobicoke-Lakeshore
3428545,STR-2208-FYLPHD,43 Hillsboro Ave,3,M5R,Apartment,11,University-Rosedale
3428546,STR-2208-HVYPHL,3022 BAYVIEW AVE,,M2N,Single/Semi-detached House,18,Willowdale
3428547,STR-2208-FZCBHD,478 Bloor St W,1,M5S,Apartment,11,University-Rosedale
3428548,STR-2208-GQQBHG,185 Torresdale Ave,,M2R,Single/Semi-detached House,6,York Centre
3428549,STR-2208-HPJBHK,8 Wellesley St E,7,M4Y,Condominium,13,Toronto Centre
3428550,STR-2208-HWQBHL,120 Homewood Ave,1108,M4Y,Condominium,13,Toronto Centre
3428551,STR-2208-JFLPHM,321 Sherbourne St,409,M5A,Apartment,13,Toronto Centre
3428552,STR-2208-GRWBHG,561 Sherbourne St,3603,M4X,Apartment,13,Toronto Centre
3428553,STR-2208-JGCBHM,77 Maitland Pl,601,M4Y,Condominium,13,Toronto Centre
3428554,STR-2208-FTSPHC,110 Winnett Ave,,M6C,Single/Semi-detached House,12,Toronto-St. Paul's
3428555,STR-2208-GKFPHF,66 Rosemount Ave,,M9N,Single/Semi-detached House,5,York South-Weston
3428556,STR-2208-HHYPHJ,83 Mondeo Dr,121,M1P,Townhouse/ Row House,21,Scarborough Centre
3428557,STR-2208-GKXHHG,119 McGill St,Upper,M5B,Duplex/Triplex/Fourplex,13,Toronto Centre
3428558,STR-2208-FMTVHC,236 Lauder Ave,,M6E,Single/Semi-detached House,9,Davenport
3428559,STR-2208-FVZVHD,6 Eva Rd,1209,M9C,Condominium,2,Etobicoke Centre
3428560,STR-2208-FWRHHD,117 William Duncan Rd,,M3K,Townhouse/ Row House,6,York Centre
3428561,STR-2208-HZFPHM,62 Marion St,Upper,M6R,Single/Semi-detached House,4,Parkdale-High Park
3428562,STR-2208-GFMVHF,300 Front St W,3404,M5V,Condominium,10,Spadina-Fort York
3428563,STR-2208-GMTVHG,30 Canerouth Dr,,M9C,Single/Semi-detached House,2,Etobicoke Centre
3428564,STR-2208-GVZVHH,8 Frivick Crt,,M2M,Single/Semi-detached House,18,Willowdale
3428565,STR-2208-FHKHHB,426 Queen St E,206,M5A,Apartment,13,Toronto Centre
3428566,STR-2208-GWRHHH,21 Montrose Ave,Basement,M6J,Single/Semi-detached House,11,University-Rosedale
3428567,STR-2208-GGTVHF,280 Woburn Ave,,M5M,Single/Semi-detached House,8,Eglinton-Lawrence
3428568,STR-2208-HFMVHJ,481 Concord Ave,,M6H,Single/Semi-detached House,9,Davenport
3428569,STR-2208-FRXHHC,12 Glenavon Rd,1,M6K,Single/Semi-detached House,4,Parkdale-High Park
3428570,STR-2208-FZDHHD,24 Westbrook Ave,,M4C,Single/Semi-detached House,19,Beaches-East York
3428571,STR-2208-GHKHHF,48 Commonwealth Ave,,M1K,Single/Semi-detached House,20,Scarborough Southwest
3428572,STR-2208-FZTVHD,27 Dixon Rd,,M9P,Single/Semi-detached House,2,Etobicoke Centre
3428573,STR-2208-GRGVHG,11 Jacinta Dr,,M6L,Single/Semi-detached House,5,York South-Weston
3428574,STR-2208-HPZVHK,100 Dupont St,2,M5R,Townhouse/ Row House,11,University-Rosedale
3428575,STR-2208-JFMVHM,8 Ferndale Ave,,M4T,Single/Semi-detached House,12,Toronto-St. Paul's
3428576,STR-2208-HRGVHK,67 Frater Ave,,M4C,Single/Semi-detached House,19,Beaches-East York
3428577,STR-2208-JGTVHM,31 Lewis St,2,M4M,Single/Semi-detached House,14,Toronto-Danforth
3428578,STR-2208-GCSPHF,221 Sterling Rd,16,M6R,Apartment,9,Davenport
3428579,STR-2208-HBLPHJ,12 York St,2907,M5J,Condominium,10,Spadina-Fort York
3428580,STR-2208-FWSPHD,21 Iceboat Ter,825,M5V,Condominium,10,Spadina-Fort York
3428581,STR-2208-JCCBHM,208 North Carson St,2,M8W,Single/Semi-detached House,3,Etobicoke-Lakeshore
3428582,STR-2208-FHLPHB,118 Lisgar St,Upper Floor,M6J,Townhouse/ Row House,9,Davenport
3428583,STR-2208-FQSPHC,105 George St,1505,M5A,Condominium,13,Toronto Centre
3428584,STR-2208-FXYPHD,49 Westlake Cres,,M4C,Single/Semi-detached House,19,Beaches-East York
3428585,STR-2208-GGFPHF,122 Darlingside Dr,,M1E,Single/Semi-detached House,25,Scarborough-Rouge Park
3428586,STR-2208-GWSPHH,106 Berkeley St,,M5A,Townhouse/ Row House,13,Toronto Centre
3428587,STR-2208-HDYPHJ,39 Woodcrest Dr,,M9A,Single/Semi-detached House,2,Etobicoke Centre
3428588,STR-2208-JDJBHM,11 Fulford Pl,,M9R,Single/Semi-detached House,2,Etobicoke Centre
3428589,STR-2208-FKJBHB,78 William Durie Way,,M2R,Single/Semi-detached House,18,Willowdale
3428590,STR-2208-FSQBHC,80 Grandravine Dr,812,M3J,Condominium,7,Humber River-Black Creek
3428591,STR-2208-FZWBHD,568 Dovercourt Rd,,M6H,Single/Semi-detached House,9,Davenport
3428592,STR-2208-GRJBHG,6 Rolyat St,C,M6J,Single/Semi-detached House,10,Spadina-Fort York
3428593,STR-2208-JFQBHM,955 Bay St,3118,M5S,Condominium,13,Toronto Centre
3428594,STR-2208-GZFPHH,87 Peter St,PH305,M5V,Condominium,10,Spadina-Fort York
3428595,STR-2208-HXYPHL,25 Turntable Cres,125,M6H,Townhouse/ Row House,9,Davenport
3428596,STR-2208-FLQBHB,68 Woodbine Ave,,M4L,Townhouse/ Row House,19,Beaches-East York
3428597,STR-2208-HYQBHL,317 Murray Ross Pkwy,,M3J,Single/Semi-detached House,7,Humber River-Black Creek
3428598,STR-2208-FMGVHC,2 Ollerton Rd,,M3J,Single/Semi-detached House,7,Humber River-Black Creek
3428599,STR-2208-FVMVHD,53 Adamede Cres,,M2H,Single/Semi-detached House,17,Don Valley North
3428600,STR-2208-GTGVHH,300 Front St W,4308,M5V,Condominium,10,Spadina-Fort York
3428601,STR-2208-FMXHHC,181 Cottonwood Dr,,M3C,Single/Semi-detached House,16,Don Valley East
3428602,STR-2208-GTXHHH,38 Weatherell St,,M6S,Single/Semi-detached House,4,Parkdale-High Park
3428603,STR-2208-HCDHHJ,300 Front St W,3810,M5V,Condominium,10,Spadina-Fort York
3428604,STR-2208-HSRHHL,16 Crowfoot Pl,,M1W,Single/Semi-detached House,22,Scarborough-Agincourt
3428605,STR-2208-GMGVHG,12 Geoffrey St,,M6R,Townhouse/ Row House,4,Parkdale-High Park
3428606,STR-2208-HCTVHJ,499 Palmerston Blvd,Upper,M6G,Single/Semi-detached House,11,University-Rosedale
3428607,STR-2208-HTGVHL,300 Front St W,2612,M5V,Condominium,10,Spadina-Fort York
3428608,STR-2208-FQDHHC,71 Haynes Ave,,M3J,Single/Semi-detached House,7,Humber River-Black Creek
3428609,STR-2208-FXKHHD,23 Pitt Ave,,M1L,Single/Semi-detached House,20,Scarborough Southwest
3428610,STR-2208-GMXHHG,19 Harlton Cres,,M6M,Single/Semi-detached House,5,York South-Weston
3428611,STR-2208-FRKHHC,565 Sherbourne St,1911,M4X,Apartment,13,Toronto Centre
3428612,STR-2208-HFRHHJ,8 Wellesley St E,509,M4Y,Condominium,13,Toronto Centre
3428613,STR-2208-HGGVHJ,2191 Yonge St,906,M4S,Condominium,12,Toronto-St. Paul's
3428614,STR-2208-GJDHHF,98 Burbank Dr,,M2K,Single/Semi-detached House,17,Don Valley North
3428615,STR-2208-FKZVHB,31 Cloverhill Rd,,M8Y,Single/Semi-detached House,3,Etobicoke-Lakeshore
3428616,STR-2208-HHMVHJ,9 John Graham Crt,,M1B,Single/Semi-detached House,25,Scarborough-Rouge Park
3428617,STR-2208-HQTVHK,249 Harbord St,1,M6G,Duplex/Triplex/Fourplex,11,University-Rosedale
3428618,STR-2208-GZXHHH,86 Exford Dr,,M1P,Single/Semi-detached House,21,Scarborough Centre
3428619,STR-2208-HJDHHJ,14 Trenton Ter,,M6K,Townhouse/ Row House,4,Parkdale-High Park
3428620,STR-2208-HRKHHK,1201 Pharmacy Ave,,M1R,Single/Semi-detached House,21,Scarborough Centre
3428621,STR-2208-FMJBHC,270 Wellington St W,811,M5V,Condominium,10,Spadina-Fort York
3428622,STR-2208-GTJBHH,94 Snowhill Cres,,M1S,Single/Semi-detached House,23,Scarborough North
3428623,STR-2208-HJWBHK,560 Ontario St,,M4X,Townhouse/ Row House,13,Toronto Centre
3428624,STR-2208-FWWBHD,208 Queens Quay W,808,M5J,Condominium,10,Spadina-Fort York
3428625,STR-2209-HTJBHL,298 Huntsmill Blvd,,M1W,Single/Semi-detached House,22,Scarborough-Agincourt
3428626,STR-2209-HLSPHK,101 McGill St,4,M5B,Townhouse/ Row House,13,Toronto Centre
3428627,STR-2209-FYCBHD,33 Avon Ave,,M6N,Single/Semi-detached House,5,York South-Weston
3428628,STR-2209-GGJBHF,1 Conan Rd,,M9W,Single/Semi-detached House,1,Etobicoke North
3428629,STR-2209-HMJBHK,34 Rushbrooke Ave,,M4M,Single/Semi-detached House,14,Toronto-Danforth
3428630,STR-2209-JCWBHM,14 York St,3207,M5J,Condominium,10,Spadina-Fort York
3428631,STR-2209-GGYPHF,155 Yorkville Ave,1016,M5R,Condominium,11,University-Rosedale
3428632,STR-2209-GXLPHH,60 Churchill Ave,2,M6J,Duplex/Triplex/Fourplex,9,Davenport
3428633,STR-2209-FJWBHB,1 Frater Ave,,M4C,Single/Semi-detached House,19,Beaches-East York
3428634,STR-2209-HPQBHK,867 Wilson Ave,2A,M3K,Townhouse/ Row House,6,York Centre
3428635,STR-2209-HWWBHL,18 Yonge St,2209,M5E,Condominium,10,Spadina-Fort York
3428636,STR-2209-GJFPHF,64 Elderwood Dr,2,M5P,Duplex/Triplex/Fourplex,12,Toronto-St. Paul's
3428637,STR-2209-HXLPHL,227 Spadina Rd,2nd Floor,M5R,Duplex/Triplex/Fourplex,11,University-Rosedale
3428638,STR-2209-HQWBHK,209 Fort York Blvd,173,M5V,Condominium,10,Spadina-Fort York
3428639,STR-2209-FLSPHB,879 Cosburn Ave,,M4C,Single/Semi-detached House,19,Beaches-East York
3428640,STR-2209-HBRHHJ,84 Watson St,Basement,M1C,Single/Semi-detached House,25,Scarborough-Rouge Park
3428641,STR-2209-FWGVHD,20 Snowy Owl Way,,M1X,Single/Semi-detached House,23,Scarborough North
3428642,STR-2209-GTZVHH,649 Manning Ave,,M6G,Single/Semi-detached House,11,University-Rosedale
3428643,STR-2209-HZZVHM,55 Bremner Blvd,4501,M5J,Condominium,10,Spadina-Fort York
3428644,STR-2209-HTKHHL,208 Queens Quay W,3005,M5J,Condominium,10,Spadina-Fort York
3428645,STR-2209-FXMVHD,3 Edilou Dr,,M8W,Single/Semi-detached House,3,Etobicoke-Lakeshore
3428646,STR-2209-FHRHHB,80 Western Battery Rd,2111,M6K,Condominium,10,Spadina-Fort York
3428647,STR-2209-GGKHHF,463 Shuter St,,M5A,Townhouse/ Row House,13,Toronto Centre
3428648,STR-2209-GPRHHG,36 Robinson St,A,M6J,Duplex/Triplex/Fourplex,10,Spadina-Fort York
3428649,STR-2209-GWXHHH,130 Baldwin St,2,M5T,Townhouse/ Row House,11,University-Rosedale
3428650,STR-2209-HVRHHL,50 Roseheath Ave,,M4C,Single/Semi-detached House,19,Beaches-East York
3428651,STR-2209-JCXHHM,46 Spruce Hill Rd,,M4E,Single/Semi-detached House,19,Beaches-East York
3428652,STR-2209-JDMVHM,94 George Anderson Dr,,M6M,Single/Semi-detached House,5,York South-Weston
3428653,STR-2209-FJXHHB,8 Charlotte St,2608,M5V,Condominium,10,Spadina-Fort York
3428654,STR-2209-GQXHHG,165 Legion Rd N,2730,M8Y,Condominium,3,Etobicoke-Lakeshore
3428655,STR-2209-GYDHHH,215 Fort York Blvd,1907,M5V,Condominium,10,Spadina-Fort York
3428656,STR-2209-HWXHHL,1191 Pharmacy Ave,,M1R,Single/Semi-detached House,21,Scarborough Centre
3428657,STR-2209-FSTVHC,295 Dufferin St,510,M6K,Apartment,10,Spadina-Fort York
3428658,STR-2209-GYTVHH,50 Griggsden Ave,,M9P,Single/Semi-detached House,2,Etobicoke Centre
3428659,STR-2209-FLDHHB,18 Yonge St,2309,M5E,Condominium,10,Spadina-Fort York
3428660,STR-2209-JGKHHM,122 Silverhill Dr,,M9B,Single/Semi-detached House,3,Etobicoke-Lakeshore
3428661,STR-2209-HRMVHK,189 Kingsview Blvd,,M9R,Single/Semi-detached House,1,Etobicoke North
3428662,STR-2209-JGZVHM,22 Kamloops Dr,,M2J,Single/Semi-detached House,17,Don Valley North
3428663,STR-2209-GCJDVF,921 Woodbine Ave,BSMT,M4C,Single/Semi-detached House,19,Beaches-East York
3428664,STR-2209-FVSRVD,40 Carnation Ave,111,M8V,Townhouse/ Row House,3,Etobicoke-Lakeshore
3428665,STR-2209-HZLRVM,9 Maypole St,,M9B,Single/Semi-detached House,3,Etobicoke-Lakeshore
3428666,STR-2209-FWJDVD,101 Peter St,2403,M5V,Condominium,10,Spadina-Fort York
3428667,STR-2209-GLWDVG,54 Rangoon Rd,,M9C,Single/Semi-detached House,2,Etobicoke Centre
3428668,STR-2209-FGLRVB,190 Ossington Ave,2,M6J,Duplex/Triplex/Fourplex,10,Spadina-Fort York
3428669,STR-2209-FPSRVC,650 Parliament St,1216,M4X,Apartment,13,Toronto Centre
3428670,STR-2209-GVSRVH,241 Lee Ave,,M4E,Single/Semi-detached House,19,Beaches-East York
3428671,STR-2209-HTLRVL,7 Gwynne Ave,B,M6K,Townhouse/ Row House,4,Parkdale-High Park
3428672,STR-2209-FQJDVC,14 York St,4302,M5J,Condominium,10,Spadina-Fort York
3428673,STR-2209-GWJDVH,295 Waverley Rd,Main Unit,M4L,Duplex/Triplex/Fourplex,19,Beaches-East York
3428674,STR-2209-GGLRVF,53 Hazelton Ave,,M5R,Single/Semi-detached House,11,University-Rosedale
3428675,STR-2209-FJJDVB,123 Strathcona Ave,5,M4J,Townhouse/ Row House,14,Toronto-Danforth
3428676,STR-2209-FRQDVC,15 Iceboat Ter,1706,M5V,Condominium,10,Spadina-Fort York
3428677,STR-2209-JDQDVM,155 Yorkville Ave,1705,M5R,Condominium,11,University-Rosedale
3428678,STR-2209-FSFRVC,15 Iceboat Terr,Ph11,M5V,Condominium,10,Spadina-Fort York
3428679,STR-2209-FZLRVD,24 Kidbrooke Cres,,M1M,Single/Semi-detached House,20,Scarborough Southwest
3428680,STR-2209-FSWDVC,81 Byng Ave,,M1L,Single/Semi-detached House,20,Scarborough Southwest
3428681,STR-2209-GRQDVG,248 Dovercourt Rd,BSMT,M6J,Duplex/Triplex/Fourplex,9,Davenport
3428682,STR-2209-JFWDVM,52 Balfour Ave,,M4C,Townhouse/ Row House,19,Beaches-East York
3428683,STR-2209-JGLRVM,95 Bathurst St,1404,M5V,Condominium,10,Spadina-Fort York
3428684,STR-2209-FDRKVB,93 Dearbourne Ave,,M4K,Single/Semi-detached House,14,Toronto-Danforth
3428685,STR-2209-HBDKVJ,28 Linden St,1906,M4Y,Condominium,13,Toronto Centre
3428686,STR-2209-HRRKVL,7 Craven Rd,Main Unit,M4L,Single/Semi-detached House,14,Toronto-Danforth
3428687,STR-2209-FVTXVD,101 Glen Long Ave,,M6B,Single/Semi-detached House,8,Eglinton-Lawrence
3428688,STR-2209-GLGXVG,117 Sheridan Ave,1,M6K,Single/Semi-detached House,9,Davenport
3428689,STR-2209-HQZXVK,16 Mallon Ave,,M4M,Single/Semi-detached House,14,Toronto-Danforth
3428690,STR-2209-FFXKVB,74 Dale Ave,,M4W,Single/Semi-detached House,11,University-Rosedale
3428691,STR-2209-HSXKVL,33 Westlake Ave,,M4C,Single/Semi-detached House,19,Beaches-East York
3428692,STR-2209-FWZXVD,8 Wellesley St E,501,M4Y,Condominium,13,Toronto Centre
3428693,STR-2209-GMMXVG,300 Front St W,3806,M5V,Condominium,10,Spadina-Fort York
3428694,STR-2209-HDRKVJ,95 Green Meadows Crcl,,M2J,Single/Semi-detached House,17,Don Valley North
3428695,STR-2209-HXRKVL,21 Orchard Park Blvd,,M4L,Single/Semi-detached House,19,Beaches-East York
3428696,STR-2209-HVDKVL,36 Milton St,,M8Y,Single/Semi-detached House,3,Etobicoke-Lakeshore
3428697,STR-2209-FHTXVB,16 Brightview Cres,,M1E,Single/Semi-detached House,25,Scarborough-Rouge Park
3428698,STR-2209-GQKKVG,35 Kenneth Ave,,M2N,Single/Semi-detached House,18,Willowdale
3428699,STR-2209-HGMXVJ,151 Dan Leckie Way,615,M5V,Condominium,10,Spadina-Fort York
3428700,STR-2209-GJKKVF,22 Western Battery Rd,122,M6K,Townhouse/ Row House,10,Spadina-Fort York
3428701,STR-2209-GRRKVG,117 Falstaff Ave,,M6L,Single/Semi-detached House,5,York South-Weston
3428702,STR-2209-JFXKVM,37 St Andrews Blvd,,M9R,Single/Semi-detached House,1,Etobicoke North
3428703,STR-2209-FLGXVB,50 Foxbar Rd,,M4V,Single/Semi-detached House,12,Toronto-St. Paul's
3428704,STR-2209-GSGXVG,10 Oakfield Dr,,M8Y,Single/Semi-detached House,3,Etobicoke-Lakeshore
3428705,STR-2209-FDSRVB,58 Langside Ave,Upper,M9N,Single/Semi-detached House,5,York South-Weston
3428706,STR-2209-GSYRVH,82 Lansdowne Ave,,M6K,Townhouse/ Row House,4,Parkdale-High Park
3428707,STR-2209-HBFRVJ,17 Purdon Dr,,M3H,Single/Semi-detached House,6,York Centre
3428708,STR-2209-HRSRVL,436 Clinton St,Laneway House,M6G,Single/Semi-detached House,11,University-Rosedale
3428709,STR-2209-GDCDVF,141 Booth Ave,,M4M,Single/Semi-detached House,14,Toronto-Danforth
3428710,STR-2209-GTQDVH,32 Alma Ave,1,M6J,Single/Semi-detached House,9,Davenport
3428711,STR-2209-HBWDVJ,50 Medford Ave,,M1L,Single/Semi-detached House,20,Scarborough Southwest
3428712,STR-2209-GDSRVF,350 Queens Quay W,2112,M5V,Apartment,10,Spadina-Fort York
3428713,STR-2209-GPFRVG,14 York St,6303,M5J,Condominium,10,Spadina-Fort York
3428714,STR-2209-HDSRVJ,100 Gloucester St,901,M4Y,Apartment,13,Toronto Centre
3428715,STR-2209-HLYRVK,1 Ketchum Pl,,M1V,Single/Semi-detached House,23,Scarborough North
3428716,STR-2209-JCLRVM,91 Hove St,,M3H,Single/Semi-detached House,6,York Centre
3428717,STR-2209-FJLRVB,345 McKee Ave,,M2N,Single/Semi-detached House,18,Willowdale
3428718,STR-2209-GHFRVF,249 Bicknell Ave,,M6M,Single/Semi-detached House,5,York South-Weston
3428719,STR-2209-GHWDVF,43 Cecil St,A,M5T,Duplex/Triplex/Fourplex,11,University-Rosedale
3428720,STR-2209-GRCDVG,64 Hillside Dr,,M4K,Single/Semi-detached House,14,Toronto-Danforth
3428721,STR-2209-GRSRVG,4645 Jane St,1101,M3N,Condominium,7,Humber River-Black Creek
3428722,STR-2209-HQLRVK,32 Albani St,,M8V,Single/Semi-detached House,3,Etobicoke-Lakeshore
3428723,STR-2209-GBWDVD,120 Homewood Ave,116,M4Y,Condominium,13,Toronto Centre
3428724,STR-2209-GSJDVG,35 Heaslip Ter,,M1T,Single/Semi-detached House,22,Scarborough-Agincourt
3428725,STR-2209-HHWDVJ,117 Meadowcliffe Dr,,M1M,Single/Semi-detached House,20,Scarborough Southwest
3428726,STR-2209-HYJDVL,21 Iceboat Ter,723,M5V,Condominium,10,Spadina-Fort York
3428727,STR-2209-JGQDVM,567 Craven Rd,,M4L,Single/Semi-detached House,14,Toronto-Danforth
3428728,STR-2209-FLZXVC,30 Nelson St,14,M5V,Townhouse/ Row House,10,Spadina-Fort York
3428729,STR-2209-FVGXVD,250 Major St,2,M5S,Duplex/Triplex/Fourplex,11,University-Rosedale
3428730,STR-2210-GKTXVG,300 Front St W,3502,M5V,Condominium,10,Spadina-Fort York
3428731,STR-2210-HBGXVJ,350 Horsham Ave,,M2R,Single/Semi-detached House,18,Willowdale
3428732,STR-2210-FMRKVC,16 Burlington St,,M8V,Single/Semi-detached House,3,Etobicoke-Lakeshore
3428733,STR-2210-GDDKVF,56 Avonlea Blvd,,M4C,Single/Semi-detached House,19,Beaches-East York
3428734,STR-2210-GLKKVG,151 Dawes Rd,,M4C,Single/Semi-detached House,19,Beaches-East York
3428735,STR-2210-HZRKVM,757 Huntingwood Dr,,M1T,Single/Semi-detached House,22,Scarborough-Agincourt
3428736,STR-2210-GDTXVF,35 Orpington Cres,,M9V,Single/Semi-detached House,1,Etobicoke North
3428737,STR-2210-HCMXVJ,87 Pintail Cres,BSMT,M3A,Duplex/Triplex/Fourplex,16,Don Valley East
3428738,STR-2210-HKTXVK,255 Homewood Ave,,M2R,Single/Semi-detached House,18,Willowdale
3428739,STR-2210-HSZXVL,1501 Woodbine Ave,804,M4C,Apartment,19,Beaches-East York
3428740,STR-2210-GFKKVF,44 Barkwood Cres,,M2H,Single/Semi-detached House,17,Don Valley North
3428741,STR-2210-GMRKVG,215 Fort York Blvd,2010,M5V,Condominium,10,Spadina-Fort York
3428742,STR-2210-GVXKVH,1706 Gerrard St E,,M4L,Single/Semi-detached House,19,Beaches-East York
3428743,STR-2210-GKWDVG,23 Moncrieff Dr,,M9W,Single/Semi-detached House,1,Etobicoke North
3428744,STR-2210-FHGXVB,12 York St,4203,M5J,Condominium,10,Spadina-Fort York
3428745,STR-2210-FXTXVD,133 Brooklawn Ave,,M1M,Single/Semi-detached House,20,Scarborough Southwest
3428746,STR-2210-GFZXVF,148 Pleasant Ave,,M2M,Single/Semi-detached House,18,Willowdale
3428747,STR-2210-GWMXVH,832 Bay St,1506,M5S,Condominium,11,University-Rosedale
3428748,STR-2210-HDTXVJ,153 Denison Ave,,M5T,Townhouse/ Row House,11,University-Rosedale
3428749,STR-2210-HLZXVK,8 Flagler St,,M4X,Townhouse/ Row House,13,Toronto Centre
3428750,STR-2210-GPXKVG,14 York St,1108,M5J,Condominium,10,Spadina-Fort York
3428751,STR-2210-GXDKVH,98 Lloyd Manor Rd,,M9B,Single/Semi-detached House,2,Etobicoke Centre
3428752,STR-2210-HFKKVJ,155 Downsview Park Blvd,115,M3K,Townhouse/ Row House,6,York Centre
3428753,STR-2210-GXTXVH,11 Abbs St,,M6K,Single/Semi-detached House,4,Parkdale-High Park
3428754,STR-2210-HFZXVJ,151 Dan Leckie Way,210,M5V,Condominium,10,Spadina-Fort York
3428755,STR-2210-HXDKVL,155 Strachan Ave,,M6J,Single/Semi-detached House,10,Spadina-Fort York
3428756,STR-2210-GCQDVF,51 Snapdragon Dr,,M2J,Single/Semi-detached House,17,Don Valley North
3428757,STR-2210-GKDKVF,120 Homewood Ave,2102,M4Y,Condominium,13,Toronto Centre
3428758,STR-2210-HBJDVJ,27 Eastdale Ave,,M4C,Single/Semi-detached House,19,Beaches-East York
3428759,STR-2210-FFLRVB,55 Bremner Blvd,3206,M5J,Condominium,10,Spadina-Fort York
3428760,STR-2210-FVYRVD,22 Felicity Dr,,M1H,Single/Semi-detached House,24,Scarborough-Guildwood
3428761,STR-2210-GDFRVF,63 Brooklyn Ave,,M4M,Duplex/Triplex/Fourplex,14,Toronto-Danforth
3428762,STR-2210-GLLRVG,27 Irvington Cres,,M2N,Single/Semi-detached House,18,Willowdale
3428763,STR-2210-HSLRVL,999A Dovercourt Rd,,M6H,Single/Semi-detached House,9,Davenport
3428764,STR-2210-HZSRVM,16 Archway Cres,,M9M,Single/Semi-detached House,7,Humber River-Black Creek
3428765,STR-2210-GDWDVF,21 Iceboat Ter,2502,M5V,Condominium,10,Spadina-Fort York
3428766,STR-2210-HCQDVJ,71 Robbins Ave,,M4L,Single/Semi-detached House,19,Beaches-East York
3428767,STR-2210-HKWDVK,42 Amberley Dr,,M1R,Single/Semi-detached House,21,Scarborough Centre
3428768,STR-2210-HTCDVL,151 Dan Leckie Way,512,M5V,Condominium,10,Spadina-Fort York
3428769,STR-2210-FGSRVB,2652 Lake Shore Blvd W,,M8V,Single/Semi-detached House,3,Etobicoke-Lakeshore
3428770,STR-2210-FPYRVC,129 Pearson Ave,,M6R,Townhouse/ Row House,4,Parkdale-High Park
3428771,STR-2210-GVYRVH,13 Glen Baillie Pl,,M5T,Townhouse/ Row House,11,University-Rosedale
3428772,STR-2210-HLLRVK,213 Nairn Ave,,M6E,Single/Semi-detached House,9,Davenport
3428773,STR-2210-FXWDVD,36 Abitibi Ave,,M2M,Single/Semi-detached House,18,Willowdale
3428774,STR-2210-GWQDVH,215 Fort York Blvd,2309,M5V,Condominium,10,Spadina-Fort York
3428775,STR-2210-HDWDVJ,358 Glen Park Ave,,M6B,Single/Semi-detached House,8,Eglinton-Lawrence
3428776,STR-2210-HMCDVK,251 Jarvis St,902,M5B,Condominium,13,Toronto Centre
3428777,STR-2210-GXFRVH,8 York St,3604,M5J,Condominium,10,Spadina-Fort York
3428778,STR-2103-FWQRVD,111 Wheeler Ave,1,M4L,Single/Semi-detached House,19,Beaches-East York
3428779,STR-2103-FGTDVB,350 Queens Quay W,1207,M5V,Apartment,10,Spadina-Fort York
3428780,STR-2103-FXGDVD,12 York St,1609,M5J,Condominium,10,Spadina-Fort York
3428781,STR-2103-JBZDVM,300 Front St W,3902,M5V,Condominium,10,Spadina-Fort York
3428782,STR-2103-GGCRVF,460 Ossington Ave,Laneway Suite,M6G,Single/Semi-detached House,9,Davenport
3428783,STR-2103-GPJRVG,30 Renshaw St,Basement,M3M,Single/Semi-detached House,6,York Centre
3428784,STR-2103-FYMDVD,12 York St,1109,M5J,Condominium,10,Spadina-Fort York
3428785,STR-2103-GGTDVF,300 Front St W,706,M5V,Condominium,10,Spadina-Fort York
3428786,STR-2103-GXGDVH,15 Glengrove Ave E,,M4N,Duplex/Triplex/Fourplex,15,Don Valley West
3428787,STR-2103-FRWRVC,140 Hilton Ave,,M5R,Single/Semi-detached House,12,Toronto-St. Paul's
3428788,STR-2103-HWQRVL,1530 Dufferin St,,M6H,Single/Semi-detached House,9,Davenport
3428789,STR-2103-HPZDVK,151 Dan Leckie Way,503,M5V,Apartment,10,Spadina-Fort York
3428790,STR-2103-GBJRVD,199 Millwood Rd,UPPER APT,M4S,Duplex/Triplex/Fourplex,12,Toronto-St. Paul's
3428791,STR-2103-GBZDVD,14 York St,612,M5J,Condominium,10,Spadina-Fort York
3428792,STR-2103-FVKXVD,1578 Queen St E,Upper Unit,M4L,Apartment,14,Toronto-Danforth
3428793,STR-2103-HSPKVL,101 Peter St,1705,M5V,Condominium,10,Spadina-Fort York
3428794,STR-2103-FWRXVD,39 Larabee Cres,,M3A,Single/Semi-detached House,16,Don Valley East
3428795,STR-2103-GVKXVH,103 St Hubert Ave,Basement,M4J,Single/Semi-detached House,14,Toronto-Danforth
3428796,STR-2103-JBKXVM,100 Ruscica Dr,,M4A,Single/Semi-detached House,16,Don Valley East
3428797,STR-2103-FXHKVD,81 Pickering St,,M4E,Single/Semi-detached House,19,Beaches-East York
3428798,STR-2104-GWRXVH,27 Sudbury St,2705,M6J,Townhouse/ Row House,10,Spadina-Fort York
3428799,STR-2104-HDXXVJ,155 Winchester St,1,M4X,Duplex/Triplex/Fourplex,13,Toronto Centre
3428800,STR-2104-HFPKVJ,25 Carlton St,904,M5B,Condominium,13,Toronto Centre
3428801,STR-2104-HWBKVL,477 Richmond St W,201,M5V,Condominium,10,Spadina-Fort York
3428802,STR-2104-FZDXVD,219 Fort York Blvd,903,M5V,Condominium,10,Spadina-Fort York
3428803,STR-2104-GQRXVG,12 Alder Rd,Upper,M4B,Single/Semi-detached House,19,Beaches-East York
3428804,STR-2104-GJBKVF,26 Unsworth Ave,,M5M,Single/Semi-detached House,8,Eglinton-Lawrence
3428805,STR-2104-GRHKVG,153 Church St,A,M5B,Apartment,13,Toronto Centre
3428806,STR-2104-HGVKVJ,12 York St,304,M5J,Condominium,10,Spadina-Fort York
3428807,STR-2104-HXHKVL,30 Nelson St,1609,M5V,Condominium,10,Spadina-Fort York
3428808,STR-2104-GBKXVD,1630 Dundas St W,8,M6K,Apartment,9,Davenport
3428809,STR-2104-GRXXVG,36 Kent Rd,,M4L,Single/Semi-detached House,14,Toronto-Danforth
3428810,STR-2104-HHKXVJ,65 McGee St,,M4M,Single/Semi-detached House,14,Toronto-Danforth
3428811,STR-2104-FLPKVB,120 Homewood Ave,3309,M4Y,Condominium,13,Toronto Centre
3428812,STR-2104-FTVKVC,188 Cumberland St,1913,M5R,Condominium,11,University-Rosedale
3428813,STR-2104-FMWRVC,148 Springhurst Ave,102,M6K,Apartment,4,Parkdale-High Park
3428814,STR-2104-FQCRVC,1 Lake Shore Dr,Lakefront unit,M8V,Single/Semi-detached House,3,Etobicoke-Lakeshore
3428815,STR-2104-JCCRVM,195 Pinewood Ave,,M6C,Single/Semi-detached House,12,Toronto-St. Paul's
3428816,STR-2105-FJCRVB,64 Beatrice St,Upper Unit,M6J,Single/Semi-detached House,11,University-Rosedale
3428817,STR-2105-GQCRVG,14 York St,2905,M5J,Condominium,10,Spadina-Fort York
3428818,STR-2105-JDJRVM,30 Shore Breeze Dr,438,M8V,Condominium,3,Etobicoke-Lakeshore
3428819,STR-2105-JDZDVM,21 Slater Crt,,M3L,Single/Semi-detached House,6,York Centre
3428820,STR-2105-GJCRVF,34 Glenallan Rd,,M4N,Single/Semi-detached House,15,Don Valley West
3428821,STR-2105-HQCRVK,9 Westbank Cres,UPPER,M9P,Single/Semi-detached House,2,Etobicoke Centre
3428822,STR-2105-HXJRVL,55 Bremner Blvd,3005,M5J,Condominium,10,Spadina-Fort York
3428823,STR-2105-JFQRVM,7 Eleventh St,Upper,M8V,Single/Semi-detached House,3,Etobicoke-Lakeshore
3428824,STR-2105-GJTDVF,3091 Dufferin St,325,M6A,Condominium,8,Eglinton-Lawrence
3428825,STR-2105-GZWRVH,12 York St,905,M5J,Condominium,10,Spadina-Fort York
3428826,STR-2105-HYQRVL,156 Cummer Ave,,M2M,Single/Semi-detached House,18,Willowdale
3428827,STR-2105-GDKXVF,135 Maitland St,102,M4Y,Condominium,13,Toronto Centre
3428828,STR-2105-JBPKVM,197 Palmerston Ave,,M6J,Single/Semi-detached House,11,University-Rosedale
3428829,STR-2105-GMXXVG,34 Tecumseth St,,M5V,Townhouse/ Row House,10,Spadina-Fort York
3428830,STR-2105-HLRXVK,780 O'Connor Dr,Basement,M4B,Single/Semi-detached House,19,Beaches-East York
3428831,STR-2105-FQVKVC,251 St George St,301,M5R,Apartment,11,University-Rosedale
3428832,STR-2105-HFBKVJ,119 Brickworks Lane,,M6N,Townhouse/ Row House,5,York South-Weston
3428833,STR-2105-FRKXVC,295 Rhodes Ave,,M4L,Single/Semi-detached House,14,Toronto-Danforth
3428834,STR-2105-FYRXVD,666 Yonge St,2,M4Y,Single/Semi-detached House,13,Toronto Centre
3428835,STR-2105-HMXXVK,136 Spears St,,M6N,Single/Semi-detached House,5,York South-Weston
3428836,STR-2105-JDKXVM,266 Maria St,,M6P,Single/Semi-detached House,4,Parkdale-High Park
3428837,STR-2105-FJVKVB,477 Richmond St W,401,M5V,Condominium,10,Spadina-Fort York
3428838,STR-2105-GQVKVG,215 Fort York Blvd,2711,M5V,Condominium,10,Spadina-Fort York
3428839,STR-2105-HPPKVK,14 York St,6708,M5J,Condominium,10,Spadina-Fort York
3428840,STR-2105-HWVKVL,565 Sherbourne St,2511,M4X,Apartment,13,Toronto Centre
3428841,STR-2105-FZXXVD,534 Strathmore Blvd,Main/Upper Floor,M4C,Duplex/Triplex/Fourplex,19,Beaches-East York
3428842,STR-2105-GRKXVG,12 York St,3211,M5J,Condominium,10,Spadina-Fort York
3428843,STR-2105-GYRXVH,13A Delaware Ave,Main,M6H,Single/Semi-detached House,9,Davenport
3428844,STR-2106-GZHKVH,80 Western Battery Rd,1506,M6K,Condominium,10,Spadina-Fort York
3428845,STR-2106-HHPKVJ,645 Davenport Rd,8,M5R,Condominium,12,Toronto-St. Paul's
3428846,STR-2106-FTXXVC,21 Iceboat Ter,2507,M5V,Condominium,10,Spadina-Fort York
3428847,STR-2106-GSRXVG,24 Denrock Dr,,M2K,Single/Semi-detached House,17,Don Valley North
3428848,STR-2106-GZXXVH,391 Ontario St,,M5A,Single/Semi-detached House,13,Toronto Centre
3428849,STR-2106-HYRXVL,94 Tecumseth St,B,M6J,Duplex/Triplex/Fourplex,10,Spadina-Fort York
3428850,STR-2106-GCWRVF,5 Orleans Dr,,M1C,Single/Semi-detached House,25,Scarborough-Rouge Park
3428851,STR-2106-FMZDVC,300 Front St W,3408,M5V,Condominium,10,Spadina-Fort York
3428852,STR-2106-HCGDVJ,270 Wellington St W,1110,M5V,Condominium,10,Spadina-Fort York
3428853,STR-2106-HKMDVK,198 Merton St,,M4S,Townhouse/ Row House,12,Toronto-St. Paul's
3428854,STR-2106-FWWRVD,10 Capreol Crt,1202,M5V,Condominium,10,Spadina-Fort York
3428855,STR-2106-GFCRVF,14 York St,4602,M5J,Condominium,10,Spadina-Fort York
3428856,STR-2106-GMJRVG,95 Grandville Ave,,M6N,Single/Semi-detached House,5,York South-Weston
3428857,STR-2106-HTJRVL,77 Arlington Ave,,M6G,Single/Semi-detached House,12,Toronto-St. Paul's
3428858,STR-2106-FYCRVD,168 Simcoe St,803,M5H,Condominium,10,Spadina-Fort York
3428859,STR-2106-GGJRVF,50 Wells St,Main Floor,M5R,Single/Semi-detached House,11,University-Rosedale
3428860,STR-2106-HVQRVL,219 Fort York Blvd,3702,M5V,Condominium,10,Spadina-Fort York
3428861,STR-2106-GGZDVF,300 Front St W,2412,M5V,Condominium,10,Spadina-Fort York
3428862,STR-2106-HFTDVJ,382 Ontario St,,M5A,Single/Semi-detached House,13,Toronto Centre
3428863,STR-2106-HMZDVK,55 Bremner Blvd,1303,M5J,Condominium,10,Spadina-Fort York
3428864,STR-2106-FJWRVB,33 Roseheath Ave,,M4C,Single/Semi-detached House,19,Beaches-East York
3428865,STR-2106-GQWRVG,300 Front St W,3906,M5V,Condominium,10,Spadina-Fort York
3428866,STR-2106-GYCRVH,199 Richmond St W,601,M5V,Condominium,10,Spadina-Fort York
3428867,STR-2106-HGJRVJ,300 Front St W,3606,M5V,Condominium,10,Spadina-Fort York
3428868,STR-2106-HWWRVL,357 Kingston Rd,,M4L,Single/Semi-detached House,19,Beaches-East York
3428869,STR-2106-GJGDVF,456 College St,408,M6G,Condominium,11,University-Rosedale
3428870,STR-2106-HXMDVL,65 Bremner Blvd,4910,M5J,Condominium,10,Spadina-Fort York
3428871,STR-2106-FLTDVB,40 Silas Hill Dr,,M2J,Single/Semi-detached House,17,Don Valley North
3428872,STR-2106-GLFBHG,243 Beatrice St,,M6G,Townhouse/ Row House,11,University-Rosedale
3428873,STR-2106-HKPPHK,155 Yorkville Ave,606,M5R,Condominium,11,University-Rosedale
3428874,STR-2106-HSVPHL,761 Kingston Rd,basement,M4E,Single/Semi-detached House,19,Beaches-East York
3428875,STR-2106-JBBPHM,21 Iceboat Ter,2803,M5V,Condominium,10,Spadina-Fort York
3428876,STR-2106-FPSBHC,89 Dunfield Ave,407,M4S,Condominium,12,Toronto-St. Paul's
3428877,STR-2106-FQHPHC,10 Goodwood Ave,,M6E,Single/Semi-detached House,9,Davenport
3428878,STR-2106-HVBPHL,309 Lake Promenade,,M8W,Single/Semi-detached House,3,Etobicoke-Lakeshore
3428879,STR-2107-HVSBHL,61 Delaney Cres,,M6K,Single/Semi-detached House,9,Davenport
3428880,STR-2107-GQHPHG,55 Bremner Blvd,4104,M5J,Condominium,10,Spadina-Fort York
3428881,STR-2107-HFVPHJ,263A Gamble Ave,,M4J,Single/Semi-detached House,14,Toronto-Danforth
3428882,STR-2107-HWHPHL,230 Queens Quay W,729,M5J,Condominium,10,Spadina-Fort York
3428883,STR-2107-FJYBHB,195 Bonis Ave,502,M1T,Condominium,22,Scarborough-Agincourt
3428884,STR-2107-FSFBHC,217 Crawford St,,M6J,Single/Semi-detached House,10,Spadina-Fort York
3428885,STR-2107-HGLBHJ,71 Longbow Sq,,M1W,Single/Semi-detached House,22,Scarborough-Agincourt
3428886,STR-2107-FKPPHB,14 Lanark Ave,,M6C,Single/Semi-detached House,12,Toronto-St. Paul's
3428887,STR-2107-GJHPHF,216 Lippincott St,2nd floor,M5S,Duplex/Triplex/Fourplex,11,University-Rosedale
3428888,STR-2107-GYVPHH,8 York St,1711,M5J,Condominium,10,Spadina-Fort York
3428889,STR-2107-HHBPHJ,21 Rialto Dr,,M3A,Single/Semi-detached House,16,Don Valley East
3428890,STR-2107-HXPPHL,15 Denison Rd W,,M9N,Single/Semi-detached House,5,York South-Weston
3428891,STR-2107-GSFBHG,111 Woodfield Rd,,M4L,Single/Semi-detached House,14,Toronto-Danforth
3428892,STR-2107-JGLBHM,902 Davenport Rd,2,M6G,Duplex/Triplex/Fourplex,12,Toronto-St. Paul's
3428893,STR-2107-FLWVHC,33 Curzon St,,M4M,Single/Semi-detached House,14,Toronto-Danforth
3428894,STR-2107-FVCVHD,200 St Helen's Ave,Main Floor,M6H,Single/Semi-detached House,9,Davenport
3428895,STR-2107-GKQVHG,270 Wellington St W,1001,M5V,Condominium,10,Spadina-Fort York
3428896,STR-2107-GCZHHF,1074 Warden Ave,,M1R,Single/Semi-detached House,21,Scarborough Centre
3428897,STR-2107-HBTHHJ,282 Westmount Ave,,M6E,Single/Semi-detached House,9,Davenport
3428898,STR-2107-HZMHHM,21 Iceboat Ter,3202,M5V,Condominium,10,Spadina-Fort York
3428899,STR-2107-GVCVHH,21 Iceboat Ter,2203,M5V,Condominium,10,Spadina-Fort York
3428900,STR-2107-JBCVHM,14 Katherine Rd,,M3K,Single/Semi-detached House,6,York Centre
3428901,STR-2107-FGMHHB,65 Bremner Blvd,1610,M5J,Condominium,10,Spadina-Fort York
3428902,STR-2107-GFGHHF,67 Orchardcroft Cres,,M3J,Single/Semi-detached House,6,York Centre
3428903,STR-2107-HCZHHJ,12 York St,705,M5J,Condominium,10,Spadina-Fort York
3428904,STR-2107-FQJVHC,142 Rhodes Ave,,M4L,Townhouse/ Row House,14,Toronto-Danforth
3428905,STR-2107-GWJVHH,30 Shore Breeze Dr,330,M8V,Condominium,3,Etobicoke-Lakeshore
3428906,STR-2107-HDQVHJ,24 Ford St,Upper,M6N,Duplex/Triplex/Fourplex,9,Davenport
3428907,STR-2107-JCJVHM,3 Mitchell Ave,,M6J,Townhouse/ Row House,10,Spadina-Fort York
3428908,STR-2107-FQZHHC,83 Hilda Ave,,M2M,Single/Semi-detached House,18,Willowdale
3428909,STR-2107-FRQVHC,145 Denison Ave,,M5T,Single/Semi-detached House,11,University-Rosedale
3428910,STR-2107-GQJVHG,151 Dan Leckie Way,716,M5V,Condominium,10,Spadina-Fort York
3428911,STR-2107-HWJVHL,12 York St,2002,M5J,Condominium,10,Spadina-Fort York
3428912,STR-2107-FSGHHC,29 Glenmount Park Rd,,M4E,Single/Semi-detached House,19,Beaches-East York
3428913,STR-2107-GHTHHF,12 York St,5602,M5J,Condominium,10,Spadina-Fort York
3428914,STR-2107-JFGHHM,319 Markham St,,M6G,Duplex/Triplex/Fourplex,11,University-Rosedale
3428915,STR-2107-FSWVHC,20 John St,518,M5V,Condominium,10,Spadina-Fort York
3428916,STR-2107-GRQVHG,14 York St,6506,M5J,Condominium,10,Spadina-Fort York
3428917,STR-2107-GBTHHD,249 Logan Ave,1,M4M,Apartment,14,Toronto-Danforth
3428918,STR-2107-HQZHHK,64 Millicent St,2,M6H,Duplex/Triplex/Fourplex,9,Davenport
3428919,STR-2107-HJLBHK,251 Jarvis St,3008,M5B,Condominium,13,Toronto Centre
3428920,STR-2107-HRSBHL,151 Dan Leckie Way,348,M5V,Condominium,10,Spadina-Fort York
3428921,STR-2107-HYYBHM,233 Shaw St,A,M6J,Duplex/Triplex/Fourplex,10,Spadina-Fort York
3428922,STR-2107-FMPPHC,252 Woodfield Rd,,M4L,Single/Semi-detached House,14,Toronto-Danforth
3428923,STR-2107-FVVPHD,750 Crawford St,,M6G,Single/Semi-detached House,11,University-Rosedale
3428924,STR-2107-GLHPHG,55 Bremner Blvd,2910,M5J,Condominium,10,Spadina-Fort York
3428925,STR-2305-HRVKVY,736 Bay St,902,M5G,Condominium,11,University-Rosedale
3428926,STR-2107-HSHPHL,1257 Dundas St W,,M6J,Single/Semi-detached House,10,Spadina-Fort York
3428927,STR-2107-HZPPHM,955 Bay St,620,M5S,Condominium,13,Toronto Centre
3428928,STR-2107-JBVPHM,542 Roxton Rd,,M6G,Single/Semi-detached House,11,University-Rosedale
3428929,STR-2107-FHFBHB,304 Glebemount Ave,,M4C,Single/Semi-detached House,19,Beaches-East York
3428930,STR-2107-FQLBHC,300 Front St W,708,M5V,Condominium,10,Spadina-Fort York
3428931,STR-2107-FXSBHD,2782 Eglinton Ave E,1,M1J,Townhouse/ Row House,21,Scarborough Centre
3428932,STR-2107-GPFBHG,208 Queens Quay W,1413,M5J,Condominium,10,Spadina-Fort York
3428933,STR-2107-HLYBHK,175 Jeffcoat Dr,Upstairs Unit,M9W,Single/Semi-detached House,1,Etobicoke North
3428934,STR-2107-GPVPHG,216 Lippincott St,1st Floor,M5S,Duplex/Triplex/Fourplex,11,University-Rosedale
3428935,STR-2107-JDBPHM,12 York St,3807,M5J,Condominium,10,Spadina-Fort York
3428936,STR-2107-FJLBHB,153 Shaw St,,M6J,Single/Semi-detached House,10,Spadina-Fort York
3428937,STR-2107-GHVPHF,63A Drewry Ave,,M2M,Townhouse/ Row House,18,Willowdale
3428938,STR-2108-GYYBHH,93 Boulton Ave,,M4M,Townhouse/ Row House,14,Toronto-Danforth
3428939,STR-2108-HQLBHK,635 Greenwood Ave,,M4J,Duplex/Triplex/Fourplex,14,Toronto-Danforth
3428940,STR-2108-JFYBHM,105 George St,1414,M5A,Condominium,13,Toronto Centre
3428941,STR-2108-FTPPHC,984 Midland Ave,,M1K,Single/Semi-detached House,21,Scarborough Centre
3428942,STR-2108-HRBPHK,27 George Webster Rd,2,M4B,Single/Semi-detached House,19,Beaches-East York
3428943,STR-2108-FLZHHC,113 Navenby Cres,,M9L,Single/Semi-detached House,7,Humber River-Black Creek
3428944,STR-2404-FKCDVP,54 Lockheed Blvd,,M9P,Single/Semi-detached House,2,Etobicoke Centre
3428945,STR-2305-HBDXVW,1804 Dundas St E,,M4L,Single/Semi-detached House,14,Toronto-Danforth
3428946,STR-2305-HJKXVX,73 Widdicombe Hill Blvd,705,M9R,Condominium,2,Etobicoke Centre
3428947,STR-2305-HRRXVY,21 Clydesdale Dr,,M2J,Single/Semi-detached House,17,Don Valley North
3428948,STR-2305-FMPKVQ,1069 Spadina Rd,B,M5N,Single/Semi-detached House,8,Eglinton-Lawrence
3428949,STR-2305-GDRXVS,103 Gladstone Ave,3,M6J,Duplex/Triplex/Fourplex,9,Davenport
3428950,STR-2305-GMPKVT,743 Glencairn Ave,,M6B,Single/Semi-detached House,8,Eglinton-Lawrence
3428951,STR-2305-HTPKVY,103 Wells Hill Ave,,M5R,Single/Semi-detached House,12,Toronto-St. Paul's
3428952,STR-2305-FQKXVQ,71 Hepbourne St,2,M6H,Duplex/Triplex/Fourplex,9,Davenport
3428953,STR-2305-FXRXVR,1189 Woodbine Ave,,M4C,Single/Semi-detached House,19,Beaches-East York
3428954,STR-2305-HLXXVX,22 William Duncan Rd,,M3K,Townhouse/ Row House,6,York Centre
3428955,STR-2305-HVDXVY,55 Bremner Blvd,4409,M5J,Condominium,10,Spadina-Fort York
3428956,STR-2305-HMPKVX,210 Victoria St,2906,M5B,Condominium,13,Toronto Centre
3428957,STR-2305-HVVKVY,9 Mabelle Ave,223,M9A,Condominium,3,Etobicoke-Lakeshore
3428958,STR-2305-FRRXVQ,12 Joseph Salsberg Lane,,M6J,Townhouse/ Row House,10,Spadina-Fort York
3428959,STR-2305-GHDXVS,209 Fort York Blvd,757,M5V,Condominium,10,Spadina-Fort York
3428960,STR-2305-GQKXVT,300 Front St W,3005,M5V,Condominium,10,Spadina-Fort York
3428961,STR-2305-GXRXVV,3091 Dufferin St,439,M6A,Condominium,8,Eglinton-Lawrence
3428962,STR-2305-FSHKVQ,151 Dan Leckie Way,517,M5V,Condominium,10,Spadina-Fort York
3428963,STR-2305-GYHKVV,1 Falaise Rd,214,M1E,Condominium,24,Scarborough-Guildwood
3428964,STR-2305-FKRXVP,9 Donald Ave,2,M6M,Duplex/Triplex/Fourplex,5,York South-Weston
3428965,STR-2305-FSXXVQ,565 Shuter St,,M5A,Townhouse/ Row House,13,Toronto Centre
3428966,STR-2305-GJKXVS,21 Iceboat Ter,2611,M5V,Condominium,10,Spadina-Fort York
3428967,STR-2305-JFXXVZ,15 Fennings St,,M6J,Single/Semi-detached House,10,Spadina-Fort York
3428968,STR-2305-FLHKVP,12 Lincoln Ave,,M6P,Single/Semi-detached House,4,Parkdale-High Park
3428969,STR-2305-HHVKVW,1824 Lake Shore Blvd E,,M4L,Townhouse/ Row House,19,Beaches-East York
3428970,STR-2305-HYHKVY,378 Roncesvalles Ave,3,M6R,Single/Semi-detached House,4,Parkdale-High Park
3428971,STR-2305-JGPKVZ,225 Lisgar St,2,M6J,Duplex/Triplex/Fourplex,9,Davenport
3428972,STR-2305-FVGDVR,300 Front St W,4505,M5V,Condominium,10,Spadina-Fort York
3428973,STR-2305-GKTDVT,300 Front St W,3713,M5V,Condominium,10,Spadina-Fort York
3428974,STR-2305-HRTDVY,3 Fermanagh Ave,,M6R,Single/Semi-detached House,4,Parkdale-High Park
3428975,STR-2305-FFJRVP,28 Centennial Rd,,M1C,Single/Semi-detached House,25,Scarborough-Rouge Park
3428976,STR-2305-GDCRVS,300 Front St W,3013,M5V,Condominium,10,Spadina-Fort York
3428977,STR-2305-HBWRVW,14 York St,6603,M5J,Condominium,10,Spadina-Fort York
3428978,STR-2305-HSJRVY,560 Front St W,932,M5V,Condominium,10,Spadina-Fort York
3428979,STR-2305-FWMDVR,181 King St,,M9N,Single/Semi-detached House,5,York South-Weston
3428980,STR-2305-HCMDVW,36 Haverson Blvd,,M6M,Single/Semi-detached House,5,York South-Weston
3428981,STR-2305-GFJRVS,20 Blue Jays Way,1516,M5V,Condominium,10,Spadina-Fort York
3428982,STR-2305-GMQRVT,101 Peter St,1103,M5V,Condominium,10,Spadina-Fort York
3428983,STR-2305-HDCRVW,55 Bremner Blvd,2305,M5J,Condominium,10,Spadina-Fort York
3428984,STR-2305-HTQRVY,155 Yorkville Ave,3010,M5R,Condominium,11,University-Rosedale
3428985,STR-2305-FHGDVP,219 Fort York Blvd,2910,M5V,Condominium,10,Spadina-Fort York
3428986,STR-2305-GPGDVT,46 Western Battery Rd,825,M6K,Townhouse/ Row House,10,Spadina-Fort York
3428987,STR-2305-FYJRVR,231 Otonabee Ave,,M2M,Single/Semi-detached House,18,Willowdale
3428988,STR-2305-GPWRVT,300 Front St W,214,M5V,Condominium,10,Spadina-Fort York
3428989,STR-2305-GXCRVV,102 Bestview Dr,Main,M2M,Single/Semi-detached House,17,Don Valley North
3428990,STR-2305-HFJRVW,1 Shaw St,707,M6K,Condominium,10,Spadina-Fort York
3428991,STR-2305-HVWRVY,38 Afton Ave,,M6J,Single/Semi-detached House,9,Davenport
3428992,STR-2305-FRTDVQ,86 Hatherley Rd,,M6E,Single/Semi-detached House,9,Davenport
3428993,STR-2305-FYZDVR,234 Euclid Ave,,M6J,Townhouse/ Row House,11,University-Rosedale
3428994,STR-2305-GXTDVV,932 St Clarens Ave,,M6H,Single/Semi-detached House,9,Davenport
3428995,STR-2306-FYKXVR,236 Pineway Blvd,,M2H,Single/Semi-detached House,17,Don Valley North
3428996,STR-2305-HPGDVX,80 Western Battery Rd,2203,M6K,Condominium,10,Spadina-Fort York
3428997,STR-2305-HWMDVY,155 Yorkville Ave,2018,M5R,Condominium,11,University-Rosedale
3428998,STR-2305-FKCRVP,200 Victoria St,1004,M5B,Condominium,13,Toronto Centre
3428999,STR-2305-HHWRVW,25 Fuller Ave,,M6R,Townhouse/ Row House,4,Parkdale-High Park
3429000,STR-2305-HGQRVW,24 Noble St,409,M6K,Condominium,4,Parkdale-High Park
3429001,STR-2305-HPWRVX,411 Westmount Ave,,M6E,Single/Semi-detached House,12,Toronto-St. Paul's
3429002,STR-2305-HXCRVY,129 Roywood Dr,,M3A,Single/Semi-detached House,16,Don Valley East
3429003,STR-2305-FKTDVP,30 Denton Ave,1702,M1L,Apartment,20,Scarborough Southwest
3429004,STR-2305-FTQRVQ,32 Purdon Dr,,M3H,Single/Semi-detached House,6,York Centre
3429005,STR-2305-GKCRVS,14 York St,3811,M5J,Condominium,10,Spadina-Fort York
3429006,STR-2305-GSJRVT,155 Yorkville Ave,2813,M5R,Condominium,11,University-Rosedale
3429007,STR-2305-HRCRVX,3 Norwich Pl,,M9V,Single/Semi-detached House,1,Etobicoke North
3429008,STR-2305-HBHKVW,335 Clinton St,2,M6G,Single/Semi-detached House,11,University-Rosedale
3429009,STR-2305-FMRXVQ,30 Highcroft Rd,,M4L,Single/Semi-detached House,19,Beaches-East York
3429010,STR-2305-GDDXVS,105 George St,1711,M5A,Condominium,13,Toronto Centre
3429011,STR-2305-HBXXVW,300 Front St W,2714,M5V,Condominium,10,Spadina-Fort York
3429012,STR-2305-HSKXVY,284 St Helen's Ave,138,M6H,Condominium,9,Davenport
3429013,STR-2305-HZRXVZ,3 Thyra Ave,,M4C,Single/Semi-detached House,19,Beaches-East York
3429014,STR-2305-FPHKVQ,164 Franklin Ave,,M2N,Single/Semi-detached House,18,Willowdale
3429015,STR-2305-FWPKVR,53 Gloucester St,,M4Y,Townhouse/ Row House,13,Toronto Centre
3429016,STR-2305-HKVKVX,54 Second St,,M8V,Single/Semi-detached House,3,Etobicoke-Lakeshore
3429017,STR-2305-JBHKVZ,110 Erskine Ave,905,M4P,Apartment,15,Don Valley West
3429018,STR-2305-FGRXVP,107 Eastville Ave,,M1M,Single/Semi-detached House,20,Scarborough Southwest
3429019,STR-2305-GMRXVT,60 Carr St,3,M5T,Townhouse/ Row House,10,Spadina-Fort York
3429020,STR-2305-HDDXVW,1029 King St W,403,M6K,Condominium,10,Spadina-Fort York
3429021,STR-2306-HTRXVY,85 Bloor St E,911,M4W,Condominium,11,University-Rosedale
3429022,STR-2306-FHXXVP,101 Peter St,3801,M5V,Condominium,10,Spadina-Fort York
3429023,STR-2306-FRDXVQ,136 L'Amoreaux Dr,,M1W,Single/Semi-detached House,22,Scarborough-Agincourt
3429024,STR-2306-HFKXVW,101 Peter St,1712,M5V,Condominium,10,Spadina-Fort York
3429025,STR-2306-FZBKVR,300 Front St W,607,M5V,Condominium,10,Spadina-Fort York
3429026,STR-2306-GXVKVV,55 Bamburgh Crcl,1704,M1W,Condominium,22,Scarborough-Agincourt
3429027,STR-2306-JDVKVZ,35 Mariner Ter,4602,M5V,Condominium,10,Spadina-Fort York
3429028,STR-2306-HGRXVW,17 Edison Crcl,,M6L,Single/Semi-detached House,5,York South-Weston
3429029,STR-2306-JFKXVZ,902 Davenport Rd,1,M6G,Apartment,12,Toronto-St. Paul's
3429030,STR-2306-FKVKVP,100 Gloucester St,718,M4Y,Apartment,13,Toronto Centre
3429031,STR-2306-GZBKVV,21 Iceboat Ter,4615,M5V,Condominium,10,Spadina-Fort York
3429032,STR-2306-HHHKVW,626 Manning Ave,,M6G,Single/Semi-detached House,11,University-Rosedale
3429033,STR-2306-HXVKVY,141 Garden Ave,,M6R,Single/Semi-detached House,4,Parkdale-High Park
3429034,STR-2306-FTRXVQ,15 Wareside Rd,,M9C,Single/Semi-detached House,2,Etobicoke Centre
3429035,STR-2306-GBXXVR,132 Chatham Ave,,M4J,Single/Semi-detached House,14,Toronto-Danforth
3429036,STR-2306-GKDXVS,160 Glenholme Ave,,M6E,Single/Semi-detached House,9,Davenport
3429037,STR-2306-GSKXVT,56 Parker Ave,,M8Z,Single/Semi-detached House,3,Etobicoke-Lakeshore
3429038,STR-2306-FVJRVR,48 Houston Cres,,M2J,Single/Semi-detached House,17,Don Valley North
3429039,STR-2306-GCQRVS,91 Craven Rd,,M4L,Townhouse/ Row House,14,Toronto-Danforth
3429040,STR-2306-GTCRVV,251 Jarvis St,1110,M5B,Condominium,13,Toronto Centre
3429041,STR-2306-FFMDVP,47 Lewis St,BSMT,M4M,Single/Semi-detached House,14,Toronto-Danforth
3429042,STR-2306-FVZDVR,10 Bowman St,2,M4X,Duplex/Triplex/Fourplex,13,Toronto Centre
3429043,STR-2306-GDGDVS,163 Augusta Ave,Main Floor,M5T,Duplex/Triplex/Fourplex,11,University-Rosedale
3429044,STR-2306-GLMDVT,1108 St Clair Ave W,B,M6E,Apartment,9,Davenport
3429045,STR-2306-HKGDVX,133 Yarmouth Rd,,M6G,Single/Semi-detached House,11,University-Rosedale
3429046,STR-2306-HSMDVY,210 Victoria St,804,M5B,Apartment,13,Toronto Centre
3429047,STR-2306-HZTDVZ,955 Bay St,1506,M5S,Condominium,13,Toronto Centre
3429048,STR-2306-FPJRVQ,200 Victor Ave,Basement,M4K,Single/Semi-detached House,14,Toronto-Danforth
3429049,STR-2306-GDWRVS,270 Wellington St W,213,M5V,Condominium,10,Spadina-Fort York
3429050,STR-2306-HCQRVW,75 Beaty Ave,,M6K,Single/Semi-detached House,4,Parkdale-High Park
3429051,STR-2306-HKWRVX,275 Willard Ave,,M6S,Single/Semi-detached House,4,Parkdale-High Park
3429052,STR-2306-JBJRVZ,225 Sumach St,1303,M5A,Condominium,13,Toronto Centre
3429053,STR-2306-FXGDVR,20 Blue Jays Way,814,M5V,Condominium,10,Spadina-Fort York
3429054,STR-2306-GFMDVS,350 Indian Road Cres,,M6P,Single/Semi-detached House,4,Parkdale-High Park
3429055,STR-2306-GMTDVT,28 Linden St,1105,M4Y,Condominium,13,Toronto Centre
3429056,STR-2306-HDGDVW,165 Legion Rd N,728,M8Y,Condominium,3,Etobicoke-Lakeshore
3429057,STR-2306-HTTDVY,5 Vicora Linkway,1111,M3C,Condominium,16,Don Valley East
3429058,STR-2306-JBZDVZ,225 Lisgar St,3,M6J,Duplex/Triplex/Fourplex,9,Davenport
3429059,STR-2306-FQQRVQ,560 Front St W,26,M5V,Condominium,10,Spadina-Fort York
3429060,STR-2306-FXWRVR,225 Lisgar St,4,M6J,Duplex/Triplex/Fourplex,9,Davenport
3429061,STR-2306-GPJRVT,131 Cambridge Ave,,M4K,Single/Semi-detached House,14,Toronto-Danforth
3429062,STR-2306-GWQRVV,14 York St,5904,M5J,Condominium,10,Spadina-Fort York
3429063,STR-2306-HMCRVX,100 Gloucester St,910,M4Y,Apartment,13,Toronto Centre
3429064,STR-2306-HVJRVY,98 Reiner Rd,,M3H,Single/Semi-detached House,6,York Centre
3429065,STR-2306-HMTDVX,268 Huntsmill Blvd,,M1W,Single/Semi-detached House,22,Scarborough-Agincourt
3429066,STR-2306-HVZDVY,152 St Patrick St,1108,M5T,Condominium,10,Spadina-Fort York
3429067,STR-2306-FJQRVP,525 Ossington Ave,1,M6G,Apartment,11,University-Rosedale
3429068,STR-2306-FRWRVQ,39 Merkley Sq,,M1G,Single/Semi-detached House,24,Scarborough-Guildwood
3429069,STR-2306-FZCRVR,47 Pannahill Rd,,M3H,Single/Semi-detached House,6,York Centre
3429070,STR-2306-GXWRVV,50 Wellesley St E,607,M4Y,Condominium,13,Toronto Centre
3429071,STR-2306-HWQRVY,56 Gledhill Ave,,M4C,Single/Semi-detached House,19,Beaches-East York
3429072,STR-2306-JDWRVZ,251 Jarvis St,1120,M5B,Condominium,13,Toronto Centre
3429073,STR-2306-GHZDVS,523 Quebec Ave,,M6P,Townhouse/ Row House,4,Parkdale-High Park
3429074,STR-2306-HGTDVW,208 Queens Quay W,1001,M5J,Condominium,10,Spadina-Fort York
3429075,STR-2306-GBJRVR,155 Yorkville Ave,1218,M5R,Condominium,11,University-Rosedale
3429076,STR-2306-HHJRVW,21 Iceboat Ter,3908,M5V,Condominium,10,Spadina-Fort York
3429077,STR-2306-JGCRVZ,145 Portland St,,M5V,Single/Semi-detached House,10,Spadina-Fort York
3429078,STR-2306-GSMDVT,215 Fort York Blvd,415,M5V,Condominium,10,Spadina-Fort York
3429079,STR-2306-JGTDVZ,21 Iceboat Ter,1907,M5V,Condominium,10,Spadina-Fort York
3429080,STR-2306-FDXXVP,14 York St,6507,M5J,Condominium,10,Spadina-Fort York
3429081,STR-2306-HBKXVW,202 Dairy Dr,,M1L,Townhouse/ Row House,20,Scarborough Southwest
3429082,STR-2306-HZDXVZ,34 Yonge Blvd,,M5M,Single/Semi-detached House,8,Eglinton-Lawrence
3429083,STR-2306-FWBKVR,81 Navy Wharf Crt,2905,M5V,Condominium,10,Spadina-Fort York
3429084,STR-2306-GTVKVV,231 Fort York Blvd,1709,M5V,Condominium,10,Spadina-Fort York
3429085,STR-2306-HKHKVX,42 Weir Cres,,M1E,Single/Semi-detached House,24,Scarborough-Guildwood
3429086,STR-2306-FPKXVQ,238 Greenwood Ave,,M4L,Townhouse/ Row House,14,Toronto-Danforth
3429087,STR-2306-GDXXVS,292 Warden Ave,,M1N,Single/Semi-detached House,20,Scarborough Southwest
3429088,STR-2306-GMDXVT,219 Fort York Blvd,1503,M5V,Condominium,10,Spadina-Fort York
3429089,STR-2306-HCRXVW,151 Dan Leckie Way,951,M5V,Condominium,10,Spadina-Fort York
3429090,STR-2306-GFPKVS,215 Fort York Blvd,1807,M5V,Condominium,10,Spadina-Fort York
3429091,STR-2306-HDHKVW,12 York St,5709,M5J,Condominium,10,Spadina-Fort York
3429092,STR-2306-GWRXVV,20 Woodbank Rd,,M9B,Single/Semi-detached House,2,Etobicoke Centre
3429093,STR-2306-HDXXVW,40 Hampton Ave,,M4K,Single/Semi-detached House,14,Toronto-Danforth
3429094,STR-2306-JCRXVZ,20 Bruyeres Mews,317,M5V,Condominium,10,Spadina-Fort York
3429095,STR-2306-FRHKVQ,21 Iceboat Ter,1615,M5V,Condominium,10,Spadina-Fort York
3429096,STR-2306-FYPKVR,12 Bonnycastle St,909,M5A,Condominium,10,Spadina-Fort York
3429097,STR-2306-HFPKVW,89 Olive Ave,,M2N,Single/Semi-detached House,18,Willowdale
3429098,STR-2306-HMVKVX,1 Edgewater Dr,GPH26,M5A,Condominium,10,Spadina-Fort York
3429099,STR-2306-JDHKVZ,152 Evelyn Cres,,M6P,Single/Semi-detached House,4,Parkdale-High Park
3429100,STR-2306-FRXXVQ,38 Larkin Ave,,M6S,Single/Semi-detached House,4,Parkdale-High Park
3429101,STR-2306-FZDXVR,47 O'Connor Dr,,M4K,Single/Semi-detached House,14,Toronto-Danforth
3429102,STR-2306-HGDXVW,475A Clinton St,,M6G,Single/Semi-detached House,11,University-Rosedale
3429103,STR-2306-FSPKVQ,130 Amelia St,,M4X,Single/Semi-detached House,13,Toronto Centre
3429104,STR-2306-GJBKVS,65 Bremner Blvd,4603,M5J,Condominium,10,Spadina-Fort York
3429105,STR-2306-GYPKVV,231 Fort York Blvd,121,M5V,Condominium,10,Spadina-Fort York
3429106,STR-2306-HGVKVW,167 Sammon Ave,,M4J,Single/Semi-detached House,14,Toronto-Danforth
3429107,STR-2306-FTDXVQ,12 York St,3404,M5J,Condominium,10,Spadina-Fort York
3429108,STR-2306-GBKXVR,37 Grosvenor St,3205,M4Y,Condominium,13,Toronto Centre
3429109,STR-2306-GRXXVT,74 Cronin Dr,,M9B,Single/Semi-detached House,2,Etobicoke Centre
3429110,STR-2306-HQRXVX,181 Beatrice St,B,M6G,Single/Semi-detached House,11,University-Rosedale
3429111,STR-2306-HXXXVY,195 Woodville Ave,,M4J,Single/Semi-detached House,14,Toronto-Danforth
3429112,STR-2306-GSPKVT,381 Front St W,2111,M5V,Condominium,10,Spadina-Fort York
3429113,STR-2306-HYPKVY,14 York St,5107,M5J,Condominium,10,Spadina-Fort York
3429114,STR-2306-FMGDVQ,21 Iceboat Ter,1806,M5V,Apartment,10,Spadina-Fort York
3429115,STR-2306-GDJRVS,17 Pharmacy Ave,,M1L,Single/Semi-detached House,20,Scarborough Southwest
3429116,STR-2306-GLQRVT,300 Front St W,4404,M5V,Condominium,10,Spadina-Fort York
3429117,STR-2306-GTWRVV,55 Bremner Blvd,3404,M5J,Condominium,10,Spadina-Fort York
3429118,STR-2306-HSQRVY,68 Abell St,103,M6J,Condominium,9,Davenport
3429119,STR-2306-GDZDVS,5 Parkway Forest Dr,802,M2J,Condominium,17,Don Valley North
3429120,STR-2306-HCTDVW,78 Ash Cres,,M8W,Single/Semi-detached House,3,Etobicoke-Lakeshore
3429121,STR-2306-HTGDVY,25 Carlton St,2507,M5B,Condominium,13,Toronto Centre
3429122,STR-2306-HLQRVX,2 Feldbar Crt,,M2N,Single/Semi-detached House,18,Willowdale
3429123,STR-2306-FHMDVP,166 Van Dusen Blvd,,M8Z,Single/Semi-detached House,3,Etobicoke-Lakeshore
3429124,STR-2306-FQTDVQ,2330 Queen St E,B,M4E,Duplex/Triplex/Fourplex,19,Beaches-East York
3429125,STR-2306-FXZDVR,256 Indian Road Cres,,M6P,Single/Semi-detached House,4,Parkdale-High Park
3429126,STR-2306-GWTDVV,108B Gough Ave,,M4K,Single/Semi-detached House,14,Toronto-Danforth
3429127,STR-2306-HMGDVX,165 Lascelles Blvd,,M5P,Single/Semi-detached House,12,Toronto-St. Paul's
3429128,STR-2306-HVMDVY,159 Gerrard St E,2,M5A,Duplex/Triplex/Fourplex,13,Toronto Centre
3429129,STR-2306-FJCRVP,357 King St W,1005,M5V,Condominium,10,Spadina-Fort York
3429130,STR-2306-GQCRVT,20 Penzance Dr,,M1K,Single/Semi-detached House,21,Scarborough Centre
3429131,STR-2306-GXJRVV,383 horsham ave,,M2R,Townhouse/ Row House,18,Willowdale
3429132,STR-2306-HFQRVW,2480 St Clair Ave W,,M6N,Single/Semi-detached House,5,York South-Weston
3429133,STR-2306-HMWRVX,151 Dan Leckie Way,1003,M5V,Condominium,10,Spadina-Fort York
3429134,STR-2306-HWCRVY,155 Yorkville Ave,2115,M5R,Condominium,11,University-Rosedale
3429135,STR-2306-FJTDVP,130 Macpherson Ave,18,M5R,Apartment,11,University-Rosedale
3429136,STR-2306-FRZDVQ,195 St Clarens Ave,1,M6H,Duplex/Triplex/Fourplex,9,Davenport
3429137,STR-2306-GHMDVS,21 Iceboat Ter,726,M5V,Condominium,10,Spadina-Fort York
3429138,STR-2306-HPMDVX,17 Urbandale Ave,,M2M,Single/Semi-detached House,18,Willowdale
3429139,STR-2306-GJCRVS,10 Maple Bush Ave,,M9N,Single/Semi-detached House,5,York South-Weston
3429140,STR-2306-GRJRVT,105 Seaton St,,M5A,Townhouse/ Row House,13,Toronto Centre
3429141,STR-2306-JFQRVZ,134 Harrison St,B,M6J,Duplex/Triplex/Fourplex,9,Davenport
3429142,STR-2306-GBMDVR,30 Shore Breeze Dr,528,M8V,Condominium,3,Etobicoke-Lakeshore
3429143,STR-2306-HHMDVW,1591 Dufferin St,1,M6H,Duplex/Triplex/Fourplex,9,Davenport
3429144,STR-2306-FTWRVQ,33 Van Stassen Blvd,,M6S,Single/Semi-detached House,4,Parkdale-High Park
3429145,STR-2306-GKJRVS,116 Galt Ave,,M4M,Single/Semi-detached House,14,Toronto-Danforth
3429146,STR-2306-FFBKVP,120 Homewood Ave,120,M4Y,Condominium,13,Toronto Centre
3429147,STR-2306-FVPKVR,153 Kenilworth Ave,,M4L,Single/Semi-detached House,19,Beaches-East York
3429148,STR-2306-GTHKVV,475 Jones Ave,,M4J,Single/Semi-detached House,14,Toronto-Danforth
3429149,STR-2306-HBPKVW,381 Lawrence Ave W,,M5M,Single/Semi-detached House,8,Eglinton-Lawrence
3429150,STR-2306-HSBKVY,8 Charlotte St,3405,M5V,Condominium,10,Spadina-Fort York
3429151,STR-2306-FFRXVP,300 Seaton St,2,M5A,Duplex/Triplex/Fourplex,13,Toronto Centre
3429152,STR-2306-GDKXVS,412 Sumach St,,M4X,Single/Semi-detached House,13,Toronto Centre
3429153,STR-2306-GLRXVT,100 Hill Cres,,M1M,Single/Semi-detached House,24,Scarborough-Guildwood
3429154,STR-2306-GTXXVV,105 George St,1304,M5A,Condominium,13,Toronto Centre
3429155,STR-2306-HSRXVY,52 Bairstow Cres,,M9W,Single/Semi-detached House,1,Etobicoke North
3429156,STR-2306-GMHKVT,2 Anndale Dr,3103,M2N,Condominium,18,Willowdale
3429157,STR-2306-GVPKVV,29 Aldergrove Ave,,M4C,Single/Semi-detached House,19,Beaches-East York
3429158,STR-2306-HCVKVW,21 Iceboat Ter,1508,M5V,Condominium,10,Spadina-Fort York
3429159,STR-2306-JBPKVZ,69 Elm St,3rd floor,M5G,Single/Semi-detached House,11,University-Rosedale
3429160,STR-2306-FGXXVP,33 Beechwood Dr,,M4K,Single/Semi-detached House,14,Toronto-Danforth
3429161,STR-2306-FQDXVQ,20 Shore Breeze Dr,542,M8V,Condominium,3,Etobicoke-Lakeshore
3429162,STR-2306-GFRXVS,29 Tonon Dr,,M3N,Single/Semi-detached House,7,Humber River-Black Creek
3429163,STR-2306-HDKXVW,17 Myers Lane,,M2H,Single/Semi-detached House,17,Don Valley North
3429164,STR-2306-HLRXVX,582 Ridelle Ave,,M6B,Single/Semi-detached House,8,Eglinton-Lawrence
3429165,STR-2306-HTXXVY,425 Drewry Ave,,M2R,Single/Semi-detached House,18,Willowdale
3429166,STR-2306-GGHKVS,101 Erskine Ave,1907,M4P,Condominium,15,Don Valley West
3429167,STR-2306-GPPKVT,804 Gladstone Ave,,M6H,Single/Semi-detached House,9,Davenport
3429168,STR-2306-HFBKVW,42 Western Battery Rd,745,M6K,Townhouse/ Row House,10,Spadina-Fort York
3429169,STR-2306-HMHKVX,209 Fort York Blvd,876,M5V,Condominium,10,Spadina-Fort York
3429170,STR-2306-HVPKVY,100 Burnside Dr,Main,M6G,Single/Semi-detached House,12,Toronto-St. Paul's
3429171,STR-2306-FJDXVP,224 Geoffrey St,,M6R,Single/Semi-detached House,4,Parkdale-High Park
3429172,STR-2306-GGXXVS,147 Silver Springs Blvd,,M1V,Single/Semi-detached House,22,Scarborough-Agincourt
3429173,STR-2306-GQDXVT,37 Berryman St,,M5R,Townhouse/ Row House,11,University-Rosedale
3429174,STR-2306-GXKXVV,39 Lappin Ave,Main,M6H,Duplex/Triplex/Fourplex,9,Davenport
3429175,STR-2306-GQVKVT,2 Anndale Dr,1806,M2N,Condominium,18,Willowdale
3429176,STR-2306-HPPKVX,27 Hector Ave,Lower Level,M6G,Duplex/Triplex/Fourplex,12,Toronto-St. Paul's
3429177,STR-2306-JFBKVZ,57 Finch Ave W,4,M2N,Condominium,18,Willowdale
3429178,STR-2306-FKKXVP,363 Shaw St,,M6J,Single/Semi-detached House,11,University-Rosedale
3429179,STR-2306-FSRXVQ,184 Emerson Ave,1,M6H,Townhouse/ Row House,9,Davenport
3429180,STR-2306-HQDXVX,44 Huntley St,202,M4Y,Apartment,13,Toronto Centre
3429181,STR-2306-HXKXVY,349 Logan Ave,,M4M,Single/Semi-detached House,14,Toronto-Danforth
3429182,STR-2306-GSBKVT,28 Linden St,1002,M4Y,Condominium,13,Toronto Centre
3429183,STR-2306-HBQRVW,19 Perth Ave,,M6R,Townhouse/ Row House,9,Davenport
3429184,STR-2306-HJWRVX,279 Reiner Rd,,M3H,Single/Semi-detached House,6,York Centre
3429185,STR-2306-HSCRVY,198 Newton Dr,,M2M,Single/Semi-detached House,18,Willowdale
3429186,STR-2306-FFTDVP,352 Front St W,320,M5V,Condominium,10,Spadina-Fort York
3429187,STR-2306-FMZDVQ,58 Teignmouth Ave,,M6E,Single/Semi-detached House,9,Davenport
3429188,STR-2306-GLTDVT,268 Logan Ave,3,M4M,Apartment,14,Toronto-Danforth
3429189,STR-2306-HSTDVY,47 Manderley Dr,,M1N,Single/Semi-detached House,20,Scarborough Southwest
3429190,STR-2306-FGJRVP,204 Pacific Ave,,M6P,Single/Semi-detached House,4,Parkdale-High Park
3429191,STR-2306-HCWRVW,21 Iceboat Ter,631,M5V,Condominium,10,Spadina-Fort York
3429192,STR-2306-HLCRVX,104 Goodwood Park Crt,209,M4C,Apartment,19,Beaches-East York
3429193,STR-2306-GFTDVS,151 Dan Leckie Way,2209,M5V,Condominium,10,Spadina-Fort York
3429194,STR-2306-GWGDVV,300 Front St W,1708,M5V,Condominium,10,Spadina-Fort York
3429195,STR-2306-HLTDVX,155 Yorkville Ave,2705,M5R,Condominium,11,University-Rosedale
3429196,STR-2306-GPQRVT,84 Dairy Dr,,M1L,Townhouse/ Row House,20,Scarborough Southwest
3429197,STR-2306-HFCRVW,155 Yorkville Ave,2307,M5R,Condominium,11,University-Rosedale
3429198,STR-2306-HVQRVY,140 Simcoe St,814,M5H,Condominium,10,Spadina-Fort York
3429199,STR-2306-JCWRVZ,630 Kingston Rd,301,M4E,Condominium,19,Beaches-East York
3429200,STR-2306-FYTDVR,209 Fort York Blvd,873,M5V,Condominium,10,Spadina-Fort York
3429201,STR-2306-GGZDVS,174 Wineva Ave,,M4E,Single/Semi-detached House,19,Beaches-East York
3429202,STR-2306-GXMDVV,216 Sterling Rd,,M6R,Single/Semi-detached House,9,Davenport
3429203,STR-2306-HWGDVY,91 Oakwood Ave,2,M6H,Duplex/Triplex/Fourplex,9,Davenport
3429204,STR-2306-FSCRVQ,12 Coleridge Ave,,M4C,Single/Semi-detached House,19,Beaches-East York
3429205,STR-2306-GQWRVT,47 Geneva Ave,,M5A,Townhouse/ Row House,13,Toronto Centre
3429206,STR-2306-HPQRVX,19 Grand Trunk Cres,3008,M5J,Apartment,10,Spadina-Fort York
3429207,STR-2306-FKMDVP,41 Mariposa Ave,,M6N,Single/Semi-detached House,5,York South-Weston
3429208,STR-2306-FZZDVR,9 Tangmere Rd,,M3B,Single/Semi-detached House,16,Don Valley East
3429209,STR-2306-GYTDVV,215 Fort York Blvd,3011,M5V,Condominium,10,Spadina-Fort York
3429210,STR-2306-HGZDVW,9 Love Cres,1,M4E,Duplex/Triplex/Fourplex,19,Beaches-East York
3429211,STR-2306-HQGDVX,112 George St,434,M5A,Condominium,13,Toronto Centre
3429212,STR-2306-HXMDVY,18 Yonge st,1403,M5E,Condominium,10,Spadina-Fort York
3429213,STR-2306-GBQRVR,1646 Dupont St,1,M6P,Single/Semi-detached House,9,Davenport
3429214,STR-2306-GJWRVS,251 Jarvis St,4701,M5B,Condominium,13,Toronto Centre
3429215,STR-2306-GZJRVV,8 Charlotte St,808,M5V,Condominium,10,Spadina-Fort York
3429216,STR-2306-HHQRVW,197 Bellefontaine St,,M1S,Townhouse/ Row House,22,Scarborough-Agincourt
3429217,STR-2306-FLTDVP,151 Dan Leckie Way,947,M5V,Condominium,10,Spadina-Fort York
3429218,STR-2306-FTZDVQ,97 Berkshire Ave,,M4M,Townhouse/ Row House,14,Toronto-Danforth
3429219,STR-2306-GSTDVT,81 Heman St,1,M8V,Duplex/Triplex/Fourplex,3,Etobicoke-Lakeshore
3429220,STR-2306-GZZDVV,57 Macaulay Ave,502,M6P,Condominium,9,Davenport
3429221,STR-2306-HJGDVW,367 Caledonia Rd,,M6E,Single/Semi-detached House,9,Davenport
3429222,STR-2306-HRMDVX,125 Redpath Ave,2402,M4S,Condominium,12,Toronto-St. Paul's
3429223,STR-2306-FDPPHP,21 Iceboat Ter,4101,M5V,Condominium,10,Spadina-Fort York
3429224,STR-2306-GCHPHS,57 Macaulay Ave,703,M6P,Condominium,9,Davenport
3429225,STR-2306-GSVPHV,101 Peter St,906,M5V,Condominium,10,Spadina-Fort York
3429226,STR-2306-FMLBHQ,137 Roebuck Dr,,M1K,Single/Semi-detached House,20,Scarborough Southwest
3429227,STR-2306-FVSBHR,1540 King St W,3A,M6K,Condominium,4,Parkdale-High Park
3429228,STR-2306-GTLBHV,95 Lightbourn Ave,,M6H,Single/Semi-detached House,9,Davenport
3429229,STR-2306-HSFBHY,90 Oxford St,11,M5T,Apartment,11,University-Rosedale
3429230,STR-2306-HZLBHZ,22 Western Battery Rd,117,M6K,Townhouse/ Row House,10,Spadina-Fort York
3429231,STR-2306-GLVPHT,687 Glencairn Ave,,M6B,Single/Semi-detached House,8,Eglinton-Lawrence
3429232,STR-2306-HCHPHW,438 Christie St,,M6G,Single/Semi-detached House,12,Toronto-St. Paul's
3429233,STR-2306-HSVPHY,14 York St,3302,M5J,Condominium,10,Spadina-Fort York
3429234,STR-2306-FGLBHP,55 Ann O'Reilly Rd,621,M2J,Condominium,17,Don Valley North
3429235,STR-2306-FPSBHQ,36 Servington Cres,,M4S,Single/Semi-detached House,12,Toronto-St. Paul's
3429236,STR-2306-GMLBHT,101 Peter St,3110,M5V,Condominium,10,Spadina-Fort York
3429237,STR-2306-GPBPHT,88 Wareside Rd,,M9C,Single/Semi-detached House,2,Etobicoke Centre
3429238,STR-2306-GWHPHV,20 Shannon St,,M6J,Single/Semi-detached House,9,Davenport
3429239,STR-2306-HVBPHY,477 The East Mall,,M9B,Single/Semi-detached House,2,Etobicoke Centre
3429240,STR-2306-FQYBHQ,21 Iceboat Ter,1703,M5V,Condominium,10,Spadina-Fort York
3429241,STR-2306-FYFBHR,88 Carr St,26,M5T,Townhouse/ Row House,10,Spadina-Fort York
3429242,STR-2307-GWYBHV,955 Bay St,2007,M5S,Condominium,13,Toronto Centre
3429243,STR-2307-HFFBHW,99 Cameron St,803,M5T,Condominium,10,Spadina-Fort York
3429244,STR-2307-HMLBHX,270 Palmdale Dr,1701,M1T,Condominium,22,Scarborough-Agincourt
3429245,STR-2307-FJHPHP,352 Front St W,820,M5V,Condominium,10,Spadina-Fort York
3429246,STR-2307-FRPPHQ,43 Parkway Ave,,M6R,Single/Semi-detached House,4,Parkdale-High Park
3429247,STR-2307-FYVPHR,14 York St,5510,M5J,Condominium,10,Spadina-Fort York
3429248,STR-2307-FJYBHP,87 Peter St,4111,M5V,Condominium,10,Spadina-Fort York
3429249,STR-2307-FSFBHQ,33 Lawnmere Cres,,M1S,Single/Semi-detached House,23,Scarborough North
3429250,STR-2307-HWYBHY,94 Ninth St,,M8V,Single/Semi-detached House,3,Etobicoke-Lakeshore
3429251,STR-2307-JFFBHZ,50 Joe Shuster Way,203,M6K,Townhouse/ Row House,10,Spadina-Fort York
3429252,STR-2307-FKPPHP,237 Seaton St,,M5A,Townhouse/ Row House,13,Toronto Centre
3429253,STR-2307-FSVPHQ,250 Wellington St W,1642,M5V,Condominium,10,Spadina-Fort York
3429254,STR-2307-GBBPHR,101 Peter St,2105,M5V,Condominium,10,Spadina-Fort York
3429255,STR-2307-GRPPHT,279 Lisgar St,,M6J,Single/Semi-detached House,9,Davenport
3429256,STR-2307-HQHPHX,64 Venetian Cres,Upper Floor,M3N,Single/Semi-detached House,7,Humber River-Black Creek
3429257,STR-2307-GBSBHR,41 Huntsmill Blvd,,M1W,Single/Semi-detached House,22,Scarborough-Agincourt
3429258,STR-2307-GJYBHS,146 Sellers Ave,,M6E,Single/Semi-detached House,9,Davenport
3429259,STR-2307-HQYBHX,33 Struthers St,,M8V,Single/Semi-detached House,3,Etobicoke-Lakeshore
3429260,STR-2307-JGLBHZ,5 Doverwood Crt,,M2M,Single/Semi-detached House,18,Willowdale
3429261,STR-2307-FDQVHP,251 Jarvis St,4604,M5B,Condominium,13,Toronto Centre
3429262,STR-2307-GCJVHS,230 Queens Quay W,729,M5J,Condominium,10,Spadina-Fort York
3429263,STR-2307-GSWVHV,30 NELSON St,2208,M5V,Condominium,10,Spadina-Fort York
3429264,STR-2307-HYWVHZ,8 York St,1611,M5J,Condominium,10,Spadina-Fort York
3429265,STR-2307-FFGHHP,20 Six Nations Ave,,M1H,Single/Semi-detached House,24,Scarborough-Guildwood
3429266,STR-2307-FMMHHQ,15 Shudell Ave,,M4J,Single/Semi-detached House,14,Toronto-Danforth
3429267,STR-2307-GTMHHV,300 Front St W,3706,M5V,Condominium,10,Spadina-Fort York
3429268,STR-2307-HJZHHX,101 Peter St,3412,M5V,Condominium,10,Spadina-Fort York
3429269,STR-2307-HZMHHZ,160 Bellwoods Ave,,M6J,Single/Semi-detached House,10,Spadina-Fort York
3429270,STR-2307-GLWVHT,136 Glen Albert Dr,,M4B,Single/Semi-detached House,19,Beaches-East York
3429271,STR-2307-GVCVHV,300 Front St W,4101,M5V,Condominium,10,Spadina-Fort York
3429272,STR-2307-HLGHHX,155 Yorkville Ave,1811,M5R,Condominium,11,University-Rosedale
3429273,STR-2307-JBTHHZ,30 Nelson St,212,M5V,Condominium,10,Spadina-Fort York
3429274,STR-2307-FQJVHQ,65 High Park Ave,1610,M6P,Apartment,4,Parkdale-High Park
3429275,STR-2307-FXQVHR,71 Leslie St,,M4M,Single/Semi-detached House,14,Toronto-Danforth
3429276,STR-2307-HDQVHW,955 Bay St,1616,M5S,Condominium,13,Toronto Centre
3429277,STR-2307-FHTHHP,83 Chester Ave,,M4K,Single/Semi-detached House,14,Toronto-Danforth
3429278,STR-2307-FQZHHQ,550 Jane St,,M6S,Single/Semi-detached House,4,Parkdale-High Park
3429279,STR-2307-FYGHHR,208 Queens Quay W,1204,M5J,Condominium,10,Spadina-Fort York
3429280,STR-2307-HFGHHW,300 Front St W,809,M5V,Condominium,10,Spadina-Fort York
3429281,STR-2307-FJJVHP,55 Warrender Ave,1413,M9B,Apartment,2,Etobicoke Centre
3429282,STR-2307-FRQVHQ,70 Scarborough Rd,1,M4E,Duplex/Triplex/Fourplex,19,Beaches-East York
3429283,STR-2307-HFWVHW,216 Balsam Ave,,M4E,Single/Semi-detached House,19,Beaches-East York
3429284,STR-2307-HPCVHX,12 Earl Haig Ave,,M4C,Single/Semi-detached House,19,Beaches-East York
3429285,STR-2307-HWJVHY,38 Joe Shuster Way,1422,M6K,Condominium,10,Spadina-Fort York
3429286,STR-2307-JDQVHZ,38 Stonegate Rd,,M8Y,Single/Semi-detached House,3,Etobicoke-Lakeshore
3429287,STR-2307-FSGHHQ,300 Front St W,3710,M5V,Condominium,10,Spadina-Fort York
3429288,STR-2307-GHTHHS,500 Doris Ave,1030,M2N,Condominium,18,Willowdale
3429289,STR-2307-GBCVHR,22 Shannon St,,M6J,Single/Semi-detached House,9,Davenport
3429290,STR-2307-GRQVHT,140 Harrison St,,M6J,Single/Semi-detached House,9,Davenport
3429291,STR-2307-GYWVHV,199 Richmond St W,1503,M5V,Condominium,10,Spadina-Fort York
3429292,STR-2307-HQJVHX,13 Corbett Ave,,M6N,Single/Semi-detached House,5,York South-Weston
3429293,STR-2307-JFWVHZ,14 York St,3612,M5J,Condominium,10,Spadina-Fort York
3429294,STR-2307-FLGHHP,105 Silverthorn Ave,,M6N,Single/Semi-detached House,9,Davenport
3429295,STR-2307-GBTHHR,21 Iceboat Ter,1810,M5V,Condominium,10,Spadina-Fort York
3429296,STR-2307-GJZHHS,300 Front St W,2501,M5V,Condominium,10,Spadina-Fort York
3429297,STR-2307-HQZHHX,18 Yonge St,3807,M5E,Condominium,10,Spadina-Fort York
3429298,STR-2307-FVFBHR,320 Fairlawn Ave,,M5M,Single/Semi-detached House,8,Eglinton-Lawrence
3429299,STR-2307-GCLBHS,2459 Dundas St W,,M6P,Single/Semi-detached House,4,Parkdale-High Park
3429300,STR-2307-GSYBHV,478 King St W,1110,M5V,Condominium,10,Spadina-Fort York
3429301,STR-2307-HRSBHY,5 Homestead Rd,,M1E,Single/Semi-detached House,25,Scarborough-Rouge Park
3429302,STR-2307-FMPPHQ,29 Monarch Park Ave,2,M4J,Single/Semi-detached House,14,Toronto-Danforth
3429303,STR-2307-GDBPHS,1 Shaw St,621,M6K,Condominium,10,Spadina-Fort York
3429304,STR-2307-HBVPHW,80 Western Battery Rd,2304,M6K,Condominium,10,Spadina-Fort York
3429305,STR-2307-FFYBHP,31 Shaver Ave S,,M9B,Single/Semi-detached House,3,Etobicoke-Lakeshore
3429306,STR-2307-FPFBHQ,575 Clendenan Ave,,M6P,Single/Semi-detached House,4,Parkdale-High Park
3429307,STR-2307-FWLBHR,11 Charleston Rd,,M9B,Single/Semi-detached House,2,Etobicoke Centre
3429308,STR-2307-GVFBHV,95 Wright Ave,,M6R,Single/Semi-detached House,4,Parkdale-High Park
3429309,STR-2307-HCLBHW,237 Dovercourt Rd,F,M6J,Apartment,10,Spadina-Fort York
3429310,STR-2307-HSYBHY,3257-3259 Lake Shore Blvd W,3,M8V,Apartment,3,Etobicoke-Lakeshore
3429311,STR-2307-FGPPHP,241 St John's Rd,,M6P,Single/Semi-detached House,4,Parkdale-High Park
3429312,STR-2307-FPVPHQ,10 Rexford Rd,,M6S,Single/Semi-detached House,4,Parkdale-High Park
3429313,STR-2307-GMPPHT,250 Wellington St W,1235,M5V,Condominium,10,Spadina-Fort York
3429314,STR-2307-GVVPHV,1001 Pharmacy Ave,,M1R,Single/Semi-detached House,21,Scarborough Centre
3429315,STR-2307-HDBPHW,80 Grandravine Dr,616,M3J,Condominium,7,Humber River-Black Creek
3429316,STR-2307-FYHPHR,148 1/2 Bellwoods Ave,,M6J,Townhouse/ Row House,10,Spadina-Fort York
3429317,STR-2307-HMPPHX,1398 Queen St E,,M4L,Single/Semi-detached House,14,Toronto-Danforth
3429318,STR-2307-JDBPHZ,25 Sandyhook Sq,,M1W,Single/Semi-detached House,22,Scarborough-Agincourt
3429319,STR-2307-FRSBHQ,38 Joe Shuster Way,704,M6K,Condominium,10,Spadina-Fort York
3429320,STR-2307-GQLBHT,12 York St,3904,M5J,Condominium,10,Spadina-Fort York
3429321,STR-2307-GXSBHV,99 The Donway W,614,M3C,Condominium,16,Don Valley East
3429322,STR-2307-HPFBHX,25 Humewood Dr,,M6C,Single/Semi-detached House,12,Toronto-St. Paul's
3429323,STR-2307-HWLBHY,77 Mutual St,2002,M5B,Condominium,13,Toronto Centre
3429324,STR-2307-GHVPHS,223 River St,B3,M5A,Townhouse/ Row House,13,Toronto Centre
3429325,STR-2307-GRBPHT,65 Thicket Rd,,M9C,Single/Semi-detached House,2,Etobicoke Centre
3429326,STR-2307-GJLBHS,578 Spadina Ave,4,M5S,Condominium,11,University-Rosedale
3429327,STR-2307-GRSBHT,143 Yorkview Dr,,M8Z,Single/Semi-detached House,3,Etobicoke-Lakeshore
3429328,STR-2307-HHFBHW,262 McNicoll Ave,Second Floor,M2H,Single/Semi-detached House,17,Don Valley North
3429329,STR-2307-GBVPHR,105 George St,2110,M5A,Condominium,13,Toronto Centre
3429330,STR-2307-GZPPHV,22 Somerset Ave,,M6H,Townhouse/ Row House,9,Davenport
3429331,STR-2307-HRBPHX,61 Lawnside Dr,,M6L,Single/Semi-detached House,5,York South-Weston
3429332,STR-2307-JGPPHZ,57 De Vere Gdns,,M5M,Single/Semi-detached House,8,Eglinton-Lawrence
3429333,STR-2307-FDTHHP,155 Yorkville Ave,2717,M5R,Condominium,11,University-Rosedale
3429334,STR-2307-FVGHHR,978 Bathurst St,2,M5R,Duplex/Triplex/Fourplex,11,University-Rosedale
3429335,STR-2307-GCMHHS,215 Fort York Blvd,620,M5V,Condominium,10,Spadina-Fort York
3429336,STR-2307-HBGHHW,208 Osler St,,M6N,Single/Semi-detached House,9,Davenport
3429337,STR-2307-GLJVHT,1055 College St,4,M6H,Duplex/Triplex/Fourplex,9,Davenport
3429338,STR-2307-GTQVHV,516 Indian Grv,,M6P,Single/Semi-detached House,4,Parkdale-High Park
3429339,STR-2307-FFZHHP,80 Queens Wharf Rd,1511,M5V,Condominium,10,Spadina-Fort York
3429340,STR-2307-FPGHHQ,468 Whitmore Ave,,M6E,Single/Semi-detached House,8,Eglinton-Lawrence
3429341,STR-2307-GDTHHS,47 Haven Hill Sq,,M1V,Single/Semi-detached House,23,Scarborough North
3429342,STR-2307-FPWVHQ,1141 Broadview Ave,1,M4K,Single/Semi-detached House,14,Toronto-Danforth
3429343,STR-2307-FXCVHR,101 Peter St,1710,M5V,Apartment,10,Spadina-Fort York
3429344,STR-2307-GMQVHT,76 Bellefair Ave,Upper,M4L,Duplex/Triplex/Fourplex,19,Beaches-East York
3429345,STR-2307-FHGHHP,10 Arrowstook Rd,,M2K,Single/Semi-detached House,17,Don Valley North
3429346,STR-2307-GPGHHT,300 Front St W,304,M5V,Condominium,10,Spadina-Fort York
3429347,STR-2307-HLZHHX,2 Edilou Dr,,M8W,Single/Semi-detached House,3,Etobicoke-Lakeshore
3429348,STR-2307-JCMHHZ,2 Danesbury Ave,Main FL,M6B,Single/Semi-detached House,8,Eglinton-Lawrence
3429349,STR-2307-FHWVHP,138 Dovercourt Rd,,M6J,Single/Semi-detached House,9,Davenport
3429350,STR-2307-GPWVHT,677 Lansdowne Ave,1,M6H,Apartment,9,Davenport
3429351,STR-2307-GXCVHV,39 Baltic Ave,,M4J,Single/Semi-detached House,14,Toronto-Danforth
3429352,STR-2307-HMQVHX,106 Gradwell Dr,,M1M,Single/Semi-detached House,20,Scarborough Southwest
3429353,STR-2307-HVWVHY,102 Sammon Ave,,M4J,Single/Semi-detached House,14,Toronto-Danforth
3429354,STR-2307-FJMHHP,17 Monastery Lane,,M1L,Single/Semi-detached House,20,Scarborough Southwest
3429355,STR-2307-FYZHHR,1122 Greenwood Ave,,M4J,Single/Semi-detached House,14,Toronto-Danforth
3429356,STR-2307-GXTHHV,491 Donlands Ave,,M4J,Single/Semi-detached House,14,Toronto-Danforth
3429357,STR-2307-HPGHHX,55 Bremner Blvd,4308,M5J,Condominium,10,Spadina-Fort York
3429358,STR-2307-HWMHHY,7 Silver Spruce Dr,,M1W,Single/Semi-detached House,22,Scarborough-Agincourt
3429359,STR-2307-JDTHHZ,57 Thirty Seventh St,,M8W,Single/Semi-detached House,3,Etobicoke-Lakeshore
3429360,STR-2307-FSJVHQ,54 Afton Ave,,M6J,Single/Semi-detached House,9,Davenport
3429361,STR-2307-GHWVHS,2300 St Clair Ave W,1006,M6N,Condominium,5,York South-Weston
3429362,STR-2307-HGQVHW,183 Bowie Ave,3,M6E,Duplex/Triplex/Fourplex,8,Eglinton-Lawrence
3429363,STR-2307-HPWVHX,151 Dan Leckie Way,706,M5V,Condominium,10,Spadina-Fort York
3429364,STR-2307-FMBPHQ,87 Rivercrest Rd,,M6S,Single/Semi-detached House,4,Parkdale-High Park
3429365,STR-2307-GBGHHR,2221 Yonge St,2905,M4S,Condominium,12,Toronto-St. Paul's
3429366,STR-2307-GJMHHS,1279 Davenport Rd,1,M6H,Single/Semi-detached House,9,Davenport
3429367,STR-2307-HQMHHX,175 Bleecker St,216,M4X,Condominium,13,Toronto Centre
3429368,STR-2307-FTQVHQ,101 Peter St,907,M5V,Condominium,10,Spadina-Fort York
3429369,STR-2307-GKCVHS,222 Elm St,1014,M5T,Apartment,11,University-Rosedale
3429370,STR-2307-JGQVHZ,170 Ingleton Blvd,,M1V,Single/Semi-detached House,23,Scarborough North
3429371,STR-2307-GKVPHT,151 Dan Leckie Way,911,M5V,Condominium,10,Spadina-Fort York
3429372,STR-2307-GTBPHV,35 Walmer Rd,504,M5R,Apartment,11,University-Rosedale
3429373,STR-2307-HRVPHY,65 Bremner Blvd,2809,M5J,Condominium,10,Spadina-Fort York
3429374,STR-2307-GDFBHS,65 Bremner Blvd,3406,M5J,Condominium,10,Spadina-Fort York
3429375,STR-2307-GLLBHT,1612 O'Connor Dr,,M4B,Townhouse/ Row House,19,Beaches-East York
3429376,STR-2307-HBYBHW,4 Knowland Dr,,M9A,Single/Semi-detached House,2,Etobicoke Centre
3429377,STR-2307-HSLBHY,15 Victoria Ave W,,M9N,Single/Semi-detached House,5,York South-Weston
3429378,STR-2307-FPHPHQ,12 York St,2503,M5J,Condominium,10,Spadina-Fort York
3429379,STR-2307-FWPPHR,1 Shaw St,115,M6K,Condominium,10,Spadina-Fort York
3429380,STR-2307-HTBPHY,100 Harrison Garden Blvd,1915,M2N,Condominium,18,Willowdale
3429381,STR-2307-JBHPHZ,2A Church St,612,M5E,Condominium,10,Spadina-Fort York
3429382,STR-2307-FPYBHQ,26 Twenty Ninth St,1,M8W,Townhouse/ Row House,3,Etobicoke-Lakeshore
3429383,STR-2307-FXFBHR,680 Brown's Line,,M8W,Single/Semi-detached House,3,Etobicoke-Lakeshore
3429384,STR-2307-GFLBHS,21 Iceboat Ter,531,M5V,Condominium,10,Spadina-Fort York
3429385,STR-2307-GVYBHV,12 York St,502,M5J,Condominium,10,Spadina-Fort York
3429386,STR-2307-HLLBHX,68 Hastings Ave,,M4L,Single/Semi-detached House,14,Toronto-Danforth
3429387,STR-2307-HTSBHY,151 Dan Leckie Way,312,M5V,Condominium,10,Spadina-Fort York
3429388,STR-2307-FHHPHP,57 Hopperton Dr,,M2L,Single/Semi-detached House,15,Don Valley West
3429389,STR-2307-FXVPHR,17 Tarmola Park Court,,M9L,Townhouse/ Row House,,
3429390,STR-2307-GGBPHS,50 White Ave,,M1C,Single/Semi-detached House,25,Scarborough-Rouge Park
3429391,STR-2307-HVHPHY,32 Simpson Ave,,M4K,Single/Semi-detached House,14,Toronto-Danforth
3429392,STR-2307-FYLBHR,99 Cameron St,709,M5T,Condominium,10,Spadina-Fort York
3429393,STR-2307-HFLBHW,482 Dufferin St,,M6K,Townhouse/ Row House,9,Davenport
3429394,STR-2307-HMSBHX,15 Iceboat Ter,1612,M5V,Condominium,10,Spadina-Fort York
3429395,STR-2307-GQPPHT,363 Strathmore Blvd,,M4C,Single/Semi-detached House,19,Beaches-East York
3429396,STR-2307-GXVPHV,3 Jean Dempsey Gt,,M1C,Single/Semi-detached House,25,Scarborough-Rouge Park
3429397,STR-2307-HGBPHW,12 York St,1810,M5J,Condominium,10,Spadina-Fort York
3429398,STR-2307-HPHPHX,363 Strathmore Blvd,Basement,M4C,Single/Semi-detached House,19,Beaches-East York
3429399,STR-2307-JDVPHZ,1540A King St W,2A,M6K,Condominium,4,Parkdale-High Park
3429400,STR-2307-FSLBHQ,12 York St,4808,M5J,Condominium,10,Spadina-Fort York
3429401,STR-2307-GRFBHT,14 York St,3906,M5J,Condominium,10,Spadina-Fort York
3429402,STR-2307-JFLBHZ,12 York St,4506,M5J,Condominium,10,Spadina-Fort York
3429403,STR-2307-GJPPHS,832 The Queensway,A,M8Z,Apartment,3,Etobicoke-Lakeshore
3429404,STR-2307-HXVPHY,158 Grenadier Rd,1,M6R,Single/Semi-detached House,4,Parkdale-High Park
3429405,STR-2307-JGBPHZ,194 Dixon Rd,,M9P,Single/Semi-detached House,1,Etobicoke North
3429406,STR-2307-JGSBHZ,151 Dan Leckie Way,908,M5V,Condominium,10,Spadina-Fort York
3429407,STR-2307-FVJVHR,145 Marlee Ave,1702,M6B,Apartment,8,Eglinton-Lawrence
3429408,STR-2307-GCQVHS,20 Whistle Post St,,M4E,Single/Semi-detached House,19,Beaches-East York
3429409,STR-2307-GKWVHT,978 The Queensway,A,M8Z,Apartment,3,Etobicoke-Lakeshore
3429410,STR-2307-HBJVHW,35 Mariner Ter,1111,M5V,Condominium,10,Spadina-Fort York
3429411,STR-2307-FFMHHP,19 Hillsboro Ave,,M5R,Single/Semi-detached House,11,University-Rosedale
3429412,STR-2307-FMTHHQ,549 Perth Ave,Upper,M6N,Duplex/Triplex/Fourplex,9,Davenport
3429413,STR-2307-GLMHHT,9 Fairmount Cres,,M4L,Single/Semi-detached House,19,Beaches-East York
3429414,STR-2307-GMCVHT,287 Humberside Ave,,M6P,Single/Semi-detached House,4,Parkdale-High Park
3429415,STR-2307-HTCVHY,2 Houston Cres,,M2J,Single/Semi-detached House,17,Don Valley North
3429416,STR-2307-FXGHHR,137 Pineway Blvd,,M2H,Single/Semi-detached House,17,Don Valley North
3429417,STR-2307-GFMHHS,101 Poynter Dr,,M9R,Single/Semi-detached House,2,Etobicoke Centre
3429418,STR-2307-GVZHHV,321 Concord Ave,,M6H,Single/Semi-detached House,9,Davenport
3429419,STR-2307-HDGHHW,69 Lynn Williams St,814,M6K,Condominium,10,Spadina-Fort York
3429420,STR-2307-HLMHHX,210 Linden Ave,,M1K,Single/Semi-detached House,20,Scarborough Southwest
3429421,STR-2307-FQQVHQ,8 Tottenham Rd,,M3C,Single/Semi-detached House,16,Don Valley East
3429422,STR-2307-GPJVHT,604 O'Connor Dr,,M4C,Single/Semi-detached House,19,Beaches-East York
3429423,STR-2307-HMCVHX,342 Harvie Ave,,M6E,Single/Semi-detached House,9,Davenport
3429424,STR-2307-FRWVHQ,200 Victoria St,1506,M5B,Apartment,13,Toronto Centre
3429425,STR-2307-FZCVHR,15 Merchants' Wharf,805,M5A,Condominium,10,Spadina-Fort York
3429426,STR-2307-GHJVHS,21 Iceboat Ter,532,M5V,Condominium,10,Spadina-Fort York
3429427,STR-2307-GXWVHV,955 Bay St,1010,M5S,Condominium,13,Toronto Centre
3429428,STR-2307-HPJVHX,85 Bloor St E,2008,M4W,Condominium,11,University-Rosedale
3429429,STR-2307-HWQVHY,251 Jarvis St,4106,M5B,Condominium,13,Toronto Centre
3429430,STR-2307-FMVPHQ,277 Hiawatha Rd,,M4L,Single/Semi-detached House,14,Toronto-Danforth
3429431,STR-2307-FSMHHQ,757 Victoria Park Ave,1404,M4C,Condominium,20,Scarborough Southwest
3429432,STR-2307-HGTHHW,13 Fifth St,,M5J,Single/Semi-detached House,10,Spadina-Fort York
3429433,STR-2307-HXGHHY,30 Meadowglen Pl,1007,M1G,Condominium,24,Scarborough-Guildwood
3429434,STR-2307-JFMHHZ,1 Cotillion Crt,,M9A,Single/Semi-detached House,2,Etobicoke Centre
3429435,STR-2307-GBJVHR,163 Donald Ave,,M6M,Single/Semi-detached House,5,York South-Weston
3429436,STR-2307-JGCVHZ,55 Bremner Blvd,1111,M5J,Condominium,10,Spadina-Fort York
3429437,STR-2307-GZTHHV,81 Mitchell Ave,,M6J,Single/Semi-detached House,10,Spadina-Fort York
3429438,STR-2307-HHZHHW,120 Harrison Garden Blvd,306,M2N,Condominium,18,Willowdale
3429439,STR-2307-FMFBHQ,26 Purdon Dr,,M3H,Single/Semi-detached House,6,York Centre
3429440,STR-2307-GTFBHV,30 Nelson St,1207,M5V,Condominium,10,Spadina-Fort York
3429441,STR-2307-HJSBHX,18 Cedarwood Ave,,M2L,Single/Semi-detached House,15,Don Valley West
3429442,STR-2307-HKHPHX,932 Royal York Rd,,M8Y,Single/Semi-detached House,3,Etobicoke-Lakeshore
3429443,STR-2307-FGFBHP,477 Richmond St W,407,M5V,Condominium,10,Spadina-Fort York
3429444,STR-2307-GDYBHS,115 Isaac Devins Blvd,,M9M,Townhouse/ Row House,7,Humber River-Black Creek
3429445,STR-2307-GMFBHT,11 Plainfield Rd,,M9N,Single/Semi-detached House,5,York South-Weston
3429446,STR-2307-GVLBHV,120 Bell Estate Rd,,M1L,Single/Semi-detached House,20,Scarborough Southwest
3429447,STR-2307-HCSBHW,101 Peter St,1802,M5V,Condominium,10,Spadina-Fort York
3429448,STR-2307-HKYBHX,350 Mill Rd,408,M9C,Condominium,2,Etobicoke Centre
3429449,STR-2307-FGVPHP,12 York St,4603,M5J,Condominium,10,Spadina-Fort York
3429450,STR-2307-FQBPHQ,92 Power St,APT 2,M5A,Duplex/Triplex/Fourplex,13,Toronto Centre
3429451,STR-2307-FXHPHR,19 Agnes Lane,,M4L,Townhouse/ Row House,14,Toronto-Danforth
3429452,STR-2307-GWBPHV,14 York St,6103,M5J,Condominium,10,Spadina-Fort York
3429453,STR-2307-FXYBHR,48 Applemore Rd,,M1B,Single/Semi-detached House,23,Scarborough North
3429454,STR-2307-GPLBHT,120 Homewood Ave,705,M4Y,Apartment,13,Toronto Centre
3429455,STR-2307-HMFBHX,121 Stafford Rd,,M2R,Single/Semi-detached House,18,Willowdale
3429456,STR-2307-HVLBHY,321 Lonsdale Rd,F,M4V,Apartment,12,Toronto-St. Paul's
3429457,STR-2307-FJBPHP,500 Doris Ave,1521,M2N,Condominium,18,Willowdale
3429458,STR-2307-FYPPHR,217 Melita Ave,,M6G,Single/Semi-detached House,12,Toronto-St. Paul's
3429459,STR-2307-GXHPHV,300 Front St W,3312,M5V,Condominium,10,Spadina-Fort York
3429460,STR-2308-FRYBHQ,6 Rolyat St,A,M6J,Single/Semi-detached House,10,Spadina-Fort York
3429461,STR-2308-GXYBHV,70 Annie Craig Dr,704,M8V,Condominium,3,Etobicoke-Lakeshore
3429462,STR-2308-HPLBHX,482 Milverton Blvd,,M4C,Single/Semi-detached House,19,Beaches-East York
3429463,STR-2308-JDYBHZ,500 Doris Ave,1421,M2N,Condominium,18,Willowdale
3429464,STR-2308-FSPPHQ,12 Glenn Arthur Dr,,M8Y,Single/Semi-detached House,3,Etobicoke-Lakeshore
3429465,STR-2308-FTFBHQ,251 Manitoba St,504,M8Y,Condominium,3,Etobicoke-Lakeshore
3429466,STR-2308-FTVPHQ,195 Boulton Ave,,M4M,Single/Semi-detached House,14,Toronto-Danforth
3429467,STR-2308-GCBPHR,217 Beverley St,3,M5T,Apartment,11,University-Rosedale
3429468,STR-2308-GKHPHS,117A Coxwell Ave,,M4L,Single/Semi-detached House,19,Beaches-East York
3429469,STR-2308-GZVPHV,12 York St,3206,M5J,Condominium,10,Spadina-Fort York
3429470,STR-2308-HYPPHY,11 Valentine Dr,,M3A,Single/Semi-detached House,16,Don Valley East
3429471,STR-2308-JGVPHZ,38 Dan Leckie Way,2908,M5V,Condominium,10,Spadina-Fort York
3429472,STR-2308-FMGHHQ,8 Harlow Cres,,M9V,Single/Semi-detached House,1,Etobicoke North
3429473,STR-2308-GCTHHS,25 Telegram Mews,1109,M5V,Condominium,10,Spadina-Fort York
3429474,STR-2308-GTGHHV,229 Coleridge Ave,,M4C,Single/Semi-detached House,19,Beaches-East York
3429475,STR-2308-HBMHHW,366 Runnymede Rd,,M6S,Single/Semi-detached House,4,Parkdale-High Park
3429476,STR-2308-HRZHHY,27 Concord Ave,,M6H,Single/Semi-detached House,9,Davenport
3429477,STR-2308-HZGHHZ,226 Glengarry Ave,,M5M,Single/Semi-detached House,8,Eglinton-Lawrence
3429478,STR-2308-FWCVHR,5 Cushendun Rd,,M1E,Single/Semi-detached House,25,Scarborough-Rouge Park
3429479,STR-2308-GDJVHS,15 Wadsworth Blvd,,M9N,Single/Semi-detached House,5,York South-Weston
3429480,STR-2308-HCCVHW,114 John Tabor Trl,,M1B,Single/Semi-detached House,25,Scarborough-Rouge Park
3429481,STR-2308-HCTHHW,18 Yonge St,3002,M5E,Condominium,10,Spadina-Fort York
3429482,STR-2308-HTGHHY,32 Braemar Ave,,M5P,Single/Semi-detached House,12,Toronto-St. Paul's
3429483,STR-2308-FXJVHR,51 Willow Ave,Main,M4E,Single/Semi-detached House,19,Beaches-East York
3429484,STR-2308-GMWVHT,117 Dawes Rd,,M4C,Single/Semi-detached House,19,Beaches-East York
3429485,STR-2308-GWCVHV,50 Stephanie St,2309,M5T,Apartment,10,Spadina-Fort York
3429486,STR-2308-FHMHHP,155 Yorkville Ave,410,M5R,Condominium,11,University-Rosedale
3429487,STR-2308-FXZHHR,34 Tiago Ave,,M4B,Single/Semi-detached House,19,Beaches-East York
3429488,STR-2308-HDZHHW,10 Capreol Crt,746,M5V,Condominium,10,Spadina-Fort York
3429489,STR-2308-HMGHHX,427 Armadale Ave,,M6S,Single/Semi-detached House,4,Parkdale-High Park
3429490,STR-2308-FRJVHQ,37 Canham Cres,,M1S,Single/Semi-detached House,23,Scarborough North
3429491,STR-2308-FYQVHR,195 Redpath Ave,909,M4P,Condominium,12,Toronto-St. Paul's
3429492,STR-2308-FJTHHP,101 Peter St,1403,M5V,Condominium,10,Spadina-Fort York
3429493,STR-2308-FRZHHQ,251 Jarvis St,1134,M5B,Condominium,13,Toronto Centre
3429494,STR-2308-GGZHHS,21 Iceboat Ter,729,M5V,Condominium,10,Spadina-Fort York
3429495,STR-2308-GHMHHS,73 Langley Ave,,M4K,Single/Semi-detached House,14,Toronto-Danforth
3429496,STR-2308-FKJVHP,289 Burnett Ave,,M2N,Single/Semi-detached House,18,Willowdale
3429497,STR-2308-GYQVHV,98 Lillian St,726,M4S,Condominium,12,Toronto-St. Paul's
3429498,STR-2308-JGWVHZ,1948 Danforth Avenue,1,M4C,Apartment,19,Beaches-East York
3429499,STR-2308-FTGHHQ,151 Dan Leckie Way,918,M5V,Condominium,10,Spadina-Fort York
3429500,STR-2308-GJTHHS,92 Glen Everest Rd,113,M1N,Condominium,20,Scarborough Southwest
3429501,STR-2308-HQTHHX,7 Cavell Ave,,M4K,Single/Semi-detached House,14,Toronto-Danforth
3429502,STR-2308-JGGHHZ,213 Franklin Ave,,M6P,Single/Semi-detached House,9,Davenport
3429503,STR-2308-GKJVHS,34 Elmfield Cres,,M1V,Single/Semi-detached House,22,Scarborough-Agincourt
3429504,STR-2308-GSQVHT,15 Zorra St,2205,M8Z,Condominium,3,Etobicoke-Lakeshore
3429505,STR-2308-FFBPHP,299 Milverton Blvd,,M4J,Single/Semi-detached House,14,Toronto-Danforth
3429506,STR-2308-FVPPHR,520A Bloor St W,1,M5S,Apartment,11,University-Rosedale
3429507,STR-2308-GTHPHV,300 Front St W,2104,M5V,Condominium,10,Spadina-Fort York
3429508,STR-2308-HBPPHW,12 York St,3908,M5J,Condominium,10,Spadina-Fort York
3429509,STR-2308-HJVPHX,769 Ossington Ave,,M6G,Single/Semi-detached House,11,University-Rosedale
3429510,STR-2308-HZHPHZ,26 Ridley Gdns,,M6R,Single/Semi-detached House,4,Parkdale-High Park
3429511,STR-2308-GLSBHT,14 York St,5111,M5J,Apartment,10,Spadina-Fort York
3429512,STR-2308-GTYBHV,683 Shaw St,,M6G,Single/Semi-detached House,11,University-Rosedale
3429513,STR-2308-HKLBHX,55 Bremner Blvd,2005,M5J,Condominium,10,Spadina-Fort York
3429514,STR-2308-HLBPHX,177 Betty Ann Dr,,M2N,Single/Semi-detached House,18,Willowdale
3429515,STR-2308-JBPPHZ,878 Bloor St W,3,M6G,Apartment,11,University-Rosedale
3429516,STR-2308-FGYBHP,31 Harjolyn Dr,,M9B,Single/Semi-detached House,3,Etobicoke-Lakeshore
3429517,STR-2308-FXLBHR,155 Murison Blvd,,M1B,Single/Semi-detached House,25,Scarborough-Rouge Park
3429518,STR-2308-GFSBHS,35 Blackburn St,,M4M,Townhouse/ Row House,14,Toronto-Danforth
3429519,STR-2308-GMYBHT,219 Fort York Blvd,623,M5V,Condominium,10,Spadina-Fort York
3429520,STR-2308-HLSBHX,84 Frater Ave,,M4C,Single/Semi-detached House,19,Beaches-East York
3429521,STR-2308-FHPPHP,1 Trefann St,E,M5A,Condominium,13,Toronto Centre
3429522,STR-2308-FQVPHQ,12 New Haven Dr,,M5N,Single/Semi-detached House,8,Eglinton-Lawrence
3429523,STR-2308-GWVPHV,287 Richmond St E,302,M5A,Condominium,13,Toronto Centre
3429524,STR-2308-GGYBHS,830 Lawrence Ave W,2304,M6A,Condominium,8,Eglinton-Lawrence
3429525,STR-2308-GXLBHV,55 Bremner Blvd,1603,M5J,Condominium,10,Spadina-Fort York
3429526,STR-2308-FJVPHP,25 Telegram Mews,707,M5V,Apartment,10,Spadina-Fort York
3429527,STR-2308-GHPPHS,210 Victoria St,1802,M5B,Apartment,13,Toronto Centre
3429528,STR-2308-JFBPHZ,67 Pony Farm Dr,,M9R,Townhouse/ Row House,2,Etobicoke Centre
3429529,STR-2308-GJFBHS,94 Caledonia Park Rd,4,M6H,Townhouse/ Row House,9,Davenport
3429530,STR-2308-GRLBHT,2300 St Clair Ave W,906,M6N,Condominium,5,York South-Weston
3429531,STR-2308-JFSBHZ,57 Cameron St,BSMT,M5T,Townhouse/ Row House,10,Spadina-Fort York
3429532,STR-2308-GSBPHT,45 Homewood Ave,,M4Y,Townhouse/ Row House,13,Toronto Centre
3429533,STR-2308-HQVPHX,12 York St,3601,M5J,Condominium,10,Spadina-Fort York
3429534,STR-2308-HYBPHY,58 Lyall Ave,,M4E,Single/Semi-detached House,19,Beaches-East York
3429535,STR-2308-FTYBHQ,509 Beecroft Rd,616,M2N,Condominium,18,Willowdale
3429536,STR-2308-GKLBHS,105 George St,1211,M5A,Condominium,13,Toronto Centre
3429537,STR-2308-GZYBHV,71 First Ave,,M4M,Single/Semi-detached House,14,Toronto-Danforth
3429538,STR-2308-HRLBHX,674 Bathurst St,,M5S,Single/Semi-detached House,11,University-Rosedale
3429539,STR-2308-HYSBHY,45 Brookmount Rd,1,M4L,Single/Semi-detached House,19,Beaches-East York
3429540,STR-2308-JGYBHZ,8 Knollview Cres,,M2K,Single/Semi-detached House,17,Don Valley North
3429541,STR-2308-GLCVHT,49 Wicklow Dr,,M1T,Single/Semi-detached House,22,Scarborough-Agincourt
3429542,STR-2308-HSCVHY,1 Amberdale Dr,,M1P,Single/Semi-detached House,21,Scarborough Centre
3429543,STR-2308-HCGHHW,92 Celeste Dr,,M1E,Single/Semi-detached House,24,Scarborough-Guildwood
3429544,STR-2308-HZZHHZ,65 Woodbury Rd,,M8W,Single/Semi-detached House,3,Etobicoke-Lakeshore
3429545,STR-2308-FPQVHQ,19 Hill Garden Rd,,M9P,Single/Semi-detached House,2,Etobicoke Centre
3429546,STR-2308-GVQVHV,2 Augusta Ave,801,M5V,Condominium,10,Spadina-Fort York
3429547,STR-2308-GWGHHV,341 Lumsden Ave,,M4C,Single/Semi-detached House,19,Beaches-East York
3429548,STR-2308-JCGHHZ,34 Western Battery Rd,432,M6K,Townhouse/ Row House,10,Spadina-Fort York
3429549,STR-2308-FHQVHP,21 Belanger Cres,,M1L,Townhouse/ Row House,20,Scarborough Southwest
3429550,STR-2308-GPQVHT,955 Bay St,1111,M5S,Condominium,13,Toronto Centre
3429551,STR-2308-HFCVHW,60 Princess St,446,M5A,Condominium,13,Toronto Centre
3429552,STR-2308-FJGHHP,40 Fountainhead Rd,314,M3J,Apartment,7,Humber River-Black Creek
3429553,STR-2308-GQGHHT,832 Bay St,2008,M5S,Condominium,11,University-Rosedale
3429554,STR-2308-HFTHHW,10 Capreol Crt,917,M5V,Condominium,10,Spadina-Fort York
3429555,STR-2308-FSCVHQ,375 Cook Rd,66,M3J,Townhouse/ Row House,7,Humber River-Black Creek
3429556,STR-2308-GQWVHT,32 Fifeshire Rd,,M2L,Single/Semi-detached House,15,Don Valley West
3429557,STR-2308-FKMHHP,188 Cumberland St,1109,M5R,Condominium,11,University-Rosedale
3429558,STR-2308-GJGHHS,3477 Dundas St W,,M6S,Single/Semi-detached House,4,Parkdale-High Park
3429559,STR-2308-HQGHHX,225 Torbarrie Rd,,M3L,Townhouse/ Row House,7,Humber River-Black Creek
3429560,STR-2308-JFTHHZ,43 Rhodes Ave,,M4L,Single/Semi-detached House,14,Toronto-Danforth
3429561,STR-2308-GCGHHR,44 Duplex Ave,,M5P,Single/Semi-detached House,12,Toronto-St. Paul's
3429562,STR-2308-GZZHHV,1239 Dundas St W,306,M6J,Apartment,10,Spadina-Fort York
3429563,STR-2308-HJGHHW,256 Hallam St,,M6H,Single/Semi-detached House,9,Davenport
3429564,STR-2308-JGZHHZ,62 Northcote Ave,2,M6J,Single/Semi-detached House,9,Davenport
3429565,STR-2308-FDPRVP,21 Iceboat Ter,3301,M5V,Condominium,10,Spadina-Fort York
3429566,STR-2308-FLVRVQ,47 Andona Cres,,M1C,Single/Semi-detached House,25,Scarborough-Rouge Park
3429567,STR-2308-FVBRVR,112 Withrow Ave,,M4K,Single/Semi-detached House,14,Toronto-Danforth
3429568,STR-2308-GKPRVT,300 Front St W,3411,M5V,Condominium,10,Spadina-Fort York
3429569,STR-2308-GSVRVV,14 York St,4809,M5J,Condominium,10,Spadina-Fort York
3429570,STR-2308-FVSDVR,52 Pintail Cres,,M3A,Single/Semi-detached House,16,Don Valley East
3429571,STR-2308-GLFDVT,15 Greenview Ave,2510,M2M,Condominium,18,Willowdale
3429572,STR-2308-HSFDVY,78 Sylvan Ave,,M1M,Single/Semi-detached House,24,Scarborough-Guildwood
3429573,STR-2308-FWHRVR,250 Westview Blvd,,M4B,Single/Semi-detached House,19,Beaches-East York
3429574,STR-2308-GLVRVT,238 Pineway Blvd,,M2H,Single/Semi-detached House,17,Don Valley North
3429575,STR-2308-HCHRVW,721 Dupont St,,M6G,Duplex/Triplex/Fourplex,11,University-Rosedale
3429576,STR-2308-HSVRVY,250 Wellington St W,1443,M5V,Condominium,10,Spadina-Fort York
3429577,STR-2308-JBBRVZ,477 Richmond St W,503,M5V,Condominium,10,Spadina-Fort York
3429578,STR-2308-FWYDVR,155 Yorkville Ave,2917,M5R,Condominium,11,University-Rosedale
3429579,STR-2308-GVSDVV,215 Fort York Blvd,2809,M5V,Condominium,10,Spadina-Fort York
3429580,STR-2308-HCYDVW,15 Wales Ave,,M5T,Townhouse/ Row House,11,University-Rosedale
3429581,STR-2308-FQHRVQ,488 King St E,,M5A,Townhouse/ Row House,13,Toronto Centre
3429582,STR-2308-HVBRVY,87B Sussex Ave,,M5S,Duplex/Triplex/Fourplex,11,University-Rosedale
3429583,STR-2308-FHSDVP,215 Fort York Blvd,3811,M5V,Condominium,10,Spadina-Fort York
3429584,STR-2308-GGLDVS,8 Mayfield Ave,,M6S,Single/Semi-detached House,4,Parkdale-High Park
3429585,STR-2308-GPSDVT,300 Front St W,2506,M5V,Condominium,10,Spadina-Fort York
3429586,STR-2308-GQHRVT,62 Prust Ave,BSMT,M4L,Single/Semi-detached House,14,Toronto-Danforth
3429587,STR-2308-HFVRVW,101 Peter St,3107,M5V,Condominium,10,Spadina-Fort York
3429588,STR-2308-JDPRVZ,14 York St,1809,M5J,Condominium,10,Spadina-Fort York
3429589,STR-2308-FJYDVP,12 York St,504,M5J,Condominium,10,Spadina-Fort York
3429590,STR-2308-FZLDVR,300 Front St W,805,M5V,Condominium,10,Spadina-Fort York
3429591,STR-2308-GHSDVS,65 Bremner Blvd,1605,M5J,Condominium,10,Spadina-Fort York
3429592,STR-2308-HGLDVW,151 Dan Leckie Way,516,M5V,Condominium,10,Spadina-Fort York
3429593,STR-2308-HWYDVY,363 Dovercourt Rd,2nd floor,M6J,Single/Semi-detached House,9,Davenport
3429594,STR-2308-FKPRVP,272 St Clarens Ave,Basement,M6H,Single/Semi-detached House,9,Davenport
3429595,STR-2308-FSVRVQ,300 Front St W,2407,M5V,Condominium,10,Spadina-Fort York
3429596,STR-2308-GBBRVR,219 Fort York Blvd,3307,M5V,Condominium,10,Spadina-Fort York
3429597,STR-2308-GRPRVT,197 Osler St,,M6N,Single/Semi-detached House,9,Davenport
3429598,STR-2308-GYVRVV,300 Front St W,4504,M5V,Condominium,10,Spadina-Fort York
3429599,STR-2308-HHBRVW,210 Victoria St,608,M5B,Condominium,13,Toronto Centre
3429600,STR-2308-GJYDVS,68 Shaver Ave S,,M9B,Single/Semi-detached House,3,Etobicoke-Lakeshore
3429601,STR-2308-GZLDVV,10 Sword St,2,M5A,Apartment,13,Toronto Centre
3429602,STR-2308-HHSDVW,439 St Clarens Ave,BSMT,M6H,Duplex/Triplex/Fourplex,9,Davenport
3429603,STR-2308-HYFDVY,14 Edna Ave,Main,M6P,Single/Semi-detached House,4,Parkdale-High Park
3429604,STR-2308-FLWXVQ,428 Kenneth Ave,1,M2N,Townhouse/ Row House,18,Willowdale
3429605,STR-2308-FVCXVR,13 Adair Rd,,M4B,Single/Semi-detached House,19,Beaches-East York
3429606,STR-2308-GCJXVS,1239 Dundas St W,304,M6J,Condominium,10,Spadina-Fort York
3429607,STR-2308-GKQXVT,9 London St,,M6G,Single/Semi-detached House,11,University-Rosedale
3429608,STR-2308-HBCXVW,181 Booth Ave,,M4M,Single/Semi-detached House,14,Toronto-Danforth
3429609,STR-2308-HJJXVX,206 Cummer Ave,,M2M,Single/Semi-detached House,18,Willowdale
3429610,STR-2308-FMMKVQ,30 Jeffton Cres,,M1G,Single/Semi-detached House,24,Scarborough-Guildwood
3429611,STR-2308-GTMKVV,22 Rayside Dr,,M9C,Single/Semi-detached House,2,Etobicoke Centre
3429612,STR-2308-FPCXVQ,51 Cassels Ave,Whole House,M4E,Duplex/Triplex/Fourplex,19,Beaches-East York
3429613,STR-2308-FWJXVR,18 Colony Rd,,M1R,Single/Semi-detached House,21,Scarborough Centre
3429614,STR-2308-GVCXVV,300 Front St W,2309,M5V,Apartment,10,Spadina-Fort York
3429615,STR-2308-HSWXVY,3B Hobden Pl,,M9R,Townhouse/ Row House,2,Etobicoke Centre
3429616,STR-2308-FHCXVP,125 Barker Ave,,M4C,Single/Semi-detached House,19,Beaches-East York
3429617,STR-2308-FQJXVQ,80 Western Battery Rd,2309,M6K,Condominium,10,Spadina-Fort York
3429618,STR-2308-GWJXVV,64 Lionel Heights Cres,,M3A,Single/Semi-detached House,16,Don Valley East
3429619,STR-2308-HVCXVY,19 Revcoe Dr,,M2M,Single/Semi-detached House,18,Willowdale
3429620,STR-2308-HFGKVW,32 East Lynn Ave,,M4C,Single/Semi-detached House,19,Beaches-East York
3429621,STR-2308-HVTKVY,139 Day Ave,,M6E,Single/Semi-detached House,9,Davenport
3429622,STR-2308-FJJXVP,1 The Esplanade,1507,M5E,Condominium,10,Spadina-Fort York
3429623,STR-2308-GHCXVS,226 Garden Ave,,M6R,Single/Semi-detached House,4,Parkdale-High Park
3429624,STR-2308-JDQXVZ,151 Dan Leckie Way,1038,M5V,Condominium,10,Spadina-Fort York
3429625,STR-2308-GQZKVT,30 Nelson St,202,M5V,Condominium,10,Spadina-Fort York
3429626,STR-2308-HPTKVX,63 Shippigan Cres,,M2J,Single/Semi-detached House,17,Don Valley North
3429627,STR-2308-HQJXVX,251 Jarvis St,4212,M5B,Condominium,13,Toronto Centre
3429628,STR-2308-HXQXVY,13 Allen Ave,,M4M,Single/Semi-detached House,14,Toronto-Danforth
3429629,STR-2308-FTMKVQ,62 Burnaby Blvd,,M5N,Single/Semi-detached House,8,Eglinton-Lawrence
3429630,STR-2308-GBTKVR,1838 Dufferin St,,M6E,Single/Semi-detached House,9,Davenport
3429631,STR-2308-GSGKVT,176 Rosemount Ave,,M9N,Single/Semi-detached House,5,York South-Weston
3429632,STR-2308-GZMKVV,299 Lauder Ave,2,M6E,Single/Semi-detached House,9,Davenport
3429633,STR-2308-HYGKVY,139 Rhodes Ave,,M4L,Single/Semi-detached House,14,Toronto-Danforth
3429634,STR-2308-FDSDVP,1176 Shaw St,,M6G,Single/Semi-detached House,12,Toronto-St. Paul's
3429635,STR-2308-FVFDVR,245 Woburn Ave,,M5M,Single/Semi-detached House,8,Eglinton-Lawrence
3429636,STR-2308-GSYDVV,120 Dallimore Crcl,713,M3C,Condominium,16,Don Valley East
3429637,STR-2308-HRSDVY,21 Haddon Ave,,M1N,Single/Semi-detached House,20,Scarborough Southwest
3429638,STR-2308-FMPRVQ,54 Golden Ave,,M6R,Single/Semi-detached House,4,Parkdale-High Park
3429639,STR-2308-GLHRVT,154 Amberjack Blvd,,M1H,Single/Semi-detached House,24,Scarborough-Guildwood
3429640,STR-2308-FFYDVP,270 Wellington St W,1217,M5V,Condominium,10,Spadina-Fort York
3429641,STR-2308-HKSDVX,645 Davenport Rd,3,M5R,Townhouse/ Row House,12,Toronto-St. Paul's
3429642,STR-2308-FPVRVQ,116 Navenby Cres,,M9L,Townhouse/ Row House,7,Humber River-Black Creek
3429643,STR-2308-GVVRVV,101 Peter St,PH 01,M5V,Condominium,10,Spadina-Fort York
3429644,STR-2308-GFYDVS,652 Spadina Ave,,M5S,Townhouse/ Row House,11,University-Rosedale
3429645,STR-2308-GWLDVV,39 Twenty Fifth St,2,M8V,Duplex/Triplex/Fourplex,3,Etobicoke-Lakeshore
3429646,STR-2308-HLYDVX,191 Beatrice St,,M6G,Single/Semi-detached House,11,University-Rosedale
3429647,STR-2308-HVFDVY,140 Simcoe St,1104,M5H,Condominium,10,Spadina-Fort York
3429648,STR-2308-GXBRVV,36 Crofton Rd,,M4G,Single/Semi-detached House,15,Don Valley West
3429649,STR-2308-HFHRVW,8 Wellesley St E,305,M4Y,Condominium,13,Toronto Centre
3429650,STR-2308-HMPRVX,151 Dan Leckie Way,1007,M5V,Condominium,10,Spadina-Fort York
3429651,STR-2308-FYYDVR,210 Victoria St,4407,M5B,Condominium,13,Toronto Centre
3429652,STR-2309-FKBRVP,55 Bremner Blvd,2109,M5J,Condominium,10,Spadina-Fort York
3429653,STR-2309-GYHRVV,2 Parmbelle Cres,,M3A,Single/Semi-detached House,16,Don Valley East
3429654,STR-2309-HXBRVY,208 Queens Quay  W,2213,M5J,Condominium,10,Spadina-Fort York
3429655,STR-2309-FKSDVP,231 Fort York Blvd,1304,M5V,Condominium,10,Spadina-Fort York
3429656,STR-2309-FSYDVQ,101 Peter St,618,M5V,Condominium,10,Spadina-Fort York
3429657,STR-2309-GRSDVT,955 Bay St,405,M5S,Condominium,13,Toronto Centre
3429658,STR-2309-HHFDVW,88 Carr St,5,M5T,Condominium,10,Spadina-Fort York
3429659,STR-2309-HQLDVX,45 White Heather Blvd,,M1V,Single/Semi-detached House,23,Scarborough North
3429660,STR-2309-HXSDVY,25 St Mary St,1003,M4Y,Apartment,13,Toronto Centre
3429661,STR-2309-FLHRVP,14 York St,3112,M5J,Condominium,10,Spadina-Fort York
3429662,STR-2309-GKBRVS,155 Yorkville Ave,1101,M5R,Condominium,11,University-Rosedale
3429663,STR-2309-HHVRVW,126 Owen Blvd,,M2P,Single/Semi-detached House,15,Don Valley West
3429664,STR-2309-HYHRVY,349 Huntsmill Blvd,,M1W,Single/Semi-detached House,22,Scarborough-Agincourt
3429665,STR-2309-FVGKVR,336 Trudelle St,Upper,M1J,Single/Semi-detached House,21,Scarborough Centre
3429666,STR-2309-GKTKVT,88 Corporate Dr,2708,M1H,Condominium,24,Scarborough-Guildwood
3429667,STR-2309-HJMKVX,98 Nipigon Ave,,M2M,Single/Semi-detached House,18,Willowdale
3429668,STR-2309-HRTKVY,65 Margueretta St,,M6H,Single/Semi-detached House,9,Davenport
3429669,STR-2309-HYZKVZ,35 Buckley Cres,,M9R,Single/Semi-detached House,2,Etobicoke Centre
3429670,STR-2309-FVWXVR,36 Lorraine Gdns,,M9B,Single/Semi-detached House,2,Etobicoke Centre
3429671,STR-2309-GDCXVS,54 Woodrow Ave,,M4C,Single/Semi-detached House,19,Beaches-East York
3429672,STR-2309-GLJXVT,17 Pembroke St,13,M5A,Condominium,13,Toronto Centre
3429673,STR-2309-GTQXVV,12 York St,1301,M5J,Condominium,10,Spadina-Fort York
3429674,STR-2309-HSJXVY,65 Bremner Blvd,2901,M5J,Condominium,10,Spadina-Fort York
3429675,STR-2309-FFZKVP,326 Carlaw Ave,203,M4M,Condominium,14,Toronto-Danforth
3429676,STR-2309-GVGKVV,382 Highfield Rd,,M4L,Single/Semi-detached House,14,Toronto-Danforth
3429677,STR-2309-HKTKVX,126 Crawford St,,M6J,Single/Semi-detached House,10,Spadina-Fort York
3429678,STR-2309-JBGKVZ,105 Eleventh St,,M8V,Single/Semi-detached House,3,Etobicoke-Lakeshore
3429679,STR-2309-GFJXVS,8 Fieldway Rd,214,M8Z,Condominium,3,Etobicoke-Lakeshore
3429680,STR-2309-GMQXVT,52 Castlebury Cres,,M2H,Single/Semi-detached House,17,Don Valley North
3429681,STR-2309-GFZKVS,858 Shaw St,,M6G,Single/Semi-detached House,11,University-Rosedale
3429682,STR-2309-JCMKVZ,1 Doverwood Crt,,M2M,Single/Semi-detached House,18,Willowdale
3429683,STR-2309-FHWXVP,38 Santa Barbara Rd,,M2N,Single/Semi-detached House,18,Willowdale
3429684,STR-2309-FRCXVQ,65 Dane Ave,,M6A,Single/Semi-detached House,8,Eglinton-Lawrence
3429685,STR-2309-GGQXVS,71 Denvale Rd,,M4B,Single/Semi-detached House,19,Beaches-East York
3429686,STR-2309-GXCXVV,270 Wellington St W,223,M5V,Condominium,10,Spadina-Fort York
3429687,STR-2309-HVWXVY,276 Bogert Ave,,M2N,Single/Semi-detached House,18,Willowdale
3429688,STR-2309-FJMKVP,215 Fort York Blvd,1303,M5V,Condominium,10,Spadina-Fort York
3429689,STR-2309-GHGKVS,209 Fort York Blvd,174,M5V,Condominium,10,Spadina-Fort York
3429690,STR-2309-GQMKVT,275 Broadview Ave,4,M4M,Townhouse/ Row House,14,Toronto-Danforth
3429691,STR-2309-GXTKVV,8 York St,2407,M5J,Condominium,10,Spadina-Fort York
3429692,STR-2309-HPGKVX,64 Foxley St,,M6J,Townhouse/ Row House,10,Spadina-Fort York
3429693,STR-2309-HWMKVY,196 Clonmore Dr,Upper,M1N,Single/Semi-detached House,20,Scarborough Southwest
3429694,STR-2309-FKCXVP,16 Grace St,,M6J,Single/Semi-detached House,11,University-Rosedale
3429695,STR-2309-FZQXVR,62 Chartland Blvd S,,M1S,Single/Semi-detached House,23,Scarborough North
3429696,STR-2309-HPWXVX,21 Iceboat Ter,PH07,M5V,Condominium,10,Spadina-Fort York
3429697,STR-2309-JFJXVZ,155 Yorkville Ave,2308,M5R,Condominium,11,University-Rosedale
3429698,STR-2309-GJMKVS,59 Lonborough Ave,,M6M,Single/Semi-detached House,5,York South-Weston
3429699,STR-2309-HHGKVW,18 Maitland Ter,412,M4Y,Condominium,13,Toronto Centre
3429700,STR-2309-HXTKVY,209 Fort York Blvd,374,M5V,Condominium,10,Spadina-Fort York
3429701,STR-2309-FLJXVP,30 Sunnycrest Rd,1,M2R,Single/Semi-detached House,6,York Centre
3429702,STR-2309-GBWXVR,593 Greenwood Ave,,M4J,Single/Semi-detached House,14,Toronto-Danforth
3429703,STR-2309-HRCXVX,594 Wellington St W,,M5V,Townhouse/ Row House,10,Spadina-Fort York
3429704,STR-2309-JGQXVZ,35 Gledhill Ave,,M4C,Single/Semi-detached House,19,Beaches-East York
3429705,STR-2309-FDVRVP,155 Yorkville Ave,710,M5R,Condominium,11,University-Rosedale
3429706,STR-2309-FMBRVQ,134 Bartlett Ave,R,M6H,Single/Semi-detached House,9,Davenport
3429707,STR-2309-FVHRVR,165 Legion Rd N,723,M8Y,Condominium,3,Etobicoke-Lakeshore
3429708,STR-2309-GCPRVS,65 Bremner Blvd,4607,M5J,Condominium,10,Spadina-Fort York
3429709,STR-2309-GTBRVV,130 Combe Ave,,M3H,Single/Semi-detached House,6,York Centre
3429710,STR-2309-HBHRVW,28 Pakenham Dr,,M9W,Single/Semi-detached House,1,Etobicoke North
3429711,STR-2309-FFLDVP,2154 Dundas St W,205,M6R,Condominium,4,Parkdale-High Park
3429712,STR-2309-FMSDVQ,74 Pembroke St,A,M5A,Single/Semi-detached House,13,Toronto Centre
3429713,STR-2309-FVYDVR,133 Wychwood Ave,Main,M6G,Single/Semi-detached House,12,Toronto-St. Paul's
3429714,STR-2309-GLLDVT,112 George St,702,M5A,Condominium,13,Toronto Centre
3429715,STR-2309-GTSDVV,2 Orley Ave,,M4C,Single/Semi-detached House,19,Beaches-East York
3429716,STR-2309-HKFDVX,155 Yorkville Ave,2011,M5R,Apartment,11,University-Rosedale
3429717,STR-2309-HSLDVY,628 Crawford St,Lower level Apt,M6G,Single/Semi-detached House,11,University-Rosedale
3429718,STR-2309-FGBRVP,78 Willesden Rd,,M2H,Single/Semi-detached House,17,Don Valley North
3429719,STR-2309-GVHRVV,323 Armadale Ave,,M6S,Single/Semi-detached House,4,Parkdale-High Park
3429720,STR-2309-HCPRVW,21 Iceboat Ter,1907,M5V,Condominium,10,Spadina-Fort York
3429721,STR-2309-HTBRVY,51 Paul Lane Gdns,2,M5T,Townhouse/ Row House,10,Spadina-Fort York
3429722,STR-2309-FPYDVQ,55 Bremner Blvd,3510,M5J,Condominium,10,Spadina-Fort York
3429723,STR-2309-GVYDVV,14 York St,2207,M5J,Condominium,10,Spadina-Fort York
3429724,STR-2309-HDFDVW,47 John Perkins Bull Dr,3,M3K,Apartment,6,York Centre
3429725,STR-2309-HTSDVY,223 Timberbank Blvd,,M1W,Single/Semi-detached House,22,Scarborough-Agincourt
3429726,STR-2309-JBYDVZ,14 Massie St,,M1S,Single/Semi-detached House,23,Scarborough North
3429727,STR-2309-HDVRVW,20 John St,618,M5V,Condominium,10,Spadina-Fort York
3429728,STR-2309-HMBRVX,306 Renforth Dr,,M9C,Single/Semi-detached House,2,Etobicoke Centre
3429729,STR-2309-HVHRVY,429 Sumach St,,M4X,Single/Semi-detached House,13,Toronto Centre
3429730,STR-2309-JCPRVZ,138 Horsham Ave,,M2N,Single/Semi-detached House,18,Willowdale
3429731,STR-2309-FHYDVP,24 Avonwick Gt,,M3A,Single/Semi-detached House,16,Don Valley East
3429732,STR-2309-GGSDVS,165 Legion Rd N,1128,M8Y,Condominium,3,Etobicoke-Lakeshore
3429733,STR-2309-GXFDVV,38 Grenville St,810,M4Y,Condominium,13,Toronto Centre
3429734,STR-2309-HVYDVY,76 MacDonell Ave,,M6R,Single/Semi-detached House,4,Parkdale-High Park
3429735,STR-2309-FRVRVQ,439 Wellesley St E,,M4X,Single/Semi-detached House,13,Toronto Centre
3429736,STR-2309-FZBRVR,27 Spindlewood Dr,,M2J,Single/Semi-detached House,17,Don Valley North
3429737,STR-2309-GHHRVS,343 Gladstone Ave,,M6H,Duplex/Triplex/Fourplex,,
3429738,STR-2309-GXVRVV,49 Lacey Ave,2,M6M,Duplex/Triplex/Fourplex,5,York South-Weston
3429739,STR-2309-FZSDVR,112 Seaton St,,M5A,Single/Semi-detached House,13,Toronto Centre
3429740,STR-2309-HGSDVW,560 Front St W,1128,M5V,Condominium,10,Spadina-Fort York
3429741,STR-2309-HPYDVX,266 Harvie Ave,,M6E,Single/Semi-detached House,9,Davenport
3429742,STR-2309-JFLDVZ,88 Milton St,,M8Y,Townhouse/ Row House,3,Etobicoke-Lakeshore
3429743,STR-2309-FTBRVQ,222 Elm St,704,M5T,Apartment,11,University-Rosedale
3429744,STR-2309-GBHRVR,2421 Gerrard St E,,M4E,Single/Semi-detached House,19,Beaches-East York
3429745,STR-2309-HQPRVX,206 Queen's Dr,,M9N,Single/Semi-detached House,5,York South-Weston
3429746,STR-2309-HXVRVY,50 Regent St,,M6N,Single/Semi-detached House,5,York South-Weston
3429747,STR-2309-FTSDVQ,23 Sheppard Ave E,409,M2N,Condominium,18,Willowdale
3429748,STR-2309-GKFDVS,2573 Lake Shore Blvd W,5,M8V,Apartment,3,Etobicoke-Lakeshore
3429749,STR-2309-HHYDVW,73 Guthrie Ave,,M8Y,Single/Semi-detached House,3,Etobicoke-Lakeshore
3429750,STR-2309-HRFDVX,168 Simcoe St,513,M5H,Condominium,10,Spadina-Fort York
3429751,STR-2309-JGSDVZ,4 Crendon Dr,,M9C,Single/Semi-detached House,2,Etobicoke Centre
3429752,STR-2309-FVJXVR,251 Jarvis St,4512,M5B,Condominium,13,Toronto Centre
3429753,STR-2309-FVZKVR,114 Tandridge Cres,,M9W,Single/Semi-detached House,1,Etobicoke North
3429754,STR-2309-HBZKVW,99 Gerrard St W,2101,M5G,Apartment,11,University-Rosedale
3429755,STR-2309-HSMKVY,11 Hucknall Rd,,M3J,Single/Semi-detached House,7,Humber River-Black Creek
3429756,STR-2309-FPJXVQ,451 Pacific Ave,,M6P,Single/Semi-detached House,4,Parkdale-High Park
3429757,STR-2309-GDWXVS,453 Soudan Ave,,M4S,Single/Semi-detached House,15,Don Valley West
3429758,STR-2309-HCQXVW,12 York St,1806,M5J,Condominium,10,Spadina-Fort York
3429759,STR-2309-GMTKVT,25 Indian Trl,Lower,M6R,Single/Semi-detached House,4,Parkdale-High Park
3429760,STR-2309-GVZKVV,44 Garnock Ave,,M4K,Single/Semi-detached House,14,Toronto-Danforth
3429761,STR-2309-HLMKVX,7 Trent Ave,,M4C,Single/Semi-detached House,19,Beaches-East York
3429762,STR-2309-FHJXVP,30 Northbrook Rd,,M4J,Single/Semi-detached House,14,Toronto-Danforth
3429763,STR-2309-FQQXVQ,14 Hammersmith Ave,1,M4E,Duplex/Triplex/Fourplex,19,Beaches-East York
3429764,STR-2309-GGCXVS,80 Western Battery Rd,1912,M6K,Condominium,10,Spadina-Fort York
3429765,STR-2309-GPJXVT,30 Fernwood Park Ave,4,M4E,Duplex/Triplex/Fourplex,19,Beaches-East York
3429766,STR-2309-HMCXVX,112 Springhurst Ave,2A,M6K,Duplex/Triplex/Fourplex,4,Parkdale-High Park
3429767,STR-2309-FYMKVR,68 Pine Cres,,M4E,Single/Semi-detached House,19,Beaches-East York
3429768,STR-2309-GPZKVT,47 Moon Valley Dr,,M9W,Single/Semi-detached House,1,Etobicoke North
3429769,STR-2309-GXGKVV,20 Blue Jays Way,1410,M5V,Condominium,10,Spadina-Fort York
3429770,STR-2309-HMTKVX,26 Parkcrest Dr,,M1M,Single/Semi-detached House,20,Scarborough Southwest
3429771,STR-2309-HVZKVY,7 Crowland Dr,,M9W,Single/Semi-detached House,1,Etobicoke North
3429772,STR-2309-FJQXVP,7 Leggett Ave,,M9P,Single/Semi-detached House,2,Etobicoke Centre
3429773,STR-2309-JDWXVZ,69 Palmerston Ave,Main Floor,M6J,Single/Semi-detached House,10,Spadina-Fort York
3429774,STR-2309-GRGKVT,36 Zorra St,2104,M8Z,Condominium,3,Etobicoke-Lakeshore
3429775,STR-2309-GYMKVV,2028 Dundas St E,,M4L,Single/Semi-detached House,19,Beaches-East York
3429776,STR-2309-HPZKVX,32 Camden St,1002,M5V,Condominium,10,Spadina-Fort York
3429777,STR-2309-FKWXVP,19 Brant St,605,M5V,Condominium,10,Spadina-Fort York
3429778,STR-2309-FTCXVQ,253 The Westway,Main level,M9R,Single/Semi-detached House,2,Etobicoke Centre
3429779,STR-2309-GBJXVR,14 York St,2608,M5J,Condominium,10,Spadina-Fort York
3429780,STR-2309-GJQXVS,126 JOHN TABOR TRL,,M1B,Single/Semi-detached House,25,Scarborough-Rouge Park
3429781,STR-2309-JGCXVZ,5 Bisley St,,M4M,Townhouse/ Row House,14,Toronto-Danforth
3429782,STR-2309-FTTKVQ,17 Queen Victoria St,,M4J,Single/Semi-detached House,14,Toronto-Danforth
3429783,STR-2309-GBZKVR,175 Jones Ave,1,M4M,Condominium,14,Toronto-Danforth
3429784,STR-2309-GSMKVT,230 Queens Quay  W,2523,M5J,Condominium,10,Spadina-Fort York
3429785,STR-2309-HHZKVW,42 Gwendolen Cres,,M2N,Single/Semi-detached House,18,Willowdale
3429786,STR-2309-JGTKVZ,668 Victoria Park Ave,,M4C,Single/Semi-detached House,19,Beaches-East York
3429787,STR-2309-FMFDVQ,137 Mammoth Hall Trl,,M1B,Townhouse/ Row House,23,Scarborough North
3429788,STR-2309-FVLDVR,73 Osler St,,M6P,Townhouse/ Row House,9,Davenport
3429789,STR-2309-GCSDVS,19 Coneflower Cres,122,M2R,Townhouse/ Row House,6,York Centre
3429790,STR-2309-FWBRVR,151 Dan Leckie Way,912,M5V,Condominium,10,Spadina-Fort York
3429791,STR-2309-GLPRVT,151 Dan Leckie Way,558,M5V,Condominium,10,Spadina-Fort York
3429792,STR-2309-GTVRVV,14 York St,3605,M5J,Condominium,10,Spadina-Fort York
3429793,STR-2309-HCBRVW,10 Gateway Blvd,211,M3C,Condominium,16,Don Valley East
3429794,STR-2309-HZVRVZ,19 Mulham Pl,,M9A,Single/Semi-detached House,2,Etobicoke Centre
3429795,STR-2309-FPLDVQ,2133 Morningside Ave,,M1X,Townhouse/ Row House,25,Scarborough-Rouge Park
3429796,STR-2309-GMFDVT,119 Lascelles Blvd,,M5P,Single/Semi-detached House,12,Toronto-St. Paul's
3429797,STR-2309-GVLDVV,77 Sweeney Dr,,M4A,Single/Semi-detached House,16,Don Valley East
3429798,STR-2309-HKYDVX,25 Tumbleweed Rd,,M2J,Single/Semi-detached House,17,Don Valley North
3429799,STR-2309-HTFDVY,21 Iceboat Ter,2112,M5V,Condominium,10,Spadina-Fort York
3429800,STR-2309-JBLDVZ,101 Peter St,4002,M5V,Condominium,10,Spadina-Fort York
3429801,STR-2309-FXHRVR,35 MacDonald St,,M8V,Single/Semi-detached House,3,Etobicoke-Lakeshore
3429802,STR-2309-GFPRVS,2300 St Clair Ave W,113,M6N,Condominium,5,York South-Weston
3429803,STR-2309-HMVRVX,251 Jarvis St,827,M5B,Condominium,13,Toronto Centre
3429804,STR-2309-HTVRVY,151 Dan Leckie Way,537,M5V,Condominium,10,Spadina-Fort York
3429805,STR-2309-JCBRVZ,54 East Liberty St,1021,M6K,Condominium,10,Spadina-Fort York
3429806,STR-2309-FXYDVR,748 St Clair Ave W,1,M6C,Apartment,12,Toronto-St. Paul's
3429807,STR-2309-GGFDVS,73 Ambercroft Blvd,,M1W,Single/Semi-detached House,22,Scarborough-Agincourt
3429808,STR-2309-FJBRVP,2 Eva Rd,1928,M9C,Condominium,2,Etobicoke Centre
3429809,STR-2309-FRHRVQ,1 Flax Field Ln,,M2N,Townhouse/ Row House,18,Willowdale
3429810,STR-2309-FYPRVR,235 Rosemount Ave,,M9N,Single/Semi-detached House,5,York South-Weston
3429811,STR-2309-GQBRVT,14 Hammersmith Ave,4,M4E,Duplex/Triplex/Fourplex,19,Beaches-East York
3429812,STR-2309-GXHRVV,120 Homewood Ave,311,M4Y,Condominium,13,Toronto Centre
3429813,STR-2309-HFPRVW,120 Homewood Ave,324,M4Y,Condominium,13,Toronto Centre
3429814,STR-2309-JDHRVZ,2360 Dundas St W,2504,M6P,Apartment,4,Parkdale-High Park
3429815,STR-2309-FRYDVQ,30 Nelson St,1702,M5V,Condominium,10,Spadina-Fort York
3429816,STR-2309-FZFDVR,9 Euclid Ave,,M6J,Townhouse/ Row House,10,Spadina-Fort York
3429817,STR-2309-HPLDVX,22 Morna Ave,,M1E,Single/Semi-detached House,24,Scarborough-Guildwood
3429818,STR-2309-HWSDVY,40 Edmund Ave,Main,M9N,Single/Semi-detached House,5,York South-Weston
3429819,STR-2309-FKHRVP,196 Delaware Ave,,M6H,Single/Semi-detached House,9,Davenport
3429820,STR-2309-GJBRVS,138 St Helen's Ave,710,M6H,Condominium,9,Davenport
3429821,STR-2309-HGVRVW,59 East Liberty St,112,M6K,Condominium,10,Spadina-Fort York
3429822,STR-2309-HXHRVY,33 Dundonald St,2,M4Y,Townhouse/ Row House,13,Toronto Centre
3429823,STR-2309-JFPRVZ,735 Richmond St W,basement,M6J,Single/Semi-detached House,10,Spadina-Fort York
3429824,STR-2309-FKYDVP,215 Jarvis St,4,M5B,Apartment,13,Toronto Centre
3429825,STR-2309-GRYDVT,18 Burnhamthorpe Park Blvd,,M9A,Single/Semi-detached House,3,Etobicoke-Lakeshore
3429826,STR-2309-HQSDVX,326 Strathmore Blvd,,M4J,Single/Semi-detached House,14,Toronto-Danforth
3429827,STR-2309-HXYDVY,26 Winslow St,,M8Y,Single/Semi-detached House,3,Etobicoke-Lakeshore
3429828,STR-2309-FLPRVP,16 Embers Dr,,M9C,Duplex/Triplex/Fourplex,2,Etobicoke Centre
3429829,STR-2309-GCBRVR,21 Iceboat Ter,3305,M5V,Condominium,10,Spadina-Fort York
3429830,STR-2309-HRHRVX,21 Iceboat Ter,4810,M5V,Condominium,10,Spadina-Fort York
3429831,STR-2309-GCTKVS,4 Claremore Ave,,M1N,Single/Semi-detached House,20,Scarborough Southwest
3429832,STR-2309-HZGKVZ,108 Randolph Rd,,M4G,Single/Semi-detached House,15,Don Valley West
3429833,STR-2309-FFQXVP,28 Endean Ave,Main,M4M,Single/Semi-detached House,14,Toronto-Danforth
3429834,STR-2309-FMWXVQ,21 Iceboat Ter,223,M5V,Condominium,10,Spadina-Fort York
3429835,STR-2309-GTWXVV,30 Nelson St,1104,M5V,Condominium,10,Spadina-Fort York
3429836,STR-2309-HKJXVX,30 Western Battery Rd,330,M6K,Townhouse/ Row House,10,Spadina-Fort York
3429837,STR-2309-GDZKVS,14 Seaforth Ave,B,M6K,Duplex/Triplex/Fourplex,4,Parkdale-High Park
3429838,STR-2309-GMGKVT,65 Hargrave Lane,,M4N,Townhouse/ Row House,15,Don Valley West
3429839,STR-2309-HCTKVW,16 Yonge St,1313,M5E,Apartment,10,Spadina-Fort York
3429840,STR-2309-HKZKVX,46 Hewitt Ave,,M6R,Single/Semi-detached House,4,Parkdale-High Park
3429841,STR-2309-HTGKVY,25 Savarin St,,M1J,Single/Semi-detached House,21,Scarborough Centre
3429842,STR-2309-HLQXVX,10049 Sheppard Ave E,,M1B,Single/Semi-detached House,25,Scarborough-Rouge Park
3429843,STR-2309-HTWXVY,21 Iceboat Ter,4302,M5V,Condominium,10,Spadina-Fort York
3429844,STR-2309-GWTKVV,156 Portland St,615,M5V,Condominium,10,Spadina-Fort York
3429845,STR-2309-HDZKVW,82 Halsey Ave,,M4B,Townhouse/ Row House,19,Beaches-East York
3429846,STR-2309-HVMKVY,103 West Lodge Ave,501,M6K,Apartment,4,Parkdale-High Park
3429847,STR-2309-JCTKVZ,1161 Islington Ave,,M8Z,Single/Semi-detached House,3,Etobicoke-Lakeshore
3429848,STR-2309-FRJXVQ,463 Warden Ave,,M1L,Single/Semi-detached House,20,Scarborough Southwest
3429849,STR-2309-GGWXVS,512 Bathurst St,1,M5S,Duplex/Triplex/Fourplex,11,University-Rosedale
3429850,STR-2309-GQCXVT,955 Bay St,2008,M5S,Condominium,13,Toronto Centre
3429851,STR-2309-HFQXVW,638 Oakwood Ave,,M6E,Single/Semi-detached House,12,Toronto-St. Paul's
3429852,STR-2309-JDJXVZ,300 Front St W,2901,M5V,Condominium,10,Spadina-Fort York
3429853,STR-2310-GXZKVV,118 Mavety St,,M6P,Single/Semi-detached House,4,Parkdale-High Park
3429854,STR-2310-HWTKVY,28 Linden St,307,M4Y,Condominium,13,Toronto Centre
3429855,STR-2310-GRJXVT,35 Hayden St,101,M4Y,Condominium,11,University-Rosedale
3429856,STR-2310-HXJXVY,3 Gloucester St,1506,M4Y,Condominium,13,Toronto Centre
3429857,STR-2310-JFQXVZ,14 Lightwood Dr,,M9V,Single/Semi-detached House,1,Etobicoke North
3429858,STR-2310-GRZKVT,300 Front St W,312,M5V,Condominium,10,Spadina-Fort York
3429859,STR-2310-GZGKVV,493 Bloor St W,3,M5S,Apartment,19,Beaches-East York
3429860,STR-2310-HHMKVW,300 Front St W,3613,M5V,Condominium,10,Spadina-Fort York
3429861,STR-2310-HQTKVX,19 Pettibone Sq,,M1W,Single/Semi-detached House,22,Scarborough-Agincourt
3429862,STR-2310-GSQXVT,55 Dallas Rd,,M2R,Single/Semi-detached House,18,Willowdale
3429863,STR-2310-GZWXVV,295 Adelaide St W,801,M5V,Condominium,10,Spadina-Fort York
3429864,STR-2310-HRJXVX,300 Front St W,3009,M5V,Condominium,10,Spadina-Fort York
3429865,STR-2310-JGWXVZ,11 Brunel Crt,4508,M5V,Condominium,10,Spadina-Fort York
3429866,STR-2310-GTHRVV,19 Fareham Cres,,M1E,Single/Semi-detached House,24,Scarborough-Guildwood
3429867,STR-2310-HBPRVW,71 Centennial Rd,,M1C,Single/Semi-detached House,25,Scarborough-Rouge Park
3429868,STR-2310-HJVRVX,18 Yonge St,1715,M5E,Condominium,10,Spadina-Fort York
3429869,STR-2310-FFSDVP,36 Zorra St,811,M8Z,Condominium,3,Etobicoke-Lakeshore
3429870,STR-2310-FMYDVQ,18 Riverdale Ave,,M4K,Single/Semi-detached House,14,Toronto-Danforth
3429871,STR-2310-HCFDVW,128 Burgess Ave,,M4E,Single/Semi-detached House,19,Beaches-East York
3429872,STR-2310-HSSDVY,20 Bruyeres Mews,1605,M5V,Condominium,10,Spadina-Fort York
3429873,STR-2310-HZYDVZ,9 Talent Cres,,M9M,Single/Semi-detached House,7,Humber River-Black Creek
3429874,STR-2310-FPPRVQ,21 Iceboat Ter,4509,M5V,Condominium,10,Spadina-Fort York
3429875,STR-2310-GVPRVV,300 Front St W,4506,M5V,Condominium,10,Spadina-Fort York
3429876,STR-2310-HCVRVW,100 Hamilton St,,M4M,Townhouse/ Row House,14,Toronto-Danforth
3429877,STR-2310-HLBRVX,155 Yorkville Ave,1714,M5R,Condominium,11,University-Rosedale
3429878,STR-2310-HTHRVY,245 Carlaw Ave,403,M4M,Condominium,14,Toronto-Danforth
3429879,STR-2310-FGYDVP,21 Iceboat Ter,3701,M5V,Apartment,10,Spadina-Fort York
3429880,STR-2310-FQFDVQ,56 Kilchurn Castle Dr,,M1T,Single/Semi-detached House,22,Scarborough-Agincourt
3429881,STR-2310-GFSDVS,3931 Bloor St W,,M9B,Single/Semi-detached House,3,Etobicoke-Lakeshore
3429882,STR-2310-GMYDVT,236 Thistle Down Blvd,,M9V,Single/Semi-detached House,1,Etobicoke North
3429883,STR-2310-JCFDVZ,92 Whitburn Cres,Main Floor,M3M,Single/Semi-detached House,6,York Centre
3429884,STR-2310-FHPRVP,140 Simcoe St,602,M5H,Condominium,10,Spadina-Fort York
3429885,STR-2310-FYBRVR,47 Vradenberg Dr,,M1T,Single/Semi-detached House,22,Scarborough-Agincourt
3429886,STR-2310-HFBRVW,45 Minnacote Ave,,M1E,Single/Semi-detached House,25,Scarborough-Rouge Park
3429887,STR-2310-FRLDVQ,23 Sheppard Ave E,2705,M2N,Condominium,18,Willowdale
3429888,STR-2310-GGYDVS,800 King St W,209,M5V,Condominium,10,Spadina-Fort York
3429889,STR-2310-HMYDVX,300 Front St W,2213,M5V,Condominium,10,Spadina-Fort York
3429890,STR-2310-JDLDVZ,71 Bobmar Rd,,M1C,Single/Semi-detached House,25,Scarborough-Rouge Park
3429891,STR-2310-GHPRVS,7 Bow Valley Dr,,M1G,Single/Semi-detached House,24,Scarborough-Guildwood
3429892,STR-2310-GYBRVV,1185 The Queensway,603,M8Z,Condominium,3,Etobicoke-Lakeshore
3429893,STR-2310-HGHRVW,551 Eglinton Ave E,604,M4P,Apartment,15,Don Valley West
3429894,STR-2310-FSSDVQ,65 Ellerbeck St,,M4K,Single/Semi-detached House,14,Toronto-Danforth
3429895,STR-2310-FZYDVR,95 Walnut Ave,,M5V,Single/Semi-detached House,10,Spadina-Fort York
3429896,STR-2310-GJFDVS,1755 Bayview Ave,101,M4G,Apartment,15,Don Valley West
3429897,STR-2310-HQFDVX,11 Ozark Cres,,M4K,Single/Semi-detached House,14,Toronto-Danforth
3429898,STR-2310-HXLDVY,30 Nelson St,2002,M5V,Condominium,10,Spadina-Fort York
3429899,STR-2310-JFSDVZ,26 Symington Ave,,M6P,Townhouse/ Row House,9,Davenport
3429900,STR-2310-GBPRVR,107 Scollard St,2nd,M5R,Single/Semi-detached House,11,University-Rosedale
3429901,STR-2310-GZHRVV,17 Baylawn Dr,,M1S,Single/Semi-detached House,22,Scarborough-Agincourt
3429902,STR-2310-HYSDVY,2046 Gerrard St E,,M4E,Single/Semi-detached House,19,Beaches-East York
3429903,STR-2310-JGYDVZ,151 Dan Leckie Way,1602,M5V,Condominium,10,Spadina-Fort York
3429904,STR-2310-GLCXVT,80 Western Battery Rd,1105,M6K,Condominium,10,Spadina-Fort York
3429905,STR-2310-HZJXVZ,27 Vernon St,1,M6P,Single/Semi-detached House,4,Parkdale-High Park
3429906,STR-2310-GDMKVS,215 Fort York Blvd,3003,M5V,Condominium,10,Spadina-Fort York
3429907,STR-2310-GTZKVV,6 Valia Rd,,M1E,Single/Semi-detached House,25,Scarborough-Rouge Park
3429908,STR-2310-GVQXVV,1265 Birchmount Rd,2,M1P,Townhouse/ Row House,21,Scarborough Centre
3429909,STR-2310-HCWXVW,7 Cavell Ave,,M4K,Single/Semi-detached House,14,Toronto-Danforth
3429910,STR-2310-HLCXVX,2 Ashfield Dr,,M9C,Single/Semi-detached House,2,Etobicoke Centre
3429911,STR-2310-HTJXVY,33 Bay St,4412,M5J,Condominium,10,Spadina-Fort York
3429912,STR-2310-FGZKVP,172 Carolbreen Sq,,M1V,Single/Semi-detached House,23,Scarborough North
3429913,STR-2310-GWGKVV,224 Forest Hill Rd,,M5P,Single/Semi-detached House,12,Toronto-St. Paul's
3429914,STR-2310-HDMKVW,21 Iceboat Ter,3612,M5V,Condominium,10,Spadina-Fort York
3429915,STR-2310-HLTKVX,219 Fort York Blvd,508,M5V,Condominium,10,Spadina-Fort York
3429916,STR-2310-GGJXVS,55 Triller Ave,305,M6R,Apartment,4,Parkdale-High Park
3429917,STR-2310-HMJXVX,55 Triller Ave,1007,M6R,Apartment,4,Parkdale-High Park
3429918,STR-2310-FYTKVR,36 Zorra St,1410,M8Z,Condominium,3,Etobicoke-Lakeshore
3429919,STR-2310-GQGKVT,219 Fort York Blvd,416,M5V,Condominium,10,Spadina-Fort York
3429920,STR-2310-GXMKVV,46 Grove Park Cres,,M2J,Single/Semi-detached House,17,Don Valley North
3429921,STR-2310-HWGKVY,1571 Dupont St,2,M6P,Single/Semi-detached House,9,Davenport
3429922,STR-2310-FZJXVR,38 Grenville St,4408,M4Y,Condominium,13,Toronto Centre
3429923,STR-2310-GYCXVV,36 McNicoll Ave,,M2H,Single/Semi-detached House,17,Don Valley North
3429924,STR-2310-HGJXVW,136 Manitoba St,,M8Y,Townhouse/ Row House,3,Etobicoke-Lakeshore
3429925,STR-2310-HPQXVX,34 Hannaford St,,M4E,Single/Semi-detached House,19,Beaches-East York
3429926,STR-2310-HWWXVY,18 Yonge St,3912,M5E,Condominium,10,Spadina-Fort York
3429927,STR-2310-JFCXVZ,241 Renforth Dr,,M9C,Single/Semi-detached House,2,Etobicoke Centre
3429928,STR-2310-GJGKVS,150 BATHGATE DR,,M1C,Single/Semi-detached House,25,Scarborough-Rouge Park
3429929,STR-2310-GSCXVT,152 Linsmore Cres,,M4J,Single/Semi-detached House,14,Toronto-Danforth
3429930,STR-2310-GZJXVV,251 Jarvis St,3015,M5B,Condominium,13,Toronto Centre
3429931,STR-2310-HYCXVY,300 Front St W,314,M5V,Condominium,10,Spadina-Fort York
3429932,STR-2310-FLTKVP,6 Elway Crt,3,M6B,Duplex/Triplex/Fourplex,8,Eglinton-Lawrence
3429933,STR-2310-GZZKVV,44 Sherwood Ave,,M1R,Single/Semi-detached House,21,Scarborough Centre
3429934,STR-2310-HRMKVX,300 Front St W,2712,M5V,Condominium,10,Spadina-Fort York
3429935,STR-2310-HYTKVY,38 Abell St,216,M6J,Condominium,9,Davenport
3429936,STR-2310-FDPVHP,14 York St,2912,M5J,Apartment,10,Spadina-Fort York
3429937,STR-2310-FLVVHQ,955 Bay St,,M5S,Condominium,13,Toronto Centre
3429938,STR-2310-FVBVHR,144 Morse St,,M4M,Single/Semi-detached House,14,Toronto-Danforth
3429939,STR-2310-GSVVHV,49 Kennaley Cres,,M1V,Single/Semi-detached House,23,Scarborough North
3429940,STR-2310-HBBVHW,219 Fort York Blvd,1001,M5V,Apartment,10,Spadina-Fort York
3429941,STR-2310-HJHVHX,219 Fort York Blvd,317,M5V,Apartment,10,Spadina-Fort York
3429942,STR-2310-FFFHHP,216 Argyle St,,M6J,Single/Semi-detached House,9,Davenport
3429943,STR-2310-FVSHHR,2246 Queen St E,B,M4E,Duplex/Triplex/Fourplex,19,Beaches-East York
3429944,STR-2310-GCYHHS,848 Dovercourt Rd,,M6H,Single/Semi-detached House,9,Davenport
3429945,STR-2310-GTLHHV,2 Montrose Ave,,M6J,Townhouse/ Row House,11,University-Rosedale
3429946,STR-2310-HZLHHZ,12 York St,3408,M5J,Condominium,10,Spadina-Fort York
3429947,STR-2310-FPBVHQ,65 Bremner Blvd,3707,M5J,Condominium,10,Spadina-Fort York
3429948,STR-2310-GDPVHS,10 Capreol Crt,1016,M5V,Condominium,10,Spadina-Fort York
3429949,STR-2310-HKPVHX,2A Sundel Ave,,M6M,Single/Semi-detached House,5,York South-Weston
3429950,STR-2310-HSVVHY,300 Front St W,3512,M5V,Condominium,10,Spadina-Fort York
3429951,STR-2310-FWYHHR,259 Donlands Ave,,M4J,Duplex/Triplex/Fourplex,14,Toronto-Danforth
3429952,STR-2310-GMLHHT,110 Erskine Ave,907,M4P,Apartment,15,Don Valley West
3429953,STR-2310-GVSHHV,81 Glendora Ave,,M2N,Single/Semi-detached House,18,Willowdale
3429954,STR-2310-HCYHHW,300 Front St W,4008,M5V,Condominium,10,Spadina-Fort York
3429955,STR-2310-FHBVHP,86 Greenbrook Dr,,M6M,Single/Semi-detached House,5,York South-Weston
3429956,STR-2310-FQHVHQ,7 Triller Ave,,M6K,Single/Semi-detached House,4,Parkdale-High Park
3429957,STR-2310-GPBVHT,14 York St,3705,M5J,Condominium,10,Spadina-Fort York
3429958,STR-2310-GWHVHV,44 Gossamer Ave,,M2M,Single/Semi-detached House,18,Willowdale
3429959,STR-2310-HLVVHX,104 Hollywood Ave,,M2N,Single/Semi-detached House,18,Willowdale
3429960,STR-2310-FHSHHP,102 Ulster St,,M5S,Single/Semi-detached House,11,University-Rosedale
3429961,STR-2310-FQYHHQ,11 Arnott St,,M1K,Single/Semi-detached House,21,Scarborough Centre
3429962,STR-2310-FYFHHR,117 Baycrest Ave,,M6A,Single/Semi-detached House,8,Eglinton-Lawrence
3429963,STR-2310-GPSHHT,196A Beta St,,M8W,Single/Semi-detached House,3,Etobicoke-Lakeshore
3429964,STR-2310-HMLHHX,395 The Westway,,M9R,Townhouse/ Row House,2,Etobicoke Centre
3429965,STR-2310-FYVVHR,25 Neighbourhood Lane,104,M8Y,Condominium,3,Etobicoke-Lakeshore
3429966,STR-2310-GHBVHS,915 King St W,201,M6K,Apartment,10,Spadina-Fort York
3429967,STR-2310-JDPVHZ,118 Courcelette Rd,,M1N,Single/Semi-detached House,20,Scarborough Southwest
3429968,STR-2310-GHSHHS,17 Coneflower Cres,204,M2R,Townhouse/ Row House,6,York Centre
3429969,STR-2310-JFFHHZ,1209 Glencairn Ave,,M6B,Single/Semi-detached House,8,Eglinton-Lawrence
3429970,STR-2310-FSVVHQ,41 Athabaska Ave,1,M2M,Single/Semi-detached House,18,Willowdale
3429971,STR-2310-GJHVHS,11 Ellington Dr,,M1R,Single/Semi-detached House,21,Scarborough Centre
3429972,STR-2310-JFVVHZ,12 Beechwood Ave,,M6N,Single/Semi-detached House,5,York South-Weston
3429973,STR-2310-FTLHHQ,100 Western Battery Rd,421,M6K,Condominium,10,Spadina-Fort York
3429974,STR-2310-GZLHHV,60 St David St,,M5A,Townhouse/ Row House,13,Toronto Centre
3429975,STR-2310-HQYHHX,18 Yonge St,1615,M5E,Condominium,10,Spadina-Fort York
3429976,STR-2310-FLXBHQ,275 Blackthorn Ave,,M6N,Single/Semi-detached House,9,Davenport
3429977,STR-2310-FVDBHR,852 Dundas St W,A,M6J,Duplex/Triplex/Fourplex,11,University-Rosedale
3429978,STR-2310-GKRBHT,35 Mariner Ter,809,M5V,Condominium,10,Spadina-Fort York
3429979,STR-2310-HJKBHX,300 Front St W,614,M5V,Condominium,10,Spadina-Fort York
3429980,STR-2310-FFGPHP,291 Glenforest Rd,2A,M4N,Duplex/Triplex/Fourplex,15,Don Valley West
3429981,STR-2310-FMMPHQ,300 Front St W,2902,M5V,Condominium,10,Spadina-Fort York
3429982,STR-2310-GLGPHT,188 Lippincott St,A,M5S,Condominium,11,University-Rosedale
3429983,STR-2310-HJZPHX,300 Front St W,2802,M5V,Condominium,10,Spadina-Fort York
3429984,STR-2310-GDRBHS,250 Havelock St,,M6H,Single/Semi-detached House,9,Davenport
3429985,STR-2310-GLXBHT,125 George Appleton Way,2018,M3M,Townhouse/ Row House,6,York Centre
3429986,STR-2310-HCKBHW,409 Huron St,101,M5S,Apartment,11,University-Rosedale
3429987,STR-2310-FPTPHQ,8 Eaton Park Lane,16,M1W,Townhouse/ Row House,22,Scarborough-Agincourt
3429988,STR-2310-FWZPHR,25 Wyndcliff Cres,,M4A,Single/Semi-detached House,16,Don Valley East
3429989,STR-2310-GFGPHS,65 Bremner Blvd,2909,M5J,Condominium,10,Spadina-Fort York
3429990,STR-2310-HCZPHW,11 Jimmy Wisdom Way,,M6E,Single/Semi-detached House,8,Eglinton-Lawrence
3429991,STR-2310-HTMPHY,37 Grosvenor St,302,M4Y,Condominium,13,Toronto Centre
3429992,STR-2310-FHDBHP,21 Iceboat Terr,929,M5V,Condominium,10,Spadina-Fort York
3429993,STR-2310-GPDBHT,27 William Duncan Rd,,M3K,Townhouse/ Row House,6,York Centre
3429994,STR-2310-HDRBHW,165 Legion Rd N,2734,M8Y,Condominium,3,Etobicoke-Lakeshore
3429995,STR-2310-HLXBHX,207A Manning Ave,,M6J,Townhouse/ Row House,11,University-Rosedale
3429996,STR-2310-FQZPHQ,12 York St,1803,M5J,Condominium,10,Spadina-Fort York
3429997,STR-2310-GGMPHS,8 Mc Kenzie Ave,,M4W,Single/Semi-detached House,11,University-Rosedale
3429998,STR-2310-GPTPHT,151 Dan Leckie Way,909,M5V,Condominium,10,Spadina-Fort York
3429999,STR-2310-HFGPHW,3 Anvil Millway,,M2L,Townhouse/ Row House,15,Don Valley West
3430000,STR-2310-HMMPHX,453 Adelaide St W,,M5V,Townhouse/ Row House,10,Spadina-Fort York
3430001,STR-2310-FYXBHR,50 Ashbury Ave,,M6E,Duplex/Triplex/Fourplex,12,Toronto-St. Paul's
3430002,STR-2310-HFXBHW,64 Shrewsbury Sq,,M1T,Single/Semi-detached House,22,Scarborough-Agincourt
3430003,STR-2310-HWKBHY,327 Riverdale Ave,,M4J,Single/Semi-detached House,14,Toronto-Danforth
3430004,STR-2310-JDRBHZ,72 Glenridge Rd,,M1M,Single/Semi-detached House,20,Scarborough Southwest
3430005,STR-2310-FJZPHP,54B Butterworth Ave,,M1L,Single/Semi-detached House,20,Scarborough Southwest
3430006,STR-2310-GHTPHS,500 Sherbourne St,117,M4X,Condominium,13,Toronto Centre
3430007,STR-2310-JFGPHZ,55 Bremner Blvd,2502,M5J,Condominium,10,Spadina-Fort York
3430008,STR-2310-GBDBHR,87 Peter St,PH107,M5V,Condominium,10,Spadina-Fort York
3430009,STR-2310-GJKBHS,219 Fort York Blvd,304,M5V,Apartment,10,Spadina-Fort York
3430010,STR-2310-GJZPHS,151 Dan Leckie Way,2002,M5V,Condominium,10,Spadina-Fort York
3430011,STR-2310-GZMPHV,31 Berwick Ave,,M5P,Single/Semi-detached House,12,Toronto-St. Paul's
3430012,STR-2310-FDSHHP,27 Island Rd,18,M1C,Condominium,25,Scarborough-Rouge Park
3430013,STR-2310-FLYHHQ,21 Iceboat Ter,1509,M5V,Condominium,10,Spadina-Fort York
3430014,STR-2310-FVFHHR,332 Delaware Ave,Bsmt,M6H,Duplex/Triplex/Fourplex,9,Davenport
3430015,STR-2310-HBFHHW,955 Bay St,1212,M5S,Condominium,13,Toronto Centre
3430016,STR-2310-HJLHHX,225 Gladstone Ave,306,M6J,Apartment,9,Davenport
3430017,STR-2310-HRSHHY,1208 Huntingwood Dr,,M1S,Single/Semi-detached House,23,Scarborough North
3430018,STR-2310-HYYHHZ,208 Queens Quay  W,1209,M5J,Condominium,10,Spadina-Fort York
3430019,STR-2310-FFHVHP,955 Bay St,1502,M5S,Condominium,13,Toronto Centre
3430020,STR-2310-GGPVHS,955 Bay St,617,M5S,Condominium,13,Toronto Centre
3430021,STR-2310-FMPVHQ,231 Fort York Blvd,1022,M5V,Condominium,10,Spadina-Fort York
3430022,STR-2310-GDBVHS,300 Front St W,3707,M5V,Condominium,10,Spadina-Fort York
3430023,STR-2310-GLHVHT,210 Simcoe St,1001,M5T,Condominium,10,Spadina-Fort York
3430024,STR-2310-GTPVHV,85 Dawlish Ave,,M4N,Single/Semi-detached House,15,Don Valley West
3430025,STR-2310-HZPVHZ,121 lower Sherbourne st,841,M5A,Condominium,13,Toronto Centre
3430026,STR-2310-FWLHHR,15 Kintyre Ave,,M4M,Single/Semi-detached House,14,Toronto-Danforth
3430027,STR-2310-GDSHHS,14 York St,1107,M5J,Condominium,10,Spadina-Fort York
3430028,STR-2310-GLYHHT,21 Iceboat Ter,2612,M5V,Condominium,10,Spadina-Fort York
3430029,STR-2310-HSYHHY,253 Woodsworth Rd,,M2L,Single/Semi-detached House,15,Don Valley West
3430030,STR-2310-JBFHHZ,87 Leroy Ave,,M4J,Single/Semi-detached House,14,Toronto-Danforth
3430031,STR-2310-HGPVHW,115 Palm Dr,,M3H,Single/Semi-detached House,6,York Centre
3430032,STR-2310-FXBVHR,43 Wychwood Ave,,M6G,Single/Semi-detached House,12,Toronto-St. Paul's
3430033,STR-2310-GFHVHS,11A Norwood Rd,,M4E,Single/Semi-detached House,19,Beaches-East York
3430034,STR-2310-GMPVHT,250 Wellington St W,PH40,M5V,Condominium,10,Spadina-Fort York
3430035,STR-2310-JBVVHZ,2134 Dundas st W,A,M6R,Duplex/Triplex/Fourplex,4,Parkdale-High Park
3430036,STR-2310-FQLHHQ,260 Fisherville Rd,,M2R,Single/Semi-detached House,6,York Centre
3430037,STR-2310-FXSHHR,300 Front St W,2309,M5V,Condominium,10,Spadina-Fort York
3430038,STR-2310-HDSHHW,155 Yorkville Ave,2711,M5R,Condominium,11,University-Rosedale
3430039,STR-2310-HVFHHY,22 Cuthbert Cres,,M4S,Single/Semi-detached House,12,Toronto-St. Paul's
3430040,STR-2310-FHVVHP,15 Iceboat Ter,2916,M5V,Condominium,10,Spadina-Fort York
3430041,STR-2310-HMPVHX,29 Lyndale Dr,,M2N,Single/Semi-detached House,18,Willowdale
3430042,STR-2310-JDBVHZ,955 Bay St,3703,M5S,Condominium,13,Toronto Centre
3430043,STR-2310-FRSHHQ,62 Frost St,,M9W,Single/Semi-detached House,1,Etobicoke North
3430044,STR-2310-GHFHHS,832 Bay St,3807,M5S,Condominium,11,University-Rosedale
3430045,STR-2310-HWLHHY,62 East Dr,,M6N,Single/Semi-detached House,5,York South-Weston
3430046,STR-2310-FKSHHP,31 Hedgewood rd,,M2L,Single/Semi-detached House,15,Don Valley West
3430047,STR-2310-FSYHHQ,199 Richmond St W,516,M5V,Condominium,10,Spadina-Fort York
3430048,STR-2310-GJLHHS,143 Kingston Rd,,M4L,Single/Semi-detached House,19,Beaches-East York
3430049,STR-2310-GYYHHV,46 Palomino Cres,,M2K,Single/Semi-detached House,17,Don Valley North
3430050,STR-2310-JFYHHZ,251 Manitoba St,605,M8Y,Condominium,3,Etobicoke-Lakeshore
3430051,STR-2310-FLHVHP,10 Glen Robert Dr,,M4B,Single/Semi-detached House,19,Beaches-East York
3430052,STR-2310-FTPVHQ,250 Delaware Ave,Laneway,M6H,Single/Semi-detached House,9,Davenport
3430053,STR-2310-HHVVHW,197 East Ave,,M1C,Single/Semi-detached House,25,Scarborough-Rouge Park
3430054,STR-2310-HYHVHY,118 Montgomery Ave,204E,M4R,Condominium,8,Eglinton-Lawrence
3430055,STR-2310-FFZPHP,155 Yorkville Ave,3112,M5R,Condominium,11,University-Rosedale
3430056,STR-2310-GKTPHT,1A Normandy Blvd,,M4L,Single/Semi-detached House,19,Beaches-East York
3430057,STR-2310-FVXBHR,58B Poulett St,,M5A,Townhouse/ Row House,13,Toronto Centre
3430058,STR-2310-HBXBHW,890 Mount Pleasant Rd,207,M4P,Apartment,12,Toronto-St. Paul's
3430059,STR-2310-HKDBHX,14 York St,5601,M5J,Condominium,10,Spadina-Fort York
3430060,STR-2310-HSKBHY,35 Grant St,,M4M,Single/Semi-detached House,14,Toronto-Danforth
3430061,STR-2310-FPGPHQ,3 Rowntree Rd,811,M9V,Condominium,1,Etobicoke North
3430062,STR-2310-GDTPHS,67 Lynvalley Cres,,M1R,Single/Semi-detached House,21,Scarborough Centre
3430063,STR-2311-GVGPHV,365 Beech Ave,402,M4E,Condominium,19,Beaches-East York
3430064,STR-2311-FGRBHP,1086 Dufferin St,,M6H,Single/Semi-detached House,9,Davenport
3430065,STR-2311-FPXBHQ,871 Sheppard Ave W,47,M3H,Townhouse/ Row House,6,York Centre
3430066,STR-2311-GMRBHT,14 York St,4307,M5J,Condominium,10,Spadina-Fort York
3430067,STR-2311-GVXBHV,5229 Dundas St W,711,M9B,Condominium,3,Etobicoke-Lakeshore
3430068,STR-2311-HDDBHW,126 Millicent St,,M6H,Single/Semi-detached House,9,Davenport
3430069,STR-2311-HLKBHX,2220 Lake Shore Blvd W,4509,M8V,Condominium,3,Etobicoke-Lakeshore
3430070,STR-2311-HTRBHY,145 Medland St,,M6P,Single/Semi-detached House,4,Parkdale-High Park
3430071,STR-2311-FXTPHR,48 Fraserton Cres,,M1J,Single/Semi-detached House,21,Scarborough Centre
3430072,STR-2311-GWMPHV,359 Westmoreland Ave N,,M6H,Single/Semi-detached House,9,Davenport
3430073,STR-2311-HVGPHY,150 Hollyberry Trl,Basement,M2H,Single/Semi-detached House,17,Don Valley North
3430074,STR-2311-FYKBHR,302 Aylesworth Ave,,M1N,Single/Semi-detached House,20,Scarborough Southwest
3430075,STR-2311-GGRBHS,8 Alcan Ave,,M8W,Single/Semi-detached House,3,Etobicoke-Lakeshore
3430076,STR-2311-GPXBHT,36 Kingslake Rd,,M2J,Single/Semi-detached House,17,Don Valley North
3430077,STR-2311-GXDBHV,119 Barker Ave,,M4C,Single/Semi-detached House,19,Beaches-East York
3430078,STR-2311-HFKBHW,60 Sultan Pool Dr,,M9V,Single/Semi-detached House,1,Etobicoke North
3430079,STR-2311-FYZPHR,88 Tecumseth St,Main Floor,M6J,Townhouse/ Row House,10,Spadina-Fort York
3430080,STR-2311-GHGPHS,77 Thirty First St,,M8W,Single/Semi-detached House,3,Etobicoke-Lakeshore
3430081,STR-2311-GXTPHV,1103 Leslie St,1103,M3C,Condominium,16,Don Valley East
3430082,STR-2311-HFZPHW,10 Nassau St,,M5T,Single/Semi-detached House,11,University-Rosedale
3430083,STR-2311-HPGPHX,65 Bremner Blvd,3401,M5J,Condominium,10,Spadina-Fort York
3430084,STR-2311-HPXBHX,220 Gladstone Ave,,M6J,Single/Semi-detached House,9,Davenport
3430085,STR-2311-FKTPHP,815 Dovercourt Rd,,M6H,Single/Semi-detached House,9,Davenport
3430086,STR-2311-GBGPHR,708 Royal York Rd,,M8Y,Single/Semi-detached House,3,Etobicoke-Lakeshore
3430087,STR-2311-GRTPHT,92 Bowie Ave,,M6E,Single/Semi-detached House,8,Eglinton-Lawrence
3430088,STR-2311-GYZPHV,24 Mooreshead Dr,,M9C,Single/Semi-detached House,2,Etobicoke Centre
3430089,STR-2311-HQMPHX,145A Bexhill Ave,,M1L,Single/Semi-detached House,20,Scarborough Southwest
3430090,STR-2311-GSKBHT,35 Mariner Ter,1702,M5V,Condominium,10,Spadina-Fort York
3430091,STR-2311-JGRBHZ,73 Heathview Ave,,M2K,Single/Semi-detached House,17,Don Valley North
3430092,STR-2311-FMBVHQ,108 Northland Ave,,M6N,Single/Semi-detached House,5,York South-Weston
3430093,STR-2311-GCPVHS,194 Sweeney Dr,,M4A,Single/Semi-detached House,16,Don Valley East
3430094,STR-2311-GKVVHT,955 Bay St,320,M5S,Condominium,13,Toronto Centre
3430095,STR-2311-HRVVHY,66 Edgewood Ave,Unit 5,M4L,Apartment,19,Beaches-East York
3430096,STR-2311-FMSHHQ,225 St Mark's Rd,,M6S,Single/Semi-detached House,4,Parkdale-High Park
3430097,STR-2311-HSLHHY,10 Gibbs Rd,407,M9B,Condominium,2,Etobicoke Centre
3430098,STR-2311-HZSHHZ,20 Blue Jays Way,817,M5V,Condominium,10,Spadina-Fort York
3430099,STR-2311-FPHVHQ,18 Yonge St,2908,M5E,Condominium,10,Spadina-Fort York
3430100,STR-2311-HKVVHX,32 Blithfield Ave,,M2K,Single/Semi-detached House,17,Don Valley North
3430101,STR-2311-FPYHHQ,14 York St,4207,M5J,Condominium,10,Spadina-Fort York
3430102,STR-2311-FXFHHR,66 Jasper Ave,,M6N,Single/Semi-detached House,5,York South-Weston
3430103,STR-2311-GMSHHT,300 Front St W,714,M5V,Apartment,10,Spadina-Fort York
3430104,STR-2311-GVYHHV,927 Logan Ave,,M4K,Single/Semi-detached House,14,Toronto-Danforth
3430105,STR-2311-JBYHHZ,127 Littles Rd,,M1B,Single/Semi-detached House,25,Scarborough-Rouge Park
3430106,STR-2311-FQPVHQ,219 Fort York Blvd,1302,M5V,Condominium,10,Spadina-Fort York
3430107,STR-2311-FXVVHR,14 York St,2208,M5J,Condominium,10,Spadina-Fort York
3430108,STR-2311-HMBVHX,222 Combe Ave,,M3H,Single/Semi-detached House,6,York Centre
3430109,STR-2311-HVHVHY,12 York St,2901,M5J,Condominium,10,Spadina-Fort York
3430110,STR-2311-JCPVHZ,300 Front St W,4301,M5V,Condominium,10,Spadina-Fort York
3430111,STR-2311-FHYHHP,125 Village Green Sq,2701,M1S,Condominium,22,Scarborough-Agincourt
3430112,STR-2311-GGSHHS,274 Glebeholme Blvd,,M4J,Single/Semi-detached House,14,Toronto-Danforth
3430113,STR-2311-GPYHHT,219 Fort York Blvd,2806,M5V,Condominium,10,Spadina-Fort York
3430114,STR-2311-GXFHHV,55 Bremner Blvd,1510,M5J,Condominium,10,Spadina-Fort York
3430115,STR-2311-HVYHHY,55 Bremner Blvd,1810,M5J,Condominium,10,Spadina-Fort York
3430116,STR-2311-JDFHHZ,32 Strathgowan Ave,UN-MAIN,M4N,Duplex/Triplex/Fourplex,15,Don Valley West
3430117,STR-2311-GQPVHT,160 Winnett Ave,,M6C,Single/Semi-detached House,12,Toronto-St. Paul's
3430118,STR-2311-GXVVHV,1992 Danforth Ave,A,M4C,Townhouse/ Row House,19,Beaches-East York
3430119,STR-2311-JDVVHZ,88 Harbour St,5209,M5J,Condominium,10,Spadina-Fort York
3430120,STR-2311-JFLHHZ,41 Memorial Park Ave,,M4J,Single/Semi-detached House,14,Toronto-Danforth
3430121,STR-2311-FTBVHQ,37 Boustead Ave,1,M6R,Duplex/Triplex/Fourplex,4,Parkdale-High Park
3430122,STR-2311-GJPVHS,18 Yonge St,1605,M5E,Condominium,10,Spadina-Fort York
3430123,STR-2311-HQPVHX,62 Garnet Ave,,M6G,Single/Semi-detached House,11,University-Rosedale
3430124,STR-2311-JGBVHZ,924 Pape Ave,A,M4K,Duplex/Triplex/Fourplex,14,Toronto-Danforth
3430125,STR-2311-FLLHHP,67 Madawaska Ave,,M2M,Single/Semi-detached House,18,Willowdale
3430126,STR-2311-GSLHHT,20 Collier St,408,M4W,Condominium,11,University-Rosedale
3430127,STR-2311-GZSHHV,12 York St,5109,M5J,Condominium,10,Spadina-Fort York
3430128,STR-2311-HBKBHW,8 Gladstone Ave,514,M6J,Condominium,9,Davenport
3430129,STR-2311-HZDBHZ,42 Bowmore Rd,,M4L,Single/Semi-detached House,19,Beaches-East York
3430130,STR-2311-FFMPHP,500 Duplex Ave,2608,M4R,Apartment,8,Eglinton-Lawrence
3430131,STR-2311-FMTPHQ,84 Tidworth Sq,,M1S,Single/Semi-detached House,23,Scarborough North
3430132,STR-2311-GLMPHT,34 Western Battery Rd,440,M6K,Condominium,10,Spadina-Fort York
3430133,STR-2311-HKGPHX,328 Howland Ave,,M5R,Single/Semi-detached House,12,Toronto-St. Paul's
3430134,STR-2311-HSMPHY,330 Salem Ave,,M6H,Single/Semi-detached House,9,Davenport
3430135,STR-2311-GDXBHS,106 Lappin Ave,2,M6H,Duplex/Triplex/Fourplex,9,Davenport
3430136,STR-2311-HCRBHW,58 Amsterdam Ave,,M4B,Single/Semi-detached House,19,Beaches-East York
3430137,STR-2311-HTDBHY,52 Patricia Ave,,M2M,Single/Semi-detached House,18,Willowdale
3430138,STR-2311-JBKBHZ,130 Rosedale Valley Rd,801,M4W,Apartment,11,University-Rosedale
3430139,STR-2311-FGTPHP,12 York St,4611,M5J,Condominium,10,Spadina-Fort York
3430140,STR-2311-FPZPHQ,109 Galley Ave,,M6R,Single/Semi-detached House,4,Parkdale-High Park
3430141,STR-2311-GMTPHT,1780 Dufferin St,,M6E,Duplex/Triplex/Fourplex,9,Davenport
3430142,STR-2311-HMGPHX,15 WILLIAM JACKSON WAY,25,M8V,Condominium,3,Etobicoke-Lakeshore
3430143,STR-2311-HDGPHW,215 Fort York Blvd,2403,M5V,Condominium,10,Spadina-Fort York
3430144,STR-2311-HLMPHX,23 Idyllwood Cres,,M6P,Single/Semi-detached House,4,Parkdale-High Park
3430145,STR-2311-GGDBHS,49 Leslie St,,M4M,Townhouse/ Row House,14,Toronto-Danforth
3430146,STR-2311-HMDBHX,924 Ossington Ave,200,M6G,Duplex/Triplex/Fourplex,9,Davenport
3430147,STR-2311-HVKBHY,16 Tower Dr,,M1R,Single/Semi-detached House,21,Scarborough Centre
3430148,STR-2311-JCRBHZ,841 Queen St W,B,M6J,Apartment,10,Spadina-Fort York
3430149,STR-2311-FHZPHP,93 Maclean Ave,Suite B,M4E,Duplex/Triplex/Fourplex,19,Beaches-East York
3430150,STR-2311-GPZPHT,101 Peter St,2612,M5V,Condominium,10,Spadina-Fort York
3430151,STR-2311-HFMPHW,16 Newington Cres,,M9C,Single/Semi-detached House,2,Etobicoke Centre
3430152,STR-2311-JDGPHZ,560 Front St W,602,M5V,Condominium,10,Spadina-Fort York
3430153,STR-2311-GHKBHS,270 Dufferin St,1213,M6K,Apartment,4,Parkdale-High Park
3430154,STR-2311-HGDBHW,112 O'Connor Dr,,M4K,Single/Semi-detached House,14,Toronto-Danforth
3430155,STR-2311-JDXBHZ,3190 Dundas St W,A,M6P,Duplex/Triplex/Fourplex,4,Parkdale-High Park
3430156,STR-2311-HXGPHY,713 Lawrence Ave W,8,M6A,Townhouse/ Row House,8,Eglinton-Lawrence
3430157,STR-2311-GBKBHR,14 York St,6402,M5J,Condominium,10,Spadina-Fort York
3430158,STR-2311-GRXBHT,38 Abell St,219,M6J,Condominium,9,Davenport
3430159,STR-2311-HHKBHW,21 Iceboat Ter,4715,M5V,Condominium,10,Spadina-Fort York
3430160,STR-2311-GBZPHR,350 Wellington St W,206,M5V,Condominium,10,Spadina-Fort York
3430161,STR-2311-GKGPHS,804 Millwood Rd,,M4G,Single/Semi-detached House,15,Don Valley West
3430162,STR-2311-HYMPHY,143 Broadlands Blvd,,M3A,Single/Semi-detached House,16,Don Valley East
3430163,STR-2311-FDYHHP,1233 King St W,,M6K,Single/Semi-detached House,4,Parkdale-High Park
3430164,STR-2311-FMFHHQ,92 Earlton Rd,,M1T,Single/Semi-detached House,22,Scarborough-Agincourt
3430165,STR-2311-FVLHHR,161 Elmer Ave,,M4L,Single/Semi-detached House,19,Beaches-East York
3430166,STR-2311-GTFHHV,101 Peter St,6,M5V,Condominium,10,Spadina-Fort York
3430167,STR-2311-HBLHHW,600 Fleet St,2206,M5V,Condominium,10,Spadina-Fort York
3430168,STR-2311-HJSHHX,695 Gladstone Ave,B,M6H,Single/Semi-detached House,9,Davenport
3430169,STR-2311-HZFHHZ,12 York St,2108,M5J,Condominium,10,Spadina-Fort York
3430170,STR-2311-FFPVHP,69 Lawton Blvd,,M4V,Single/Semi-detached House,12,Toronto-St. Paul's
3430171,STR-2311-GDHVHS,17 Mosedale Cres,,M2J,Single/Semi-detached House,17,Don Valley North
3430172,STR-2311-GLPVHT,573 Shuter St,,M5A,Townhouse/ Row House,13,Toronto Centre
3430173,STR-2311-HKHVHX,4 MacKenzie Cres,1,M6J,Duplex/Triplex/Fourplex,9,Davenport
3430174,STR-2311-HSPVHY,209 Fort York Blvd,364,M5V,Condominium,10,Spadina-Fort York
3430175,STR-2311-GVLHHV,177 Seaton St,Main,M5A,Townhouse/ Row House,13,Toronto Centre
3430176,STR-2311-HTFHHY,309 St George St,,M5R,Single/Semi-detached House,11,University-Rosedale
3430177,STR-2311-JBLHHZ,170 Indian Grv,,M6P,Single/Semi-detached House,4,Parkdale-High Park
3430178,STR-2311-FXHVHR,21 Cloud Dr,,M9L,Single/Semi-detached House,7,Humber River-Black Creek
3430179,STR-2311-GMVVHT,123 Bristol Ave,,M6H,Single/Semi-detached House,9,Davenport
3430180,STR-2311-HDHVHW,32 Harrington Cres,,M2M,Single/Semi-detached House,17,Don Valley North
3430181,STR-2311-JCBVHZ,101 Peter St,3008,M5V,Condominium,10,Spadina-Fort York
3430182,STR-2311-FQSHHQ,219 Fort York Blvd,520,M5V,Condominium,10,Spadina-Fort York
3430183,STR-2311-FXYHHR,300 Front St W,1002,M5V,Condominium,10,Spadina-Fort York
3430184,STR-2311-HMFHHX,315 Delaware Ave,,M6H,Single/Semi-detached House,9,Davenport
3430185,STR-2311-FRHVHQ,46 Brock Ave,B,M6K,Single/Semi-detached House,4,Parkdale-High Park
3430186,STR-2311-GGVVHS,300 Front St W,3010,M5V,Condominium,10,Spadina-Fort York
3430187,STR-2311-GQBVHT,560 Front St W,506,M5V,Condominium,10,Spadina-Fort York
3430188,STR-2311-HMVVHX,1755 Danforth Ave,,M4C,Townhouse/ Row House,19,Beaches-East York
3430189,STR-2311-HWBVHY,300 Front St W,2410,M5V,Condominium,10,Spadina-Fort York
3430190,STR-2311-FRYHHQ,27 Austin Cres,,M5R,Single/Semi-detached House,12,Toronto-St. Paul's
3430191,STR-2311-FZFHHR,160 Bedford Rd,307,M5R,Condominium,11,University-Rosedale
3430192,STR-2311-GXYHHV,1666 Queen St E,25,M4L,Townhouse/ Row House,19,Beaches-East York
3430193,STR-2311-JDYHHZ,300 Front St W,1005,M5V,Condominium,10,Spadina-Fort York
3430194,STR-2311-GJBVHS,21 Iceboat Ter,730,M5V,Condominium,10,Spadina-Fort York
3430195,STR-2311-GYPVHV,7 Milk Bottle Lane,,M4C,Apartment,19,Beaches-East York
3430196,STR-2311-HQBVHX,135 Village Green Sq,3422,M1S,Condominium,22,Scarborough-Agincourt
3430197,STR-2311-JFPVHZ,263 Woodfield Rd,,M4L,Single/Semi-detached House,14,Toronto-Danforth
3430198,STR-2311-GBLHHR,133 Ambercroft Blvd,,M1W,Single/Semi-detached House,22,Scarborough-Agincourt
3430199,STR-2311-HQSHHX,219 Fort York Blvd,1211,M5V,Condominium,10,Spadina-Fort York
3430200,STR-2311-GCBVHR,238 Horsham Ave,,M2N,Single/Semi-detached House,18,Willowdale
3430201,STR-2311-GKHVHS,188 Cumberland St,1410,M5R,Condominium,11,University-Rosedale
3430202,STR-2311-GZVVHV,57 Brock Ave,206,M6K,Apartment,4,Parkdale-High Park
3430203,STR-2311-JGVVHZ,1204 Avenue Rd,,M5N,Townhouse/ Row House,,
3430204,STR-2311-GCTPHS,150 Alameda Ave,3,M6C,Duplex/Triplex/Fourplex,12,Toronto-St. Paul's
3430205,STR-2311-GKZPHT,20 Rosemount Dr,,M1K,Single/Semi-detached House,21,Scarborough Centre
3430206,STR-2311-GTGPHV,91 Strathcona Ave,,M4J,Townhouse/ Row House,14,Toronto-Danforth
3430207,STR-2311-HJTPHX,15 Iceboat Ter,2216,M5V,Condominium,10,Spadina-Fort York
3430208,STR-2311-HZGPHZ,160 Bedford Rd,308,M5R,Condominium,11,University-Rosedale
3430209,STR-2311-FFRBHP,12 Havelock St,,M6H,Single/Semi-detached House,9,Davenport
3430210,STR-2311-FMXBHQ,22 Malamute Cres,,M1T,Single/Semi-detached House,22,Scarborough-Agincourt
3430211,STR-2311-GDKBHS,51 Haven Rd,,M6B,Single/Semi-detached House,8,Eglinton-Lawrence
3430212,STR-2311-GLRBHT,61 Jasper Ave,2,M6N,Duplex/Triplex/Fourplex,5,York South-Weston
3430213,STR-2311-HKKBHX,6 Angus Dr,,M2J,Single/Semi-detached House,17,Don Valley North
3430214,STR-2311-FGGPHP,9R Clintwood Gt,33,M3A,Townhouse/ Row House,16,Don Valley East
3430215,STR-2311-HTGPHY,103 West Lodge Ave,1603,M6K,Apartment,4,Parkdale-High Park
3430216,STR-2311-FQDBHQ,55 Bremner Blvd,4003,M5J,Condominium,10,Spadina-Fort York
3430217,STR-2311-FXKBHR,60 Tannery Rd,1113,M5A,Condominium,13,Toronto Centre
3430218,STR-2311-HDKBHW,14 Langemark Ave,,M6J,Single/Semi-detached House,9,Davenport
3430219,STR-2311-HTXBHY,24 Noble St,405,M6K,Condominium,4,Parkdale-High Park
3430220,STR-2311-JCDBHZ,251 Jarvis St,4801,M5B,Condominium,13,Toronto Centre
3430221,STR-2311-GPMPHT,37 Tweedrock Cres,,M1E,Single/Semi-detached House,24,Scarborough-Guildwood
3430222,STR-2311-GWTPHV,144 Booth Ave,,M4M,Single/Semi-detached House,14,Toronto-Danforth
3430223,STR-2311-HDZPHW,226 Nairn Ave,,M6E,Single/Semi-detached House,9,Davenport
3430224,STR-2311-JCTPHZ,31 Broomfield Dr,,M1S,Single/Semi-detached House,23,Scarborough North
3430225,STR-2311-GGXBHS,153 Chaplin Cres,,M5P,Single/Semi-detached House,12,Toronto-St. Paul's
3430226,STR-2311-HFRBHW,45 Allen Ave,,M4M,Single/Semi-detached House,14,Toronto-Danforth
3430227,STR-2311-JDKBHZ,220 Connaught Ave,,M2M,Single/Semi-detached House,18,Willowdale
3430228,STR-2311-FZGPHR,151 Dan Leckie Way,605,M5V,Condominium,10,Spadina-Fort York
3430229,STR-2311-GXZPHV,36 Zorra St,2706,M8Z,Condominium,3,Etobicoke-Lakeshore
3430230,STR-2311-HGGPHW,21 Iceboat Ter,2006,M5V,Condominium,10,Spadina-Fort York
3430231,STR-2311-HPMPHX,49 Trehorne Dr,,M9P,Single/Semi-detached House,2,Etobicoke Centre
3430232,STR-2311-FZXBHR,55 Bremner Blvd,2402,M5J,Condominium,10,Spadina-Fort York
3430233,STR-2311-HQDBHX,78 Carr St,5,M5T,Condominium,10,Spadina-Fort York
3430234,STR-2311-JFRBHZ,2 Augusta Ave,807,M5V,Condominium,10,Spadina-Fort York
3430235,STR-2311-GBMPHR,147 Sylvan Ave,,M1M,Single/Semi-detached House,24,Scarborough-Guildwood
3430236,STR-2311-GJTPHS,170 Sumach St,719,M5A,Condominium,13,Toronto Centre
3430237,STR-2311-GRZPHT,477 Richmond St W,303,M5V,Condominium,10,Spadina-Fort York
3430238,STR-2311-GZGPHV,14 York St,4208,M5J,Condominium,10,Spadina-Fort York
3430239,STR-2311-GZXBHV,70 Simpson Ave,,M4K,Single/Semi-detached House,14,Toronto-Danforth
3430240,STR-2311-HJDBHW,455 Sentinel Rd,1107,M3J,Apartment,7,Humber River-Black Creek
3430241,STR-2311-HRKBHX,2 Patrick Blvd,,M2J,Single/Semi-detached House,17,Don Valley North
3430242,STR-2311-FFBVHP,155 Yorkville Ave,2304,M5R,Apartment,11,University-Rosedale
3430243,STR-2311-FMHVHQ,57 Crawford St,,M6J,Single/Semi-detached House,10,Spadina-Fort York
3430244,STR-2311-FVPVHR,151 Dan Leckie Way,356,M5V,Condominium,10,Spadina-Fort York
3430245,STR-2311-GTHVHV,275 Manse Rd,94,M1E,Townhouse/ Row House,25,Scarborough-Rouge Park
3430246,STR-2311-HSBVHY,63 Chartway Blvd,,M1C,Single/Semi-detached House,25,Scarborough-Rouge Park
3430247,STR-2311-GTYHHV,151 Dan Leckie Way,1008,M5V,Condominium,10,Spadina-Fort York
3430248,STR-2311-HCFHHW,411 Craven Rd,1,M4L,Single/Semi-detached House,14,Toronto-Danforth
3430249,STR-2311-HSSHHY,6 Prince Hal Cres,,M1T,Single/Semi-detached House,22,Scarborough-Agincourt
3430250,STR-2311-FWVVHR,783 Sammon Ave,,M4C,Single/Semi-detached House,19,Beaches-East York
3430251,STR-2311-GVPVHV,214 Sixth St,,M8V,Single/Semi-detached House,3,Etobicoke-Lakeshore
3430252,STR-2311-HTHVHY,124 Van Horne Ave,,M2J,Single/Semi-detached House,17,Don Valley North
3430253,STR-2311-FQFHHQ,10 Meadowglen Pl,202,M1G,Condominium,24,Scarborough-Guildwood
3430254,STR-2312-GFSHHS,151 Dan Leckie Way,735,M5V,Condominium,10,Spadina-Fort York
3430255,STR-2312-HTYHHY,40 Leitch Ave,,M3J,Single/Semi-detached House,7,Humber River-Black Creek
3430256,STR-2312-FHPVHP,859 The Queensway,526,M8Z,Condominium,3,Etobicoke-Lakeshore
3430257,STR-2312-FQVVHQ,387 Willard Ave,2,M6S,Single/Semi-detached House,4,Parkdale-High Park
3430258,STR-2312-FYBVHR,250 Wellington St W,933,M5V,Condominium,10,Spadina-Fort York
3430259,STR-2312-GWVVHV,111 Virginia Ave,,M4C,Single/Semi-detached House,19,Beaches-East York
3430260,STR-2312-HFBVHW,1363 Neilson Rd,28,M1B,Townhouse/ Row House,25,Scarborough-Rouge Park
3430261,STR-2312-JCVVHZ,2 Anndale Dr,1802,M2N,Condominium,18,Willowdale
3430262,STR-2312-FJFHHP,145 Blackthorn Ave,,M6N,Single/Semi-detached House,9,Davenport
3430263,STR-2312-FRLHHQ,34 Moran Rd,,M1S,Single/Semi-detached House,23,Scarborough North
3430264,STR-2312-FYSHHR,65 Bremner Blvd,3311,M5J,Condominium,10,Spadina-Fort York
3430265,STR-2312-GXLHHV,151 Dan Leckie Way,2205,M5V,Condominium,10,Spadina-Fort York
3430266,STR-2312-HMYHHX,68 Zezel Way,,M1P,Townhouse/ Row House,21,Scarborough Centre
3430267,STR-2312-HWFHHY,802 Coxwell Ave,,M4C,Single/Semi-detached House,14,Toronto-Danforth
3430268,STR-2312-FJVVHP,259 Wellesley St E,,M4X,Single/Semi-detached House,13,Toronto Centre
3430269,STR-2312-FSBVHQ,125 Florence St,,M6K,Townhouse/ Row House,9,Davenport
3430270,STR-2312-FZHVHR,21 Stavely Ave,,M1K,Single/Semi-detached House,20,Scarborough Southwest
3430271,STR-2312-GHPVHS,664 Pape Ave,,M4K,Single/Semi-detached House,14,Toronto-Danforth
3430272,STR-2312-GYBVHV,2554 Lake Shore Blvd W,,M8V,Single/Semi-detached House,3,Etobicoke-Lakeshore
3430273,STR-2312-HWVVHY,321 Mortimer Ave,,M4J,Single/Semi-detached House,14,Toronto-Danforth
3430274,STR-2312-GYSHHV,349C Royal York Rd,6,M8Y,Apartment,3,Etobicoke-Lakeshore
3430275,STR-2312-HQFHHX,318 Richmond St W,704,M5V,Condominium,10,Spadina-Fort York
3430276,STR-2312-FLBVHP,64 Scarboro Beach Blvd,Upper,M4E,Duplex/Triplex/Fourplex,19,Beaches-East York
3430277,STR-2312-FTHVHQ,251 Jarvis St,1514,M5B,Condominium,13,Toronto Centre
3430278,STR-2312-GBPVHR,270 Wellington St W,1105,M5V,Condominium,10,Spadina-Fort York
3430279,STR-2312-HYBVHY,17 Four Winds Dr,9,M3J,Townhouse/ Row House,7,Humber River-Black Creek
3430280,STR-2312-FTYHHQ,215 Fort York Blvd,2601,M5V,Condominium,10,Spadina-Fort York
3430281,STR-2312-GCFHHR,25 Sheldonbury Cres,,M1W,Single/Semi-detached House,22,Scarborough-Agincourt
3430282,STR-2312-GSSHHT,92 Stanley Ter,,M6J,Townhouse/ Row House,10,Spadina-Fort York
3430283,STR-2312-GZYHHV,21 Iceboat Ter,3115,M5V,Condominium,10,Spadina-Fort York
3430284,STR-2312-HJFHHW,409 Huron St,210,M5S,Apartment,11,University-Rosedale
3430285,STR-2312-HYTPHY,33 Wycliffe Cres,,M2K,Single/Semi-detached House,17,Don Valley North
3430286,STR-2312-JGYHHZ,155 Yorkville Ave,1809,M5R,Condominium,11,University-Rosedale
3430287,STR-2312-FMKBHQ,77 Avenue Rd,511,M5R,Apartment,11,University-Rosedale
3430288,STR-2312-GTKBHV,12 York St,5006,M5J,Condominium,10,Spadina-Fort York
3430289,STR-2312-HBRBHW,101 Peter St,4009,M5V,Apartment,10,Spadina-Fort York
3430290,STR-2312-FFTPHP,10 Capreol Crt,807,M5V,Apartment,10,Spadina-Fort York
3430291,STR-2312-FMZPHQ,322 O'Connor Dr,,M4J,Single/Semi-detached House,14,Toronto-Danforth
3430292,STR-2312-GDMPHS,151 Dan Leckie Way,551,M5V,Condominium,10,Spadina-Fort York
3430293,STR-2312-HKMPHX,300 Front St W,3206,M5V,Condominium,10,Spadina-Fort York
3430294,STR-2312-HZZPHZ,4K Spadina Ave,1810,M5V,Condominium,10,Spadina-Fort York
3430295,STR-2312-FGKBHP,300 Front St W,1903,M5V,Condominium,10,Spadina-Fort York
3430296,STR-2312-FWXBHR,221 Balliol St,1626,M4S,Apartment,12,Toronto-St. Paul's
3430297,STR-2312-GMKBHT,300 Front St W,3501,M5V,Condominium,10,Spadina-Fort York
3430298,STR-2312-GVRBHV,8 Hazel Ave,,M4E,Single/Semi-detached House,19,Beaches-East York
3430299,STR-2312-HCXBHW,30 Shore Breeze Dr,228,M8V,Condominium,3,Etobicoke-Lakeshore
3430300,STR-2312-HLDBHX,12 York St,906,M5J,Condominium,10,Spadina-Fort York
3430301,STR-2312-HLTPHX,14 York St,6705,M5J,Condominium,10,Spadina-Fort York
3430302,STR-2312-JCGPHZ,429 Shuter St,B,M5A,Townhouse/ Row House,13,Toronto Centre
3430303,STR-2312-FHRBHP,172 Angus Dr,B,M2J,Single/Semi-detached House,17,Don Valley North
3430304,STR-2312-GPRBHT,219 Fort York Blvd,1912,M5V,Condominium,10,Spadina-Fort York
3430305,STR-2312-HFDBHW,215 Fort York Blvd,3310,M5V,Condominium,10,Spadina-Fort York
3430306,STR-2312-HMKBHX,251 Jarvis St,2302,M5B,Condominium,13,Toronto Centre
3430307,STR-2312-JCXBHZ,66 Amelia St,3,M4X,Apartment,13,Toronto Centre
3430308,STR-2312-FYTPHR,747 Gerrard St E,,M4M,Townhouse/ Row House,14,Toronto-Danforth
3430309,STR-2312-GGZPHS,12 Applewood Lane,4,M9C,Townhouse/ Row House,2,Etobicoke Centre
3430310,STR-2312-JDMPHZ,955 Bay St,1320,M5S,Condominium,13,Toronto Centre
3430311,STR-2312-FSDBHQ,47 Newton Dr,,M2M,Single/Semi-detached House,18,Willowdale
3430312,STR-2312-GHRBHS,177 Holmes Ave,,M2N,Single/Semi-detached House,18,Willowdale
3430313,STR-2312-HPRBHX,197 Ashworth Ave,,M6G,Single/Semi-detached House,12,Toronto-St. Paul's
3430314,STR-2312-HWXBHY,77 Mutual St,2110,M5B,Condominium,13,Toronto Centre
3430315,STR-2312-JFDBHZ,688 Cosburn Ave,,M4C,Single/Semi-detached House,19,Beaches-East York
3430316,STR-2312-GRMPHT,210 Victoria St,2711,M5B,Condominium,13,Toronto Centre
3430317,STR-2312-GYTPHV,99 Haslam St,,M1N,Single/Semi-detached House,20,Scarborough Southwest
3430318,STR-2312-GSDBHT,14 York St,5804,M5J,Condominium,10,Spadina-Fort York
3430319,STR-2312-HQXBHX,45 Wychwood Ave,,M6G,Single/Semi-detached House,12,Toronto-St. Paul's
3430320,STR-2312-HYDBHY,172 Floyd Ave,,M4J,Single/Semi-detached House,14,Toronto-Danforth
3430321,STR-2312-FTZPHQ,54 Stephen Dr,Ground,M8Y,Duplex/Triplex/Fourplex,3,Etobicoke-Lakeshore
3430322,STR-2312-GCGPHR,8 Charlotte St,1006,M5V,Condominium,10,Spadina-Fort York
3430323,STR-2312-GKMPHS,22 Tideswell Blvd,,M1B,Townhouse/ Row House,25,Scarborough-Rouge Park
3430324,STR-2312-GZZPHV,15 Chapman Ave,,M4B,Single/Semi-detached House,19,Beaches-East York
3430325,STR-2312-HRMPHX,80 Western Battery Rd,1802,M6K,Condominium,10,Spadina-Fort York
3430326,STR-2312-JGZPHZ,26 Rolyat St,1,M6J,Duplex/Triplex/Fourplex,10,Spadina-Fort York
3430327,STR-2312-GKPXVT,121 Lower Sherbourne St,1122,M5A,Condominium,13,Toronto Centre
3430328,STR-2312-HBBXVW,12 Lacewood Cres,,M3A,Single/Semi-detached House,16,Don Valley East
3430329,STR-2312-HJHXVX,32 Queens Ave,,M8V,Single/Semi-detached House,3,Etobicoke-Lakeshore
3430330,STR-2312-HRPXVY,155 Yorkville Ave,501,M5R,Condominium,11,University-Rosedale
3430331,STR-2312-HYVXVZ,128 Angus Dr,,M2J,Single/Semi-detached House,17,Don Valley North
3430332,STR-2312-FFFKVP,50 Bellefontaine St,,M1S,Single/Semi-detached House,22,Scarborough-Agincourt
3430333,STR-2312-FWHXVR,90 Waterloo Ave,,M3H,Single/Semi-detached House,6,York Centre
3430334,STR-2312-GDPXVS,2 Anndale Dr,709,M2N,Condominium,18,Willowdale
3430335,STR-2312-GLVXVT,219 Fort York Blvd,101,M5V,Condominium,10,Spadina-Fort York
3430336,STR-2312-FWYKVR,51 Chestnut Park Rd,,M4W,Single/Semi-detached House,11,University-Rosedale
3430337,STR-2312-GMLKVT,2015 Sheppard Ave E,3702,M2J,Condominium,17,Don Valley North
3430338,STR-2312-HLFKVX,314 Robert St,,M5S,Single/Semi-detached House,11,University-Rosedale
3430339,STR-2312-HLVXVX,98 Lillian St,1412,M4S,Condominium,12,Toronto-St. Paul's
3430340,STR-2312-FQYKVQ,9 Donald Ave,1,M6M,Apartment,5,York South-Weston
3430341,STR-2312-GPSKVT,28 Havelock St,,M6H,Single/Semi-detached House,9,Davenport
3430342,STR-2312-HVSKVY,7 West Lynn Ave,A,M4C,Single/Semi-detached House,19,Beaches-East York
3430343,STR-2312-JCYKVZ,42 Pintail Cres,,M3A,Single/Semi-detached House,16,Don Valley East
3430344,STR-2312-FJHXVP,16 Belgreen Ave,,M1S,Single/Semi-detached House,22,Scarborough-Agincourt
3430345,STR-2312-GHBXVS,2 Eva Rd,2822,M9C,Apartment,2,Etobicoke Centre
3430346,STR-2312-GQHXVT,61 Fennings St,,M6J,Single/Semi-detached House,10,Spadina-Fort York
3430347,STR-2312-GXPXVV,210 Victoria St,1816,M5B,Condominium,13,Toronto Centre
3430348,STR-2312-HWYKVY,181C De Grassi St,,M4M,Single/Semi-detached House,14,Toronto-Danforth
3430349,STR-2312-JFFKVZ,93 The Queensway,52,M6S,Townhouse/ Row House,4,Parkdale-High Park
3430350,STR-2312-FKPXVP,50 Crayford Dr,Upper,M1W,Single/Semi-detached House,22,Scarborough-Agincourt
3430351,STR-2312-GBBXVR,36 Longford Cres,201,M1W,Single/Semi-detached House,22,Scarborough-Agincourt
3430352,STR-2312-GRPXVT,66 Edgewood Ave,4,M4L,Apartment,19,Beaches-East York
3430353,STR-2312-HQHXVX,63 Claremont St,1,M6J,Single/Semi-detached House,10,Spadina-Fort York
3430354,STR-2312-HXPXVY,11 Ovida Ave,,M9B,Single/Semi-detached House,3,Etobicoke-Lakeshore
3430355,STR-2312-JFVXVZ,21 Iceboat Ter,4811,M5V,Condominium,10,Spadina-Fort York
3430356,STR-2312-FLFKVP,119 Seaton St,,M5A,Single/Semi-detached House,13,Toronto Centre
3430357,STR-2312-FTLKVQ,155 Yorkville Ave,1009,M5R,Apartment,11,University-Rosedale
3430358,STR-2312-GZLKVV,124 Kenilworth Ave,,M4L,Single/Semi-detached House,19,Beaches-East York
3430359,STR-2312-HHSKVW,10 Lakeview Ave,Main,M6J,Duplex/Triplex/Fourplex,9,Davenport
3430360,STR-2312-HYFKVY,33 Holly St,109,M4S,Apartment,12,Toronto-St. Paul's
3430361,STR-2312-FDRDVP,98 Upper Canada Dr,,M2P,Single/Semi-detached House,15,Don Valley West
3430362,STR-2312-GKRDVT,25 Moon Valley Dr,,M9W,Single/Semi-detached House,1,Etobicoke North
3430363,STR-2312-GSXDVV,22 Western Battery Rd,119,M6K,Townhouse/ Row House,10,Spadina-Fort York
3430364,STR-2312-HJKDVX,95 Bathurst St,515,M5V,Condominium,10,Spadina-Fort York
3430365,STR-2312-HRRDVY,21 Iceboat Ter,2712,M5V,Condominium,10,Spadina-Fort York
3430366,STR-2312-FFGRVP,17 Berkinshaw Cres,BSMT,M3B,Single/Semi-detached House,16,Don Valley East
3430367,STR-2312-FMMRVQ,300 Front St W,4304,M5V,Condominium,10,Spadina-Fort York
3430368,STR-2312-GCZRVS,1173 Dundas St E,218,M4M,Condominium,14,Toronto-Danforth
3430369,STR-2312-GTMRVV,438 Vaughan Rd,,M6C,Single/Semi-detached House,12,Toronto-St. Paul's
3430370,STR-2312-HJZRVX,439 Lansdowne Ave,,M6H,Single/Semi-detached House,9,Davenport
3430371,STR-2312-HZMRVZ,374 Elm Rd,,M5M,Single/Semi-detached House,8,Eglinton-Lawrence
3430372,STR-2312-FWKDVR,23 Norval St,,M6N,Single/Semi-detached House,5,York South-Weston
3430373,STR-2312-HCKDVW,346E Jarvis St,,M4Y,Townhouse/ Row House,13,Toronto Centre
3430374,STR-2312-HKRDVX,209 Fort York Blvd,270,M5V,Condominium,10,Spadina-Fort York
3430375,STR-2312-HSXDVY,150 East Liberty St,2417,M6K,Condominium,10,Spadina-Fort York
3430376,STR-2312-FGMRVP,12 York St,3508,M5J,Condominium,10,Spadina-Fort York
3430377,STR-2312-FPTRVQ,2088 Lawrence Ave W,1007,M9N,Condominium,5,York South-Weston
3430378,STR-2312-FWZRVR,533 Richmond St W,608,M5V,Condominium,10,Spadina-Fort York
3430379,STR-2312-FQKDVQ,16 Adele Ave,,M3L,Single/Semi-detached House,7,Humber River-Black Creek
3430380,STR-2312-FXRDVR,12 York St,2905,M5J,Condominium,10,Spadina-Fort York
3430381,STR-2312-HLXDVX,300 Front St W,3602,M5V,Condominium,10,Spadina-Fort York
3430382,STR-2312-HVDDVY,51 Creekwood Dr,,M1E,Single/Semi-detached House,24,Scarborough-Guildwood
3430383,STR-2312-FQZRVQ,84 Darby Crt,,M1B,Single/Semi-detached House,25,Scarborough-Rouge Park
3430384,STR-2312-GPTRVT,101 Peter St,2905,M5V,Condominium,10,Spadina-Fort York
3430385,STR-2312-GWZRVV,57 Finch Ave W,23,M2N,Townhouse/ Row House,18,Willowdale
3430386,STR-2312-HMMRVX,17 Arrowstook Rd,,M2K,Single/Semi-detached House,17,Don Valley North
3430387,STR-2403-FPWBHQ,36 Zorra Street,Unit 517,M8Z,Condominium,3,Etobicoke-Lakeshore
3430388,STR-2312-FJKDVP,21 Iceboat Ter,332,M5V,Condominium,10,Spadina-Fort York
3430389,STR-2312-FRRDVQ,219 Fort York Blvd,507,M5V,Condominium,10,Spadina-Fort York
3430390,STR-2312-FYXDVR,21 Iceboat Ter,525,M5V,Condominium,10,Spadina-Fort York
3430391,STR-2312-HFXDVW,101 Peter St,2107,M5V,Condominium,10,Spadina-Fort York
3430392,STR-2312-HPDDVX,101 Peter St,2301,M5V,Condominium,10,Spadina-Fort York
3430393,STR-2312-HWKDVY,101 Peter St,2305,M5V,Condominium,10,Spadina-Fort York
3430394,STR-2312-FSGRVQ,760 Lawrence Ave W,15,M6A,Condominium,8,Eglinton-Lawrence
3430395,STR-2312-FZMRVR,38 Abell St,218,M6J,Condominium,9,Davenport
3430396,STR-2312-HWZRVY,36 O'Hara Ave,,M6K,Townhouse/ Row House,4,Parkdale-High Park
3430397,STR-2312-JFGRVZ,258 GLENHOLME AVE,,M6E,Apartment,9,Davenport
3430398,STR-2312-GJKDVS,10 Capreol Crt,509,M5V,Condominium,10,Spadina-Fort York
3430399,STR-2312-GRRDVT,112 George St,539,M5A,Condominium,13,Toronto Centre
3430400,STR-2312-GYXDVV,139 Tamworth Rd,,M2N,Single/Semi-detached House,18,Willowdale
3430401,STR-2312-HHDDVW,705 King St W,1807,M5V,Condominium,10,Spadina-Fort York
3430402,STR-2312-JFXDVZ,5 Sheppard Ave E,3016,M2N,Condominium,18,Willowdale
3430403,STR-2312-FLGRVP,36 Lockwood Rd,,M4L,Single/Semi-detached House,19,Beaches-East York
3430404,STR-2312-FTMRVQ,58B Pitt Ave,,M1L,Single/Semi-detached House,20,Scarborough Southwest
3430405,STR-2312-GBTRVR,28 Coatsworth Cres,,M4C,Single/Semi-detached House,19,Beaches-East York
3430406,STR-2312-GSGRVT,227 Donald Ave,,M6M,Single/Semi-detached House,5,York South-Weston
3430407,STR-2312-HHTRVW,14 York St,1805,M5J,Condominium,10,Spadina-Fort York
3430408,STR-2312-HQZRVX,14 YORK ST,2910,M5J,Condominium,10,Spadina-Fort York
3430409,STR-2312-HYGRVY,45 Baseball Place,201,M4M,Condominium,14,Toronto-Danforth
3430410,STR-2312-JGMRVZ,24 Noble St,411,M6K,Apartment,4,Parkdale-High Park
3430411,STR-2312-FLYKVQ,251 Jarvis St,612,M5B,Condominium,13,Toronto Centre
3430412,STR-2312-GCLKVS,69 Saddle Ridge Dr,,M4A,Single/Semi-detached House,16,Don Valley East
3430413,STR-2312-GKSKVT,6 Halton St,1,M6J,Single/Semi-detached House,10,Spadina-Fort York
3430414,STR-2312-HBFKVW,300 Front St W,3010,M5V,Condominium,10,Spadina-Fort York
3430415,STR-2312-HYYKVZ,156 Portland St,604,M5V,Condominium,10,Spadina-Fort York
3430416,STR-2312-FFHXVP,85 Cavell Ave,,M4J,Single/Semi-detached House,14,Toronto-Danforth
3430417,STR-2312-FMPXVQ,8 Castlemere Cres,,M1W,Single/Semi-detached House,22,Scarborough-Agincourt
3430418,STR-2312-GTPXVV,14 Wyvern Rd,,M2K,Single/Semi-detached House,17,Don Valley North
3430419,STR-2312-HKBXVX,16 Muriel Ave,,M4J,Single/Semi-detached House,14,Toronto-Danforth
3430420,STR-2312-HSHXVY,8 Gladstone Ave,315,M6J,Condominium,9,Davenport
3430421,STR-2312-HZPXVZ,36 Dixon Ave,Lower,M4L,Duplex/Triplex/Fourplex,19,Beaches-East York
3430422,STR-2312-FFYKVP,50 Beckwith Rd,,M9C,Single/Semi-detached House,2,Etobicoke Centre
3430423,STR-2312-FPFKVQ,172 Curzon St,,M4M,Single/Semi-detached House,14,Toronto-Danforth
3430424,STR-2312-FWLKVR,89 Dunfield Ave,2404,M4S,Condominium,12,Toronto-St. Paul's
3430425,STR-2312-GLYKVT,2 Anndale Dr,302,M2N,Condominium,18,Willowdale
3430426,STR-2312-GVFKVV,105 Goulding Ave,,M2M,Single/Semi-detached House,18,Willowdale
3430427,STR-2312-HKSKVX,79 Songwood Dr,,M9M,Single/Semi-detached House,7,Humber River-Black Creek
3430428,STR-2312-FGPXVP,71 Guthrie Ave,,M8Y,Single/Semi-detached House,3,Etobicoke-Lakeshore
3430429,STR-2312-FPVXVQ,495 Logan Ave,305,M4K,Condominium,14,Toronto-Danforth
3430430,STR-2312-GFHXVS,60 George Butchart Dr,301,M3K,Condominium,6,York Centre
3430431,STR-2312-GMPXVT,25 Wascana Ave,,M5A,Townhouse/ Row House,13,Toronto Centre
3430432,STR-2401-JBVXVZ,300 Front St W,1902,M5V,Condominium,10,Spadina-Fort York
3430433,STR-2401-FQLKVQ,49 Hertle Ave,,M4L,Single/Semi-detached House,14,Toronto-Danforth
3430434,STR-2401-GFYKVS,300 Front St W,3705,M5V,Apartment,10,Spadina-Fort York
3430435,STR-2401-GPFKVT,2 Anndale Dr,1604,M2N,Condominium,18,Willowdale
3430436,STR-2401-HVFKVY,96 Seaton St,B,M5A,Single/Semi-detached House,13,Toronto Centre
3430437,STR-2401-FHVXVP,252B Berkeley St,,M5A,Townhouse/ Row House,13,Toronto Centre
3430438,STR-2401-FYHXVR,11 Cannon Rd,3,M8Y,Apartment,3,Etobicoke-Lakeshore
3430439,STR-2401-GXBXVV,79 William Duncan Rd,,M3K,Single/Semi-detached House,6,York Centre
3430440,STR-2401-HFHXVW,20 Sheridan Ave,,M6K,Single/Semi-detached House,9,Davenport
3430441,STR-2401-HMPXVX,23 Birchmount Rd,,M1N,Single/Semi-detached House,20,Scarborough Southwest
3430442,STR-2401-FJLKVP,597 O'Connor Dr,,M4C,Single/Semi-detached House,19,Beaches-East York
3430443,STR-2401-GHFKVS,141 Silas Hill Dr,,M2J,Single/Semi-detached House,17,Don Valley North
3430444,STR-2401-GQLKVT,300 Front St W,3805,M5V,Condominium,10,Spadina-Fort York
3430445,STR-2401-GXSKVV,19 Stavely Ave,,M1K,Single/Semi-detached House,20,Scarborough Southwest
3430446,STR-2401-HFYKVW,30 Baseball Pl,330,M4M,Condominium,14,Toronto-Danforth
3430447,STR-2401-HPFKVX,21 Woodenhill Crt,,M6M,Single/Semi-detached House,5,York South-Weston
3430448,STR-2401-HWLKVY,127 Fitzgibbon Ave,,M1K,Single/Semi-detached House,21,Scarborough Centre
3430449,STR-2401-JDSKVZ,15 Legion Rd,1804,M8V,Condominium,3,Etobicoke-Lakeshore
3430450,STR-2401-FKBXVP,1A Branstone Rd,,M6E,Duplex/Triplex/Fourplex,9,Davenport
3430451,STR-2401-GHVXVS,57 Burnhamthorpe Cres,,M9A,Single/Semi-detached House,3,Etobicoke-Lakeshore
3430452,STR-2401-GRBXVT,36 Erindale Ave,B,M4K,Duplex/Triplex/Fourplex,14,Toronto-Danforth
3430453,STR-2401-GYHXVV,64 Osler St,,M6P,Single/Semi-detached House,9,Davenport
3430454,STR-2401-HXBXVY,63 Rusholme Rd,,M6J,Single/Semi-detached House,9,Davenport
3430455,STR-2401-JFHXVZ,440 Ashdale Ave,,M4L,Single/Semi-detached House,14,Toronto-Danforth
3430456,STR-2401-FKSKVP,18 Yonge St,2512,M5E,Condominium,10,Spadina-Fort York
3430457,STR-2401-GJLKVS,47 Dunraven Dr,,M6M,Single/Semi-detached House,5,York South-Weston
3430458,STR-2401-HHFKVW,50 Devondale Ave,,M2R,Single/Semi-detached House,18,Willowdale
3430459,STR-2401-HXSKVY,41 Nina St,,M5R,Single/Semi-detached House,12,Toronto-St. Paul's
3430460,STR-2401-JFYKVZ,11 St Joseph St,1803,M4Y,Condominium,13,Toronto Centre
3430461,STR-2401-FLHXVP,17 Gustav Cres,,M2M,Single/Semi-detached House,18,Willowdale
3430462,STR-2401-GBVXVR,2 Anndale Dr,1602,M2N,Condominium,18,Willowdale
3430463,STR-2401-GSHXVT,123 Hillsdale Ave E,,M4S,Single/Semi-detached House,12,Toronto-St. Paul's
3430464,STR-2401-GZPXVV,15 Iceboat Ter,1709,M5V,Condominium,10,Spadina-Fort York
3430465,STR-2401-HRBXVX,60 Lindsey Ave,3,M6H,Duplex/Triplex/Fourplex,9,Davenport
3430466,STR-2401-HYHXVY,15 Hertle Ave,,M4L,Single/Semi-detached House,14,Toronto-Danforth
3430467,STR-2401-FDTRVP,21 Iceboat Ter,1115,M5V,Condominium,10,Spadina-Fort York
3430468,STR-2401-FLZRVQ,145 Caledonia Rd,,M6E,Single/Semi-detached House,9,Davenport
3430469,STR-2401-FVGRVR,65 Bremner Blvd,3105,M5J,Condominium,10,Spadina-Fort York
3430470,STR-2401-GCMRVS,20 Rainsford Rd,,M4L,Single/Semi-detached House,19,Beaches-East York
3430471,STR-2401-GKTRVT,43 Syracuse Cres,,M1E,Single/Semi-detached House,24,Scarborough-Guildwood
3430472,STR-2401-HRTRVY,123 Woodbine Ave,112,M4L,Condominium,19,Beaches-East York
3430473,STR-2401-FFKDVP,26 Fennings St,,M6J,Townhouse/ Row House,10,Spadina-Fort York
3430474,STR-2401-FMRDVQ,25 Pebble Byway,9,M2H,Townhouse/ Row House,17,Don Valley North
3430475,STR-2401-FVXDVR,74 Thirty Eighth St,,M8W,Single/Semi-detached House,3,Etobicoke-Lakeshore
3430476,STR-2401-GLKDVT,101 Peter St,1701,M5V,Condominium,10,Spadina-Fort York
3430477,STR-2401-HBXDVW,10 Stamford Sq S,,M1L,Single/Semi-detached House,20,Scarborough Southwest
3430478,STR-2401-HKDDVX,1239 Victoria Park Ave,,M4B,Single/Semi-detached House,20,Scarborough Southwest
3430479,STR-2401-HSKDVY,21 Iceboat Ter,4212,M5V,Condominium,10,Spadina-Fort York
3430480,STR-2401-HZRDVZ,35 St Paschal Crt,,M2M,Single/Semi-detached House,18,Willowdale
3430481,STR-2401-FFZRVP,133 Bethany Leigh Dr,,M1V,Single/Semi-detached House,23,Scarborough North
3430482,STR-2401-FPGRVQ,1153 Dupont St,,M6H,Single/Semi-detached House,9,Davenport
3430483,STR-2401-FWMRVR,10 Park Lawn Rd,4003,M8V,Condominium,3,Etobicoke-Lakeshore
3430484,STR-2401-GDTRVS,24 Sheridan Ave,1,M6K,Duplex/Triplex/Fourplex,9,Davenport
3430485,STR-2401-GLZRVT,179 O'Connor Dr,,M4J,Single/Semi-detached House,14,Toronto-Danforth
3430486,STR-2401-GVGRVV,8 Eaton Park Lane,5,M1W,Townhouse/ Row House,22,Scarborough-Agincourt
3430487,STR-2401-HCMRVW,8 The Esplanade,3811,M5E,Condominium,13,Toronto Centre
3430488,STR-2401-HKTRVX,33 Coxwell Ave,,M4L,Single/Semi-detached House,19,Beaches-East York
3430489,STR-2401-FGRDVP,522 Melrose Ave,,M5M,Single/Semi-detached House,8,Eglinton-Lawrence
3430490,STR-2401-FPXDVQ,3 Linden Ave,,M1K,Single/Semi-detached House,20,Scarborough Southwest
3430491,STR-2401-FXDDVR,97 Santa Barbara Rd,,M2N,Single/Semi-detached House,18,Willowdale
3430492,STR-2401-GFKDVS,41 Eileen Ave,,M6N,Single/Semi-detached House,5,York South-Weston
3430493,STR-2401-GMRDVT,2300 St Clair Ave W,509,M6N,Apartment,5,York South-Weston
3430494,STR-2401-GVXDVV,14 York St,307,M5J,Condominium,10,Spadina-Fort York
3430495,STR-2401-JBXDVZ,2 Anndale Dr,607,M2N,Condominium,18,Willowdale
3430496,STR-2401-FXTRVR,209 Fort York Blvd,1273,M5V,Condominium,10,Spadina-Fort York
3430497,STR-2401-GWMRVV,38 Monte Kwinter Crt,711,M3H,Condominium,6,York Centre
3430498,STR-2401-HVGRVY,85 Wellesley St E,401,M4Y,Apartment,13,Toronto Centre
3430499,STR-2401-JCMRVZ,30 Doddington Dr,,M8Y,Single/Semi-detached House,3,Etobicoke-Lakeshore
3430500,STR-2401-FHXDVP,24 Unity Rd,,M4J,Single/Semi-detached House,14,Toronto-Danforth
3430501,STR-2401-FRDDVQ,55 Paradelle Cres,1,M3N,Single/Semi-detached House,7,Humber River-Black Creek
3430502,STR-2401-FYKDVR,57 Fairview Ave,,M6P,Single/Semi-detached House,4,Parkdale-High Park
3430503,STR-2401-GPXDVT,76 Garnet Ave,Upper Unit,M6G,Single/Semi-detached House,11,University-Rosedale
3430504,STR-2401-GXDDVV,14 York St,5610,M5J,Condominium,10,Spadina-Fort York
3430505,STR-2401-HFKDVW,49 Heath St W,,M4V,Single/Semi-detached House,12,Toronto-St. Paul's
3430506,STR-2401-JDDDVZ,55 Ontario St,1503,M5A,Condominium,13,Toronto Centre
3430507,STR-2401-FJMRVP,20 Littlewood Cres,,M9C,Single/Semi-detached House,2,Etobicoke Centre
3430508,STR-2401-FRTRVQ,2738 St Clair Ave E,Main,M4B,Single/Semi-detached House,19,Beaches-East York
3430509,STR-2401-FYZRVR,44 D'Arcy St,B,M5T,Single/Semi-detached House,11,University-Rosedale
3430510,STR-2401-GHGRVS,251 Manitoba St,327,M8Y,Condominium,3,Etobicoke-Lakeshore
3430511,STR-2401-GQMRVT,254 Christie St,2A,M6G,Apartment,11,University-Rosedale
3430512,STR-2401-GXTRVV,1137 Broadview Ave,Upper,M4K,Single/Semi-detached House,14,Toronto-Danforth
3430513,STR-2401-HFZRVW,68 Monkton Ave,,M8Z,Single/Semi-detached House,3,Etobicoke-Lakeshore
3430514,STR-2401-HPGRVX,428 1/2 Clinton St,,M6G,Single/Semi-detached House,11,University-Rosedale
3430515,STR-2401-HWMRVY,26 Goldsboro Rd,,M9L,Duplex/Triplex/Fourplex,7,Humber River-Black Creek
3430516,STR-2401-FKDDVP,51 Ingham Ave,,M4K,Single/Semi-detached House,14,Toronto-Danforth
3430517,STR-2401-FSKDVQ,200 Sudbury St,308,M6J,Condominium,9,Davenport
3430518,STR-2401-GHXDVS,173 Timberbank Blvd,,M1W,Single/Semi-detached House,22,Scarborough-Agincourt
3430519,STR-2401-GRDDVT,67 Dennett Dr,,M1S,Single/Semi-detached House,23,Scarborough North
3430520,STR-2401-GYKDVV,9 Wilkins Ave,,M5A,Townhouse/ Row House,13,Toronto Centre
3430521,STR-2401-HGRDVW,43 Bernice Cres,,M6N,Single/Semi-detached House,5,York South-Weston
3430522,STR-2401-HPXDVX,6 Akil Thomas Gdns,,M1P,Townhouse/ Row House,21,Scarborough Centre
3430523,STR-2401-HXDDVY,783 Adelaide St W,,M6J,Single/Semi-detached House,10,Spadina-Fort York
3430524,STR-2401-FKTRVP,50 Charles St E,2410,M4Y,Condominium,11,University-Rosedale
3430525,STR-2401-FSZRVQ,14 Cheshire Dr,,M9B,Single/Semi-detached House,2,Etobicoke Centre
3430526,STR-2401-GBGRVR,26 Craigmore Cres,,M2N,Single/Semi-detached House,18,Willowdale
3430527,STR-2401-GJMRVS,14 York St,5904,M5J,Condominium,10,Spadina-Fort York
3430528,STR-2401-GRTRVT,56 Roywood Dr,,M3A,Single/Semi-detached House,16,Don Valley East
3430529,STR-2401-JFZRVZ,21 Iceboat Ter,2703,M5V,Condominium,10,Spadina-Fort York
3430530,STR-2401-GKDDVS,210 Victoria St,4011,M5B,Condominium,13,Toronto Centre
3430531,STR-2401-GZRDVV,101 Peter St,5,M5V,Condominium,10,Spadina-Fort York
3430532,STR-2401-HRDDVX,21 Iceboat Ter,4603,M5V,Condominium,10,Spadina-Fort York
3430533,STR-2401-HYKDVY,701 King St W,411,M5V,Condominium,10,Spadina-Fort York
3430534,STR-2401-JGRDVZ,36 Zorra St,330,M8Z,Condominium,3,Etobicoke-Lakeshore
3430535,STR-2401-GCPXVS,165 Manning Ave,,M6J,Duplex/Triplex/Fourplex,10,Spadina-Fort York
3430536,STR-2401-GTBXVV,947 Willowdale Ave,,M2M,Apartment,18,Willowdale
3430537,STR-2401-HBHXVW,73 Richmond St W,205A,M5H,Condominium,10,Spadina-Fort York
3430538,STR-2401-HJPXVX,285 Willow Ave,,M4E,Single/Semi-detached House,19,Beaches-East York
3430539,STR-2401-HZBXVZ,41 Beatrice St,C,M6J,Single/Semi-detached House,11,University-Rosedale
3430540,STR-2401-FFLKVP,4 Henley Cres,,M9W,Single/Semi-detached House,1,Etobicoke North
3430541,STR-2401-FVYKVR,31 Fleetwell Crt,,M2R,Single/Semi-detached House,18,Willowdale
3430542,STR-2401-GLLKVT,155 Yorkville Ave,904,M5R,Condominium,11,University-Rosedale
3430543,STR-2401-HBYKVW,121 Maxome Ave,,M2M,Single/Semi-detached House,18,Willowdale
3430544,STR-2401-HKFKVX,223 Lisgar St,,M6J,Duplex/Triplex/Fourplex,9,Davenport
3430545,STR-2401-HZSKVZ,1183 Kipling Ave,,M9B,Single/Semi-detached House,2,Etobicoke Centre
3430546,STR-2401-FPHXVQ,219 Fort York Blvd,1406,M5V,Condominium,10,Spadina-Fort York
3430547,STR-2401-FWPXVR,75 Oak Park Ave,,M4C,Single/Semi-detached House,19,Beaches-East York
3430548,STR-2401-GMBXVT,17 Kilbarry Rd,,M5P,Single/Semi-detached House,12,Toronto-St. Paul's
3430549,STR-2401-GVHXVV,101 Peter St,3610,M5V,Condominium,10,Spadina-Fort York
3430550,STR-2401-HTBXVY,2A Church St,910,M5E,Condominium,10,Spadina-Fort York
3430551,STR-2401-FGSKVP,11 Kelvinway Dr,basement,M1W,Single/Semi-detached House,22,Scarborough-Agincourt
3430552,STR-2401-FPYKVQ,31 Russett Ave,,M6H,Single/Semi-detached House,9,Davenport
3430553,STR-2401-GMSKVT,21 Iceboat Ter,2111,M5V,Condominium,10,Spadina-Fort York
3430554,STR-2401-GVYKVV,42 Aspendale Dr,upper,M1P,Single/Semi-detached House,21,Scarborough Centre
3430555,STR-2401-HDFKVW,33 Anewen Dr,,M4A,Single/Semi-detached House,16,Don Valley East
3430556,STR-2401-JBYKVZ,16 Norham Cres,,M9R,Single/Semi-detached House,2,Etobicoke Centre
3430557,STR-2401-FQPXVQ,151 Dan Leckie Way,937,M5V,Apartment,10,Spadina-Fort York
3430558,STR-2401-FXVXVR,76 Milverton Blvd,,M4J,Single/Semi-detached House,14,Toronto-Danforth
3430559,STR-2401-GGBXVS,120 Glendale Ave,,M6R,Single/Semi-detached House,4,Parkdale-High Park
3430560,STR-2401-GPHXVT,226 Winona Dr,,M6C,Single/Semi-detached House,9,Davenport
3430561,STR-2401-GWPXVV,430 Rustic Rd,,M6L,Single/Semi-detached House,5,York South-Weston
3430562,STR-2401-HMBXVX,21 Grand Magazine St,709,M5V,Apartment,10,Spadina-Fort York
3430563,STR-2401-FHYKVP,28 Ted Rogers Way,4302,M4Y,Apartment,11,University-Rosedale
3430564,STR-2401-GXFKVV,24 Clarkhill St,,M2R,Single/Semi-detached House,18,Willowdale
3430565,STR-2401-JDFKVZ,37 Dundonald St,,M4Y,Single/Semi-detached House,13,Toronto Centre
3430566,STR-2401-FJPXVP,105 Isabella St,1007,M4Y,Apartment,13,Toronto Centre
3430567,STR-2401-HGBXVW,251 Jarvis St,2703,M5B,Condominium,13,Toronto Centre
3430568,STR-2401-JDVXVZ,1026 Mount Pleasant Rd,,M4P,Single/Semi-detached House,15,Don Valley West
3430569,STR-2401-FZSKVR,300 Front St W,3401,M5V,Condominium,10,Spadina-Fort York
3430570,STR-2401-GRFKVT,41 South Marine Dr,,M1E,Single/Semi-detached House,24,Scarborough-Guildwood
3430571,STR-2401-GYLKVV,15 O'Hara Ave,408,M6K,Apartment,4,Parkdale-High Park
3430572,STR-2401-HGSKVW,60 Princess St,1113,M5A,Condominium,13,Toronto Centre
3430573,STR-2401-HXFKVY,25 Lower Simcoe St,323,M5J,Condominium,10,Spadina-Fort York
3430574,STR-2401-JFLKVZ,41 Brightwood St,,M3H,Apartment,6,York Centre
3430575,STR-2401-FKVXVP,71 Winstanly Cres,,M1B,Single/Semi-detached House,25,Scarborough-Rouge Park
3430576,STR-2401-FTBXVQ,151 Dan Leckie Way,1908,M5V,Condominium,10,Spadina-Fort York
3430577,STR-2401-GBHXVR,108 Grenadier Rd,,M6R,Single/Semi-detached House,4,Parkdale-High Park
3430578,STR-2401-GJPXVS,96 Heron Park Pl,,M1E,Townhouse/ Row House,25,Scarborough-Rouge Park
3430579,STR-2401-GRVXVT,576 Ontario St,,M4X,Townhouse/ Row House,13,Toronto Centre
3430580,STR-2401-GZBXVV,57 Claremont St,BSMT,M6J,Single/Semi-detached House,10,Spadina-Fort York
3430581,STR-2401-HQPXVX,300 Front St W,711,M5V,Condominium,10,Spadina-Fort York
3430582,STR-2401-HXVXVY,199 Richmond St W,1805,M5V,Condominium,10,Spadina-Fort York
3430583,STR-2401-FLLKVP,105 George St,2009,M5A,Condominium,13,Toronto Centre
3430584,STR-2401-FTSKVQ,18 Moynes Ave,,M8Y,Single/Semi-detached House,3,Etobicoke-Lakeshore
3430585,STR-2401-GBYKVR,65 Bremner Blvd,4606,M5J,Condominium,10,Spadina-Fort York
3430586,STR-2401-GKFKVS,150 Logan Ave,207,M4M,Condominium,14,Toronto-Danforth
3430587,STR-2401-GSLKVT,300 Front St W,2502,M5V,Condominium,10,Spadina-Fort York
3430588,STR-2401-GZSKVV,300 Front St W,4202,M5V,Condominium,10,Spadina-Fort York
3430589,STR-2401-HHYKVW,148 Hendon Ave,,M2M,Single/Semi-detached House,18,Willowdale
3430590,STR-2401-HRFKVX,2 Anndale Dr,407,M2N,Apartment,18,Willowdale
3430591,STR-2401-HYLKVY,55 Turntable Cres,68,M6H,Townhouse/ Row House,9,Davenport
3430592,STR-2401-FMDDVQ,890 Queen St E,A,M4M,Duplex/Triplex/Fourplex,14,Toronto-Danforth
3430593,STR-2401-FVKDVR,715 Lawrence Ave W,24,M6A,Condominium,8,Eglinton-Lawrence
3430594,STR-2401-GCRDVS,134 Tulane Cres,,M3A,Single/Semi-detached House,16,Don Valley East
3430595,STR-2401-GKXDVT,14 Fieldstone Rd,APT,M9C,Single/Semi-detached House,2,Etobicoke Centre
3430596,STR-2411-JCTBPZ,124 Spencer Ave,101,M6K,Apartment,4,Parkdale-High Park
3430597,STR-2401-HBKDVW,69 Aura Lea Blvd,,M9M,Single/Semi-detached House,7,Humber River-Black Creek
3430598,STR-2401-HJRDVX,2002 Martin Grove Rd,3,M9V,Condominium,1,Etobicoke North
3430599,STR-2401-HRXDVY,1195 The Queensway,1007,M8Z,Condominium,3,Etobicoke-Lakeshore
3430600,STR-2401-HZDDVZ,46 Huntingwood Dr,,M1W,Single/Semi-detached House,22,Scarborough-Agincourt
3430601,STR-2401-GTTRVV,251 Soudan Ave,,M4S,Single/Semi-detached House,12,Toronto-St. Paul's
3430602,STR-2401-HBZRVW,181 Baldwin St,202,M5T,Apartment,11,University-Rosedale
3430603,STR-2401-HKGRVX,57 Cameron St,B,M5T,Duplex/Triplex/Fourplex,10,Spadina-Fort York
3430604,STR-2401-HSMRVY,14 York St,707,M5J,Condominium,10,Spadina-Fort York
3430605,STR-2401-FGDDVP,27 Bisset Ave,,M8W,Single/Semi-detached House,3,Etobicoke-Lakeshore
3430606,STR-2401-FWRDVR,43 Barksdale Ave,,M3H,Single/Semi-detached House,6,York Centre
3430607,STR-2401-GDXDVS,247 Gamble Ave,,M4J,Single/Semi-detached House,14,Toronto-Danforth
3430608,STR-2401-HKXDVX,21 Iceboat Ter,1022,M5V,Condominium,10,Spadina-Fort York
3430609,STR-2401-HTDDVY,213 Mutual St,,M5B,Townhouse/ Row House,13,Toronto Centre
3430610,STR-2401-GMTRVT,113 Walnut Ave,,M5V,Duplex/Triplex/Fourplex,10,Spadina-Fort York
3430611,STR-2401-HLMRVX,77 Huntley St,2401,M4Y,Apartment,13,Toronto Centre
3430612,STR-2401-HTTRVY,210 Victoria St,4105,M5B,Condominium,13,Toronto Centre
3430613,STR-2401-FHKDVP,300 Front St W,1701,M5V,Condominium,10,Spadina-Fort York
3430614,STR-2401-FQRDVQ,300 Front St W,1714,M5V,Condominium,10,Spadina-Fort York
3430615,STR-2401-GGDDVS,300 Front St W,1205,M5V,Condominium,10,Spadina-Fort York
3430616,STR-2401-GWRDVV,300 Front St W,2514,M5V,Condominium,10,Spadina-Fort York
3430617,STR-2401-HDXDVW,294 St Clements Ave,,M4R,Single/Semi-detached House,8,Eglinton-Lawrence
3430618,STR-2401-HMDDVX,8 Wellesley St E,707,M4Y,Condominium,13,Toronto Centre
3430619,STR-2401-HVKDVY,231 Fort York Blvd,2205,M5V,Condominium,10,Spadina-Fort York
3430620,STR-2401-JCRDVZ,50 McNairn Ave,,M5M,Single/Semi-detached House,8,Eglinton-Lawrence
3430621,STR-2401-FHZRVP,15 O'Hara Ave,102,M6K,Apartment,4,Parkdale-High Park
3430622,STR-2401-FRGRVQ,151 Dan Leckie Way,2006,M5V,Condominium,10,Spadina-Fort York
3430623,STR-2401-GPZRVT,300 Front St W,2203,M5V,Condominium,10,Spadina-Fort York
3430624,STR-2401-GXGRVV,7 Glencrest Blvd,,M4B,Single/Semi-detached House,19,Beaches-East York
3430625,STR-2401-HVZRVY,60 Sullivan St,,M5T,Single/Semi-detached House,10,Spadina-Fort York
3430626,STR-2401-FJRDVP,413 Brock Ave,,M6H,Single/Semi-detached House,9,Davenport
3430627,STR-2401-FZDDVR,919 Dufferin St,303,M6H,Apartment,9,Davenport
3430628,STR-2401-GXXDVV,635 Sheppard Ave E,,M2K,Single/Semi-detached House,17,Don Valley North
3430629,STR-2401-HWRDVY,20 Edgecliff Golfway,1707,M3C,Condominium,16,Don Valley East
3430630,STR-2401-JDXDVZ,700 Ontario St,1112,M4X,Apartment,13,Toronto Centre
3430631,STR-2401-FKGRVP,152 Lyndhurst Ave,,M5R,Single/Semi-detached House,12,Toronto-St. Paul's
3430632,STR-2401-FZTRVR,1512 King St W,101,M6K,Apartment,4,Parkdale-High Park
3430633,STR-2401-GRGRVT,53 Woodbine Ave,,M4L,Single/Semi-detached House,19,Beaches-East York
3430634,STR-2401-GYMRVV,60 Brooklyn Ave,,M4M,Single/Semi-detached House,14,Toronto-Danforth
3430635,STR-2401-HPZRVX,101 Peter St,608,M5V,Condominium,10,Spadina-Fort York
3430636,STR-2401-JFMRVZ,1415 Gerrard St E,2A,M4L,Apartment,14,Toronto-Danforth
3430637,STR-2401-FKXDVP,2301 Lawrence Ave W,,M9P,Single/Semi-detached House,2,Etobicoke Centre
3430638,STR-2401-GZDDVV,364 Dundas St E,A,M5A,Condominium,13,Toronto Centre
3430639,STR-2401-HQRDVX,300 Front St W,1303,M5V,Condominium,10,Spadina-Fort York
3430640,STR-2401-JGDDVZ,29 Lyncroft Dr,,M1E,Single/Semi-detached House,24,Scarborough-Guildwood
3430641,STR-2401-GKGRVS,40 Rogers Rd,,M6E,Single/Semi-detached House,12,Toronto-St. Paul's
3430642,STR-2401-GZTRVV,1209 Queen St E,72,M4M,Condominium,14,Toronto-Danforth
3430643,STR-2401-HHZRVW,295 Dufferin St,205,M6K,Apartment,10,Spadina-Fort York
3430644,STR-2401-HRGRVX,300 Front St W,2004,M5V,Condominium,10,Spadina-Fort York
3430645,STR-2401-HYMRVY,65 Bertha Ave,,M1L,Single/Semi-detached House,20,Scarborough Southwest
3430646,STR-2401-JGTRVZ,56 Withrow Ave,,M4K,Single/Semi-detached House,14,Toronto-Danforth
3430647,STR-2401-GCSKVS,101 Dynevor Rd,,M6E,Single/Semi-detached House,9,Davenport
3430648,STR-2401-HJSKVX,50 Ordnance St,902,M6K,Condominium,10,Spadina-Fort York
3430649,STR-2401-HRYKVY,700 King St W,503,M5V,Apartment,10,Spadina-Fort York
3430650,STR-2401-HZFKVZ,115 Leslie St,,M4M,Single/Semi-detached House,14,Toronto-Danforth
3430651,STR-2401-FFPXVP,181E De Grassi St,,M4M,Single/Semi-detached House,14,Toronto-Danforth
3430652,STR-2401-GDHXVS,1190 Dundas St E,620,M4M,Condominium,14,Toronto-Danforth
3430653,STR-2401-GTVXVV,300 Front St W,2701,M5V,Condominium,10,Spadina-Fort York
3430654,STR-2401-HSPXVY,33 Rathnelly Ave,,M4V,Single/Semi-detached House,12,Toronto-St. Paul's
3430655,STR-2401-HZVXVZ,32 Akil Thomas Gdns,,M1P,Townhouse/ Row House,21,Scarborough Centre
3430656,STR-2401-FGFKVP,386 Rosewell Ave,,M4R,Single/Semi-detached House,8,Eglinton-Lawrence
3430657,STR-2401-FPLKVQ,87 Robinson St,,M6J,Single/Semi-detached House,10,Spadina-Fort York
3430658,STR-2401-FWSKVR,40 Scollard St,902,M5R,Apartment,11,University-Rosedale
3430659,STR-2401-GDYKVS,175 Cumberland St,1211,M5R,Apartment,11,University-Rosedale
3430660,STR-2401-GVLKVV,167 Church St,1806,M5B,Apartment,13,Toronto Centre
3430661,STR-2401-HCSKVW,14 York St,2305,M5J,Condominium,10,Spadina-Fort York
3430662,STR-2401-JBLKVZ,77 Avenue Rd,204,M5R,Apartment,11,University-Rosedale
3430663,STR-2401-FQBXVQ,219 Fort York Blvd,701,M5V,Condominium,10,Spadina-Fort York
3430664,STR-2401-GFPXVS,14 McInnes Cres,,M1B,Single/Semi-detached House,25,Scarborough-Rouge Park
3430665,STR-2401-GMVXVT,192 Roselawn Ave,,M4R,Single/Semi-detached House,8,Eglinton-Lawrence
3430666,STR-2401-HDHXVW,300 Front St W,2607,M5V,Condominium,10,Spadina-Fort York
3430667,STR-2401-HLPXVX,155 Yorkville Ave,1508,M5R,Condominium,11,University-Rosedale
3430668,STR-2401-HTVXVY,14 York St,1901,M5J,Condominium,10,Spadina-Fort York
3430669,STR-2401-FQSKVQ,30 Hillsboro Ave,2102,M5R,Apartment,11,University-Rosedale
3430670,STR-2401-FXYKVR,16 Roblin Ave,,M4C,Single/Semi-detached House,19,Beaches-East York
3430671,STR-2401-GGFKVS,501 Yonge St,4613,M4Y,Condominium,13,Toronto Centre
3430672,STR-2401-GPLKVT,270 Wellington St W,818,M5V,Condominium,10,Spadina-Fort York
3430673,STR-2401-GWSKVV,44 Hooyo Ter,,M6A,Townhouse/ Row House,8,Eglinton-Lawrence
3430674,STR-2401-HDYKVW,65 Dynevor Rd,303,M6E,Apartment,9,Davenport
3430675,STR-2401-HMFKVX,1 Iceboat Ter,G16,M5V,Condominium,10,Spadina-Fort York
3430676,STR-2401-HVLKVY,105 George St,409,M5A,Apartment,13,Toronto Centre
3430677,STR-2401-JCSKVZ,151 Dan Leckie Way,815,M5V,Condominium,10,Spadina-Fort York
3430678,STR-2401-FJBXVP,300 Front St W,4013,M5V,Condominium,10,Spadina-Fort York
3430679,STR-2401-FRHXVQ,14 York St,2008,M5J,Condominium,10,Spadina-Fort York
3430680,STR-2401-GGVXVS,37 Waverley Rd,,M4L,Single/Semi-detached House,19,Beaches-East York
3430681,STR-2401-GXHXVV,146 Burbank Dr,Basement,M2K,Single/Semi-detached House,17,Don Valley North
3430682,STR-2401-HFPXVW,55 Triller Ave,502,M6R,Apartment,4,Parkdale-High Park
3430683,STR-2401-HMVXVX,15 Endean Ave,,M4M,Single/Semi-detached House,14,Toronto-Danforth
3430684,STR-2401-HWBXVY,325 Westmoreland Ave N,2,M6H,Duplex/Triplex/Fourplex,9,Davenport
3430685,STR-2401-FJSKVP,19 Crosland Dr,,M1R,Single/Semi-detached House,21,Scarborough Centre
3430686,STR-2401-FRYKVQ,14 Crofton Rd,,M4G,Single/Semi-detached House,15,Don Valley West
3430687,STR-2401-GHLKVS,62 Scarboro Beach Blvd,1,M4E,Duplex/Triplex/Fourplex,19,Beaches-East York
3430688,STR-2401-GQSKVT,237 Niagara St,,M6J,Townhouse/ Row House,10,Spadina-Fort York
3430689,STR-2401-GXYKVV,300 Front St W,4212,M5V,Condominium,10,Spadina-Fort York
3430690,STR-2401-HWSKVY,53 Kenilworth Ave,,M4L,Single/Semi-detached House,19,Beaches-East York
3430691,STR-2401-FSPXVQ,171 Symons St,,M8V,Single/Semi-detached House,3,Etobicoke-Lakeshore
3430692,STR-2401-FZVXVR,5162 Yonge St,LPH208,M2N,Condominium,18,Willowdale
3430693,STR-2401-GJBXVS,2 Glenheather Ter,Main,M1B,Single/Semi-detached House,25,Scarborough-Rouge Park
3430694,STR-2401-GYPXVV,176 Patricia Ave,,M2M,Single/Semi-detached House,18,Willowdale
3430695,STR-2401-JFPXVZ,136 Gilmour Ave,,M6P,Single/Semi-detached House,4,Parkdale-High Park
3430696,STR-2401-FKYKVP,56 Brookmount Rd,,M4L,Single/Semi-detached House,19,Beaches-East York
3430697,STR-2401-FTFKVQ,284 Gladstone Ave,,M6J,Duplex/Triplex/Fourplex,9,Davenport
3430698,STR-2401-GJSKVS,213 Parliament St,B,M5A,Single/Semi-detached House,13,Toronto Centre
3430699,STR-2401-GRYKVT,321 Sherbourne St,702,M5A,Apartment,13,Toronto Centre
3430700,STR-2401-GZFKVV,10 Sunny Glenway,408,M3C,Condominium,16,Don Valley East
3430701,STR-2401-HHLKVW,39 Niagara St,534,M5V,Apartment,10,Spadina-Fort York
3430702,STR-2401-HXYKVY,802 Shaw St,2,M6G,Duplex/Triplex/Fourplex,11,University-Rosedale
3430703,STR-2401-JGFKVZ,2405 Queen St E,101,M4E,Apartment,19,Beaches-East York
3430704,STR-2401-FLPXVP,26 Glenora Ave,,M6C,Single/Semi-detached House,12,Toronto-St. Paul's
3430705,STR-2401-FTVXVQ,9 Twenty Fourth St,Lower,M8V,Single/Semi-detached House,3,Etobicoke-Lakeshore
3430706,STR-2401-GCBXVR,46 Archwood Cres,,M1R,Single/Semi-detached House,21,Scarborough Centre
3430707,STR-2401-GKHXVS,14 York St,2406,M5J,Condominium,10,Spadina-Fort York
3430708,STR-2401-GSPXVT,258 Joicey Blvd,,M5M,Single/Semi-detached House,8,Eglinton-Lawrence
3430709,STR-2401-GZVXVV,955 Bay St,2306,M5S,Condominium,13,Toronto Centre
3430710,STR-2401-HRHXVX,98 Seaton St,,M5A,Single/Semi-detached House,13,Toronto Centre
3430711,STR-2401-JGVXVZ,251 Jarvis St,623,M5B,Condominium,13,Toronto Centre
3430712,STR-2401-FDZRVP,560 Front St W,203,M5V,Condominium,10,Spadina-Fort York
3430713,STR-2401-FMGRVQ,112 Shoreham Dr,,M3N,Single/Semi-detached House,7,Humber River-Black Creek
3430714,STR-2401-HJTRVX,14 York St,2106,M5J,Apartment,10,Spadina-Fort York
3430715,STR-2401-HRZRVY,207 Glenwood Cres,,M4B,Single/Semi-detached House,19,Beaches-East York
3430716,STR-2401-FFRDVP,290 Adelaide St W,1312,M5V,Condominium,10,Spadina-Fort York
3430717,STR-2401-FMXDVQ,13 Bluffwood Dr,,M2H,Single/Semi-detached House,17,Don Valley North
3430718,STR-2401-GLRDVT,31 Skelmore Cres,,M3A,Single/Semi-detached House,16,Don Valley East
3430719,STR-2401-HCDDVW,8 Charlotte St,507,M5V,Condominium,10,Spadina-Fort York
3430720,STR-2401-HKKDVX,29 Canniff St,403,M6K,Townhouse/ Row House,10,Spadina-Fort York
3430721,STR-2401-HSRDVY,65 Bremner Blvd,4007,M5J,Condominium,10,Spadina-Fort York
3430722,STR-2401-HZXDVZ,121 Lower Sherbourne St,1650,M5A,Condominium,13,Toronto Centre
3430723,STR-2401-FGGRVP,39 Niagara St,1411,M5V,Apartment,10,Spadina-Fort York
3430724,STR-2401-FWTRVR,87 Peter St,3101,M5V,Condominium,10,Spadina-Fort York
3430725,STR-2401-GDZRVS,19 Kensington Ave,1,M5T,Single/Semi-detached House,11,University-Rosedale
3430726,STR-2403-GBTVHR,2720 Dundas St W,904,M6P,Condominium,4,Parkdale-High Park
3430727,STR-2402-HTGRVY,51 East Liberty St,2508,M6K,Condominium,10,Spadina-Fort York
3430728,STR-2402-FQDDVQ,29 Skyridge Rd,,M1E,Single/Semi-detached House,24,Scarborough-Guildwood
3430729,STR-2402-FXKDVR,43 Conamore Cres,,M3J,Single/Semi-detached House,7,Humber River-Black Creek
3430730,STR-2402-GFRDVS,114 Helena Ave,SECOND,M6G,Single/Semi-detached House,12,Toronto-St. Paul's
3430731,STR-2402-GMXDVT,38 Widmer St,4303,M5V,Condominium,10,Spadina-Fort York
3430732,STR-2402-GWDDVV,34 Western Battery Rd,422,M6K,Townhouse/ Row House,10,Spadina-Fort York
3430733,STR-2402-HDKDVW,121 Trudelle St,609,M1J,Condominium,21,Scarborough Centre
3430734,STR-2402-HLRDVX,492 Montrose Ave,12,M6G,Apartment,11,University-Rosedale
3430735,STR-2402-HTXDVY,10 Markbrook Lane,102,M9V,Condominium,1,Etobicoke North
3430736,STR-2402-JCDDVZ,341 Atlas Ave,,M6C,Single/Semi-detached House,12,Toronto-St. Paul's
3430737,STR-2402-FHMRVP,209 Boulton Ave,,M4M,Townhouse/ Row House,14,Toronto-Danforth
3430738,STR-2402-FQTRVQ,387 Hopewell Ave,,M6E,Single/Semi-detached House,8,Eglinton-Lawrence
3430739,STR-2402-FXZRVR,538 Crawford St,,M6G,Single/Semi-detached House,11,University-Rosedale
3430740,STR-2402-GGGRVS,30 Gibbs Rd,3010,M9B,Condominium,2,Etobicoke Centre
3430741,STR-2402-GPMRVT,81 Armadale Ave,,M6S,Single/Semi-detached House,4,Parkdale-High Park
3430742,STR-2402-GWTRVV,1441 Dufferin St,3,M6H,Apartment,9,Davenport
3430743,STR-2402-HDZRVW,390 Queens Quay W,1115,M5V,Apartment,10,Spadina-Fort York
3430744,STR-2402-HMGRVX,55 Evelyn Ave,,M6P,Single/Semi-detached House,4,Parkdale-High Park
3430745,STR-2402-JCTRVZ,26 Laurel Ave,,M1K,Single/Semi-detached House,20,Scarborough Southwest
3430746,STR-2402-FJDDVP,10 Park Lawn Rd,5,M8V,Apartment,3,Etobicoke-Lakeshore
3430747,STR-2402-FRKDVQ,29 Dunraven Dr,1,M6M,Duplex/Triplex/Fourplex,5,York South-Weston
3430748,STR-2402-FYRDVR,29 Dunraven Dr,2,M6M,Duplex/Triplex/Fourplex,5,York South-Weston
3430749,STR-2402-GGXDVS,300 Front St W,3907,M5V,Condominium,10,Spadina-Fort York
3430750,STR-2402-GQDDVT,12 York St,804,M5J,Condominium,10,Spadina-Fort York
3430751,STR-2402-HFRDVW,955 Bay St,426,M5S,Condominium,13,Toronto Centre
3430752,STR-2402-JDKDVZ,210 Victoria St,909,M5B,Apartment,13,Toronto Centre
3430753,STR-2402-FJTRVP,63 Tillplain Rd,,M3H,Single/Semi-detached House,6,York Centre
3430754,STR-2402-FZGRVR,2 Hernshaw Cres,,M9C,Single/Semi-detached House,2,Etobicoke Centre
3430755,STR-2402-GHMRVS,36 Ashbury Ave,1,M6E,Duplex/Triplex/Fourplex,12,Toronto-St. Paul's
3430756,STR-2402-GQTRVT,257 Greenwood Ave,,M4L,Single/Semi-detached House,14,Toronto-Danforth
3430757,STR-2402-HGGRVW,38 Bexhill Ave,BSMT,M1L,Single/Semi-detached House,20,Scarborough Southwest
3430758,STR-2402-HWTRVY,300 Front St W,814,M5V,Condominium,10,Spadina-Fort York
3430759,STR-2402-FKKDVP,955 Bay St,811,M5S,Condominium,13,Toronto Centre
3430760,STR-2402-FSRDVQ,832 Bay St,1105,M5S,Condominium,11,University-Rosedale
3430761,STR-2402-GJDDVS,155 Beresford Ave,,M6S,Single/Semi-detached House,4,Parkdale-High Park
3430762,STR-2402-GYRDVV,188 Cumberland St,805,M5R,Condominium,11,University-Rosedale
3430763,STR-2402-HGXDVW,40 Hiltz Ave,,M4L,Single/Semi-detached House,14,Toronto-Danforth
3430764,STR-2402-HQDDVX,329 Brunswick Ave,,M5R,Single/Semi-detached House,11,University-Rosedale
3430765,STR-2402-FKZRVP,2200 Lake Shore Blvd W,1209,M8V,Condominium,3,Etobicoke-Lakeshore
3430766,STR-2402-FTGRVQ,111 Davisville Ave,1809,M4S,Apartment,12,Toronto-St. Paul's
3430767,STR-2402-GBMRVR,128 1/2 Lansdowne Ave,A,M6K,Single/Semi-detached House,4,Parkdale-High Park
3430768,STR-2402-GRZRVT,46B Sandown Ave,,M1N,Single/Semi-detached House,20,Scarborough Southwest
3430769,STR-2402-HHMRVW,6 Clayland Dr,,M3A,Single/Semi-detached House,16,Don Valley East
3430770,STR-2403-HPXHHX,108 Fort York Blvd,,M5V,Townhouse/ Row House,10,Spadina-Fort York
3430771,STR-2402-HXZRVY,358 Logan Ave,,M4M,Single/Semi-detached House,14,Toronto-Danforth
3430772,STR-2402-FTXDVQ,8 Charlotte St,1903,M5V,Condominium,10,Spadina-Fort York
3430773,STR-2402-GCDDVR,50 Scarborough Golf Club Rd,99,M1M,Townhouse/ Row House,24,Scarborough-Guildwood
3430774,STR-2402-HYRDVY,51 Homewood Ave,2,M4Y,Apartment,13,Toronto Centre
3430775,STR-2402-JGXDVZ,49 Arjay Cres,,M2L,Single/Semi-detached House,15,Don Valley West
3430776,STR-2402-FFBXVP,262 Beatrice St,B,M6G,Townhouse/ Row House,11,University-Rosedale
3430777,STR-2402-FMHXVQ,77 Kay Dr,,M9V,Single/Semi-detached House,1,Etobicoke North
3430778,STR-2402-GCVXVS,300 Front St W,610,M5V,Condominium,10,Spadina-Fort York
3430779,STR-2402-HBPXVW,52 Bellevue Ave,1,M5T,Duplex/Triplex/Fourplex,11,University-Rosedale
3430780,STR-2402-HSBXVY,175 Greyabbey Trl,,M1E,Single/Semi-detached House,25,Scarborough-Rouge Park
3430781,STR-2402-FFSKVP,77 Harbour Sq,1205,M5J,Condominium,10,Spadina-Fort York
3430782,STR-2402-FMYKVQ,21 Iceboat Ter,626,M5V,Condominium,10,Spadina-Fort York
3430783,STR-2402-FWFKVR,205 Sherway Gardens Rd,2112,M9C,Condominium,3,Etobicoke-Lakeshore
3430784,STR-2402-GDLKVS,155 Legion Rd N,2114,M8Y,Condominium,3,Etobicoke-Lakeshore
3430785,STR-2402-GLSKVT,84 Clarion Rd,,M9R,Single/Semi-detached House,1,Etobicoke North
3430786,STR-2402-GTYKVV,590 Bloor St W,2,M6G,Duplex/Triplex/Fourplex,11,University-Rosedale
3430787,STR-2402-HCFKVW,14 York St,1412,M5J,Apartment,10,Spadina-Fort York
3430788,STR-2402-HKLKVX,251 Jarvis St,2902,M5B,Condominium,13,Toronto Centre
3430789,STR-2402-HSSKVY,400 Adelaide St E,816,M5A,Condominium,13,Toronto Centre
3430790,STR-2402-FPPXVQ,55 Triller Ave,1812,M6R,Apartment,4,Parkdale-High Park
3430791,STR-2402-FWVXVR,101 Peter St,1501,M5V,Condominium,10,Spadina-Fort York
3430792,STR-2402-GFBXVS,55 Bremner Blvd,2208,M5J,Condominium,10,Spadina-Fort York
3430793,STR-2402-GMHXVT,752 Markham St,Main,M6G,Duplex/Triplex/Fourplex,11,University-Rosedale
3430794,STR-2402-HLBXVX,155 Legion Rd N,1313,M8Y,Apartment,3,Etobicoke-Lakeshore
3430795,STR-2402-HTHXVY,194 Clinton St,,M6G,Single/Semi-detached House,11,University-Rosedale
3430796,STR-2402-JBPXVZ,650 Queens Quay W,1116,M5V,Condominium,10,Spadina-Fort York
3430797,STR-2402-FQFKVQ,232 Kingslake Rd,,M2J,Single/Semi-detached House,17,Don Valley North
3430798,STR-2402-FXLKVR,662 Davenport Rd,,M5R,Single/Semi-detached House,12,Toronto-St. Paul's
3430799,STR-2402-GFSKVS,10 Cree Ave,,M1M,Single/Semi-detached House,20,Scarborough Southwest
3430800,STR-2402-GWFKVV,155 Yorkville Ave,1718,M5R,Condominium,11,University-Rosedale
3430801,STR-2402-HDLKVW,200 Maxome Ave,,M2M,Single/Semi-detached House,18,Willowdale
3430802,STR-2402-HLSKVX,2221 Yonge St,5303,M4S,Condominium,12,Toronto-St. Paul's
3430803,STR-2402-JCFKVZ,185 Thirtieth St,,M8W,Single/Semi-detached House,3,Etobicoke-Lakeshore
3430804,STR-2402-FHPXVP,18 Yonge St,2310,M5E,Condominium,10,Spadina-Fort York
3430805,STR-2402-FQVXVQ,91A Claremont St,BSMT,M6J,Single/Semi-detached House,10,Spadina-Fort York
3430806,STR-2402-FYBXVR,21 Risdon Crt,,M9C,Single/Semi-detached House,2,Etobicoke Centre
3430807,STR-2402-GGHXVS,4 Beachview Cres,,M4E,Single/Semi-detached House,19,Beaches-East York
3430808,STR-2402-GPPXVT,98 Lillian St,417,M4S,Condominium,12,Toronto-St. Paul's
3430809,STR-2402-GWVXVV,151 Dan Leckie Way,PH01,M5V,Apartment,10,Spadina-Fort York
3430810,STR-2402-HMHXVX,11 Superior Ave,401,M8V,Condominium,3,Etobicoke-Lakeshore
3430811,STR-2402-FJFKVP,10 Plymouth Ave,4,M6J,Townhouse/ Row House,11,University-Rosedale
3430812,STR-2402-FRLKVQ,955 Bay St,904,M5S,Condominium,13,Toronto Centre
3430813,STR-2402-FYSKVR,661 Conacher Dr,,M2M,Single/Semi-detached House,18,Willowdale
3430814,STR-2402-GGYKVS,12 Harley Ave,,M5M,Single/Semi-detached House,8,Eglinton-Lawrence
3430815,STR-2402-GXLKVV,25 Nicholas Ave,1709,M5A,Apartment,13,Toronto Centre
3430816,STR-2402-HWFKVY,139 McKee Ave,,M2N,Single/Semi-detached House,18,Willowdale
3430817,STR-2402-FJVXVP,50 Stephanie St,1706,M5T,Apartment,10,Spadina-Fort York
3430818,STR-2402-FZHXVR,752 Markham St,,M6G,Duplex/Triplex/Fourplex,11,University-Rosedale
3430819,STR-2402-GHPXVS,22 Nanton Ave,,M4W,Single/Semi-detached House,11,University-Rosedale
3430820,STR-2402-GQVXVT,7 Lorraine Dr,1810,M2N,Condominium,18,Willowdale
3430821,STR-2402-HGHXVW,5500 Yonge St,2203,M2N,Condominium,18,Willowdale
3430822,STR-2402-HPPXVX,120 Harrison Garden Blvd,912,M2N,Condominium,18,Willowdale
3430823,STR-2402-HWVXVY,135 Isabella St,405,M4Y,Apartment,13,Toronto Centre
3430824,STR-2402-FKLKVP,91 Valdor Dr,,M1V,Single/Semi-detached House,23,Scarborough North
3430825,STR-2402-GYSKVV,560 Front St W,717,M5V,Condominium,10,Spadina-Fort York
3430826,STR-2402-HQFKVX,18 Chamberlain Ave,,M6E,Single/Semi-detached House,8,Eglinton-Lawrence
3430827,STR-2402-HXLKVY,1209 Queen St E,85,M4M,Townhouse/ Row House,14,Toronto-Danforth
3430828,STR-2402-JFSKVZ,840 Queen's Plate Dr,1403,M9W,Condominium,1,Etobicoke North
3430829,STR-2402-GBPXVR,11 Wellesley St W,3503,M4Y,Condominium,13,Toronto Centre
3430830,STR-2402-GJVXVS,209 Fort York Blvd,1159,M5V,Condominium,10,Spadina-Fort York
3430831,STR-2402-GSBXVT,251 Jarvis St,308,M5B,Condominium,13,Toronto Centre
3430832,STR-2402-HYBXVY,284 Wilmington Ave,,M3H,Single/Semi-detached House,6,York Centre
3430833,STR-2402-JGHXVZ,224 McNicoll Ave,,M2H,Single/Semi-detached House,17,Don Valley North
3430834,STR-2402-FLSKVP,12 York St,2804,M5J,Condominium,10,Spadina-Fort York
3430835,STR-2402-FTYKVQ,101 Peter St,618,M5V,Condominium,10,Spadina-Fort York
3430836,STR-2402-GCFKVR,75 Rabbit Lane,,M9B,Single/Semi-detached House,2,Etobicoke Centre
3430837,STR-2402-GKLKVS,14 York St,6001,M5J,Condominium,10,Spadina-Fort York
3430838,STR-2402-GZYKVV,12 St Dunstan Dr,,M1L,Single/Semi-detached House,20,Scarborough Southwest
3430839,STR-2402-HJFKVW,7 Watkinson Ave,104,M6P,Condominium,4,Parkdale-High Park
3430840,STR-2402-HYSKVY,231 Queen St W,2,M5V,Apartment,10,Spadina-Fort York
3430841,STR-2402-FMKDVQ,85 Bloor St E,708,M4W,Condominium,11,University-Rosedale
3430842,STR-2402-GCXDVS,4 Omaha Ave,,M5J,Single/Semi-detached House,10,Spadina-Fort York
3430843,STR-2402-GTKDVV,111 York Mills Rd,,M2L,Single/Semi-detached House,15,Don Valley West
3430844,STR-2402-HBRDVW,33 Stanwell Dr,,M1P,Single/Semi-detached House,21,Scarborough Centre
3430845,STR-2402-HJXDVX,20 Carlton St,521,M5B,Condominium,13,Toronto Centre
3430846,STR-2402-HSDDVY,219 Fort York Blvd,1606,M5V,Condominium,10,Spadina-Fort York
3430847,STR-2402-HZKDVZ,46 Western Battery Rd,820,M6K,Townhouse/ Row House,10,Spadina-Fort York
3430848,STR-2402-FMZRVQ,27 Gamble Ave,611,M4K,Apartment,14,Toronto-Danforth
3430849,STR-2402-FWGRVR,316 Oakwood Ave,Basement,M6E,Apartment,9,Davenport
3430850,STR-2402-GDMRVS,360 Glen Park Ave,,M6B,Single/Semi-detached House,8,Eglinton-Lawrence
3430851,STR-2402-GLTRVT,433 Silverstone Dr,40,M9V,Townhouse/ Row House,1,Etobicoke North
3430852,STR-2402-GTZRVV,59 Hocken Ave,,M6G,Single/Semi-detached House,12,Toronto-St. Paul's
3430853,STR-2402-HCGRVW,12 York St,5506,M5J,Condominium,10,Spadina-Fort York
3430854,STR-2402-HKMRVX,59 Annie Craig Dr,2402,M8V,Condominium,3,Etobicoke-Lakeshore
3430855,STR-2402-FWXDVR,70 Douro St,115,M6K,Condominium,10,Spadina-Fort York
3430856,STR-2402-GFDDVS,209 Fort York Blvd,1272,M5V,Condominium,10,Spadina-Fort York
3430857,STR-2402-GMKDVT,38 Millicent St,2,M6H,Duplex/Triplex/Fourplex,9,Davenport
3430858,STR-2402-GVRDVV,14 York St,3806,M5J,Condominium,10,Spadina-Fort York
3430859,STR-2402-HCXDVW,440 Lansdowne Ave,Upper,M6H,Duplex/Triplex/Fourplex,9,Davenport
3430860,STR-2402-HLDDVX,300 Front St W,4204,M5V,Condominium,10,Spadina-Fort York
3430861,STR-2402-HTKDVY,315 Laird Dr,,M4G,Single/Semi-detached House,15,Don Valley West
3430862,STR-2402-JBRDVZ,30 Nelson St,3501,M5V,Condominium,10,Spadina-Fort York
3430863,STR-2402-FGZRVP,832 Bay St,1505,M5S,Condominium,11,University-Rosedale
3430864,STR-2402-FQGRVQ,199 Richmond St W,313,M5V,Condominium,10,Spadina-Fort York
3430865,STR-2402-GFTRVS,11 Limoges Crt,,M2M,Single/Semi-detached House,17,Don Valley North
3430866,STR-2402-GMZRVT,1470 Midland Ave,713,M1P,Condominium,21,Scarborough Centre
3430867,STR-2402-GWGRVV,4725 Sheppard Ave E,816,M1S,Condominium,23,Scarborough North
3430868,STR-2402-HDMRVW,174 Darlingside Dr,,M1E,Single/Semi-detached House,25,Scarborough-Rouge Park
3430869,STR-2402-JCGRVZ,120 Brookside Ave,,M6S,Single/Semi-detached House,4,Parkdale-High Park
3430870,STR-2402-FHRDVP,208 Queens Quay W,3604,M5J,Condominium,10,Spadina-Fort York
3430871,STR-2402-FYDDVR,118 Tyndall Ave,809,M6K,Apartment,4,Parkdale-High Park
3430872,STR-2402-GPRDVT,897 Dundas St W,AP 2,M6J,Apartment,10,Spadina-Fort York
3430873,STR-2402-GWXDVV,75 Boon Ave,,M6E,Single/Semi-detached House,9,Davenport
3430874,STR-2402-HMKDVX,134 King Edward Ave,,M4C,Single/Semi-detached House,19,Beaches-East York
3430875,STR-2402-JCXDVZ,26 Glaive Dr,,M1P,Single/Semi-detached House,21,Scarborough Centre
3430876,STR-2402-FJGRVP,6 Brockton Ave,,M6K,Single/Semi-detached House,9,Davenport
3430877,STR-2402-GGZRVS,101 Peter St,3210,M5V,Condominium,10,Spadina-Fort York
3430878,STR-2402-GQGRVT,764 Pape Ave,,M4K,Single/Semi-detached House,14,Toronto-Danforth
3430879,STR-2402-HFTRVW,188 Cumberland St,2302,M5R,Apartment,11,University-Rosedale
3430880,STR-2402-HMZRVX,175 Pannahill Rd,,M3H,Single/Semi-detached House,6,York Centre
3430881,STR-2402-JDMRVZ,300 Front St W,2306,M5V,Condominium,10,Spadina-Fort York
3430882,STR-2402-FJXDVP,300 Front St W,1311,M5V,Condominium,10,Spadina-Fort York
3430883,STR-2402-GHRDVS,30 Samuel Wood Way,501,M9B,Condominium,3,Etobicoke-Lakeshore
3430884,STR-2402-GYDDVV,513 Milverton Blvd,,M4C,Single/Semi-detached House,19,Beaches-East York
3430885,STR-2402-HWXDVY,1217 College St,,M6H,Single/Semi-detached House,9,Davenport
3430886,STR-2402-JFDDVZ,21 Iceboat Ter,4111,M5V,Condominium,10,Spadina-Fort York
3430887,STR-2402-FKMRVP,6A Leaside Park Dr,,M4H,Townhouse/ Row House,15,Don Valley West
3430888,STR-2402-FZZRVR,60 Bathurst St,814,M5V,Condominium,10,Spadina-Fort York
3430889,STR-2402-GJGRVS,11 Brunel Crt,915,M5V,Condominium,10,Spadina-Fort York
3430890,STR-2402-GRMRVT,313 Richmond St E,562,M5A,Apartment,13,Toronto Centre
3430891,STR-2402-GYTRVV,14 Fairglen Ave,,M1T,Single/Semi-detached House,22,Scarborough-Agincourt
3430892,STR-2402-HGZRVW,24 Basswood Rd,,M2N,Single/Semi-detached House,18,Willowdale
3430893,STR-2402-HXMRVY,10 Capreol Crt,1022,M5V,Condominium,10,Spadina-Fort York
3430894,STR-2402-FTKDVQ,8 Kingscross Sq,Main,M8Z,Single/Semi-detached House,3,Etobicoke-Lakeshore
3430895,STR-2402-GBRDVR,201 Riverside Dr,,M6S,Single/Semi-detached House,4,Parkdale-High Park
3430896,STR-2402-GSDDVT,300 Front St W,3905,M5V,Condominium,10,Spadina-Fort York
3430897,STR-2402-HHRDVW,80 Harrison Garden Blvd,927,M2N,Condominium,18,Willowdale
3430898,STR-2402-HYDDVY,31 Whitelock Cres,,M2K,Single/Semi-detached House,17,Don Valley North
3430899,STR-2402-FLTRVP,26 Thorncliffe Park Dr,404,M4H,Apartment,15,Don Valley West
3430900,STR-2402-FTZRVQ,188 Fairview Mall Dr,215,M2J,Condominium,17,Don Valley North
3430901,STR-2402-GCGRVR,71 Dawes Rd,,M4C,Single/Semi-detached House,19,Beaches-East York
3430902,STR-2402-GKMRVS,199 Richmond St W,219,M5V,Condominium,10,Spadina-Fort York
3430903,STR-2402-GZZRVV,360 Coxwell Ave,,M4L,Single/Semi-detached House,14,Toronto-Danforth
3430904,STR-2402-HJGRVW,49 Wynn Rd,,M2R,Single/Semi-detached House,18,Willowdale
3430905,STR-2402-HRMRVX,57 Brock Ave,604,M6K,Condominium,4,Parkdale-High Park
3430906,STR-2402-JGZRVZ,41 Delaney Cres,,M6K,Single/Semi-detached House,9,Davenport
3430907,STR-2402-FLWBHQ,90 Searle Ave,,M3H,Single/Semi-detached House,6,York Centre
3430908,STR-2402-GCJBHS,303 Pape Ave,,M4M,Townhouse/ Row House,14,Toronto-Danforth
3430909,STR-2402-GKQBHT,3121 Sheppard Ave E,1203,M1T,Condominium,22,Scarborough-Agincourt
3430910,STR-2402-GSWBHV,209 Fort York Blvd,1559,M5V,Condominium,10,Spadina-Fort York
3430911,STR-2402-HBCBHW,90 Stadium Rd,2009,M5V,Condominium,10,Spadina-Fort York
3430912,STR-2402-HRQBHY,65 Oakfield Dr,,M8Y,Single/Semi-detached House,3,Etobicoke-Lakeshore
3430913,STR-2402-HYWBHZ,64 The Westway,,M9P,Single/Semi-detached House,2,Etobicoke Centre
3430914,STR-2402-FMLPHQ,208 Queens Quay W,2210,M5J,Condominium,10,Spadina-Fort York
3430915,STR-2402-GLFPHT,104 Goodwood Park Crt,209,M4C,Apartment,19,Beaches-East York
3430916,STR-2402-HJYPHX,885 Lansdowne Ave,,M6H,Single/Semi-detached House,9,Davenport
3430917,STR-2402-HZLPHZ,89 Alicewood Crt,,M9V,Single/Semi-detached House,1,Etobicoke North
3430918,STR-2402-FFWBHP,50 Ordnance St,1401,M6K,Condominium,10,Spadina-Fort York
3430919,STR-2402-FPCBHQ,140 Erskine Ave,2801,M4P,Apartment,15,Don Valley West
3430920,STR-2402-FWJBHR,60 Cummer Ave,,M2M,Single/Semi-detached House,18,Willowdale
3430921,STR-2402-GLWBHT,100 Fort York Blvd,GO3,M5V,Townhouse/ Row House,10,Spadina-Fort York
3430922,STR-2402-HCJBHW,263 Wellington St W,1005,M5V,Condominium,10,Spadina-Fort York
3430923,STR-2402-HKQBHX,77 Mutual St,1104,M5B,Condominium,13,Toronto Centre
3430924,STR-2402-HSWBHY,25 Nicholas Ave,2602,M5A,Apartment,13,Toronto Centre
3430925,STR-2402-JBCBHZ,114 Palmerston Ave,,M6J,Single/Semi-detached House,10,Spadina-Fort York
3430926,STR-2402-FGLPHP,28 Ted Rogers Way,2502,M4Y,Condominium,11,University-Rosedale
3430927,STR-2402-FWYPHR,30 Barrington Ave,,M4C,Single/Semi-detached House,19,Beaches-East York
3430928,STR-2402-GFFPHS,300 Front St W,3409,M5V,Condominium,10,Spadina-Fort York
3430929,STR-2402-GMLPHT,194 Bathurst St,,M5T,Single/Semi-detached House,10,Spadina-Fort York
3430930,STR-2402-HLFPHX,18 Treford Pl,,M6J,Townhouse/ Row House,11,University-Rosedale
3430931,STR-2402-HTLPHY,24 Nassau St,,M5T,Single/Semi-detached House,11,University-Rosedale
3430932,STR-2402-JBSPHZ,25 Blackbush Dr,,M9V,Single/Semi-detached House,1,Etobicoke North
3430933,STR-2402-FHCBHP,121 Colonel Danforth Trl,,M1C,Single/Semi-detached House,25,Scarborough-Rouge Park
3430934,STR-2402-FQJBHQ,64 John Lindsay Crt,,M3L,Single/Semi-detached House,7,Humber River-Black Creek
3430935,STR-2402-FXQBHR,300 Old Weston Rd,,M6N,Single/Semi-detached House,9,Davenport
3430936,STR-2402-GFWBHS,100 Wiltshire Ave,,M6N,Single/Semi-detached House,9,Davenport
3430937,STR-2402-GPCBHT,7 Nottingham Dr,,M9A,Single/Semi-detached House,2,Etobicoke Centre
3430938,STR-2402-GWJBHV,65 Bremner Blvd,2506,M5J,Condominium,10,Spadina-Fort York
3430939,STR-2402-HDQBHW,1340 Islington Ave,,M9A,Single/Semi-detached House,2,Etobicoke Centre
3430940,STR-2402-HVCBHY,413 Ossington Ave,,M6J,Single/Semi-detached House,11,University-Rosedale
3430941,STR-2402-GGLPHS,44 Ollerton Rd,,M3J,Single/Semi-detached House,7,Humber River-Black Creek
3430942,STR-2402-HFFPHW,958A The Queensway,,M8Z,Apartment,3,Etobicoke-Lakeshore
3430943,STR-2402-HVSPHY,266 Roncesvalles Ave,Floor 2,M6R,Single/Semi-detached House,4,Parkdale-High Park
3430944,STR-2402-FRQBHQ,196 Poyntz Ave,,M2N,Single/Semi-detached House,18,Willowdale
3430945,STR-2402-GHCBHS,10 Deeside Crt,,M9W,Single/Semi-detached House,1,Etobicoke North
3430946,STR-2402-GQJBHT,397 Front St W,3910,M5V,Condominium,10,Spadina-Fort York
3430947,STR-2402-GXQBHV,390 Berkeley St,,M5A,Single/Semi-detached House,13,Toronto Centre
3430948,STR-2402-HFWBHW,14 York St,607,M5J,Condominium,10,Spadina-Fort York
3430949,STR-2402-HPCBHX,460 Adelaide St E,951,M5A,Condominium,13,Toronto Centre
3430950,STR-2402-HWJBHY,59 Warner Ave,,M4A,Single/Semi-detached House,16,Don Valley East
3430951,STR-2402-JDQBHZ,62 The Queensway,,M6S,Single/Semi-detached House,4,Parkdale-High Park
3430952,STR-2402-FJYPHP,5 Leonard Ave,B,M5T,Duplex/Triplex/Fourplex,11,University-Rosedale
3430953,STR-2402-FSFPHQ,121 Kingston Rd,,M4L,Single/Semi-detached House,19,Beaches-East York
3430954,STR-2402-FZLPHR,30 Hillsboro Ave,2101,M5R,Apartment,11,University-Rosedale
3430955,STR-2402-GHSPHS,965 Dufferin St,,M6H,Single/Semi-detached House,9,Davenport
3430956,STR-2402-GYFPHV,15 Bruyeres Mews,1306,M5V,Condominium,10,Spadina-Fort York
3430957,STR-2402-HGLPHW,300 Front St W,1708,M5V,Condominium,10,Spadina-Fort York
3430958,STR-2402-HWYPHY,135 Marlee Ave,1505,M6B,Condominium,8,Eglinton-Lawrence
3430959,STR-2402-FKQBHP,2 Heathdale Rd,2,M6C,Apartment,12,Toronto-St. Paul's
3430960,STR-2402-FSWBHQ,35 Rolling Mills Rd,S452,M5A,Condominium,13,Toronto Centre
3430961,STR-2402-GBCBHR,50 High Park Ave,2103,M6P,Apartment,4,Parkdale-High Park
3430962,STR-2402-GJJBHS,20 High Park Gdns,,M6R,Single/Semi-detached House,4,Parkdale-High Park
3430963,STR-2402-GYWBHV,2020 Bathurst St,711,M5P,Condominium,12,Toronto-St. Paul's
3430964,STR-2402-HHCBHW,36 Zorra Street,515,M8Z,Condominium,3,Etobicoke-Lakeshore
3430965,STR-2402-HQJBHX,2550 Birchmount Rd,11,M1T,Townhouse/ Row House,22,Scarborough-Agincourt
3430966,STR-2402-HXQBHY,1669 Kipling Ave,,M9R,Single/Semi-detached House,2,Etobicoke Centre
3430967,STR-2402-JFWBHZ,126 Boon Ave,,M6E,Single/Semi-detached House,9,Davenport
3430968,STR-2402-FTLPHQ,29 Oakcrest Ave,,M4C,Single/Semi-detached House,19,Beaches-East York
3430969,STR-2402-GBSPHR,14 Kensington Pl,,M5T,Townhouse/ Row House,11,University-Rosedale
3430970,STR-2402-GJYPHS,21 Iceboat Ter,1905,M5V,Condominium,10,Spadina-Fort York
3430971,STR-2402-HHSPHW,306 Scarborough Rd,,M4E,Single/Semi-detached House,19,Beaches-East York
3430972,STR-2402-HQYPHX,678 Mortimer Ave,,M4C,Single/Semi-detached House,19,Beaches-East York
3430973,STR-2402-HYFPHY,12 Lark St,Main,M4L,Single/Semi-detached House,19,Beaches-East York
3430974,STR-2402-JGLPHZ,215 Queen St W,1812,M5V,Condominium,10,Spadina-Fort York
3430975,STR-2402-FDRHHP,50 Merchant Lane,103,M6P,Condominium,9,Davenport
3430976,STR-2402-FVDHHR,832 Bay St,3203,M5S,Condominium,11,University-Rosedale
3430977,STR-2402-GCKHHS,127 Frederick Tisdale Dr,,M3K,Townhouse/ Row House,6,York Centre
3430978,STR-2402-GKRHHT,152 Goulding Ave,,M2M,Single/Semi-detached House,18,Willowdale
3430979,STR-2402-GSXHHV,17 Whitaker Ave,,M6J,Townhouse/ Row House,10,Spadina-Fort York
3430980,STR-2402-HBDHHW,71 Caronport Cres,,M3A,Single/Semi-detached House,16,Don Valley East
3430981,STR-2402-HJKHHX,61 Tom Wells Cres,,M1V,Single/Semi-detached House,22,Scarborough-Agincourt
3430982,STR-2402-FMMVHQ,209 Fort York Blvd,375,M5V,Condominium,10,Spadina-Fort York
3430983,STR-2402-FVTVHR,560 Front St W,402,M5V,Condominium,10,Spadina-Fort York
3430984,STR-2402-GCZVHS,155 Yorkville Ave,902,M5R,Condominium,11,University-Rosedale
3430985,STR-2402-GLGVHT,60 George Butchart Dr,310,M3K,Condominium,6,York Centre
3430986,STR-2402-GTMVHV,75 Pettibone Sq,,M1W,Single/Semi-detached House,22,Scarborough-Agincourt
3430987,STR-2402-HBTVHW,109 Huron St,,M5T,Townhouse/ Row House,11,University-Rosedale
3430988,STR-2402-HJZVHX,104 Norton Ave,,M2N,Single/Semi-detached House,18,Willowdale
3430989,STR-2402-HSGVHY,129 Avondale Ave,,M2N,Single/Semi-detached House,18,Willowdale
3430990,STR-2402-HZMVHZ,68 Seminoff St,,M1L,Single/Semi-detached House,20,Scarborough Southwest
3430991,STR-2402-FFXHHP,105 George St,1515,M5A,Condominium,13,Toronto Centre
3430992,STR-2402-FWKHHR,111 Blackfriar Ave,217,M9R,Apartment,1,Etobicoke North
3430993,STR-2402-GDRHHS,3700 St Clair Ave E,,M1M,Single/Semi-detached House,20,Scarborough Southwest
3430994,STR-2402-HCKHHW,1 Scenic Hill Crt,Main,M1C,Single/Semi-detached House,25,Scarborough-Rouge Park
3430995,STR-2402-HKRHHX,31 1/2 Granby St,B,M5B,Townhouse/ Row House,13,Toronto Centre
3430996,STR-2402-FGMVHP,21 Iceboat Ter,3505,M5V,Condominium,10,Spadina-Fort York
3430997,STR-2402-FWZVHR,300 Front St W,4111,M5V,Condominium,10,Spadina-Fort York
3430998,STR-2402-GFGVHS,12 Grimthorpe Rd,1,M6C,Duplex/Triplex/Fourplex,12,Toronto-St. Paul's
3430999,STR-2402-GMMVHT,300 Front St W,1101,M5V,Condominium,10,Spadina-Fort York
3431000,STR-2402-HCZVHW,300 Front St W,2007,M5V,Condominium,10,Spadina-Fort York
3431001,STR-2402-HTMVHY,104 Cottonwood Dr,,M3C,Single/Semi-detached House,16,Don Valley East
3431002,STR-2402-JBTVHZ,55 Bremner Blvd,2606,M5J,Condominium,10,Spadina-Fort York
3431003,STR-2402-FHDHHP,5 Lotus Crt,,M2H,Single/Semi-detached House,17,Don Valley North
3431004,STR-2402-FQKHHQ,65 Bremner Blvd,1807,M5J,Condominium,10,Spadina-Fort York
3431005,STR-2402-FXRHHR,466 Pape Ave,Upper,M4K,Duplex/Triplex/Fourplex,14,Toronto-Danforth
3431006,STR-2402-GFXHHS,411 Duplex Ave,2119,M4R,Apartment,8,Eglinton-Lawrence
3431007,STR-2402-GPDHHT,181 Mill St,1811,M5A,Apartment,10,Spadina-Fort York
3431008,STR-2402-GWKHHV,752 Markham St,,M6G,Duplex/Triplex/Fourplex,11,University-Rosedale
3431009,STR-2402-HDRHHW,123 Parkway Forest Dr,805,M2J,Apartment,17,Don Valley North
3431010,STR-2402-HVDHHY,210 Simcoe St,1605,M5T,Condominium,10,Spadina-Fort York
3431011,STR-2402-FHTVHP,50 Benlight Cres,,M1H,Single/Semi-detached House,24,Scarborough-Guildwood
3431012,STR-2402-GWZVHV,151 Brahms Ave,,M2H,Single/Semi-detached House,17,Don Valley North
3431013,STR-2402-HMMVHX,114 Rankin Cres,3,M6P,Single/Semi-detached House,9,Davenport
3431014,STR-2402-HVTVHY,30 Hillsboro Ave,1601,M5R,Apartment,11,University-Rosedale
3431015,STR-2402-JCZVHZ,209 Fort York Blvd,863,M5V,Condominium,10,Spadina-Fort York
3431016,STR-2402-FJKHHP,389 Broadway Ave,,M4P,Single/Semi-detached House,15,Don Valley West
3431017,STR-2402-FRRHHQ,3100 Keele St,312,M3M,Condominium,6,York Centre
3431018,STR-2402-FYXHHR,57 Berkeley St,,M5A,Townhouse/ Row House,13,Toronto Centre
3431019,STR-2402-GHDHHS,155 Yorkville Ave,319,M5R,Condominium,11,University-Rosedale
3431020,STR-2402-GQKHHT,16 Landour Ave,,M6M,Single/Semi-detached House,5,York South-Weston
3431021,STR-2402-GXRHHV,37 Melville Ave,Upper,M6G,Single/Semi-detached House,11,University-Rosedale
3431022,STR-2402-HFXHHW,132 Major St,,M5S,Single/Semi-detached House,11,University-Rosedale
3431023,STR-2402-HPDHHX,82 Heman St,,M8V,Single/Semi-detached House,3,Etobicoke-Lakeshore
3431024,STR-2402-HWKHHY,12 Danesbury Ave,,M6B,Single/Semi-detached House,8,Eglinton-Lawrence
3431025,STR-2402-FZMVHR,53 Aldridge Ave,,M4C,Single/Semi-detached House,19,Beaches-East York
3431026,STR-2402-GHTVHS,10 Willowridge Rd,811,M9R,Apartment,1,Etobicoke North
3431027,STR-2402-GYGVHV,51 Howland Ave,A,M5R,Single/Semi-detached House,11,University-Rosedale
3431028,STR-2402-HGMVHW,151 Dan Leckie Way,1802,M5V,Condominium,10,Spadina-Fort York
3431029,STR-2402-HPTVHX,155 Yorkville Ave,502,M5R,Condominium,11,University-Rosedale
3431030,STR-2402-HWZVHY,38 Widmer St,1708,M5V,Condominium,10,Spadina-Fort York
3431031,STR-2402-JFGVHZ,222 Elm St,1203,M5T,Apartment,11,University-Rosedale
3431032,STR-2403-FKRHHP,40 Sheppard Ave E,219,M2N,Townhouse/ Row House,18,Willowdale
3431033,STR-2403-FSXHHQ,95 Woodbine Ave,,M4L,Single/Semi-detached House,19,Beaches-East York
3431034,STR-2403-GBDHHR,560 Front St W,318,M5V,Condominium,10,Spadina-Fort York
3431035,STR-2403-GJKHHS,14 Disan Crt,,M9V,Single/Semi-detached House,1,Etobicoke North
3431036,STR-2403-GRRHHT,30 Fontenay Crt,805,M9A,Apartment,2,Etobicoke Centre
3431037,STR-2403-GYXHHV,113 Trinity St,,M5A,Single/Semi-detached House,13,Toronto Centre
3431038,STR-2403-HHDHHW,92 Marchmount Rd,,M6G,Single/Semi-detached House,12,Toronto-St. Paul's
3431039,STR-2403-HQKHHX,99 Coleman Ave,208,M4C,Condominium,19,Beaches-East York
3431040,STR-2403-FLGVHP,270 Dufferin St,212,M6K,Condominium,4,Parkdale-High Park
3431041,STR-2403-GJZVHS,15 Gore Vale Ave,,M6J,Apartment,10,Spadina-Fort York
3431042,STR-2403-GSGVHT,151 Dan Leckie Way,812,M5V,Condominium,10,Spadina-Fort York
3431043,STR-2403-GZMVHV,38 Royal St,,M6N,Single/Semi-detached House,5,York South-Weston
3431044,STR-2403-HHTVHW,6 Crioline Rd,,M6L,Single/Semi-detached House,5,York South-Weston
3431045,STR-2403-JGMVHZ,1159 St Clair Ave W,3,M6E,Duplex/Triplex/Fourplex,9,Davenport
3431046,STR-2403-FLYPHQ,1 Hathway Dr,,M1P,Single/Semi-detached House,21,Scarborough Centre
3431047,STR-2403-GCLPHS,352 Front St W,2214,M5V,Condominium,10,Spadina-Fort York
3431048,STR-2403-GSYPHV,781 Pape Ave,,M4K,Single/Semi-detached House,14,Toronto-Danforth
3431049,STR-2403-HBFPHW,369 Beechgrove Dr,,M1E,Single/Semi-detached House,25,Scarborough-Rouge Park
3431050,STR-2403-HJLPHX,8 Amherst Ave,Main,M6E,Single/Semi-detached House,12,Toronto-St. Paul's
3431051,STR-2403-HRSPHY,200 Highfield Rd,,M4L,Single/Semi-detached House,14,Toronto-Danforth
3431052,STR-2403-HYYPHZ,6 Loney Ave,,M3L,Single/Semi-detached House,7,Humber River-Black Creek
3431053,STR-2403-FFJBHP,200 Gamma St,Upstairs,M8W,Single/Semi-detached House,3,Etobicoke-Lakeshore
3431054,STR-2403-FMQBHQ,22 Stonebridge Blvd,,M1W,Single/Semi-detached House,22,Scarborough-Agincourt
3431055,STR-2403-FVWBHR,165 Legion Rd N,1834,M8Y,Condominium,3,Etobicoke-Lakeshore
3431056,STR-2403-GDCBHS,60 Dixon Ave,,M4L,Single/Semi-detached House,19,Beaches-East York
3431057,STR-2403-GTQBHV,12 York St,702,M5J,Condominium,10,Spadina-Fort York
3431058,STR-2403-HZQBHZ,46 George Anderson Dr,,M6M,Single/Semi-detached House,5,York South-Weston
3431059,STR-2403-FFYPHP,6 Donna Crt,,M2M,Single/Semi-detached House,18,Willowdale
3431060,STR-2403-FWLPHR,236 Greenwood Ave,Second Floor,M4L,Duplex/Triplex/Fourplex,14,Toronto-Danforth
3431061,STR-2403-GVFPHV,146 Mulock Ave,Laneway Suite,M6N,Single/Semi-detached House,5,York South-Weston
3431062,STR-2403-HCLPHW,9518 Sheppard Ave E,,M1B,Townhouse/ Row House,25,Scarborough-Rouge Park
3431063,STR-2403-HKSPHX,8 Charlotte St,402,M5V,Condominium,10,Spadina-Fort York
3431064,STR-2403-JBFPHZ,98 Parkhurst Blvd,,M4G,Single/Semi-detached House,15,Don Valley West
3431065,STR-2403-FGQBHP,100 Sumach St,,M5A,Townhouse/ Row House,13,Toronto Centre
3431066,STR-2403-GFJBHS,151 Dan Leckie Way,212,M5V,Condominium,10,Spadina-Fort York
3431067,STR-2403-HLJBHX,8 York St,2710,M5J,Condominium,10,Spadina-Fort York
3431068,STR-2403-HTQBHY,49 East Liberty St,1504,M6K,Condominium,10,Spadina-Fort York
3431069,STR-2403-JBWBHZ,1285 Queen St E,609,M4L,Condominium,14,Toronto-Danforth
3431070,STR-2403-FHFPHP,1029 King St W,1021,M6K,Condominium,10,Spadina-Fort York
3431071,STR-2403-GFYPHS,348 Brunswick Ave,2,M5R,Duplex/Triplex/Fourplex,11,University-Rosedale
3431072,STR-2403-GWLPHV,251 Murray Ross Pkwy,,M3J,Single/Semi-detached House,7,Humber River-Black Creek
3431073,STR-2403-HDSPHW,31 Ranleigh Ave,3,M4N,Apartment,15,Don Valley West
3431074,STR-2403-FHWBHP,231 Fort York Blvd,719,M5V,Condominium,10,Spadina-Fort York
3431075,STR-2403-FRCBHQ,21 Iceboat Ter,1605,M5V,Condominium,10,Spadina-Fort York
3431076,STR-2403-GGQBHS,5 Council Cres,,M3J,Single/Semi-detached House,7,Humber River-Black Creek
3431077,STR-2403-GXCBHV,792 Davenport Rd,,M6G,Single/Semi-detached House,12,Toronto-St. Paul's
3431078,STR-2403-HFJBHW,18 Yonge St,1609,M5E,Condominium,10,Spadina-Fort York
3431079,STR-2403-HMQBHX,120 Spencer Ave,5,M6K,Apartment,4,Parkdale-High Park
3431080,STR-2403-HVWBHY,21 Sorauren Ave,101,M6R,Single/Semi-detached House,4,Parkdale-High Park
3431081,STR-2403-JDCBHZ,1000 King St W,18,M6K,Apartment,10,Spadina-Fort York
3431082,STR-2403-FRSPHQ,267 Homewood Ave,,M2R,Single/Semi-detached House,18,Willowdale
3431083,STR-2403-FYYPHR,194 Courcelette Rd,,M1N,Single/Semi-detached House,20,Scarborough Southwest
3431084,STR-2403-GHFPHS,8 Wellesley St E,602,M4Y,Condominium,13,Toronto Centre
3431085,STR-2403-GXSPHV,38 Grenville St,4008,M4Y,Condominium,13,Toronto Centre
3431086,STR-2403-HFYPHW,324 Mount Pleasant Rd,,M4T,Single/Semi-detached House,11,University-Rosedale
3431087,STR-2403-FKCBHP,2 Hathway Dr,Main,M1P,Single/Semi-detached House,21,Scarborough Centre
3431088,STR-2403-FZQBHR,52 Amberdale Dr,,M1P,Single/Semi-detached House,21,Scarborough Centre
3431089,STR-2403-GRCBHT,169 Jones Ave,10,M4M,Townhouse/ Row House,14,Toronto-Danforth
3431090,STR-2403-HGQBHW,45 Sunnylea Ave E,,M8Y,Single/Semi-detached House,3,Etobicoke-Lakeshore
3431091,STR-2403-HPWBHX,16A Resolution Cres,A,M2H,Single/Semi-detached House,17,Don Valley North
3431092,STR-2403-JFJBHZ,27 Rean Dr,601,M2K,Condominium,17,Don Valley North
3431093,STR-2403-FKSPHP,11 Murray Ave,Main,M1S,Single/Semi-detached House,23,Scarborough North
3431094,STR-2403-FSYPHQ,356 Riverdale Ave,,M4J,Single/Semi-detached House,14,Toronto-Danforth
3431095,STR-2403-GBFPHR,80 Western Battery Rd,223,M6K,Condominium,10,Spadina-Fort York
3431096,STR-2403-GJLPHS,10 Navy Wharf Crt,2810,M5V,Condominium,10,Spadina-Fort York
3431097,STR-2403-GRSPHT,33 Dundonald St,31B,M4Y,Single/Semi-detached House,13,Toronto Centre
3431098,STR-2403-GYYPHV,5 Sheppard Ave E,1918,M2N,Condominium,18,Willowdale
3431099,STR-2403-HXSPHY,3065 Weston Rd,,M9M,Single/Semi-detached House,7,Humber River-Black Creek
3431100,STR-2403-JFYPHZ,62 Carlaw Ave,,M4M,Single/Semi-detached House,14,Toronto-Danforth
3431101,STR-2403-GBWBHR,313 The Kingsway,2B,M9A,Apartment,2,Etobicoke Centre
3431102,STR-2403-GZQBHV,3 Fairview Blvd,,M4K,Single/Semi-detached House,14,Toronto-Danforth
3431103,STR-2403-HRCBHX,45 Enderby Rd,,M4E,Single/Semi-detached House,19,Beaches-East York
3431104,STR-2403-JGQBHZ,151 Dan Leckie Way,1511,M5V,Condominium,10,Spadina-Fort York
3431105,STR-2403-GCMVHS,30 Western Battery Rd,325,M6K,Townhouse/ Row House,10,Spadina-Fort York
3431106,STR-2403-GKTVHT,2 Kames Ave,B,M9N,Single/Semi-detached House,5,York South-Weston
3431107,STR-2403-HBGVHW,822 Sheppard Ave W,1,M3H,Apartment,6,York Centre
3431108,STR-2403-HRTVHY,151 Dan Leckie Way,805,M5V,Condominium,10,Spadina-Fort York
3431109,STR-2403-FMRHHQ,30 Fallingbrook Rd,,M1N,Single/Semi-detached House,20,Scarborough Southwest
3431110,STR-2403-GLKHHT,264A Beta St,,M8W,Single/Semi-detached House,3,Etobicoke-Lakeshore
3431111,STR-2403-GTRHHV,309 Churchill Ave,,M2R,Single/Semi-detached House,18,Willowdale
3431112,STR-2403-HKDHHX,1 Ernest Ave,,M6P,Single/Semi-detached House,9,Davenport
3431113,STR-2403-HZRHHZ,215 Lonsdale Rd,410,M4V,Condominium,12,Toronto-St. Paul's
3431114,STR-2403-FFZVHP,21 Iceboat Ter,1802,M5V,Condominium,10,Spadina-Fort York
3431115,STR-2403-FPGVHQ,2737 Kipling Ave,2002,M9V,Apartment,1,Etobicoke North
3431116,STR-2403-FWMVHR,21 Iceboat Ter,PH06,M5V,Condominium,10,Spadina-Fort York
3431117,STR-2403-GDTVHS,21 Lawren Harris Sq,1208,M5A,Condominium,13,Toronto Centre
3431118,STR-2403-GLZVHT,165 Byng Ave,,M1L,Single/Semi-detached House,20,Scarborough Southwest
3431119,STR-2403-GVGVHV,151 Dan Leckie Way,510,M5V,Condominium,10,Spadina-Fort York
3431120,STR-2403-HCMVHW,16 Davis Downs Pl,,M1E,Single/Semi-detached House,25,Scarborough-Rouge Park
3431121,STR-2403-HKTVHX,324 Lee Ave,,M4E,Single/Semi-detached House,19,Beaches-East York
3431122,STR-2403-HSZVHY,110 Beresford Ave,,M6S,Single/Semi-detached House,4,Parkdale-High Park
3431123,STR-2403-FGRHHP,280 Thirtieth St,,M8W,Single/Semi-detached House,3,Etobicoke-Lakeshore
3431124,STR-2403-FPXHHQ,21 Iceboat Ter,3810,M5V,Condominium,10,Spadina-Fort York
3431125,STR-2403-GFKHHS,295 Dufferin St,712,M6K,Apartment,10,Spadina-Fort York
3431126,STR-2403-GVXHHV,264 Markham St,Main,M6J,Single/Semi-detached House,11,University-Rosedale
3431127,STR-2403-HDDHHW,17 Gowan Ave,,M4K,Single/Semi-detached House,14,Toronto-Danforth
3431128,STR-2403-FHGVHP,30 Nelson St,3405,M5V,Condominium,10,Spadina-Fort York
3431129,STR-2403-FQMVHQ,1100 King St W,1305,M6K,Condominium,10,Spadina-Fort York
3431130,STR-2403-GFZVHS,2369 Danforth Ave,213,M4C,Condominium,19,Beaches-East York
3431131,STR-2403-GWMVHV,18 Yonge St,2013,M5E,Condominium,10,Spadina-Fort York
3431132,STR-2403-HLZVHX,321 Sherbourne St,404,M5A,Apartment,13,Toronto Centre
3431133,STR-2403-HVGVHY,17 Boston Ave,,M4M,Single/Semi-detached House,14,Toronto-Danforth
3431134,STR-2403-FHXHHP,209 Fort York Blvd,468,M5V,Condominium,10,Spadina-Fort York
3431135,STR-2403-FRDHHQ,55 Bremner Blvd,2403,M5J,Condominium,10,Spadina-Fort York
3431136,STR-2403-FYKHHR,300 Front St W,3911,M5V,Condominium,10,Spadina-Fort York
3431137,STR-2403-GXDHHV,184 Parkmount Rd,,M4J,Single/Semi-detached House,14,Toronto-Danforth
3431138,STR-2403-HFKHHW,19 Waringstown Dr,B,M1R,Single/Semi-detached House,21,Scarborough Centre
3431139,STR-2403-HMRHHX,251 Jarvis St,3906,M5B,Condominium,13,Toronto Centre
3431140,STR-2403-HVXHHY,65 Bremner Blvd,2011,M5J,Condominium,10,Spadina-Fort York
3431141,STR-2403-FJMVHP,72 Riverview Gdns,,M6S,Single/Semi-detached House,4,Parkdale-High Park
3431142,STR-2403-GQMVHT,85 Bloor St E,314,M4W,Condominium,11,University-Rosedale
3431143,STR-2403-GXTVHV,55 Bremner Blvd,2811,M5J,Condominium,10,Spadina-Fort York
3431144,STR-2403-HPGVHX,13 Orchid Crt,,M2L,Single/Semi-detached House,15,Don Valley West
3431145,STR-2403-HWMVHY,64 Lippincott St,,M5T,Single/Semi-detached House,11,University-Rosedale
3431146,STR-2403-FKDHHP,32 Carluke Cres,406,M2L,Apartment,15,Don Valley West
3431147,STR-2403-FSKHHQ,690 Gladstone Ave,1,M6H,Single/Semi-detached House,9,Davenport
3431148,STR-2403-FZRHHR,59 Blueberry Dr,,M1S,Single/Semi-detached House,23,Scarborough North
3431149,STR-2403-GHXHHS,2 Kingston Rd,16,M4L,Apartment,19,Beaches-East York
3431150,STR-2403-HGRHHW,1269 King St W,2,M6K,Duplex/Triplex/Fourplex,4,Parkdale-High Park
3431151,STR-2403-JFKHHZ,149 Yarmouth Rd,,M6G,Townhouse/ Row House,11,University-Rosedale
3431152,STR-2403-FSZVHQ,57 Willow Ave,,M4E,Single/Semi-detached House,19,Beaches-East York
3431153,STR-2403-GRTVHT,1000 St Clarens Ave,3,M6H,Townhouse/ Row House,9,Davenport
3431154,STR-2403-GYZVHV,460 Queens Quay W,304E,M5V,Condominium,10,Spadina-Fort York
3431155,STR-2403-HQMVHX,9 Selby St,Basement,M4Y,Townhouse/ Row House,13,Toronto Centre
3431156,STR-2403-HXTVHY,352 Front St W,1821,M5V,Condominium,10,Spadina-Fort York
3431157,STR-2403-FLKHHP,152 Gore Vale Ave,,M6J,Single/Semi-detached House,10,Spadina-Fort York
3431158,STR-2403-GKDHHS,17 Lyndhurst Crt,,M5R,Single/Semi-detached House,12,Toronto-St. Paul's
3431159,STR-2403-GSKHHT,143 Winnett Ave,,M6C,Single/Semi-detached House,12,Toronto-St. Paul's
3431160,STR-2403-HRDHHX,97 Edgecroft Rd,,M8Z,Single/Semi-detached House,3,Etobicoke-Lakeshore
3431161,STR-2403-HYKHHY,150 Spears St,,M6N,Single/Semi-detached House,5,York South-Weston
3431162,STR-2403-FDWBHP,21 Iceboat Ter,4006,M5V,Apartment,10,Spadina-Fort York
3431163,STR-2403-GCQBHS,1228 Victoria Park Ave,,M4B,Single/Semi-detached House,19,Beaches-East York
3431164,STR-2403-GKWBHT,33 Dundonald St,35A,M4Y,Single/Semi-detached House,13,Toronto Centre
3431165,STR-2403-GTCBHV,621 Grandview Way,,M2N,Townhouse/ Row House,18,Willowdale
3431166,STR-2403-HRWBHY,31 Granby St,B,M5B,Townhouse/ Row House,13,Toronto Centre
3431167,STR-2403-FFLPHP,251 Jarvis St,605,M5B,Condominium,13,Toronto Centre
3431168,STR-2403-GDFPHS,88 William Duncan Rd,,M3K,Townhouse/ Row House,6,York Centre
3431169,STR-2403-FGCBHP,10 Meath Rd,,M9W,Single/Semi-detached House,1,Etobicoke North
3431170,STR-2403-FWQBHR,228 Homewood Ave,,M2M,Single/Semi-detached House,18,Willowdale
3431171,STR-2403-GVJBHV,338 Berkeley St,,M5A,Single/Semi-detached House,13,Toronto Centre
3431172,STR-2403-HCQBHW,15 Sweeney Dr,,M4A,Single/Semi-detached House,16,Don Valley East
3431173,STR-2403-HKWBHX,2225 Queen St E,1,M4E,Apartment,19,Beaches-East York
3431174,STR-2403-HTCBHY,22 Grandview Ave,,M4K,Single/Semi-detached House,14,Toronto-Danforth
3431175,STR-2403-JBJBHZ,210 Victoria St,4012,M5B,Condominium,13,Toronto Centre
3431176,STR-2403-FGSPHP,151 Dan Leckie Way,958,M5V,Condominium,10,Spadina-Fort York
3431177,STR-2403-GFLPHS,368 Spring Garden Ave,,M2N,Single/Semi-detached House,18,Willowdale
3431178,STR-2403-GMSPHT,127 Greenlaw Ave,,M6H,Single/Semi-detached House,9,Davenport
3431179,STR-2403-JBYPHZ,36 Gladys Rd,,M1C,Single/Semi-detached House,25,Scarborough-Rouge Park
3431180,STR-2403-FHJBHP,300 Front St W,3310,M5V,Condominium,10,Spadina-Fort York
3431181,STR-2403-GPJBHT,6 Newington Cres,,M9C,Single/Semi-detached House,2,Etobicoke Centre
3431182,STR-2403-GWQBHV,55 Bremner Blvd,2504,M5J,Condominium,10,Spadina-Fort York
3431183,STR-2403-HVJBHY,65 Bremner Blvd,2302,M5J,Condominium,10,Spadina-Fort York
3431184,STR-2403-JCQBHZ,26 Exford Dr,Lower Unit,M1P,Single/Semi-detached House,21,Scarborough Centre
3431185,STR-2403-FHYPHP,12 York St,5001,M5J,Condominium,10,Spadina-Fort York
3431186,STR-2403-FRFPHQ,250 Wellington St W,434,M5V,Condominium,10,Spadina-Fort York
3431187,STR-2403-GGSPHS,13 Villa Rd,,M8W,Single/Semi-detached House,3,Etobicoke-Lakeshore
3431188,STR-2403-GPYPHT,18 Yonge St,903,M5E,Condominium,10,Spadina-Fort York
3431189,STR-2403-HFLPHW,402 King St E,A,M5A,Townhouse/ Row House,13,Toronto Centre
3431190,STR-2403-HVYPHY,46 Wildwood Cres,,M4L,Single/Semi-detached House,19,Beaches-East York
3431191,STR-2403-JDFPHZ,955 Bay St,2602,M5S,Condominium,13,Toronto Centre
3431192,STR-2403-FJQBHP,188 Cumberland St,2310,M5R,Condominium,11,University-Rosedale
3431193,STR-2403-FZCBHR,25 Lower Simcoe St,508,M5J,Condominium,10,Spadina-Fort York
3431194,STR-2403-GQQBHT,300 Front St W,1904,M5V,Condominium,10,Spadina-Fort York
3431195,STR-2403-GXWBHV,158 Wineva Ave,,M4E,Single/Semi-detached House,19,Beaches-East York
3431196,STR-2403-HWQBHY,636 Oakwood Ave,,M6E,Single/Semi-detached House,12,Toronto-St. Paul's
3431197,STR-2403-JDWBHZ,418 Delaware Ave,,M6H,Townhouse/ Row House,9,Davenport
3431198,STR-2403-FKFPHP,1 Clairtrell Rd,810,M2N,Condominium,18,Willowdale
3431199,STR-2403-FZSPHR,178 Hanna Rd,,M4G,Single/Semi-detached House,15,Don Valley West
3431200,STR-2403-GHYPHS,66 Orchard Park Blvd,,M4L,Single/Semi-detached House,19,Beaches-East York
3431201,STR-2403-GRFPHT,155 Yorkville Ave,2808,M5R,Condominium,11,University-Rosedale
3431202,STR-2403-GYLPHV,18 Yonge St,912,M5E,Condominium,10,Spadina-Fort York
3431203,STR-2403-HGSPHW,21 Iceboat Ter,222,M5V,Condominium,10,Spadina-Fort York
3431204,STR-2403-JFLPHZ,9 Kingsbridge Crt,101,M2R,Apartment,6,York Centre
3431205,STR-2403-FKWBHP,188 Cumberland St,1110,M5R,Condominium,11,University-Rosedale
3431206,STR-2403-FTCBHQ,87 Peter St,1006,M5V,Condominium,10,Spadina-Fort York
3431207,STR-2403-GBJBHR,55 Applefield Dr,,M1P,Single/Semi-detached House,21,Scarborough Centre
3431208,STR-2403-GJQBHS,921 Lansdowne Ave,,M6H,Single/Semi-detached House,9,Davenport
3431209,STR-2403-GRWBHT,12 York St,5106,M5J,Condominium,10,Spadina-Fort York
3431210,STR-2403-GZCBHV,39 Sherbourne St,704,M5A,Apartment,13,Toronto Centre
3431211,STR-2403-HHJBHW,832 Bay St,1005,M5S,Condominium,11,University-Rosedale
3431212,STR-2403-HHYPHW,151 Dan Leckie Way,819,M5V,Condominium,10,Spadina-Fort York
3431213,STR-2403-HRFPHX,4 Payzac Ave,,M1E,Single/Semi-detached House,24,Scarborough-Guildwood
3431214,STR-2403-FVKHHR,186 Humewood Dr,,M6C,Single/Semi-detached House,12,Toronto-St. Paul's
3431215,STR-2403-GCRHHS,300 Front St W,3610,M5V,Condominium,10,Spadina-Fort York
3431216,STR-2403-GKXHHT,21 Iceboat Ter,4803,M5V,Condominium,10,Spadina-Fort York
3431217,STR-2403-HBKHHW,286 Evelyn Ave,,M6P,Single/Semi-detached House,4,Parkdale-High Park
3431218,STR-2403-HJRHHX,21 Iceboat Ter,3503,M5V,Condominium,10,Spadina-Fort York
3431219,STR-2403-HZDHHZ,15 Brenthall Ave,7,M2R,Townhouse/ Row House,18,Willowdale
3431220,STR-2403-FFMVHP,83 Elmer Ave,2,M4L,Single/Semi-detached House,19,Beaches-East York
3431221,STR-2403-GDGVHS,560 Front St W,529,M5V,Condominium,10,Spadina-Fort York
3431222,STR-2403-GLMVHT,155 Yorkville Ave,3104,M5R,Condominium,11,University-Rosedale
3431223,STR-2403-HZTVHZ,700 Bathurst St,1,M5S,Duplex/Triplex/Fourplex,11,University-Rosedale
3431224,STR-2403-FGDHHP,300 Front St W,2314,M5V,Condominium,10,Spadina-Fort York
3431225,STR-2403-FWRHHR,215 Fort York Blvd,2205,M5V,Condominium,10,Spadina-Fort York
3431226,STR-2403-GDXHHS,91 Charleswood Dr,,M3H,Single/Semi-detached House,6,York Centre
3431227,STR-2403-GMDHHT,85 Bloor St E,1601,M4W,Condominium,11,University-Rosedale
3431228,STR-2403-HCRHHW,163 Dan Leckie Way,,M5V,Townhouse/ Row House,10,Spadina-Fort York
3431229,STR-2403-HKXHHX,23 Miranda Ave,,M6E,Duplex/Triplex/Fourplex,8,Eglinton-Lawrence
3431230,STR-2403-FGTVHP,252 Delaware Ave,,M6H,Single/Semi-detached House,9,Davenport
3431231,STR-2403-FPZVHQ,66 Amelia St,2,M4X,Apartment,13,Toronto Centre
3431232,STR-2403-FXGVHR,38 Whittaker Cres,,M2K,Single/Semi-detached House,17,Don Valley North
3431233,STR-2403-GFMVHS,232 Kingslake Rd,,M2J,Single/Semi-detached House,17,Don Valley North
3431234,STR-2403-GMTVHT,44 Draycott Dr,,M4A,Single/Semi-detached House,16,Don Valley East
3431235,STR-2403-GVZVHV,24 Avis Cres,,M4B,Single/Semi-detached House,19,Beaches-East York
3431236,STR-2403-HDGVHW,120 Harrison Garden Blvd,1704,M2N,Condominium,18,Willowdale
3431237,STR-2403-HTTVHY,20 Orchid Place Dr,613,M1B,Condominium,23,Scarborough North
3431238,STR-2403-JBZVHZ,564 Sherbourne St,3,M4X,Duplex/Triplex/Fourplex,13,Toronto Centre
3431239,STR-2403-FHKHHP,15 Wedgewood Dr,,M2M,Single/Semi-detached House,18,Willowdale
3431240,STR-2403-FQRHHQ,32 Widdicombe Hill,,M9R,Single/Semi-detached House,2,Etobicoke Centre
3431241,STR-2403-GGDHHS,250 St George St,701,M5R,Apartment,11,University-Rosedale
3431242,STR-2403-GWRHHV,133 Cowan Ave,Main Floor,M6K,Duplex/Triplex/Fourplex,4,Parkdale-High Park
3431243,STR-2403-HDXHHW,10 Craigton Dr,29,M1L,Apartment,21,Scarborough Centre
3431244,STR-2403-JCRHHZ,209 Fort York Blvd,280,M5V,Condominium,10,Spadina-Fort York
3431245,STR-2403-HMTVHX,1497 Wilson Ave,305,M3M,Apartment,6,York Centre
3431246,STR-2403-FJRHHP,55 Maitland St,1213,M4Y,Apartment,13,Toronto Centre
3431247,STR-2403-FRXHHQ,726 Lansdowne Ave,Main,M6H,Duplex/Triplex/Fourplex,9,Davenport
3431248,STR-2403-FZDHHR,78 Baby Point Rd,,M6S,Single/Semi-detached House,4,Parkdale-High Park
3431249,STR-2403-GHKHHS,122 Scarboro Ave,,M1C,Single/Semi-detached House,25,Scarborough-Rouge Park
3431250,STR-2403-GQRHHT,251 Bartlett Ave,,M6H,Single/Semi-detached House,9,Davenport
3431251,STR-2403-GXXHHV,192 Browning Ave,BSMT,M4K,Duplex/Triplex/Fourplex,14,Toronto-Danforth
3431252,STR-2403-HGDHHW,2737 Kipling Ave,512,M9V,Apartment,1,Etobicoke North
3431253,STR-2403-HWRHHY,42 Sproat Ave,,M4M,Single/Semi-detached House,14,Toronto-Danforth
3431254,STR-2403-JDXHHZ,251 Jarvis St,802,M5B,Condominium,13,Toronto Centre
3431255,STR-2403-FKGVHP,30 Harrison Garden Blvd,1901,M2N,Condominium,18,Willowdale
3431256,STR-2403-FZTVHR,45A Melville Ave,Main,M6G,Single/Semi-detached House,11,University-Rosedale
3431257,STR-2403-GHZVHS,14 Clarence Sq,1,M5V,Duplex/Triplex/Fourplex,10,Spadina-Fort York
3431258,STR-2403-GRGVHT,21 Huntsmill Blvd,,M1W,Townhouse/ Row House,22,Scarborough-Agincourt
3431259,STR-2403-GYMVHV,188 Cumberland St,2502,M5R,Condominium,11,University-Rosedale
3431260,STR-2403-HGTVHW,52 Empress Ave,,M2N,Single/Semi-detached House,18,Willowdale
3431261,STR-2403-HPZVHX,209 Fort York Blvd,572,M5V,Condominium,10,Spadina-Fort York
3431262,STR-2403-HXGVHY,208 Queens Quay W,312,M5J,Condominium,10,Spadina-Fort York
3431263,STR-2403-JFMVHZ,22 Yorkleigh Ave,,M9P,Single/Semi-detached House,2,Etobicoke Centre
3431264,STR-2403-GBKHHR,166 Wilson Ave,317,M5M,Apartment,8,Eglinton-Lawrence
3431265,STR-2403-GJRHHS,215 Fort York Blvd,2402,M5V,Condominium,10,Spadina-Fort York
3431266,STR-2403-GVLPHV,61 Dane Ave,BSMT,M6A,Single/Semi-detached House,8,Eglinton-Lawrence
3431267,STR-2403-GRXHHT,155 Yorkville Ave,2816,M5R,Condominium,11,University-Rosedale
3431268,STR-2403-HHKHHW,251 Jarvis St,528,M5B,Condominium,13,Toronto Centre
3431269,STR-2403-HXXHHY,251 Jarvis St,3803,M5B,Condominium,13,Toronto Centre
3431270,STR-2403-JGDHHZ,1535 Islington Ave,,M9A,Single/Semi-detached House,2,Etobicoke Centre
3431271,STR-2403-FTTVHQ,81 Blackwell Ave,3,M1B,Townhouse/ Row House,23,Scarborough North
3431272,STR-2403-GBZVHR,12 York St,711,M5J,Apartment,10,Spadina-Fort York
3431273,STR-2403-JGTVHZ,205 Morningside Ave,507,M1E,Apartment,25,Scarborough-Rouge Park
3431274,STR-2403-FMFPHQ,30 Bald Eagle Ave,,M1B,Single/Semi-detached House,25,Scarborough-Rouge Park
3431275,STR-2403-FVLPHR,203 Markham St,Main,M6J,Single/Semi-detached House,11,University-Rosedale
3431276,STR-2403-GCSPHS,223 Beech Ave,,M4E,Single/Semi-detached House,19,Beaches-East York
3431277,STR-2403-GKYPHT,369 Shuter St,,M5A,Townhouse/ Row House,13,Toronto Centre
3431278,STR-2403-GTFPHV,30 Western Battery Rd,303,M6K,Townhouse/ Row House,10,Spadina-Fort York
3431279,STR-2403-HBLPHW,14 Hillary Ave,,M6N,Single/Semi-detached House,5,York South-Weston
3431280,STR-2403-HJSPHX,294 Salem Ave,,M6H,Single/Semi-detached House,9,Davenport
3431281,STR-2403-HRYPHY,101 Peter St,717,M5V,Condominium,10,Spadina-Fort York
3431282,STR-2403-FFQBHP,1 Bellefontaine St,Basement,M1S,Single/Semi-detached House,22,Scarborough-Agincourt
3431283,STR-2403-FWCBHR,231 Fort York Blvd,639,M5V,Condominium,10,Spadina-Fort York
3431284,STR-2403-GLQBHT,125 Village Green Sq,3705,M1S,Condominium,22,Scarborough-Agincourt
3431285,STR-2403-GTWBHV,155 Yorkville Ave,2620,M5R,Condominium,11,University-Rosedale
3431286,STR-2403-HZWBHZ,30 Jopling Ave N,,M9B,Single/Semi-detached House,2,Etobicoke Centre
3431287,STR-2403-FGFPHP,144 Glebemount Ave,,M4C,Single/Semi-detached House,19,Beaches-East York
3431288,STR-2403-FPLPHQ,15 Albemarle Ave,,M4K,Single/Semi-detached House,14,Toronto-Danforth
3431289,STR-2403-GMFPHT,300 Front St W,3105,M5V,Condominium,10,Spadina-Fort York
3431290,STR-2403-HCSPHW,237 St John's Rd,,M6P,Single/Semi-detached House,4,Parkdale-High Park
3431291,STR-2403-HTFPHY,148 Catalina Dr,,M1E,Single/Semi-detached House,24,Scarborough-Guildwood
3431292,STR-2403-JBLPHZ,972 Bathurst St,4,M5R,Apartment,11,University-Rosedale
3431293,STR-2403-FQCBHQ,300 Front St W,2403,M5V,Condominium,10,Spadina-Fort York
3431294,STR-2403-FXJBHR,118 Tyndall Ave,807,M6K,Apartment,4,Parkdale-High Park
3431295,STR-2403-GMWBHT,155 Yorkville Ave,509,M5R,Condominium,11,University-Rosedale
3431296,STR-2403-JCCBHZ,21 Iceboat Ter,2907,M5V,Apartment,10,Spadina-Fort York
3431297,STR-2403-FQSPHQ,300 Front St W,2214,M5V,Condominium,10,Spadina-Fort York
3431298,STR-2403-GGFPHS,30 Nelson St,1102,M5V,Condominium,10,Spadina-Fort York
3431299,STR-2403-GPLPHT,16 Yonge St,1301,M5E,Condominium,10,Spadina-Fort York
3431300,STR-2403-GWSPHV,151 Dan Leckie Way,839,M5V,Condominium,10,Spadina-Fort York
3431301,STR-2403-HMFPHX,21 Iceboat Ter,2011,M5V,Condominium,10,Spadina-Fort York
3431302,STR-2403-HVLPHY,77 Avenue Rd,403,M5R,Condominium,11,University-Rosedale
3431303,STR-2403-FRJBHQ,151 Dan Leckie Way,1051,M5V,Condominium,10,Spadina-Fort York
3431304,STR-2403-FYQBHR,300 Front St W,4311,M5V,Condominium,10,Spadina-Fort York
3431305,STR-2403-GGWBHS,21 Iceboat Ter,3111,M5V,Condominium,10,Spadina-Fort York
3431306,STR-2403-GQCBHT,151 Dan Leckie Way,506,M5V,Condominium,10,Spadina-Fort York
3431307,STR-2403-GXJBHV,19 Abitibi Ave,,M2M,Single/Semi-detached House,18,Willowdale
3431308,STR-2403-HFQBHW,151 Dan Leckie Way,656,M5V,Condominium,10,Spadina-Fort York
3431309,STR-2403-JDJBHZ,15 Iceboat Ter,1503,M5V,Condominium,10,Spadina-Fort York
3431310,STR-2403-FJSPHP,9D Woodfield Rd,,M4L,Townhouse/ Row House,14,Toronto-Danforth
3431311,STR-2403-FRYPHQ,33 Caswell Dr,,M2M,Single/Semi-detached House,18,Willowdale
3431312,STR-2403-FZFPHR,46 Russell St,,M5S,Single/Semi-detached House,11,University-Rosedale
3431313,STR-2403-GHLPHS,331 Trudelle St,31,M1J,Townhouse/ Row House,21,Scarborough Centre
3431314,STR-2403-GXYPHV,1591 Dufferin St,Upper,M6H,Duplex/Triplex/Fourplex,9,Davenport
3431315,STR-2403-HPLPHX,19 English Garden Way,,M2M,Townhouse/ Row House,18,Willowdale
3431316,STR-2403-HWSPHY,300 Front St W,2814,M5V,Condominium,10,Spadina-Fort York
3431317,STR-2403-JDYPHZ,16 Rolyat St,,M6J,Single/Semi-detached House,10,Spadina-Fort York
3431318,STR-2403-FKJBHP,669 Eglinton Ave E,,M4G,Single/Semi-detached House,15,Don Valley West
3431319,STR-2403-FSQBHQ,336 Davenport Rd,102,M5R,Condominium,11,University-Rosedale
3431320,STR-2403-GJCBHS,4875 Dundas St W,501,M9A,Apartment,3,Etobicoke-Lakeshore
3431321,STR-2403-GRJBHT,62 Fernwood Park Ave,,M4E,Single/Semi-detached House,19,Beaches-East York
3431322,STR-2403-GYQBHV,47 Wright Ave,,M6R,Single/Semi-detached House,4,Parkdale-High Park
3431323,STR-2403-HGWBHW,172 Pacific Ave,,M6P,Single/Semi-detached House,4,Parkdale-High Park
3431324,STR-2403-HQCBHX,155 Yorkville Ave,1620,M5R,Condominium,11,University-Rosedale
3431325,STR-2403-JFQBHZ,210 Victoria St,3904,M5B,Apartment,13,Toronto Centre
3431326,STR-2403-FTFPHQ,314 Cosburn Ave,,M4J,Single/Semi-detached House,14,Toronto-Danforth
3431327,STR-2403-GJSPHS,1012 Kipling Ave,,M9B,Single/Semi-detached House,2,Etobicoke Centre
3431328,STR-2403-GRYPHT,20 Cameron St,,M5T,Single/Semi-detached House,10,Spadina-Fort York
3431329,STR-2403-GZFPHV,282 Beta St,,M8W,Single/Semi-detached House,3,Etobicoke-Lakeshore
3431330,STR-2403-HHLPHW,2 Anndale Dr,2505,M2N,Condominium,18,Willowdale
3431331,STR-2403-HQSPHX,9 Corner Lane,,M1K,Townhouse/ Row House,21,Scarborough Centre
3431332,STR-2403-HXYPHY,50 Wellesley St E,705,M4Y,Apartment,13,Toronto Centre
3431333,STR-2403-JGFPHZ,14 York St,5806,M5J,Condominium,10,Spadina-Fort York
3431334,STR-2403-FLQBHP,62 Briarscross Blvd,,M1S,Single/Semi-detached House,23,Scarborough North
3431335,STR-2403-FTWBHQ,36 Via Bagnato,738,M6A,Condominium,8,Eglinton-Lawrence
3431336,STR-2403-GCCBHR,2221 Yonge St,1905,M4S,Condominium,12,Toronto-St. Paul's
3431337,STR-2403-GKJBHS,16 Birchmount Rd,,M1N,Single/Semi-detached House,20,Scarborough Southwest
3431338,STR-2403-GSQBHT,166 Elmwood Ave,,M2N,Single/Semi-detached House,18,Willowdale
3431339,STR-2404-HJCBHW,334 Delaware Ave,,M6H,Single/Semi-detached House,9,Davenport
3431340,STR-2404-HRJBHX,160 Three Valleys Dr,,M3A,Single/Semi-detached House,16,Don Valley East
3431341,STR-2404-HYQBHY,209 Fort York Blvd,1063,M5V,Condominium,10,Spadina-Fort York
3431342,STR-2404-JGWBHZ,14 York St,4806,M5J,Condominium,10,Spadina-Fort York
3431343,STR-2404-FDZVHP,126 Euclid Ave,,M6J,Townhouse/ Row House,10,Spadina-Fort York
3431344,STR-2404-GCTVHS,12 Cavehill Cres,,M1R,Single/Semi-detached House,21,Scarborough Centre
3431345,STR-2404-GTGVHV,21 Iceboat Ter,925,M5V,Apartment,10,Spadina-Fort York
3431346,STR-2404-HBMVHW,256 Parliament St,,M5A,Single/Semi-detached House,13,Toronto Centre
3431347,STR-2404-HRZVHY,155 Yorkville Ave,1614,M5R,Condominium,11,University-Rosedale
3431348,STR-2404-HZGVHZ,661 Old Weston Rd,,M6N,Single/Semi-detached House,9,Davenport
3431349,STR-2404-FFRHHP,251 Jarvis St,2610,M5B,Condominium,13,Toronto Centre
3431350,STR-2404-FMXHHQ,251 Jarvis St,1708,M5B,Condominium,13,Toronto Centre
3431351,STR-2404-FWDHHR,27 Gore Vale Ave,,M6J,Single/Semi-detached House,10,Spadina-Fort York
3431352,STR-2404-GDKHHS,96 William Duncan Rd,,M3K,Townhouse/ Row House,6,York Centre
3431353,STR-2404-GLRHHT,115A Harrison St,,M6J,Townhouse/ Row House,9,Davenport
3431354,STR-2404-HCDHHW,8 Wellesley St E,603,M4Y,Condominium,13,Toronto Centre
3431355,STR-2404-HSRHHY,1139 College St,304,M6H,Apartment,9,Davenport
3431356,STR-2404-FGGVHP,21 Iceboat Ter,3907,M5V,Condominium,10,Spadina-Fort York
3431357,STR-2404-FPMVHQ,165 Symington Ave,,M6P,Single/Semi-detached House,9,Davenport
3431358,STR-2404-FWTVHR,59 Shendale Dr,,M9W,Single/Semi-detached House,1,Etobicoke North
3431359,STR-2404-GMGVHT,293 Harbord St,Main Floor,M6G,Duplex/Triplex/Fourplex,11,University-Rosedale
3431360,STR-2404-JBMVHZ,38 Grenville St,2601,M4Y,Condominium,13,Toronto Centre
3431361,STR-2404-FGXHHP,244 Gerrard St E,103,M5A,Townhouse/ Row House,13,Toronto Centre
3431362,STR-2404-GMXHHT,101 Peter St,701,M5V,Condominium,10,Spadina-Fort York
3431363,STR-2404-HLRHHX,5 Densmore Ave,,M9W,Single/Semi-detached House,1,Etobicoke North
3431364,STR-2404-FHMVHP,12 York St,4708,M5J,Condominium,10,Spadina-Fort York
3431365,STR-2404-FXZVHR,41 Stanhope Ave,,M4K,Single/Semi-detached House,14,Toronto-Danforth
3431366,STR-2404-GPMVHT,17 Pembroke St,38,M5A,Apartment,13,Toronto Centre
3431367,STR-2404-HVMVHY,16 Yonge St,3006,M5E,Condominium,10,Spadina-Fort York
3431368,STR-2404-JCTVHZ,2 Sheridan Ave,,M6K,Single/Semi-detached House,9,Davenport
3431369,STR-2404-FYRHHR,199 Richmond St W,819,M5V,Condominium,10,Spadina-Fort York
3431370,STR-2404-GGXHHS,300 Front St W,4313,M5V,Apartment,10,Spadina-Fort York
3431371,STR-2404-GQDHHT,1 Janus Crt,,M2H,Single/Semi-detached House,17,Don Valley North
3431372,STR-2404-HFRHHW,185 Glenholme Ave,,M6E,Duplex/Triplex/Fourplex,9,Davenport
3431373,STR-2404-HMXHHX,116 Harding Blvd,Main,M1N,Single/Semi-detached House,20,Scarborough Southwest
3431374,STR-2404-HWDHHY,300 Front St W,3107,M5V,Condominium,10,Spadina-Fort York
3431375,STR-2404-JDKHHZ,133 Lauder Ave,1,M6H,Single/Semi-detached House,9,Davenport
3431376,STR-2404-FRZVHQ,14 York St,1708,M5J,Condominium,10,Spadina-Fort York
3431377,STR-2404-GHMVHS,2 Eva Rd,PH23,M9C,Condominium,2,Etobicoke Centre
3431378,STR-2404-GXZVHV,26 Pape Ave,,M4M,Single/Semi-detached House,14,Toronto-Danforth
3431379,STR-2404-HGGVHW,251 Jarvis St,1735,M5B,Condominium,13,Toronto Centre
3431380,STR-2404-HWTVHY,993 Queen St W,303,M6J,Condominium,10,Spadina-Fort York
3431381,STR-2404-JDZVHZ,55 Homestead Rd,,M1E,Single/Semi-detached House,25,Scarborough-Rouge Park
3431382,STR-2404-GJDHHS,101 Peter St,3003,M5V,Condominium,10,Spadina-Fort York
3431383,STR-2404-HGXHHW,69 Lynn Williams St,1211,M6K,Condominium,10,Spadina-Fort York
3431384,STR-2404-HQDHHX,120 Jameson Ave,712,M6K,Apartment,4,Parkdale-High Park
3431385,STR-2404-HXKHHY,21 Iceboat Ter,1803,M5V,Condominium,10,Spadina-Fort York
3431386,STR-2404-FKZVHP,31 Major St,Upper,M5S,Duplex/Triplex/Fourplex,11,University-Rosedale
3431387,STR-2404-GRZVHT,8 Charlotte St,2707,M5V,Condominium,10,Spadina-Fort York
3431388,STR-2404-GZGVHV,309 Crawford St,BSMT,M6J,Duplex/Triplex/Fourplex,11,University-Rosedale
3431389,STR-2404-HQTVHX,429 Shuter St,,M5A,Townhouse/ Row House,13,Toronto Centre
3431390,STR-2404-HXZVHY,158 Galley Ave,,M6R,Single/Semi-detached House,4,Parkdale-High Park
3431391,STR-2404-FLRHHP,701 King St W,605,M5V,Condominium,10,Spadina-Fort York
3431392,STR-2404-FTXHHQ,185 Legion Rd N,2306,M8Y,Condominium,3,Etobicoke-Lakeshore
3431393,STR-2404-GCDHHR,1787 St Clair Ave W,521,M6N,Condominium,9,Davenport
3431394,STR-2404-GSRHHT,20 John St,319,M5V,Condominium,10,Spadina-Fort York
3431395,STR-2404-GZXHHV,400 Adelaide St E,2303,M5A,Apartment,13,Toronto Centre
3431396,STR-2404-HJDHHW,14 York St,406,M5J,Condominium,10,Spadina-Fort York
3431397,STR-2404-HRKHHX,155 Yorkville Ave,1503,M5R,Condominium,11,University-Rosedale
3431398,STR-2404-FFCBHP,300 Front St W,1102,M5V,Condominium,10,Spadina-Fort York
3431399,STR-2404-FVQBHR,30 Nelson St,3209,M5V,Condominium,10,Spadina-Fort York
3431400,STR-2404-GCWBHS,17 Richmond Park Blvd,,M1V,Single/Semi-detached House,23,Scarborough North
3431401,STR-2404-GLCBHT,101 Peter St,2112,M5V,Condominium,10,Spadina-Fort York
3431402,STR-2404-HBQBHW,32 Waterbeach Cres,,M9W,Single/Semi-detached House,1,Etobicoke North
3431403,STR-2404-HJWBHX,35 Major St,2,M5S,Duplex/Triplex/Fourplex,11,University-Rosedale
3431404,STR-2404-HSCBHY,55 Bremner Blvd,4909,M5J,Condominium,10,Spadina-Fort York
3431405,STR-2404-HZJBHZ,40 Mintwood Dr,,M2M,Single/Semi-detached House,17,Don Valley North
3431406,STR-2404-FFSPHP,64 Ladner Dr,,M2J,Single/Semi-detached House,17,Don Valley North
3431407,STR-2404-FMYPHQ,10 Mimico Ave,,M8V,Single/Semi-detached House,3,Etobicoke-Lakeshore
3431408,STR-2404-FWFPHR,352 Front St W,1022,M5V,Condominium,10,Spadina-Fort York
3431409,STR-2404-GDLPHS,9 Humewood Dr,22,M6C,Apartment,12,Toronto-St. Paul's
3431410,STR-2404-GTYPHV,209 Fort York Blvd,357,M5V,Condominium,10,Spadina-Fort York
3431411,STR-2404-HCFPHW,16 Burritt Rd,,M1R,Single/Semi-detached House,21,Scarborough Centre
3431412,STR-2404-HZYPHZ,208 Leslie St,,M4M,Single/Semi-detached House,14,Toronto-Danforth
3431413,STR-2404-FGJBHP,88 Redpath Ave,608,M4S,Apartment,12,Toronto-St. Paul's
3431414,STR-2404-FPQBHQ,161 Thirteenth St,10,M8V,Townhouse/ Row House,3,Etobicoke-Lakeshore
3431415,STR-2404-FWWBHR,32 Sun Valley Dr,,M6S,Single/Semi-detached House,4,Parkdale-High Park
3431416,STR-2404-GFCBHS,151 Dan Leckie Way,556,M5V,Condominium,10,Spadina-Fort York
3431417,STR-2404-GMJBHT,96 Judge Rd,,M8Z,Single/Semi-detached House,3,Etobicoke-Lakeshore
3431418,STR-2404-HTJBHY,29B Beechwood Dr,,M4K,Single/Semi-detached House,14,Toronto-Danforth
3431419,STR-2404-FQFPHQ,25 Havelock St,Main,M6H,Single/Semi-detached House,9,Davenport
3431420,STR-2404-FXLPHR,155 Yorkville Ave,2203,M5R,Condominium,11,University-Rosedale
3431421,STR-2404-GFSPHS,12 York St,4508,M5J,Condominium,10,Spadina-Fort York
3431422,STR-2404-HLSPHX,33 Dundonald St,31A,M4Y,Single/Semi-detached House,13,Toronto Centre
3431423,STR-2404-GGJBHS,90 Warren Rd,107,M4V,Apartment,12,Toronto-St. Paul's
3431424,STR-2404-GPQBHT,21 Iceboat Ter,4508,M5V,Condominium,10,Spadina-Fort York
3431425,STR-2404-GWWBHV,12 Pannahill Rd,,M3H,Single/Semi-detached House,6,York Centre
3431426,STR-2404-HMJBHX,50 Boustead Ave,,M6R,Single/Semi-detached House,4,Parkdale-High Park
3431427,STR-2404-HVQBHY,553 Euclid Ave,2,M6G,Duplex/Triplex/Fourplex,11,University-Rosedale
3431428,STR-2404-JCWBHZ,251 Jarvis St,4102,M5B,Condominium,13,Toronto Centre
3431429,STR-2404-FJFPHP,22 Mintwood Dr,,M2M,Single/Semi-detached House,17,Don Valley North
3431430,STR-2404-FYSPHR,300 Front St W,4213,M5V,Condominium,10,Spadina-Fort York
3431431,STR-2404-GGYPHS,591 Cummer Ave,,M2K,Single/Semi-detached House,17,Don Valley North
3431432,STR-2404-GQFPHT,181 Huron St,402,M5T,Condominium,11,University-Rosedale
3431433,STR-2404-HFSPHW,211 Andona Cres,,M1C,Single/Semi-detached House,25,Scarborough-Rouge Park
3431434,STR-2404-JDLPHZ,34 Iangrove Ter,,M1W,Single/Semi-detached House,22,Scarborough-Agincourt
3431435,STR-2404-FJWBHP,219 Fort York Blvd,721,M5V,Condominium,10,Spadina-Fort York
3431436,STR-2404-HGJBHW,915 King St W,108,M6K,Condominium,10,Spadina-Fort York
3431437,STR-2404-HPQBHX,22 Kiskadee Dr,,M9V,Single/Semi-detached House,1,Etobicoke North
3431438,STR-2404-HWWBHY,412 Delaware Ave,2,M6H,Duplex/Triplex/Fourplex,9,Davenport
3431439,STR-2405-HRXKVY,39 Thome Cres,,M6H,Single/Semi-detached House,9,Davenport
3431440,STR-2404-FSSPHQ,10 Navy Wharf Crt,309,M5V,Condominium,10,Spadina-Fort York
3431441,STR-2404-FZYPHR,30 Roden Place,,M5R,Single/Semi-detached House,11,University-Rosedale
3431442,STR-2404-GJFPHS,1840 Victoria Park Ave,1006,M1R,Apartment,16,Don Valley East
3431443,STR-2404-GRLPHT,41 McAdam Ave,,M6A,Single/Semi-detached House,8,Eglinton-Lawrence
3431444,STR-2404-GYSPHV,560 Front St W,224,M5V,Condominium,10,Spadina-Fort York
3431445,STR-2404-HGYPHW,219 Fort York Blvd,505,M5V,Condominium,10,Spadina-Fort York
3431446,STR-2404-HXLPHY,116 York Downs Dr,,M3H,Single/Semi-detached House,6,York Centre
3431447,STR-2404-JFSPHZ,263 Woodfield Rd,,M4L,Single/Semi-detached House,14,Toronto-Danforth
3431448,STR-2404-FLCBHP,21 Iceboat Ter,2309,M5V,Condominium,10,Spadina-Fort York
3431449,STR-2404-GBQBHR,727 Rhodes Ave,,M4J,Single/Semi-detached House,14,Toronto-Danforth
3431450,STR-2404-GJWBHS,300 Front St W,504,M5V,Condominium,10,Spadina-Fort York
3431451,STR-2404-GSCBHT,41 Churchill Ave,,M6J,Single/Semi-detached House,9,Davenport
3431452,STR-2404-HHQBHW,52 Malta St,,M1N,Single/Semi-detached House,20,Scarborough Southwest
3431453,STR-2404-HQWBHX,2 Laurel Gt,,M9B,Single/Semi-detached House,2,Etobicoke Centre
3431454,STR-2404-JGJBHZ,30 Baseball Pl,721,M4M,Condominium,14,Toronto-Danforth
3431455,STR-2404-GCFPHR,22 Bright St,,M5A,Townhouse/ Row House,13,Toronto Centre
3431456,STR-2404-GSSPHT,335 St Clair Ave E,,M4T,Single/Semi-detached House,11,University-Rosedale
3431457,STR-2404-GZYPHV,453 Soudan Ave,BSMT,M4S,Single/Semi-detached House,15,Don Valley West
3431458,STR-2404-HJFPHW,851 Sheppard Ave W,8,M3H,Condominium,6,York Centre
3431459,STR-2404-HRLPHX,101 Peter St,3002,M5V,Condominium,10,Spadina-Fort York
3431460,STR-2404-JGYPHZ,124 Argyle St,Upper Level,M6J,Single/Semi-detached House,10,Spadina-Fort York
3431461,STR-2404-FMKHHQ,10 Redwood Ave,A,M4L,Duplex/Triplex/Fourplex,14,Toronto-Danforth
3431462,STR-2404-GCXHHS,210 Victoria St,3512,M5B,Condominium,13,Toronto Centre
3431463,STR-2404-HBRHHW,12 York St,1001,M5J,Condominium,10,Spadina-Fort York
3431464,STR-2404-HSDHHY,62 Hillside Dr,,M4K,Single/Semi-detached House,14,Toronto-Danforth
3431465,STR-2404-HZKHHZ,180 Sorauren Ave,,M6R,Single/Semi-detached House,4,Parkdale-High Park
3431466,STR-2404-FMZVHQ,797 Pape Ave,Main,M4K,Duplex/Triplex/Fourplex,14,Toronto-Danforth
3431467,STR-2404-FWGVHR,14 York St,3009,M5J,Condominium,10,Spadina-Fort York
3431468,STR-2404-GLTVHT,31 Galley Ave,B,M6R,Single/Semi-detached House,4,Parkdale-High Park
3431469,STR-2404-GTZVHV,10 Willison Sq,205,M5T,Condominium,10,Spadina-Fort York
3431470,STR-2404-HCGVHW,21 Iceboat Ter,1911,M5V,Condominium,10,Spadina-Fort York
3431471,STR-2404-HKMVHX,444 Markham St,1,M6G,Single/Semi-detached House,11,University-Rosedale
3431472,STR-2404-HSTVHY,300 Front St W,1605,M5V,Condominium,10,Spadina-Fort York
3431473,STR-2404-HZZVHZ,1239 Dundas St W,307,M6J,Condominium,10,Spadina-Fort York
3431474,STR-2404-FPRHHQ,10 Willison Sq,PH03,M5T,Condominium,10,Spadina-Fort York
3431475,STR-2404-GFDHHS,101 Peter St,711,M5V,Condominium,10,Spadina-Fort York
3431476,STR-2404-GMKHHT,219 Fort York Blvd,2001,M5V,Condominium,10,Spadina-Fort York
3431477,STR-2404-GVRHHV,21 Iceboat Ter,3309,M5V,Condominium,10,Spadina-Fort York
3431478,STR-2404-HCXHHW,101 Peter St,710,M5V,Condominium,10,Spadina-Fort York
3431479,STR-2404-HLDHHX,101 Peter St,1606,M5V,Condominium,10,Spadina-Fort York
3431480,STR-2404-HTKHHY,55 Bremner Blvd,4301,M5J,Condominium,10,Spadina-Fort York
3431481,STR-2404-JBRHHZ,182 Rankin Cres,,M6P,Single/Semi-detached House,9,Davenport
3431482,STR-2404-GFTVHS,861 Sheppard Avenue West,AP22,M3H,Townhouse/ Row House,6,York Centre
3431483,STR-2404-GMZVHT,532 Merton St,,M4S,Single/Semi-detached House,15,Don Valley West
3431484,STR-2404-JCGVHZ,144 Castlewood Rd,,M5N,Single/Semi-detached House,8,Eglinton-Lawrence
3431485,STR-2404-FQXHHQ,220 Atlas Ave,,M6C,Single/Semi-detached House,12,Toronto-St. Paul's
3431486,STR-2404-FYDHHR,124 New Forest Sq,,M1V,Single/Semi-detached House,22,Scarborough-Agincourt
3431487,STR-2404-GGKHHS,832 Bay St,4602,M5S,Apartment,11,University-Rosedale
3431488,STR-2404-GPRHHT,89 Byng Ave,,M1L,Single/Semi-detached House,20,Scarborough Southwest
3431489,STR-2404-GWXHHV,300 Front St W,3903,M5V,Condominium,10,Spadina-Fort York
3431490,STR-2404-HFDHHW,20 John St,721,M5V,Condominium,10,Spadina-Fort York
3431491,STR-2404-HMKHHX,65 Bremner Blvd,3110,M5J,Condominium,10,Spadina-Fort York
3431492,STR-2404-HVRHHY,21 Iceboat Ter,3603,M5V,Condominium,10,Spadina-Fort York
3431493,STR-2404-JCXHHZ,93 Sheridan Ave,,M6K,Single/Semi-detached House,9,Davenport
3431494,STR-2404-FJGVHP,3 Butterfield Dr,,M3A,Single/Semi-detached House,16,Don Valley East
3431495,STR-2404-FRMVHQ,158 Westview Blvd,,M4B,Single/Semi-detached House,19,Beaches-East York
3431496,STR-2404-GQGVHT,215 Fort York Blvd,2907,M5V,Condominium,10,Spadina-Fort York
3431497,STR-2404-GXMVHV,1 Ferncliff Crt,,M4B,Single/Semi-detached House,19,Beaches-East York
3431498,STR-2404-HFTVHW,58 Seymour Ave,,M4J,Single/Semi-detached House,14,Toronto-Danforth
3431499,STR-2404-HMZVHX,4725 Sheppard Ave E,1009,M1S,Condominium,23,Scarborough North
3431500,STR-2404-HWGVHY,32A Fernbank Ave,,M6H,Single/Semi-detached House,9,Davenport
3431501,STR-2404-JDMVHZ,30 Roehampton Ave,409,M4P,Apartment,12,Toronto-St. Paul's
3431502,STR-2404-FJXHHP,1121 Bay St,1008,M5S,Condominium,13,Toronto Centre
3431503,STR-2411-HXQSBY,955 Bay St,317,M5S,Condominium,13,Toronto Centre
3431504,STR-2404-FZKHHR,300 Front St W,2806,M5V,Condominium,10,Spadina-Fort York
3431505,STR-2404-GQXHHT,300 Front St W,2903,M5V,Condominium,10,Spadina-Fort York
3431506,STR-2404-HPRHHX,33 Mill St,2104,M5A,Condominium,10,Spadina-Fort York
3431507,STR-2404-JFDHHZ,817 Gerrard St E,Up 2,M4M,Apartment,14,Toronto-Danforth
3431508,STR-2404-FSTVHQ,57 Brock ave,516,M6K,Condominium,4,Parkdale-High Park
3431509,STR-2404-FZZVHR,213 Brooke Ave,,M5M,Single/Semi-detached House,8,Eglinton-Lawrence
3431510,STR-2404-GJGVHS,33 Murray Ave,,M1S,Single/Semi-detached House,23,Scarborough North
3431511,STR-2404-GRMVHT,151 Dan Leckie Way,850,M5V,Condominium,10,Spadina-Fort York
3431512,STR-2404-GYTVHV,28 Harrison Garden Blvd,1505,M2N,Condominium,18,Willowdale
3431513,STR-2404-HGZVHW,8 Dacre Cres,,M6S,Single/Semi-detached House,4,Parkdale-High Park
3431514,STR-2404-JFTVHZ,2875 Bloor St W,2,M8X,Apartment,3,Etobicoke-Lakeshore
3431515,STR-2404-FLDHHP,14 York St,3104,M5J,Condominium,10,Spadina-Fort York
3431516,STR-2404-GJXHHS,57 Rusholme Park Cres,Unit B,M6J,Duplex/Triplex/Fourplex,9,Davenport
3431517,STR-2404-GZKHHV,65 Bremner Blvd,1207,M5J,Condominium,10,Spadina-Fort York
3431518,STR-2404-HHRHHW,20 John St,722,M5V,Condominium,10,Spadina-Fort York
3431519,STR-2404-HYDHHY,1100 King St W,B525,M6K,Apartment,10,Spadina-Fort York
3431520,STR-2404-JGKHHZ,219 Fort York Blvd,2706,M5V,Condominium,10,Spadina-Fort York
3431521,STR-2404-FLTVHP,1063 Islington Ave,,M8Z,Single/Semi-detached House,3,Etobicoke-Lakeshore
3431522,STR-2404-GCGVHR,300 Front St W,3808,M5V,Condominium,10,Spadina-Fort York
3431523,STR-2404-GKMVHS,169 Jameson Ave,509,M6K,Apartment,4,Parkdale-High Park
3431524,STR-2404-GSTVHT,268 Dewhurst Blvd N,,M4J,Single/Semi-detached House,14,Toronto-Danforth
3431525,STR-2404-GZZVHV,955 Bay St,1714,M5S,Condominium,13,Toronto Centre
3431526,STR-2404-HJGVHW,17 Sari Cres,,M1E,Single/Semi-detached House,24,Scarborough-Guildwood
3431527,STR-2404-HYTVHY,14 York St,509,M5J,Condominium,10,Spadina-Fort York
3431528,STR-2404-JGZVHZ,2 Marigold Ave,,M4M,Single/Semi-detached House,14,Toronto-Danforth
3431529,STR-2404-FDQDVP,251 Jarvis St,4803,M5B,Condominium,13,Toronto Centre
3431530,STR-2404-FLWDVQ,129 Hadrian Dr,,M9W,Single/Semi-detached House,1,Etobicoke North
3431531,STR-2404-FVCDVR,422 Clinton St,,M6G,Single/Semi-detached House,11,University-Rosedale
3431532,STR-2404-GCJDVS,40 Gerrard St E,2312,M5B,Apartment,13,Toronto Centre
3431533,STR-2404-GKQDVT,55 Stewart St,105,M5V,Townhouse/ Row House,10,Spadina-Fort York
3431534,STR-2404-GSWDVV,21 Iceboat Ter,4008,M5V,Condominium,10,Spadina-Fort York
3431535,STR-2404-HBCDVW,165 Legion Rd N,1323,M8Y,Condominium,3,Etobicoke-Lakeshore
3431536,STR-2404-HYWDVZ,176 Sammon Ave,,M4J,Single/Semi-detached House,14,Toronto-Danforth
3431537,STR-2404-FFFRVP,97 Hart Ave,,M1K,Single/Semi-detached House,20,Scarborough Southwest
3431538,STR-2404-FMLRVQ,101 Peter St,3303,M5V,Condominium,10,Spadina-Fort York
3431539,STR-2404-FVSRVR,177 Gamble Ave,,M4J,Single/Semi-detached House,14,Toronto-Danforth
3431540,STR-2404-GLFRVT,16 Jersey Ave,,M6G,Single/Semi-detached House,11,University-Rosedale
3431541,STR-2404-HBSRVW,165 Legion Rd N,2934,M8Y,Condominium,3,Etobicoke-Lakeshore
3431542,STR-2404-HJYRVX,155 Yorkville Ave,2820,M5R,Condominium,11,University-Rosedale
3431543,STR-2404-HSFRVY,101 Peter St,1112,M5V,Condominium,10,Spadina-Fort York
3431544,STR-2404-HZLRVZ,21 Iceboat Ter,4707,M5V,Condominium,10,Spadina-Fort York
3431545,STR-2404-FPCDVQ,219 Fort York Blvd,3308,M5V,Condominium,10,Spadina-Fort York
3431546,STR-2404-GDQDVS,151 Dan Leckie Way,250,M5V,Condominium,10,Spadina-Fort York
3431547,STR-2404-GLWDVT,185 Colbeck St,,M6S,Single/Semi-detached House,4,Parkdale-High Park
3431548,STR-2404-HCJDVW,51 Otonabee Ave,,M2M,Single/Semi-detached House,18,Willowdale
3431549,STR-2404-HKQDVX,101 Peter St,3701,M5V,Condominium,10,Spadina-Fort York
3431550,STR-2404-HSWDVY,21 Iceboat Ter,4301,M5V,Condominium,10,Spadina-Fort York
3431551,STR-2404-FGLRVP,851 Sheppard Ave W,31,M3H,Condominium,6,York Centre
3431552,STR-2404-FPSRVQ,81 Vanevery St,,M8V,Single/Semi-detached House,3,Etobicoke-Lakeshore
3431553,STR-2404-GFFRVS,125 McMahon Dr,TH01,M2K,Townhouse/ Row House,17,Don Valley North
3431554,STR-2404-GMLRVT,79 Boon Ave,,M6E,Single/Semi-detached House,9,Davenport
3431555,STR-2404-GVSRVV,300 Front St W,1914,M5V,Condominium,10,Spadina-Fort York
3431556,STR-2404-HCYRVW,39 Roehampton Ave,3808,M4P,Condominium,12,Toronto-St. Paul's
3431557,STR-2404-HLFRVX,56 Maitland St,202,M4Y,Apartment,13,Toronto Centre
3431558,STR-2404-JBSRVZ,40 Scollard St,907,M5R,Apartment,11,University-Rosedale
3431559,STR-2404-FHCDVP,17 Evergreen Ave,,M8W,Single/Semi-detached House,3,Etobicoke-Lakeshore
3431560,STR-2404-FQJDVQ,101 Peter St,1407,M5V,Condominium,10,Spadina-Fort York
3431561,STR-2404-GFWDVS,300 Front St W,1810,M5V,Condominium,10,Spadina-Fort York
3431562,STR-2404-GPCDVT,101 Peter St,1803,M5V,Condominium,10,Spadina-Fort York
3431563,STR-2404-GWJDVV,35 Balmuto St,2810,M4Y,Condominium,11,University-Rosedale
3431564,STR-2404-HLWDVX,30 Nelson St,2308,M5V,Condominium,10,Spadina-Fort York
3431565,STR-2404-HVCDVY,613 Pharmacy Ave,,M1L,Single/Semi-detached House,20,Scarborough Southwest
3431566,STR-2404-FHSRVP,317 Perth Ave,,M6P,Single/Semi-detached House,9,Davenport
3431567,STR-2404-FYFRVR,871 SHEPPARD AVE W,39,M3H,Townhouse/ Row House,6,York Centre
3431568,STR-2404-GPSRVT,71 Amesbury Dr,,M6M,Single/Semi-detached House,5,York South-Weston
3431569,STR-2404-GWYRVV,155 Yorkville Ave,705,M5R,Condominium,11,University-Rosedale
3431570,STR-2404-HFFRVW,6 Sonic Way,N1907,M3C,Condominium,16,Don Valley East
3431571,STR-2404-JCYRVZ,22 Hexham Dr,,M1R,Single/Semi-detached House,21,Scarborough Centre
3431572,STR-2404-FJJDVP,955 Bay St,1817,M5S,Condominium,13,Toronto Centre
3431573,STR-2404-FRQDVQ,101 Peter St,2507,M5V,Condominium,10,Spadina-Fort York
3431574,STR-2404-FYWDVR,45 Firgrove Crescent,31,M3N,Townhouse/ Row House,7,Humber River-Black Creek
3431575,STR-2404-HPCDVX,307 Whitmore Ave,,M6E,Single/Semi-detached House,8,Eglinton-Lawrence
3431576,STR-2404-JDQDVZ,66 Porterfield Rd,,M9W,Single/Semi-detached House,1,Etobicoke North
3431577,STR-2404-FZLRVR,29 Elmview Dr,,M1N,Single/Semi-detached House,20,Scarborough Southwest
3431578,STR-2404-GHSRVS,2 Berkshire Ave,,M4M,Single/Semi-detached House,14,Toronto-Danforth
3431579,STR-2404-GQYRVT,14 York St,5907,M5J,Condominium,10,Spadina-Fort York
3431580,STR-2404-HGLRVW,2 Snowcrest Ave,,M2K,Single/Semi-detached House,17,Don Valley North
3431581,STR-2404-HWYRVY,2460 Weston Rd,1703,M9N,Apartment,5,York South-Weston
3431582,STR-2404-GBCDVR,65 Bremner Blvd,3501,M5J,Condominium,10,Spadina-Fort York
3431583,STR-2404-GJJDVS,251 Jarvis St,1018,M5B,Condominium,13,Toronto Centre
3431584,STR-2404-GRQDVT,48 Nassau St,B,M5T,Single/Semi-detached House,11,University-Rosedale
3431585,STR-2404-GYWDVV,52 Garnet Ave,,M6G,Single/Semi-detached House,11,University-Rosedale
3431586,STR-2404-HHCDVW,955 Bay St,1319,M5S,Condominium,13,Toronto Centre
3431587,STR-2404-HQJDVX,130 Springhurst Ave,Main,M6K,Duplex/Triplex/Fourplex,4,Parkdale-High Park
3431588,STR-2404-HXQDVY,115 Sheridan Ave,,M6K,Single/Semi-detached House,9,Davenport
3431589,STR-2404-JFWDVZ,101 Peter St,1207,M5V,Condominium,10,Spadina-Fort York
3431590,STR-2404-FLFRVP,21 Iceboat Ter,725,M5V,Condominium,10,Spadina-Fort York
3431591,STR-2404-FTLRVQ,101 Peter St,1502,M5V,Condominium,10,Spadina-Fort York
3431592,STR-2404-GJYRVS,191 St George St,901,M5R,Apartment,11,University-Rosedale
3431593,STR-2404-GSFRVT,81 Fishleigh Dr,,M1N,Single/Semi-detached House,20,Scarborough Southwest
3431594,STR-2404-GZLRVV,145 Whitburn Cres,Main,M3M,Single/Semi-detached House,6,York Centre
3431595,STR-2404-HHSRVW,445 Concord Ave,Ground,M6H,Single/Semi-detached House,9,Davenport
3431596,STR-2404-HQYRVX,65 Bremner Blvd,4703,M5J,Condominium,10,Spadina-Fort York
3431597,STR-2404-HYFRVY,60 St Clair Ave W,1106,M4V,Condominium,12,Toronto-St. Paul's
3431598,STR-2404-JGLRVZ,32 Edwalter Ave,,M8Y,Single/Semi-detached House,3,Etobicoke-Lakeshore
3431599,STR-2404-FDRKVP,251 Jarvis St,3404,M5B,Condominium,13,Toronto Centre
3431600,STR-2404-FLXKVQ,38 St Andrews Gdns,,M4W,Single/Semi-detached House,11,University-Rosedale
3431601,STR-2404-FVDKVR,270 Wellington St W,22,M5V,Condominium,10,Spadina-Fort York
3431602,STR-2404-GSXKVV,19 Little Ave,,M9N,Single/Semi-detached House,5,York South-Weston
3431603,STR-2404-HRRKVY,7 Juliet Cres,3,M6M,Apartment,5,York South-Weston
3431604,STR-2405-GDWDVS,642 Brock Ave,2,M6H,Duplex/Triplex/Fourplex,9,Davenport
3431605,STR-2405-GMCDVT,125 Lindsey Ave,Upper,M6H,Single/Semi-detached House,9,Davenport
3431606,STR-2405-GVJDVV,200 Lotherton Ptwy,409,M6B,Condominium,8,Eglinton-Lawrence
3431607,STR-2405-HCQDVW,15 Fort York Blvd,2303,M5V,Condominium,10,Spadina-Fort York
3431608,STR-2405-HKWDVX,208 Queens Quay W,3401,M5J,Condominium,10,Spadina-Fort York
3431609,STR-2405-HTCDVY,12 York St,1410,M5J,Condominium,10,Spadina-Fort York
3431610,STR-2405-JBJDVZ,21 Iceboat Ter,3205,M5V,Condominium,10,Spadina-Fort York
3431611,STR-2405-FXFRVR,283 Kenilworth Ave,,M4L,Single/Semi-detached House,19,Beaches-East York
3431612,STR-2405-GFLRVS,12 York St,3902,M5J,Condominium,10,Spadina-Fort York
3431613,STR-2405-GMSRVT,96 Malvern St,,M1B,Townhouse/ Row House,23,Scarborough North
3431614,STR-2405-HLLRVX,151 Dan Leckie Way,901,M5V,Condominium,10,Spadina-Fort York
3431615,STR-2405-HTSRVY,90 Old Sheppard Ave,,M2J,Single/Semi-detached House,17,Don Valley North
3431616,STR-2405-FQQDVQ,27 Tweedrock Cres,,M1E,Single/Semi-detached House,24,Scarborough-Guildwood
3431617,STR-2405-GGCDVS,28 Eastville Ave,,M1M,Single/Semi-detached House,20,Scarborough Southwest
3431618,STR-2405-GPJDVT,159 Freshmeadow Dr,,M2H,Single/Semi-detached House,17,Don Valley North
3431619,STR-2405-HDWDVW,21 Iceboat Ter,3009,M5V,Condominium,10,Spadina-Fort York
3431620,STR-2405-HMCDVX,11 Charlotte St,3006,M5V,Condominium,10,Spadina-Fort York
3431621,STR-2405-HVJDVY,715 Don Mills Rd,2607,M3C,Apartment,16,Don Valley East
3431622,STR-2405-JCQDVZ,832 Bay St,1308,M5S,Condominium,11,University-Rosedale
3431623,STR-2405-FHYRVP,311 Perth Ave,,M6P,Single/Semi-detached House,9,Davenport
3431624,STR-2405-FYLRVR,1110 Briar Hill Ave,204,M6B,Townhouse/ Row House,8,Eglinton-Lawrence
3431625,STR-2405-GGSRVS,188 Cumberland St,904,M5R,Condominium,11,University-Rosedale
3431626,STR-2405-GPYRVT,161 Frederick Tisdale Dr,2,M3K,Townhouse/ Row House,6,York Centre
3431627,STR-2405-GXFRVV,219 Fort York Blvd,1403,M5V,Condominium,10,Spadina-Fort York
3431628,STR-2405-HFLRVW,14 York St,5412,M5J,Condominium,10,Spadina-Fort York
3431629,STR-2405-HVYRVY,79 Ford St,Lower,M6N,Single/Semi-detached House,9,Davenport
3431630,STR-2405-JDFRVZ,335 Concord Ave,2,M6H,Single/Semi-detached House,9,Davenport
3431631,STR-2405-FJQDVP,560 Front St W,820,M5V,Condominium,10,Spadina-Fort York
3431632,STR-2405-FRWDVQ,37 Grosvenor St,2301,M4Y,Condominium,13,Toronto Centre
3431633,STR-2405-FZCDVR,215 Fort York Blvd,420,M5V,Condominium,10,Spadina-Fort York
3431634,STR-2405-GQQDVT,155 Yorkville Ave,1718,M5R,Condominium,11,University-Rosedale
3431635,STR-2405-GXWDVV,832 Bay St,3604,M5S,Condominium,11,University-Rosedale
3431636,STR-2405-HGCDVW,52 Stanley Ter,A,M6J,Duplex/Triplex/Fourplex,10,Spadina-Fort York
3431637,STR-2405-HPJDVX,43 Lapworth Cres,,M1V,Single/Semi-detached House,22,Scarborough-Agincourt
3431638,STR-2405-HWQDVY,34 Cameron Ave,,M2N,Single/Semi-detached House,18,Willowdale
3431639,STR-2405-GHYRVS,22 Revcoe Dr,,M2M,Single/Semi-detached House,18,Willowdale
3431640,STR-2405-GYLRVV,6 Eva Rd,801,M9C,Condominium,2,Etobicoke Centre
3431641,STR-2405-HGSRVW,188 Cumberland St,2312,M5R,Condominium,11,University-Rosedale
3431642,STR-2405-JFLRVZ,19 Annette St,,M6P,Single/Semi-detached House,4,Parkdale-High Park
3431643,STR-2405-FKWDVP,62 Robina Ave,,M6C,Single/Semi-detached House,9,Davenport
3431644,STR-2405-FTCDVQ,90 Cowan Ave,1,M6K,Duplex/Triplex/Fourplex,4,Parkdale-High Park
3431645,STR-2405-GBJDVR,20 John St,1123,M5V,Condominium,10,Spadina-Fort York
3431646,STR-2405-GJQDVS,300 Front St W,2713,M5V,Condominium,10,Spadina-Fort York
3431647,STR-2405-GRWDVT,373 Joicey Blvd,,M5M,Single/Semi-detached House,8,Eglinton-Lawrence
3431648,STR-2405-GZCDVV,1926 Brimley Rd,,M1S,Single/Semi-detached House,23,Scarborough North
3431649,STR-2405-HQQDVX,138 Bellrock Dr,,M1V,Single/Semi-detached House,23,Scarborough North
3431650,STR-2405-HXWDVY,21 Iceboat Ter,2501,M5V,Condominium,10,Spadina-Fort York
3431651,STR-2405-FLLRVP,18 Yonge St,2208,M5E,Condominium,10,Spadina-Fort York
3431652,STR-2405-GBYRVR,145 St George St,910,M5R,Apartment,11,University-Rosedale
3431653,STR-2405-GKFRVS,12 York St,505,M5J,Condominium,10,Spadina-Fort York
3431654,STR-2405-GSLRVT,68 Seventeenth St,,M8V,Single/Semi-detached House,3,Etobicoke-Lakeshore
3431655,STR-2405-GZSRVV,138 Princess St,401,M5A,Apartment,13,Toronto Centre
3431656,STR-2405-HRFRVX,1229 Danforth Ave,,M4J,Townhouse/ Row House,14,Toronto-Danforth
3431657,STR-2405-HYLRVY,16 Ivorwood Cres,,M1R,Single/Semi-detached House,21,Scarborough Centre
3431658,STR-2405-JGSRVZ,1088 Dufferin St,,M6H,Single/Semi-detached House,9,Davenport
3431659,STR-2405-FDXKVP,151 Dan Leckie Way,758,M5V,Condominium,10,Spadina-Fort York
3431660,STR-2405-FMDKVQ,38 Grenville St,3108,M4Y,Condominium,13,Toronto Centre
3431661,STR-2405-FVKKVR,2020 Bathurst St,307,M5P,Condominium,12,Toronto-St. Paul's
3431662,STR-2405-GTDKVV,151 Dan Leckie Way,202,M5V,Condominium,10,Spadina-Fort York
3431663,STR-2405-HBKKVW,59 Austin Ave,Main Floor Apt,M4M,Duplex/Triplex/Fourplex,14,Toronto-Danforth
3431664,STR-2405-HZDKVZ,46 Sunnypoint Cres,,M1M,Single/Semi-detached House,20,Scarborough Southwest
3431665,STR-2405-FFMXVP,97 The Queensway,33,M6S,Townhouse/ Row House,4,Parkdale-High Park
3431666,STR-2405-FMTXVQ,1081 Danforth Rd,123,M1J,Townhouse/ Row House,20,Scarborough Southwest
3431667,STR-2405-GDGXVS,320 Tweedsmuir Ave,1501,M5P,Apartment,12,Toronto-St. Paul's
3431668,STR-2405-GLMXVT,650 Parliament St,1915,M4X,Apartment,13,Toronto Centre
3431669,STR-2405-GTTXVV,10 Willison Sq,PH07,M5T,Condominium,10,Spadina-Fort York
3431670,STR-2405-HKGXVX,176 Greenfield Ave,,M2N,Single/Semi-detached House,18,Willowdale
3431671,STR-2405-HZTXVZ,300 Front St W,2209,M5V,Condominium,10,Spadina-Fort York
3431672,STR-2405-GVKKVV,77 Huntley St,1615,M4Y,Apartment,13,Toronto Centre
3431673,STR-2405-HTDKVY,180 Earlsdale Ave,,M6E,Single/Semi-detached House,9,Davenport
3431674,STR-2405-FPZXVQ,21 Iceboat Ter,3112,M5V,Condominium,10,Spadina-Fort York
3431675,STR-2405-GFMXVS,101 Peter St,2101,M5V,Condominium,10,Spadina-Fort York
3431676,STR-2405-GMTXVT,101 Peter St,3005,M5V,Condominium,10,Spadina-Fort York
3431677,STR-2405-GVZXVV,120 Homewood Ave,2503,M4Y,Condominium,13,Toronto Centre
3431678,STR-2405-HDGXVW,21 Iceboat Terr,3803,M5V,Condominium,10,Spadina-Fort York
3431679,STR-2405-FHKKVP,75 Clinton St,,M6G,Single/Semi-detached House,11,University-Rosedale
3431680,STR-2405-FQRKVQ,3 Sims Cres,,M9V,Single/Semi-detached House,1,Etobicoke North
3431681,STR-2405-FXXKVR,165 Bathurst St,417,M5V,Apartment,10,Spadina-Fort York
3431682,STR-2405-GPKKVT,38 Joe Shuster Way,1320,M6K,Condominium,10,Spadina-Fort York
3431683,STR-2405-HVKKVY,158 Northcliffe Blvd,B,M6E,Single/Semi-detached House,9,Davenport
3431684,STR-2405-FHZXVP,21 Iceboat Ter,3005,M5V,Condominium,10,Spadina-Fort York
3431685,STR-2405-FRGXVQ,300 Front St W,2013,M5V,Condominium,10,Spadina-Fort York
3431686,STR-2405-FYMXVR,8 Charlotte St,2104,M5V,Condominium,10,Spadina-Fort York
3431687,STR-2405-GPZXVT,38 Widmer St,5001,M5V,Condominium,10,Spadina-Fort York
3431688,STR-2405-GXGXVV,40 Badgerow Ave,,M4M,Single/Semi-detached House,14,Toronto-Danforth
3431689,STR-2405-HFMXVW,70 Mitchell Ave,,M6J,Townhouse/ Row House,10,Spadina-Fort York
3431690,STR-2405-JDGXVZ,209 Fort York Blvd,882,M5V,Condominium,10,Spadina-Fort York
3431691,STR-2405-FJRKVP,107 Sheridan Ave,,M6K,Single/Semi-detached House,9,Davenport
3431692,STR-2405-GHKKVS,2300 St Clair Ave W,107,M6N,Condominium,5,York South-Weston
3431693,STR-2405-GXXKVV,550 Lansdowne Ave,2,M6H,Single/Semi-detached House,9,Davenport
3431694,STR-2405-HGDKVW,7 Melbourne Pl,,M6K,Single/Semi-detached House,4,Parkdale-High Park
3431695,STR-2405-FKGXVP,210 Victoria St,3012,M5B,Condominium,13,Toronto Centre
3431696,STR-2405-FSMXVQ,21 Cheval Dr,,M3B,Single/Semi-detached House,15,Don Valley West
3431697,STR-2405-FZTXVR,30 Nelson St,2302,M5V,Condominium,10,Spadina-Fort York
3431698,STR-2405-GHZXVS,12 York St,4004,M5J,Condominium,10,Spadina-Fort York
3431699,STR-2405-GRGXVT,21 Iceboat Ter,3210,M5V,Condominium,10,Spadina-Fort York
3431700,STR-2405-HGTXVW,131 Searle Ave,,M3H,Single/Semi-detached House,6,York Centre
3431701,STR-2405-HPZXVX,8 Eglinton Ave E,605,M4P,Condominium,12,Toronto-St. Paul's
3431702,STR-2405-HXGXVY,113 Rosethorn Ave,,M6N,Single/Semi-detached House,9,Davenport
3431703,STR-2405-JFMXVZ,34 Western Battery Rd,416,M6K,Townhouse/ Row House,10,Spadina-Fort York
3431704,STR-2405-FKXKVP,300 Front St W,4008,M5V,Condominium,10,Spadina-Fort York
3431705,STR-2405-FTDKVQ,906 Eastern Ave,,M4L,Single/Semi-detached House,14,Toronto-Danforth
3431706,STR-2405-GJRKVS,32 Alma Ave,4,M6J,Duplex/Triplex/Fourplex,9,Davenport
3431707,STR-2405-GRXKVT,10 Dacotah Ave,,M5J,Single/Semi-detached House,10,Spadina-Fort York
3431708,STR-2405-HHKKVW,38 Grenville St,706,M4Y,Condominium,13,Toronto Centre
3431709,STR-2405-HQRKVX,24 Collahie St,,M6J,Single/Semi-detached House,9,Davenport
3431710,STR-2405-HXXKVY,357 Rusholme Rd,309,M6H,Apartment,9,Davenport
3431711,STR-2405-JGDKVZ,2 1/2 Palmerston Ave,,M6J,Townhouse/ Row House,10,Spadina-Fort York
3431712,STR-2405-FLMXVP,15 Roehampton Ave,304,M4P,Condominium,12,Toronto-St. Paul's
3431713,STR-2405-GBZXVR,72 Oakwood Ave,3,M6H,Single/Semi-detached House,9,Davenport
3431714,STR-2405-GKGXVS,21 Iceboat Ter,833,M5V,Condominium,10,Spadina-Fort York
3431715,STR-2405-GZTXVV,300 Front St W,605,M5V,Condominium,10,Spadina-Fort York
3431716,STR-2405-HYMXVY,30 Clinton St,,M6J,Single/Semi-detached House,11,University-Rosedale
3431717,STR-2405-JGTXVZ,21 Iceboat Ter,1707,M5V,Condominium,10,Spadina-Fort York
3431718,STR-2405-FDYRVP,165 Legion Rd N,1923,M8Y,Condominium,3,Etobicoke-Lakeshore
3431719,STR-2405-FMFRVQ,134 Avon Ave,,M6N,Single/Semi-detached House,5,York South-Weston
3431720,STR-2405-FVLRVR,300 Front St W,212,M5V,Condominium,10,Spadina-Fort York
3431721,STR-2405-GCSRVS,300 Front St W,3707,M5V,Condominium,10,Spadina-Fort York
3431722,STR-2405-GTFRVV,155 Yorkville Ave,3001,M5R,Condominium,11,University-Rosedale
3431723,STR-2405-HRYRVY,88 Carr St,33,M5T,Townhouse/ Row House,10,Spadina-Fort York
3431724,STR-2405-HZFRVZ,713 College St,A,M6G,Apartment,11,University-Rosedale
3431725,STR-2405-FFQDVP,18A Florence Ave,Basement,M2N,Single/Semi-detached House,18,Willowdale
3431726,STR-2405-FWCDVR,9 Snowood Crt,Upper,M3N,Single/Semi-detached House,7,Humber River-Black Creek
3431727,STR-2405-GDJDVS,1691 Dundas St W,,M6K,Townhouse/ Row House,9,Davenport
3431728,STR-2405-GLQDVT,100 Long Branch Ave,20,M8W,Condominium,3,Etobicoke-Lakeshore
3431729,STR-2405-HCCDVW,47 O'Hara Ave,,M6K,Single/Semi-detached House,4,Parkdale-High Park
3431730,STR-2405-HKJDVX,60 Cobden St,,M2R,Single/Semi-detached House,18,Willowdale
3431731,STR-2405-HSQDVY,111 Grace St,,M6J,Single/Semi-detached House,11,University-Rosedale
3431732,STR-2405-FGFRVP,489 Davenport Rd,,M4V,Single/Semi-detached House,12,Toronto-St. Paul's
3431733,STR-2405-FPLRVQ,1650 Bathurst St,19,M5P,Apartment,12,Toronto-St. Paul's
3431734,STR-2405-FWSRVR,65 Annie Craig Dr,1006,M8V,Condominium,3,Etobicoke-Lakeshore
3431735,STR-2405-HKYRVX,94 Squires Ave,,M4B,Single/Semi-detached House,19,Beaches-East York
3431736,STR-2405-HTFRVY,44 Manning Ave,,M6J,Duplex/Triplex/Fourplex,10,Spadina-Fort York
3431737,STR-2405-JBLRVZ,50 Hucknall Rd,,M3J,Single/Semi-detached House,7,Humber River-Black Creek
3431738,STR-2405-FGWDVP,20 Wade Ave,719,M6H,Apartment,9,Davenport
3431739,STR-2405-FQCDVQ,101 Major St,,M5S,Single/Semi-detached House,11,University-Rosedale
3431740,STR-2405-FXJDVR,21 Iceboat Ter,3310,M5V,Condominium,10,Spadina-Fort York
3431741,STR-2405-GFQDVS,77 Bartley Dr,,M4A,Single/Semi-detached House,16,Don Valley East
3431742,STR-2405-GMWDVT,15 Iceboat Ter,1115,M5V,Condominium,10,Spadina-Fort York
3431743,STR-2405-HLQDVX,300 Front St W,2508,M5V,Condominium,10,Spadina-Fort York
3431744,STR-2405-HTWDVY,300 Front St W,3607,M5V,Condominium,10,Spadina-Fort York
3431745,STR-2405-JCCDVZ,779 Eglinton Ave W,9,M5N,Apartment,12,Toronto-St. Paul's
3431746,STR-2405-FHLRVP,35 Balmuto St,1107,M4Y,Condominium,11,University-Rosedale
3431747,STR-2405-FQSRVQ,88 Harbour St,1611,M5J,Condominium,10,Spadina-Fort York
3431748,STR-2405-GWSRVV,83 Chelsea Ave,,M6P,Single/Semi-detached House,4,Parkdale-High Park
3431749,STR-2405-HMFRVX,85 Wood St,2710,M4Y,Condominium,13,Toronto Centre
3431750,STR-2405-HVLRVY,57 St Hubert Ave,,M4J,Single/Semi-detached House,14,Toronto-Danforth
3431751,STR-2405-JCSRVZ,206 St George St,808,M5R,Apartment,11,University-Rosedale
3431752,STR-2405-FJCDVP,28 Pine Ave,,M4E,Single/Semi-detached House,19,Beaches-East York
3431753,STR-2405-FYQDVR,286 Main St,720,M4C,Condominium,19,Beaches-East York
3431754,STR-2405-GGWDVS,22 West Lynn Ave,,M4C,Single/Semi-detached House,19,Beaches-East York
3431755,STR-2405-GXJDVV,387 Ossington Ave,,M6J,Single/Semi-detached House,11,University-Rosedale
3431756,STR-2405-HMWDVX,94 Lavinia Ave,,M6S,Single/Semi-detached House,4,Parkdale-High Park
3431757,STR-2405-HWCDVY,548 Van Horne Ave,,M2J,Single/Semi-detached House,17,Don Valley North
3431758,STR-2405-FRYRVQ,955 Bay St,810,M5S,Condominium,13,Toronto Centre
3431759,STR-2405-FZFRVR,300 Front St W,2603,M5V,Condominium,10,Spadina-Fort York
3431760,STR-2405-GHLRVS,165 Legion Rd N,730,M8Y,Condominium,3,Etobicoke-Lakeshore
3431761,STR-2405-GQSRVT,42 Western Battery Rd,710,M6K,Townhouse/ Row House,10,Spadina-Fort York
3431762,STR-2405-GXYRVV,955 Bay St,723,M5S,Condominium,13,Toronto Centre
3431763,STR-2405-HPLRVX,216 Wintermute Blvd,,M1W,Single/Semi-detached House,22,Scarborough-Agincourt
3431764,STR-2405-JDYRVZ,215 Fort York Blvd,513,M5V,Condominium,10,Spadina-Fort York
3431765,STR-2405-FZWDVR,25 Lower Simcoe St,917,M5J,Condominium,10,Spadina-Fort York
3431766,STR-2405-GJCDVS,2221 Yonge St,2703,M4S,Condominium,12,Toronto-St. Paul's
3431767,STR-2405-GRJDVT,101 Peter St,3809,M5V,Condominium,10,Spadina-Fort York
3431768,STR-2405-GYQDVV,69 Lynn Williams St,916,M6K,Condominium,10,Spadina-Fort York
3431769,STR-2405-HGWDVW,160 Spalding Rd,,M3K,Single/Semi-detached House,6,York Centre
3431770,STR-2405-HQCDVX,20 Kimloch Cres,,M3B,Single/Semi-detached House,15,Don Valley West
3431771,STR-2405-HXJDVY,86 Drayton Ave,,M4C,Single/Semi-detached House,19,Beaches-East York
3431772,STR-2405-GJSRVS,46 Sunfield Rd,,M3M,Single/Semi-detached House,6,York Centre
3431773,STR-2405-GZFRVV,36 Fourteenth St,,M8V,Single/Semi-detached House,3,Etobicoke-Lakeshore
3431774,STR-2405-HQSRVX,251 Jarvis St,811,M5B,Condominium,13,Toronto Centre
3431775,STR-2405-HXYRVY,644 Rhodes Ave,,M4J,Single/Semi-detached House,14,Toronto-Danforth
3431776,STR-2405-FLQDVP,188 Cumberland St,812,M5R,Condominium,11,University-Rosedale
3431777,STR-2405-GSQDVT,188 Cumberland St,1409,M5R,Condominium,11,University-Rosedale
3431778,STR-2405-GZWDVV,20 Gatewood Cres,,M9A,Single/Semi-detached House,2,Etobicoke Centre
3431779,STR-2405-HJCDVW,306 Willow Ave,,M4E,Single/Semi-detached House,19,Beaches-East York
3431780,STR-2405-HRJDVX,39 Sentinel Rd,,M3J,Single/Semi-detached House,6,York Centre
3431781,STR-2405-HYQDVY,66 Robina Ave,,M6C,Single/Semi-detached House,9,Davenport
3431782,STR-2405-FDZXVP,41 Cascaden St,,M1V,Single/Semi-detached House,23,Scarborough North
3431783,STR-2405-FMGXVQ,101 Charles St E,3010,M4Y,Condominium,13,Toronto Centre
3431784,STR-2405-FVMXVR,768 Cummer Ave,,M2H,Single/Semi-detached House,17,Don Valley North
3431785,STR-2405-GCTXVS,53 O'Hara Ave,,M6K,Single/Semi-detached House,4,Parkdale-High Park
3431786,STR-2405-GKZXVT,170 Fort York Blvd,1206,M5V,Apartment,10,Spadina-Fort York
3431787,STR-2405-HBMXVW,10 Morrison St,111,M5V,Condominium,10,Spadina-Fort York
3431788,STR-2405-HJTXVX,251 Jarvis St,3801,M5B,Condominium,13,Toronto Centre
3431789,STR-2405-HRZXVY,218 Concord Ave,,M6H,Single/Semi-detached House,9,Davenport
3431790,STR-2405-HZGXVZ,1630 Dundas St W,9,M6K,Apartment,9,Davenport
3431791,STR-2405-FFRKVP,2360 Dundas St W,1812,M6P,Apartment,4,Parkdale-High Park
3431792,STR-2405-FWDKVR,25 Purdy Cres,,M9N,Single/Semi-detached House,5,York South-Weston
3431793,STR-2405-HKKKVX,675 Euclid Ave,Basement Apt.,M6G,Duplex/Triplex/Fourplex,11,University-Rosedale
3431794,STR-2405-HZXKVZ,59 Harvard Ave,,M6R,Single/Semi-detached House,4,Parkdale-High Park
3431795,STR-2405-FGGXVP,33 Wood St,2802,M4Y,Apartment,13,Toronto Centre
3431796,STR-2405-FWTXVR,300 Front St W,3702,M5V,Condominium,10,Spadina-Fort York
3431797,STR-2405-GWTXVV,408 Silverthorn Ave,,M6M,Single/Semi-detached House,5,York South-Weston
3431798,STR-2405-GMGXVT,65 Bremner Blvd,1401,M5J,Condominium,10,Spadina-Fort York
3431799,STR-2405-GVMXVV,55 Bremner Blvd,2011,M5J,Condominium,10,Spadina-Fort York
3431800,STR-2405-HCTXVW,22 Monteith St,,M4Y,Townhouse/ Row House,13,Toronto Centre
3431801,STR-2405-HKZXVX,161 Lippincott St,,M5S,Townhouse/ Row House,11,University-Rosedale
3431802,STR-2405-FGXKVP,955 Bay St,811,M5S,Condominium,13,Toronto Centre
3431803,STR-2405-GMXKVT,101 Combe Ave,,M3H,Single/Semi-detached House,6,York Centre
3431804,STR-2405-HDKKVW,87 Knox Ave,,M4L,Single/Semi-detached House,14,Toronto-Danforth
3431805,STR-2405-HTXKVY,251 Jarvis St,811,M5B,Condominium,13,Toronto Centre
3431806,STR-2405-JCDKVZ,35 Balmuto St,902,M4Y,Condominium,11,University-Rosedale
3431807,STR-2405-FHMXVP,2 Anndale Dr,1708,M2N,Condominium,18,Willowdale
3431808,STR-2405-FQTXVQ,1042 Sheppard Ave W,301,M3H,Apartment,6,York Centre
3431809,STR-2405-FXZXVR,193 Osler St,,M6N,Single/Semi-detached House,9,Davenport
3431810,STR-2405-GGGXVS,217 Woodville Ave,,M4J,Single/Semi-detached House,14,Toronto-Danforth
3431811,STR-2405-GPMXVT,188 Fairview Mall Dr,910,M2J,Condominium,17,Don Valley North
3431812,STR-2405-HMGXVX,221 Holmes Ave,,M2N,Single/Semi-detached House,18,Willowdale
3431813,STR-2405-HVMXVY,14 Carluke Cres,710,M2L,Apartment,15,Don Valley West
3431814,STR-2405-JCTXVZ,281 Westlake Ave,,M4C,Single/Semi-detached House,19,Beaches-East York
3431815,STR-2405-FJDKVP,222 Markham St,2,M6J,Single/Semi-detached House,11,University-Rosedale
3431816,STR-2405-FRKKVQ,209 Fort York Blvd,179,M5V,Condominium,10,Spadina-Fort York
3431817,STR-2405-GGXKVS,18 Yonge St,3212,M5E,Condominium,10,Spadina-Fort York
3431818,STR-2405-GQDKVT,70 Town Centre Crt,3001,M1P,Condominium,21,Scarborough Centre
3431819,STR-2405-HFRKVW,345 Gladstone Ave,4,M6H,Apartment,9,Davenport
3431820,STR-2405-HMXKVX,415 Jarvis St,384,M4Y,Condominium,13,Toronto Centre
3431821,STR-2405-JDKKVZ,231 Fort York Blvd,1212,M5V,Condominium,10,Spadina-Fort York
3431822,STR-2405-FJTXVP,2 Evelyn Ave,,M6P,Single/Semi-detached House,4,Parkdale-High Park
3431823,STR-2405-FRZXVQ,80 Montclair Ave,110,M5P,Apartment,12,Toronto-St. Paul's
3431824,STR-2405-FZGXVR,270 Wellington St W,513,M5V,Condominium,10,Spadina-Fort York
3431825,STR-2405-GHMXVS,21 Iceboat Ter,1708,M5V,Condominium,10,Spadina-Fort York
3431826,STR-2405-GXZXVV,21 Iceboat Ter,2210,M5V,Condominium,10,Spadina-Fort York
3431827,STR-2405-HGGXVW,124 Shaver Av N,,M9B,Single/Semi-detached House,2,Etobicoke Centre
3431828,STR-2405-JDZXVZ,43 Kecala Rd,,M1P,Single/Semi-detached House,21,Scarborough Centre
3431829,STR-2405-FKKKVP,251 Jarvis St,1519,M5B,Condominium,13,Toronto Centre
3431830,STR-2405-FSRKVQ,14 York St,6712,M5J,Condominium,10,Spadina-Fort York
3431831,STR-2405-FZXKVR,5 Carnival Crt,,M2R,Single/Semi-detached House,6,York Centre
3431832,STR-2405-GJDKVS,68 Clearbrooke Cir,,M9W,Single/Semi-detached House,1,Etobicoke North
3431833,STR-2405-GRKKVT,210 Victoria St,3411,M5B,Condominium,13,Toronto Centre
3431834,STR-2405-HGXKVW,101 Peter St,2507,M5V,Condominium,10,Spadina-Fort York
3431835,STR-2405-HQDKVX,101 Peter St,3308,M5V,Condominium,10,Spadina-Fort York
3431836,STR-2405-JFRKVZ,225 Wellesley St E,412,M4X,Condominium,13,Toronto Centre
3431837,STR-2405-FKZXVP,31 Elmer Ave,,M4L,Duplex/Triplex/Fourplex,19,Beaches-East York
3431838,STR-2405-GJTXVS,47 Taunton Rd,,M4S,Single/Semi-detached House,15,Don Valley West
3431839,STR-2405-GZGXVV,29 Madron Cres,,M3J,Single/Semi-detached House,7,Humber River-Black Creek
3431840,STR-2405-HHMXVW,1 Shaw St,802,M6K,Condominium,10,Spadina-Fort York
3431841,STR-2405-HQTXVX,14 York St,3201,M5J,Condominium,10,Spadina-Fort York
3431842,STR-2405-HXZXVY,14 York St,1908,M5J,Condominium,10,Spadina-Fort York
3431843,STR-2405-GCDKVR,237 Dovercourt Rd,E,M6J,Apartment,10,Spadina-Fort York
3431844,STR-2405-GKKKVS,80 Burton Rd,,M5P,Single/Semi-detached House,12,Toronto-St. Paul's
3431845,STR-2405-GSRKVT,244 Wilmington Ave,1,M3H,Duplex/Triplex/Fourplex,6,York Centre
3431846,STR-2405-GZXKVV,215 Fort York Blvd,2910,M5V,Condominium,10,Spadina-Fort York
3431847,STR-2405-HYRKVY,590 Indian Grove,,M6P,Townhouse/ Row House,4,Parkdale-High Park
3431848,STR-2405-FMJDVQ,81 O'Connor Dr,,M4K,Single/Semi-detached House,14,Toronto-Danforth
3431849,STR-2405-FVQDVR,238 Lauder Ave,,M6E,Single/Semi-detached House,9,Davenport
3431850,STR-2405-GCWDVS,33 Salem Ave,laneway suite,M6H,Single/Semi-detached House,9,Davenport
3431851,STR-2405-GTJDVV,21 Evans Ave,5,M8Z,Apartment,3,Etobicoke-Lakeshore
3431852,STR-2405-HBQDVW,227 Concord Ave,,M6H,Single/Semi-detached House,9,Davenport
3431853,STR-2405-HJWDVX,215 Fort York Blvd,1608,M5V,Condominium,10,Spadina-Fort York
3431854,STR-2405-HSCDVY,251 Jarvis St,3107,M5B,Condominium,13,Toronto Centre
3431855,STR-2405-HZJDVZ,10 Lewis St,,M4M,Single/Semi-detached House,14,Toronto-Danforth
3431856,STR-2405-FFSRVP,36 Ferris Road,,M4B,Single/Semi-detached House,19,Beaches-East York
3431857,STR-2405-FWFRVR,55 Bremner Blvd,4006,M5J,Condominium,10,Spadina-Fort York
3431858,STR-2405-GDLRVS,134 Hove St,,M3H,Single/Semi-detached House,6,York Centre
3431859,STR-2405-GLSRVT,90 Ling Rd,510,M1E,Condominium,25,Scarborough-Rouge Park
3431860,STR-2405-GTYRVV,2 Eva Rd,PH23,M9C,Condominium,2,Etobicoke Centre
3431861,STR-2405-HCFRVW,1145 Birchmount Rd,,M1P,Single/Semi-detached House,21,Scarborough Centre
3431862,STR-2405-HKLRVX,1195 The Queensway,701,M8Z,Condominium,3,Etobicoke-Lakeshore
3431863,STR-2405-HSSRVY,231 Fort York Blvd,427,M5V,Condominium,10,Spadina-Fort York
3431864,STR-2405-HZYRVZ,8 Allenbury Gdns,,M2J,Single/Semi-detached House,17,Don Valley North
3431865,STR-2405-FPQDVQ,89 Beachview Cres,,M4E,Single/Semi-detached House,19,Beaches-East York
3431866,STR-2405-FWWDVR,76 MacDonald St,,M8V,Single/Semi-detached House,3,Etobicoke-Lakeshore
3431867,STR-2405-GMJDVT,28 Kingsmount Park Rd,,M4L,Single/Semi-detached House,19,Beaches-East York
3431868,STR-2405-GVQDVV,160 Old Yonge St,,M2P,Single/Semi-detached House,15,Don Valley West
3431869,STR-2405-HCWDVW,210 Victoria St,2904,M5B,Condominium,13,Toronto Centre
3431870,STR-2405-HTJDVY,85 Faye Dr,,M2J,Single/Semi-detached House,17,Don Valley North
3431871,STR-2405-JBQDVZ,276 Queen St W,301,M5V,Apartment,10,Spadina-Fort York
3431872,STR-2405-FGYRVP,101 Peter St,1205,M5V,Condominium,10,Spadina-Fort York
3431873,STR-2405-FXLRVR,34 Guiness Ave,,M9W,Single/Semi-detached House,1,Etobicoke North
3431874,STR-2405-GWFRVV,209 Fort York Blvd,372,M5V,Condominium,10,Spadina-Fort York
3431875,STR-2405-HDLRVW,252B Finch Ave E,,M2N,Townhouse/ Row House,18,Willowdale
3431876,STR-2405-JCFRVZ,39 Queens Quay  E,536,M5E,Condominium,10,Spadina-Fort York
3431877,STR-2405-FHQDVP,14 Everingham Crt,,M2M,Single/Semi-detached House,18,Willowdale
3431878,STR-2405-GGJDVS,251 Jarvis St,2004,M5B,Condominium,13,Toronto Centre
3431879,STR-2405-GWWDVV,105 George St,1212,M5A,Condominium,13,Toronto Centre
3431880,STR-2405-HFCDVW,77 Salem Ave,1,M6H,Single/Semi-detached House,9,Davenport
3431881,STR-2405-HMJDVX,71 Laburnham Ave,,M8W,Single/Semi-detached House,3,Etobicoke-Lakeshore
3431882,STR-2405-FRLRVQ,50 Lynn Williams St,504,M6K,Condominium,10,Spadina-Fort York
3431883,STR-2405-GGYRVS,295 McKee Ave,,M2N,Single/Semi-detached House,18,Willowdale
3431884,STR-2405-GQFRVT,4 Larkin Ave,,M6S,Single/Semi-detached House,4,Parkdale-High Park
3431885,STR-2405-GXLRVV,18 Yonge St,2906,M5E,Condominium,10,Spadina-Fort York
3431886,STR-2405-HWFRVY,29 Hillsboro Ave,,M5R,Single/Semi-detached House,11,University-Rosedale
3431887,STR-2405-FJWDVP,219 Fort York Blvd,517,M5V,Condominium,10,Spadina-Fort York
3431888,STR-2405-FZJDVR,1102 Pape Ave,,M4K,Single/Semi-detached House,14,Toronto-Danforth
3431889,STR-2405-GQWDVT,19 Pendeen Ave,,M6N,Single/Semi-detached House,5,York South-Weston
3431890,STR-2405-GYCDVV,215 Ennerdale Rd,,M6E,Single/Semi-detached House,9,Davenport
3431891,STR-2405-HGJDVW,98 Lillian St,420,M4S,Condominium,12,Toronto-St. Paul's
3431892,STR-2405-HPQDVX,219 Fort York Blvd,2804,M5V,Condominium,10,Spadina-Fort York
3431893,STR-2405-HWWDVY,21 Iceboat Ter,4206,M5V,Condominium,10,Spadina-Fort York
3431894,STR-2405-FSSRVQ,2 Valleyanna Dr,,M4N,Single/Semi-detached House,15,Don Valley West
3431895,STR-2405-FZYRVR,300 Front St W,4210,M5V,Condominium,10,Spadina-Fort York
3431896,STR-2405-GYSRVV,9 Redland Cres E,,M1M,Single/Semi-detached House,20,Scarborough Southwest
3431897,STR-2405-HGYRVW,87 Risebrough Ave,,M2M,Single/Semi-detached House,18,Willowdale
3431898,STR-2405-HQFRVX,18 Graylee Ave,,M1J,Single/Semi-detached House,21,Scarborough Centre
3431899,STR-2405-JFSRVZ,36 Zorra St,425,M8Z,Condominium,3,Etobicoke-Lakeshore
3431900,STR-2405-FLCDVP,30 Barton Ave,,M6G,Single/Semi-detached House,11,University-Rosedale
3431901,STR-2405-FTJDVQ,21 Iceboat Ter,2805,M5V,Condominium,10,Spadina-Fort York
3431902,STR-2405-GBQDVR,177 North Carson St,,M8W,Single/Semi-detached House,3,Etobicoke-Lakeshore
3431903,STR-2405-GJWDVS,79 Thorncliffe Park Dr,312,M4H,Apartment,15,Don Valley West
3431904,STR-2405-GSCDVT,151 Dan Leckie Way,1006,M5V,Condominium,10,Spadina-Fort York
3431905,STR-2405-GZJDVV,36 Zorra St,529,M8Z,Condominium,3,Etobicoke-Lakeshore
3431906,STR-2405-HHQDVW,8 Widmer St,1811,M5V,Condominium,10,Spadina-Fort York
3431907,STR-2405-HQWDVX,167 Church St,514,M5B,Apartment,13,Toronto Centre
3431908,STR-2405-FTYRVQ,99 Broadway Ave,3503,M4P,Condominium,12,Toronto-St. Paul's
3431909,STR-2405-GCFRVR,46A Albion Ave,,M1L,Single/Semi-detached House,20,Scarborough Southwest
3431910,STR-2405-GSSRVT,1088 Dufferin St,,M6H,Single/Semi-detached House,9,Davenport
3431911,STR-2405-GZYRVV,245 Torbarrie Rd,,M3L,Townhouse/ Row House,7,Humber River-Black Creek
3431912,STR-2405-HRLRVX,79 Lawrence Ave E,,M4N,Single/Semi-detached House,15,Don Valley West
3431913,STR-2405-HYSRVY,210 Victoria St,2407,M5B,Condominium,13,Toronto Centre
3431914,STR-2405-JGYRVZ,151 Dan Leckie Way,1208,M5V,Condominium,10,Spadina-Fort York
3431915,STR-2405-FFDKVP,151 Dan Leckie Way,308,M5V,Condominium,10,Spadina-Fort York
3431916,STR-2406-FMKKVQ,266 Symington Ave,,M6P,Single/Semi-detached House,9,Davenport
3431917,STR-2406-GLDKVT,300 Front St W,2102,M5V,Condominium,10,Spadina-Fort York
3431918,STR-2406-HBRKVW,300 Front St W,1712,M5V,Condominium,10,Spadina-Fort York
3431919,STR-2406-HJXKVX,251 Jarvis St,312,M5B,Condominium,13,Toronto Centre
3431920,STR-2406-HSDKVY,36 Linwood Ave,,M1S,Single/Semi-detached House,22,Scarborough-Agincourt
3431921,STR-2406-HZKKVZ,38 Widmer St,5103,M5V,Condominium,10,Spadina-Fort York
3431922,STR-2406-FMZXVQ,15 Brunel Crt,115,M5V,Townhouse/ Row House,10,Spadina-Fort York
3431923,STR-2406-FWGXVR,135 Lower Sherbourne St,570,M5A,Apartment,13,Toronto Centre
3431924,STR-2406-GTZXVV,3 Aldwych Ave,,M4J,Single/Semi-detached House,14,Toronto-Danforth
3431925,STR-2406-HKMXVX,8 Wellesley St E,302,M4Y,Condominium,13,Toronto Centre
3431926,STR-2406-FGKKVP,104 Tanjoe Cres,,M2M,Single/Semi-detached House,18,Willowdale
3431927,STR-2406-FPRKVQ,39 Dunkirk Rd,Laneway,M4C,Single/Semi-detached House,19,Beaches-East York
3431928,STR-2406-FWXKVR,21 Iceboat Ter,3708,M5V,Condominium,10,Spadina-Fort York
3431929,STR-2406-GFDKVS,10 Capreol Crt,1108,M5V,Condominium,10,Spadina-Fort York
3431930,STR-2406-GMKKVT,101 Peter St,1001,M5V,Condominium,10,Spadina-Fort York
3431931,STR-2406-GVRKVV,477 Richmond St W,502,M5V,Condominium,10,Spadina-Fort York
3431932,STR-2406-HLDKVX,1139 College St,210,M6H,Apartment,9,Davenport
3431933,STR-2406-HTKKVY,130 Ewart Ave,B,M6M,Duplex/Triplex/Fourplex,5,York South-Weston
3431934,STR-2406-JBRKVZ,12 Winnett Ave,,M6C,Single/Semi-detached House,12,Toronto-St. Paul's
3431935,STR-2406-FGZXVP,491 Cosburn Ave,,M4J,Single/Semi-detached House,14,Toronto-Danforth
3431936,STR-2406-GMZXVT,52 Empress Ave,B,M2N,Single/Semi-detached House,18,Willowdale
3431937,STR-2406-GWGXVV,24 Sheridan Ave,2,M6K,Duplex/Triplex/Fourplex,9,Davenport
3431938,STR-2406-HDMXVW,339 Highfield Rd,,M4L,Single/Semi-detached House,14,Toronto-Danforth
3431939,STR-2406-HLTXVX,14 York St,6511,M5J,Condominium,10,Spadina-Fort York
3431940,STR-2406-FHRKVP,110 McNicoll Ave,,M2H,Single/Semi-detached House,17,Don Valley North
3431941,STR-2406-FYDKVR,215 Fort York Blvd,1303,M5V,Condominium,10,Spadina-Fort York
3431942,STR-2406-GGKKVS,981 Old Cummer Ave,,M2H,Single/Semi-detached House,17,Don Valley North
3431943,STR-2406-GWXKVV,6 Dearham Wood,,M1E,Single/Semi-detached House,24,Scarborough-Guildwood
3431944,STR-2406-JCXKVZ,120 Homewood Ave,522,M4Y,Condominium,13,Toronto Centre
3431945,STR-2406-GVVBPV,33 Patrick Blvd,,M2J,Single/Semi-detached House,17,Don Valley North
3431946,STR-2406-FJGXVP,357 Rusholme Rd,509,M6H,Apartment,9,Davenport
3431947,STR-2406-FRMXVQ,2800 Keele St,327,M3M,Condominium,6,York Centre
3431948,STR-2406-GQGXVT,115 Kingsway Cres,,M8X,Single/Semi-detached House,3,Etobicoke-Lakeshore
3431949,STR-2406-GXMXVV,78 Crawford St,,M6J,Single/Semi-detached House,10,Spadina-Fort York
3431950,STR-2406-HFTXVW,135 Village Green Sq,721,M1S,Condominium,22,Scarborough-Agincourt
3431951,STR-2406-HMZXVX,2531 Lake Shore Blvd W,515,M8V,Apartment,3,Etobicoke-Lakeshore
3431952,STR-2406-HWGXVY,300 Front St W,3601,M5V,Condominium,10,Spadina-Fort York
3431953,STR-2406-FJXKVP,11 D'Arcy St,,M5T,Single/Semi-detached House,11,University-Rosedale
3431954,STR-2406-FSDKVQ,68 Shuter St,609,M5B,Condominium,13,Toronto Centre
3431955,STR-2406-FZKKVR,36 Zorra St,110,M8Z,Condominium,3,Etobicoke-Lakeshore
3431956,STR-2406-GHRKVS,101 Peter St,806,M5V,Condominium,10,Spadina-Fort York
3431957,STR-2406-GYDKVV,101 Peter St,1507,M5V,Condominium,10,Spadina-Fort York
3431958,STR-2406-HGKKVW,209 Fort York Blvd,1364,M5V,Condominium,10,Spadina-Fort York
3431959,STR-2406-HPRKVX,223 Manning Ave,,M6J,Townhouse/ Row House,11,University-Rosedale
3431960,STR-2406-HWXKVY,21 Iceboat Ter,3512,M5V,Condominium,10,Spadina-Fort York
3431961,STR-2406-FKMXVP,134 Helendale Ave,,M4R,Single/Semi-detached House,8,Eglinton-Lawrence
3431962,STR-2406-FZZXVR,263 Bellamy Rd N,,M1J,Single/Semi-detached House,24,Scarborough-Guildwood
3431963,STR-2406-GJGXVS,21 Iceboat Ter,2701,M5V,Condominium,10,Spadina-Fort York
3431964,STR-2406-GRMXVT,490 Runnymede Rd,,M6S,Single/Semi-detached House,4,Parkdale-High Park
3431965,STR-2406-GYTXVV,14 York St,5410,M5J,Condominium,10,Spadina-Fort York
3431966,STR-2406-HQGXVX,69 Phillip Ave,,M1N,Single/Semi-detached House,20,Scarborough Southwest
3431967,STR-2406-HXMXVY,55 Bremner Blvd,2805,M5J,Condominium,10,Spadina-Fort York
3431968,STR-2406-JFTXVZ,300 Front St W,3603,M5V,Condominium,10,Spadina-Fort York
3431969,STR-2406-FLDKVP,570 Ontario St,,M4X,Townhouse/ Row House,13,Toronto Centre
3431970,STR-2406-GSDKVT,508 Wellington St W,204,M5V,Condominium,10,Spadina-Fort York
3431971,STR-2406-GZKKVV,130 Springhurst Ave,Lower,M6K,Duplex/Triplex/Fourplex,4,Parkdale-High Park
3431972,STR-2406-HYDKVY,90 Glen Everest Rd,519,M1N,Condominium,20,Scarborough Southwest
3431973,STR-2406-JGKKVZ,19 Grand Trunk Cres,2701,M5J,Condominium,10,Spadina-Fort York
3431974,STR-2406-FLTXVP,89 Dunfield Ave,3601,M4S,Condominium,12,Toronto-St. Paul's
3431975,STR-2406-FTZXVQ,15 Kinnie Crt,,M3N,Single/Semi-detached House,7,Humber River-Black Creek
3431976,STR-2406-GKMXVS,197 Vine Ave,,M6P,Single/Semi-detached House,4,Parkdale-High Park
3431977,STR-2406-GSTXVT,51 Colgate Ave,,M4M,Single/Semi-detached House,14,Toronto-Danforth
3431978,STR-2406-GZZXVV,2300 St Clair Ave W,723,M6N,Condominium,5,York South-Weston
3431979,STR-2406-HJGXVW,31 Prospect St,,M4X,Single/Semi-detached House,13,Toronto Centre
3431980,STR-2406-JGZXVZ,210 Victoria St,1801,M5B,Condominium,13,Toronto Centre
3431981,STR-2406-FDPBPP,30 Gibbs Rd,1002,M9B,Condominium,2,Etobicoke Centre
3431982,STR-2406-FLVBPQ,543 Richmond St W,1006,M5V,Condominium,10,Spadina-Fort York
3431983,STR-2406-FVBBPR,210 Victoria St,4104,M5B,Condominium,13,Toronto Centre
3431984,STR-2406-GKPBPT,32 Laurel Ave,,M9B,Single/Semi-detached House,2,Etobicoke Centre
3431985,STR-2406-GSVBPV,798 Richmond St W,640,M6J,Apartment,10,Spadina-Fort York
3431986,STR-2406-HBBBPW,250 Lawrence Ave W,606,M5M,Condominium,8,Eglinton-Lawrence
3431987,STR-2406-HJHBPX,65 Bremner Blvd,1305,M5J,Condominium,10,Spadina-Fort York
3431988,STR-2406-HYVBPZ,14 York St,6512,M5J,Condominium,10,Spadina-Fort York
3431989,STR-2406-FFDPPP,39 Astor Ave,,M4G,Single/Semi-detached House,15,Don Valley West
3431990,STR-2406-FVRPPR,181 Wynford Dr,708,M3C,Condominium,16,Don Valley East
3431991,STR-2406-GCXPPS,1055 Bay St,404,M5S,Condominium,13,Toronto Centre
3431992,STR-2406-GLDPPT,30 Shore Breeze Dr,328,M8V,Condominium,3,Etobicoke-Lakeshore
3431993,STR-2406-HBRPPW,118 Shuter St,Unit A,M5A,Townhouse/ Row House,13,Toronto Centre
3431994,STR-2406-HJXPPX,23 Cardiff Rd,,M4P,Single/Semi-detached House,15,Don Valley West
3431995,STR-2406-HZKPPZ,29 Tyndall Ave,,M6K,Single/Semi-detached House,4,Parkdale-High Park
3431996,STR-2406-FFVBPP,188 Cumberland St,1706,M5R,Condominium,11,University-Rosedale
3431997,STR-2406-FPBBPQ,188 Cumberland St,2104,M5R,Condominium,11,University-Rosedale
3431998,STR-2406-GLVBPT,300 Front St W,1314,M5V,Condominium,10,Spadina-Fort York
3431999,STR-2406-HCHBPW,81 Oak Park Ave,,M4C,Single/Semi-detached House,19,Beaches-East York
3432000,STR-2406-HKPBPX,16 Stong Crt,,M3N,Single/Semi-detached House,7,Humber River-Black Creek
3432001,STR-2406-FPRPPQ,23 Blackburn St,,M4M,Townhouse/ Row House,14,Toronto-Danforth
3432002,STR-2406-GMKPPT,163 Gracedale Blvd,,M9L,Single/Semi-detached House,7,Humber River-Black Creek
3432003,STR-2406-HCXPPW,500 Sherbourne St,2102,M4X,Condominium,13,Toronto Centre
3432004,STR-2406-JBRPPZ,136 Armstrong Ave,,M6H,Single/Semi-detached House,9,Davenport
3432005,STR-2406-FQHBPQ,12 York St,5503,M5J,Condominium,10,Spadina-Fort York
3432006,STR-2406-FXPBPR,180 Lippincott St,,M5S,Single/Semi-detached House,11,University-Rosedale
3432007,STR-2406-GWHBPV,38 Concord Ave,,M6H,Duplex/Triplex/Fourplex,9,Davenport
3432008,STR-2406-HDPBPW,76 Westminster Ave,,M6R,Single/Semi-detached House,4,Parkdale-High Park
3432009,STR-2406-HLVBPX,55 Bremner Blvd,1103,M5J,Condominium,10,Spadina-Fort York
3432010,STR-2406-HVBBPY,15 Legion Rd,207,M8V,Condominium,3,Etobicoke-Lakeshore
3432011,STR-2406-JCHBPZ,859 The Queensway,605,M8Z,Condominium,3,Etobicoke-Lakeshore
3432012,STR-2406-FHRPPP,59 Gwynne Ave,Rear,M6K,Apartment,4,Parkdale-High Park
3432013,STR-2406-FYDPPR,1 Dewitt Rd,,M9B,Single/Semi-detached House,2,Etobicoke Centre
3432014,STR-2406-GGKPPS,134 West Deane Park Dr,,M9B,Single/Semi-detached House,2,Etobicoke Centre
3432015,STR-2406-GPRPPT,231 Indian Rd,,M6R,Single/Semi-detached House,4,Parkdale-High Park
3432016,STR-2406-GWXPPV,595 Craven Rd,,M4L,Single/Semi-detached House,14,Toronto-Danforth
3432017,STR-2406-HFDPPW,1 Keegan Cres,,M3J,Single/Semi-detached House,7,Humber River-Black Creek
3432018,STR-2406-HMKPPX,1320 Weston Rd,3,M6M,Duplex/Triplex/Fourplex,5,York South-Weston
3432019,STR-2406-HVRPPY,30 Nelson St,1106,M5V,Condominium,10,Spadina-Fort York
3432020,STR-2406-JCXPPZ,155 Yorkville Ave,1517,M5R,Condominium,11,University-Rosedale
3432021,STR-2406-GQHBPT,40 Johnston Ave,,M2N,Single/Semi-detached House,18,Willowdale
3432022,STR-2406-HFVBPW,171 Garden Ave,,M6R,Single/Semi-detached House,4,Parkdale-High Park
3432023,STR-2406-JDPBPZ,138 Eileen Ave,,M6N,Single/Semi-detached House,5,York South-Weston
3432024,STR-2406-FJXPPP,50 Ashbury Ave,,M6E,Single/Semi-detached House,12,Toronto-St. Paul's
3432025,STR-2406-FZKPPR,123 Chester Ave,,M4K,Single/Semi-detached House,14,Toronto-Danforth
3432026,STR-2406-GYDPPV,100 Gloucester St,1101,M4Y,Apartment,13,Toronto Centre
3432027,STR-2406-HGKPPW,222 Elm St,819,M5T,Apartment,11,University-Rosedale
3432028,STR-2406-HPRPPX,353 Marlee Ave,,M6B,Apartment,8,Eglinton-Lawrence
3432029,STR-2406-HWXPPY,85 Pintail Cres,,M3A,Single/Semi-detached House,16,Don Valley East
3432030,STR-2406-FKPBPP,101 Peter St,1208,M5V,Condominium,10,Spadina-Fort York
3432031,STR-2406-FSVBPQ,109A Heale Ave,,M1N,Single/Semi-detached House,20,Scarborough Southwest
3432032,STR-2406-GBBBPR,101 Peter St,3703,M5V,Apartment,10,Spadina-Fort York
3432033,STR-2406-GYVBPV,34 Dixington Cres,212,M9P,Apartment,2,Etobicoke Centre
3432034,STR-2406-HHBBPW,21 Kirkdale Cres,,M3B,Single/Semi-detached House,15,Don Valley West
3432035,STR-2406-HQHBPX,735 Don Mills Rd,201,M3C,Condominium,16,Don Valley East
3432036,STR-2406-HXPBPY,2300 St Clair Ave W,913,M6N,Condominium,5,York South-Weston
3432037,STR-2406-JFVBPZ,2300 St Clair Ave W,1009,M6N,Condominium,5,York South-Weston
3432038,STR-2406-FLDPPP,2300 St Clair Ave W,323,M6N,Condominium,5,York South-Weston
3432039,STR-2406-FTKPPQ,2300 St Clair Ave W,725,M6N,Condominium,5,York South-Weston
3432040,STR-2406-GBRPPR,2300 St Clair Ave W,709,M6N,Condominium,5,York South-Weston
3432041,STR-2406-GSDPPT,84 Benson Ave,,M6G,Single/Semi-detached House,12,Toronto-St. Paul's
3432042,STR-2406-GZKPPV,148 Heward Ave,,M4M,Single/Semi-detached House,14,Toronto-Danforth
3432043,STR-2406-HQXPPX,55 Charles St E,1609,M4Y,Condominium,13,Toronto Centre
3432044,STR-2406-HYDPPY,473 Margueretta St,,M6H,Single/Semi-detached House,9,Davenport
3432045,STR-2406-FDQHPP,11 Shangarry Dr,,M1R,Single/Semi-detached House,21,Scarborough Centre
3432046,STR-2406-GCJHPS,16 Legato Crt,,M3B,Single/Semi-detached House,16,Don Valley East
3432047,STR-2406-GKQHPT,21 Iceboat Ter,3503,M5V,Condominium,10,Spadina-Fort York
3432048,STR-2406-GSWHPV,251 Manitoba St,805,M8Y,Condominium,3,Etobicoke-Lakeshore
3432049,STR-2406-HBCHPW,215 Fort York Blvd,1710,M5V,Condominium,10,Spadina-Fort York
3432050,STR-2406-HJJHPX,955 Bay St,3601,M5S,Condominium,13,Toronto Centre
3432051,STR-2406-HRQHPY,626 Manning Ave,,M6G,Single/Semi-detached House,11,University-Rosedale
3432052,STR-2406-FFFVPP,196 Audrey Ave,,M1N,Single/Semi-detached House,20,Scarborough Southwest
3432053,STR-2406-FMLVPQ,570 Oakwood Ave,,M6E,Duplex/Triplex/Fourplex,12,Toronto-St. Paul's
3432054,STR-2406-GCYVPS,24 Noble St,310,M6K,Condominium,4,Parkdale-High Park
3432055,STR-2406-GLFVPT,5 Capri Rd,1201,M9B,Apartment,2,Etobicoke Centre
3432056,STR-2406-HBSVPW,208 Queens Quay W,3412,M5J,Condominium,10,Spadina-Fort York
3432057,STR-2406-HJYVPX,11 Spadina Rd,,M5R,Single/Semi-detached House,11,University-Rosedale
3432058,STR-2406-HSFVPY,20 John St,418,M5V,Condominium,10,Spadina-Fort York
3432059,STR-2406-HZLVPZ,105 George St,1714,M5A,Condominium,13,Toronto Centre
3432060,STR-2406-FFWHPP,101 Peter St,3405,M5V,Condominium,10,Spadina-Fort York
3432061,STR-2406-FWJHPR,120 Homewood Ave,2802,M4Y,Condominium,13,Toronto Centre
3432062,STR-2406-GDQHPS,30 Nelson St,1010,M5V,Condominium,10,Spadina-Fort York
3432063,STR-2406-GLWHPT,23 Eleanor Ave,,M6E,Single/Semi-detached House,12,Toronto-St. Paul's
3432064,STR-2406-GVCHPV,55 Bremner Blvd,2902,M5J,Condominium,10,Spadina-Fort York
3432065,STR-2406-HKQHPX,14 York St,6406,M5J,Condominium,10,Spadina-Fort York
3432066,STR-2406-HSWHPY,20 Monte Kwinter Crt,505,M3H,Apartment,6,York Centre
3432067,STR-2406-JBCHPZ,174 Palmerston Ave,3,M6J,Apartment,11,University-Rosedale
3432068,STR-2406-FGLVPP,955 Bay St,2704,M5S,Condominium,13,Toronto Centre
3432069,STR-2406-FPSVPQ,215 Fort York Blvd,206,M5V,Condominium,10,Spadina-Fort York
3432070,STR-2406-FWYVPR,50 Orchid Place Dr,17,M1B,Condominium,23,Scarborough North
3432071,STR-2406-GFFVPS,99 Broadway Ave,2906,M4P,Condominium,12,Toronto-St. Paul's
3432072,STR-2407-GJPBPS,310 Tweedsmuir Ave,508,M5P,Apartment,12,Toronto-St. Paul's
3432073,STR-2406-GMLVPT,8 Ravenal St,2,M6N,Single/Semi-detached House,5,York South-Weston
3432074,STR-2406-HCYVPW,155 Legion Rd N,1801,M8Y,Condominium,3,Etobicoke-Lakeshore
3432075,STR-2406-HLFVPX,29 North Woodrow Blvd,,M1K,Single/Semi-detached House,20,Scarborough Southwest
3432076,STR-2406-JBSVPZ,787 Euclid Ave,,M6G,Single/Semi-detached House,11,University-Rosedale
3432077,STR-2406-GFWHPS,4 Wheeler Ave,,M4L,Single/Semi-detached House,19,Beaches-East York
3432078,STR-2406-GPCHPT,242 Roselawn Ave,,M4R,Single/Semi-detached House,8,Eglinton-Lawrence
3432079,STR-2406-GWJHPV,88 Cumberland St,2305,M5R,Condominium,11,University-Rosedale
3432080,STR-2406-HDQHPW,12 York St,3210,M5J,Apartment,10,Spadina-Fort York
3432081,STR-2406-HLWHPX,101 Peter St,3501,M5V,Condominium,10,Spadina-Fort York
3432082,STR-2406-HVCHPY,171 Duplex Ave,,M5P,Single/Semi-detached House,12,Toronto-St. Paul's
3432083,STR-2406-JCJHPZ,4448 Bathurst St,,M3H,Townhouse/ Row House,6,York Centre
3432084,STR-2406-FHSVPP,325 Warren Rd,,M5P,Single/Semi-detached House,12,Toronto-St. Paul's
3432085,STR-2406-FQYVPQ,65 Bremner Blvd,3101,M5J,Condominium,10,Spadina-Fort York
3432086,STR-2406-GGLVPS,638 Queen St W,Upper,M6J,Townhouse/ Row House,10,Spadina-Fort York
3432087,STR-2406-GWYVPV,98 Lillian St,2613,M4S,Condominium,12,Toronto-St. Paul's
3432088,STR-2406-HFFVPW,496 Queen St W,2,M5V,Apartment,10,Spadina-Fort York
3432089,STR-2406-JCYVPZ,50 Lynn Williams St,1203,M6K,Condominium,10,Spadina-Fort York
3432090,STR-2406-FRQHPQ,87 Baycrest Ave,,M6A,Single/Semi-detached House,8,Eglinton-Lawrence
3432091,STR-2406-FYWHPR,222 The Esplanade,925,M5A,Condominium,13,Toronto Centre
3432092,STR-2406-GHCHPS,560 Front St W,209,M5V,Condominium,10,Spadina-Fort York
3432093,STR-2406-GQJHPT,20 Cornwallis Dr,,M1P,Single/Semi-detached House,21,Scarborough Centre
3432094,STR-2406-GXQHPV,4 Aveline Cres,,M1H,Single/Semi-detached House,24,Scarborough-Guildwood
3432095,STR-2406-HFWHPW,251 Jarvis St,1225,M5B,Condominium,13,Toronto Centre
3432096,STR-2406-HPCHPX,58 Prust Ave,,M4L,Single/Semi-detached House,14,Toronto-Danforth
3432097,STR-2406-HWJHPY,101 Peter St,3111,M5V,Condominium,10,Spadina-Fort York
3432098,STR-2406-JDQHPZ,19 Greenberry Pl,,M1S,Single/Semi-detached House,22,Scarborough-Agincourt
3432099,STR-2406-FJYVPP,163 Portland St,404,M5V,Condominium,10,Spadina-Fort York
3432100,STR-2406-GYFVPV,14 York St,3608,M5J,Condominium,10,Spadina-Fort York
3432101,STR-2406-HGLVPW,394 Euclid Ave,202,M6G,Condominium,11,University-Rosedale
3432102,STR-2406-HPSVPX,151 Silver Birch Ave,,M4E,Single/Semi-detached House,19,Beaches-East York
3432103,STR-2406-HWYVPY,89 Bombay Ave,,M3H,Single/Semi-detached House,6,York Centre
3432104,STR-2406-JFFVPZ,98 Sexton Cres,,M2H,Single/Semi-detached House,17,Don Valley North
3432105,STR-2406-FKQHPP,1129 Dovercourt Rd,1,M6H,Duplex/Triplex/Fourplex,9,Davenport
3432106,STR-2406-GJJHPS,38 Bowood Ave,,M4N,Single/Semi-detached House,15,Don Valley West
3432107,STR-2406-GRQHPT,300 Front St W,3305,M5V,Condominium,10,Spadina-Fort York
3432108,STR-2406-GYWHPV,1222 King St W,2,M6K,Apartment,4,Parkdale-High Park
3432109,STR-2406-HHCHPW,430 Kingston Rd,,M4L,Townhouse/ Row House,19,Beaches-East York
3432110,STR-2406-FLFVPP,18 Symington Ave,1,M6P,Duplex/Triplex/Fourplex,9,Davenport
3432111,STR-2406-GBSVPR,151 Dan Leckie Way,1502,M5V,Condominium,10,Spadina-Fort York
3432112,STR-2406-GJYVPS,955 Bay St,1101,M5S,Condominium,13,Toronto Centre
3432113,STR-2406-GZLVPV,347 Cleveland St,AP2,M4S,Duplex/Triplex/Fourplex,15,Don Valley West
3432114,STR-2406-HHSVPW,100 Harrison Garden Blvd,1921,M2N,Condominium,18,Willowdale
3432115,STR-2406-HQYVPX,300 Front St W,2304,M5V,Condominium,10,Spadina-Fort York
3432116,STR-2406-FDRPPP,12 York St,5608,M5J,Condominium,10,Spadina-Fort York
3432117,STR-2406-FLXPPQ,47 Glenmore Rd,,M4L,Single/Semi-detached House,19,Beaches-East York
3432118,STR-2406-FVDPPR,98 Lillian St,1117,M4S,Condominium,12,Toronto-St. Paul's
3432119,STR-2406-GCKPPS,19 Rutherford Ave,BSMT,M6M,Single/Semi-detached House,5,York South-Weston
3432120,STR-2406-GKRPPT,12 Tiverton Ave,,M4M,Single/Semi-detached House,14,Toronto-Danforth
3432121,STR-2406-GSXPPV,1 King St W,3203,M5H,Condominium,13,Toronto Centre
3432122,STR-2406-HJKPPX,524 Bathurst St,,M5S,Townhouse/ Row House,11,University-Rosedale
3432123,STR-2406-HRRPPY,25 Heron Park Pl,3,M1E,Townhouse/ Row House,25,Scarborough-Rouge Park
3432124,STR-2406-FFHBPP,96 Wyndcliff Cres,,M4A,Single/Semi-detached House,16,Don Valley East
3432125,STR-2406-FMPBPQ,5 Linden St,,M4Y,Single/Semi-detached House,13,Toronto Centre
3432126,STR-2406-FVVBPR,300 Front St W,2313,M5V,Condominium,10,Spadina-Fort York
3432127,STR-2406-GDBBPS,48 Patika Ave,,M9N,Single/Semi-detached House,5,York South-Weston
3432128,STR-2406-GLHBPT,8 Widmer St,3701,M5V,Condominium,10,Spadina-Fort York
3432129,STR-2406-GTPBPV,101 Peter St,3709,M5V,Condominium,10,Spadina-Fort York
3432130,STR-2406-HBVBPW,215 Fort York Blvd,321,M5V,Condominium,10,Spadina-Fort York
3432131,STR-2406-HKBBPX,17 Bruton Rd,,M6N,Single/Semi-detached House,5,York South-Weston
3432132,STR-2406-HSHBPY,14 York St,3407,M5J,Condominium,10,Spadina-Fort York
3432133,STR-2406-FFXPPP,205 Prince Edward Dr S,,M8Y,Single/Semi-detached House,3,Etobicoke-Lakeshore
3432134,STR-2406-FPDPPQ,40 Edgar Ave,,M4W,Single/Semi-detached House,11,University-Rosedale
3432135,STR-2406-GDRPPS,111 McGillivray Ave,,M5M,Single/Semi-detached House,8,Eglinton-Lawrence
3432136,STR-2406-GVDPPV,12 Bonnycastle St,408,M5A,Condominium,10,Spadina-Fort York
3432137,STR-2406-HCKPPW,160 Vanderhoof Ave,703,M4G,Condominium,15,Don Valley West
3432138,STR-2406-HKRPPX,215 Fort York Blvd,1902,M5V,Condominium,10,Spadina-Fort York
3432139,STR-2406-JBDPPZ,101 Peter St,2405,M5V,Condominium,10,Spadina-Fort York
3432140,STR-2406-FGPBPP,3 Everson Dr,515,M2N,Townhouse/ Row House,18,Willowdale
3432141,STR-2406-FPVBPQ,740 Meadowvale Rd,,M1C,Single/Semi-detached House,25,Scarborough-Rouge Park
3432142,STR-2406-GFHBPS,14 York St,4606,M5J,Condominium,10,Spadina-Fort York
3432143,STR-2406-HDBBPW,21 Iceboat Ter,3302,M5V,Condominium,10,Spadina-Fort York
3432144,STR-2406-HTPBPY,98 Lillian St,2911,M4S,Condominium,12,Toronto-St. Paul's
3432145,STR-2406-JBVBPZ,998 St Clarens Ave,2,M6H,Duplex/Triplex/Fourplex,9,Davenport
3432146,STR-2406-GFXPPS,252 Victoria St,2108,M5B,Apartment,13,Toronto Centre
3432147,STR-2406-GWKPPV,55 Bishop Ave,,M2M,Single/Semi-detached House,18,Willowdale
3432148,STR-2406-HDRPPW,181 Wynford Dr,802,M3C,Condominium,16,Don Valley East
3432149,STR-2406-HLXPPX,300 Front St W,904,M5V,Condominium,10,Spadina-Fort York
3432150,STR-2406-HVDPPY,68 Harvard Ave,2nd Floor,M6R,Single/Semi-detached House,4,Parkdale-High Park
3432151,STR-2406-FHVBPP,65 Barrhead Cres,,M9W,Single/Semi-detached House,1,Etobicoke North
3432152,STR-2406-GPVBPT,108 George Henry Blvd,38,M2J,Townhouse/ Row House,17,Don Valley North
3432153,STR-2406-GXBBPV,560 Front St W,702,M5V,Condominium,10,Spadina-Fort York
3432154,STR-2406-HVVBPY,15 La Rose Ave,1410,M9P,Condominium,2,Etobicoke Centre
3432155,STR-2406-JDBBPZ,15 Iceboat Ter,2315,M5V,Condominium,10,Spadina-Fort York
3432156,STR-2406-FRRPPQ,219 Douglas Ave,,M5M,Single/Semi-detached House,8,Eglinton-Lawrence
3432157,STR-2406-FYXPPR,87 Peter St,905,M5V,Condominium,10,Spadina-Fort York
3432158,STR-2406-GQKPPT,101 Peter St,901,M5V,Condominium,10,Spadina-Fort York
3432159,STR-2406-HFXPPW,178 Brighton Ave,,M3H,Single/Semi-detached House,6,York Centre
3432160,STR-2406-HPDPPX,160 Vanderhoof Ave,1415,M4G,Condominium,15,Don Valley West
3432161,STR-2406-HWKPPY,300 Front St W,3103,M5V,Condominium,10,Spadina-Fort York
3432162,STR-2406-JDRPPZ,512 Bathurst St,0,M5S,Duplex/Triplex/Fourplex,11,University-Rosedale
3432163,STR-2406-FZPBPR,188 Cumberland St,811,M5R,Condominium,11,University-Rosedale
3432164,STR-2406-HGPBPW,55 Bremner Blvd,4808,M5J,Condominium,10,Spadina-Fort York
3432165,STR-2406-HXBBPY,1029 King St W,634,M6K,Condominium,10,Spadina-Fort York
3432166,STR-2406-FKRPPP,14 York St,909,M5J,Condominium,10,Spadina-Fort York
3432167,STR-2406-GBDPPR,15 Summerglade Dr,,M1S,Single/Semi-detached House,23,Scarborough North
3432168,STR-2406-GRRPPT,20 Minowan Miikan Lane,610,M6J,Condominium,9,Davenport
3432169,STR-2406-HQKPPX,21 Iceboat Ter,1701,M5V,Condominium,10,Spadina-Fort York
3432170,STR-2406-JFXPPZ,28 Winnifred Ave,,M4M,Single/Semi-detached House,14,Toronto-Danforth
3432171,STR-2406-GBVBPR,430 Brock Ave,,M6H,Single/Semi-detached House,9,Davenport
3432172,STR-2406-GSHBPT,618 Windermere Ave,,M6S,Single/Semi-detached House,4,Parkdale-High Park
3432173,STR-2406-GZPBPV,10 Martha Eaton Way,2005,M6M,Apartment,5,York South-Weston
3432174,STR-2406-HHVBPW,88 Cumberland St,2205,M5R,Condominium,11,University-Rosedale
3432175,STR-2406-HRBBPX,1209 Queen St E,2,M4M,Townhouse/ Row House,14,Toronto-Danforth
3432176,STR-2406-JGPBPZ,15 Viking Lane,2104,M9B,Condominium,3,Etobicoke-Lakeshore
3432177,STR-2406-FDSVPP,151 Dan Leckie Way,509,M5V,Condominium,10,Spadina-Fort York
3432178,STR-2406-FVFVPR,10 Haverson Blvd,,M6M,Single/Semi-detached House,5,York South-Weston
3432179,STR-2406-GCLVPS,58 Millersgrove Dr,2,M2R,Single/Semi-detached House,6,York Centre
3432180,STR-2406-GKSVPT,18 Brittany Crt,,M9P,Single/Semi-detached House,2,Etobicoke Centre
3432181,STR-2406-HJLVPX,151 Dan Leckie Way,2207,M5V,Condominium,10,Spadina-Fort York
3432182,STR-2406-HRSVPY,253 Maria St,,M6P,Townhouse/ Row House,4,Parkdale-High Park
3432183,STR-2406-HYYVPZ,2300 St Clair Ave W,814,M6N,Condominium,5,York South-Weston
3432184,STR-2406-FMQHPQ,4 Mayfair Ave,,M5N,Single/Semi-detached House,8,Eglinton-Lawrence
3432185,STR-2406-FVWHPR,10 Capreol Crt,819,M5V,Condominium,10,Spadina-Fort York
3432186,STR-2406-GDCHPS,88 Kingsview Blvd,,M9R,Single/Semi-detached House,1,Etobicoke North
3432187,STR-2406-GLJHPT,242 Aileen Ave,,M6M,Single/Semi-detached House,5,York South-Weston
3432188,STR-2406-GTQHPV,6 Thirty Fifth St,,M8W,Single/Semi-detached House,3,Etobicoke-Lakeshore
3432189,STR-2406-HKCHPX,300 Front St W,3208,M5V,Condominium,10,Spadina-Fort York
3432190,STR-2406-HSJHPY,151 Dan Leckie Way,247,M5V,Condominium,10,Spadina-Fort York
3432191,STR-2406-HZQHPZ,1987 Queen St E,1,M4L,Single/Semi-detached House,19,Beaches-East York
3432192,STR-2406-FPFVPQ,115 Chelwood Rd,,M1K,Single/Semi-detached House,20,Scarborough Southwest
3432193,STR-2406-FWLVPR,56 Westmoreland Ave,,M6H,Single/Semi-detached House,9,Davenport
3432194,STR-2406-GDSVPS,107 Braemar Ave,,M5P,Single/Semi-detached House,12,Toronto-St. Paul's
3432195,STR-2406-HCLVPW,23 Brant St,412,M5V,Condominium,10,Spadina-Fort York
3432196,STR-2406-HSYVPY,15 Iceboat Ter,2801,M5V,Condominium,10,Spadina-Fort York
3432197,STR-2406-GFJHPS,120 Homewood Ave,802,M4Y,Condominium,13,Toronto Centre
3432198,STR-2406-GMQHPT,80 John St,2201,M5V,Condominium,10,Spadina-Fort York
3432199,STR-2406-GVWHPV,73 Wayne Ave,,M1R,Single/Semi-detached House,21,Scarborough Centre
3432200,STR-2406-HLJHPX,55 Bremner Blvd,1505,M5J,Condominium,10,Spadina-Fort York
3432201,STR-2406-HTQHPY,151 Dan Leckie Way,742,M5V,Condominium,10,Spadina-Fort York
3432202,STR-2406-JBWHPZ,11 Hollingworth Dr,,M1P,Single/Semi-detached House,21,Scarborough Centre
3432203,STR-2406-FQLVPQ,251 Jarvis St,2715,M5B,Condominium,13,Toronto Centre
3432204,STR-2406-GFYVPS,42 Grangemill Cres,,M3B,Single/Semi-detached House,15,Don Valley West
3432205,STR-2406-GPFVPT,54 East Liberty St,1013,M6K,Townhouse/ Row House,10,Spadina-Fort York
3432206,STR-2406-HDSVPW,19 Bank St,,M6K,Single/Semi-detached House,9,Davenport
3432207,STR-2406-HLYVPX,14 York St,2311,M5J,Condominium,10,Spadina-Fort York
3432208,STR-2406-HVFVPY,101 Peter St,3309,M5V,Condominium,10,Spadina-Fort York
3432209,STR-2406-JCLVPZ,33 Shore Breeze Dr,2609,M8V,Condominium,3,Etobicoke-Lakeshore
3432210,STR-2406-FHWHPP,300 Front St W,4606,M5V,Condominium,10,Spadina-Fort York
3432211,STR-2409-GSVHPV,92 Bleecker St,,M4X,Townhouse/ Row House,13,Toronto Centre
3432212,STR-2406-FYJHPR,30 Lansdowne Ave,205,M6K,Apartment,4,Parkdale-High Park
3432213,STR-2406-GGQHPS,1650 Bathurst St,15,M5P,Apartment,12,Toronto-St. Paul's
3432214,STR-2406-GXCHPV,300 Front St W,2702,M5V,Condominium,10,Spadina-Fort York
3432215,STR-2406-HFJHPW,60 Ryerson Ave,,M5T,Single/Semi-detached House,10,Spadina-Fort York
3432216,STR-2406-JDCHPZ,188 Cumberland St,1710,M5R,Condominium,11,University-Rosedale
3432217,STR-2406-FJLVPP,3 Innisdale Dr,,M1R,Single/Semi-detached House,21,Scarborough Centre
3432218,STR-2406-FYYVPR,8 Wellesley St E,607,M4Y,Condominium,13,Toronto Centre
3432219,STR-2406-GHFVPS,209 Fort York Blvd,1661,M5V,Condominium,10,Spadina-Fort York
3432220,STR-2406-GQLVPT,155 Yorkville Ave,420,M5R,Condominium,11,University-Rosedale
3432221,STR-2406-GXSVPV,325 Wilfred Ave,,M2N,Single/Semi-detached House,18,Willowdale
3432222,STR-2406-HFYVPW,42 Charles St E,1009,M4Y,Condominium,11,University-Rosedale
3432223,STR-2406-HPFVPX,769A Pape Ave,,M4K,Single/Semi-detached House,14,Toronto-Danforth
3432224,STR-2406-HWLVPY,129 Marion St,2,M6R,Duplex/Triplex/Fourplex,4,Parkdale-High Park
3432225,STR-2406-FKCHPP,1153 Queen St W,210,M6J,Apartment,9,Davenport
3432226,STR-2406-GHWHPS,44 Glengarry Ave,,M5M,Single/Semi-detached House,8,Eglinton-Lawrence
3432227,STR-2406-GRCHPT,252 Victoria St,3709,M5B,Apartment,13,Toronto Centre
3432228,STR-2406-GYJHPV,39 Niagara St,1119,M5V,Apartment,10,Spadina-Fort York
3432229,STR-2406-HGQHPW,300 Front St W,703,M5V,Condominium,10,Spadina-Fort York
3432230,STR-2406-HPWHPX,300 Front St W,3812,M5V,Condominium,10,Spadina-Fort York
3432231,STR-2406-GJLVPS,88 Sheppard Ave E,10,M2N,Townhouse/ Row House,18,Willowdale
3432232,STR-2406-GRSVPT,40 Wexford Blvd,,M1R,Single/Semi-detached House,21,Scarborough Centre
3432233,STR-2406-GYYVPV,209 Fort York Blvd,771,M5V,Condominium,10,Spadina-Fort York
3432234,STR-2406-HHFVPW,14 York st,2409,M5J,Apartment,10,Spadina-Fort York
3432235,STR-2406-HXSVPY,20 John St,917,M5V,Apartment,10,Spadina-Fort York
3432236,STR-2406-FLJHPP,36 Park Lawn Rd,2707,M8V,Condominium,3,Etobicoke-Lakeshore
3432237,STR-2406-FTQHPQ,15 Iceboat Ter,2111,M5V,Condominium,10,Spadina-Fort York
3432238,STR-2406-GBWHPR,140 Symington Ave,,M6P,Single/Semi-detached House,9,Davenport
3432239,STR-2406-GKCHPS,300 Front St W,3501,M5V,Condominium,10,Spadina-Fort York
3432240,STR-2406-GSJHPT,32 Codsell Ave,,M3H,Single/Semi-detached House,6,York Centre
3432241,STR-2406-GZQHPV,44 Coldstream Ave,,M5N,Single/Semi-detached House,8,Eglinton-Lawrence
3432242,STR-2406-FDVBPP,106 Rameau Dr,,M2H,Single/Semi-detached House,17,Don Valley North
3432243,STR-2406-FMBBPQ,14 York St,5104,M5J,Condominium,10,Spadina-Fort York
3432244,STR-2406-FVHBPR,168 Simcoe St,1007,M5H,Condominium,10,Spadina-Fort York
3432245,STR-2406-GCPBPS,300 Front St W,3510,M5V,Condominium,10,Spadina-Fort York
3432246,STR-2406-HJPBPX,2419 Kennedy Rd,,M1T,Single/Semi-detached House,22,Scarborough-Agincourt
3432247,STR-2406-HRVBPY,825 Craven Rd,,M4L,Single/Semi-detached House,14,Toronto-Danforth
3432248,STR-2406-HZBBPZ,286 Main St,211,M4C,Condominium,19,Beaches-East York
3432249,STR-2406-FFKPPP,420 Mill Rd,1509,M9C,Apartment,2,Etobicoke Centre
3432250,STR-2406-FMRPPQ,599 Spadina Rd,,M5P,Single/Semi-detached House,12,Toronto-St. Paul's
3432251,STR-2406-GDDPPS,290 Eastwood Rd,,M4L,Single/Semi-detached House,19,Beaches-East York
3432252,STR-2406-GLKPPT,18 Rainsford Rd,,M4L,Single/Semi-detached House,19,Beaches-East York
3432253,STR-2406-GTRPPV,209 Fort York Blvd,775,M5V,Condominium,10,Spadina-Fort York
3432254,STR-2406-HBXPPW,51 Boswell Ave,,M5R,Single/Semi-detached House,11,University-Rosedale
3432255,STR-2406-HKDPPX,38 Rockland Dr,,M2M,Single/Semi-detached House,17,Don Valley North
3432256,STR-2406-HSKPPY,66 Clapperton Ave,,M1L,Single/Semi-detached House,20,Scarborough Southwest
3432257,STR-2406-HZRPPZ,49 East Liberty St,1008,M6K,Condominium,10,Spadina-Fort York
3432258,STR-2406-FGBBPP,251 Jarvis St,4306,M5B,Condominium,13,Toronto Centre
3432259,STR-2406-FPHBPQ,251 Jarvis St,915,M5B,Condominium,13,Toronto Centre
3432260,STR-2406-FWPBPR,50 Bruyeres Mews,309,M5V,Condominium,10,Spadina-Fort York
3432261,STR-2406-GDVBPS,1440 Military Trl,,M1C,Single/Semi-detached House,25,Scarborough-Rouge Park
3432262,STR-2406-GMBBPT,5600 Sheppard Ave E,504,M1B,Condominium,23,Scarborough North
3432263,STR-2406-HCPBPW,30 Edith Dr,202,M4R,Apartment,8,Eglinton-Lawrence
3432264,STR-2406-HTBBPY,231 Fort York Blvd,421,M5V,Condominium,10,Spadina-Fort York
3432265,STR-2406-JBHBPZ,141 Hope St,,M6E,Single/Semi-detached House,9,Davenport
3432266,STR-2406-FPXPPQ,300 Front St W,3407,M5V,Condominium,10,Spadina-Fort York
3432267,STR-2406-GMRPPT,3 Alpine Ave,,M6P,Single/Semi-detached House,9,Davenport
3432268,STR-2406-GVXPPV,11 Thorncliffe Park Dr,607,M4H,Condominium,15,Don Valley West
3432269,STR-2406-HDDPPW,30 Nelson St,1508,M5V,Condominium,10,Spadina-Fort York
3432270,STR-2407-FHHBPP,101 Peter St,3801,M5V,Condominium,10,Spadina-Fort York
3432271,STR-2407-FQPBPQ,28 Linden St,101,M4Y,Condominium,13,Toronto Centre
3432272,STR-2407-FXVBPR,150 Broadview Ave,20,M4M,Townhouse/ Row House,14,Toronto-Danforth
3432273,STR-2407-GPHBPT,100 Wellesley St E,902,M4Y,Apartment,13,Toronto Centre
3432274,STR-2407-GWPBPV,10 Combermere Dr,,M3A,Single/Semi-detached House,16,Don Valley East
3432275,STR-2407-HMBBPX,390 Queens Quay  W,305,M5V,Apartment,10,Spadina-Fort York
3432276,STR-2407-HVHBPY,1A Bansley Ave,304,M6E,Apartment,12,Toronto-St. Paul's
3432277,STR-2407-FHXPPP,64 Bellevue Ave,,M5T,Townhouse/ Row House,11,University-Rosedale
3432278,STR-2407-FRDPPQ,700 King St W,517,M5V,Condominium,10,Spadina-Fort York
3432279,STR-2407-GPXPPT,543 Richmond St W,1229,M5V,Condominium,10,Spadina-Fort York
3432280,STR-2407-GXDPPV,628 Rexdale Blvd,3,M9W,Townhouse/ Row House,1,Etobicoke North
3432281,STR-2407-HVXPPY,192 Willow Ave,,M4E,Single/Semi-detached House,19,Beaches-East York
3432282,STR-2407-JDDPPZ,136 Avenue Rd,Unit A,M5R,Single/Semi-detached House,11,University-Rosedale
3432283,STR-2407-FJPBPP,55 Stewart St,824,M5V,Condominium,10,Spadina-Fort York
3432284,STR-2407-FRVBPQ,30 Allview Cres,,M2J,Single/Semi-detached House,17,Don Valley North
3432285,STR-2407-FZBBPR,76 King Edward Ave,,M4C,Single/Semi-detached House,19,Beaches-East York
3432286,STR-2407-GHHBPS,189 Hallmark Ave,,M8W,Single/Semi-detached House,3,Etobicoke-Lakeshore
3432287,STR-2407-GQPBPT,21 Alcan Ave,,M8W,Single/Semi-detached House,3,Etobicoke-Lakeshore
3432288,STR-2407-JDVBPZ,550 Jarvis St,814,M4Y,Apartment,13,Toronto Centre
3432289,STR-2407-FKDPPP,1439 Dundas St E,A,M4M,Duplex/Triplex/Fourplex,14,Toronto-Danforth
3432290,STR-2407-FZRPPR,688B Midland Ave,,M1K,Single/Semi-detached House,20,Scarborough Southwest
3432291,STR-2407-GHXPPS,87 Peter St,2712,M5V,Condominium,10,Spadina-Fort York
3432292,STR-2407-GRDPPT,255 Birkdale Rd,,M1P,Single/Semi-detached House,21,Scarborough Centre
3432293,STR-2407-HGRPPW,15 Iceboat Ter,PH15,M5V,Condominium,10,Spadina-Fort York
3432294,STR-2407-HXDPPY,155 Yorkville Ave,407,M5R,Condominium,11,University-Rosedale
3432295,STR-2407-JFKPPZ,3 Violet Ave,,M4E,Single/Semi-detached House,19,Beaches-East York
3432296,STR-2407-FKVBPP,21 Iceboat Ter,2301,M5V,Condominium,10,Spadina-Fort York
3432297,STR-2407-FTBBPQ,41 Lawnside Dr,,M6L,Single/Semi-detached House,5,York South-Weston
3432298,STR-2407-GBHBPR,97 Westbourne Ave,,M1L,Duplex/Triplex/Fourplex,20,Scarborough Southwest
3432299,STR-2407-GRVBPT,100 Booth Ave,,M4M,Townhouse/ Row House,14,Toronto-Danforth
3432300,STR-2407-HHHBPW,459 The Kingsway,,M9A,Single/Semi-detached House,2,Etobicoke Centre
3432301,STR-2407-HXVBPY,851 Sheppard Ave W,TH 9,M3H,Townhouse/ Row House,6,York Centre
3432302,STR-2407-JGBBPZ,8 Edgewood Cres,,M4W,Single/Semi-detached House,11,University-Rosedale
3432303,STR-2407-FLKPPP,797 Don Mills Rd,1506,M3C,Condominium,16,Don Valley East
3432304,STR-2407-FTRPPQ,188 Cumberland St,1502,M5R,Condominium,11,University-Rosedale
3432305,STR-2407-GBXPPR,14 York St,408,M5J,Condominium,10,Spadina-Fort York
3432306,STR-2410-JDRVPZ,955 Bay St,1105,M5S,Condominium,13,Toronto Centre
3432307,STR-2407-GSKPPT,73 Richmond St W,309,M5H,Apartment,10,Spadina-Fort York
3432308,STR-2407-GZRPPV,36 Park Lawn Rd,3909,M8V,Condominium,3,Etobicoke-Lakeshore
3432309,STR-2407-HRDPPX,251 Jarvis St,309,M5B,Condominium,13,Toronto Centre
3432310,STR-2407-FDWHPP,219 Fort York Blvd,1603,M5V,Condominium,10,Spadina-Fort York
3432311,STR-2407-FMCHPQ,10 Capreol Crt,347,M5V,Condominium,10,Spadina-Fort York
3432312,STR-2407-FVJHPR,300 Front St W,203,M5V,Condominium,10,Spadina-Fort York
3432313,STR-2407-GCQHPS,179 Humewood Dr,,M6C,Single/Semi-detached House,12,Toronto-St. Paul's
3432314,STR-2407-GTCHPV,5 Hanna Ave,544,M6K,Condominium,10,Spadina-Fort York
3432315,STR-2407-HBJHPW,185 Roehampton Ave,1204,M4P,Condominium,12,Toronto-St. Paul's
3432316,STR-2407-FFLVPP,921 Palmerston Ave,,M6G,Single/Semi-detached House,11,University-Rosedale
3432317,STR-2407-FMSVPQ,86 Lindsey Ave,,M6H,Single/Semi-detached House,9,Davenport
3432318,STR-2407-GDFVPS,167 Sellers Ave,,M6E,Single/Semi-detached House,9,Davenport
3432319,STR-2407-GLLVPT,101 Peter St,1709,M5V,Condominium,10,Spadina-Fort York
3432320,STR-2407-HKFVPX,70 Athabaska Ave,,M2M,Single/Semi-detached House,18,Willowdale
3432321,STR-2407-HZSVPZ,422 Lake Shore Blvd W,G03,M5V,Condominium,10,Spadina-Fort York
3432322,STR-2407-FGCHPP,4208 Dundas St W,412,M8X,Condominium,2,Etobicoke Centre
3432323,STR-2407-FPJHPQ,2720 Dundas St W,801,M6P,Condominium,4,Parkdale-High Park
3432324,STR-2407-GDWHPS,210 Victoria St,2010,M5B,Condominium,13,Toronto Centre
3432325,STR-2407-GMCHPT,21 Carlton St,3308,M5B,Condominium,13,Toronto Centre
3432326,STR-2407-HCQHPW,87 Peter St,4101,M5V,Condominium,10,Spadina-Fort York
3432327,STR-2407-HKWHPX,14 York St,4810,M5J,Condominium,10,Spadina-Fort York
3432328,STR-2407-HTCHPY,923 Royal York Rd,,M8Y,Single/Semi-detached House,3,Etobicoke-Lakeshore
3432329,STR-2407-FGSVPP,35 Balmuto St,1707,M4Y,Condominium,11,University-Rosedale
3432330,STR-2407-FXFVPR,57 Haviland Dr,,M1C,Single/Semi-detached House,25,Scarborough-Rouge Park
3432331,STR-2407-GFLVPS,10 Park Lawn Rd,705,M8V,Condominium,3,Etobicoke-Lakeshore
3432332,STR-2407-GMSVPT,32 Camden St,508,M5V,Condominium,10,Spadina-Fort York
3432333,STR-2407-GVYVPV,26 Rowley Ave,,M4P,Townhouse/ Row House,15,Don Valley West
3432334,STR-2407-FQQHPQ,19 Shipman St,,M6P,Single/Semi-detached House,4,Parkdale-High Park
3432335,STR-2407-GPJHPT,15 Iceboat Ter,3316,M5V,Condominium,10,Spadina-Fort York
3432336,STR-2407-HDWHPW,6 Grittani Lane,,M1S,Single/Semi-detached House,23,Scarborough North
3432337,STR-2407-HMCHPX,10 Lochinvar Cres,,M3A,Single/Semi-detached House,16,Don Valley East
3432338,STR-2407-HVJHPY,120 Homewood Ave,903,M4Y,Condominium,13,Toronto Centre
3432339,STR-2407-JCQHPZ,639 Lawrence Ave W,105,M6A,Townhouse/ Row House,8,Eglinton-Lawrence
3432340,STR-2407-FRFVPQ,12 York St,4903,M5J,Condominium,10,Spadina-Fort York
3432341,STR-2407-FYLVPR,3 Rondeau Dr,,M2H,Single/Semi-detached House,17,Don Valley North
3432342,STR-2407-GXFVPV,101 Peter St,2803,M5V,Condominium,10,Spadina-Fort York
3432343,STR-2407-HMSVPX,299 Robina Ave,,M6C,Single/Semi-detached House,12,Toronto-St. Paul's
3432344,STR-2407-JDFVPZ,60 Colborne St,504,M5E,Condominium,13,Toronto Centre
3432345,STR-2407-FRWHPQ,1 Crescentwood Rd,,M1N,Single/Semi-detached House,20,Scarborough Southwest
3432346,STR-2407-GQQHPT,118 Fifth St,,M8V,Duplex/Triplex/Fourplex,3,Etobicoke-Lakeshore
3432347,STR-2407-HGCHPW,165 Legion Rd N,2331,M8Y,Condominium,3,Etobicoke-Lakeshore
3432348,STR-2407-GMXPPT,1557 Midland Ave,,M1P,Townhouse/ Row House,21,Scarborough Centre
3432349,STR-2407-HWQHPY,201 Carlaw Ave,L6,M4M,Condominium,14,Toronto-Danforth
3432350,STR-2407-FSLVPQ,955 Bay St,316,M5S,Condominium,13,Toronto Centre
3432351,STR-2407-GHYVPS,740 Kennedy Rd,3,M1K,Townhouse/ Row House,20,Scarborough Southwest
3432352,STR-2407-GYLVPV,300 Front St W,301,M5V,Condominium,10,Spadina-Fort York
3432353,STR-2410-FXDVPR,281 Lisgar St,B,M6J,Single/Semi-detached House,9,Davenport
3432354,STR-2407-HGSVPW,210 Victoria St,608,M5B,Condominium,13,Toronto Centre
3432355,STR-2407-JFLVPZ,87 Peter St,3316,M5V,Condominium,10,Spadina-Fort York
3432356,STR-2407-FTCHPQ,88 Cumberland St,1108,M5R,Condominium,11,University-Rosedale
3432357,STR-2407-GRWHPT,1553 Bloor St W,1,M6P,Apartment,4,Parkdale-High Park
3432358,STR-2407-GZCHPV,1030 King St W,1044,M6K,Condominium,10,Spadina-Fort York
3432359,STR-2407-HHJHPW,942 Yonge St,722,M4W,Condominium,11,University-Rosedale
3432360,STR-2407-HQQHPX,39 Danforth Rd,219,M1L,Townhouse/ Row House,20,Scarborough Southwest
3432361,STR-2407-JGCHPZ,231 Fort York Blvd,431,M5V,Condominium,10,Spadina-Fort York
3432362,STR-2407-FLLVPP,43 Dunsfold Dr,,M1B,Single/Semi-detached House,23,Scarborough North
3432363,STR-2407-GBYVPR,21 Iceboat Ter,4912,M5V,Condominium,10,Spadina-Fort York
3432364,STR-2407-GKFVPS,5 Saywell Ave,,M3J,Single/Semi-detached House,7,Humber River-Black Creek
3432365,STR-2407-GZSVPV,215 Fort York Blvd,2311,M5V,Condominium,10,Spadina-Fort York
3432366,STR-2407-HRFVPX,19 Grand Trunk Cres,1715,M5J,Condominium,10,Spadina-Fort York
3432367,STR-2407-FDXPPP,46 Festival Dr,,M2R,Single/Semi-detached House,6,York Centre
3432368,STR-2407-FMDPPQ,33 Vanguard Dr,,M9B,Single/Semi-detached House,2,Etobicoke Centre
3432369,STR-2407-FVKPPR,15 Iceboat Ter,1705,M5V,Condominium,10,Spadina-Fort York
3432370,STR-2407-GCRPPS,589 Rhodes Ave,,M4J,Duplex/Triplex/Fourplex,14,Toronto-Danforth
3432371,STR-2407-GTDPPV,33 Empress Ave,2315,M2N,Condominium,18,Willowdale
3432372,STR-2407-HBKPPW,4689 Jane St,302,M3N,Condominium,7,Humber River-Black Creek
3432373,STR-2407-HRXPPY,10 Drummond St,506,M8V,Townhouse/ Row House,3,Etobicoke-Lakeshore
3432374,STR-2407-HZDPPZ,298 Highfield Rd,,M4L,Single/Semi-detached House,14,Toronto-Danforth
3432375,STR-2407-FFPBPP,568 Caledonia Rd,,M6E,Single/Semi-detached House,9,Davenport
3432376,STR-2407-FMVBPQ,105 Catalina Dr,,M1M,Single/Semi-detached House,24,Scarborough-Guildwood
3432377,STR-2407-FWBBPR,341 Cosburn Ave,,M4J,Single/Semi-detached House,14,Toronto-Danforth
3432378,STR-2407-GDHBPS,36 Thorndale Ave,,M8X,Single/Semi-detached House,3,Etobicoke-Lakeshore
3432379,STR-2407-GLPBPT,1230 Bloor St W,2,M6H,Apartment,9,Davenport
3432380,STR-2407-HCBBPW,101 Russell Hill Rd,,M4V,Single/Semi-detached House,12,Toronto-St. Paul's
3432381,STR-2407-HKHBPX,3 Mansion Ave,,M1L,Single/Semi-detached House,20,Scarborough Southwest
3432382,STR-2407-FGDPPP,151 Dan Leckie Way,606,M5V,Condominium,10,Spadina-Fort York
3432383,STR-2407-FPKPPQ,1525 Pharmacy Ave,,M1R,Single/Semi-detached House,21,Scarborough Centre
3432384,STR-2407-FWRPPR,251 Jarvis St,615,M5B,Condominium,13,Toronto Centre
3432385,STR-2407-GDXPPS,955 Bay St,802,M5S,Condominium,13,Toronto Centre
3432386,STR-2407-HKXPPX,320 Glen Park Ave,,M6B,Single/Semi-detached House,8,Eglinton-Lawrence
3432387,STR-2407-JBKPPZ,215 Monarch Park Ave,,M4J,Single/Semi-detached House,14,Toronto-Danforth
3432388,STR-2407-FGVBPP,2 Eva Rd,1130,M9C,Condominium,2,Etobicoke Centre
3432389,STR-2407-GMVBPT,296 Borden St,,M5S,Single/Semi-detached House,11,University-Rosedale
3432390,STR-2407-HDHBPW,477 Richmond St W,808,M5V,Condominium,10,Spadina-Fort York
3432391,STR-2407-HTVBPY,1A Ardell Ave,,M1L,Single/Semi-detached House,20,Scarborough Southwest
3432392,STR-2407-JCBBPZ,60 Summerside Cres,,M2H,Single/Semi-detached House,17,Don Valley North
3432393,STR-2407-FHKPPP,30 Muriel Ave,,M4J,Single/Semi-detached House,14,Toronto-Danforth
3432394,STR-2407-FQRPPQ,99 John St,1001,M5V,Condominium,10,Spadina-Fort York
3432395,STR-2407-FXXPPR,87 Peter St,1906,M5V,Condominium,10,Spadina-Fort York
3432396,STR-2407-GGDPPS,245 Carlaw Ave,305,M4M,Condominium,14,Toronto-Danforth
3432397,STR-2407-GPKPPT,300 Front St W,3514,M5V,Condominium,10,Spadina-Fort York
3432398,STR-2407-HMDPPX,14 York St,4409,M5J,Condominium,10,Spadina-Fort York
3432399,STR-2407-JCRPPZ,128 Shawnee Crcl,,M2H,Townhouse/ Row House,17,Don Valley North
3432400,STR-2407-FJBBPP,9 Thirtieth St,3,M8W,Townhouse/ Row House,3,Etobicoke-Lakeshore
3432401,STR-2407-FRHBPQ,52 Sedgebrook Cres,,M9B,Single/Semi-detached House,2,Etobicoke Centre
3432402,STR-2407-FYPBPR,105 George St,1608,M5A,Condominium,13,Toronto Centre
3432403,STR-2407-GQBBPT,560 Front St W,1130,M5V,Condominium,10,Spadina-Fort York
3432404,STR-2407-HFPBPW,200 Sudbury St,201,M6J,Condominium,9,Davenport
3432405,STR-2407-HMVBPX,67 Scott Rd,,M6M,Single/Semi-detached House,5,York South-Weston
3432406,STR-2407-HWBBPY,67 Banff Rd,,M4S,Single/Semi-detached House,15,Don Valley West
3432407,STR-2407-FRXPPQ,65 Bremner Blvd,1111,M5J,Condominium,10,Spadina-Fort York
3432408,STR-2407-GHKPPS,2 Eva Rd,1028,M9C,Condominium,2,Etobicoke Centre
3432409,STR-2407-GQRPPT,20 Wade Ave,401,M6H,Condominium,9,Davenport
3432410,STR-2407-GXXPPV,28 Glenora Ave,,M6C,Single/Semi-detached House,12,Toronto-St. Paul's
3432411,STR-2407-FSPBPQ,300 Front St W,4209,M5V,Condominium,10,Spadina-Fort York
3432412,STR-2407-FZVBPR,225 Village Green Sq,2706,M1S,Condominium,22,Scarborough-Agincourt
3432413,STR-2407-GJBBPS,21 Victor Ave,,M8V,Single/Semi-detached House,3,Etobicoke-Lakeshore
3432414,STR-2407-GRHBPT,58 Garnier Crt,,M2M,Single/Semi-detached House,17,Don Valley North
3432415,STR-2407-GYPBPV,10 Cardwell Ave,28,M1S,Townhouse/ Row House,22,Scarborough-Agincourt
3432416,STR-2407-HGVBPW,12 York St,5304,M5J,Condominium,10,Spadina-Fort York
3432417,STR-2407-HQBBPX,62 Mooreshead Dr,,M9C,Single/Semi-detached House,2,Etobicoke Centre
3432418,STR-2407-JFPBPZ,212 Cocksfield Ave,,M3H,Single/Semi-detached House,6,York Centre
3432419,STR-2407-FTDPPQ,15 Foxley St,,M6J,Townhouse/ Row House,10,Spadina-Fort York
3432420,STR-2407-GJRPPS,88 Sheppard Ave E,3303,M2N,Condominium,18,Willowdale
3432421,STR-2407-GZDPPV,251 Jarvis St,219,M5B,Condominium,13,Toronto Centre
3432422,STR-2407-HHKPPW,151 Dan Leckie Way,939,M5V,Condominium,10,Spadina-Fort York
3432423,STR-2407-HXXPPY,1369 Bloor St W,408,M6P,Condominium,9,Davenport
3432424,STR-2407-JGDPPZ,8 Tynevale Dr,,M9R,Single/Semi-detached House,2,Etobicoke Centre
3432425,STR-2407-FTVBPQ,210 Victoria St,2812,M5B,Condominium,13,Toronto Centre
3432426,STR-2407-GCBBPR,17 Cabot Crt,,M9A,Single/Semi-detached House,3,Etobicoke-Lakeshore
3432427,STR-2407-GKHBPS,543C Parliament St,,M4X,Townhouse/ Row House,13,Toronto Centre
3432428,STR-2407-GZVBPV,21 Iceboat Ter,4306,M5V,Condominium,10,Spadina-Fort York
3432429,STR-2407-HJBBPW,34 Bond Ave,,M3B,Townhouse/ Row House,16,Don Valley East
3432430,STR-2407-HRHBPX,101 Peter St,2710,M5V,Condominium,10,Spadina-Fort York
3432431,STR-2407-HYPBPY,101 Peter St,2802,M5V,Condominium,10,Spadina-Fort York
3432432,STR-2407-JGVBPZ,101 Peter St,2903,M5V,Condominium,10,Spadina-Fort York
3432433,STR-2407-FMFVPQ,101 Peter St,3205,M5V,Condominium,10,Spadina-Fort York
3432434,STR-2407-GCSVPS,10 Symes Rd,101,M6N,Townhouse/ Row House,5,York South-Weston
3432435,STR-2407-GKYVPT,14 Symes Rd,103,M6N,Townhouse/ Row House,5,York South-Weston
3432436,STR-2407-HBLVPW,14 York St,2004,M5J,Condominium,10,Spadina-Fort York
3432437,STR-2407-HJSVPX,194 Clendenan Ave,,M6P,Single/Semi-detached House,4,Parkdale-High Park
3432438,STR-2407-HRYVPY,101 Peter St,2106,M5V,Condominium,10,Spadina-Fort York
3432439,STR-2407-HZFVPZ,105 George St,1801,M5A,Condominium,13,Toronto Centre
3432440,STR-2407-FFQHPP,6 Walgreen Crt,,M1T,Single/Semi-detached House,22,Scarborough-Agincourt
3432441,STR-2407-HCFVPW,125 Huron St,,M5T,Single/Semi-detached House,11,University-Rosedale
3432442,STR-2407-FMWHPQ,36 Zorra St,2801,M8Z,Condominium,3,Etobicoke-Lakeshore
3432443,STR-2407-FWCHPR,439 Parliament St,201,M5A,Apartment,13,Toronto Centre
3432444,STR-2407-GDJHPS,219 Fort York Blvd,804,M5V,Condominium,10,Spadina-Fort York
3432445,STR-2407-GLQHPT,270 Dufferin St,711,M6K,Condominium,4,Parkdale-High Park
3432446,STR-2407-HZWHPZ,20 Joe Shuster Way,807,M6K,Condominium,10,Spadina-Fort York
3432447,STR-2407-FGFVPP,62 Jeremiah Lane,,M1J,Townhouse/ Row House,24,Scarborough-Guildwood
3432448,STR-2407-FWSVPR,146 Close Ave,2,M6K,Single/Semi-detached House,4,Parkdale-High Park
3432449,STR-2407-GDYVPS,15 Iceboat Ter,932,M5V,Condominium,10,Spadina-Fort York
3432450,STR-2407-GMFVPT,1201 Dovercourt Rd,,M6H,Single/Semi-detached House,9,Davenport
3432451,STR-2407-GVLVPV,42 Fifeshire Rd,,M2L,Single/Semi-detached House,15,Don Valley West
3432452,STR-2407-HCSVPW,151 Dan Leckie Way,316,M5V,Condominium,10,Spadina-Fort York
3432453,STR-2407-HKYVPX,44 Gerrard St W,503,M5G,Condominium,11,University-Rosedale
3432454,STR-2407-HTFVPY,209 Fort York Blvd,777,M5V,Condominium,10,Spadina-Fort York
3432455,STR-2407-JBLVPZ,10 Capreol Crt,1102,M5V,Condominium,10,Spadina-Fort York
3432456,STR-2407-FGWHPP,2 Gloucester St,303,M4Y,Condominium,13,Toronto Centre
3432457,STR-2407-FXJHPR,80 Harrison Garden Blvd,1728,M2N,Condominium,18,Willowdale
3432458,STR-2407-GFQHPS,142 Palmerston Ave,,M6J,Single/Semi-detached House,10,Spadina-Fort York
3432459,STR-2407-GWCHPV,6 Eva Rd,305,M9C,Condominium,2,Etobicoke Centre
3432460,STR-2407-HLQHPX,26 Fairview Blvd,,M4K,Single/Semi-detached House,14,Toronto-Danforth
3432461,STR-2407-FHLVPP,38 Tecumseth St,,M5V,Single/Semi-detached House,10,Spadina-Fort York
3432462,STR-2407-FQSVPQ,135 Lower Sherbourne St,1064,M5A,Apartment,13,Toronto Centre
3432463,STR-2407-FXYVPR,20 John St,619,M5V,Condominium,10,Spadina-Fort York
3432464,STR-2407-GPLVPT,11 Walmer Rd,502,M5R,Apartment,11,University-Rosedale
3432465,STR-2407-GWSVPV,54 Garnock Ave,,M4K,Single/Semi-detached House,14,Toronto-Danforth
3432466,STR-2407-HDYVPW,3 Selby St,,M4Y,Townhouse/ Row House,13,Toronto Centre
3432467,STR-2407-HMFVPX,1251 King St W,201,M6K,Condominium,4,Parkdale-High Park
3432468,STR-2407-HVLVPY,17 Farmstead Rd,907,M2L,Condominium,15,Don Valley West
3432469,STR-2407-JCSVPZ,31 Edinburgh Dr,,M3H,Single/Semi-detached House,6,York Centre
3432470,STR-2407-FJCHPP,10 Capreol Crt,523,M5V,Condominium,10,Spadina-Fort York
3432471,STR-2407-FRJHPQ,110 Gristone Cres,,M1X,Townhouse/ Row House,25,Scarborough-Rouge Park
3432472,STR-2407-FYQHPR,87 Peter St,2902,M5V,Condominium,10,Spadina-Fort York
3432473,STR-2407-GGWHPS,18 Yonge St,2401,M5E,Condominium,10,Spadina-Fort York
3432474,STR-2407-GQCHPT,209 Fort York Blvd,356,M5V,Condominium,10,Spadina-Fort York
3432475,STR-2407-HMWHPX,55 Triller Ave,203,M6R,Apartment,4,Parkdale-High Park
3432476,STR-2407-JDJHPZ,173 Caribou Rd,,M5N,Single/Semi-detached House,8,Eglinton-Lawrence
3432477,STR-2407-FJSVPP,72 Eaton Ave,,M4J,Single/Semi-detached House,14,Toronto-Danforth
3432478,STR-2407-FRYVPQ,47 Lower River St,541,M5A,Condominium,13,Toronto Centre
3432479,STR-2407-FZFVPR,151 Dan Leckie Way,749,M5V,Condominium,10,Spadina-Fort York
3432480,STR-2407-GHLVPS,55 Bremner Blvd,2307,M5J,Condominium,10,Spadina-Fort York
3432481,STR-2407-GQSVPT,49 Columbine Ave,,M4L,Single/Semi-detached House,19,Beaches-East York
3432482,STR-2407-GXYVPV,6 Harbourview Cres,,M8V,Townhouse/ Row House,3,Etobicoke-Lakeshore
3432483,STR-2407-FKJHPP,248 Torresdale Ave,,M2R,Single/Semi-detached House,6,York Centre
3432484,STR-2407-FSQHPQ,90 Park Lawn Rd,716,M8Y,Condominium,3,Etobicoke-Lakeshore
3432485,STR-2407-FZWHPR,1169 Queen St W,G719,M6J,Condominium,9,Davenport
3432486,STR-2407-GJCHPS,155 Yorkville Ave,2220,M5R,Condominium,11,University-Rosedale
3432487,STR-2407-GRJHPT,637 Lake Shore Blvd W,415,M5V,Condominium,10,Spadina-Fort York
3432488,STR-2407-GYQHPV,30 Nelson St,3406,M5V,Condominium,10,Spadina-Fort York
3432489,STR-2407-HGWHPW,7 Marshall St,,M6K,Single/Semi-detached House,9,Davenport
3432490,STR-2407-HXJHPY,185 Emerson Ave,,M6H,Single/Semi-detached House,9,Davenport
3432491,STR-2407-FKYVPP,1525 Pharmacy Ave,,M1R,Single/Semi-detached House,21,Scarborough Centre
3432492,STR-2407-FTFVPQ,16 Yonge St,3311,M5E,Condominium,10,Spadina-Fort York
3432493,STR-2407-GBLVPR,35 Bastion St,507,M5V,Condominium,10,Spadina-Fort York
3432494,STR-2407-GJSVPS,628 Fleet St,1911,M5V,Condominium,10,Spadina-Fort York
3432495,STR-2407-GRYVPT,300 Front St W,2009,M5V,Condominium,10,Spadina-Fort York
3432496,STR-2407-GZFVPV,35 Balmuto St,1503,M4Y,Condominium,11,University-Rosedale
3432497,STR-2407-HHLVPW,21 Iceboat Ter,3512,M5V,Condominium,10,Spadina-Fort York
3432498,STR-2407-HQSVPX,101 Peter St,2202,M5V,Condominium,10,Spadina-Fort York
3432499,STR-2407-HXYVPY,151 Dan Leckie Way,1203,M5V,Condominium,10,Spadina-Fort York
3432500,STR-2407-JGFVPZ,832 Bay St,2603,M5S,Condominium,11,University-Rosedale
3432501,STR-2407-FLQHPP,21 Iceboat Ter,4611,M5V,Condominium,10,Spadina-Fort York
3432502,STR-2407-FTWHPQ,35 Bastion St,2014,M5V,Condominium,10,Spadina-Fort York
3432503,STR-2407-GCCHPR,1218 Brimley Rd,,M1P,Single/Semi-detached House,21,Scarborough Centre
3432504,STR-2407-HXLVPY,167 Perth Ave,,M6P,Single/Semi-detached House,9,Davenport
3432505,STR-2407-GKJHPS,454 Montrose Ave,1,M6G,Single/Semi-detached House,11,University-Rosedale
3432506,STR-2407-GZWHPV,53 Chine Dr,,M1M,Single/Semi-detached House,20,Scarborough Southwest
3432507,STR-2407-HJCHPW,51 Dorset Rd,,M1M,Single/Semi-detached House,20,Scarborough Southwest
3432508,STR-2407-HRJHPX,6 Welbrooke Pl,,M9B,Single/Semi-detached House,2,Etobicoke Centre
3432509,STR-2407-FFBBPP,12 York St,5704,M5J,Condominium,10,Spadina-Fort York
3432510,STR-2407-FMHBPQ,15 Carey Rd,,M4S,Single/Semi-detached House,12,Toronto-St. Paul's
3432511,STR-2407-FVPBPR,251 Jarvis St,4401,M5B,Condominium,13,Toronto Centre
3432512,STR-2407-GCVBPS,15 Iceboat Ter,2107,M5V,Condominium,10,Spadina-Fort York
3432513,STR-2407-GLBBPT,180 Marion St,,M6R,Single/Semi-detached House,4,Parkdale-High Park
3432514,STR-2407-GTHBPV,360 Runnymede Rd,,M6S,Single/Semi-detached House,4,Parkdale-High Park
3432515,STR-2407-HJVBPX,65 Bremner Blvd,2102,M5J,Condominium,10,Spadina-Fort York
3432516,STR-2407-HSBBPY,784 Logan Ave,,M4K,Single/Semi-detached House,14,Toronto-Danforth
3432517,STR-2407-FFRPPP,89 Gainsborough Rd,,M4L,Single/Semi-detached House,19,Beaches-East York
3432518,STR-2407-FWDPPR,18 Yonge St,2802,M5E,Condominium,10,Spadina-Fort York
3432519,STR-2407-GDKPPS,300 Front St W,209,M5V,Condominium,10,Spadina-Fort York
3432520,STR-2407-GTXPPV,219 Fort York Blvd,3802,M5V,Condominium,10,Spadina-Fort York
3432521,STR-2407-HCDPPW,8 Huntley St,B,M4Y,Single/Semi-detached House,13,Toronto Centre
3432522,STR-2407-FGHBPP,200 Timberbank Blvd,,M1W,Single/Semi-detached House,22,Scarborough-Agincourt
3432523,STR-2407-FWVBPR,561 Sherbourne St,2802,M4X,Apartment,13,Toronto Centre
3432524,STR-2407-GVPBPV,581 Beresford Ave,,M6S,Single/Semi-detached House,4,Parkdale-High Park
3432525,STR-2407-HCVBPW,861 Sheppard Ave W,1,M3H,Townhouse/ Row House,6,York Centre
3432526,STR-2407-HLBBPX,56 Pleasant Ave,,M2M,Single/Semi-detached House,18,Willowdale
3432527,STR-2407-HTHBPY,25 Kimberley Ave,,M4E,Single/Semi-detached House,19,Beaches-East York
3432528,STR-2407-FGXPPP,164 Lynedock Cres,,M3A,Single/Semi-detached House,16,Don Valley East
3432529,STR-2407-FQDPPQ,1B Richview Rd,1901,M9A,Apartment,2,Etobicoke Centre
3432530,STR-2407-FXKPPR,132 Berkeley St,617,M5A,Apartment,13,Toronto Centre
3432531,STR-2407-GWDPPV,188 Doris Ave,1705,M2N,Condominium,18,Willowdale
3432532,STR-2407-HDKPPW,300 Front St W,2610,M5V,Apartment,10,Spadina-Fort York
3432533,STR-2407-HLRPPX,300 Front St W,3004,M5V,Apartment,10,Spadina-Fort York
3432534,STR-2407-JCDPPZ,30 Shore Breeze Dr,334,M8V,Condominium,3,Etobicoke-Lakeshore
3432535,STR-2407-FHPBPP,14 Hartford Ave,,M4L,Single/Semi-detached House,19,Beaches-East York
3432536,STR-2407-FQVBPQ,273 Glengrove Ave W,,M5N,Single/Semi-detached House,8,Eglinton-Lawrence
3432537,STR-2407-FYBBPR,500 Doris Ave,2424,M2N,Condominium,18,Willowdale
3432538,STR-2407-GGHBPS,39 Primrose Ave,,M8V,Single/Semi-detached House,3,Etobicoke-Lakeshore
3432539,STR-2407-GPPBPT,14 Fernwood Park Ave,,M4E,Single/Semi-detached House,19,Beaches-East York
3432540,STR-2407-GWVBPV,53 Bevdale Rd,,M2R,Single/Semi-detached House,18,Willowdale
3432541,STR-2407-HMHBPX,19 Forest Glen Cres,,M4N,Single/Semi-detached House,15,Don Valley West
3432542,STR-2407-HVPBPY,77 Shrewsbury Sq,,M1T,Single/Semi-detached House,22,Scarborough-Agincourt
3432543,STR-2407-JCVBPZ,196 Weston Rd,,M6N,Single/Semi-detached House,5,York South-Weston
3432544,STR-2407-FYRPPR,101 Peter St,3603,M5V,Condominium,10,Spadina-Fort York
3432545,STR-2407-GGXPPS,30 Rowntree Ave,,M6N,Single/Semi-detached House,9,Davenport
3432546,STR-2407-GQDPPT,155 Yorkville Ave,2806,M5R,Condominium,11,University-Rosedale
3432547,STR-2407-GXKPPV,300 Front St W,4107,M5V,Condominium,10,Spadina-Fort York
3432548,STR-2407-HFRPPW,251 Jarvis St,4410,M5B,Apartment,13,Toronto Centre
3432549,STR-2407-HMXPPX,67 Langley Ave,,M4K,Single/Semi-detached House,14,Toronto-Danforth
3432550,STR-2407-JDKPPZ,5162 Yonge St,103,M2N,Apartment,18,Willowdale
3432551,STR-2407-FJVBPP,231 Fort York Blvd,720,M5V,Condominium,10,Spadina-Fort York
3432552,STR-2407-GYBBPV,8 Callender St,,M6R,Single/Semi-detached House,4,Parkdale-High Park
3432553,STR-2407-HGHBPW,3183 Bathurst St,Unit 1A,M6A,Apartment,8,Eglinton-Lawrence
3432554,STR-2407-HWVBPY,504 Donlands Ave,,M4J,Single/Semi-detached House,14,Toronto-Danforth
3432555,STR-2407-FKKPPP,2 Beamsville Dr,,M1T,Single/Semi-detached House,22,Scarborough-Agincourt
3432556,STR-2407-FSRPPQ,12 York St,811,M5J,Condominium,10,Spadina-Fort York
3432557,STR-2407-FZXPPR,251 Jarvis St,4711,M5B,Condominium,13,Toronto Centre
3432558,STR-2407-GJDPPS,565 Palmerston Ave,,M6G,Single/Semi-detached House,11,University-Rosedale
3432559,STR-2407-GRKPPT,55 Bremner Blvd,3406,M5J,Condominium,10,Spadina-Fort York
3432560,STR-2407-GYRPPV,2212 Lake Shore Blvd W,712,M8V,Condominium,3,Etobicoke-Lakeshore
3432561,STR-2407-HXKPPY,2 Anndale Dr,1311,M2N,Condominium,18,Willowdale
3432562,STR-2407-JFRPPZ,101 Peter St,1017,M5V,Condominium,10,Spadina-Fort York
3432563,STR-2407-FLBBPP,77 Huntley St,2309,M4Y,Apartment,13,Toronto Centre
3432564,STR-2407-FTHBPQ,99 Bellevue Ave,15,M5T,Apartment,11,University-Rosedale
3432565,STR-2407-GJVBPS,30 Nelson St,2404,M5V,Condominium,10,Spadina-Fort York
3432566,STR-2407-HHPBPW,6 Royal Doulton Dr,,M3A,Single/Semi-detached House,16,Don Valley East
3432567,STR-2407-HQVBPX,101 Peter St,1209,M5V,Condominium,10,Spadina-Fort York
3432568,STR-2407-HYBBPY,222 The Esplanade,202,M5A,Condominium,13,Toronto Centre
3432569,STR-2407-JGHBPZ,12 York St,5103,M5J,Condominium,10,Spadina-Fort York
3432570,STR-2407-FLRPPP,155 Yorkville Ave,2603,M5R,Condominium,11,University-Rosedale
3432571,STR-2407-FTXPPQ,103 Kildonan Dr,,M1N,Single/Semi-detached House,20,Scarborough Southwest
3432572,STR-2407-GCDPPR,2 Anndale Dr,2906,M2N,Condominium,18,Willowdale
3432573,STR-2407-GKKPPS,6 Annapearl Crt,,M2N,Single/Semi-detached House,18,Willowdale
3432574,STR-2407-HRKPPX,151 Dan Leckie Way,539,M5V,Apartment,10,Spadina-Fort York
3432575,STR-2407-HYRPPY,292 The Westway,,M9R,Single/Semi-detached House,2,Etobicoke Centre
3432576,STR-2407-JGXPPZ,36 Greenwood Ave,,M4L,Single/Semi-detached House,14,Toronto-Danforth
3432577,STR-2407-FVQHPR,702 Ossington Ave,,M6G,Single/Semi-detached House,9,Davenport
3432578,STR-2407-GCWHPS,31 Neelands Cres,,M1E,Single/Semi-detached House,24,Scarborough-Guildwood
3432579,STR-2407-GLCHPT,149A Hillingdon Ave,,M4C,Townhouse/ Row House,19,Beaches-East York
3432580,STR-2407-GTJHPV,21 Iceboat Ter,2005,M5V,Condominium,10,Spadina-Fort York
3432581,STR-2407-HBQHPW,218 Roslin Ave,,M4N,Single/Semi-detached House,15,Don Valley West
3432582,STR-2407-HSCHPY,151 Dan Leckie Way,1210,M5V,Condominium,10,Spadina-Fort York
3432583,STR-2407-FMYVPQ,6 Sonic Way,N101,M3C,Condominium,16,Don Valley East
3432584,STR-2407-FWFVPR,22 Leader Lane,312,M5E,Condominium,13,Toronto Centre
3432585,STR-2407-GLSVPT,67A Lemonwood Dr,,M9A,Single/Semi-detached House,2,Etobicoke Centre
3432586,STR-2407-HKLVPX,128 Pendrith St,,M6G,Single/Semi-detached House,11,University-Rosedale
3432587,STR-2407-HZYVPZ,114 Brian Dr,,M2J,Single/Semi-detached House,17,Don Valley North
3432588,STR-2407-FPQHPQ,42 Sawley Dr,,M2K,Single/Semi-detached House,17,Don Valley North
3432589,STR-2407-GMJHPT,14 Ashdale Ave,A,M4L,Duplex/Triplex/Fourplex,14,Toronto-Danforth
3432590,STR-2407-HCWHPW,553 Shaw St,1,M6G,Duplex/Triplex/Fourplex,11,University-Rosedale
3432591,STR-2407-HLCHPX,20 Joe Shuster Way,610,M6K,Condominium,10,Spadina-Fort York
3432592,STR-2407-HTJHPY,725 Brimley Rd,,M1J,Single/Semi-detached House,21,Scarborough Centre
3432593,STR-2407-JBQHPZ,130 D'Arcy St,,M5T,Single/Semi-detached House,11,University-Rosedale
3432594,STR-2407-FGYVPP,82 Enderby Rd,1,M4E,Duplex/Triplex/Fourplex,19,Beaches-East York
3432595,STR-2407-FXLVPR,2746 Midland Ave,,M1S,Single/Semi-detached House,22,Scarborough-Agincourt
3432596,STR-2407-GFSVPS,7 Mitchell Ave,,M6J,Townhouse/ Row House,10,Spadina-Fort York
3432597,STR-2407-GMYVPT,31 1/2 Grove Ave,1,M6J,Duplex/Triplex/Fourplex,10,Spadina-Fort York
3432598,STR-2407-GWFVPV,3 Hickory Tree Rd,503,M9N,Condominium,5,York South-Weston
3432599,STR-2407-HDLVPW,30 Shore Breeze Dr,527,M8V,Condominium,3,Etobicoke-Lakeshore
3432600,STR-2407-HLSVPX,65 Bremner Blvd,3508,M5J,Condominium,10,Spadina-Fort York
3432601,STR-2407-HTYVPY,210 Victoria St,3405,M5B,Condominium,13,Toronto Centre
3432602,STR-2407-JCFVPZ,78 St Patrick St,150,M5T,Apartment,10,Spadina-Fort York
3432603,STR-2407-FHQHPP,3 Hutcherson Sq,,M1B,Single/Semi-detached House,23,Scarborough North
3432604,STR-2407-FQWHPQ,340 Mill Rd,1908,M9C,Apartment,2,Etobicoke Centre
3432605,STR-2407-FYCHPR,478 Brock Ave,2,M6H,Duplex/Triplex/Fourplex,9,Davenport
3432606,STR-2407-GPQHPT,231 Fort York Blvd,537,M5V,Condominium,10,Spadina-Fort York
3432607,STR-2407-GWWHPV,8 Widmer St,3911,M5V,Condominium,10,Spadina-Fort York
3432608,STR-2407-HFCHPW,492 Lansdowne Ave,Upper,M6H,Duplex/Triplex/Fourplex,9,Davenport
3432609,STR-2407-HVQHPY,62 High Park Blvd,1,M6R,Duplex/Triplex/Fourplex,4,Parkdale-High Park
3432610,STR-2407-FJFVPP,29 Sarah Ashbridge Ave,,M4L,Single/Semi-detached House,19,Beaches-East York
3432611,STR-2407-FYSVPR,5 Sheppard Ave E,2916,M2N,Condominium,18,Willowdale
3432612,STR-2407-GGYVPS,14 York St,3109,M5J,Condominium,10,Spadina-Fort York
3432613,STR-2407-GXLVPV,15 Solidarity Way,1702,M6K,Apartment,10,Spadina-Fort York
3432614,STR-2407-HFSVPW,64 Fieldwood Dr,,M1V,Single/Semi-detached House,23,Scarborough North
3432615,STR-2407-HMYVPX,59 Ridware Cres,,M1C,Single/Semi-detached House,25,Scarborough-Rouge Park
3432616,STR-2407-HWFVPY,562 Indian Rd,,M6P,Single/Semi-detached House,4,Parkdale-High Park
3432617,STR-2407-JDLVPZ,3 Somerset Ave,,M6H,Single/Semi-detached House,9,Davenport
3432618,STR-2407-FJWHPP,110 Caledonia Park Rd,2,M6H,Townhouse/ Row House,9,Davenport
3432619,STR-2407-GQWHPT,42 Marta Ave,,M1K,Single/Semi-detached House,20,Scarborough Southwest
3432620,STR-2407-GYCHPV,151 Dan Leckie Way,856,M5V,Condominium,10,Spadina-Fort York
3432621,STR-2407-HGJHPW,50 Claywood Rd,,M2N,Single/Semi-detached House,18,Willowdale
3432622,STR-2407-HPQHPX,151 Dan Leckie Way,957,M5V,Condominium,10,Spadina-Fort York
3432623,STR-2407-HWWHPY,62 Banstock Dr,,M2K,Single/Semi-detached House,17,Don Valley North
3432624,STR-2407-FKLVPP,213 Osler St,B,M6N,Townhouse/ Row House,9,Davenport
3432625,STR-2407-FSSVPQ,327 King St W,4001,M5V,Condominium,10,Spadina-Fort York
3432626,STR-2407-GYSVPV,300 Front St W,3507,M5V,Apartment,10,Spadina-Fort York
3432627,STR-2407-HGYVPW,327 king st west,2202,M5V,Condominium,10,Spadina-Fort York
3432628,STR-2407-JFSVPZ,111 Gore Vale Ave,,M6J,Single/Semi-detached House,10,Spadina-Fort York
3432629,STR-2407-FLCHPP,15 Bridgeport Dr,,M1C,Single/Semi-detached House,25,Scarborough-Rouge Park
3432630,STR-2407-FTJHPQ,55 Bremner Blvd,2602,M5J,Condominium,10,Spadina-Fort York
3432631,STR-2407-GBQHPR,300 Front St W,3613,M5V,Condominium,10,Spadina-Fort York
3432632,STR-2407-GSCHPT,955 Bay St,2105,M5S,Condominium,13,Toronto Centre
3432633,STR-2407-HHQHPW,290 Adelaide St W,1510,M5V,Condominium,10,Spadina-Fort York
3432634,STR-2407-HYCHPY,14 York St,1206,M5J,Condominium,10,Spadina-Fort York
3432635,STR-2407-JGJHPZ,300 Front St W,3802,M5V,Condominium,10,Spadina-Fort York
3432636,STR-2407-FLSVPP,15 Iceboat Ter,4010,M5V,Condominium,10,Spadina-Fort York
3432637,STR-2407-FTYVPQ,12 Longwood Dr,,M3B,Single/Semi-detached House,15,Don Valley West
3432638,STR-2407-GCFVPR,14 York St,2404,M5J,Condominium,10,Spadina-Fort York
3432639,STR-2407-GKLVPS,79 Blueberry Dr,,M1S,Single/Semi-detached House,23,Scarborough North
3432640,STR-2407-GSSVPT,955 Bay St,516,M5S,Condominium,13,Toronto Centre
3432641,STR-2407-GZYVPV,189 Indian Rd,,M6R,Single/Semi-detached House,4,Parkdale-High Park
3432642,STR-2407-HRLVPX,21 Iceboat Ter,3901,M5V,Condominium,10,Spadina-Fort York
3432643,STR-2407-HYSVPY,51 James Hale Lane,,M5S,Single/Semi-detached House,11,University-Rosedale
3432644,STR-2407-JGYVPZ,2 Eva Rd,1326,M9C,Condominium,2,Etobicoke Centre
3432645,STR-2407-FDPFBP,171 Tower Dr,,M1R,Single/Semi-detached House,21,Scarborough Centre
3432646,STR-2407-FLVFBQ,155 Yorkville Ave,2020,M5R,Condominium,11,University-Rosedale
3432647,STR-2407-FVBFBR,30 Nelson St,3109,M5V,Condominium,10,Spadina-Fort York
3432648,STR-2407-GCHFBS,195 Soudan Ave,,M4S,Single/Semi-detached House,12,Toronto-St. Paul's
3432649,STR-2407-GKPFBT,21 Iceboat Ter,4606,M5V,Condominium,10,Spadina-Fort York
3432650,STR-2407-GSVFBV,1042 Dovercourt Rd,,M6H,Single/Semi-detached House,9,Davenport
3432651,STR-2407-HBBFBW,5 Leonard Ave,A,M5T,Duplex/Triplex/Fourplex,11,University-Rosedale
3432652,STR-2407-HJHFBX,250 Wellington St W,428,M5V,Condominium,10,Spadina-Fort York
3432653,STR-2407-HRPFBY,109 Logan Ave,,M4M,Townhouse/ Row House,14,Toronto-Danforth
3432654,STR-2407-HYVFBZ,47 Innismore Cres,,M1R,Single/Semi-detached House,21,Scarborough Centre
3432655,STR-2407-FFDSBP,21 Iceboat Ter,4309,M5V,Condominium,10,Spadina-Fort York
3432656,STR-2407-GCXSBS,66 Rameau Dr,,M2H,Single/Semi-detached House,17,Don Valley North
3432657,STR-2407-GLDSBT,101 Peter St,4007,M5V,Condominium,10,Spadina-Fort York
3432658,STR-2407-HJXSBX,254 Beatrice St,,M6G,Single/Semi-detached House,11,University-Rosedale
3432659,STR-2407-HZKSBZ,1238 Dundas St E,507,M4M,Condominium,14,Toronto-Danforth
3432660,STR-2407-FPBFBQ,113 Winchester St,,M4X,Townhouse/ Row House,13,Toronto Centre
3432661,STR-2407-FWHFBR,50 Ordnance St,1206,M6K,Condominium,10,Spadina-Fort York
3432662,STR-2407-GLVFBT,155 Yorkville Ave,2607,M5R,Condominium,11,University-Rosedale
3432663,STR-2407-GVBFBV,800 King St W,617,M5V,Condominium,10,Spadina-Fort York
3432664,STR-2407-HCHFBW,39 Alanmeade Cres,,M9B,Single/Semi-detached House,2,Etobicoke Centre
3432665,STR-2407-HKPFBX,519 Dundas St W,807,M5T,Condominium,10,Spadina-Fort York
3432666,STR-2407-FGKSBP,209 Fort York Blvd,674,M5V,Condominium,10,Spadina-Fort York
3432667,STR-2407-FPRSBQ,12 York St,911,M5J,Condominium,10,Spadina-Fort York
3432668,STR-2407-FWXSBR,598 Crawford St,1,M6G,Duplex/Triplex/Fourplex,11,University-Rosedale
3432669,STR-2407-GVRSBV,35 Saranac Blvd,205,M6A,Condominium,8,Eglinton-Lawrence
3432670,STR-2407-HCXSBW,120 Mackay Ave,,M6H,Single/Semi-detached House,9,Davenport
3432671,STR-2407-FHBFBP,21 Iceboat Ter,326,M5V,Condominium,10,Spadina-Fort York
3432672,STR-2407-FQHFBQ,73 Joseph Griffith Lane,,M3L,Townhouse/ Row House,7,Humber River-Black Creek
3432673,STR-2407-GFVFBS,43 Judy Sgro Ave,3,M3L,Townhouse/ Row House,7,Humber River-Black Creek
3432674,STR-2407-GPBFBT,98 Lillian St,215,M4S,Condominium,12,Toronto-St. Paul's
3432675,STR-2408-GWHFBV,219 Fort York Blvd,1012,M5V,Condominium,10,Spadina-Fort York
3432676,STR-2408-HDPFBW,26 McIntosh Ave,,M8Y,Single/Semi-detached House,3,Etobicoke-Lakeshore
3432677,STR-2408-HVBFBY,312 Queen St E,2,M5A,Townhouse/ Row House,13,Toronto Centre
3432678,STR-2408-JCHFBZ,234 Hounslow Ave,,M2N,Single/Semi-detached House,18,Willowdale
3432679,STR-2408-FYDSBR,90 Niagara St,306,M5V,Condominium,10,Spadina-Fort York
3432680,STR-2408-GGKSBS,10 Majestic Crt,,M6B,Single/Semi-detached House,8,Eglinton-Lawrence
3432681,STR-2408-GPRSBT,69 Emerson Ave,,M6H,Single/Semi-detached House,9,Davenport
3432682,STR-2408-HFDSBW,35 Bastion St,1814,M5V,Condominium,10,Spadina-Fort York
3432683,STR-2408-HVRSBY,10 De Boers Dr,908,M3J,Apartment,6,York Centre
3432684,STR-2408-FRPFBQ,8 Trent Ave,1020,M4C,Condominium,19,Beaches-East York
3432685,STR-2408-FYVFBR,142 William Duncan Rd,4,M3K,Townhouse/ Row House,6,York Centre
3432686,STR-2408-GHBFBS,42 Millgate Cres,,M2K,Single/Semi-detached House,17,Don Valley North
3432687,STR-2408-GQHFBT,174R Indian Grv,,M6P,Duplex/Triplex/Fourplex,4,Parkdale-High Park
3432688,STR-2408-GXPFBV,25 Brimstone Cres,,M1V,Single/Semi-detached House,23,Scarborough North
3432689,STR-2408-HFVFBW,2330 Queen St E,A,M4E,Duplex/Triplex/Fourplex,19,Beaches-East York
3432690,STR-2408-HPBFBX,1088 Danforth Ave,3,M4J,Townhouse/ Row House,14,Toronto-Danforth
3432691,STR-2408-FJXSBP,121 Jenkinson Way,,M1P,Townhouse/ Row House,21,Scarborough Centre
3432692,STR-2408-FZKSBR,65 Bremner Blvd,3209,M5J,Condominium,10,Spadina-Fort York
3432693,STR-2408-GHRSBS,151 Dan Leckie Way,1909,M5V,Condominium,10,Spadina-Fort York
3432694,STR-2408-HPRSBX,33 Millmere Dr,BSMT,M1G,Single/Semi-detached House,24,Scarborough-Guildwood
3432695,STR-2408-HWXSBY,512 Bathurst St,3,M5S,Duplex/Triplex/Fourplex,11,University-Rosedale
3432696,STR-2408-FKPFBP,205 Prince Edward Dr S,,M8Y,Single/Semi-detached House,3,Etobicoke-Lakeshore
3432697,STR-2408-FSVFBQ,10 Hamstead Ave,,M4C,Single/Semi-detached House,19,Beaches-East York
3432698,STR-2408-GJHFBS,49 Wynn Rd,,M2R,Single/Semi-detached House,18,Willowdale
3432699,STR-2408-GRPFBT,389 Davisville Ave,,M4S,Townhouse/ Row House,15,Don Valley West
3432700,STR-2408-GYVFBV,8 Widmer St,2815,M5V,Condominium,10,Spadina-Fort York
3432701,STR-2408-HHBFBW,77 Gerrard St W,2408,M5G,Apartment,11,University-Rosedale
3432702,STR-2408-HQHFBX,8 Stanley Ave,,M6J,Single/Semi-detached House,10,Spadina-Fort York
3432703,STR-2408-HXPFBY,173 Chambers Ave,,M6N,Single/Semi-detached House,9,Davenport
3432704,STR-2408-JFVFBZ,75 Thorncliffe Park Dr,419,M4H,Apartment,15,Don Valley West
3432705,STR-2408-FLDSBP,300 Front St W,714,M5V,Apartment,10,Spadina-Fort York
3432706,STR-2408-FPSYBQ,42 Stuart Cres,,M2N,Single/Semi-detached House,18,Willowdale
3432707,STR-2408-FTKSBQ,65 Bremner Blvd,3505,M5J,Condominium,10,Spadina-Fort York
3432708,STR-2408-GBRSBR,10 Hogan Dr,,M1G,Single/Semi-detached House,24,Scarborough-Guildwood
3432709,STR-2408-GZKSBV,65 Bremner Blvd,4508,M5J,Condominium,10,Spadina-Fort York
3432710,STR-2408-JGKSBZ,2 Kenhill Dr,,M9V,Single/Semi-detached House,1,Etobicoke North
3432711,STR-2408-FDQLBP,7 Shank St,706,M6J,Condominium,10,Spadina-Fort York
3432712,STR-2408-GCJLBS,24 Wellesley St W,612,M4Y,Condominium,13,Toronto Centre
3432713,STR-2408-GKQLBT,173 Fern Ave,,M6R,Single/Semi-detached House,4,Parkdale-High Park
3432714,STR-2408-HBCLBW,273 Davisville Ave,,M4S,Single/Semi-detached House,15,Don Valley West
3432715,STR-2408-HRQLBY,54 Shirley St,,M6K,Townhouse/ Row House,9,Davenport
3432716,STR-2408-HYWLBZ,121 Manor Rd E,1,M4S,Duplex/Triplex/Fourplex,12,Toronto-St. Paul's
3432717,STR-2408-FFFYBP,2464 Weston Rd,501,M9N,Condominium,5,York South-Weston
3432718,STR-2408-FMLYBQ,30 Farningham Cres,,M9B,Single/Semi-detached House,2,Etobicoke Centre
3432719,STR-2408-GLFYBT,12 York St,4909,M5J,Condominium,10,Spadina-Fort York
3432720,STR-2408-GTLYBV,48 Denvale Rd,,M4B,Single/Semi-detached House,19,Beaches-East York
3432721,STR-2408-HBSYBW,180 Niagara St,504,M5V,Apartment,10,Spadina-Fort York
3432722,STR-2408-HJYYBX,1000 King St W,216,M6K,Condominium,10,Spadina-Fort York
3432723,STR-2408-HSFYBY,40 Cadillac Ave,,M3H,Single/Semi-detached House,6,York Centre
3432724,STR-2408-HZLYBZ,14 York St,5805,M5J,Condominium,10,Spadina-Fort York
3432725,STR-2408-FFWLBP,319 Jarvis St,3510,M5B,Condominium,13,Toronto Centre
3432726,STR-2408-FPCLBQ,70 Crockamhill Dr,60,M1S,Townhouse/ Row House,23,Scarborough North
3432727,STR-2408-GFWLBS,25 Peking Rd,,M1J,Single/Semi-detached House,24,Scarborough-Guildwood
3432728,STR-2408-FWJLBR,12 York St,4311,M5J,Condominium,10,Spadina-Fort York
3432729,STR-2408-GLWLBT,160 Byng Ave,,M1L,Single/Semi-detached House,20,Scarborough Southwest
3432730,STR-2408-GVCLBV,185 Roehampton Ave,320,M4P,Condominium,12,Toronto-St. Paul's
3432731,STR-2408-HCJLBW,100 Church Ave,,M2N,Single/Semi-detached House,18,Willowdale
3432732,STR-2408-HKQLBX,65 Miller St,,M6N,Single/Semi-detached House,9,Davenport
3432733,STR-2408-HSWLBY,105 George St,410,M5A,Condominium,13,Toronto Centre
3432734,STR-2408-JBCLBZ,851 Sheppard Ave W,39,M3H,Townhouse/ Row House,6,York Centre
3432735,STR-2408-GVSYBV,210 Victoria St,3401,M5B,Condominium,13,Toronto Centre
3432736,STR-2408-HCYYBW,2 Allegrezza Crt,A,M6A,Single/Semi-detached House,8,Eglinton-Lawrence
3432737,STR-2408-HTLYBY,21 Panmure Cres,,M1K,Single/Semi-detached House,21,Scarborough Centre
3432738,STR-2408-JBSYBZ,300 Front St W,2211,M5V,Condominium,10,Spadina-Fort York
3432739,STR-2408-FHCLBP,2202 Weston Rd,308,M9N,Apartment,5,York South-Weston
3432740,STR-2408-FQJLBQ,2972 Weston Rd,,M9M,Single/Semi-detached House,7,Humber River-Black Creek
3432741,STR-2408-FXQLBR,487 Hounslow Ave,,M2R,Single/Semi-detached House,18,Willowdale
3432742,STR-2408-GPCLBT,251 Jarvis St,1919,M5B,Condominium,13,Toronto Centre
3432743,STR-2408-GWJLBV,212 Franklin Ave,,M6P,Single/Semi-detached House,9,Davenport
3432744,STR-2408-HLWLBX,348 Brunswick Ave,1,M5R,Single/Semi-detached House,11,University-Rosedale
3432745,STR-2408-JCJLBZ,268 Torresdale Ave,,M2R,Single/Semi-detached House,6,York Centre
3432746,STR-2408-FHSYBP,2015 Sheppard Ave E,3302,M2J,Condominium,17,Don Valley North
3432747,STR-2408-FQYYBQ,300 Front St W,3608,M5V,Condominium,10,Spadina-Fort York
3432748,STR-2408-FYFYBR,144 Northcliffe Blvd,,M6E,Duplex/Triplex/Fourplex,9,Davenport
3432749,STR-2408-GPSYBT,165 Legion Rd N,2526,M8Y,Condominium,3,Etobicoke-Lakeshore
3432750,STR-2408-HFFYBW,30 Nelson St,2402,M5V,Condominium,10,Spadina-Fort York
3432751,STR-2408-HVSYBY,539 Ossington Ave,,M6G,Duplex/Triplex/Fourplex,11,University-Rosedale
3432752,STR-2408-JCYYBZ,1 Valhalla Inn Rd,2108,M9B,Condominium,2,Etobicoke Centre
3432753,STR-2408-FJJLBP,120 Harrison Garden Blvd,12,M2N,Condominium,18,Willowdale
3432754,STR-2408-FRQLBQ,101 Peter St,917,M5V,Condominium,10,Spadina-Fort York
3432755,STR-2408-GHCLBS,30 Langford Ave,,M4J,Single/Semi-detached House,14,Toronto-Danforth
3432756,STR-2408-GXQLBV,39 Finchurst Dr,,M2R,Single/Semi-detached House,18,Willowdale
3432757,STR-2408-HFWLBW,35 Balmuto St,2106,M4Y,Condominium,11,University-Rosedale
3432758,STR-2408-HPCLBX,628 Fleet St,517,M5V,Condominium,10,Spadina-Fort York
3432759,STR-2408-JDQLBZ,30 Nelson St,3202,M5V,Condominium,10,Spadina-Fort York
3432760,STR-2408-FJYYBP,151 Dan Leckie Way,1708,M5V,Condominium,10,Spadina-Fort York
3432761,STR-2408-FSFYBQ,30 Nelson St,1202,M5V,Condominium,10,Spadina-Fort York
3432762,STR-2408-GHSYBS,300 Front St W,510,M5V,Condominium,10,Spadina-Fort York
3432763,STR-2408-GQYYBT,101 Peter St,1711,M5V,Condominium,10,Spadina-Fort York
3432764,STR-2408-GYFYBV,24 Dunsmore Gdns,,M3H,Single/Semi-detached House,6,York Centre
3432765,STR-2408-HGLYBW,481 Warden Ave,,M1L,Single/Semi-detached House,20,Scarborough Southwest
3432766,STR-2408-HWYYBY,88 Carr St,12,M5T,Townhouse/ Row House,10,Spadina-Fort York
3432767,STR-2408-JFFYBZ,5 Sheppard Ave E,3626,M2N,Condominium,18,Willowdale
3432768,STR-2408-GJJLBS,15 Iceboat Ter,3208,M5V,Apartment,10,Spadina-Fort York
3432769,STR-2408-HHCLBW,270 North Beatrice St,Lower,M6G,Single/Semi-detached House,11,University-Rosedale
3432770,STR-2408-HQJLBX,12 Monteith St,,M4Y,Townhouse/ Row House,13,Toronto Centre
3432771,STR-2408-HXQLBY,100 Harrison Garden Blvd,1124,M2N,Condominium,18,Willowdale
3432772,STR-2408-FLFYBP,70 Princess St,2902,M5A,Condominium,13,Toronto Centre
3432773,STR-2408-FTLYBQ,458 Richmond St W,205,M5V,Condominium,10,Spadina-Fort York
3432774,STR-2408-GBSYBR,14 York St,6107,M5J,Condominium,10,Spadina-Fort York
3432775,STR-2408-GJYYBS,21 Iceboat Ter,4502,M5V,Condominium,10,Spadina-Fort York
3432776,STR-2408-GSFYBT,40 Heathview Ave,,M2K,Single/Semi-detached House,17,Don Valley North
3432777,STR-2408-GZLYBV,832 Bay St,3602,M5S,Condominium,11,University-Rosedale
3432778,STR-2408-HHSYBW,101 Peter St,1408,M5V,Condominium,10,Spadina-Fort York
3432779,STR-2408-HQYYBX,91 Anndale Dr,,M2N,Single/Semi-detached House,18,Willowdale
3432780,STR-2408-JGLYBZ,208 Queens Quay W,603,M5J,Condominium,10,Spadina-Fort York
3432781,STR-2408-FDRSBP,90 Avondale Ave,,M2N,Single/Semi-detached House,18,Willowdale
3432782,STR-2408-FLXSBQ,74 Prince Charles Dr,,M6A,Single/Semi-detached House,8,Eglinton-Lawrence
3432783,STR-2408-FVDSBR,320 Dixon Rd,2316,M9R,Condominium,1,Etobicoke North
3432784,STR-2408-GKRSBT,1369 Bloor St W,708,M6P,Condominium,9,Davenport
3432785,STR-2408-GSXSBV,356 Lippincott St,,M5S,Single/Semi-detached House,11,University-Rosedale
3432786,STR-2408-HJKSBX,33 Mill St,531,M5A,Condominium,10,Spadina-Fort York
3432787,STR-2408-FFHFBP,1476 Islington Ave,,M9A,Single/Semi-detached House,2,Etobicoke Centre
3432788,STR-2408-GDBFBS,41 Glentworth Rd,,M2J,Single/Semi-detached House,17,Don Valley North
3432789,STR-2408-GLHFBT,14 York St,5409,M5J,Condominium,10,Spadina-Fort York
3432790,STR-2408-GTPFBV,1100 Sheppard Ave W,815,M3K,Condominium,6,York Centre
3432791,STR-2408-HKBFBX,16 Pepler Ave,,M4J,Single/Semi-detached House,14,Toronto-Danforth
3432792,STR-2408-HSHFBY,35 Bastion St,1904,M5V,Condominium,10,Spadina-Fort York
3432793,STR-2408-HZPFBZ,1616 Bloor St W,A,M6P,Apartment,4,Parkdale-High Park
3432794,STR-2408-FPDSBQ,29 Humberside Ave,,M6P,Single/Semi-detached House,4,Parkdale-High Park
3432795,STR-2408-FWKSBR,111 Blythwood Rd,,M4N,Single/Semi-detached House,15,Don Valley West
3432796,STR-2408-GDRSBS,219 Fort York Blvd,1503,M5V,Condominium,10,Spadina-Fort York
3432797,STR-2408-GLXSBT,1239 Dundas St W,508,M6J,Condominium,10,Spadina-Fort York
3432798,STR-2408-GVDSBV,53 Bobmar Rd,,M1C,Single/Semi-detached House,25,Scarborough-Rouge Park
3432799,STR-2408-HCKSBW,119 Horsham Ave,,M2N,Single/Semi-detached House,18,Willowdale
3432800,STR-2408-HKRSBX,165 Betty Ann Dr,,M2N,Single/Semi-detached House,18,Willowdale
3432801,STR-2408-JBDSBZ,710 Humberwood Blvd,1204,M9W,Condominium,1,Etobicoke North
3432802,STR-2408-FGPFBP,109 Ossington Ave,516,M6J,Condominium,10,Spadina-Fort York
3432803,STR-2408-FXBFBR,25 Perth Ave,,M6R,Townhouse/ Row House,9,Davenport
3432804,STR-2408-GMPFBT,16 Valencia Cres,,M6L,Single/Semi-detached House,5,York South-Weston
3432805,STR-2408-GVVFBV,14 York St,3810,M5J,Condominium,10,Spadina-Fort York
3432806,STR-2408-HDBFBW,171 Munro St,,M4M,Single/Semi-detached House,14,Toronto-Danforth
3432807,STR-2408-HLHFBX,140 Simcoe St,220,M5H,Condominium,10,Spadina-Fort York
3432808,STR-2408-HTPFBY,115 Sixteenth St,,M8V,Single/Semi-detached House,3,Etobicoke-Lakeshore
3432809,STR-2408-FHDSBP,260 Wellesley St E,2304,M4X,Apartment,13,Toronto Centre
3432810,STR-2408-FQKSBQ,255 Richmond St E,202,M5A,Condominium,13,Toronto Centre
3432811,STR-2408-FXRSBR,2 Cabot Crt,,M9A,Single/Semi-detached House,3,Etobicoke-Lakeshore
3432812,STR-2408-GPDSBT,69 Hewitt Ave,,M6R,Single/Semi-detached House,4,Parkdale-High Park
3432813,STR-2408-GWKSBV,39 Roehampton Ave,1801,M4P,Condominium,12,Toronto-St. Paul's
3432814,STR-2408-HDRSBW,44 Collingdale Rd,,M9V,Single/Semi-detached House,1,Etobicoke North
3432815,STR-2408-HVDSBY,30 Nelson St,906,M5V,Condominium,10,Spadina-Fort York
3432816,STR-2408-JCKSBZ,20 Blue Jays Way,318,M5V,Condominium,10,Spadina-Fort York
3432817,STR-2408-FHVFBP,50 Cosburn Ave,414,M4K,Apartment,14,Toronto-Danforth
3432818,STR-2408-FRBFBQ,5 Richgrove Dr,203,M9R,Townhouse/ Row House,1,Etobicoke North
3432819,STR-2408-FYHFBR,14 York St,5405,M5J,Condominium,10,Spadina-Fort York
3432820,STR-2408-GGPFBS,15 Cummings St,1,M4M,Townhouse/ Row House,14,Toronto-Danforth
3432821,STR-2408-GXBFBV,231 Fort York Blvd,2406,M5V,Condominium,10,Spadina-Fort York
3432822,STR-2408-HFHFBW,15 Iceboat Ter,3215,M5V,Condominium,10,Spadina-Fort York
3432823,STR-2408-HVVFBY,30 Shore Breeze Dr,527,M8V,Condominium,3,Etobicoke-Lakeshore
3432824,STR-2408-JDBFBZ,30 Nelson St,3503,M5V,Condominium,10,Spadina-Fort York
3432825,STR-2408-GQKSBT,23 Brant St,501,M5V,Condominium,10,Spadina-Fort York
3432826,STR-2408-GXRSBV,100 Grandville Ave,2,M6N,Single/Semi-detached House,5,York South-Weston
3432827,STR-2408-HPDSBX,101 Peter St,1509,M5V,Condominium,10,Spadina-Fort York
3432828,STR-2408-HWKSBY,11 Liam Foudy Crt,,M1P,Single/Semi-detached House,21,Scarborough Centre
3432829,STR-2408-JDRSBZ,209 Fort York Blvd,663,M5V,Condominium,10,Spadina-Fort York
3432830,STR-2408-FSHFBQ,2 Cross St,,M6J,Single/Semi-detached House,9,Davenport
3432831,STR-2408-FZPFBR,1830 Lake Shore Blvd E,Upper,M4L,Townhouse/ Row House,19,Beaches-East York
3432832,STR-2408-GRBFBT,21 Iceboat Ter,2906,M5V,Condominium,10,Spadina-Fort York
3432833,STR-2408-HGPFBW,5 Sheppard Ave E,4322,M2N,Condominium,18,Willowdale
3432834,STR-2408-HPVFBX,9 Spruce Hill Rd,,M4E,Single/Semi-detached House,19,Beaches-East York
3432835,STR-2408-JFHFBZ,1787 St Clair Ave W,206,M6N,Condominium,9,Davenport
3432836,STR-2408-FKRSBP,525 Chaplin Cres,405,M5N,Apartment,8,Eglinton-Lawrence
3432837,STR-2408-FSXSBQ,171 Harbord St,4,M5S,Apartment,11,University-Rosedale
3432838,STR-2408-GBDSBR,12 Smith Cres,,M8Z,Single/Semi-detached House,3,Etobicoke-Lakeshore
3432839,STR-2408-GJKSBS,560 Front St W,629,M5V,Condominium,10,Spadina-Fort York
3432840,STR-2408-GRRSBT,45 Baseball Pl,403,M4M,Condominium,14,Toronto-Danforth
3432841,STR-2408-GYXSBV,210 Victoria St,3506,M5B,Condominium,13,Toronto Centre
3432842,STR-2408-HHDSBW,21 Iceboat Ter,2705,M5V,Condominium,10,Spadina-Fort York
3432843,STR-2408-HQKSBX,114 Brandon Ave,,M6H,Single/Semi-detached House,9,Davenport
3432844,STR-2408-HXRSBY,139 Homestead Rd,,M1E,Townhouse/ Row House,25,Scarborough-Rouge Park
3432845,STR-2408-JFXSBZ,156 Welland Ave,,M4T,Single/Semi-detached House,11,University-Rosedale
3432846,STR-2408-FLHFBP,245 Dalesford Rd,301,M8Y,Condominium,3,Etobicoke-Lakeshore
3432847,STR-2408-GBVFBR,101 Peter St,3506,M5V,Condominium,10,Spadina-Fort York
3432848,STR-2408-GKBFBS,101 Peter St,1003,M5V,Condominium,10,Spadina-Fort York
3432849,STR-2408-GSHFBT,42 Day Ave,Main,M6E,Duplex/Triplex/Fourplex,9,Davenport
3432850,STR-2408-GZPFBV,251 Jarvis St,5004,M5B,Condominium,13,Toronto Centre
3432851,STR-2408-HRBFBX,210 Victoria St,816,M5B,Condominium,13,Toronto Centre
3432852,STR-2408-HYHFBY,14 York St,6501,M5J,Condominium,10,Spadina-Fort York
3432853,STR-2408-JGPFBZ,114 Dovercourt Rd,,M6J,Single/Semi-detached House,9,Davenport
3432854,STR-2408-FLYYBQ,2 Anndale Dr,2303,M2N,Condominium,18,Willowdale
3432855,STR-2408-GCLYBS,2 Augusta Ave,1305,M5V,Condominium,10,Spadina-Fort York
3432856,STR-2408-GKSYBT,832 Bay St,2202,M5S,Condominium,11,University-Rosedale
3432857,STR-2408-HBFYBW,35 Fountainhead Rd,215,M3J,Apartment,7,Humber River-Black Creek
3432858,STR-2408-HJLYBX,810 College St,3,M6G,Apartment,11,University-Rosedale
3432859,STR-2408-HRSYBY,15 Aldershot Cres,,M2P,Single/Semi-detached House,15,Don Valley West
3432860,STR-2408-HYYYBZ,543 Richmond St W,738,M5V,Condominium,10,Spadina-Fort York
3432861,STR-2408-FFJLBP,588 Indian Grv,,M6P,Townhouse/ Row House,4,Parkdale-High Park
3432862,STR-2408-FMQLBQ,21 Iceboat Ter,2806,M5V,Condominium,10,Spadina-Fort York
3432863,STR-2408-FVWLBR,15 Iceboat Ter,3712,M5V,Condominium,10,Spadina-Fort York
3432864,STR-2408-GDCLBS,181 William Duncan Rd,2,M3K,Townhouse/ Row House,6,York Centre
3432865,STR-2408-GTQLBV,55 Raeburn Ave,,M3H,Single/Semi-detached House,6,York Centre
3432866,STR-2408-HKCLBX,2092 Yonge St,A,M4S,Apartment,12,Toronto-St. Paul's
3432867,STR-2408-FFYYBP,190 Edmonton Dr,,M2J,Single/Semi-detached House,17,Don Valley North
3432868,STR-2408-FPFYBQ,251 Jarvis St,3209,M5B,Condominium,13,Toronto Centre
3432869,STR-2408-FWLYBR,28 Tecumseth St,Upper,M5V,Townhouse/ Row House,10,Spadina-Fort York
3432870,STR-2408-HCLYBW,376 Bartlett Ave N,,M6H,Single/Semi-detached House,9,Davenport
3432871,STR-2408-HKSYBX,543 Richmond St W,1205,M5V,Condominium,10,Spadina-Fort York
3432872,STR-2408-HSYYBY,279 Ossington Ave,,M6J,Single/Semi-detached House,11,University-Rosedale
3432873,STR-2408-JBFYBZ,92 Jones Ave,,M4M,Single/Semi-detached House,14,Toronto-Danforth
3432874,STR-2408-FGQLBP,6 Eva Rd,1310,M9C,Condominium,2,Etobicoke Centre
3432875,STR-2408-FPWLBQ,98 Lillian St,421,M4S,Condominium,12,Toronto-St. Paul's
3432876,STR-2408-GFJLBS,270 Wellington St W,704,M5V,Condominium,10,Spadina-Fort York
3432877,STR-2408-FHFYBP,206 De Grassi St,,M4M,Townhouse/ Row House,14,Toronto-Danforth
3432878,STR-2408-FQLYBQ,251 Jarvis St,826,M5B,Condominium,13,Toronto Centre
3432879,STR-2408-FXSYBR,77 Silverthorn Ave,,M6N,Townhouse/ Row House,9,Davenport
3432880,STR-2408-GFYYBS,58 Wortham Dr,,M1G,Single/Semi-detached House,24,Scarborough-Guildwood
3432881,STR-2408-GPFYBT,832 Bay St,1109,M5S,Condominium,11,University-Rosedale
3432882,STR-2408-GWLYBV,9 Stafford Rd,,M2R,Single/Semi-detached House,18,Willowdale
3432883,STR-2408-HDSYBW,151 Dan Leckie Way,639,M5V,Condominium,10,Spadina-Fort York
3432884,STR-2408-HLYYBX,98 Lillian St,811,M4S,Condominium,12,Toronto-St. Paul's
3432885,STR-2408-JCLYBZ,219 Fort York Blvd,3207,M5V,Condominium,10,Spadina-Fort York
3432886,STR-2408-FHWLBP,17 Zorra St,2203,M8Z,Condominium,3,Etobicoke-Lakeshore
3432887,STR-2408-FRCLBQ,69 Walmer Rd,1,M5R,Duplex/Triplex/Fourplex,11,University-Rosedale
3432888,STR-2408-FYJLBR,457 Lansdowne Ave,,M6H,Single/Semi-detached House,9,Davenport
3432889,STR-2408-GGQLBS,96 Fort York Blvd,G01,M5V,Condominium,10,Spadina-Fort York
3432890,STR-2408-GPWLBT,12 Dearbourne Ave,,M4K,Single/Semi-detached House,14,Toronto-Danforth
3432891,STR-2408-GXCLBV,20 Machells Ave,109,M6K,Townhouse/ Row House,10,Spadina-Fort York
3432892,STR-2408-JDCLBZ,34 Western Battery Rd,411,M6K,Condominium,10,Spadina-Fort York
3432893,STR-2408-FYYYBR,383 Concord Ave,,M6H,Single/Semi-detached House,9,Davenport
3432894,STR-2408-GQLYBT,50 Ordnance St,410,M6K,Condominium,10,Spadina-Fort York
3432895,STR-2408-HPFYBX,151 Dan Leckie Way,1106,M5V,Condominium,10,Spadina-Fort York
3432896,STR-2408-FZQLBR,251 Jarvis St,5007,M5B,Condominium,13,Toronto Centre
3432897,STR-2408-GHWLBS,225 Wellesley St E,914,M4X,Condominium,13,Toronto Centre
3432898,STR-2408-GRCLBT,21 Iceboat Ter,3715,M5V,Condominium,10,Spadina-Fort York
3432899,STR-2408-GYJLBV,300 Front St W,2711,M5V,Condominium,10,Spadina-Fort York
3432900,STR-2408-HGQLBW,14 Gramercy Sq,,M1X,Single/Semi-detached House,25,Scarborough-Rouge Park
3432901,STR-2408-HPWLBX,21 Iceboat Ter,4003,M5V,Condominium,10,Spadina-Fort York
3432902,STR-2408-FKSYBP,151 Dan Leckie Way,1911,M5V,Condominium,10,Spadina-Fort York
3432903,STR-2408-FSYYBQ,210 Victoria St,3605,M5B,Condominium,13,Toronto Centre
3432904,STR-2408-GBFYBR,246 Armour Blvd,,M3H,Single/Semi-detached House,6,York Centre
3432905,STR-2408-GRSYBT,210 Victoria St,2510,M5B,Condominium,13,Toronto Centre
3432906,STR-2408-GYYYBV,38 Grenville St,3410,M4Y,Condominium,13,Toronto Centre
3432907,STR-2408-HHFYBW,10 Capreol Crt,2009,M5V,Condominium,10,Spadina-Fort York
3432908,STR-2408-HQLYBX,20 Galley Ave,2,M6R,Duplex/Triplex/Fourplex,4,Parkdale-High Park
3432909,STR-2408-HXSYBY,12 Symes Rd,102,M6N,Townhouse/ Row House,5,York South-Weston
3432910,STR-2408-JFYYBZ,105 George St,1611,M5A,Condominium,13,Toronto Centre
3432911,STR-2408-FLJLBP,219 Fort York Blvd,2706,M5V,Condominium,10,Spadina-Fort York
3432912,STR-2408-FTQLBQ,84 Ashburnham Rd,,M6H,Single/Semi-detached House,9,Davenport
3432913,STR-2408-GBWLBR,35 Terryhill Cres,,M1S,Single/Semi-detached House,23,Scarborough North
3432914,STR-2408-GZQLBV,65 Bremner Blvd,4302,M5J,Condominium,10,Spadina-Fort York
3432915,STR-2408-HHWLBW,18 Saunders Ave,,M6R,Townhouse/ Row House,4,Parkdale-High Park
3432916,STR-2408-HRCLBX,1369 Bloor St W,1515,M6P,Condominium,9,Davenport
3432917,STR-2408-JGQLBZ,186B Gamma St,,M8W,Single/Semi-detached House,3,Etobicoke-Lakeshore
3432918,STR-2408-FDVFBP,29 McCartney St,,M9M,Single/Semi-detached House,7,Humber River-Black Creek
3432919,STR-2408-FMBFBQ,734 Shaw St,Main,M6G,Duplex/Triplex/Fourplex,11,University-Rosedale
3432920,STR-2408-FVHFBR,15 Iceboat Ter,3715,M5V,Condominium,10,Spadina-Fort York
3432921,STR-2408-GCPFBS,638 McCowan Rd,,M1J,Single/Semi-detached House,21,Scarborough Centre
3432922,STR-2408-GKVFBT,230 Logan Ave,,M4M,Single/Semi-detached House,14,Toronto-Danforth
3432923,STR-2408-GTBFBV,800 Richmond St W,502,M6J,Apartment,10,Spadina-Fort York
3432924,STR-2408-HJPFBX,53 Sixteenth St,,M8V,Single/Semi-detached House,3,Etobicoke-Lakeshore
3432925,STR-2408-HRVFBY,32 Westwood Ave,,M4K,Single/Semi-detached House,14,Toronto-Danforth
3432926,STR-2408-FFKSBP,40 Halton St,,M6J,Single/Semi-detached House,10,Spadina-Fort York
3432927,STR-2408-FMRSBQ,2240 Weston Rd,802,M9N,Condominium,5,York South-Weston
3432928,STR-2408-FVXSBR,83 Borough Dr,305,M1P,Condominium,21,Scarborough Centre
3432929,STR-2408-GDDSBS,63 Cameron St,1,M5T,Townhouse/ Row House,10,Spadina-Fort York
3432930,STR-2408-GLKSBT,300 Front St W,613,M5V,Condominium,10,Spadina-Fort York
3432931,STR-2408-GTRSBV,38 Dan Leckie Way,2109,M5V,Condominium,10,Spadina-Fort York
3432932,STR-2408-HBXSBW,300 Front St W,4302,M5V,Condominium,10,Spadina-Fort York
3432933,STR-2408-HZRSBZ,38 Niagara St,1,M5V,Condominium,10,Spadina-Fort York
3432934,STR-2408-FGBFBP,1 Ruttan St,213,M6P,Condominium,9,Davenport
3432935,STR-2408-FPHFBQ,2 Eva Rd,2822,M9C,Condominium,2,Etobicoke Centre
3432936,STR-2408-FWPFBR,177 Redpath Ave,903,M4P,Apartment,12,Toronto-St. Paul's
3432937,STR-2408-GDVFBS,3 Pemberton Ave,509,M2M,Condominium,18,Willowdale
3432938,STR-2408-GVHFBV,415 Clinton St,,M6G,Single/Semi-detached House,11,University-Rosedale
3432939,STR-2408-HTBFBY,15 Battenberg Ave,,M4L,Single/Semi-detached House,19,Beaches-East York
3432940,STR-2408-FPXSBQ,151 Dan Leckie Way,739,M5V,Condominium,10,Spadina-Fort York
3432941,STR-2408-FXDSBR,20 John St,1118,M5V,Apartment,10,Spadina-Fort York
3432942,STR-2408-GMRSBT,17 Zorra St,310E,M8Z,Condominium,3,Etobicoke-Lakeshore
3432943,STR-2408-GVXSBV,300 Front St W,1410,M5V,Condominium,10,Spadina-Fort York
3432944,STR-2408-HDDSBW,101 Peter St,507,M5V,Condominium,10,Spadina-Fort York
3432945,STR-2408-HLKSBX,151 Dan Leckie Way,1901,M5V,Condominium,10,Spadina-Fort York
3432946,STR-2408-HTRSBY,209 Fort York Blvd,578,M5V,Condominium,10,Spadina-Fort York
3432947,STR-2408-JBXSBZ,161 Dupont St,3,M5R,Duplex/Triplex/Fourplex,11,University-Rosedale
3432948,STR-2408-FHHFBP,972 Bathurst St,2,M5R,Apartment,11,University-Rosedale
3432949,STR-2408-GGBFBS,93 Montezuma Trl,,M1V,Townhouse/ Row House,23,Scarborough North
3432950,STR-2408-HMBFBX,34 Simpson Ave,,M4K,Single/Semi-detached House,14,Toronto-Danforth
3432951,STR-2408-HVHFBY,327 King St West,3503,M5V,Condominium,10,Spadina-Fort York
3432952,STR-2408-JCPFBZ,460 Adelaide St E,833,M5A,Condominium,13,Toronto Centre
3432953,STR-2408-FHXSBP,61 Redwood Ave,,M4L,Single/Semi-detached House,14,Toronto-Danforth
3432954,STR-2408-FYKSBR,65 Bremner Blvd,2209,M5J,Condominium,10,Spadina-Fort York
3432955,STR-2408-GGRSBS,63 Darby Crt,,M1B,Single/Semi-detached House,25,Scarborough-Rouge Park
3432956,STR-2408-GXDSBV,65 Bremner Blvd,4102,M5J,Condominium,10,Spadina-Fort York
3432957,STR-2408-HVXSBY,400 The East Mall,311,M9B,Townhouse/ Row House,2,Etobicoke Centre
3432958,STR-2408-JDDSBZ,69 Sheridan Ave,,M6K,Townhouse/ Row House,9,Davenport
3432959,STR-2408-FJPFBP,10 Bloorview Pl,1708,M2J,Condominium,17,Don Valley North
3432960,STR-2408-FRVFBQ,102 Betty Ann Dr,,M2N,Single/Semi-detached House,18,Willowdale
3432961,STR-2408-GHHFBS,7 Daniel Cozens Crt,BSMNT,M2R,Single/Semi-detached House,18,Willowdale
3432962,STR-2408-GQPFBT,16 Symes Rd,104,M6N,Townhouse/ Row House,5,York South-Weston
3432963,STR-2408-GXVFBV,2300 St Clair Ave W,105,M6N,Condominium,5,York South-Weston
3432964,STR-2408-HPHFBX,188 Cumberland St,408,M5R,Condominium,11,University-Rosedale
3432965,STR-2408-HWPFBY,560 Front St W,PH 24,M5V,Condominium,10,Spadina-Fort York
3432966,STR-2408-JDVFBZ,105 George St,311,M5A,Condominium,13,Toronto Centre
3432967,STR-2408-FKDSBP,1195 The Queensway,317,M8Z,Condominium,3,Etobicoke-Lakeshore
3432968,STR-2408-FZRSBR,88 Sheppard Ave E,1903,M2N,Condominium,18,Willowdale
3432969,STR-2408-GHXSBS,112H Morse St,,M4M,Townhouse/ Row House,14,Toronto-Danforth
3432970,STR-2408-HXDSBY,10 Arborview Cres,,M9W,Single/Semi-detached House,1,Etobicoke North
3432971,STR-2408-JFKSBZ,65 Bremner Blvd,1101,M5J,Condominium,10,Spadina-Fort York
3432972,STR-2408-FKVFBP,225 Village Green Sq,1108,M1S,Condominium,22,Scarborough-Agincourt
3432973,STR-2408-FTBFBQ,56 Dixon Rd,,M9P,Single/Semi-detached House,1,Etobicoke North
3432974,STR-2408-GBHFBR,832 Bay St,3902,M5S,Apartment,11,University-Rosedale
3432975,STR-2408-GJPFBS,55 East Liberty St,1501,M6K,Condominium,10,Spadina-Fort York
3432976,STR-2408-GRVFBT,17 Moore Park Ave,,M2M,Single/Semi-detached House,18,Willowdale
3432977,STR-2408-HHHFBW,38 Elm St,2910,M5G,Condominium,11,University-Rosedale
3432978,STR-2408-HQPFBX,781 St Clair Ave W,12,M6C,Apartment,12,Toronto-St. Paul's
3432979,STR-2408-HXVFBY,2667 Kipling Ave,1807,M9V,Apartment,1,Etobicoke North
3432980,STR-2408-FLKSBP,9 Bentley Dr,,M8Z,Single/Semi-detached House,3,Etobicoke-Lakeshore
3432981,STR-2408-FTRSBQ,176 Munro St,,M4M,Townhouse/ Row House,14,Toronto-Danforth
3432982,STR-2408-GKDSBS,89 Queen St E,3,M5C,Apartment,13,Toronto Centre
3432983,STR-2408-GSKSBT,21 Iceboat Ter,3709,M5V,Condominium,10,Spadina-Fort York
3432984,STR-2408-HHXSBW,215 Fort York Blvd,2201,M5V,Condominium,10,Spadina-Fort York
3432985,STR-2412-GRVLBT,365 Church St,1411,M5B,Condominium,13,Toronto Centre
3432986,STR-2408-HRDSBX,12 Sudbury St,210,M6J,Townhouse/ Row House,10,Spadina-Fort York
3432987,STR-2408-JGRSBZ,637 Lake Shore Blvd W,623,M5V,Condominium,10,Spadina-Fort York
3432988,STR-2408-FDWLBP,50 Bruyeres Mews,806,M5V,Condominium,10,Spadina-Fort York
3432989,STR-2408-FVJLBR,560 Front St W,513,M5V,Condominium,10,Spadina-Fort York
3432990,STR-2408-GCQLBS,300 Front St W,4309,M5V,Condominium,10,Spadina-Fort York
3432991,STR-2408-GKWLBT,138 Newton Dr,,M2M,Single/Semi-detached House,18,Willowdale
3432992,STR-2408-GTCLBV,1108 Bloor St W,2,M6H,Apartment,9,Davenport
3432993,STR-2408-HBJLBW,54 Cameron Ave,3,M6M,Apartment,5,York South-Weston
3432994,STR-2408-HJQLBX,29 Vince Ave,,M4L,Single/Semi-detached House,19,Beaches-East York
3432995,STR-2408-HRWLBY,155 Yorkville Ave,516,M5R,Condominium,11,University-Rosedale
3432996,STR-2408-HZCLBZ,75 Hartleywood Dr,,M1S,Single/Semi-detached House,23,Scarborough North
3432997,STR-2408-FFLYBP,750 Bay St,807,M5G,Condominium,11,University-Rosedale
3432998,STR-2408-GDFYBS,9 Mabelle Ave,2023,M9A,Apartment,3,Etobicoke-Lakeshore
3432999,STR-2408-GLLYBT,53 Fieldwood Dr,,M1V,Single/Semi-detached House,23,Scarborough North
3433000,STR-2408-HKFYBX,180 Lippincott St,,M5S,Single/Semi-detached House,11,University-Rosedale
3433001,STR-2408-HSLYBY,11 Wild Rose Gdns,,M6L,Single/Semi-detached House,5,York South-Weston
3433002,STR-2408-FPJLBQ,409 Strathmore Blvd,,M4C,Single/Semi-detached House,19,Beaches-East York
3433003,STR-2408-GDWLBS,127 Lilian Dr,,M1R,Single/Semi-detached House,21,Scarborough Centre
3433004,STR-2408-GMCLBT,147 Madison Ave,BSMT,M5R,Single/Semi-detached House,11,University-Rosedale
3433005,STR-2408-GVJLBV,800 King St W,217,M5V,Condominium,10,Spadina-Fort York
3433006,STR-2408-HKWLBX,44 Northey Dr,Main,M2L,Single/Semi-detached House,15,Don Valley West
3433007,STR-2408-JBJLBZ,209 Fort York Blvd,165,M5V,Condominium,10,Spadina-Fort York
3433008,STR-2408-FPYYBQ,15 Valiant Rd,,M8X,Single/Semi-detached House,3,Etobicoke-Lakeshore
3433009,STR-2408-GFLYBS,50 Euclid Ave,,M6J,Single/Semi-detached House,10,Spadina-Fort York
3433010,STR-2408-GMSYBT,22 Western Battery Rd,107,M6K,Townhouse/ Row House,10,Spadina-Fort York
3433011,STR-2408-GVYYBV,506 Bathurst St,2,M5S,Duplex/Triplex/Fourplex,11,University-Rosedale
3433012,STR-2408-HDFYBW,251 Jarvis St,3508,M5B,Condominium,13,Toronto Centre
3433013,STR-2408-HTSYBY,715 Lawrence Ave W,26,M6A,Condominium,8,Eglinton-Lawrence
3433014,STR-2408-JBYYBZ,77 Davisville Ave,2001,M4S,Apartment,12,Toronto-St. Paul's
3433015,STR-2408-FHJLBP,396 Winona Dr,Upper,M6C,Single/Semi-detached House,9,Davenport
3433016,STR-2408-FQQLBQ,6 Camilla Cres,,M1L,Single/Semi-detached House,20,Scarborough Southwest
3433017,STR-2408-GWQLBV,1 Highcourt Cres,,M1H,Single/Semi-detached House,24,Scarborough-Guildwood
3433018,STR-2408-HDWLBW,500 Sherbourne St,3403,M4X,Condominium,13,Toronto Centre
3433019,STR-2408-HMCLBX,37 Coppermill Dr,,M9W,Single/Semi-detached House,1,Etobicoke North
3433020,STR-2408-HVJLBY,112 George St,537,M5A,Condominium,13,Toronto Centre
3433021,STR-2408-JCQLBZ,155 Yorkville Ave,1414,M5R,Condominium,11,University-Rosedale
3433022,STR-2408-FHYYBP,512 Bathurst St,4,M5S,Duplex/Triplex/Fourplex,11,University-Rosedale
3433023,STR-2408-FRFYBQ,54 Robert St,,M5S,Single/Semi-detached House,11,University-Rosedale
3433024,STR-2408-FYLYBR,12 York St,4305,M5J,Condominium,10,Spadina-Fort York
3433025,STR-2408-GXFYBV,101 Subway Cres,511,M9B,Apartment,3,Etobicoke-Lakeshore
3433026,STR-2408-HMSYBX,101 Peter St,1907,M5V,Condominium,10,Spadina-Fort York
3433027,STR-2408-HVYYBY,2241 Bloor St W,205,M6S,Apartment,4,Parkdale-High Park
3433028,STR-2408-JDFYBZ,80 Madison Ave,,M5R,Single/Semi-detached House,11,University-Rosedale
3433029,STR-2408-FJQLBP,95 Northern Dancer Blvd,,M4L,Single/Semi-detached House,19,Beaches-East York
3433030,STR-2408-FZCLBR,713 The Queensway,A,M8Y,Apartment,3,Etobicoke-Lakeshore
3433031,STR-2408-GHJLBS,1787 St Clair Ave W,905,M6N,Condominium,9,Davenport
3433032,STR-2408-GQQLBT,151 Dan Leckie Way,1905,M5V,Condominium,10,Spadina-Fort York
3433033,STR-2408-GXWLBV,50 Corby Ave,,M6E,Single/Semi-detached House,9,Davenport
3433034,STR-2408-HGCLBW,1 Dundee Dr,,M3J,Single/Semi-detached House,7,Humber River-Black Creek
3433035,STR-2408-JDWLBZ,15 Iceboat Ter,2215,M5V,Condominium,10,Spadina-Fort York
3433036,STR-2408-FKFYBP,27 Piggott Mews,,M9N,Townhouse/ Row House,5,York South-Weston
3433037,STR-2408-FZSYBR,55 Ferrand Dr,,M3C,Townhouse/ Row House,16,Don Valley East
3433038,STR-2408-GHYYBS,355 Riverdale Ave,,M4J,Single/Semi-detached House,14,Toronto-Danforth
3433039,STR-2408-GRFYBT,740 Kennedy Rd,45,M1K,Townhouse/ Row House,20,Scarborough Southwest
3433040,STR-2408-GYLYBV,2119 Lake Shore Blvd W,907,M8V,Condominium,3,Etobicoke-Lakeshore
3433041,STR-2408-HPYYBX,861 Sheppard Ave W,24,M3H,Townhouse/ Row House,6,York Centre
3433042,STR-2408-GRWLBT,300 Front St W,3307,M5V,Condominium,10,Spadina-Fort York
3433043,STR-2408-HHJLBW,912 Dundas St E,1,M4M,Duplex/Triplex/Fourplex,14,Toronto-Danforth
3433044,STR-2408-HQQLBX,139 Poplar Rd,Garden Suite,M1E,Single/Semi-detached House,24,Scarborough-Guildwood
3433045,STR-2408-HXWLBY,14 York St,4803,M5J,Condominium,10,Spadina-Fort York
3433046,STR-2408-FTSYBQ,86 Aldershot Cres,,M2P,Single/Semi-detached House,15,Don Valley West
3433047,STR-2408-GBYYBR,101 Peter St,3512,M5V,Condominium,10,Spadina-Fort York
3433048,STR-2408-GSLYBT,95 Nipigon Ave,,M2M,Single/Semi-detached House,18,Willowdale
3433049,STR-2408-GZSYBV,10 Gardentree St,,M1E,Single/Semi-detached House,24,Scarborough-Guildwood
3433050,STR-2408-HHYYBW,50 Brian Harrison Way,2810,M1P,Condominium,21,Scarborough Centre
3433051,STR-2408-HRFYBX,78 Hanson St,,M4C,Single/Semi-detached House,19,Beaches-East York
3433052,STR-2408-HYLYBY,14 Milkwood Ave,,M9V,Duplex/Triplex/Fourplex,1,Etobicoke North
3433053,STR-2408-JGSYBZ,1 Wagner Dr,,M1E,Single/Semi-detached House,24,Scarborough-Guildwood
3433054,STR-2408-FDXSBP,12 York St,4107,M5J,Condominium,10,Spadina-Fort York
3433055,STR-2408-FMDSBQ,219 Fort York Blvd,614,M5V,Condominium,10,Spadina-Fort York
3433056,STR-2408-FVKSBR,151 Dan Leckie Way,249,M5V,Condominium,10,Spadina-Fort York
3433057,STR-2408-GCRSBS,693 Craven Rd,,M4L,Single/Semi-detached House,14,Toronto-Danforth
3433058,STR-2408-GKXSBT,83 O'Connor Dr,,M4K,Single/Semi-detached House,14,Toronto-Danforth
3433059,STR-2408-GTDSBV,5800 Sheppard Ave E,415,M1B,Condominium,23,Scarborough North
3433060,STR-2408-HRXSBY,251 Jarvis St,1410,M5B,Condominium,13,Toronto Centre
3433061,STR-2408-HZDSBZ,700 King St W,616,M5V,Condominium,10,Spadina-Fort York
3433062,STR-2408-FFPFBP,21 Iceboat Ter,2303,M5V,Condominium,10,Spadina-Fort York
3433063,STR-2408-FMVFBQ,136 Argyle St,1,M6J,Single/Semi-detached House,10,Spadina-Fort York
3433064,STR-2408-FWBFBR,153 King Edward Ave,,M4C,Single/Semi-detached House,19,Beaches-East York
3433065,STR-2409-GDHFBS,100 Crockamhill Dr,,M1S,Single/Semi-detached House,23,Scarborough North
3433066,STR-2409-GLPFBT,170 Fairlawn Ave,,M5M,Single/Semi-detached House,8,Eglinton-Lawrence
3433067,STR-2409-GTVFBV,11 Lillian St,1506,M4S,Condominium,12,Toronto-St. Paul's
3433068,STR-2409-HCBFBW,5 Philpott Gdns,,M4E,Townhouse/ Row House,19,Beaches-East York
3433069,STR-2409-HKHFBX,219 Fort York Blvd,2307,M5V,Condominium,10,Spadina-Fort York
3433070,STR-2409-HSPFBY,199 Richmond St W,722,M5V,Condominium,10,Spadina-Fort York
3433071,STR-2409-HZVFBZ,919 Dufferin St,1407,M6H,Condominium,9,Davenport
3433072,STR-2409-FWRSBR,155 Yorkville Ave,1610,M5R,Condominium,11,University-Rosedale
3433073,STR-2409-GDXSBS,2055 Danforth Ave,914,M4C,Condominium,19,Beaches-East York
3433074,STR-2409-GMDSBT,109 Ossington Ave,614,M6J,Condominium,10,Spadina-Fort York
3433075,STR-2409-GVKSBV,33 Rosehill Ave,1803,M4T,Apartment,12,Toronto-St. Paul's
3433076,STR-2409-HCRSBW,52 Sumach St,101,M5A,Condominium,13,Toronto Centre
3433077,STR-2409-HKXSBX,14 Chelway Rd,,M1J,Single/Semi-detached House,24,Scarborough-Guildwood
3433078,STR-2409-HTDSBY,832 Bay St,5010,M5S,Condominium,11,University-Rosedale
3433079,STR-2409-JBKSBZ,14 Ravenrock Crt,,M3A,Single/Semi-detached House,16,Don Valley East
3433080,STR-2409-FGVFBP,1214 Shaw St,,M6G,Single/Semi-detached House,12,Toronto-St. Paul's
3433081,STR-2409-FQBFBQ,109 Braemar Ave,,M5P,Single/Semi-detached House,12,Toronto-St. Paul's
3433082,STR-2409-GFPFBS,25 Dallner Rd,420,M3L,Apartment,7,Humber River-Black Creek
3433083,STR-2409-GWBFBV,34 Kimbourne Ave,,M4J,Single/Semi-detached House,14,Toronto-Danforth
3433084,STR-2409-HDHFBW,99 Cameron St,719,M5T,Condominium,10,Spadina-Fort York
3433085,STR-2409-HLPFBX,18 Maitland Ter,1709,M4Y,Condominium,13,Toronto Centre
3433086,STR-2409-HTVFBY,155 Yorkville Ave,2003,M5R,Condominium,11,University-Rosedale
3433087,STR-2409-JCBFBZ,22 Earlthorpe Cres,,M1H,Single/Semi-detached House,24,Scarborough-Guildwood
3433088,STR-2409-FQRSBQ,1544 Dundas St E,,M4L,Single/Semi-detached House,14,Toronto-Danforth
3433089,STR-2409-FXXSBR,199 Richmond St W,207,M5V,Condominium,10,Spadina-Fort York
3433090,STR-2409-GGDSBS,34 Taverly Rd,,M2J,Single/Semi-detached House,17,Don Valley North
3433091,STR-2409-GPKSBT,1 Belvidere Ave,,M6C,Single/Semi-detached House,12,Toronto-St. Paul's
3433092,STR-2409-HMDSBX,60 Clipper Rd,1406,M2J,Apartment,17,Don Valley North
3433093,STR-2409-HVKSBY,92 Olive Ave,,M6G,Single/Semi-detached House,11,University-Rosedale
3433094,STR-2409-JCRSBZ,26 Eunice Rd,,M2K,Single/Semi-detached House,17,Don Valley North
3433095,STR-2409-FJBFBP,18 Yonge St,2101,M5E,Condominium,10,Spadina-Fort York
3433096,STR-2409-FYPFBR,628 Fleet St,227,M5V,Condominium,10,Spadina-Fort York
3433097,STR-2409-GGVFBS,832 Bay St,3407,M5S,Condominium,11,University-Rosedale
3433098,STR-2409-GQBFBT,427 Sackville St,,M4X,Single/Semi-detached House,13,Toronto Centre
3433099,STR-2409-GXHFBV,385 Milverton Blvd,,M4J,Single/Semi-detached House,14,Toronto-Danforth
3433100,STR-2409-HWBFBY,467 Renforth Dr,,M9C,Single/Semi-detached House,2,Etobicoke Centre
3433101,STR-2409-JDHFBZ,10 Capreol Crt,2005,M5V,Condominium,10,Spadina-Fort York
3433102,STR-2409-FJRSBP,41 Lorindale Ave,104,M5M,Apartment,8,Eglinton-Lawrence
3433103,STR-2409-FRXSBQ,30 Nelson St,2802,M5V,Condominium,10,Spadina-Fort York
3433104,STR-2409-FZDSBR,10 Capreol Crt,653,M5V,Condominium,10,Spadina-Fort York
3433105,STR-2409-GHKSBS,63D View Green Cres,,M9W,Townhouse/ Row House,1,Etobicoke North
3433106,STR-2409-GQRSBT,143 Lake Cres,,M8V,Single/Semi-detached House,3,Etobicoke-Lakeshore
3433107,STR-2409-GXXSBV,5 Leonard Ave,C,M5T,Duplex/Triplex/Fourplex,11,University-Rosedale
3433108,STR-2409-HGDSBW,38 Widmer St,507,M5V,Condominium,10,Spadina-Fort York
3433109,STR-2409-HPKSBX,6 Glen Rd,,M4X,Single/Semi-detached House,13,Toronto Centre
3433110,STR-2409-FZVFBR,80 Western Battery Rd,222,M6K,Condominium,10,Spadina-Fort York
3433111,STR-2409-GJBFBS,5174A Dundas St W,,M9A,Apartment,3,Etobicoke-Lakeshore
3433112,STR-2409-HGVFBW,18 Yonge St,3006,M5E,Condominium,10,Spadina-Fort York
3433113,STR-2409-HQBFBX,269 Sterling Rd,,M6R,Single/Semi-detached House,9,Davenport
3433114,STR-2409-JFPFBZ,701 King St W,712,M5V,Condominium,10,Spadina-Fort York
3433115,STR-2409-FTDSBQ,2789 Eglinton Ave E,409,M1J,Condominium,20,Scarborough Southwest
3433116,STR-2409-GJRSBS,448 Drewry Ave,,M2R,Single/Semi-detached House,18,Willowdale
3433117,STR-2409-GRXSBT,115 St Leonard's Ave,,M4N,Single/Semi-detached House,15,Don Valley West
3433118,STR-2409-GZDSBV,1359 Neilson Rd,56,M1B,Townhouse/ Row House,25,Scarborough-Rouge Park
3433119,STR-2409-HHKSBW,101 Peter St,3807,M5V,Condominium,10,Spadina-Fort York
3433120,STR-2409-HQRSBX,800 Lawrence Ave W,715,M6A,Condominium,8,Eglinton-Lawrence
3433121,STR-2409-HXXSBY,2654 Bayview Ave,,M2L,Single/Semi-detached House,15,Don Valley West
3433122,STR-2409-JGDSBZ,20 Joe Shuster Way,1315,M6K,Condominium,10,Spadina-Fort York
3433123,STR-2409-FLPFBP,14 York St,4404,M5J,Condominium,10,Spadina-Fort York
3433124,STR-2409-FTVFBQ,21 Iceboat Ter,1908,M5V,Condominium,10,Spadina-Fort York
3433125,STR-2409-GCBFBR,219 Fort York Blvd,3208,M5V,Condominium,10,Spadina-Fort York
3433126,STR-2409-GSPFBT,251 Jarvis St,804,M5B,Condominium,13,Toronto Centre
3433127,STR-2409-GZVFBV,1048 Broadview Ave,2301,M4K,Condominium,14,Toronto-Danforth
3433128,STR-2409-HJBFBW,636 Rhodes Ave,,M4J,Single/Semi-detached House,14,Toronto-Danforth
3433129,STR-2409-HRHFBX,14 York St,2406,M5J,Condominium,10,Spadina-Fort York
3433130,STR-2409-JGVFBZ,251 Jarvis St,2613,M5B,Condominium,13,Toronto Centre
3433131,STR-2409-FDYYBP,20 Minowan Miikan Lane,618,M6J,Condominium,9,Davenport
3433132,STR-2409-FMFYBQ,832 Bay St,1202,M5S,Condominium,11,University-Rosedale
3433133,STR-2409-FVLYBR,7 Granlea Rd,,M2N,Single/Semi-detached House,18,Willowdale
3433134,STR-2409-GKYYBT,5 Posthorn Grv,,M1S,Single/Semi-detached House,23,Scarborough North
3433135,STR-2409-HJSYBX,194 Woodville Ave,,M4J,Single/Semi-detached House,14,Toronto-Danforth
3433136,STR-2409-FMWLBQ,251 Jarvis St,508,M5B,Condominium,13,Toronto Centre
3433137,STR-2409-FWCLBR,22 Goldwin Ave,,M6M,Single/Semi-detached House,5,York South-Weston
3433138,STR-2409-GDJLBS,955 Bay St,2017,M5S,Condominium,13,Toronto Centre
3433139,STR-2409-GLQLBT,861 Sheppard Ave W.,34,M3H,Condominium,6,York Centre
3433140,STR-2409-GTWLBV,296 Ossington Ave,,M6J,Single/Semi-detached House,9,Davenport
3433141,STR-2409-HCCLBW,39 Wiley Ave,,M4J,Single/Semi-detached House,14,Toronto-Danforth
3433142,STR-2409-HSQLBY,70 Distillery Lane,1002,M5A,Condominium,10,Spadina-Fort York
3433143,STR-2409-HZWLBZ,955 Bay St,2702,M5S,Condominium,13,Toronto Centre
3433144,STR-2409-FGFYBP,700 Humberwood Blvd,1628,M9W,Condominium,1,Etobicoke North
3433145,STR-2409-FPLYBQ,37 MacDonell Ave,1,M6R,Apartment,4,Parkdale-High Park
3433146,STR-2409-FWSYBR,215 Sherway Gardens Rd,2605,M9C,Condominium,3,Etobicoke-Lakeshore
3433147,STR-2409-JBLYBZ,10 Capreol Crt,330,M5V,Condominium,10,Spadina-Fort York
3433148,STR-2409-FQCLBQ,208 Hillhurst Blvd,,M5N,Single/Semi-detached House,8,Eglinton-Lawrence
3433149,STR-2412-HZRYBZ,177 Mutual St,302,M5B,Apartment,13,Toronto Centre
3433150,STR-2409-FXJLBR,15 Wildflower Way,,M1E,Single/Semi-detached House,25,Scarborough-Rouge Park
3433151,STR-2409-GFQLBS,21 Iceboat Ter,1711,M5V,Condominium,10,Spadina-Fort York
3433152,STR-2409-GMWLBT,20 Joe Shuster Way,1409,M6K,Condominium,10,Spadina-Fort York
3433153,STR-2409-HDJLBW,251 Jarvis St,1019,M5B,Condominium,13,Toronto Centre
3433154,STR-2409-HLQLBX,1198A Weston Rd,3,M6M,Apartment,5,York South-Weston
3433155,STR-2409-JCCLBZ,20 Tivoli Crt,,M1E,Single/Semi-detached House,24,Scarborough-Guildwood
3433156,STR-2409-FHLYBP,100 Harrison Garden Blvd,605,M2N,Condominium,18,Willowdale
3433157,STR-2409-FQSYBQ,115 Roxborough St W,,M5R,Single/Semi-detached House,11,University-Rosedale
3433158,STR-2409-FXYYBR,300 Front St W,2809,M5V,Condominium,10,Spadina-Fort York
3433159,STR-2409-GGFYBS,1221 Royal York Rd,,M9A,Single/Semi-detached House,2,Etobicoke Centre
3433160,STR-2409-GPLYBT,544 Delaware Ave N,,M6H,Single/Semi-detached House,9,Davenport
3433161,STR-2409-GWSYBV,60 Fairview Ave,,M6P,Single/Semi-detached House,4,Parkdale-High Park
3433162,STR-2409-HMFYBX,270 Wellington St W,623,M5V,Condominium,10,Spadina-Fort York
3433163,STR-2409-JCSYBZ,94 St Hubert Ave,,M4J,Single/Semi-detached House,14,Toronto-Danforth
3433164,STR-2409-FJCLBP,3648 St Clair Ave E,,M1M,Townhouse/ Row House,20,Scarborough Southwest
3433165,STR-2409-FRJLBQ,25 McManus Rd,,M9P,Single/Semi-detached House,2,Etobicoke Centre
3433166,STR-2409-FYQLBR,213 Belsize Dr,B,M4S,Single/Semi-detached House,15,Don Valley West
3433167,STR-2409-GGWLBS,77 Shanly St,,M6H,Single/Semi-detached House,9,Davenport
3433168,STR-2409-GQCLBT,219 Fort York Blvd,201,M5V,Condominium,10,Spadina-Fort York
3433169,STR-2409-HFQLBW,21 Cloverdale Rd,,M6N,Single/Semi-detached House,9,Davenport
3433170,STR-2409-HMWLBX,300 Front St W,208,M5V,Condominium,10,Spadina-Fort York
3433171,STR-2409-JDJLBZ,58 Belmont St,,M5R,Townhouse/ Row House,11,University-Rosedale
3433172,STR-2409-FJSYBP,891 Royal York Rd,,M8Y,Single/Semi-detached House,3,Etobicoke-Lakeshore
3433173,STR-2409-FZFYBR,12 York St,1201,M5J,Condominium,10,Spadina-Fort York
3433174,STR-2409-GQSYBT,48 Goulden Cres,,M1L,Single/Semi-detached House,20,Scarborough Southwest
3433175,STR-2409-GXYYBV,165 Legion Rd N,1522,M8Y,Condominium,3,Etobicoke-Lakeshore
3433176,STR-2409-HGFYBW,46 Sultana Ave,,M6A,Single/Semi-detached House,8,Eglinton-Lawrence
3433177,STR-2409-HPLYBX,155 Yorkville Ave,2007,M5R,Condominium,11,University-Rosedale
3433178,STR-2409-HWSYBY,135 Village Green Sq,2715,M1S,Condominium,22,Scarborough-Agincourt
3433179,STR-2409-JDYYBZ,61 Glenwood Cres,,M4B,Single/Semi-detached House,19,Beaches-East York
3433180,STR-2409-FSQLBQ,251 Jarvis St,3802,M5B,Condominium,13,Toronto Centre
3433181,STR-2409-FZWLBR,832 Bay St,604,M5S,Condominium,11,University-Rosedale
3433182,STR-2409-GYQLBV,12 York St,5410,M5J,Condominium,10,Spadina-Fort York
3433183,STR-2409-HGWLBW,251 Manitoba St,130,M8Y,Apartment,3,Etobicoke-Lakeshore
3433184,STR-2409-HQCLBX,188 Cumberland St,1602,M5R,Condominium,11,University-Rosedale
3433185,STR-2409-HXJLBY,98 Hiawatha Rd,2,M4L,Single/Semi-detached House,14,Toronto-Danforth
3433186,STR-2409-JFQLBZ,884 Queen St W,Rear,M6J,Apartment,10,Spadina-Fort York
3433187,STR-2409-FKYYBP,275 Mortimer Ave,,M4J,Single/Semi-detached House,14,Toronto-Danforth
3433188,STR-2409-GBLYBR,1555 Bloor St W,2,M6P,Apartment,4,Parkdale-High Park
3433189,STR-2409-GRYYBT,12 Kollar Dr,,M1G,Single/Semi-detached House,24,Scarborough-Guildwood
3433190,STR-2409-HHLYBW,730 Ontario St,1201,M4X,Apartment,13,Toronto Centre
3433191,STR-2409-HXYYBY,107 Huron St,,M5T,Townhouse/ Row House,11,University-Rosedale
3433192,STR-2409-JGFYBZ,9 Rusholme Park Cres,1,M6J,Single/Semi-detached House,9,Davenport
3433193,STR-2409-FLQLBP,71 MacDonell Ave,,M6R,Single/Semi-detached House,4,Parkdale-High Park
3433194,STR-2409-FTWLBQ,42 Wheeler Ave,,M4L,Single/Semi-detached House,19,Beaches-East York
3433195,STR-2409-HJCLBW,419 Brownfield Gdns,,M1C,Single/Semi-detached House,25,Scarborough-Rouge Park
3433196,STR-2409-HYQLBY,251 Jarvis St,307,M5B,Condominium,13,Toronto Centre
3433197,STR-2409-JGWLBZ,14 York St,4304,M5J,Condominium,10,Spadina-Fort York
3433198,STR-2409-FMHFBQ,5131 Sheppard Ave E,604,M1B,Condominium,23,Scarborough North
3433199,STR-2409-FVPFBR,14 York St,2010,M5J,Condominium,10,Spadina-Fort York
3433200,STR-2409-GCVFBS,21 Iceboat Ter,1902,M5V,Condominium,10,Spadina-Fort York
3433201,STR-2409-GLBFBT,628 Fleet St,528,M5V,Condominium,10,Spadina-Fort York
3433202,STR-2409-GTHFBV,21 Iceboat Ter,2003,M5V,Condominium,10,Spadina-Fort York
3433203,STR-2409-HJVFBX,832 Bay St,1102,M5S,Condominium,11,University-Rosedale
3433204,STR-2409-HSBFBY,21 Iceboat Ter,2012,M5V,Condominium,10,Spadina-Fort York
3433205,STR-2409-FFRSBP,155 Yorkville Ave,1506,M5V,Condominium,11,University-Rosedale
3433206,STR-2409-FWDSBR,68 Broadview Ave,307,M4M,Condominium,14,Toronto-Danforth
3433207,STR-2409-GDKSBS,168 Dunn Ave,C,M6K,Duplex/Triplex/Fourplex,4,Parkdale-High Park
3433208,STR-2409-GLRSBT,251 Jarvis St,1227,M5B,Condominium,13,Toronto Centre
3433209,STR-2409-GTXSBV,195 De Grassi St,,M4M,Single/Semi-detached House,14,Toronto-Danforth
3433210,STR-2409-HCDSBW,37 Sunplains Cres,,M9C,Single/Semi-detached House,2,Etobicoke Centre
3433211,STR-2409-FPPFBQ,12 York St,4011,M5J,Apartment,10,Spadina-Fort York
3433212,STR-2409-FWVFBR,14 York St,2804,M5J,Condominium,10,Spadina-Fort York
3433213,STR-2409-GFBFBS,300 Front St W,1808,M5V,Condominium,10,Spadina-Fort York
3433214,STR-2409-GVPFBV,25 Belmont St,,M5R,Townhouse/ Row House,11,University-Rosedale
3433215,STR-2409-HCVFBW,736 Bay St,809,M5G,Condominium,11,University-Rosedale
3433216,STR-2409-HLBFBX,16 George Henry Blvd,,M2J,Single/Semi-detached House,17,Don Valley North
3433217,STR-2409-FGXSBP,22 Leader Lane,328,M5E,Condominium,13,Toronto Centre
3433218,STR-2409-FQDSBQ,307 Glenholme Ave,,M6E,Single/Semi-detached House,9,Davenport
3433219,STR-2409-FXKSBR,8 Charlotte St,608,M5V,Condominium,10,Spadina-Fort York
3433220,STR-2409-GFRSBS,439 Pacific Ave,,M6P,Single/Semi-detached House,4,Parkdale-High Park
3433221,STR-2409-HDKSBW,261 King St E,204,M5A,Apartment,13,Toronto Centre
3433222,STR-2409-HLRSBX,251 Jarvis St,4213,M5B,Condominium,13,Toronto Centre
3433223,STR-2409-HTXSBY,55 Bremner Blvd,4011,M5J,Condominium,10,Spadina-Fort York
3433224,STR-2409-JCDSBZ,30 Baseball Pl,826,M4M,Condominium,14,Toronto-Danforth
3433225,STR-2409-FHPFBP,300 Front St W,1804,M5V,Condominium,10,Spadina-Fort York
3433226,STR-2409-FQVFBQ,155 Yorkville Ave,2604,M5R,Condominium,11,University-Rosedale
3433227,STR-2409-FYBFBR,188 Cumberland St,1604,M5R,Condominium,11,University-Rosedale
3433228,STR-2409-GPPFBT,96 Dunblaine Ave,,M5M,Single/Semi-detached House,8,Eglinton-Lawrence
3433229,STR-2409-HFBFBW,263 Dunforest Ave,,M2N,Single/Semi-detached House,18,Willowdale
3433230,STR-2409-HVPFBY,21 Iceboat Ter,1507,M5V,Condominium,10,Spadina-Fort York
3433231,STR-2409-JCVFBZ,199 Richmond St W,509,M5V,Condominium,10,Spadina-Fort York
3433232,STR-2409-FJDSBP,52 St Lawrence St,226,M5A,Apartment,13,Toronto Centre
3433233,STR-2409-FRKSBQ,18 Yonge St,2708,M5E,Condominium,10,Spadina-Fort York
3433234,STR-2409-FYRSBR,300 Front St W,811,M5V,Condominium,10,Spadina-Fort York
3433235,STR-2409-GQDSBT,104 Carlaw Ave,,M4M,Townhouse/ Row House,14,Toronto-Danforth
3433236,STR-2409-HWDSBY,250 Wellington St W,1245,M5V,Condominium,10,Spadina-Fort York
3433237,STR-2409-JDKSBZ,955 Bay St,815,M5S,Condominium,13,Toronto Centre
3433238,STR-2409-FJVFBP,101 Peter St,2709,M5V,Condominium,10,Spadina-Fort York
3433239,STR-2409-FSBFBQ,955 Bay St,1305,M5S,Condominium,13,Toronto Centre
3433240,STR-2409-FZHFBR,1196 Dovercourt Rd,,M6H,Single/Semi-detached House,9,Davenport
3433241,STR-2409-GQVFBT,262 Sterling Rd,,M6R,Single/Semi-detached House,9,Davenport
3433242,STR-2409-GYBFBV,2609 Kingston Rd,2,M1M,Apartment,20,Scarborough Southwest
3433243,STR-2409-HGHFBW,650 Parliament St,726,M4X,Apartment,13,Toronto Centre
3433244,STR-2409-HWVFBY,1420 Dupont St,707,M6H,Condominium,9,Davenport
3433245,STR-2409-JFBFBZ,87 Peter St,4607,M5V,Apartment,10,Spadina-Fort York
3433246,STR-2409-FKKSBP,69 King Edward Ave,,M4C,Single/Semi-detached House,19,Beaches-East York
3433247,STR-2409-FZXSBR,38 Grenville St,603,M4Y,Condominium,13,Toronto Centre
3433248,STR-2409-GJDSBS,16 Larkin Ave,,M6S,Single/Semi-detached House,4,Parkdale-High Park
3433249,STR-2409-GRKSBT,182 Honiton St,,M3H,Single/Semi-detached House,6,York Centre
3433250,STR-2409-GYRSBV,25 Farmview Cres,,M2J,Single/Semi-detached House,17,Don Valley North
3433251,STR-2409-HQDSBX,209 Fort York Blvd,1265,M5V,Condominium,10,Spadina-Fort York
3433252,STR-2409-JFRSBZ,140 Elm Ridge Dr,1214,M6B,Apartment,8,Eglinton-Lawrence
3433253,STR-2409-FLBFBP,56 Milverton Blvd,,M4J,Single/Semi-detached House,14,Toronto-Danforth
3433254,STR-2409-GJVFBS,227 Broadway Ave,,M4P,Single/Semi-detached House,15,Don Valley West
3433255,STR-2409-GSBFBT,260 Queens Quay W,2002,M5J,Condominium,10,Spadina-Fort York
3433256,STR-2409-GZHFBV,38 Osler St,,M6P,Townhouse/ Row House,9,Davenport
3433257,STR-2409-HHPFBW,199 Richmond St W,2404,M5V,Condominium,10,Spadina-Fort York
3433258,STR-2409-HQVFBX,462 Northcliffe Blvd,,M6E,Single/Semi-detached House,12,Toronto-St. Paul's
3433259,STR-2409-HYBFBY,271 St Clair Ave E,,M4T,Single/Semi-detached House,11,University-Rosedale
3433260,STR-2409-FLRSBP,205 Lake Shore Dr,,M8V,Single/Semi-detached House,3,Etobicoke-Lakeshore
3433261,STR-2409-FTXSBQ,215 Fort York Blvd,2211,M5V,Apartment,10,Spadina-Fort York
3433262,STR-2409-GCDSBR,5 Hanna Ave,406,M6K,Condominium,10,Spadina-Fort York
3433263,STR-2409-GKKSBS,37 Citation Dr,,M2K,Single/Semi-detached House,17,Don Valley North
3433264,STR-2409-GSRSBT,231 Fort York Blvd,703,M5V,Condominium,10,Spadina-Fort York
3433265,STR-2409-GZXSBV,311 Wallace Ave,BSMT,M6P,Apartment,9,Davenport
3433266,STR-2409-HJDSBW,270 Wellington St W,1010,M5V,Condominium,10,Spadina-Fort York
3433267,STR-2409-HRKSBX,251 Jarvis St,1601,M5B,Condominium,13,Toronto Centre
3433268,STR-2409-HYRSBY,364 The East Mall,105,M9B,Condominium,2,Etobicoke Centre
3433269,STR-2409-JGXSBZ,300 Front St W,2614,M5V,Condominium,10,Spadina-Fort York
3433270,STR-2409-FVQLBR,1532 Dundas St W,C,M6K,Duplex/Triplex/Fourplex,9,Davenport
3433271,STR-2409-GCWLBS,22 Birkdale Rd,,M1P,Single/Semi-detached House,21,Scarborough Centre
3433272,STR-2409-GLCLBT,99 Cameron St,1003,M5T,Condominium,10,Spadina-Fort York
3433273,STR-2409-HBQLBW,134 Duplex Ave,,M5P,Single/Semi-detached House,12,Toronto-St. Paul's
3433274,STR-2409-HJWLBX,832 Bay St,3908,M5S,Condominium,11,University-Rosedale
3433275,STR-2409-HZJLBZ,34 St. Gaspar Crt,,M9L,Single/Semi-detached House,7,Humber River-Black Creek
3433276,STR-2409-FFSYBP,7 Antonio Crt,,M9L,Single/Semi-detached House,7,Humber River-Black Creek
3433277,STR-2409-FMYYBQ,208 Queens Quay W,402,M5J,Condominium,10,Spadina-Fort York
3433278,STR-2404-JBDKVZ,161 Manning Ave,A,M6J,Duplex/Triplex/Fourplex,10,Spadina-Fort York
3433279,STR-2409-GDLYBS,14 Corningham St,,M1C,Single/Semi-detached House,25,Scarborough-Rouge Park
3433280,STR-2409-GLSYBT,215 Fort York Blvd,3608,M5V,Condominium,10,Spadina-Fort York
3433281,STR-2409-GTYYBV,56 Hickorynut Dr,,M2J,Single/Semi-detached House,17,Don Valley North
3433282,STR-2409-HKLYBX,250 Wellington St W,1641,M5V,Condominium,10,Spadina-Fort York
3433283,STR-2409-HSSYBY,955 Bay St,2618,M5S,Condominium,13,Toronto Centre
3433284,STR-2409-HZYYBZ,151 Dan Leckie Way,1909,M5V,Condominium,10,Spadina-Fort York
3433285,STR-2409-FGJLBP,200 Dufferin St,212,M6K,Apartment,4,Parkdale-High Park
3433286,STR-2409-FPQLBQ,955 Bay St,1917,M5S,Condominium,13,Toronto Centre
3433287,STR-2409-FWWLBR,14 York St,4912,M5J,Condominium,10,Spadina-Fort York
3433288,STR-2409-GMJLBT,209 Fort York Blvd,1258,M5V,Condominium,10,Spadina-Fort York
3433289,STR-2409-HCWLBW,3304 Danforth Ave,,M1L,Single/Semi-detached House,20,Scarborough Southwest
3433290,STR-2409-HTJLBY,100 Ellington Dr,,M1R,Single/Semi-detached House,21,Scarborough Centre
3433291,STR-2409-JBQLBZ,2A Church St,307,M5E,Condominium,10,Spadina-Fort York
3433292,STR-2409-FGYYBP,41 Sugarbush Sq,,M1C,Single/Semi-detached House,25,Scarborough-Rouge Park
3433293,STR-2409-FXLYBR,1369 Bloor St W,1417,M6P,Condominium,9,Davenport
3433294,STR-2409-GFSYBS,8 Stoney Brooke Dr,Main,M6N,Single/Semi-detached House,5,York South-Weston
3433295,STR-2409-GMYYBT,20 Fiddlehead Ter,,M1B,Single/Semi-detached House,25,Scarborough-Rouge Park
3433296,STR-2409-GWFYBV,37 Lauralynn Cres,,M1S,Single/Semi-detached House,23,Scarborough North
3433297,STR-2409-HDLYBW,30 Nelson St,3307,M5V,Condominium,10,Spadina-Fort York
3433298,STR-2409-HLSYBX,155 Legion Rd N,1503,M8Y,Apartment,3,Etobicoke-Lakeshore
3433299,STR-2409-HTYYBY,14 Kipling Grove Crt,,M9B,Single/Semi-detached House,2,Etobicoke Centre
3433300,STR-2409-JCFYBZ,15 Iceboat Ter,3710,M5V,Condominium,10,Spadina-Fort York
3433301,STR-2409-FYCLBR,10 Capreol Crt,730,M5V,Condominium,10,Spadina-Fort York
3433302,STR-2409-GGJLBS,120 Homewood Ave,601,M4Y,Condominium,13,Toronto Centre
3433303,STR-2409-GPQLBT,21 Iceboat Ter,3307,M5V,Condominium,10,Spadina-Fort York
3433304,STR-2409-HFCLBW,440 Bloor St W,3,M5S,Apartment,11,University-Rosedale
3433305,STR-2409-HVQLBY,137 Leyton Ave,,M1L,Single/Semi-detached House,20,Scarborough Southwest
3433306,STR-2409-FJFYBP,50 Bickerton Cres,Upper,M2J,Single/Semi-detached House,17,Don Valley North
3433307,STR-2409-FRLYBQ,1645 Queen St W,305,M6R,Apartment,4,Parkdale-High Park
3433308,STR-2409-GGYYBS,300 Front St W,1604,M5V,Condominium,10,Spadina-Fort York
3433309,STR-2409-GQFYBT,300 Front St W,4604,M5V,Condominium,10,Spadina-Fort York
3433310,STR-2409-GXLYBV,101 Peter St,1411,M5V,Condominium,10,Spadina-Fort York
3433311,STR-2409-HFSYBW,300 Front St W,1705,M5V,Condominium,10,Spadina-Fort York
3433312,STR-2409-HWFYBY,50 Merchant Lane,203,M6P,Townhouse/ Row House,9,Davenport
3433313,STR-2409-FJWLBP,113 Harlandale Ave,,M2N,Single/Semi-detached House,18,Willowdale
3433314,STR-2409-FSCLBQ,61 Euclid Ave,A,M6J,Apartment,10,Spadina-Fort York
3433315,STR-2409-FZJLBR,36 Earl Haig Ave,,M4C,Single/Semi-detached House,19,Beaches-East York
3433316,STR-2409-GHQLBS,38 Grenville St,801,M4Y,Condominium,13,Toronto Centre
3433317,STR-2409-GQWLBT,919 Dufferin St,1507,M6H,Apartment,9,Davenport
3433318,STR-2409-HGJLBW,300 Front St W,807,M5V,Condominium,10,Spadina-Fort York
3433319,STR-2409-JFCLBZ,71 Olive Ave,,M6G,Single/Semi-detached House,11,University-Rosedale
3433320,STR-2409-FKLYBP,151 Dan Leckie Way,1709,M5V,Condominium,10,Spadina-Fort York
3433321,STR-2409-FSSYBQ,250 Queens Quay W,701,M5J,Condominium,10,Spadina-Fort York
3433322,STR-2409-FZYYBR,300 Front St W,1409,M5V,Condominium,10,Spadina-Fort York
3433323,STR-2409-GRLYBT,281 B Osler St,,M6N,Single/Semi-detached House,9,Davenport
3433324,STR-2409-HQFYBX,861 Sheppard Ave W,49,M3H,Townhouse/ Row House,6,York Centre
3433325,STR-2409-HXLYBY,219 Fort York Blvd,LPH03,M5V,Condominium,10,Spadina-Fort York
3433326,STR-2409-FLCLBP,12 York St,5302,M5J,Condominium,10,Spadina-Fort York
3433327,STR-2409-FTJLBQ,44 Joseph Griffith Lane,,M3L,Townhouse/ Row House,7,Humber River-Black Creek
3433328,STR-2409-GJWLBS,300 Front St W,3311,M5V,Condominium,10,Spadina-Fort York
3433329,STR-2409-GZJLBV,197 Randolph Rd,,M4G,Single/Semi-detached House,15,Don Valley West
3433330,STR-2409-HHQLBW,65 George Appleton Way,2088,M3M,Townhouse/ Row House,6,York Centre
3433331,STR-2409-HYCLBY,300 Front St W,4310,M5V,Condominium,10,Spadina-Fort York
3433332,STR-2409-JGJLBZ,53 Hoseyhill Cres,,M1S,Single/Semi-detached House,23,Scarborough North
3433333,STR-2409-FLSYBP,389 Ruth Ave,,M2M,Single/Semi-detached House,18,Willowdale
3433334,STR-2409-FTYYBQ,23 Harvie Ave,,M6E,Single/Semi-detached House,9,Davenport
3433335,STR-2409-GKLYBS,21 Iceboat Ter,1026,M5V,Condominium,10,Spadina-Fort York
3433336,STR-2409-GSSYBT,170 De Grassi St,,M4M,Single/Semi-detached House,14,Toronto-Danforth
3433337,STR-2404-FMMXVQ,101 Peter St,3612,M5V,Condominium,10,Spadina-Fort York
3433338,STR-2404-GCZXVS,21 Iceboat Ter,1715,M5V,Condominium,10,Spadina-Fort York
3433339,STR-2404-GLGXVT,955 Bay St,1812,M5S,Condominium,13,Toronto Centre
3433340,STR-2404-GTMXVV,344 Shaw St,,M6J,Single/Semi-detached House,11,University-Rosedale
3433341,STR-2404-HBTXVW,98 Lillian St,3218,M4S,Condominium,12,Toronto-St. Paul's
3433342,STR-2404-HSGXVY,137 Holland Park Ave,,M6E,Single/Semi-detached House,9,Davenport
3433343,STR-2404-HZMXVZ,101 Peter St,911,M5V,Condominium,10,Spadina-Fort York
3433344,STR-2404-FWKKVR,37 Farmcote Rd,,M3B,Single/Semi-detached House,16,Don Valley East
3433345,STR-2404-GVDKVV,151 Dan Leckie Way,921,M5V,Condominium,10,Spadina-Fort York
3433346,STR-2404-HCKKVW,73 Centre Ave,,M2M,Single/Semi-detached House,18,Willowdale
3433347,STR-2404-HSXKVY,120 Homewood Ave,3401,M4Y,Condominium,13,Toronto Centre
3433348,STR-2404-FWZXVR,21 Iceboat Ter,3209,M5V,Condominium,10,Spadina-Fort York
3433349,STR-2404-GFGXVS,955 Bay St,2316,M5S,Condominium,13,Toronto Centre
3433350,STR-2404-GMMXVT,21 Iceboat Ter,3108,M5V,Condominium,10,Spadina-Fort York
3433351,STR-2404-HCZXVW,30 Shore Breeze Dr,528,M8V,Condominium,3,Etobicoke-Lakeshore
3433352,STR-2404-HLGXVX,300 Front St W,409,M5V,Condominium,10,Spadina-Fort York
3433353,STR-2404-HTMXVY,21 Iceboat Ter,1903,M5V,Condominium,10,Spadina-Fort York
3433354,STR-2404-FHDKVP,101 Peter St,1605,M5V,Condominium,10,Spadina-Fort York
3433355,STR-2404-FQKKVQ,300 Front St W,710,M5V,Condominium,10,Spadina-Fort York
3433356,STR-2404-GFXKVS,131 Charlton Blvd,,M2R,Duplex/Triplex/Fourplex,18,Willowdale
3433357,STR-2404-GPDKVT,11 Cedar Brae Blvd,Upper,M1J,Single/Semi-detached House,21,Scarborough Centre
3433358,STR-2404-HDRKVW,30 Nelson St,706,M5V,Condominium,10,Spadina-Fort York
3433359,STR-2404-JCKKVZ,233 Woodbine Ave,,M4L,Duplex/Triplex/Fourplex,19,Beaches-East York
3433360,STR-2404-FHTXVP,68 Blueberry Dr,,M1S,Single/Semi-detached House,23,Scarborough North
3433361,STR-2404-FQZXVQ,288 Swanwick Ave,,M1N,Single/Semi-detached House,20,Scarborough Southwest
3433362,STR-2404-FYGXVR,21 Iceboat Ter,1,M5V,Condominium,10,Spadina-Fort York
3433363,STR-2404-GGMXVS,81 Frederick Tisdale Dr,,M3K,Townhouse/ Row House,6,York Centre
3433364,STR-2404-GWZXVV,75 Queens Wharf Rd,812,M5V,Condominium,10,Spadina-Fort York
3433365,STR-2404-HFGXVW,561 Sherbourne St,4102,M4X,Condominium,13,Toronto Centre
3433366,STR-2404-HMMXVX,200 Victoria St,1607,M5B,Condominium,13,Toronto Centre
3433367,STR-2404-HVTXVY,43 Kingland Cres,,M2J,Single/Semi-detached House,17,Don Valley North
3433368,STR-2404-JCZXVZ,12 Manorglen Cres,,M1S,Single/Semi-detached House,23,Scarborough North
3433369,STR-2404-FYXKVR,12 York St,1402,M5J,Condominium,10,Spadina-Fort York
3433370,STR-2404-GHDKVS,231 Fort York Blvd,536,M5V,Condominium,10,Spadina-Fort York
3433371,STR-2404-GXRKVV,21 Iceboat Ter,3511,M5V,Condominium,10,Spadina-Fort York
3433372,STR-2404-HFXKVW,88 Newlands Ave,,M1L,Single/Semi-detached House,20,Scarborough Southwest
3433373,STR-2404-HPDKVX,25 Albany Ave,2,M5R,Single/Semi-detached House,11,University-Rosedale
3433374,STR-2404-JDRKVZ,251 Jarvis St,3009,M5B,Condominium,13,Toronto Centre
3433375,STR-2404-GHTXVS,123 Strathcona Ave,24,M4J,Townhouse/ Row House,14,Toronto-Danforth
3433376,STR-2404-GQZXVT,155 Yorkville Ave,518,M5R,Condominium,11,University-Rosedale
3433377,STR-2404-HPTXVX,142 McNicoll Ave,,M2H,Single/Semi-detached House,17,Don Valley North
3433378,STR-2404-HWZXVY,121 Neville Park Blvd,,M4E,Single/Semi-detached House,19,Beaches-East York
3433379,STR-2404-JFGXVZ,251 Jarvis St,4308,M5B,Condominium,13,Toronto Centre
3433380,STR-2404-GBDKVR,151 Dan Leckie Way,2103,M5V,Condominium,10,Spadina-Fort York
3433381,STR-2404-GJKKVS,798 Richmond St W,767,M6J,Apartment,10,Spadina-Fort York
3433382,STR-2404-GRRKVT,50 Maitland St,,M4Y,Townhouse/ Row House,13,Toronto Centre
3433383,STR-2404-GYXKVV,208 Queens Quay  W,2703,M5J,Condominium,10,Spadina-Fort York
3433384,STR-2404-HHDKVW,21 Iceboat Ter,3712,M5V,Condominium,10,Spadina-Fort York
3433385,STR-2404-HQKKVX,1A Norbury Cres,,M1P,Single/Semi-detached House,21,Scarborough Centre
3433386,STR-2404-HXRKVY,75 Elphick Lane,,M9N,Single/Semi-detached House,5,York South-Weston
3433387,STR-2404-FTMXVQ,10 Capreol Crt,623,M5V,Condominium,10,Spadina-Fort York
3433388,STR-2404-GBTXVR,59 Aspenwood Dr,,M2H,Single/Semi-detached House,17,Don Valley North
3433389,STR-2404-GJZXVS,300 Front St W,603,M5V,Condominium,10,Spadina-Fort York
3433390,STR-2404-GZMXVV,563 Craven Rd,1,M4L,Single/Semi-detached House,14,Toronto-Danforth
3433391,STR-2404-HQZXVX,14 York St,910,M5J,Condominium,10,Spadina-Fort York
3433392,STR-2404-HYGXVY,2174 Dufferin St,1,M6E,Single/Semi-detached House,9,Davenport
3433393,STR-2404-JGMXVZ,60 Orpington Cres,,M9V,Single/Semi-detached House,1,Etobicoke North
3433394,STR-2404-FDSRVP,25 Albemarle Ave,,M4K,Single/Semi-detached House,14,Toronto-Danforth
3433395,STR-2404-FLYRVQ,69 Chaplin Cres,,M5P,Single/Semi-detached House,12,Toronto-St. Paul's
3433396,STR-2404-FVFRVR,300 Front St W,2914,M5V,Condominium,10,Spadina-Fort York
3433397,STR-2404-GSYRVV,625 Warden Ave,,M1L,Single/Semi-detached House,20,Scarborough Southwest
3433398,STR-2404-HJLRVX,221 Willowridge Rd,,M9R,Single/Semi-detached House,1,Etobicoke North
3433399,STR-2404-HYYRVZ,101 Peter St,2911,M5V,Condominium,10,Spadina-Fort York
3433400,STR-2404-FFJDVP,209 Fort York Blvd,1558,M5V,Apartment,10,Spadina-Fort York
3433401,STR-2404-FMQDVQ,35 Bastion St,1712,M5V,Condominium,10,Spadina-Fort York
3433402,STR-2404-FVWDVR,628 Fleet St,1511,M5V,Condominium,10,Spadina-Fort York
3433403,STR-2404-GDCDVS,21 Iceboat Ter,2105,M5V,Condominium,10,Spadina-Fort York
3433404,STR-2404-GLJDVT,300 Front St W,609,M5V,Condominium,10,Spadina-Fort York
3433405,STR-2404-HKCDVX,179 Old Yonge St,,M2P,Single/Semi-detached House,15,Don Valley West
3433406,STR-2404-HZQDVZ,219 Fort York Blvd,516,M5V,Condominium,10,Spadina-Fort York
3433407,STR-2404-FPFRVQ,377 Ridelle Ave,813,M6B,Apartment,8,Eglinton-Lawrence
3433408,STR-2404-FWLRVR,251 Jarvis St,1114,M5B,Apartment,13,Toronto Centre
3433409,STR-2404-GDSRVS,700 King St W,801,M5V,Apartment,10,Spadina-Fort York
3433410,STR-2404-GLYRVT,1360 Warden Ave,,M1R,Single/Semi-detached House,21,Scarborough Centre
3433411,STR-2404-HCLRVW,700 King St W,311,M5V,Apartment,10,Spadina-Fort York
3433412,STR-2404-HKSRVX,15 Iceboat Ter,3802,M5V,Apartment,10,Spadina-Fort York
3433413,STR-2404-HSYRVY,200 Elm St,708,M5T,Apartment,11,University-Rosedale
3433414,STR-2404-FPWDVQ,21 Iceboat Ter,2510,M5V,Condominium,10,Spadina-Fort York
3433415,STR-2404-FXCDVR,251 Jarvis St,1705,M5B,Condominium,13,Toronto Centre
3433416,STR-2404-GVWDVV,101 Peter St,2101,M5V,Condominium,10,Spadina-Fort York
3433417,STR-2404-HDCDVW,128 Searle Ave,,M3H,Single/Semi-detached House,6,York Centre
3433418,STR-2404-HTQDVY,500 Doris Ave,2220,M2N,Condominium,18,Willowdale
3433419,STR-2404-JBWDVZ,1173 Dundas St E,137,M4M,Condominium,14,Toronto-Danforth
3433420,STR-2404-FHFRVP,300 Front St W,4009,M5V,Condominium,10,Spadina-Fort York
3433421,STR-2404-FXSRVR,34 Goddard St,,M3H,Single/Semi-detached House,6,York Centre
3433422,STR-2404-GFYRVS,29 Clyde Rd,,M1C,Single/Semi-detached House,25,Scarborough-Rouge Park
3433423,STR-2404-GPFRVT,78 Tecumseth St,805,M5V,Apartment,10,Spadina-Fort York
3433424,STR-2404-HLYRVX,21 Iceboat Ter,1612,M5V,Condominium,10,Spadina-Fort York
3433425,STR-2404-HVFRVY,62 Mitchell Ave,1,M6J,Duplex/Triplex/Fourplex,10,Spadina-Fort York
3433426,STR-2404-JCLRVZ,133 Wynford Dr,201,M3C,Condominium,16,Don Valley East
3433427,STR-2404-FHWDVP,14 York St,6401,M5J,Condominium,10,Spadina-Fort York
3433428,STR-2404-GPWDVT,209 Booth Ave,,M4M,Single/Semi-detached House,14,Toronto-Danforth
3433429,STR-2404-HMQDVX,215 Fort York Blvd,502,M5V,Condominium,10,Spadina-Fort York
3433430,STR-2404-HVWDVY,99 Aileen Ave,,M6M,Single/Semi-detached House,5,York South-Weston
3433431,STR-2404-FJLRVP,219 Fort York Blvd,3302,M5V,Condominium,10,Spadina-Fort York
3433432,STR-2404-FRSRVQ,14 York St,2107,M5J,Condominium,10,Spadina-Fort York
3433433,STR-2404-GXSRVV,258 Concord Ave,,M6H,Single/Semi-detached House,9,Davenport
3433434,STR-2404-HWLRVY,61 Bellevue Ave,2,M5T,Apartment,11,University-Rosedale
3433435,STR-2409-HRLYBX,1063 St Clarens Ave,,M6H,Single/Semi-detached House,9,Davenport
3433436,STR-2409-HYSYBY,44 Robert St,Upper,M5S,Townhouse/ Row House,11,University-Rosedale
3433437,STR-2409-FDPHPP,70 George Butchart Dr,304,M3K,Apartment,6,York Centre
3433438,STR-2409-FLVHPQ,151 Dan Leckie Way,1016,M5V,Condominium,10,Spadina-Fort York
3433439,STR-2409-FVBHPR,251 Jarvis St,4808,M5B,Condominium,13,Toronto Centre
3433440,STR-2409-GCHHPS,30 Nelson St,3009,M5V,Condominium,10,Spadina-Fort York
3433441,STR-2409-GKPHPT,90 Ferris Rd,,M4B,Single/Semi-detached House,19,Beaches-East York
3433442,STR-2409-HBBHPW,151 Dan Leckie Way,303,M5V,Condominium,10,Spadina-Fort York
3433443,STR-2409-HJHHPX,3 Ojibway Ave,,M5J,Single/Semi-detached House,10,Spadina-Fort York
3433444,STR-2409-FFDVPP,25 Ambrose Rd,,M2K,Single/Semi-detached House,17,Don Valley North
3433445,STR-2409-GCXVPS,542 Main St,,M4C,Single/Semi-detached House,19,Beaches-East York
3433446,STR-2409-GLDVPT,57 Coxwell Ave,,M4L,Single/Semi-detached House,19,Beaches-East York
3433447,STR-2409-GTKVPV,70 Manderley Dr,,M1N,Single/Semi-detached House,20,Scarborough Southwest
3433448,STR-2409-HJXVPX,3337 Lake Shore Blvd W,3,M8W,Apartment,3,Etobicoke-Lakeshore
3433449,STR-2409-HSDVPY,613 The Queensway,6,M8Y,Apartment,3,Etobicoke-Lakeshore
3433450,STR-2409-FFVHPP,120 Homewood Ave,3506,M4Y,Condominium,13,Toronto Centre
3433451,STR-2409-FPBHPQ,543 Richmond St W,1005,M5V,Condominium,10,Spadina-Fort York
3433452,STR-2409-FWHHPR,87 Peter St,4611,M5V,Condominium,10,Spadina-Fort York
3433453,STR-2409-GDPHPS,219 Fort York Blvd,1507,M5V,Condominium,10,Spadina-Fort York
3433454,STR-2409-GLVHPT,108 Bernard Ave,,M5R,Single/Semi-detached House,11,University-Rosedale
3433455,STR-2409-HCHHPW,219 Fort York Blvd,2006,M5V,Condominium,10,Spadina-Fort York
3433456,STR-2409-HKPHPX,90 Glen Everest Rd,518,M1N,Condominium,20,Scarborough Southwest
3433457,STR-2409-JBBHPZ,300 Front St W,3701,M5V,Condominium,10,Spadina-Fort York
3433458,STR-2409-FGKVPP,955 Bay St,701,M5S,Condominium,13,Toronto Centre
3433459,STR-2409-FPRVPQ,332 Seaton St,,M5A,Townhouse/ Row House,13,Toronto Centre
3433460,STR-2409-FWXVPR,930 Queen St W,2,M6J,Apartment,10,Spadina-Fort York
3433461,STR-2409-GFDVPS,202 Sunnyside Ave,1,M6R,Duplex/Triplex/Fourplex,4,Parkdale-High Park
3433462,STR-2409-GMKVPT,21 Iceboat Ter,2503,M5V,Condominium,10,Spadina-Fort York
3433463,STR-2409-GVRVPV,30 Greendowns Dr,,M1M,Single/Semi-detached House,20,Scarborough Southwest
3433464,STR-2409-HLDVPX,21 Iceboat Ter,15,M5V,Condominium,10,Spadina-Fort York
3433465,STR-2409-HTKVPY,49 Robbinstone Dr,,M1B,Single/Semi-detached House,23,Scarborough North
3433466,STR-2409-FHBHPP,57 West Lodge Ave,,M6K,Single/Semi-detached House,4,Parkdale-High Park
3433467,STR-2409-FQHHPQ,210 Victoria St,2501,M5B,Condominium,13,Toronto Centre
3433468,STR-2409-FXPHPR,147 Hamilton St,,M4M,Single/Semi-detached House,14,Toronto-Danforth
3433469,STR-2409-GPBHPT,250 Wellington St W,228,M5V,Condominium,10,Spadina-Fort York
3433470,STR-2409-GWHHPV,26 Caroline Ave,,M4M,Townhouse/ Row House,14,Toronto-Danforth
3433471,STR-2409-HVBHPY,251 Jarvis St,914,M5B,Condominium,13,Toronto Centre
3433472,STR-2409-FHRVPP,300 Front St W,2204,M5V,Condominium,10,Spadina-Fort York
3433473,STR-2409-FQXVPQ,697 Richmond St W,,M6J,Single/Semi-detached House,10,Spadina-Fort York
3433474,STR-2409-FYDVPR,151 Dan Leckie Way,1011,M5V,Condominium,10,Spadina-Fort York
3433475,STR-2409-GGKVPS,250 Wellington St W,627,M5V,Condominium,10,Spadina-Fort York
3433476,STR-2409-GWXVPV,18 Cameron Watson Cres,,M1C,Single/Semi-detached House,25,Scarborough-Rouge Park
3433477,STR-2409-HFDVPW,21 Iceboat Ter,928,M5V,Condominium,10,Spadina-Fort York
3433478,STR-2409-HMKVPX,295 Adelaide St W,217,M5V,Apartment,10,Spadina-Fort York
3433479,STR-2409-JCXVPZ,1256 Dundas St W,2,M6J,Apartment,9,Davenport
3433480,STR-2409-FJHHPP,108 Bowhill Cres,,M2J,Single/Semi-detached House,17,Don Valley North
3433481,STR-2409-FRPHPQ,209 Fort York Blvd,1468,M5V,Condominium,10,Spadina-Fort York
3433482,STR-2409-FYVHPR,6 Drummond St,320,M8V,Townhouse/ Row House,3,Etobicoke-Lakeshore
3433483,STR-2409-GHBHPS,128 Winona Dr,Main,M6G,Single/Semi-detached House,9,Davenport
3433484,STR-2409-GQHHPT,251 Jarvis St,1215,M5B,Condominium,13,Toronto Centre
3433485,STR-2409-GXPHPV,7 The Links Rd,,M2P,Single/Semi-detached House,15,Don Valley West
3433486,STR-2409-HPBHPX,155 Yorkville Ave,2801,M5R,Condominium,11,University-Rosedale
3433487,STR-2409-HWHHPY,53 Belgrave Ave,,M5M,Single/Semi-detached House,8,Eglinton-Lawrence
3433488,STR-2409-FJXVPP,15 Vicora Linkway,1401,M3C,Condominium,16,Don Valley East
3433489,STR-2409-FZKVPR,14 York St,4105,M5J,Condominium,10,Spadina-Fort York
3433490,STR-2409-GHRVPS,57 Spadina Ave,813,M5V,Apartment,10,Spadina-Fort York
3433491,STR-2409-GQXVPT,19 Coneflower Cres,267,M2R,Condominium,6,York Centre
3433492,STR-2409-GYDVPV,38 Grand Magazine St,928,M5V,Condominium,10,Spadina-Fort York
3433493,STR-2409-HPRVPX,43 Avis Cres,,M4B,Single/Semi-detached House,19,Beaches-East York
3433494,STR-2409-HWXVPY,39 Niagara St,317,M5V,Apartment,10,Spadina-Fort York
3433495,STR-2409-FKPHPP,105 Frederick Tisdale Dr,,M3K,Townhouse/ Row House,6,York Centre
3433496,STR-2409-FSVHPQ,300 Front St W,3908,M5V,Condominium,10,Spadina-Fort York
3433497,STR-2409-GBBHPR,800 Eglinton Ave W,107,M5N,Apartment,8,Eglinton-Lawrence
3433498,STR-2409-GJHHPS,8 Humewood Dr,,M6C,Single/Semi-detached House,12,Toronto-St. Paul's
3433499,STR-2409-GYVHPV,251 Jarvis St,4709,M5B,Condominium,13,Toronto Centre
3433500,STR-2409-HHBHPW,251 Jarvis St,3806,M5B,Condominium,13,Toronto Centre
3433501,STR-2409-HXPHPY,202 Dinnick Cres,,M4N,Single/Semi-detached House,15,Don Valley West
3433502,STR-2409-JFVHPZ,11 Blue Springs Rd,Upper,M6L,Single/Semi-detached House,5,York South-Weston
3433503,STR-2409-FTKVPQ,1282 Davenport Rd,1,M6H,Duplex/Triplex/Fourplex,9,Davenport
3433504,STR-2409-GBRVPR,35 Mariner Ter,1212,M5V,Condominium,10,Spadina-Fort York
3433505,STR-2409-GJXVPS,219 Fort York Blvd,1812,M5V,Condominium,10,Spadina-Fort York
3433506,STR-2409-GSDVPT,300 Front St W,408,M5V,Condominium,10,Spadina-Fort York
3433507,STR-2409-GZKVPV,550 Glebeholme Blvd,,M4C,Single/Semi-detached House,19,Beaches-East York
3433508,STR-2409-JGKVPZ,1592 Bathurst St,45,M5P,Apartment,12,Toronto-St. Paul's
3433509,STR-2409-FDQPPP,251 Jarvis St,406,M5B,Condominium,13,Toronto Centre
3433510,STR-2409-FLWPPQ,2 Anndale Dr,3009,M2N,Condominium,18,Willowdale
3433511,STR-2409-FVCPPR,28 Harrison Garden Blvd,706,M2N,Condominium,18,Willowdale
3433512,STR-2409-GCJPPS,6 Sonic Way,N2302,M3C,Condominium,16,Don Valley East
3433513,STR-2409-GKQPPT,176 Brighton Ave,,M3H,Single/Semi-detached House,6,York Centre
3433514,STR-2409-HBCPPW,165 Carlaw Ave,B,M4M,Duplex/Triplex/Fourplex,14,Toronto-Danforth
3433515,STR-2409-HRQPPY,151 Dan Leckie Way,842,M5V,Condominium,10,Spadina-Fort York
3433516,STR-2409-FFGBPP,172 Kingsview Blvd,,M9R,Single/Semi-detached House,1,Etobicoke North
3433517,STR-2409-FMMBPQ,225 Sherway Gardens Rd,3105,M9C,Condominium,3,Etobicoke-Lakeshore
3433518,STR-2409-FVTBPR,21 McIntosh Ave,,M8Y,Single/Semi-detached House,3,Etobicoke-Lakeshore
3433519,STR-2409-GCZBPS,49 East Liberty St,404,M6K,Condominium,10,Spadina-Fort York
3433520,STR-2409-GTMBPV,251 Jarvis St,1920,M5B,Condominium,13,Toronto Centre
3433521,STR-2409-HJZBPX,2221 Yonge St,2401,M4S,Condominium,12,Toronto-St. Paul's
3433522,STR-2409-HSGBPY,912 Danforth Ave,1,M4J,Apartment,14,Toronto-Danforth
3433523,STR-2409-FFWPPP,272 Maxome Ave,2,M2M,Single/Semi-detached House,18,Willowdale
3433524,STR-2409-GDQPPS,155 Yorkville Ave,416,M5R,Condominium,11,University-Rosedale
3433525,STR-2409-GLWPPT,231 Fort York Blvd,2109,M5V,Condominium,10,Spadina-Fort York
3433526,STR-2409-GVCPPV,101 Peter St,1511,M5V,Condominium,10,Spadina-Fort York
3433527,STR-2409-HCJPPW,16 Capreol Crt,,M5V,Condominium,10,Spadina-Fort York
3433528,STR-2409-HSWPPY,300 Front St W,2514,M5V,Condominium,10,Spadina-Fort York
3433529,STR-2409-FPTBPQ,32 Shangarry Dr,,M1R,Single/Semi-detached House,21,Scarborough Centre
3433530,STR-2409-FWZBPR,27 Tidworth Sq,,M1S,Single/Semi-detached House,23,Scarborough North
3433531,STR-2409-GFGBPS,500 Doris Ave,1527,M2N,Condominium,18,Willowdale
3433532,STR-2409-HCZBPW,464 Donlands Ave,,M4J,Single/Semi-detached House,14,Toronto-Danforth
3433533,STR-2409-HLGBPX,34 St Georges Blvd,,M9R,Single/Semi-detached House,1,Etobicoke North
3433534,STR-2409-HTMBPY,590 Cummer Ave,,M2K,Duplex/Triplex/Fourplex,17,Don Valley North
3433535,STR-2409-FXQPPR,251 Jarvis St,2911,M5B,Condominium,13,Toronto Centre
3433536,STR-2409-GFWPPS,22 Lamb Ave,,M4J,Single/Semi-detached House,14,Toronto-Danforth
3433537,STR-2409-GPCPPT,35 Wright Ave,,M6R,Townhouse/ Row House,4,Parkdale-High Park
3433538,STR-2409-GWJPPV,210 Victoria St,903,M5B,Condominium,13,Toronto Centre
3433539,STR-2409-HDQPPW,77 Mutual St,2504,M5B,Condominium,13,Toronto Centre
3433540,STR-2409-HLWPPX,85 Portland St,2,M5V,Apartment,10,Spadina-Fort York
3433541,STR-2409-HVCPPY,101 Peter St,509,M5V,Condominium,10,Spadina-Fort York
3433542,STR-2409-FHTBPP,23 Sandwell Dr,,M9R,Single/Semi-detached House,2,Etobicoke Centre
3433543,STR-2409-FQZBPQ,295 Adelaide St W,801,M5V,Condominium,10,Spadina-Fort York
3433544,STR-2409-FYGBPR,151 Dan Leckie Way,1110,M5V,Apartment,10,Spadina-Fort York
3433545,STR-2409-GGMBPS,73 Grange Ave,,M5T,Single/Semi-detached House,10,Spadina-Fort York
3433546,STR-2409-HVTBPY,99 Cameron St,905,M5T,Condominium,10,Spadina-Fort York
3433547,STR-2409-JCZBPZ,151 Dan Leckie Way,207,M5V,Condominium,10,Spadina-Fort York
3433548,STR-2409-FJJPPP,31 Verne Cres,,M1B,Single/Semi-detached House,23,Scarborough North
3433549,STR-2409-FRQPPQ,53 Curtis Cres,,M1B,Single/Semi-detached House,25,Scarborough-Rouge Park
3433550,STR-2409-FYWPPR,794 Carlaw Ave,51,M4K,Apartment,14,Toronto-Danforth
3433551,STR-2409-GHCPPS,155 Oakmeadow Blvd,,M1E,Single/Semi-detached House,24,Scarborough-Guildwood
3433552,STR-2409-GQJPPT,195 Barrington Ave,306,M4C,Apartment,19,Beaches-East York
3433553,STR-2409-GXQPPV,300 Front St W,3306,M5V,Condominium,10,Spadina-Fort York
3433554,STR-2409-HPCPPX,2391A Bloor St. W,N,M6S,Apartment,4,Parkdale-High Park
3433555,STR-2409-HWJPPY,59 Almore Ave,,M3H,Single/Semi-detached House,6,York Centre
3433556,STR-2409-JDQPPZ,83 Caroline Ave,,M4M,Single/Semi-detached House,14,Toronto-Danforth
3433557,STR-2409-FJZBPP,410 Maybank Ave,,M6N,Single/Semi-detached House,5,York South-Weston
3433558,STR-2409-FZMBPR,45 Silver Springs Blvd,512,M1V,Apartment,22,Scarborough-Agincourt
3433559,STR-2409-GQZBPT,49 Donside Dr,,M1L,Single/Semi-detached House,20,Scarborough Southwest
3433560,STR-2409-GYGBPV,18 Manor Rd E,,M4S,Single/Semi-detached House,12,Toronto-St. Paul's
3433561,STR-2409-HGMBPW,210 Victoria St,2110,M5B,Condominium,13,Toronto Centre
3433562,STR-2409-HPTBPX,955 Bay St,1215,M5S,Condominium,13,Toronto Centre
3433563,STR-2409-HWZBPY,36 Zorra St,2001,M8Z,Condominium,3,Etobicoke-Lakeshore
3433564,STR-2409-FKQPPP,64 Santamonica Blvd,,M1L,Single/Semi-detached House,20,Scarborough Southwest
3433565,STR-2409-FSWPPQ,210 Victoria St,3001,M5B,Condominium,13,Toronto Centre
3433566,STR-2409-GRQPPT,87 Peter St,3513,M5V,Condominium,10,Spadina-Fort York
3433567,STR-2409-GYWPPV,188 Cumberland St,1912,M5R,Condominium,11,University-Rosedale
3433568,STR-2409-HHCPPW,151 Dan Leckie Way,718,M5V,Condominium,10,Spadina-Fort York
3433569,STR-2409-HQJPPX,300 Front St W,801,M5V,Condominium,10,Spadina-Fort York
3433570,STR-2410-HXQPPY,286 Jedburgh Rd,,M5M,Single/Semi-detached House,8,Eglinton-Lawrence
3433571,STR-2410-FTMBPQ,21 Iceboat Ter,3107,M5V,Condominium,10,Spadina-Fort York
3433572,STR-2410-GBTBPR,12 York St,2611,M5J,Condominium,10,Spadina-Fort York
3433573,STR-2410-GJZBPS,165 Legion Rd N,1226,M8Y,Condominium,3,Etobicoke-Lakeshore
3433574,STR-2410-GSGBPT,300 Front St W,1103,M5V,Apartment,10,Spadina-Fort York
3433575,STR-2410-HQZBPX,2101 Islington Ave,1901,M9P,Apartment,1,Etobicoke North
3433576,STR-2410-HYGBPY,14 York St,3610,M5J,Condominium,10,Spadina-Fort York
3433577,STR-2410-FDRVPP,5 Mabelle Ave,3329,M9A,Apartment,3,Etobicoke-Lakeshore
3433578,STR-2410-GCKVPS,219 Fort York Blvd,2601,M5V,Condominium,10,Spadina-Fort York
3433579,STR-2410-HBDVPW,77 Avenue Rd,302,M5R,Condominium,11,University-Rosedale
3433580,STR-2410-HJKVPX,38 Briarwood Ave,,M9W,Single/Semi-detached House,1,Etobicoke North
3433581,STR-2410-HRRVPY,89 Dunfield Ave,3607,M4S,Condominium,12,Toronto-St. Paul's
3433582,STR-2410-HYXVPZ,101 Peter St,2102,M5V,Condominium,10,Spadina-Fort York
3433583,STR-2410-FFHHPP,19 Gosford Blvd,4,M3N,Townhouse/ Row House,7,Humber River-Black Creek
3433584,STR-2410-FMPHPQ,66 Isabella St,912,M4Y,Apartment,13,Toronto Centre
3433585,STR-2410-FVVHPR,118 Presley Ave,,M1L,Single/Semi-detached House,20,Scarborough Southwest
3433586,STR-2410-GDBHPS,15 O'Hara Ave,107,M6K,Apartment,4,Parkdale-High Park
3433587,STR-2410-GLHHPT,101 Peter St,2801,M5V,Condominium,10,Spadina-Fort York
3433588,STR-2410-HBVHPW,20 Meadowglen Pl,334,M1G,Condominium,24,Scarborough-Guildwood
3433589,STR-2410-HSHHPY,300 Front St W,4601,M5V,Condominium,10,Spadina-Fort York
3433590,STR-2410-HZPHPZ,500 Doris Ave,1229,M2N,Condominium,18,Willowdale
3433591,STR-2410-GLXVPT,46 Larkhall Ave,,M1J,Single-family detached,21,Scarborough Centre
3433592,STR-2410-GVDVPV,203 Lambton Ave,,M6N,Single/Semi-detached House,5,York South-Weston
3433593,STR-2410-HCKVPW,80 Harrison Garden Blvd,1021,M2N,Condominium,18,Willowdale
3433594,STR-2410-HKRVPX,159 Highbourne Rd,4,M5P,Duplex/Triplex/Fourplex,12,Toronto-St. Paul's
3433595,STR-2410-HSXVPY,1 Reidmount Ave,402,M1S,Apartment,22,Scarborough-Agincourt
3433596,STR-2410-JBDVPZ,35 Bastion St,1119,M5V,Condominium,10,Spadina-Fort York
3433597,STR-2410-FGPHPP,65 Bremner Blvd,3608,M5J,Condominium,10,Spadina-Fort York
3433598,STR-2410-FPVHPQ,130 Duvernet Ave,,M4E,Single/Semi-detached House,19,Beaches-East York
3433599,STR-2410-FXBHPR,99 Overture Rd,,M1E,Single/Semi-detached House,24,Scarborough-Guildwood
3433600,STR-2410-GFHHPS,21 Iceboat Ter,2706,M5V,Condominium,10,Spadina-Fort York
3433601,STR-2410-JBVHPZ,246A Berkeley St,,M5A,Single/Semi-detached House,13,Toronto Centre
3433602,STR-2410-FHDVPP,48 Follis Ave,,M6G,Single/Semi-detached House,11,University-Rosedale
3433603,STR-2410-FQKVPQ,9 Humewood Dr,35,M6C,Apartment,12,Toronto-St. Paul's
3433604,STR-2410-GPDVPT,20 Minowan Miikan Lane,433,M6J,Condominium,9,Davenport
3433605,STR-2410-GWKVPV,832 Bay St,3805,M5S,Condominium,11,University-Rosedale
3433606,STR-2410-HDRVPW,16 Yonge St,1909,M5E,Condominium,10,Spadina-Fort York
3433607,STR-2410-HVDVPY,101 Peter St,3705,M5V,Condominium,10,Spadina-Fort York
3433608,STR-2410-JCKVPZ,21 Iceboat Ter,628,M5V,Condominium,10,Spadina-Fort York
3433609,STR-2410-FHVHPP,105 Victoria St,207,M5C,Condominium,13,Toronto Centre
3433610,STR-2410-GPVHPT,1 Alcan Ave,2,M8W,Duplex/Triplex/Fourplex,3,Etobicoke-Lakeshore
3433611,STR-2410-GXBHPV,231 Fort York Blvd,2610,M5V,Condominium,10,Spadina-Fort York
3433612,STR-2410-HFHHPW,18 Maitland Ter,910,M4Y,Condominium,13,Toronto Centre
3433613,STR-2410-HVVHPY,207 Forest Hill Rd,,M5P,Single/Semi-detached House,12,Toronto-St. Paul's
3433614,STR-2410-JDBHPZ,70 Annie Craig Dr,2608,M8V,Condominium,3,Etobicoke-Lakeshore
3433615,STR-2410-FJKVPP,38 Dan Leckie Way,2102,M5V,Condominium,10,Spadina-Fort York
3433616,STR-2410-FRRVPQ,39 Pidgeon St,,M1L,Townhouse/ Row House,20,Scarborough Southwest
3433617,STR-2410-FYXVPR,65 Bremner Blvd,4702,M5J,Condominium,10,Spadina-Fort York
3433618,STR-2410-GHDVPS,285 Mutual St,908,M4Y,Condominium,13,Toronto Centre
3433619,STR-2410-GQKVPT,88 Cumberland St,1808,M5R,Condominium,11,University-Rosedale
3433620,STR-2410-HPDVPX,219 Fort York Blvd,613,M5V,Condominium,10,Spadina-Fort York
3433621,STR-2410-FKBHPP,1 Bloor St E,3810,M4W,Condominium,11,University-Rosedale
3433622,STR-2410-FZPHPR,140 Pinery Trl,46,M1B,Townhouse/ Row House,23,Scarborough North
3433623,STR-2410-GHVHPS,308 Concord Ave,,M6H,Single/Semi-detached House,9,Davenport
3433624,STR-2410-GRBHPT,38 Old Orchard Grv,,M5M,Single/Semi-detached House,8,Eglinton-Lawrence
3433625,STR-2410-GYHHPV,21 Iceboat Ter,2015,M5V,Condominium,10,Spadina-Fort York
3433626,STR-2410-HPVHPX,832 The Queensway,A,M8Z,Apartment,3,Etobicoke-Lakeshore
3433627,STR-2410-HXBHPY,177 Wineva Ave,,M4E,Single/Semi-detached House,19,Beaches-East York
3433628,STR-2410-GBDVPR,219 Fort York Blvd,3411,M5V,Condominium,10,Spadina-Fort York
3433629,STR-2410-GJKVPS,482 Indian Grv,,M6P,Single/Semi-detached House,4,Parkdale-High Park
3433630,STR-2410-GRRVPT,112 New Forest Sq,,M1V,Single/Semi-detached House,22,Scarborough-Agincourt
3433631,STR-2410-GYXVPV,44 Poulett St,,M5A,Townhouse/ Row House,13,Toronto Centre
3433632,STR-2410-HHDVPW,20 John St,520,M5V,Condominium,10,Spadina-Fort York
3433633,STR-2410-HQKVPX,142 Spears St,,M6N,Single/Semi-detached House,5,York South-Weston
3433634,STR-2410-HXRVPY,251 Jarvis St,4312,M5B,Condominium,13,Toronto Centre
3433635,STR-2410-JFXVPZ,300 Front St W,1110,M5V,Condominium,10,Spadina-Fort York
3433636,STR-2410-FTPHPQ,11 Elmvale Cres,,M9V,Single/Semi-detached House,1,Etobicoke North
3433637,STR-2410-GBVHPR,78 Tecumseth St,809,M5V,Condominium,10,Spadina-Fort York
3433638,STR-2410-GKBHPS,29 Woodgrove Dr,,M1E,Single/Semi-detached House,25,Scarborough-Rouge Park
3433639,STR-2410-GSHHPT,626 Adelaide St W,,M6J,Townhouse/ Row House,10,Spadina-Fort York
3433640,STR-2410-GZPHPV,49 Andona Cres,,M1C,Single/Semi-detached House,25,Scarborough-Rouge Park
3433641,STR-2410-HHVHPW,101 Peter St,510,M5V,Condominium,10,Spadina-Fort York
3433642,STR-2410-HRBHPX,150 Dan Leckie Way,2108,M5V,Condominium,10,Spadina-Fort York
3433643,STR-2410-JGPHPZ,21 Iceboat Ter,1807,M5V,Condominium,10,Spadina-Fort York
3433644,STR-2410-FDTBPP,101 Peter St,2711,M5V,Condominium,10,Spadina-Fort York
3433645,STR-2410-FLZBPQ,300 Front St W,2609,M5V,Condominium,10,Spadina-Fort York
3433646,STR-2410-FVGBPR,628 Fleet St,2706,M5V,Condominium,10,Spadina-Fort York
3433647,STR-2410-GCMBPS,15 Fort York Blvd,2703,M5V,Condominium,10,Spadina-Fort York
3433648,STR-2410-GKTBPT,300 Front St W,1202,M5V,Condominium,10,Spadina-Fort York
3433649,STR-2410-GSZBPV,139 Cowan Ave,7,M6K,Apartment,4,Parkdale-High Park
3433650,STR-2410-HRTBPY,20 Saunders Rd,,M1J,Single/Semi-detached House,24,Scarborough-Guildwood
3433651,STR-2410-FMQPPQ,21 Sudbury St,2102,M6J,Townhouse/ Row House,10,Spadina-Fort York
3433652,STR-2410-FVWPPR,259 Floyd Ave,,M4J,Single/Semi-detached House,14,Toronto-Danforth
3433653,STR-2410-GDCPPS,151 Dan Leckie Way,602,M5V,Condominium,10,Spadina-Fort York
3433654,STR-2410-GLJPPT,313 Richmond St E,1158,M5A,Condominium,13,Toronto Centre
3433655,STR-2410-GTQPPV,246 Torrens Ave,,M4J,Single/Semi-detached House,14,Toronto-Danforth
3433656,STR-2410-HKCPPX,259 Robina Ave,,M6C,Single/Semi-detached House,12,Toronto-St. Paul's
3433657,STR-2410-HSJPPY,141 Shepton Way,,M1V,Single/Semi-detached House,22,Scarborough-Agincourt
3433658,STR-2410-FWMBPR,4 Citation Dr,Main,M2K,Single/Semi-detached House,17,Don Valley North
3433659,STR-2410-HCMBPW,188 Cumberland St,1006,M5R,Condominium,11,University-Rosedale
3433660,STR-2410-JBGBPZ,195 Moore Park Ave,,M2M,Single/Semi-detached House,18,Willowdale
3433661,STR-2410-FGQPPP,800 Richmond St W,108,M6J,Apartment,10,Spadina-Fort York
3433662,STR-2410-FPWPPQ,159 Dundas St E,3408,M5B,Condominium,13,Toronto Centre
3433663,STR-2410-FXCPPR,264 Havelock St,2,M6H,Duplex/Triplex/Fourplex,9,Davenport
3433664,STR-2410-GFJPPS,50 Ordnance St,3209,M6K,Apartment,10,Spadina-Fort York
3433665,STR-2410-GVWPPV,12 York St,1502,M5J,Apartment,10,Spadina-Fort York
3433666,STR-2410-HDCPPW,295 Adelaide St W,4307,M5V,Condominium,10,Spadina-Fort York
3433667,STR-2410-HLJPPX,12 Catherwood Crt,,M1W,Single/Semi-detached House,22,Scarborough-Agincourt
3433668,STR-2410-FHGBPP,21 Iceboat Ter,1906,M5V,Condominium,10,Spadina-Fort York
3433669,STR-2410-FQMBPQ,300 Front St W,2601,M5V,Condominium,10,Spadina-Fort York
3433670,STR-2410-FXTBPR,18 Yonge St,3511,M5E,Condominium,10,Spadina-Fort York
3433671,STR-2410-GFZBPS,21 Iceboat Ter,4708,M5V,Condominium,10,Spadina-Fort York
3433672,STR-2410-GPGBPT,300 Front St W,1209,M5V,Condominium,10,Spadina-Fort York
3433673,STR-2410-GWMBPV,30 Baseball Pl,1004,M4M,Condominium,14,Toronto-Danforth
3433674,STR-2410-HDTBPW,40 Beverley St,,M5T,Townhouse/ Row House,10,Spadina-Fort York
3433675,STR-2410-HLZBPX,115 Richmond St E,701,M5C,Condominium,13,Toronto Centre
3433676,STR-2410-HVGBPY,109 Keeler Blvd,,M1E,Apartment,24,Scarborough-Guildwood
3433677,STR-2410-GGQPPS,1401 Dupont St,618,M6H,Apartment,9,Davenport
3433678,STR-2410-GPWPPT,42 Marlbank Rd,,M1T,Single/Semi-detached House,22,Scarborough-Agincourt
3433679,STR-2410-GXCPPV,62 Brunswick Ave,3,M5S,Duplex/Triplex/Fourplex,11,University-Rosedale
3433680,STR-2410-HVWPPY,87 Olive Ave,,M6G,Single/Semi-detached House,11,University-Rosedale
3433681,STR-2410-FJMBPP,154 Bingham Ave,,M4E,Single/Semi-detached House,19,Beaches-East York
3433682,STR-2410-FYZBPR,22 Parkview Hts,,M1N,Single/Semi-detached House,20,Scarborough Southwest
3433683,STR-2410-GHGBPS,1121 Dufferin St,2,M6H,Single/Semi-detached House,9,Davenport
3433684,STR-2410-HPGBPX,300 Front St W,2310,M5V,Condominium,10,Spadina-Fort York
3433685,STR-2410-HWMBPY,23 South Woodrow Blvd,,M1N,Single/Semi-detached House,20,Scarborough Southwest
3433686,STR-2410-JDTBPZ,49 Manderley Dr,,M1N,Single/Semi-detached House,20,Scarborough Southwest
3433687,STR-2410-FZQPPR,18 Valley Stream Dr,,M1V,Townhouse/ Row House,23,Scarborough North
3433688,STR-2410-GHWPPS,38 Dan Leckie Way,1,M5V,Condominium,10,Spadina-Fort York
3433689,STR-2410-GRCPPT,135 Springhurst Ave,B,M6K,Single/Semi-detached House,4,Parkdale-High Park
3433690,STR-2410-GYJPPV,43 Thorncliffe Park Dr,307,M4H,Apartment,15,Don Valley West
3433691,STR-2410-HGQPPW,18 Maitland Ter,1210,M4Y,Condominium,13,Toronto Centre
3433692,STR-2410-HXCPPY,564 Merton St,,M4S,Single/Semi-detached House,15,Don Valley West
3433693,STR-2410-FKTBPP,90 Allingham Gdns,,M3H,Single/Semi-detached House,6,York Centre
3433694,STR-2410-FSZBPQ,2154 Dundas St W,506,M6R,Apartment,4,Parkdale-High Park
3433695,STR-2410-GJMBPS,300 Front St W,410,M5V,Condominium,10,Spadina-Fort York
3433696,STR-2410-GRTBPT,101 Peter St,603,M5V,Condominium,10,Spadina-Fort York
3433697,STR-2410-GYZBPV,163 Portland St,407,M5V,Condominium,10,Spadina-Fort York
3433698,STR-2410-HHGBPW,21 Iceboat Ter,2302,M5V,Condominium,10,Spadina-Fort York
3433699,STR-2410-HQMBPX,16 Yonge St,1413,M5E,Condominium,10,Spadina-Fort York
3433700,STR-2410-HXTBPY,35 Balmuto St,2802,M4Y,Condominium,11,University-Rosedale
3433701,STR-2410-JFZBPZ,101 Peter St,1401,M5V,Condominium,10,Spadina-Fort York
3433702,STR-2410-FLJPPP,11 Bradfield Ave,,M8Z,Single/Semi-detached House,3,Etobicoke-Lakeshore
3433703,STR-2410-GKCPPS,15 Maplewood Ave,202,M6C,Condominium,12,Toronto-St. Paul's
3433704,STR-2410-GZQPPV,21 Densmore Ave,,M9W,Single/Semi-detached House,1,Etobicoke North
3433705,STR-2410-HHWPPW,34 St Paschal Crt,,M2M,Single/Semi-detached House,18,Willowdale
3433706,STR-2410-HRCPPX,111 Caroline Ave,,M4M,Single/Semi-detached House,14,Toronto-Danforth
3433707,STR-2410-HYJPPY,7 Plymouth Ave,,M6J,Townhouse/ Row House,11,University-Rosedale
3433708,STR-2410-FDVHPP,199 Palmerston Ave,,M6J,Single/Semi-detached House,11,University-Rosedale
3433709,STR-2410-FMBHPQ,15 Baseball Pl,912,M4M,Condominium,14,Toronto-Danforth
3433710,STR-2410-FVHHPR,112 George St,534,M5A,Condominium,13,Toronto Centre
3433711,STR-2410-GCPHPS,10 Park Lawn Rd,1209,M8V,Condominium,3,Etobicoke-Lakeshore
3433712,STR-2410-GKVHPT,37 Grosvenor St,1401,M4Y,Condominium,13,Toronto Centre
3433713,STR-2410-GTBHPV,120 Homewood Ave,2908,M4Y,Condominium,13,Toronto Centre
3433714,STR-2410-HJPHPX,535A Adelaide St E,,M5A,Single/Semi-detached House,13,Toronto Centre
3433715,STR-2410-HRVHPY,356 Monarch Park Ave,,M4J,Single/Semi-detached House,14,Toronto-Danforth
3433716,STR-2410-HZBHPZ,1100 Lansdowne Ave,338,M6H,Condominium,9,Davenport
3433717,STR-2410-FFKVPP,151 Dan Leckie Way,1801,M5V,Condominium,10,Spadina-Fort York
3433718,STR-2410-FVXVPR,18 Yonge St,605,M5E,Condominium,10,Spadina-Fort York
3433719,STR-2410-GDDVPS,77 Isabella St,,M4Y,Apartment,13,Toronto Centre
3433720,STR-2410-GLKVPT,22 Brightside Dr,,M1E,Single/Semi-detached House,25,Scarborough-Rouge Park
3433721,STR-2410-GTRVPV,177 Strachan Ave,1,M6J,Single/Semi-detached House,10,Spadina-Fort York
3433722,STR-2410-HBXVPW,1 Odessa Ave,,M9C,Single/Semi-detached House,2,Etobicoke Centre
3433723,STR-2410-HKDVPX,1420 Dupont St,709,M6H,Condominium,9,Davenport
3433724,STR-2410-HSKVPY,240 Wellesley St E,1724,M4X,Apartment,13,Toronto Centre
3433725,STR-2410-FGBHPP,200 Dufferin St,PH 6,M6K,Apartment,4,Parkdale-High Park
3433726,STR-2410-FPHHPQ,123 Florence Ave,,M2N,Single/Semi-detached House,18,Willowdale
3433727,STR-2410-FWPHPR,10 Beattie Ave,1,M9W,Single/Semi-detached House,1,Etobicoke North
3433728,STR-2410-GMBHPT,19 Alma Ave,2,M6J,Duplex/Triplex/Fourplex,9,Davenport
3433729,STR-2410-GVHHPV,210 Victoria St,807,M5B,Apartment,13,Toronto Centre
3433730,STR-2410-HCPHPW,139 Port Royal Trl,,M1V,Single/Semi-detached House,23,Scarborough North
3433731,STR-2410-HKVHPX,151 Dan Leckie Way,1803,M5V,Condominium,10,Spadina-Fort York
3433732,STR-2410-HTBHPY,105 George St,1015,M5A,Condominium,13,Toronto Centre
3433733,STR-2410-FGRVPP,270 Hillsdale Ave E,,M4S,Single/Semi-detached House,12,Toronto-St. Paul's
3433734,STR-2410-GVXVPV,12 York St,1807,M5J,Condominium,10,Spadina-Fort York
3433735,STR-2410-HDDVPW,278 Conlins Rd,,M1C,Single/Semi-detached House,25,Scarborough-Rouge Park
3433736,STR-2410-HTRVPY,12 York St,3004,M5J,Condominium,10,Spadina-Fort York
3433737,STR-2410-JBXVPZ,15 Iceboat Ter,1206,M5V,Apartment,10,Spadina-Fort York
3433738,STR-2410-FHHHPP,20 Blue Jays Way,319,M5V,Condominium,10,Spadina-Fort York
3433739,STR-2410-FQPHPQ,25 Carlton St,2506,M5B,Condominium,13,Toronto Centre
3433740,STR-2410-GPHHPT,102 Northcote Ave,,M6J,Single/Semi-detached House,9,Davenport
3433741,STR-2410-GWPHPV,21 Iceboat Ter,1505,M5V,Condominium,10,Spadina-Fort York
3433742,STR-2410-HMBHPX,75 Geoffrey St,,M6R,Single/Semi-detached House,4,Parkdale-High Park
3433743,STR-2410-HVHHPY,20 Blue Jays Way,1122,M5V,Condominium,10,Spadina-Fort York
3433744,STR-2410-JCPHPZ,383 Adelaide St E,103,M5A,Condominium,13,Toronto Centre
3433745,STR-2410-FHXVPP,137 Greyabbey Trl,,M1E,Single/Semi-detached House,25,Scarborough-Rouge Park
3433746,STR-2410-GGRVPS,65 Bremner Blvd,4201,M5J,Condominium,10,Spadina-Fort York
3433747,STR-2410-GPXVPT,95 High Park Ave,302,M6P,Apartment,4,Parkdale-High Park
3433748,STR-2410-HMRVPX,12 York St,3606,M5J,Condominium,10,Spadina-Fort York
3433749,STR-2410-FJPHPP,48 Wilson Park Rd,Main,M6K,Single/Semi-detached House,4,Parkdale-High Park
3433750,STR-2410-FZBHPR,375 King St W,3406,M5V,Condominium,10,Spadina-Fort York
3433751,STR-2410-GHHHPS,311 Bay St,3901,M5H,Condominium,13,Toronto Centre
3433752,STR-2410-HGBHPW,10 Navy Wharf Crt,2707,M5V,Condominium,10,Spadina-Fort York
3433753,STR-2410-JDVHPZ,162 Banff Rd,,M4P,Single/Semi-detached House,15,Don Valley West
3433754,STR-2410-GHXVPS,18 Givins St,,M6J,Single/Semi-detached House,10,Spadina-Fort York
3433755,STR-2410-GYKVPV,532 Pape Ave,,M4K,Single/Semi-detached House,14,Toronto-Danforth
3433756,STR-2410-HPXVPX,140 Simcoe St,1010,M5H,Condominium,10,Spadina-Fort York
3433757,STR-2410-HXDVPY,307 Shaw St,,M6J,Single/Semi-detached House,11,University-Rosedale
3433758,STR-2410-JFKVPZ,251 Jarvis St,731,M5B,Condominium,13,Toronto Centre
3433759,STR-2410-FTBHPQ,35 Sharpe St,,M1N,Single/Semi-detached House,20,Scarborough Southwest
3433760,STR-2410-GBHHPR,64 Leuty Ave,,M4E,Single/Semi-detached House,19,Beaches-East York
3433761,STR-2410-GJPHPS,12 Hazel Ave,,M4E,Single/Semi-detached House,19,Beaches-East York
3433762,STR-2410-GZBHPV,9 Spadina Ave,501,M5V,Condominium,10,Spadina-Fort York
3433763,STR-2410-HHHHPW,60 Bathurst St,1001,M5V,Condominium,10,Spadina-Fort York
3433764,STR-2410-HQPHPX,270 Wellington St W,824,M5V,Condominium,10,Spadina-Fort York
3433765,STR-2410-HXVHPY,168 Simcoe St,520,M5H,Condominium,10,Spadina-Fort York
3433766,STR-2410-JGBHPZ,1613 Dundas St W,3,M6K,Apartment,9,Davenport
3433767,STR-2410-FLKVPP,148 Barker Ave,Upper,M4C,Single/Semi-detached House,19,Beaches-East York
3433768,STR-2410-FTRVPQ,46 Marowyne Dr,,M2J,Single/Semi-detached House,17,Don Valley North
3433769,STR-2410-GBXVPR,1071 Bathurst St,2,M5R,Apartment,11,University-Rosedale
3433770,STR-2410-GZRVPV,32 Beatrice St,,M6J,Semi-detached House,11,University-Rosedale
3433771,STR-2410-HHXVPW,188 Pape Ave,,M4M,Single/Semi-detached House,14,Toronto-Danforth
3433772,STR-2410-HRDVPX,80 South Kingsway,,M6S,Single/Semi-detached House,4,Parkdale-High Park
3433773,STR-2410-FMCPPQ,218 Galloway Rd,Upper,M1E,Single/Semi-detached House,24,Scarborough-Guildwood
3433774,STR-2410-FVJPPR,248 Silver Birch Ave,,M4E,Single/Semi-detached House,19,Beaches-East York
3433775,STR-2410-GCQPPS,1572 Dundas St W,Rear,M6K,Apartment,9,Davenport
3433776,STR-2410-GKWPPT,508 Wellington St W,703,M5V,Condominium,10,Spadina-Fort York
3433777,STR-2410-GTCPPV,215 Fort York Blvd,2406,M5V,Condominium,10,Spadina-Fort York
3433778,STR-2410-HBJPPW,14 Oakfield Dr,,M8Y,Single/Semi-detached House,3,Etobicoke-Lakeshore
3433779,STR-2410-HJQPPX,56 Maitland St,406,M4Y,Apartment,13,Toronto Centre
3433780,STR-2410-HRWPPY,16 Havenridge Dr,,M9P,Single/Semi-detached House,1,Etobicoke North
3433781,STR-2410-FFMBPP,131 Alcorn Ave,,M4V,Single/Semi-detached House,12,Toronto-St. Paul's
3433782,STR-2410-FMTBPQ,185 Bonis Ave,1913,M1T,Condominium,22,Scarborough-Agincourt
3433783,STR-2410-FVZBPR,1029 King St W,404,M6K,Condominium,10,Spadina-Fort York
3433784,STR-2410-GDGBPS,320 McCowan Rd,308,M1J,Condominium,20,Scarborough Southwest
3433785,STR-2410-GLMBPT,58 Crittenden Sq,,M1B,Single/Semi-detached House,23,Scarborough North
3433786,STR-2410-GTTBPV,2300 St Clair Ave W,208,M6N,Condominium,5,York South-Weston
3433787,STR-2410-HKGBPX,195 Redpath Ave,2202,M4P,Condominium,12,Toronto-St. Paul's
3433788,STR-2410-HSMBPY,156 Sheridan Ave,,M6K,Single/Semi-detached House,9,Davenport
3433789,STR-2410-HZTBPZ,37 Allangrove Cres,,M1W,Single/Semi-detached House,22,Scarborough-Agincourt
3433790,STR-2410-FPJPPQ,470 Melita Cres,3A1,M6G,Apartment,12,Toronto-St. Paul's
3433791,STR-2410-FWQPPR,473 Old Weston Rd,,M6N,Single/Semi-detached House,9,Davenport
3433792,STR-2410-GMCPPT,46 Benlight Cres,,M1H,Single/Semi-detached House,24,Scarborough-Guildwood
3433793,STR-2410-GVJPPV,231 Fort York Blvd,602,M5V,Condominium,10,Spadina-Fort York
3433794,STR-2410-HCQPPW,80 St Patrick St,617,M5T,Condominium,10,Spadina-Fort York
3433795,STR-2410-HKWPPX,47 Greenlaw Ave,,M6H,Townhouse/ Row House,9,Davenport
3433796,STR-2410-HTCPPY,38 Kendleton Dr,,M9V,Single/Semi-detached House,1,Etobicoke North
3433797,STR-2410-FGTBPP,89 Bicknell Ave,,M6M,Single/Semi-detached House,5,York South-Weston
3433798,STR-2410-GFMBPS,56 Nymark Ave,,M2J,Single/Semi-detached House,17,Don Valley North
3433799,STR-2410-GVZBPV,760 Lawrence Ave W,86,M6A,Condominium,8,Eglinton-Lawrence
3433800,STR-2410-HDGBPW,14 York St,5812,M5J,Condominium,10,Spadina-Fort York
3433801,STR-2410-HTTBPY,6 Draper St,,M5V,Townhouse/ Row House,10,Spadina-Fort York
3433802,STR-2410-FHJPPP,262 Randall Cres,,M1M,Single/Semi-detached House,20,Scarborough Southwest
3433803,STR-2410-FQQPPQ,433 Jarvis St,415,M4Y,Apartment,13,Toronto Centre
3433804,STR-2410-FXWPPR,98 Lillian St,920,M4S,Condominium,12,Toronto-St. Paul's
3433805,STR-2410-GPJPPT,1029 King St W,640,M6K,Apartment,10,Spadina-Fort York
3433806,STR-2410-GWQPPV,333 Adelaide St E,528,M5A,Condominium,13,Toronto Centre
3433807,STR-2410-HDWPPW,24 Spencer Ave,BSMT,M6K,Apartment,4,Parkdale-High Park
3433808,STR-2410-HVJPPY,357 King St W,703,M5V,Apartment,10,Spadina-Fort York
3433809,STR-2410-JCQPPZ,1 Triangle Villas Dr,,M1W,Single/Semi-detached House,22,Scarborough-Agincourt
3433810,STR-2410-FHZBPP,77 Montrose Ave,,M6J,Single/Semi-detached House,11,University-Rosedale
3433811,STR-2410-FRGBPQ,42 Henderson Ave,,M6J,Single/Semi-detached House,11,University-Rosedale
3433812,STR-2410-FYMBPR,101 Peter St,3510,M5V,Condominium,10,Spadina-Fort York
3433813,STR-2410-HMTBPX,134 Maxome Ave,,M2M,Single/Semi-detached House,18,Willowdale
3433814,STR-2410-JDGBPZ,75 The Donway w,1409,M3C,Condominium,16,Don Valley East
3433815,STR-2410-FJQPPP,4 Saddletree Dr,,M2H,Single/Semi-detached House,17,Don Valley North
3433816,STR-2410-FRWPPQ,54 Pitt Ave,,M1L,Single/Semi-detached House,20,Scarborough Southwest
3433817,STR-2410-GXWPPV,1173 Dundas St E,238,M4M,Condominium,14,Toronto-Danforth
3433818,STR-2410-HGCPPW,10 Lockington Crt,,M9M,Single/Semi-detached House,7,Humber River-Black Creek
3433819,STR-2410-HJRVPX,101 Peter St,705,M5V,Condominium,10,Spadina-Fort York
3433820,STR-2410-HWQPPY,1150 Briar Hill Ave,306,M6B,Townhouse/ Row House,8,Eglinton-Lawrence
3433821,STR-2410-JDWPPZ,803A Windermere Ave,,M6S,Single/Semi-detached House,4,Parkdale-High Park
3433822,STR-2410-FKGBPP,255 Dovercourt Rd,301,M6J,Apartment,10,Spadina-Fort York
3433823,STR-2410-FSMBPQ,231 Fort York Blvd,507,M5V,Condominium,10,Spadina-Fort York
3433824,STR-2410-FZTBPR,30 Nelson St,707,M5V,Condominium,10,Spadina-Fort York
3433825,STR-2410-GHZBPS,125 Alcorn Ave,1,M4V,Duplex/Triplex/Fourplex,12,Toronto-St. Paul's
3433826,STR-2410-GRGBPT,229 Riverdale Ave,,M4K,Single/Semi-detached House,14,Toronto-Danforth
3433827,STR-2410-GYMBPV,251 Jarvis St,5003,M5B,Condominium,13,Toronto Centre
3433828,STR-2410-HPZBPX,45 Chamberlain Ave,,M6E,Single/Semi-detached House,8,Eglinton-Lawrence
3433829,STR-2410-JFMBPZ,140 Simcoe St,419,M5H,Condominium,10,Spadina-Fort York
3433830,STR-2410-FKWPPP,121 St Patrick St,621,M5T,Condominium,10,Spadina-Fort York
3433831,STR-2410-FTCPPQ,27 Marydon Cres,,M1S,Single/Semi-detached House,23,Scarborough North
3433832,STR-2410-GRWPPT,229 Ashworth Ave,,M6G,Single/Semi-detached House,12,Toronto-St. Paul's
3433833,STR-2410-GZCPPV,380 Dixon Rd,1104,M9R,Condominium,1,Etobicoke North
3433834,STR-2410-HHJPPW,3578 Eglinton Ave W,,M6M,Single/Semi-detached House,5,York South-Weston
3433835,STR-2410-HXWPPY,107 Cowan Ave,,M6K,Single/Semi-detached House,4,Parkdale-High Park
3433836,STR-2410-FLMBPP,215 Fort York Blvd,2903,M5V,Condominium,10,Spadina-Fort York
3433837,STR-2410-FTTBPQ,955 Bay St,911,M5S,Condominium,13,Toronto Centre
3433838,STR-2410-GBZBPR,27 Phillip Ave,,M1N,Single/Semi-detached House,20,Scarborough Southwest
3433839,STR-2410-GSMBPT,100 Long Branch Ave,5,M8W,Townhouse/ Row House,3,Etobicoke-Lakeshore
3433840,STR-2410-HHZBPW,222 Wellesley St E,510,M4X,Apartment,13,Toronto Centre
3433841,STR-2410-HRGBPX,3 Michael Power Pl,2204,M9A,Condominium,3,Etobicoke-Lakeshore
3433842,STR-2410-HYMBPY,103 Boston Ave,,M4M,Townhouse/ Row House,14,Toronto-Danforth
3433843,STR-2410-FMDVPQ,13 Sorauren Ave,3,M6R,Single/Semi-detached House,4,Parkdale-High Park
3433844,STR-2410-GCRVPS,80 Western Battery Rd,1001,M6K,Condominium,10,Spadina-Fort York
3433845,STR-2410-GKXVPT,105 George St,1812,M5A,Condominium,13,Toronto Centre
3433846,STR-2410-GTDVPV,211 Berry Rd,,M8Y,Single/Semi-detached House,3,Etobicoke-Lakeshore
3433847,STR-2410-HBKVPW,27 Ettrick Cres,,M9N,Single/Semi-detached House,5,York South-Weston
3433848,STR-2410-HRXVPY,25 Oxley St,802,M5V,Condominium,10,Spadina-Fort York
3433849,STR-2410-FFPHPP,560 Front St W,216,M5V,Condominium,10,Spadina-Fort York
3433850,STR-2410-FMVHPQ,418 Dawes Rd,103,M4B,Apartment,19,Beaches-East York
3433851,STR-2410-FWBHPR,81 Falstaff Ave,,M6L,Single/Semi-detached House,5,York South-Weston
3433852,STR-2410-GLPHPT,52 Lloydminster Cres,,M2M,Single/Semi-detached House,18,Willowdale
3433853,STR-2410-GTVHPV,21 Iceboat Ter,3607,M5V,Condominium,10,Spadina-Fort York
3433854,STR-2410-HCBHPW,300 Front St W,1012,M5V,Condominium,10,Spadina-Fort York
3433855,STR-2410-HKHHPX,101 Peter St,3207,M5V,Condominium,10,Spadina-Fort York
3433856,STR-2410-HZVHPZ,38 Widmer St,2806,M5V,Condominium,10,Spadina-Fort York
3433857,STR-2410-FGDVPP,11 Brunel Crt,4302,M5V,Condominium,10,Spadina-Fort York
3433858,STR-2410-FWRVPR,50 Gladstone Ave,2,M6J,Duplex/Triplex/Fourplex,9,Davenport
3433859,STR-2410-GMDVPT,229 Newton Dr,,M2M,Single/Semi-detached House,18,Willowdale
3433860,STR-2410-HCRVPW,2301 Lake Shore Blvd W,315,M8V,Apartment,3,Etobicoke-Lakeshore
3433861,STR-2410-HKXVPX,915 King St W,104,M6K,Condominium,10,Spadina-Fort York
3433862,STR-2410-HTDVPY,219 Dundas St E,505,M5A,Condominium,13,Toronto Centre
3433863,STR-2410-FQBHPQ,39 Queens Quay E,929,M5E,Condominium,10,Spadina-Fort York
3433864,STR-2410-HTVHPY,159 Crocus Dr,,M1R,Single/Semi-detached House,21,Scarborough Centre
3433865,STR-2410-FHKVPP,199 Richmond St W,322,M5V,Condominium,10,Spadina-Fort York
3433866,STR-2410-FQRVPQ,44 Foxley St,,M6J,Single/Semi-detached House,10,Spadina-Fort York
3433867,STR-2410-FXXVPR,300 Crawford St,,M6J,Single/Semi-detached House,11,University-Rosedale
3433868,STR-2410-GGDVPS,1 Babington Crt,,M9A,Single/Semi-detached House,2,Etobicoke Centre
3433869,STR-2410-GPKVPT,274 Clinton St,B,M6G,Duplex/Triplex/Fourplex,11,University-Rosedale
3433870,STR-2410-GWRVPV,12 York St,1503,M5J,Condominium,10,Spadina-Fort York
3433871,STR-2410-HDXVPW,14 York St,4512,M5J,Condominium,10,Spadina-Fort York
3433872,STR-2410-HMDVPX,19 Grand Trunk Cres,PH2,M5J,Condominium,10,Spadina-Fort York
3433873,STR-2410-HVKVPY,21 Pirandello St,1242,M6K,Townhouse/ Row House,10,Spadina-Fort York
3433874,STR-2410-JCRVPZ,16 Cassels Ave,,M4E,Single/Semi-detached House,19,Beaches-East York
3433875,STR-2410-FJBHPP,55 Branstone Rd,,M6E,Single/Semi-detached House,9,Davenport
3433876,STR-2410-FRHHPQ,300 Front St W,3913,M5V,Apartment,10,Spadina-Fort York
3433877,STR-2410-FYPHPR,209 Fort York Blvd,1665,M5V,Condominium,10,Spadina-Fort York
3433878,STR-2410-GGVHPS,398 King St E,A,M5A,Apartment,13,Toronto Centre
3433879,STR-2410-GQBHPT,300 Front St W,4001,M5V,Apartment,10,Spadina-Fort York
3433880,STR-2410-GXHHPV,50 Bruyeres Mews,812,M5V,Condominium,10,Spadina-Fort York
3433881,STR-2410-HFPHPW,10 Capreol Crt,345,M5V,Apartment,10,Spadina-Fort York
3433882,STR-2410-HMVHPX,30 Nelson St,1908,M5V,Condominium,10,Spadina-Fort York
3433883,STR-2410-HWBHPY,105 Victoria St,1101,M5C,Condominium,13,Toronto Centre
3433884,STR-2410-FJRVPP,300 Front St W,2511,M5V,Condominium,10,Spadina-Fort York
3433885,STR-2410-FZDVPR,781 King St W,507,M5V,Condominium,10,Spadina-Fort York
3433886,STR-2410-GHKVPS,395 Bloor St E,5309,M4W,Condominium,13,Toronto Centre
3433887,STR-2410-GQRVPT,32 Trolley Cres,819,M5A,Condominium,13,Toronto Centre
3433888,STR-2410-GXXVPV,9 Windermere Ave,94,M6S,Townhouse/ Row House,4,Parkdale-High Park
3433889,STR-2410-HGDVPW,2212 Lake Shore Blvd W,1207,M8V,Condominium,3,Etobicoke-Lakeshore
3433890,STR-2410-HPKVPX,39 Niagara St,1215,M5V,Apartment,10,Spadina-Fort York
3433891,STR-2410-HWRVPY,39 Wolseley St,,M5T,Single/Semi-detached House,10,Spadina-Fort York
3433892,STR-2410-FKHHPP,847 Bloor St W,Upper,M6G,Single/Semi-detached House,11,University-Rosedale
3433893,STR-2410-FSPHPQ,253 Bogert Ave,Upper,M2N,Single/Semi-detached House,18,Willowdale
3433894,STR-2410-FZVHPR,215 Fort York Blvd,3810,M5V,Condominium,10,Spadina-Fort York
3433895,STR-2410-GJBHPS,2157 Kipling Ave,,M9W,Single/Semi-detached House,1,Etobicoke North
3433896,STR-2411-GRHHPT,21 Caroline Carpenter Grv,,M3K,Townhouse/ Row House,6,York Centre
3433897,STR-2411-GYPHPV,155 Yorkville Ave,415,M5R,Condominium,11,University-Rosedale
3433898,STR-2411-HGVHPW,99 John St,1608,M5V,Condominium,10,Spadina-Fort York
3433899,STR-2411-HQBHPX,105 Victoria St,1205,M5C,Condominium,13,Toronto Centre
3433900,STR-2411-HXHHPY,16 Brookers Lane,2406,M8V,Condominium,3,Etobicoke-Lakeshore
3433901,STR-2411-FTDVPQ,60 Carr St,7,M5T,Townhouse/ Row House,10,Spadina-Fort York
3433902,STR-2411-GJRVPS,98 Fairbank Ave,1,M6E,Single/Semi-detached House,8,Eglinton-Lawrence
3433903,STR-2411-GRXVPT,209 Fort York Blvd,964,M5V,Condominium,10,Spadina-Fort York
3433904,STR-2411-GZDVPV,450 Walmer Rd,802,M5P,Apartment,12,Toronto-St. Paul's
3433905,STR-2411-HHKVPW,6 Sonic Way,504,M3C,Condominium,16,Don Valley East
3433906,STR-2411-HQRVPX,26 Ernest Ave,21,M6P,Townhouse/ Row House,9,Davenport
3433907,STR-2411-HXXVPY,18 Yonge St,1911,M5E,Condominium,10,Spadina-Fort York
3433908,STR-2411-FLPHPP,231 Fort York Blvd,1913,M5V,Condominium,10,Spadina-Fort York
3433909,STR-2411-GCBHPR,650 Parliament St,2220,M4X,Apartment,13,Toronto Centre
3433910,STR-2411-GKHHPS,24 Abbeywood Trl,,M3B,Single/Semi-detached House,15,Don Valley West
3433911,STR-2411-GSPHPT,1 King St W,825,M5H,Condominium,13,Toronto Centre
3433912,STR-2411-GZVHPV,219 Dundas St E,PH105,M5A,Apartment,13,Toronto Centre
3433913,STR-2411-HRHHPX,355 Lansdowne Ave,3,M6H,Duplex/Triplex/Fourplex,9,Davenport
3433914,STR-2411-HYPHPY,20 Richardson St,2901,M5A,Condominium,10,Spadina-Fort York
3433915,STR-2411-JGVHPZ,135 Hay Ave,,M8Z,Single/Semi-detached House,3,Etobicoke-Lakeshore
3433916,STR-2411-FDZBPP,80 Western Battery Rd,608,M6K,Condominium,10,Spadina-Fort York
3433917,STR-2411-FVMBPR,349 1/2 Crawford St,Lower,M6J,Townhouse/ Row House,11,University-Rosedale
3433918,STR-2411-GKZBPT,224 Morningside Ave,,M1E,Single/Semi-detached House,24,Scarborough-Guildwood
3433919,STR-2411-HBMBPW,39 Derwyn Rd,,M4J,Single/Semi-detached House,14,Toronto-Danforth
3433920,STR-2411-HJTBPX,363 Sorauren Ave,304,M6R,Apartment,4,Parkdale-High Park
3433921,STR-2411-HZGBPZ,41 Shanly St,8,M6H,Condominium,9,Davenport
3433922,STR-2411-FFQPPP,62 Edgewood Ave,,M4L,Single/Semi-detached House,19,Beaches-East York
3433923,STR-2411-FMWPPQ,14 Phoebe St,,M5T,Townhouse/ Row House,10,Spadina-Fort York
3433924,STR-2411-FWCPPR,209 Fort York Blvd,779,M5V,Condominium,10,Spadina-Fort York
3433925,STR-2411-GDJPPS,159 Plewes Rd,,M3K,Single/Semi-detached House,6,York Centre
3433926,STR-2411-GLQPPT,209 Fort York Blvd,169,M5V,Condominium,10,Spadina-Fort York
3433927,STR-2411-GTWPPV,1052 Kipling Ave,,M9B,Single/Semi-detached House,2,Etobicoke Centre
3433928,STR-2411-HKJPPX,378 Shaw St,,M6J,Townhouse/ Row House,11,University-Rosedale
3433929,STR-2411-FGGBPP,103 Avenue Rd,205,M5R,Apartment,11,University-Rosedale
3433930,STR-2411-FWTBPR,1 De Boers Dr,1503,M3J,Condominium,6,York Centre
3433931,STR-2411-GDZBPS,193 Fairview Ave,,M6P,Single/Semi-detached House,4,Parkdale-High Park
3433932,STR-2411-GVMBPV,32 Brookhaven Dr,2,M6M,Single/Semi-detached House,5,York South-Weston
3433933,STR-2411-HKZBPX,110 Marine Parade Dr,404,M8V,Condominium,3,Etobicoke-Lakeshore
3433934,STR-2411-HTGBPY,1030 King St W,213,M6K,Condominium,10,Spadina-Fort York
3433935,STR-2411-JBMBPZ,866 The Queensway,200,M8Z,Apartment,3,Etobicoke-Lakeshore
3433936,STR-2411-FXJPPR,560 Front St W,521,M5V,Condominium,10,Spadina-Fort York
3433937,STR-2411-GMWPPT,18 Harbour St,3201,M5J,Condominium,10,Spadina-Fort York
3433938,STR-2411-HDJPPW,319 Jarvis St,4815,M5B,Condominium,13,Toronto Centre
3433939,STR-2411-HLQPPX,20 Blantyre Ave,,M1N,Single/Semi-detached House,20,Scarborough Southwest
3433940,STR-2411-JCCPPZ,1 Glenavon Rd,Upper,M6K,Duplex/Triplex/Fourplex,4,Parkdale-High Park
3433941,STR-2411-FQTBPQ,34 Gifford St,,M5A,Single/Semi-detached House,13,Toronto Centre
3433942,STR-2411-FXZBPR,21 Iceboat Ter,830,M5V,Condominium,10,Spadina-Fort York
3433943,STR-2411-GGGBPS,21 Grand Magazine St,809,M5V,Condominium,10,Spadina-Fort York
3433944,STR-2411-GPMBPT,24 Jessie Dr,,M3C,Townhouse/ Row House,16,Don Valley East
3433945,STR-2411-GWTBPV,204 Perth Ave,2,M6P,Single/Semi-detached House,9,Davenport
3433946,STR-2411-HDZBPW,33 Goswell Rd,,M9B,Single/Semi-detached House,2,Etobicoke Centre
3433947,STR-2411-HMGBPX,67 Pembroke St,,M5A,Single/Semi-detached House,13,Toronto Centre
3433948,STR-2411-FRJPPQ,46 Tecumseth St,2,M5V,Duplex/Triplex/Fourplex,10,Spadina-Fort York
3433949,STR-2411-GGWPPS,96 Isabella St,36,M4Y,Apartment,13,Toronto Centre
3433950,STR-2411-GQCPPT,21 Marblehead Rd,,M9R,Single/Semi-detached House,2,Etobicoke Centre
3433951,STR-2411-GXJPPV,32 Trolley Cres,1309,M5A,Condominium,13,Toronto Centre
3433952,STR-2411-HFQPPW,333 Adelaide St E,537,M5A,Condominium,13,Toronto Centre
3433953,STR-2411-JDJPPZ,230 Queens Quay W,623,M5J,Condominium,10,Spadina-Fort York
3433954,STR-2411-FJTBPP,30 Nelson St,1803,M5V,Condominium,10,Spadina-Fort York
3433955,STR-2411-FRZBPQ,112 Springhurst Ave,1A,M6K,Duplex/Triplex/Fourplex,4,Parkdale-High Park
3433956,STR-2411-GHMBPS,372 Lippincott St,1,M5S,Single/Semi-detached House,11,University-Rosedale
3433957,STR-2411-HPMBPX,5 Northtown Way,701,M2N,Condominium,18,Willowdale
3433958,STR-2411-FKJPPP,169 Rushton Rd,,M6G,Townhouse/ Row House,12,Toronto-St. Paul's
3433959,STR-2411-HGWPPW,84 Earlscourt Ave,A,M6E,Single/Semi-detached House,9,Davenport
3433960,STR-2411-HXJPPY,46 Western Battery Rd,840,M6K,Townhouse/ Row House,10,Spadina-Fort York
3433961,STR-2411-FKZBPP,266 Carlton St,,M5A,Single/Semi-detached House,13,Toronto Centre
3433962,STR-2411-GJTBPS,128 York Mills Rd,,M2L,Single/Semi-detached House,15,Don Valley West
3433963,STR-2411-HXZBPY,20 John St,918,M5V,Condominium,10,Spadina-Fort York
3433964,STR-2411-GKJPPS,401 Montrose Ave,,M6G,Single/Semi-detached House,11,University-Rosedale
3433965,STR-2411-FMHHPQ,319 Jarvis St,4715,M5B,Condominium,13,Toronto Centre
3433966,STR-2411-GLBHPT,134 Adelaide St E,302,M5C,Apartment,13,Toronto Centre
3433967,STR-2411-GTHHPV,274 Gledhill Ave,,M4C,Single/Semi-detached House,19,Beaches-East York
3433968,STR-2411-GDKVPS,151 Dan Leckie Way,1906,M5V,Apartment,10,Spadina-Fort York
3433969,STR-2411-HSRVPY,250 St Clarens Ave,1,M6H,Single/Semi-detached House,9,Davenport
3433970,STR-2411-FGHHPP,34 Saunders Ave,1,M6R,Single/Semi-detached House,4,Parkdale-High Park
3433971,STR-2411-FPPHPQ,50 Quebec Ave,1104,M6P,Condominium,4,Parkdale-High Park
3433972,STR-2411-FWVHPR,355 Lansdowne Ave,2,M6H,Duplex/Triplex/Fourplex,9,Davenport
3433973,STR-2411-GFBHPS,136 Woodbine Ave,BSMT,M4L,Townhouse/ Row House,19,Beaches-East York
3433974,STR-2411-HCVHPW,57 Westowanis Dr,,M9W,Single/Semi-detached House,1,Etobicoke North
3433975,STR-2411-GMXVPT,12 York St,1111,M5J,Condominium,10,Spadina-Fort York
3433976,STR-2411-HLRVPX,101 Ascot Ave,,M6E,Single/Semi-detached House,9,Davenport
3433977,STR-2411-FTHHPQ,215 Fort York Blvd,1906,M5V,Condominium,10,Spadina-Fort York
3433978,STR-2411-FQVHPQ,66 Moore Park Ave,,M2M,Single/Semi-detached House,18,Willowdale
3433979,STR-2411-GGHHPS,41 Plumrose Blvd,,M1E,Single/Semi-detached House,25,Scarborough-Rouge Park
3433980,STR-2411-GPPHPT,14 York St,3401,M5J,Condominium,10,Spadina-Fort York
3433981,STR-2411-HMHHPX,101 Peter St,3307,M5V,Condominium,10,Spadina-Fort York
3433982,STR-2411-HVPHPY,35 Kings Park Blvd,,M4J,Single/Semi-detached House,14,Toronto-Danforth
3433983,STR-2411-JCVHPZ,11 Brunel Crt,4305,M5V,Condominium,10,Spadina-Fort York
3433984,STR-2411-FJDVPP,25 Telegram Mews,1209,M5V,Condominium,10,Spadina-Fort York
3433985,STR-2411-FRKVPQ,38 Widmer St,1106,M5V,Condominium,10,Spadina-Fort York
3433986,STR-2411-FYRVPR,99 John St,2107,M5V,Condominium,10,Spadina-Fort York
3433987,STR-2411-GGXVPS,101 Peter St,3401,M5V,Condominium,10,Spadina-Fort York
3433988,STR-2411-HFRVPW,185 Roehampton Ave,2512,M4P,Condominium,12,Toronto-St. Paul's
3433989,STR-2411-HMXVPX,80 Western Battery Rd,409,M6K,Condominium,10,Spadina-Fort York
3433990,STR-2411-HWDVPY,2777 Kipling Ave,1802,M9V,Apartment,1,Etobicoke North
3433991,STR-2411-JDKVPZ,19 Harjolyn Dr,,M9B,Single/Semi-detached House,3,Etobicoke-Lakeshore
3433992,STR-2411-FJVHPP,25 Donora Dr,,M4B,Single/Semi-detached House,19,Beaches-East York
3433993,STR-2411-FSBHPQ,390 Queens Quay W,1604,M5V,Apartment,10,Spadina-Fort York
3433994,STR-2411-GHPHPS,210 Victoria St,1814,M5B,Condominium,13,Toronto Centre
3433995,STR-2411-GQVHPT,81 United Sq,,M1B,Single/Semi-detached House,25,Scarborough-Rouge Park
3433996,STR-2411-GYBHPV,204 Howard Park Ave,A,M6R,Duplex/Triplex/Fourplex,4,Parkdale-High Park
3433997,STR-2411-HGHHPW,300 Front St W,2111,M5V,Condominium,10,Spadina-Fort York
3433998,STR-2411-HPPHPX,1409 King St W,2,M6K,Duplex/Triplex/Fourplex,4,Parkdale-High Park
3433999,STR-2411-HWVHPY,382 Westmoreland Ave N,,M6H,Single/Semi-detached House,9,Davenport
3434000,STR-2411-JFBHPZ,495 Logan Ave,502,M4K,Condominium,14,Toronto-Danforth
3434001,STR-2411-FKKVPP,1263 College St,2,M6H,Single/Semi-detached House,9,Davenport
3434002,STR-2411-FZXVPR,501 St Clair Ave W,325,M5P,Condominium,12,Toronto-St. Paul's
3434003,STR-2411-GJDVPS,56 Provincetown Rd,,M1C,Single/Semi-detached House,25,Scarborough-Rouge Park
3434004,STR-2411-HGXVPW,1191 Pharmacy Ave,BSMT,M1R,Single/Semi-detached House,21,Scarborough Centre
3434005,STR-2411-HQDVPX,29 Scarboro Ave,,M1C,Single/Semi-detached House,25,Scarborough-Rouge Park
3434006,STR-2411-HXKVPY,20 Blue Jays Way,PH1,M5V,Apartment,10,Spadina-Fort York
3434007,STR-2411-GBPHPR,14 Westchester Rd,,M6M,Single/Semi-detached House,5,York South-Weston
3434008,STR-2411-GJVHPS,12 Parkview Hts,,M1N,Single/Semi-detached House,20,Scarborough Southwest
3434009,STR-2411-GSBHPT,30 Nelson St,2807,M5V,Condominium,10,Spadina-Fort York
3434010,STR-2411-GZHHPV,628 Fleet St,3307,M5V,Condominium,10,Spadina-Fort York
3434011,STR-2411-HHPHPW,50 Bruyeres Mews,808,M5V,Condominium,10,Spadina-Fort York
3434012,STR-2411-JGHHPZ,21 Iceboat Ter,2903,M5V,Condominium,10,Spadina-Fort York
3434013,STR-2411-FLRVPP,832 Bay St,1510,M5S,Condominium,11,University-Rosedale
3434014,STR-2411-GCDVPR,723 Bloor St W,B,M6G,Apartment,11,University-Rosedale
3434015,STR-2411-GKKVPS,151 Dan Leckie Way,536,M5V,Condominium,10,Spadina-Fort York
3434016,STR-2411-GSRVPT,44 Poplar Ave,,M9B,Single/Semi-detached House,3,Etobicoke-Lakeshore
3434017,STR-2411-GZXVPV,505 Richmond St W,922,M5V,Apartment,10,Spadina-Fort York
3434018,STR-2411-HRKVPX,99 Foxbar Rd,1610,M4V,Condominium,12,Toronto-St. Paul's
3434019,STR-2411-FMJPPQ,32 Stewart St,402,M5V,Apartment,10,Spadina-Fort York
3434020,STR-2411-FVQPPR,30 Gloucester St,2306,M4Y,Apartment,13,Toronto Centre
3434021,STR-2411-GLCPPT,48 Marchmount Rd,1,M6G,Single/Semi-detached House,12,Toronto-St. Paul's
3434022,STR-2411-HJWPPX,167 Queen's Dr,,M9N,Single/Semi-detached House,5,York South-Weston
3434023,STR-2411-HSCPPY,1049 Gerrard St E,B,M4M,Apartment,14,Toronto-Danforth
3434024,STR-2411-FFTBPP,25 Santa Barbara Rd,1,M2N,Single/Semi-detached House,18,Willowdale
3434025,STR-2411-FMZBPQ,6 Mountjoy Ave,,M4J,Single/Semi-detached House,14,Toronto-Danforth
3434026,STR-2411-FWGBPR,955 Bay St,2307,M5S,Condominium,13,Toronto Centre
3434027,STR-2411-GLTBPT,124 Booth Ave,2,M4M,Single/Semi-detached House,14,Toronto-Danforth
3434028,STR-2411-GTZBPV,327 King St W,1107,M5V,Condominium,10,Spadina-Fort York
3434029,STR-2411-HSTBPY,231 Fort York Blvd,812,M5V,Condominium,10,Spadina-Fort York
3434030,STR-2411-HZZBPZ,88 Queen St E,801,M5C,Condominium,13,Toronto Centre
3434031,STR-2411-FGJPPP,101 Erskine Ave,323,M4P,Condominium,15,Don Valley West
3434032,STR-2411-FWWPPR,21 Iceboat Ter,4015,M5V,Condominium,10,Spadina-Fort York
3434033,STR-2411-GFCPPS,11 Charlotte St,3102,M5V,Condominium,10,Spadina-Fort York
3434034,STR-2411-GMJPPT,21 Iceboat Ter,4001,M5V,Condominium,10,Spadina-Fort York
3434035,STR-2411-HLCPPX,45 Hisey Cres,1,M3N,Single/Semi-detached House,7,Humber River-Black Creek
3434036,STR-2411-FGZBPP,37 Rusholme Dr,,M6J,Single/Semi-detached House,9,Davenport
3434037,STR-2411-FQGBPQ,89 Dunfield Ave,1105,M4S,Condominium,12,Toronto-St. Paul's
3434038,STR-2411-GMZBPT,24 Minto St,,M4L,Single/Semi-detached House,14,Toronto-Danforth
3434039,STR-2411-GWGBPV,357 Rusholme Rd,303,M6H,Apartment,9,Davenport
3434040,STR-2411-HDMBPW,45 Dunfield Ave,512,M4S,Apartment,12,Toronto-St. Paul's
3434041,STR-2411-JCGBPZ,45 Lisgar St,306,M6J,Apartment,9,Davenport
3434042,STR-2411-GGJPPS,35 Verwood Ave,Upper,M3H,Single/Semi-detached House,6,York Centre
3434043,STR-2411-GPQPPT,22 John St,1502,M9N,Condominium,5,York South-Weston
3434044,STR-2411-HFCPPW,48 Jackson Pl,,M6P,Townhouse/ Row House,4,Parkdale-High Park
3434045,STR-2411-HMJPPX,12 Bonnycastle St,901,M5A,Condominium,10,Spadina-Fort York
3434046,STR-2411-HVQPPY,222 Elm St,808,M5T,Apartment,11,University-Rosedale
3434047,STR-2411-JCWPPZ,890 Sheppard Ave W,113,M3H,Condominium,6,York Centre
3434048,STR-2411-FJGBPP,71 Centre Ave,,M2M,Single/Semi-detached House,18,Willowdale
3434049,STR-2411-GGZBPS,151 Dan Leckie Way,358,M5V,Condominium,10,Spadina-Fort York
3434050,STR-2411-GQGBPT,388 Richmond St W,712,M5V,Condominium,10,Spadina-Fort York
3434051,STR-2411-GXMBPV,39 Niagara St,440,M5V,Apartment,10,Spadina-Fort York
3434052,STR-2411-HFTBPW,675 Crawford St,,M6G,Single/Semi-detached House,11,University-Rosedale
3434053,STR-2411-HWGBPY,11 Brunel Crt,2111,M5V,Condominium,10,Spadina-Fort York
3434054,STR-2411-JDMBPZ,106 Balsam Ave,,M4E,Single/Semi-detached House,19,Beaches-East York
3434055,STR-2411-FJWPPP,38 Joe Shuster Way,1903,M6K,Condominium,10,Spadina-Fort York
3434056,STR-2411-HWWPPY,121 Parkway Forest Dr,904,M2J,Apartment,17,Don Valley North
3434057,STR-2411-FSTBPQ,300 Front St W,3413,M5V,Apartment,10,Spadina-Fort York
3434058,STR-2411-GRMBPT,50 Hillsboro Ave,1104,M5R,Apartment,11,University-Rosedale
3434059,STR-2411-HQGBPX,65 Bremner Blvd,1801,M5J,Condominium,10,Spadina-Fort York
3434060,STR-2411-GBQPPR,336 Sammon Ave,,M4J,Single/Semi-detached House,14,Toronto-Danforth
3434061,STR-2411-HHQPPW,322 Guildwood Pkwy,,M1E,Single/Semi-detached House,24,Scarborough-Guildwood
3434062,STR-2411-HQWPPX,870 Dundas St W,A,M6J,Duplex/Triplex/Fourplex,11,University-Rosedale
3434063,STR-2411-HYCPPY,628 Fleet St,230,M5V,Condominium,10,Spadina-Fort York
3434064,STR-2411-FTZBPQ,215 Fort York Blvd,1511,M5V,Condominium,10,Spadina-Fort York
3434065,STR-2411-GSTBPT,25 Martha Eaton Way,2413,M6M,Apartment,5,York South-Weston
3434066,STR-2411-GZZBPV,2150 Lawrence Ave E,1709,M1R,Condominium,21,Scarborough Centre
3434067,STR-2411-HJGBPW,82 Snider Ave,,M6E,Townhouse/ Row House,8,Eglinton-Lawrence
3434068,STR-2411-HRMBPX,20 Blue Jays Way,1921,M5V,Condominium,10,Spadina-Fort York
3434069,STR-2411-JGZBPZ,921 College St,1,M6H,Apartment,9,Davenport
3434070,STR-2411-FLVLBQ,955 Bay St,1401,M5S,Condominium,13,Toronto Centre
3434071,STR-2411-GCHLBS,629 King St W,1406,M5V,Condominium,10,Spadina-Fort York
3434072,STR-2411-GKPLBT,165 Legion Rd N,1828,M8Y,Condominium,3,Etobicoke-Lakeshore
3434073,STR-2411-GSVLBV,600 Fleet St,2208,M5V,Condominium,10,Spadina-Fort York
3434074,STR-2411-HBBLBW,30 Fallowfield Rd,,M9W,Single/Semi-detached House,1,Etobicoke North
3434075,STR-2411-HJHLBX,168 Simcoe St,805,M5H,Condominium,10,Spadina-Fort York
3434076,STR-2411-FMKYBQ,210 Victoria St,2610,M5B,Condominium,13,Toronto Centre
3434077,STR-2411-GCXYBS,375 King St W,2508,M5V,Condominium,10,Spadina-Fort York
3434078,STR-2411-GLDYBT,91 Joseph Duggan Rd,,M4L,Single/Semi-detached House,19,Beaches-East York
3434079,STR-2411-HBRYBW,11 Lillian St,303,M4S,Condominium,12,Toronto-St. Paul's
3434080,STR-2411-HJXYBX,477 Richmond St W,602,M5V,Condominium,10,Spadina-Fort York
3434081,STR-2411-HSDYBY,350 Wellington St W,M12,M5V,Condominium,10,Spadina-Fort York
3434082,STR-2411-FFVLBP,34 Western Battery Rd,409,M6K,Townhouse/ Row House,10,Spadina-Fort York
3434083,STR-2411-FPBLBQ,1108 Ossington Ave,,M6G,Single/Semi-detached House,9,Davenport
3434084,STR-2411-GDPLBS,40 Delisle Ave,708,M4V,Apartment,12,Toronto-St. Paul's
3434085,STR-2411-GVBLBV,215 Queen St W,2102,M5V,Condominium,10,Spadina-Fort York
3434086,STR-2411-HCHLBW,271 Concord Ave,,M6H,Duplex/Triplex/Fourplex,9,Davenport
3434087,STR-2411-HKPLBX,18 Graydon Hall Dr,1410,M3A,Condominium,16,Don Valley East
3434088,STR-2411-HSVLBY,1 Haslett Ave,,M4L,Single/Semi-detached House,19,Beaches-East York
3434089,STR-2411-JBBLBZ,20 Gladstone Ave,414,M6J,Condominium,9,Davenport
3434090,STR-2411-FGKYBP,465 Shaw St,B,M6G,Single/Semi-detached House,11,University-Rosedale
3434091,STR-2411-FWXYBR,3 Crewe Ave,,M4C,Single/Semi-detached House,19,Beaches-East York
3434092,STR-2411-GMKYBT,62 Cordella Ave,,M6N,Single/Semi-detached House,5,York South-Weston
3434093,STR-2411-HLDYBX,300 Front St W,2904,M5V,Condominium,10,Spadina-Fort York
3434094,STR-2411-FQHLBQ,1243 Weston Rd,Main,M6M,Townhouse/ Row House,5,York South-Weston
3434095,STR-2411-FXPLBR,270 Wellington St W,421,M5V,Condominium,10,Spadina-Fort York
3434096,STR-2411-HQJSBX,18 Reigate Rd,,M9A,Single/Semi-detached House,2,Etobicoke Centre
3434097,STR-2411-GWHLBV,1547 Queen St W,,M6R,Single/Semi-detached House,4,Parkdale-High Park
3434098,STR-2411-HLVLBX,432 Heath St E,,M4G,Single/Semi-detached House,15,Don Valley West
3434099,STR-2411-JCHLBZ,5 Donofree Rd,,M6L,Single/Semi-detached House,5,York South-Weston
3434100,STR-2411-FHRYBP,79 Greenbrook Dr,,M6M,Single/Semi-detached House,5,York South-Weston
3434101,STR-2411-FYDYBR,181 Dundas St E,PH10,M5A,Condominium,13,Toronto Centre
3434102,STR-2411-GGKYBS,17 Calthorpe Ave,,M1C,Single/Semi-detached House,25,Scarborough-Rouge Park
3434103,STR-2411-GPRYBT,800 Shaw St,1,M6G,Single/Semi-detached House,11,University-Rosedale
3434104,STR-2411-GWXYBV,45 Sousa Mendes St,102,M6P,Condominium,9,Davenport
3434105,STR-2411-HFDYBW,360 Melrose St,,M8Z,Single/Semi-detached House,3,Etobicoke-Lakeshore
3434106,STR-2411-HMKYBX,209 Fort York Blvd,1059,M5V,Condominium,10,Spadina-Fort York
3434107,STR-2411-JCXYBZ,19 Hiawatha Rd,,M4L,Single/Semi-detached House,14,Toronto-Danforth
3434108,STR-2411-FJHLBP,6 Foxdale Crt,,M2K,Single/Semi-detached House,17,Don Valley North
3434109,STR-2411-GQHLBT,998 Bloor St W,2,M6H,Apartment,9,Davenport
3434110,STR-2411-HFVLBW,43 Kennedy Ave,,M6S,Single/Semi-detached House,4,Parkdale-High Park
3434111,STR-2411-HWHLBY,75 Sloping Sky Mews,2,M5V,Condominium,10,Spadina-Fort York
3434112,STR-2411-JDPLBZ,28 Linden St,603,M4Y,Condominium,13,Toronto Centre
3434113,STR-2411-FJXYBP,15 Bruyeres Mews,508,M5V,Condominium,10,Spadina-Fort York
3434114,STR-2411-FSDYBQ,11 Brunel Crt,1612,M5V,Condominium,10,Spadina-Fort York
3434115,STR-2411-FZKYBR,20 Bruyeres Mews,1607,M5V,Condominium,10,Spadina-Fort York
3434116,STR-2411-GHRYBS,173 Edmonton Dr,,M2J,Single/Semi-detached House,17,Don Valley North
3434117,STR-2411-GQXYBT,99 John St,905,M5V,Condominium,10,Spadina-Fort York
3434118,STR-2411-GYDYBV,25 Telegram Mews,810,M5V,Condominium,10,Spadina-Fort York
3434119,STR-2411-HPRYBX,4 Lindsey Ave,,M6H,Single/Semi-detached House,9,Davenport
3434120,STR-2411-FKPLBP,14 York St,3905,M5J,Condominium,10,Spadina-Fort York
3434121,STR-2411-GBBLBR,46 Borden St,,M5S,Single/Semi-detached House,11,University-Rosedale
3434122,STR-2411-GJHLBS,202 Queensdale Ave,,M4C,Single/Semi-detached House,19,Beaches-East York
3434123,STR-2411-GRPLBT,28 Minto St,,M4L,Single/Semi-detached House,14,Toronto-Danforth
3434124,STR-2411-HHBLBW,20 Blue Jays Way,820,M5V,Apartment,10,Spadina-Fort York
3434125,STR-2411-HXPLBY,473 Dupont St,6,M6G,Condominium,11,University-Rosedale
3434126,STR-2411-FLDYBP,78 Eastville Ave,,M1M,Single/Semi-detached House,20,Scarborough Southwest
3434127,STR-2411-GJXYBS,20 John St,223,M5V,Condominium,10,Spadina-Fort York
3434128,STR-2411-GSDYBT,14 York St,6004,M5J,Condominium,10,Spadina-Fort York
3434129,STR-2411-GZKYBV,6 Allegrezza Crt,,M6A,Single/Semi-detached House,8,Eglinton-Lawrence
3434130,STR-2411-HQXYBX,83 Brickworks Lane,,M6N,Townhouse/ Row House,5,York South-Weston
3434131,STR-2411-JGKYBZ,30 Hillsboro Ave,1008,M5R,Apartment,11,University-Rosedale
3434132,STR-2411-FDQSBP,1043 Gerrard St E,2,M4M,Apartment,14,Toronto-Danforth
3434133,STR-2411-FLWSBQ,42 Arnold Ave,,M5A,Single/Semi-detached House,13,Toronto Centre
3434134,STR-2411-FVCSBR,355 Lansdowne Ave,1,M6H,Duplex/Triplex/Fourplex,9,Davenport
3434135,STR-2411-GCJSBS,14 York St,2801,M5J,Condominium,10,Spadina-Fort York
3434136,STR-2411-GKQSBT,343 Manor Rd E,,M4S,Single/Semi-detached House,15,Don Valley West
3434137,STR-2411-GSWSBV,210 Kingsdale Ave,,M2N,Single/Semi-detached House,18,Willowdale
3434138,STR-2411-HBCSBW,48A St Georges Blvd,,M9R,Single/Semi-detached House,1,Etobicoke North
3434139,STR-2411-HJJSBX,11 Brunel Crt,2103,M5V,Condominium,10,Spadina-Fort York
3434140,STR-2411-HRQSBY,21 Iceboat Ter,3007,M5V,Condominium,10,Spadina-Fort York
3434141,STR-2411-HYWSBZ,25 Telegram Mews,3803,M5V,Condominium,10,Spadina-Fort York
3434142,STR-2411-FFGFBP,38 Widmer St,1806,M5V,Condominium,10,Spadina-Fort York
3434143,STR-2411-FMMFBQ,99 John St,3807,M5V,Condominium,10,Spadina-Fort York
3434144,STR-2411-FVTFBR,101 Peter St,410,M5V,Condominium,10,Spadina-Fort York
3434145,STR-2411-GCZFBS,11 Brunel Crt,3306,M5V,Condominium,10,Spadina-Fort York
3434146,STR-2411-GTMFBV,17 Eaton Park Lane,28,M1W,Townhouse/ Row House,22,Scarborough-Agincourt
3434147,STR-2411-HSGFBY,36 Lisgar St,901,M6J,Condominium,9,Davenport
3434148,STR-2411-FFWSBP,139 Victor Ave,,M4K,Single/Semi-detached House,14,Toronto-Danforth
3434149,STR-2411-FPCSBQ,300 Front St W,3508,M5V,Condominium,10,Spadina-Fort York
3434150,STR-2411-FWJSBR,145 Wolseley St,,M6J,Townhouse/ Row House,10,Spadina-Fort York
3434151,STR-2411-GDQSBS,135 Maitland St,204,M4Y,Condominium,13,Toronto Centre
3434152,STR-2411-GLWSBT,251 Jarvis St,3413,M5B,Condominium,13,Toronto Centre
3434153,STR-2411-HSWSBY,381 Front St W,810,M5V,Condominium,10,Spadina-Fort York
3434154,STR-2411-JBCSBZ,10 Willison Sq,911,M5T,Condominium,10,Spadina-Fort York
3434155,STR-2411-FGMFBP,832 Bay St,1507,M5S,Condominium,11,University-Rosedale
3434156,STR-2411-FPTFBQ,318 Richmond St W,417,M5V,Condominium,10,Spadina-Fort York
3434157,STR-2411-GFGFBS,103 West Lodge Ave,1811,M6K,Apartment,4,Parkdale-High Park
3434158,STR-2411-GMMFBT,37 Grosvenor St,2003,M4Y,Condominium,13,Toronto Centre
3434159,STR-2411-FHCSBP,55 Wyndcliff Cres,,M4A,Single/Semi-detached House,16,Don Valley East
3434160,STR-2411-FXQSBR,832 Bay St,1209,M5S,Condominium,11,University-Rosedale
3434161,STR-2411-GFWSBS,55 Bremner Blvd,2607,M5J,Condominium,10,Spadina-Fort York
3434162,STR-2411-GWJSBV,251 Jarvis St,1119,M5B,Condominium,13,Toronto Centre
3434163,STR-2411-HLWSBX,51 Patrick Blvd,,M2J,Single/Semi-detached House,17,Don Valley North
3434164,STR-2411-HVCSBY,197 Yonge St,5402,M5B,Condominium,13,Toronto Centre
3434165,STR-2411-FHTFBP,12 York St,3907,M5J,Condominium,10,Spadina-Fort York
3434166,STR-2411-FQZFBQ,300 Front St W,2202,M5V,Condominium,10,Spadina-Fort York
3434167,STR-2411-FYGFBR,24 Plaxton Dr,,M4B,Single/Semi-detached House,19,Beaches-East York
3434168,STR-2411-GGMFBS,39 Glenborough Park Cres,,M2R,Single/Semi-detached House,18,Willowdale
3434169,STR-2411-GWZFBV,60 Flamborough Dr,,M6M,Single/Semi-detached House,5,York South-Weston
3434170,STR-2411-HFGFBW,180 Mill St,S121,M5A,Townhouse/ Row House,13,Toronto Centre
3434171,STR-2411-HVTFBY,97 Steeles Ave E,,M2M,Single/Semi-detached House,18,Willowdale
3434172,STR-2411-FJJSBP,251 Jarvis St,3601,M5B,Apartment,13,Toronto Centre
3434173,STR-2411-FRQSBQ,131 Bloor St W,1014,M5S,Apartment,11,University-Rosedale
3434174,STR-2411-GHCSBS,26 Belgate Pl,,M9C,Single/Semi-detached House,2,Etobicoke Centre
3434175,STR-2411-GQJSBT,80 Kingslake Rd,,M2J,Single/Semi-detached House,17,Don Valley North
3434176,STR-2411-HPCSBX,46 Western Battery Rd,810,M6K,Condominium,10,Spadina-Fort York
3434177,STR-2411-HWJSBY,94 Garnet Ave,LNHS,M6G,Single/Semi-detached House,11,University-Rosedale
3434178,STR-2411-JDQSBZ,21 Iceboat Ter,4002,M5V,Condominium,10,Spadina-Fort York
3434179,STR-2411-FJZFBP,210 Victoria St,3303,M5B,Condominium,13,Toronto Centre
3434180,STR-2411-FSGFBQ,11 Ordnance St,319,M6K,Condominium,10,Spadina-Fort York
3434181,STR-2411-GHTFBS,21 Iceboat Ter,3103,M5V,Condominium,10,Spadina-Fort York
3434182,STR-2411-GQZFBT,50 John St,903,M5V,Apartment,10,Spadina-Fort York
3434183,STR-2411-GYGFBV,219 Fort York Blvd,702,M5V,Condominium,10,Spadina-Fort York
3434184,STR-2411-HGMFBW,40 McGill St,,M5B,Single/Semi-detached House,13,Toronto Centre
3434185,STR-2411-HWZFBY,25 Telegram Mews,1915,M5V,Condominium,10,Spadina-Fort York
3434186,STR-2411-JFGFBZ,175 Cumberland St,1503,M5R,Condominium,11,University-Rosedale
3434187,STR-2411-FKQSBP,35 Balmuto St,704,M4Y,Condominium,11,University-Rosedale
3434188,STR-2411-FSWSBQ,99 John St,2708,M5V,Condominium,10,Spadina-Fort York
3434189,STR-2411-GBCSBR,832 Bay St,3008,M5S,Condominium,11,University-Rosedale
3434190,STR-2411-GJJSBS,21 Iceboat Ter,4608,M5V,Condominium,10,Spadina-Fort York
3434191,STR-2411-GRQSBT,155 Yorkville Ave,704,M5R,Condominium,11,University-Rosedale
3434192,STR-2411-HHCSBW,39 Gentian Dr,2,M9C,Single/Semi-detached House,2,Etobicoke Centre
3434193,STR-2411-JFWSBZ,112 George St,1404,M5A,Condominium,13,Toronto Centre
3434194,STR-2411-FTMFBQ,460 Adelaide St E,1603,M5A,Condominium,13,Toronto Centre
3434195,STR-2411-HHTFBW,219 Fort York Blvd,807,M5V,Condominium,10,Spadina-Fort York
3434196,STR-2411-HQZFBX,36 Park Lawn Rd,702,M8V,Condominium,3,Etobicoke-Lakeshore
3434197,STR-2411-HYGFBY,4 Goulden Cres,,M1L,Duplex/Triplex/Fourplex,20,Scarborough Southwest
3434198,STR-2411-FLXYBQ,202 Hillcrest Ave,,M2N,Single/Semi-detached House,18,Willowdale
3434199,STR-2411-FVDYBR,1420 Dupont St,1310,M6H,Condominium,9,Davenport
3434200,STR-2411-GCKYBS,96 Jenkinson Way,,M1P,Townhouse/ Row House,21,Scarborough Centre
3434201,STR-2411-GKRYBT,54 Beacham Cres,,M1T,Single/Semi-detached House,22,Scarborough-Agincourt
3434202,STR-2411-GSXYBV,2 Augusta Ave,1503,M5V,Condominium,10,Spadina-Fort York
3434203,STR-2411-HBDYBW,89 Dunfield Ave,3205,M4S,Condominium,12,Toronto-St. Paul's
3434204,STR-2411-HRRYBY,89 Dunfield Ave,1809,M4S,Condominium,12,Toronto-St. Paul's
3434205,STR-2411-FVVLBR,14 Montye ave,Bsmt,M6S,Duplex/Triplex/Fourplex,4,Parkdale-High Park
3434206,STR-2411-GLHLBT,180 Mill St,S135,M5A,Townhouse/ Row House,13,Toronto Centre
3434207,STR-2411-HBVLBW,18 Maitland Ter,2101,M4Y,Condominium,13,Toronto Centre
3434208,STR-2411-FFXYBP,28 Wellesley St E,909,M4Y,Condominium,13,Toronto Centre
3434209,STR-2411-FWKYBR,140 Simcoe St,919,M5H,Condominium,10,Spadina-Fort York
3434210,STR-2411-GDRYBS,151 Dan Leckie Way,2308,M5V,Condominium,10,Spadina-Fort York
3434211,STR-2411-GLXYBT,21 Iceboat Ter,4011,M5V,Condominium,10,Spadina-Fort York
3434212,STR-2411-GVDYBV,2 Anndale Dr,3004,M2N,Condominium,18,Willowdale
3434213,STR-2411-HCKYBW,386 Montrose Ave,,M6G,Single/Semi-detached House,11,University-Rosedale
3434214,STR-2411-HKRYBX,77 Mutual St,3311,M5B,Condominium,13,Toronto Centre
3434215,STR-2411-FGPLBP,101 Peter St,3007,M5V,Condominium,10,Spadina-Fort York
3434216,STR-2412-GFHLBS,14 York St,6111,M5J,Condominium,10,Spadina-Fort York
3434217,STR-2412-GVVLBV,78 Glen Manor Dr,Upper,M4E,Duplex/Triplex/Fourplex,19,Beaches-East York
3434218,STR-2412-HDBLBW,100 Harbour St,6005,M5J,Condominium,10,Spadina-Fort York
3434219,STR-2412-HLHLBX,151 Dan Leckie Way,1603,M5V,Condominium,10,Spadina-Fort York
3434220,STR-2412-HTPLBY,28 Linden St,2708,M4Y,Condominium,13,Toronto Centre
3434221,STR-2412-FXRYBR,149 Silver Birch Ave,,M4E,Single/Semi-detached House,19,Beaches-East York
3434222,STR-2412-GPDYBT,20 Lisburn Cres,,M2J,Single/Semi-detached House,17,Don Valley North
3434223,STR-2412-HVDYBY,84 Glengrove Ave W,,M4R,Single/Semi-detached House,8,Eglinton-Lawrence
3434224,STR-2412-JCKYBZ,127 Broadway Ave,811,M4P,Condominium,12,Toronto-St. Paul's
3434225,STR-2412-FHVLBP,500 Doris Ave,1221,M2N,Condominium,18,Willowdale
3434226,STR-2412-FYHLBR,19 Glenaden Ave E,,M8Y,Single/Semi-detached House,3,Etobicoke-Lakeshore
3434227,STR-2412-GGPLBS,80 Berkinshaw Cres,,M3B,Single/Semi-detached House,16,Don Valley East
3434228,STR-2412-GXBLBV,55 Bremner Blvd,4005,M5J,Condominium,10,Spadina-Fort York
3434229,STR-2412-HFHLBW,101 Ivy Ave,,M4L,Single/Semi-detached House,14,Toronto-Danforth
3434230,STR-2412-HMPLBX,100 Spadina Rd,504,M5R,Apartment,11,University-Rosedale
3434231,STR-2412-HVVLBY,106 Fort York Blvd,G06,M5V,Condominium,10,Spadina-Fort York
3434232,STR-2412-JDBLBZ,5 Ashby Pl,,M5A,Townhouse/ Row House,13,Toronto Centre
3434233,STR-2412-FRRYBQ,832 Bay St,1001,M5S,Condominium,11,University-Rosedale
3434234,STR-2412-FYXYBR,600 Fleet St,1202,M5V,Condominium,10,Spadina-Fort York
3434235,STR-2412-GHDYBS,251 Jarvis St,2614,M5B,Condominium,13,Toronto Centre
3434236,STR-2412-GQKYBT,52 Holmes Ave,7,M2N,Townhouse/ Row House,18,Willowdale
3434237,STR-2412-GXRYBV,27 Portage Ave,,M9N,Single/Semi-detached House,5,York South-Weston
3434238,STR-2412-HWKYBY,30 Shore Breeze Dr,440,M8V,Condominium,3,Etobicoke-Lakeshore
3434239,STR-2412-JDRYBZ,133 Mavety St,,M6P,Single/Semi-detached House,4,Parkdale-High Park
3434240,STR-2412-FSHLBQ,300 Front St W,608,M5V,Condominium,10,Spadina-Fort York
3434241,STR-2412-GHVLBS,3 Chiswick Ave,,M6M,Single/Semi-detached House,5,York South-Weston
3434242,STR-2412-GRBLBT,890 Mount Pleasant Rd,2004,M4P,Apartment,12,Toronto-St. Paul's
3434243,STR-2412-HGPLBW,175 Cumberland St,1004,M5R,Condominium,11,University-Rosedale
3434244,STR-2412-HPVLBX,35 Balmuto St,1803,M4Y,Condominium,11,University-Rosedale
3434245,STR-2412-HXBLBY,16 Yonge St,1801,M5E,Condominium,10,Spadina-Fort York
3434246,STR-2412-JFHLBZ,600 Fleet St,2307,M5V,Condominium,10,Spadina-Fort York
3434247,STR-2412-FKRYBP,99 John St,3304,M5V,Condominium,10,Spadina-Fort York
3434248,STR-2412-FSXYBQ,11 Brunel Crt,1102,M5V,Condominium,10,Spadina-Fort York
3434249,STR-2412-GBDYBR,101 Peter St,903,M5V,Condominium,10,Spadina-Fort York
3434250,STR-2412-GRRYBT,141 Davisville Ave,1404,M4S,Apartment,12,Toronto-St. Paul's
3434251,STR-2412-HQKYBX,25 Duffield Rd,,M9P,Single/Semi-detached House,2,Etobicoke Centre
3434252,STR-2412-HXRYBY,16 Wedgeport Pl,,M2N,Single/Semi-detached House,18,Willowdale
3434253,STR-2412-JFXYBZ,38 Dan Leckie Way,608,M5V,Condominium,10,Spadina-Fort York
3434254,STR-2412-GKBLBS,117 Chipwood Cres,,M2J,Single/Semi-detached House,17,Don Valley North
3434255,STR-2412-GSHLBT,38A Craiglee Dr,,M1N,Single/Semi-detached House,20,Scarborough Southwest
3434256,STR-2412-GZPLBV,20 Blue Jays Way,501,M5V,Apartment,10,Spadina-Fort York
3434257,STR-2412-HHVLBW,46 Western Battery Rd,807,M6K,Townhouse/ Row House,10,Spadina-Fort York
3434258,STR-2412-HYHLBY,316 Churchill Ave,,M2R,Single/Semi-detached House,18,Willowdale
3434259,STR-2412-JGPLBZ,49 East Liberty St,1705,M6K,Condominium,10,Spadina-Fort York
3434260,STR-2412-GCMFBS,151 Dan Leckie Way,246,M5V,Condominium,10,Spadina-Fort York
3434261,STR-2412-HBGFBW,3 Everson Dr,220,M2N,Condominium,18,Willowdale
3434262,STR-2412-FVWSBR,180 Mill St,S116,M5A,Townhouse/ Row House,13,Toronto Centre
3434263,STR-2412-GTQSBV,185 Bethany Leigh Dr,,M1V,Single/Semi-detached House,23,Scarborough North
3434264,STR-2412-HBWSBW,67 Rushley Dr,,M1P,Single/Semi-detached House,21,Scarborough Centre
3434265,STR-2412-HKCSBX,12 Glenavon Rd,1B,M6K,Duplex/Triplex/Fourplex,4,Parkdale-High Park
3434266,STR-2412-HSJSBY,43 Cotman Cres,,M9B,Single/Semi-detached House,2,Etobicoke Centre
3434267,STR-2412-HZQSBZ,151 Dan Leckie Way,2010,M5V,Condominium,10,Spadina-Fort York
3434268,STR-2412-FPGFBQ,97 Ranee Ave,,M6A,Single/Semi-detached House,8,Eglinton-Lawrence
3434269,STR-2412-FWMFBR,34 Ashbury Ave,,M6E,Single/Semi-detached House,12,Toronto-St. Paul's
3434270,STR-2412-HKTFBX,460 Adelaide St E,822,M5A,Condominium,13,Toronto Centre
3434271,STR-2412-FXCSBR,251 Jarvis St,1804,M5B,Condominium,13,Toronto Centre
3434272,STR-2412-GFJSBS,509 Beecroft Rd,1705,M2N,Condominium,18,Willowdale
3434273,STR-2412-GMQSBT,832 Bay St,2909,M5S,Condominium,11,University-Rosedale
3434274,STR-2412-GVWSBV,479 Glengarry Ave,,M5M,Single/Semi-detached House,8,Eglinton-Lawrence
3434275,STR-2412-HDCSBW,135 Marlee Ave,1005,M6B,Apartment,8,Eglinton-Lawrence
3434276,STR-2412-JDCSBZ,1236 Gerrard St E,,M4L,Single/Semi-detached House,14,Toronto-Danforth
3434277,STR-2412-HLJSBX,88 Queen St E,915,M5C,Condominium,13,Toronto Centre
3434278,STR-2412-JBWSBZ,19 Irvington Cres,,M2N,Single/Semi-detached House,18,Willowdale
3434279,STR-2412-FHGFBP,1029 Dovercourt Rd,,M6H,Single/Semi-detached House,9,Davenport
3434280,STR-2412-FXTFBR,15 Grove Ave,Main,M6J,Single/Semi-detached House,10,Spadina-Fort York
3434281,STR-2412-GFZFBS,179 Livingstone Ave,,M6E,Single/Semi-detached House,8,Eglinton-Lawrence
3434282,STR-2412-GPGFBT,251 Jarvis St,1718,M5B,Condominium,13,Toronto Centre
3434283,STR-2412-HDTFBW,130 River St,2803,M5A,Condominium,13,Toronto Centre
3434284,STR-2412-JCMFBZ,9 Gloaming Dr,,M1E,Single/Semi-detached House,24,Scarborough-Guildwood
3434285,STR-2412-FYJSBR,732 Logan Ave,,M4K,Single/Semi-detached House,14,Toronto-Danforth
3434286,STR-2412-GPWSBT,15 Lower Jarvis St,2309,M5E,Condominium,10,Spadina-Fort York
3434287,STR-2412-HFJSBW,650 Parliament St,708,M4X,Apartment,13,Toronto Centre
3434288,STR-2412-HMQSBX,1374 Woodbine Ave,,M4C,Single/Semi-detached House,19,Beaches-East York
3434289,STR-2412-FRTFBQ,560 Front St W,1231,M5V,Condominium,10,Spadina-Fort York
3434290,STR-2412-FYZFBR,33 Wood St,1505,M4Y,Apartment,13,Toronto Centre
3434291,STR-2412-GQMFBT,300 Front St W,908,M5V,Condominium,10,Spadina-Fort York
3434292,STR-2412-GXTFBV,56 Glendale Ave,,M6R,Single/Semi-detached House,4,Parkdale-High Park
3434293,STR-2412-HFZFBW,11 Brunel Crt,1003,M5V,Condominium,10,Spadina-Fort York
3434294,STR-2412-HPGFBX,15 Bruyeres Mews,602,M5V,Condominium,10,Spadina-Fort York
3434295,STR-2412-HWMFBY,155 Yorkville Ave,2720,M5R,Condominium,11,University-Rosedale
3434296,STR-2412-JDTFBZ,61 Samba Dr,,M9M,Single/Semi-detached House,7,Humber River-Black Creek
3434297,STR-2412-FKCSBP,2300 St Clair Ave W,115,M6N,Condominium,5,York South-Weston
3434298,STR-2412-FSJSBQ,11 Niagara St,36,M5V,Townhouse/ Row House,10,Spadina-Fort York
3434299,STR-2412-FZQSBR,1284 Danforth Rd,620,M1J,Apartment,21,Scarborough Centre
3434300,STR-2412-GHWSBS,65 Bremner Blvd,1701,M5J,Condominium,10,Spadina-Fort York
3434301,STR-2412-GYJSBV,448A Midland Ave,,M1N,Single/Semi-detached House,20,Scarborough Southwest
3434302,STR-2412-HGQSBW,570 Bay St,210,M5G,Condominium,10,Spadina-Fort York
3434303,STR-2412-HPWSBX,251 Jarvis St,4909,M5B,Condominium,13,Toronto Centre
3434304,STR-2412-HXCSBY,628 Fleet St,332,M5V,Condominium,10,Spadina-Fort York
3434305,STR-2412-JFJSBZ,373 Front St W,1610,M5V,Condominium,10,Spadina-Fort York
3434306,STR-2412-FKTFBP,250 Wellington St W,635,M5V,Condominium,10,Spadina-Fort York
3434307,STR-2412-FSZFBQ,15 Bruyeres Mews,1407,M5V,Condominium,10,Spadina-Fort York
3434308,STR-2412-GBGFBR,11 Brunel Crt,2011,M5V,Condominium,10,Spadina-Fort York
3434309,STR-2412-GJMFBS,99 John St,2602,M5V,Condominium,10,Spadina-Fort York
3434310,STR-2412-GRTFBT,600 Fleet St,2102,M5V,Condominium,10,Spadina-Fort York
3434311,STR-2412-GYZFBV,300 Front St W,1004,M5V,Condominium,10,Spadina-Fort York
3434312,STR-2412-HHGFBW,20 Bruyeres Mews,1202,M5V,Condominium,10,Spadina-Fort York
3434313,STR-2412-HXTFBY,4725 Sheppard Ave E,1110,M1S,Condominium,23,Scarborough North
3434314,STR-2412-JFZFBZ,61 Squires Ave,,M4B,Single/Semi-detached House,19,Beaches-East York
3434315,STR-2412-GBWSBR,44 Charles St W,3904,M4Y,Apartment,11,University-Rosedale
3434316,STR-2412-GZQSBV,832 Bay St,2210,M5S,Condominium,11,University-Rosedale
3434317,STR-2412-HHWSBW,955 Bay St,714,M5S,Condominium,13,Toronto Centre
3434318,STR-2412-HRCSBX,36 Park Lawn Rd,3905,M8V,Apartment,3,Etobicoke-Lakeshore
3434319,STR-2412-HYJSBY,79 Seaton St,,M5A,Single/Semi-detached House,13,Toronto Centre
3434320,STR-2412-FDVLBP,313 Harbord St,1,M6G,Duplex/Triplex/Fourplex,11,University-Rosedale
3434321,STR-2412-FMBLBQ,830 Lawrence Ave W,2211,M6A,Condominium,8,Eglinton-Lawrence
3434322,STR-2412-FVHLBR,397 Front St W,2609,M5V,Condominium,10,Spadina-Fort York
3434323,STR-2412-GCPLBS,628 Fleet St,1413,M5V,Condominium,10,Spadina-Fort York
3434324,STR-2412-GKVLBT,600 Fleet St,1006,M5V,Condominium,10,Spadina-Fort York
3434325,STR-2412-GTBLBV,99 John St,1705,M5V,Condominium,10,Spadina-Fort York
3434326,STR-2412-HJPLBX,20 Bruyeres Mews,518,M5V,Condominium,10,Spadina-Fort York
3434327,STR-2412-HRVLBY,300 Front St W,1411,M5V,Condominium,10,Spadina-Fort York
3434328,STR-2412-HZBLBZ,9 Gladsmore Cres,,M9W,Single/Semi-detached House,1,Etobicoke North
3434329,STR-2412-FFKYBP,18 Yonge St,1214,M5E,Condominium,10,Spadina-Fort York
3434330,STR-2412-FMRYBQ,300 Front St W,2811,M5V,Condominium,10,Spadina-Fort York
3434331,STR-2412-FVXYBR,99 John St,2007,M5V,Condominium,10,Spadina-Fort York
3434332,STR-2412-GDDYBS,15 Bruyeres Mews,1206,M5V,Condominium,10,Spadina-Fort York
3434333,STR-2412-GLKYBT,628 Fleet St,803,M5V,Condominium,10,Spadina-Fort York
3434334,STR-2412-HBXYBW,4K Spadina Ave,1903,M5V,Condominium,10,Spadina-Fort York
3434335,STR-2412-HKDYBX,11 Brunel Crt,2811,M5V,Condominium,10,Spadina-Fort York
3434336,STR-2412-HSKYBY,381 Front St W,1609,M5V,Condominium,10,Spadina-Fort York
3434337,STR-2412-FWPLBR,24 Noble St,510,M6K,Condominium,4,Parkdale-High Park
3434338,STR-2412-GMBLBT,231 Fort York Blvd,1019,M5V,Condominium,10,Spadina-Fort York
3434339,STR-2412-HCPLBW,140 Simcoe St,1622,M5H,Condominium,10,Spadina-Fort York
3434340,STR-2412-HTBLBY,955 Bay St,321,M5S,Condominium,13,Toronto Centre
3434341,STR-2412-JBHLBZ,180 Mill St,S119,M5A,Townhouse/ Row House,13,Toronto Centre
3434342,STR-2412-FGRYBP,18 Harbour St,2209,M5J,Condominium,10,Spadina-Fort York
3434343,STR-2412-FPXYBQ,270 Davenport Rd,7,M5R,Townhouse/ Row House,11,University-Rosedale
3434344,STR-2412-FXDYBR,54 Poulett St,,M5A,Townhouse/ Row House,13,Toronto Centre
3434345,STR-2412-GFKYBS,30 Grand Trunk Cres,2705,M5J,Condominium,10,Spadina-Fort York
3434346,STR-2412-GMRYBT,77 Pine Crest Rd,,M6P,Single/Semi-detached House,4,Parkdale-High Park
3434347,STR-2412-GVXYBV,1758 Queen St E,,M4L,Single/Semi-detached House,19,Beaches-East York
3434348,STR-2412-HDDYBW,99 John St,804,M5V,Condominium,10,Spadina-Fort York
3434349,STR-2412-HTRYBY,2464 Weston Rd,704,M9N,Apartment,5,York South-Weston
3434350,STR-2412-JBXYBZ,30 Gibbs Rd,2810,M9B,Condominium,2,Etobicoke Centre
3434351,STR-2412-FQPLBQ,47 Marina Ave,2,M8W,Apartment,3,Etobicoke-Lakeshore
3434352,STR-2412-FXVLBR,28 Curlew Dr,52,M3A,Townhouse/ Row House,16,Don Valley East
3434353,STR-2412-GGBLBS,327 King St W,2102,M5V,Condominium,10,Spadina-Fort York
3434354,STR-2412-HMBLBX,101 Peter St,2108,M5V,Condominium,10,Spadina-Fort York
3434355,STR-2412-FHXYBP,300 Front St W,1813,M5V,Condominium,10,Spadina-Fort York
3434356,STR-2412-FRDYBQ,955 Bay St,3116,M5S,Condominium,13,Toronto Centre
3434357,STR-2412-FYKYBR,151 Dan Leckie Way,835,M5V,Condominium,10,Spadina-Fort York
3434358,STR-2412-GGRYBS,955 Bay St,1610,M5S,Condominium,13,Toronto Centre
3434359,STR-2412-GPXYBT,258 Rusholme Rd,,M6H,Single/Semi-detached House,9,Davenport
3434360,STR-2412-GXDYBV,955 Bay St,821,M5S,Condominium,13,Toronto Centre
3434361,STR-2412-JDDYBZ,154 Vauxhall Dr,,M1P,Single/Semi-detached House,21,Scarborough Centre
3434362,STR-2412-FZBLBR,14 York St,1402,M5J,Condominium,10,Spadina-Fort York
3434363,STR-2412-GQPLBT,1 Shaw St,1123,M6K,Condominium,10,Spadina-Fort York
3434364,STR-2412-GXVLBV,771 Windermere Ave,,M6S,Single/Semi-detached House,4,Parkdale-High Park
3434365,STR-2412-HGBLBW,151 Dan Leckie Way,346,M5V,Condominium,10,Spadina-Fort York
3434366,STR-2412-HPHLBX,169 Geoffrey St,,M6R,Single/Semi-detached House,4,Parkdale-High Park
3434367,STR-2412-HWPLBY,210 Victoria St,2303,M5B,Condominium,13,Toronto Centre
3434368,STR-2412-JDVLBZ,373 Front St W,703,M5V,Condominium,10,Spadina-Fort York
3434369,STR-2412-FKDYBP,12 York St,1206,M5J,Condominium,10,Spadina-Fort York
3434370,STR-2412-FSKYBQ,397 Front St W,1101,M5V,Condominium,10,Spadina-Fort York
3434371,STR-2412-GHXYBS,101 Peter St,2503,M5V,Condominium,10,Spadina-Fort York
3434372,STR-2412-GRDYBT,270 Wellington St W,904,M5V,Condominium,10,Spadina-Fort York
3434373,STR-2412-GYKYBV,628 Fleet St,604,M5V,Condominium,10,Spadina-Fort York
3434374,STR-2412-HGRYBW,200 Victoria St,1105,M5B,Condominium,13,Toronto Centre
3434375,STR-2412-HPXYBX,50 Bruyeres Mews,1210,M5V,Condominium,10,Spadina-Fort York
3434376,STR-2412-HXDYBY,361 Front St W,3010,M5V,Condominium,10,Spadina-Fort York
3434377,STR-2412-FKVLBP,250 Wellington St W,1040,M5V,Condominium,10,Spadina-Fort York
3434378,STR-2412-FTBLBQ,126 Simcoe St,1009,M5H,Condominium,10,Spadina-Fort York
3434379,STR-2412-GZBLBV,85 Bloor St E,PH 5,M4W,Condominium,11,University-Rosedale
3434380,STR-2412-HHHLBW,109 Virginia Ave,,M4C,Single/Semi-detached House,19,Beaches-East York
3434381,STR-2412-JGBLBZ,30 Nelson St,3702,M5V,Condominium,10,Spadina-Fort York
3434382,STR-2412-FTRYBQ,15 Iceboat Ter,638,M5V,Condominium,10,Spadina-Fort York
3434383,STR-2412-GBXYBR,399 Oakwood Ave,,M6E,Single/Semi-detached House,12,Toronto-St. Paul's
3434384,STR-2412-GKDYBS,887 Bay St,1006,M5S,Condominium,13,Toronto Centre
3434385,STR-2412-GZRYBV,397 Front St W,909,M5V,Condominium,10,Spadina-Fort York
3434386,STR-2412-HHXYBW,16 Yonge St,3611,M5E,Condominium,10,Spadina-Fort York
3434387,STR-2412-HRDYBX,50 Bruyeres Mews,602,M5V,Condominium,10,Spadina-Fort York
3434388,STR-2412-JGRYBZ,300 Front St W,1003,M5V,Condominium,10,Spadina-Fort York
3434389,STR-2412-FDWSBP,16 Cambridge Ave,,M4K,Single/Semi-detached House,14,Toronto-Danforth
3434390,STR-2412-GCQSBS,364 Rathburn Rd,,M9B,Single/Semi-detached House,2,Etobicoke Centre
3434391,STR-2412-GKWSBT,18 Walsh Ave,,M9M,Single/Semi-detached House,7,Humber River-Black Creek
3434392,STR-2412-GTCSBV,100 Graydon Hall Dr,402,M3A,Apartment,16,Don Valley East
3434393,STR-2412-HRWSBY,140 Simcoe St,217,M5H,Condominium,10,Spadina-Fort York
3434394,STR-2412-HZCSBZ,38 Widmer St,4709,M5V,Condominium,10,Spadina-Fort York
3434395,STR-2412-FFMFBP,21 Iceboat Ter,232,M5V,Condominium,10,Spadina-Fort York
3434396,STR-2412-FMTFBQ,168 Simcoe St,1102,M5H,Condominium,10,Spadina-Fort York
3434397,STR-2412-FVZFBR,600 Fleet St,805,M5V,Condominium,10,Spadina-Fort York
3434398,STR-2412-GDGFBS,101 Peter St,610,M5V,Condominium,10,Spadina-Fort York
3434399,STR-2412-GLMFBT,373 Front St W,2701,M5V,Condominium,10,Spadina-Fort York
3434400,STR-2412-GTTFBV,63 Cameron St,2,M5T,Duplex/Triplex/Fourplex,10,Spadina-Fort York
3434401,STR-2412-HBZFBW,153 Wolseley St,,M6J,Townhouse/ Row House,10,Spadina-Fort York
3434402,STR-2412-HKGFBX,251 Jarvis St,1607,M5B,Condominium,13,Toronto Centre
3434403,STR-2412-HSMFBY,5 Windy Ridge Dr,,M1M,Single/Semi-detached House,20,Scarborough Southwest
3434404,STR-2412-FGCSBP,32 Alpaca Dr,,M1J,Single/Semi-detached House,24,Scarborough-Guildwood
3434405,STR-2412-FPJSBQ,50 Bruyeres Mews,1003,M5V,Condominium,10,Spadina-Fort York
3434406,STR-2412-FWQSBR,99 John St,1301,M5V,Condominium,10,Spadina-Fort York
3434407,STR-2412-GDWSBS,250 Wellington St W,1540,M5V,Condominium,10,Spadina-Fort York
3434408,STR-2412-GMCSBT,373 Front St W,510,M5V,Condominium,10,Spadina-Fort York
3434409,STR-2412-GVJSBV,4K Spadina Ave,1120,M5V,Condominium,10,Spadina-Fort York
3434410,STR-2412-HCQSBW,555 Wilson Ave,E1010,M3H,Condominium,6,York Centre
3434411,STR-2412-HKWSBX,220 Victoria St,1110,M5B,Condominium,13,Toronto Centre
3434412,STR-2412-HTCSBY,101 Peter St,3306,M5V,Condominium,10,Spadina-Fort York
3434413,STR-2412-JBJSBZ,101 Peter St,1809,M5V,Condominium,10,Spadina-Fort York
